{
  "model": "Qwen/Qwen2.5-7B-Instruct",
  "max_context": 32768,
  "seed": 42,
  "n_options": 5,
  "cases_completed": 30,
  "correct": 7,
  "accuracy": 0.23333333333333334,
  "hedging_rate": 1.0,
  "mean_entropy": 0.30415799928675263,
  "mean_logprob": -0.13344916961107306,
  "accuracy_by_context_bin": {
    "0%-20%": {
      "count": 7,
      "correct": 3,
      "accuracy": 0.42857142857142855,
      "mean_entropy": 0.5075762546480653,
      "hedging_rate": 1.0
    },
    "20%-40%": {
      "count": 6,
      "correct": 0,
      "accuracy": 0.0,
      "mean_entropy": 0.35742501144429123,
      "hedging_rate": 1.0
    },
    "40%-60%": {
      "count": 7,
      "correct": 1,
      "accuracy": 0.14285714285714285,
      "mean_entropy": 0.23215096453792686,
      "hedging_rate": 1.0
    },
    "60%-80%": {
      "count": 6,
      "correct": 2,
      "accuracy": 0.3333333333333333,
      "mean_entropy": 0.20612531551444033,
      "hedging_rate": 1.0
    },
    "80%-100%": {
      "count": 4,
      "correct": 1,
      "accuracy": 0.25,
      "mean_entropy": 0.1413368706370614,
      "hedging_rate": 1.0
    }
  }
}