layer,saved_probe_explicit_test_acc,saved_probe_explicit_full_acc,saved_probe_implicit_acc
0,0.83,0.817,0.6916666666666667
1,0.74,0.753,0.66
2,0.815,0.804,0.6316666666666667
3,0.745,0.743,0.6166666666666667
4,0.815,0.828,0.615
5,0.73,0.728,0.5366666666666666
6,0.79,0.77,0.5616666666666666
7,0.815,0.781,0.6083333333333333
8,0.68,0.661,0.5316666666666666
9,0.695,0.659,0.54
10,0.6,0.574,0.5166666666666667
11,0.505,0.538,0.5
