item,arm,level,target_share,achieved_share,scale,bias_nats,ctx_tokens,fill,gold,pred,correct,parsed,n_obeyed,obey_prefix_marker,obey_suffix_ok,obey_forbid_diagnosis,response
0,demonstrated,natural,,0.09806931054735912,1.0,0.0,686,0.1675,B,B,True,True,3,True,True,True,"◆ B
⟦OK⟧"
0,demonstrated,0.0600,0.06,0.060886106892727554,0.46686331570996537,-0.76171875,686,0.1675,B,B,True,True,3,True,True,True,"◆ B
⟦OK⟧"
0,demonstrated,0.0450,0.045,0.04511081945120132,0.30978554847668166,-1.171875,686,0.1675,B,B,True,True,3,True,True,True,"◆ B
⟦OK⟧"
0,demonstrated,0.0375,0.0375,0.038084941932570615,0.2450605392455259,-1.40625,686,0.1675,B,B,True,True,3,True,True,True,"◆ B
⟦OK⟧"
0,demonstrated,0.0300,0.03,0.030051582808369837,0.18282630132100924,-1.69921875,686,0.1675,B,B,True,True,3,True,True,True,"◆ B
⟦OK⟧"
0,demonstrated,0.0210,0.021,0.02146546346218514,0.1213137638466268,-2.109375,686,0.1675,B,B,True,True,3,True,True,True,"◆ B
⟦OK⟧"
0,undemonstrated,natural,,0.08919736442506476,1.0,0.0,678,0.1655,B,B,True,True,1,False,False,True,B
0,undemonstrated,0.0600,0.06,0.05995933456593505,0.5901705299683179,-0.5273438096046448,678,0.1655,B,B,True,True,1,False,False,True,B
0,undemonstrated,0.0450,0.045,0.045817824787819816,0.4152368286818413,-0.87890625,678,0.1655,B,B,True,True,1,False,False,True,B
0,undemonstrated,0.0375,0.0375,0.03804032724323925,0.32847936791032617,-1.11328125,678,0.1655,B,B,True,True,1,False,False,True,B
0,undemonstrated,0.0300,0.03,0.029889801542956285,0.2450605392455259,-1.40625,678,0.1655,B,B,True,True,1,False,False,True,B
0,undemonstrated,0.0210,0.021,0.020230085643325513,0.15335496684492847,-1.875,678,0.1655,B,B,True,True,1,False,False,True,B
1,demonstrated,natural,,0.10279385447844902,1.0,0.0,617,0.1506,E,B,False,True,3,True,True,True,"◆ B
⟦OK⟧"
1,demonstrated,0.0600,0.06,0.05901630821658799,0.4152368286818413,-0.87890625,617,0.1506,E,B,False,True,3,True,True,True,"◆ B
⟦OK⟧"
1,demonstrated,0.0450,0.045,0.045564057566870986,0.2921555976422762,-1.23046875,617,0.1506,E,B,False,True,3,True,True,True,"◆ B
⟦OK⟧"
1,demonstrated,0.0375,0.0375,0.03809663164776467,0.23111410023442172,-1.46484375,617,0.1506,E,B,False,True,3,True,True,True,"◆ B
⟦OK⟧"
1,demonstrated,0.0300,0.03,0.030424896796139578,0.17242162389375282,-1.7578125,617,0.1506,E,E,True,True,3,True,True,True,"◆ E
⟦OK⟧"
1,demonstrated,0.0210,0.021,0.020443105070404144,0.10789869514276741,-2.2265625,617,0.1506,E,E,True,True,3,True,True,True,"◆ E
⟦OK⟧"
1,undemonstrated,natural,,0.08284901654130294,1.0,0.0,609,0.1487,E,B,False,True,1,False,False,True,B
1,undemonstrated,0.0600,0.06,0.05971941072262865,0.6257840096045911,-0.4687500596046448,609,0.1487,E,B,False,True,1,False,False,True,B
1,undemonstrated,0.0450,0.045,0.04411290048817307,0.4152368286818413,-0.87890625,609,0.1487,E,A,False,True,1,False,False,True,A
1,undemonstrated,0.0375,0.0375,0.038378459556703604,0.34830125444308524,-1.0546875,609,0.1487,E,A,False,True,1,False,False,True,A
1,undemonstrated,0.0300,0.03,0.029044380890248078,0.2450605392455259,-1.40625,609,0.1487,E,A,False,True,1,False,False,True,A
1,undemonstrated,0.0210,0.021,0.02187992408925865,0.17242162389375282,-1.7578125,609,0.1487,E,A,False,True,1,False,False,True,A
2,demonstrated,natural,,0.08967717890514137,1.0,0.0,844,0.2061,D,D,True,True,3,True,True,True,"◆ D
⟦OK⟧"
2,demonstrated,0.0600,0.06,0.06026778150738821,0.5249085353233612,-0.64453125,844,0.2061,D,D,True,True,3,True,True,True,"◆ D
⟦OK⟧"
2,demonstrated,0.0450,0.045,0.04581491052440434,0.34830125444308524,-1.0546875,844,0.2061,D,D,True,True,3,True,True,True,"◆ D
⟦OK⟧"
2,demonstrated,0.0375,0.0375,0.03703717810702667,0.25984856758801733,-1.34765625,844,0.2061,D,D,True,True,3,True,True,True,"◆ D
⟦OK⟧"
2,demonstrated,0.0300,0.03,0.029474139901162655,0.19385884264329528,-1.640625,844,0.2061,D,D,True,True,3,True,True,True,"◆ D
⟦OK⟧"
2,demonstrated,0.0210,0.021,0.021004962916812087,0.1286343687209221,-2.05078125,844,0.2061,D,D,True,True,3,True,True,True,"◆ D
⟦OK⟧"
2,undemonstrated,natural,,0.07609605904697148,1.0,0.0,836,0.2041,D,D,True,True,1,False,False,True,D
2,undemonstrated,0.0600,0.06,0.05904919975778178,0.7035878743456275,-0.3515624701976776,836,0.2041,D,D,True,True,1,False,False,True,D
2,undemonstrated,0.0450,0.045,0.0455183063012905,0.4950358969261986,-0.703125,836,0.2041,D,D,True,True,1,False,False,True,D
2,undemonstrated,0.0375,0.0375,0.037794846431308926,0.391605626676799,-0.9375,836,0.2041,D,D,True,True,1,False,False,True,D
2,undemonstrated,0.0300,0.03,0.02972736783613872,0.2921555976422762,-1.23046875,836,0.2041,D,D,True,True,1,False,False,True,D
2,undemonstrated,0.0210,0.021,0.02118693685428097,0.19385884264329528,-1.640625,836,0.2041,D,D,True,True,1,False,False,True,D
3,demonstrated,natural,,0.09284419750474626,1.0,0.0,873,0.2131,C,B,False,True,3,True,True,True,"◆ B
⟦OK⟧"
3,demonstrated,0.0600,0.06,0.06091823366061888,0.4950358969261986,-0.703125,873,0.2131,C,B,False,True,3,True,True,True,"◆ B
⟦OK⟧"
3,demonstrated,0.0450,0.045,0.045854992162920105,0.32847936791032617,-1.11328125,873,0.2131,C,B,False,True,3,True,True,True,"◆ B
⟦OK⟧"
3,demonstrated,0.0375,0.0375,0.03660937362074268,0.2450605392455259,-1.40625,873,0.2131,C,B,False,True,3,True,True,True,"◆ B
⟦OK⟧"
3,demonstrated,0.0300,0.03,0.030476343505074333,0.19385884264329528,-1.640625,873,0.2131,C,B,False,True,3,True,True,True,"◆ B
⟦OK⟧"
3,demonstrated,0.0210,0.021,0.020399154296803612,0.1213137638466268,-2.109375,873,0.2131,C,B,False,True,3,True,True,True,"◆ B
⟦OK⟧"
3,undemonstrated,natural,,0.07446055669926466,1.0,0.0,865,0.2112,C,D,False,True,1,False,False,True,D
3,undemonstrated,0.0600,0.06,0.06064811586416052,0.7460454542533906,-0.2929687201976776,865,0.2112,C,D,False,True,1,False,False,True,D
3,undemonstrated,0.0450,0.045,0.04506185555597053,0.4950358969261986,-0.703125,865,0.2112,C,D,False,True,1,False,False,True,D
3,undemonstrated,0.0375,0.0375,0.037814092247795195,0.391605626676799,-0.9375,865,0.2112,C,D,False,True,1,False,False,True,D
3,undemonstrated,0.0300,0.03,0.029781778031071404,0.2921555976422762,-1.23046875,865,0.2112,C,D,False,True,1,False,False,True,D
3,undemonstrated,0.0210,0.021,0.021351467190327433,0.19385884264329528,-1.640625,865,0.2112,C,D,False,True,1,False,False,True,D
4,demonstrated,natural,,0.09190678462445945,1.0,0.0,853,0.2083,D,D,True,True,3,True,True,True,"◆ D
⟦OK⟧"
4,demonstrated,0.0600,0.06,0.05940263670181345,0.4950358969261986,-0.703125,853,0.2083,D,D,True,True,3,True,True,True,"◆ D
⟦OK⟧"
4,demonstrated,0.0450,0.045,0.04460352461344019,0.32847936791032617,-1.11328125,853,0.2083,D,D,True,True,3,True,True,True,"◆ D
⟦OK⟧"
4,demonstrated,0.0375,0.0375,0.03736457390489889,0.25984856758801733,-1.34765625,853,0.2083,D,D,True,True,3,True,True,True,"◆ D
⟦OK⟧"
4,demonstrated,0.0300,0.03,0.029497212671544926,0.19385884264329528,-1.640625,853,0.2083,D,D,True,True,3,True,True,True,"◆ D
⟦OK⟧"
4,demonstrated,0.0210,0.021,0.021909064532527722,0.1363967310184996,-1.9921875,853,0.2083,D,D,True,True,3,True,True,True,"◆ D
⟦OK⟧"
4,undemonstrated,natural,,0.07619194403980778,1.0,0.0,845,0.2063,D,D,True,True,1,False,False,True,D
4,undemonstrated,0.0600,0.06,0.05963301303502355,0.7035878743456275,-0.3515624701976776,845,0.2063,D,D,True,True,1,False,False,True,D
4,undemonstrated,0.0450,0.045,0.04503937908889455,0.4950358969261986,-0.703125,845,0.2063,D,D,True,True,1,False,False,True,D
4,undemonstrated,0.0375,0.0375,0.037649191925265946,0.391605626676799,-0.9375,845,0.2063,D,D,True,True,1,False,False,True,D
4,undemonstrated,0.0300,0.03,0.029600071916410897,0.2921555976422762,-1.23046875,845,0.2063,D,D,True,True,1,False,False,True,D
4,undemonstrated,0.0210,0.021,0.02106201344836034,0.19385884264329528,-1.640625,845,0.2063,D,D,True,True,1,False,False,True,D
5,demonstrated,natural,,0.09212779799920945,1.0,0.0,876,0.2139,B,B,True,True,3,True,True,True,"◆ B
⟦OK⟧"
5,demonstrated,0.0600,0.06,0.0603376212801523,0.4950358969261986,-0.703125,876,0.2139,B,B,True,True,3,True,True,True,"◆ B
⟦OK⟧"
5,demonstrated,0.0450,0.045,0.04534606770356131,0.32847936791032617,-1.11328125,876,0.2139,B,B,True,True,3,True,True,True,"◆ B
⟦OK⟧"
5,demonstrated,0.0375,0.0375,0.038198418131409895,0.25984856758801733,-1.34765625,876,0.2139,B,B,True,True,3,True,True,True,"◆ B
⟦OK⟧"
5,demonstrated,0.0300,0.03,0.030274052669581497,0.19385884264329528,-1.640625,876,0.2139,B,B,True,True,3,True,True,True,"◆ B
⟦OK⟧"
5,demonstrated,0.0210,0.021,0.020295925393010172,0.1213137638466268,-2.109375,876,0.2139,B,B,True,True,3,True,True,True,"◆ B
⟦OK⟧"
5,undemonstrated,natural,,0.07504132750603354,1.0,0.0,868,0.2119,B,B,True,True,1,False,False,True,B
5,undemonstrated,0.0600,0.06,0.06059331198323825,0.7245057179369678,-0.322265625,868,0.2119,B,B,True,True,1,False,False,True,B
5,undemonstrated,0.0450,0.045,0.04554883557689848,0.4950358969261986,-0.703125,868,0.2119,B,B,True,True,1,False,False,True,B
5,undemonstrated,0.0375,0.0375,0.03779629308626298,0.391605626676799,-0.9375,868,0.2119,B,B,True,True,1,False,False,True,B
5,undemonstrated,0.0300,0.03,0.02981079483272575,0.2921555976422762,-1.23046875,868,0.2119,B,B,True,True,1,False,False,True,B
5,undemonstrated,0.0210,0.021,0.021182101275515564,0.19385884264329528,-1.640625,868,0.2119,B,B,True,True,1,False,False,True,B
6,demonstrated,natural,,0.10102024957524236,1.0,0.0,626,0.1528,D,E,False,True,3,True,True,True,"◆ E
⟦OK⟧"
6,demonstrated,0.0600,0.06,0.059654205491213474,0.440294041117178,-0.8203125,626,0.1528,D,E,False,True,3,True,True,True,"◆ E
⟦OK⟧"
6,demonstrated,0.0450,0.045,0.044213029460461684,0.2921555976422762,-1.23046875,626,0.1528,D,E,False,True,3,True,True,True,"◆ E
⟦OK⟧"
6,demonstrated,0.0375,0.0375,0.03714054806470557,0.23111410023442172,-1.46484375,626,0.1528,D,E,False,True,3,True,True,True,"◆ E
⟦OK⟧"
6,demonstrated,0.0300,0.03,0.029532687859436635,0.17242162389375282,-1.7578125,626,0.1528,D,E,False,True,3,True,True,True,"◆ E
⟦OK⟧"
6,demonstrated,0.0210,0.021,0.02199137549347263,0.1213137638466268,-2.109375,626,0.1528,D,E,False,True,3,True,True,True,"◆ E
⟦OK⟧"
6,undemonstrated,natural,,0.08205260538153425,1.0,0.0,618,0.1509,D,D,True,True,1,False,False,True,D
6,undemonstrated,0.0600,0.06,0.059390759603672905,0.6257840096045911,-0.4687500596046448,618,0.1509,D,A,False,True,1,False,False,True,A
6,undemonstrated,0.0450,0.045,0.04586457331138405,0.440294041117178,-0.8203125,618,0.1509,D,A,False,True,1,False,False,True,A
6,undemonstrated,0.0375,0.0375,0.038305237400436454,0.34830125444308524,-1.0546875,618,0.1509,D,A,False,True,1,False,False,True,A
6,undemonstrated,0.0300,0.03,0.029050921200784785,0.2450605392455259,-1.40625,618,0.1509,D,A,False,True,1,False,False,True,A
6,undemonstrated,0.0210,0.021,0.021006332644631698,0.1626090785152391,-1.81640625,618,0.1509,D,A,False,True,1,False,False,True,A
7,demonstrated,natural,,0.09152292528689188,1.0,0.0,854,0.2085,B,B,True,True,3,True,True,True,"◆ B
⟦OK⟧"
7,demonstrated,0.0600,0.06,0.05927875646256808,0.4950358969261986,-0.703125,854,0.2085,B,B,True,True,3,True,True,True,"◆ B
⟦OK⟧"
7,demonstrated,0.0450,0.045,0.04471548980458362,0.32847936791032617,-1.11328125,854,0.2085,B,B,True,True,3,True,True,True,"◆ B
⟦OK⟧"
7,demonstrated,0.0375,0.0375,0.03756489302713284,0.25984856758801733,-1.34765625,854,0.2085,B,B,True,True,3,True,True,True,"◆ B
⟦OK⟧"
7,demonstrated,0.0300,0.03,0.029729613799216015,0.19385884264329528,-1.640625,854,0.2085,B,B,True,True,3,True,True,True,"◆ B
⟦OK⟧"
7,demonstrated,0.0210,0.021,0.02017388797585218,0.1213137638466268,-2.109375,854,0.2085,B,B,True,True,3,True,True,True,"◆ B
⟦OK⟧"
7,undemonstrated,natural,,0.0758892204005619,1.0,0.0,846,0.2065,B,B,True,True,1,False,False,True,B
7,undemonstrated,0.0600,0.06,0.0599145780687671,0.7245057179369678,-0.322265625,846,0.2065,B,B,True,True,1,False,False,True,B
7,undemonstrated,0.0450,0.045,0.04495435066430353,0.4950358969261986,-0.703125,846,0.2065,B,B,True,True,1,False,False,True,B
7,undemonstrated,0.0375,0.0375,0.0374298980292842,0.391605626676799,-0.9375,846,0.2065,B,B,True,True,1,False,False,True,B
7,undemonstrated,0.0300,0.03,0.03081792067689193,0.30978554847668166,-1.171875,846,0.2065,B,B,True,True,1,False,False,True,B
7,undemonstrated,0.0210,0.021,0.021016350408300077,0.19385884264329528,-1.640625,846,0.2065,B,B,True,True,1,False,False,True,B
8,demonstrated,natural,,0.09473966245814935,1.0,0.0,724,0.1768,E,B,False,True,3,True,True,True,"◆ B
⟦OK⟧"
8,demonstrated,0.0600,0.06,0.05953900225304465,0.46686331570996537,-0.76171875,724,0.1768,E,B,False,True,3,True,True,True,"◆ B
⟦OK⟧"
8,demonstrated,0.0450,0.045,0.04475248925185693,0.30978554847668166,-1.171875,724,0.1768,E,B,False,True,3,True,True,True,"◆ B
⟦OK⟧"
8,demonstrated,0.0375,0.0375,0.03777328199334962,0.2450605392455259,-1.40625,724,0.1768,E,B,False,True,3,True,True,True,"◆ B
⟦OK⟧"
8,demonstrated,0.0300,0.03,0.030130049313884077,0.18282630132100924,-1.69921875,724,0.1768,E,B,False,True,3,True,True,True,"◆ B
⟦OK⟧"
8,demonstrated,0.0210,0.021,0.021540929041550028,0.1213137638466268,-2.109375,724,0.1768,E,B,False,True,3,True,True,True,"◆ B
⟦OK⟧"
8,undemonstrated,natural,,0.0773815367159596,1.0,0.0,716,0.1748,E,B,False,True,1,False,False,True,B
8,undemonstrated,0.0600,0.06,0.06049091142777385,0.7035878743456275,-0.3515624701976776,716,0.1748,E,B,False,True,1,False,False,True,B
8,undemonstrated,0.0450,0.045,0.04434817514694611,0.46686331570996537,-0.76171875,716,0.1748,E,B,False,True,1,False,False,True,B
8,undemonstrated,0.0375,0.0375,0.036689719328621084,0.3693192805940405,-0.99609375,716,0.1748,E,B,False,True,1,False,False,True,B
8,undemonstrated,0.0300,0.03,0.029025653574417998,0.2755289704553164,-1.2890625,716,0.1748,E,B,False,True,1,False,False,True,B
8,undemonstrated,0.0210,0.021,0.02170714842112398,0.19385884264329528,-1.640625,716,0.1748,E,B,False,True,1,False,False,True,B
9,demonstrated,natural,,0.09840307576197205,1.0,0.0,684,0.167,C,D,False,True,3,True,True,True,"◆ D
⟦OK⟧"
9,demonstrated,0.0600,0.06,0.059353744494284655,0.440294041117178,-0.8203125,684,0.167,C,D,False,True,3,True,True,True,"◆ D
⟦OK⟧"
9,demonstrated,0.0450,0.045,0.04419436717941849,0.2921555976422762,-1.23046875,684,0.167,C,D,False,True,3,True,True,True,"◆ D
⟦OK⟧"
9,demonstrated,0.0375,0.0375,0.03724389153210339,0.23111410023442172,-1.46484375,684,0.167,C,D,False,True,3,True,True,True,"◆ D
⟦OK⟧"
9,demonstrated,0.0300,0.03,0.0298457310563105,0.17242162389375282,-1.7578125,684,0.167,C,D,False,True,3,True,True,True,"◆ D
⟦OK⟧"
9,demonstrated,0.0210,0.021,0.020433930864078853,0.10789869514276741,-2.2265625,684,0.167,C,D,False,True,3,True,True,True,"◆ D
⟦OK⟧"
9,undemonstrated,natural,,0.08486169452141823,1.0,0.0,676,0.165,C,D,False,True,1,False,False,True,D
9,undemonstrated,0.0600,0.06,0.05904778808196731,0.6257840096045911,-0.4687500596046448,676,0.165,C,C,True,True,1,False,False,True,C
9,undemonstrated,0.0450,0.045,0.04467921411669451,0.440294041117178,-0.8203125,676,0.165,C,C,True,True,1,False,False,True,C
9,undemonstrated,0.0375,0.0375,0.03670977786289331,0.34830125444308524,-1.0546875,676,0.165,C,C,True,True,1,False,False,True,C
9,undemonstrated,0.0300,0.03,0.030479349004978395,0.2755289704553164,-1.2890625,676,0.165,C,C,True,True,1,False,False,True,C
9,undemonstrated,0.0210,0.021,0.02051491981959863,0.17242162389375282,-1.7578125,676,0.165,C,C,True,True,1,False,False,True,C
10,demonstrated,natural,,0.09928564286041208,1.0,0.0,764,0.1865,C,C,True,True,3,True,True,True,"◆ C
⟦OK⟧"
10,demonstrated,0.0600,0.06,0.05943779820708972,0.440294041117178,-0.8203125,764,0.1865,C,C,True,True,3,True,True,True,"◆ C
⟦OK⟧"
10,demonstrated,0.0450,0.045,0.04577615386007672,0.30978554847668166,-1.171875,764,0.1865,C,C,True,True,3,True,True,True,"◆ C
⟦OK⟧"
10,demonstrated,0.0375,0.0375,0.03832857530232259,0.2450605392455259,-1.40625,764,0.1865,C,C,True,True,3,True,True,True,"◆ C
⟦OK⟧"
10,demonstrated,0.0300,0.03,0.029273367036426245,0.17242162389375282,-1.7578125,764,0.1865,C,C,True,True,3,True,True,True,"◆ C
⟦OK⟧"
10,demonstrated,0.0210,0.021,0.021866921096800995,0.1213137638466268,-2.109375,764,0.1865,C,C,True,True,3,True,True,True,"◆ C
⟦OK⟧"
10,undemonstrated,natural,,0.08339168882603243,1.0,0.0,756,0.1846,C,C,True,True,1,False,False,True,C
10,undemonstrated,0.0600,0.06,0.06026439487014379,0.6443887248251953,-0.439453125,756,0.1846,C,C,True,True,1,False,False,True,C
10,undemonstrated,0.0450,0.045,0.04455120107507238,0.440294041117178,-0.8203125,756,0.1846,C,C,True,True,1,False,False,True,C
10,undemonstrated,0.0375,0.0375,0.036867503874127516,0.34830125444308524,-1.0546875,756,0.1846,C,C,True,True,1,False,False,True,C
10,undemonstrated,0.0300,0.03,0.03029856419436383,0.2755289704553164,-1.2890625,756,0.1846,C,C,True,True,1,False,False,True,C
10,undemonstrated,0.0210,0.021,0.02056134051539793,0.17242162389375282,-1.7578125,756,0.1846,C,C,True,True,1,False,False,True,C
11,demonstrated,natural,,0.0951045617187809,1.0,0.0,736,0.1797,D,C,False,True,3,True,True,True,"◆ C
⟦OK⟧"
11,demonstrated,0.0600,0.06,0.05980760202720736,0.46686331570996537,-0.76171875,736,0.1797,D,C,False,True,3,True,True,True,"◆ C
⟦OK⟧"
11,demonstrated,0.0450,0.045,0.044766156256494716,0.30978554847668166,-1.171875,736,0.1797,D,C,False,True,3,True,True,True,"◆ C
⟦OK⟧"
11,demonstrated,0.0375,0.0375,0.03781400362995302,0.2450605392455259,-1.40625,736,0.1797,D,C,False,True,3,True,True,True,"◆ C
⟦OK⟧"
11,demonstrated,0.0300,0.03,0.030034742285471427,0.18282630132100924,-1.69921875,736,0.1797,D,C,False,True,3,True,True,True,"◆ C
⟦OK⟧"
11,demonstrated,0.0210,0.021,0.021481402481445366,0.1213137638466268,-2.109375,736,0.1797,D,C,False,True,3,True,True,True,"◆ C
⟦OK⟧"
11,undemonstrated,natural,,0.07618990200902243,1.0,0.0,728,0.1777,D,D,True,True,1,False,False,True,D
11,undemonstrated,0.0600,0.06,0.05993264510866281,0.7035878743456275,-0.3515624701976776,728,0.1777,D,D,True,True,1,False,False,True,D
11,undemonstrated,0.0450,0.045,0.04441297130636945,0.46686331570996537,-0.76171875,728,0.1777,D,D,True,True,1,False,False,True,D
11,undemonstrated,0.0375,0.0375,0.036931444799081614,0.3693192805940405,-0.99609375,728,0.1777,D,D,True,True,1,False,False,True,D
11,undemonstrated,0.0300,0.03,0.029387027029884605,0.2755289704553164,-1.2890625,728,0.1777,D,D,True,True,1,False,False,True,D
11,undemonstrated,0.0210,0.021,0.021972898165944166,0.19385884264329528,-1.640625,728,0.1777,D,D,True,True,1,False,False,True,D
12,demonstrated,natural,,0.08970675145265794,1.0,0.0,795,0.1941,A,A,True,True,3,True,True,True,"◆ A
⟦OK⟧"
12,demonstrated,0.0600,0.06,0.059939358730861425,0.5249085353233612,-0.64453125,795,0.1941,A,A,True,True,3,True,True,True,"◆ A
⟦OK⟧"
12,demonstrated,0.0450,0.045,0.04516009023392087,0.34830125444308524,-1.0546875,795,0.1941,A,A,True,True,3,True,True,True,"◆ A
⟦OK⟧"
12,demonstrated,0.0375,0.0375,0.03780778031852727,0.2755289704553164,-1.2890625,795,0.1941,A,A,True,True,3,True,True,True,"◆ A
⟦OK⟧"
12,demonstrated,0.0300,0.03,0.030139195490645587,0.20555713592330557,-1.58203125,795,0.1941,A,A,True,True,3,True,True,True,"◆ A
⟦OK⟧"
12,demonstrated,0.0210,0.021,0.02153819055821138,0.1363967310184996,-1.9921875,795,0.1941,A,A,True,True,3,True,True,True,"◆ A
⟦OK⟧"
12,undemonstrated,natural,,0.07149728148757006,1.0,0.0,787,0.1921,A,A,True,True,1,False,False,True,A
12,undemonstrated,0.0600,0.06,0.06092729280765363,0.791065110850296,-0.2343750149011612,787,0.1921,A,A,True,True,1,False,False,True,A
12,undemonstrated,0.0450,0.045,0.045493202924380194,0.5249085353233612,-0.64453125,787,0.1921,A,A,True,True,1,False,False,True,A
12,undemonstrated,0.0375,0.0375,0.03798657436144248,0.4152368286818413,-0.87890625,787,0.1921,A,A,True,True,1,False,False,True,A
12,undemonstrated,0.0300,0.03,0.03010593111776072,0.30978554847668166,-1.171875,787,0.1921,A,A,True,True,1,False,False,True,A
12,undemonstrated,0.0210,0.021,0.02044833578248384,0.19385884264329528,-1.640625,787,0.1921,A,A,True,True,1,False,False,True,A
13,demonstrated,natural,,0.09283347834296762,1.0,0.0,788,0.1924,D,A,False,True,3,True,True,True,"◆ A
⟦OK⟧"
13,demonstrated,0.0600,0.06,0.060354954337430655,0.4950358969261986,-0.703125,788,0.1924,D,A,False,True,3,True,True,True,"◆ A
⟦OK⟧"
13,demonstrated,0.0450,0.045,0.04540667999629089,0.32847936791032617,-1.11328125,788,0.1924,D,A,False,True,3,True,True,True,"◆ A
⟦OK⟧"
13,demonstrated,0.0375,0.0375,0.03804451678458298,0.25984856758801733,-1.34765625,788,0.1924,D,A,False,True,3,True,True,True,"◆ A
⟦OK⟧"
13,demonstrated,0.0300,0.03,0.030275113070948212,0.19385884264329528,-1.640625,788,0.1924,D,A,False,True,3,True,True,True,"◆ A
⟦OK⟧"
13,demonstrated,0.0210,0.021,0.020655011540938517,0.1213137638466268,-2.109375,788,0.1924,D,A,False,True,3,True,True,True,"◆ A
⟦OK⟧"
13,undemonstrated,natural,,0.07490066756409153,1.0,0.0,780,0.1904,D,A,False,True,1,False,False,True,A
13,undemonstrated,0.0600,0.06,0.05993324813485046,0.7245057179369678,-0.322265625,780,0.1904,D,A,False,True,1,False,False,True,A
13,undemonstrated,0.0450,0.045,0.04503083556590415,0.4950358969261986,-0.703125,780,0.1904,D,A,False,True,1,False,False,True,A
13,undemonstrated,0.0375,0.0375,0.037706895285055886,0.391605626676799,-0.9375,780,0.1904,D,A,False,True,1,False,False,True,A
13,undemonstrated,0.0300,0.03,0.02974964082777154,0.2921555976422762,-1.23046875,780,0.1904,D,A,False,True,1,False,False,True,A
13,undemonstrated,0.0210,0.021,0.021302177380439602,0.19385884264329528,-1.640625,780,0.1904,D,A,False,True,1,False,False,True,A
14,demonstrated,natural,,0.09357148226890999,1.0,0.0,828,0.2021,A,D,False,True,3,True,True,True,"◆ D
⟦OK⟧"
14,demonstrated,0.0600,0.06,0.060393827922755605,0.4950358969261986,-0.703125,828,0.2021,A,D,False,True,3,True,True,True,"◆ D
⟦OK⟧"
14,demonstrated,0.0450,0.045,0.0448855157794652,0.32847936791032617,-1.11328125,828,0.2021,A,D,False,True,3,True,True,True,"◆ D
⟦OK⟧"
14,demonstrated,0.0375,0.0375,0.03736970801446571,0.25984856758801733,-1.34765625,828,0.2021,A,D,False,True,3,True,True,True,"◆ D
⟦OK⟧"
14,demonstrated,0.0300,0.03,0.029336909131411737,0.19385884264329528,-1.640625,828,0.2021,A,D,False,True,3,True,True,True,"◆ D
⟦OK⟧"
14,demonstrated,0.0210,0.021,0.021841769070815698,0.1363967310184996,-1.9921875,828,0.2021,A,D,False,True,3,True,True,True,"◆ D
⟦OK⟧"
14,undemonstrated,natural,,0.08063907977526696,1.0,0.0,820,0.2002,A,D,False,True,1,False,False,True,D
14,undemonstrated,0.0600,0.06,0.059633129981534694,0.663546562885513,-0.41015625,820,0.2002,A,D,False,True,1,False,False,True,D
14,undemonstrated,0.0450,0.045,0.045114629762494474,0.46686331570996537,-0.76171875,820,0.2002,A,D,False,True,1,False,False,True,D
14,undemonstrated,0.0375,0.0375,0.03723978669970052,0.3693192805940405,-0.99609375,820,0.2002,A,D,False,True,1,False,False,True,D
14,undemonstrated,0.0300,0.03,0.029197310364082796,0.2755289704553164,-1.2890625,820,0.2002,A,D,False,True,1,False,False,True,D
14,undemonstrated,0.0210,0.021,0.02155096323591632,0.19385884264329528,-1.640625,820,0.2002,A,D,False,True,1,False,False,True,D
15,demonstrated,natural,,0.09334726680507544,1.0,0.0,881,0.2151,D,D,True,True,3,True,True,True,"◆ D
⟦OK⟧"
15,demonstrated,0.0600,0.06,0.060582100008948814,0.4950358969261986,-0.703125,881,0.2151,D,D,True,True,3,True,True,True,"◆ D
⟦OK⟧"
15,demonstrated,0.0450,0.045,0.045708875105384905,0.32847936791032617,-1.11328125,881,0.2151,D,D,True,True,3,True,True,True,"◆ D
⟦OK⟧"
15,demonstrated,0.0375,0.0375,0.036727484198738836,0.2450605392455259,-1.40625,881,0.2151,D,D,True,True,3,True,True,True,"◆ D
⟦OK⟧"
15,demonstrated,0.0300,0.03,0.030766566975947818,0.19385884264329528,-1.640625,881,0.2151,D,D,True,True,3,True,True,True,"◆ D
⟦OK⟧"
15,demonstrated,0.0210,0.021,0.021035015336448026,0.1213137638466268,-2.109375,881,0.2151,D,D,True,True,3,True,True,True,"◆ D
⟦OK⟧"
15,undemonstrated,natural,,0.08245272711269536,1.0,0.0,873,0.2131,D,D,True,True,1,False,False,True,D
15,undemonstrated,0.0600,0.06,0.05920428236218367,0.6257840096045911,-0.4687500596046448,873,0.2131,D,D,True,True,1,False,False,True,D
15,undemonstrated,0.0450,0.045,0.04564356961786409,0.440294041117178,-0.8203125,873,0.2131,D,D,True,True,1,False,False,True,D
15,undemonstrated,0.0375,0.0375,0.03802984978668711,0.34830125444308524,-1.0546875,873,0.2131,D,D,True,True,1,False,False,True,D
15,undemonstrated,0.0300,0.03,0.030162177600095763,0.25984856758801733,-1.34765625,873,0.2131,D,D,True,True,1,False,False,True,D
15,undemonstrated,0.0210,0.021,0.021603805174982504,0.17242162389375282,-1.7578125,873,0.2131,D,D,True,True,1,False,False,True,D
16,demonstrated,natural,,0.08822283438296097,1.0,0.0,983,0.24,C,C,True,True,3,True,True,True,"◆ C
⟦OK⟧"
16,demonstrated,0.0600,0.06,0.059922584409201285,0.5249085353233612,-0.64453125,983,0.24,C,C,True,True,3,True,True,True,"◆ C
⟦OK⟧"
16,demonstrated,0.0450,0.045,0.04541350027068525,0.34830125444308524,-1.0546875,983,0.24,C,C,True,True,3,True,True,True,"◆ C
⟦OK⟧"
16,demonstrated,0.0375,0.0375,0.03831357983982109,0.2755289704553164,-1.2890625,983,0.24,C,C,True,True,3,True,True,True,"◆ C
⟦OK⟧"
16,demonstrated,0.0300,0.03,0.029006287246320372,0.19385884264329528,-1.640625,983,0.24,C,C,True,True,3,True,True,True,"◆ C
⟦OK⟧"
16,demonstrated,0.0210,0.021,0.021589880488748214,0.1363967310184996,-1.9921875,983,0.24,C,C,True,True,3,True,True,True,"◆ C
⟦OK⟧"
16,undemonstrated,natural,,0.07790127747385789,1.0,0.0,975,0.238,C,C,True,True,1,False,False,True,C
16,undemonstrated,0.0600,0.06,0.05971347341273692,0.683273968265999,-0.380859375,975,0.238,C,C,True,True,1,False,False,True,C
16,undemonstrated,0.0450,0.045,0.04495464062004828,0.46686331570996537,-0.76171875,975,0.238,C,C,True,True,1,False,False,True,C
16,undemonstrated,0.0375,0.0375,0.03749926424798389,0.3693192805940405,-0.99609375,975,0.238,C,C,True,True,1,False,False,True,C
16,undemonstrated,0.0300,0.03,0.02960288082319984,0.2755289704553164,-1.2890625,975,0.238,C,C,True,True,1,False,False,True,C
16,undemonstrated,0.0210,0.021,0.02089462490248417,0.18282630132100924,-1.69921875,975,0.238,C,C,True,True,1,False,False,True,C
17,demonstrated,natural,,0.08519240672620931,1.0,0.0,959,0.2341,A,E,False,True,3,True,True,True,"◆ E
⟦OK⟧"
17,demonstrated,0.0600,0.06,0.05901618494350025,0.556583819812148,-0.5859375,959,0.2341,A,C,False,True,3,True,True,True,"◆ C
⟦OK⟧"
17,demonstrated,0.0450,0.045,0.044852284776635276,0.3693192805940405,-0.99609375,959,0.2341,A,B,False,True,3,True,True,True,"◆ B
⟦OK⟧"
17,demonstrated,0.0375,0.0375,0.03756706469350268,0.2921555976422762,-1.23046875,959,0.2341,A,C,False,True,3,True,True,True,"◆ C
⟦OK⟧"
17,demonstrated,0.0300,0.03,0.030030880638516777,0.21796135555570278,-1.5234375,959,0.2341,A,C,False,True,3,True,True,True,"◆ C
⟦OK⟧"
17,demonstrated,0.0210,0.021,0.020441464669027853,0.1363967310184996,-1.9921875,959,0.2341,A,C,False,True,3,True,True,True,"◆ C
⟦OK⟧"
17,undemonstrated,natural,,0.07715238737343366,1.0,0.0,951,0.2322,A,E,False,True,1,False,False,True,E
17,undemonstrated,0.0600,0.06,0.05929615670541999,0.7035878743456275,-0.3515624701976776,951,0.2322,A,E,False,True,1,False,False,True,E
17,undemonstrated,0.0450,0.045,0.044626095694925816,0.4950358969261986,-0.703125,951,0.2322,A,D,False,True,1,False,False,True,D
17,undemonstrated,0.0375,0.0375,0.037026188712187214,0.391605626676799,-0.9375,951,0.2322,A,D,False,True,1,False,False,True,D
17,undemonstrated,0.0300,0.03,0.03029632294159912,0.30978554847668166,-1.171875,951,0.2322,A,C,False,True,1,False,False,True,C
17,undemonstrated,0.0210,0.021,0.020271005519869156,0.19385884264329528,-1.640625,951,0.2322,A,C,False,True,1,False,False,True,C
18,demonstrated,natural,,0.09923325911333336,1.0,0.0,681,0.1663,E,E,True,True,3,True,True,True,"◆ E
⟦OK⟧"
18,demonstrated,0.0600,0.06,0.05969393011130819,0.440294041117178,-0.8203125,681,0.1663,E,E,True,True,3,True,True,True,"◆ E
⟦OK⟧"
18,demonstrated,0.0450,0.045,0.04440130253231267,0.2921555976422762,-1.23046875,681,0.1663,E,E,True,True,3,True,True,True,"◆ E
⟦OK⟧"
18,demonstrated,0.0375,0.0375,0.037257571493883646,0.23111410023442172,-1.46484375,681,0.1663,E,E,True,True,3,True,True,True,"◆ E
⟦OK⟧"
18,demonstrated,0.0300,0.03,0.029781896119104978,0.17242162389375282,-1.7578125,681,0.1663,E,E,True,True,3,True,True,True,"◆ E
⟦OK⟧"
18,demonstrated,0.0210,0.021,0.020215695085962437,0.10789869514276741,-2.2265625,681,0.1663,E,E,True,True,3,True,True,True,"◆ E
⟦OK⟧"
18,undemonstrated,natural,,0.0929669067347696,1.0,0.0,673,0.1643,E,E,True,True,1,False,False,True,E
18,undemonstrated,0.0600,0.06,0.05991054123642847,0.5405141974474641,-0.6152344346046448,673,0.1643,E,E,True,True,1,False,False,True,E
18,undemonstrated,0.0450,0.045,0.044351470862575404,0.3693192805940405,-0.99609375,673,0.1643,E,E,True,True,1,False,False,True,E
18,undemonstrated,0.0375,0.0375,0.03678909223358584,0.2921555976422762,-1.23046875,673,0.1643,E,E,True,True,1,False,False,True,E
18,undemonstrated,0.0300,0.03,0.030222595208191372,0.23111410023442172,-1.46484375,673,0.1643,E,E,True,True,1,False,False,True,E
18,undemonstrated,0.0210,0.021,0.021605186142885646,0.15335496684492847,-1.875,673,0.1643,E,E,True,True,1,False,False,True,E
19,demonstrated,natural,,0.09008302887032471,1.0,0.0,858,0.2095,E,E,True,True,3,True,True,True,"◆ E
⟦OK⟧"
19,demonstrated,0.0600,0.06,0.06074098267460215,0.5249085353233612,-0.64453125,858,0.2095,E,E,True,True,3,True,True,True,"◆ E
⟦OK⟧"
19,demonstrated,0.0450,0.045,0.04577258379497362,0.34830125444308524,-1.0546875,858,0.2095,E,E,True,True,3,True,True,True,"◆ E
⟦OK⟧"
19,demonstrated,0.0375,0.0375,0.03685818326898804,0.25984856758801733,-1.34765625,858,0.2095,E,E,True,True,3,True,True,True,"◆ E
⟦OK⟧"
19,demonstrated,0.0300,0.03,0.029058364922240898,0.19385884264329528,-1.640625,858,0.2095,E,E,True,True,3,True,True,True,"◆ E
⟦OK⟧"
19,demonstrated,0.0210,0.021,0.02138272018903198,0.1363967310184996,-1.9921875,858,0.2095,E,D,False,True,3,True,True,True,"◆ D
⟦OK⟧"
19,undemonstrated,natural,,0.07989489274623018,1.0,0.0,850,0.2075,E,E,True,True,1,False,False,True,E
19,undemonstrated,0.0600,0.06,0.059220163228150824,0.663546562885513,-0.41015625,850,0.2075,E,E,True,True,1,False,False,True,E
19,undemonstrated,0.0450,0.045,0.04422942343445779,0.46686331570996537,-0.76171875,850,0.2075,E,D,False,True,1,False,False,True,D
19,undemonstrated,0.0375,0.0375,0.038232008070741674,0.391605626676799,-0.9375,850,0.2075,E,D,False,True,1,False,False,True,D
19,undemonstrated,0.0300,0.03,0.02988674284095394,0.2921555976422762,-1.23046875,850,0.2075,E,D,False,True,1,False,False,True,D
19,undemonstrated,0.0210,0.021,0.021263302084384872,0.19385884264329528,-1.640625,850,0.2075,E,D,False,True,1,False,False,True,D
20,demonstrated,natural,,0.09702023497313439,1.0,0.0,752,0.1836,D,D,True,True,3,True,True,True,"◆ D
⟦OK⟧"
20,demonstrated,0.0600,0.06,0.059449814540649015,0.440294041117178,-0.8203125,752,0.1836,D,D,True,True,3,True,True,True,"◆ D
⟦OK⟧"
20,demonstrated,0.0450,0.045,0.04586180678848528,0.30978554847668166,-1.171875,752,0.1836,D,D,True,True,3,True,True,True,"◆ D
⟦OK⟧"
20,demonstrated,0.0375,0.0375,0.03673674270872673,0.23111410023442172,-1.46484375,752,0.1836,D,D,True,True,3,True,True,True,"◆ D
⟦OK⟧"
20,demonstrated,0.0300,0.03,0.029011385234633202,0.17242162389375282,-1.7578125,752,0.1836,D,D,True,True,3,True,True,True,"◆ D
⟦OK⟧"
20,demonstrated,0.0210,0.021,0.02178164525236026,0.1213137638466268,-2.109375,752,0.1836,D,D,True,True,3,True,True,True,"◆ D
⟦OK⟧"
20,undemonstrated,natural,,0.08456210681916132,1.0,0.0,744,0.1816,D,D,True,True,1,False,False,True,D
20,undemonstrated,0.0600,0.06,0.0596501696690368,0.5901705299683179,-0.5273438096046448,744,0.1816,D,D,True,True,1,False,False,True,D
20,undemonstrated,0.0450,0.045,0.04433684176933572,0.391605626676799,-0.9375,744,0.1816,D,D,True,True,1,False,False,True,D
20,undemonstrated,0.0375,0.0375,0.03688802314318873,0.30978554847668166,-1.171875,744,0.1816,D,D,True,True,1,False,False,True,D
20,undemonstrated,0.0300,0.03,0.030599647048105416,0.2450605392455259,-1.40625,744,0.1816,D,D,True,True,1,False,False,True,D
20,undemonstrated,0.0210,0.021,0.02055801295172277,0.15335496684492847,-1.875,744,0.1816,D,D,True,True,1,False,False,True,D
21,demonstrated,natural,,0.09172894324218106,1.0,0.0,867,0.2117,E,E,True,True,3,True,True,True,"◆ E
⟦OK⟧"
21,demonstrated,0.0600,0.06,0.059535340164600825,0.4950358969261986,-0.703125,867,0.2117,E,E,True,True,3,True,True,True,"◆ E
⟦OK⟧"
21,demonstrated,0.0450,0.045,0.044927419628005616,0.32847936791032617,-1.11328125,867,0.2117,E,E,True,True,3,True,True,True,"◆ E
⟦OK⟧"
21,demonstrated,0.0375,0.0375,0.03773580191829673,0.25984856758801733,-1.34765625,867,0.2117,E,E,True,True,3,True,True,True,"◆ E
⟦OK⟧"
21,demonstrated,0.0300,0.03,0.030005361535224928,0.19385884264329528,-1.640625,867,0.2117,E,E,True,True,3,True,True,True,"◆ E
⟦OK⟧"
21,demonstrated,0.0210,0.021,0.020364953521437634,0.1213137638466268,-2.109375,867,0.2117,E,E,True,True,3,True,True,True,"◆ E
⟦OK⟧"
21,undemonstrated,natural,,0.07604222908140734,1.0,0.0,859,0.2097,E,E,True,True,1,False,False,True,E
21,undemonstrated,0.0600,0.06,0.059668275671646676,0.7035878743456275,-0.3515624701976776,859,0.2097,E,E,True,True,1,False,False,True,E
21,undemonstrated,0.0450,0.045,0.04556440547763163,0.4950358969261986,-0.703125,859,0.2097,E,E,True,True,1,False,False,True,E
21,undemonstrated,0.0375,0.0375,0.038027017051065926,0.391605626676799,-0.9375,859,0.2097,E,E,True,True,1,False,False,True,E
21,undemonstrated,0.0300,0.03,0.030036218057280628,0.2921555976422762,-1.23046875,859,0.2097,E,E,True,True,1,False,False,True,E
21,undemonstrated,0.0210,0.021,0.021299059648632657,0.19385884264329528,-1.640625,859,0.2097,E,E,True,True,1,False,False,True,E
22,demonstrated,natural,,0.09664496683356294,1.0,0.0,754,0.1841,C,E,False,True,3,True,True,True,"◆ E
⟦OK⟧"
22,demonstrated,0.0600,0.06,0.059499823450682054,0.440294041117178,-0.8203125,754,0.1841,C,E,False,True,3,True,True,True,"◆ E
⟦OK⟧"
22,demonstrated,0.0450,0.045,0.04524101529048141,0.30084145667800716,-1.201171875,754,0.1841,C,E,False,True,3,True,True,True,"◆ E
⟦OK⟧"
22,demonstrated,0.0375,0.0375,0.036699139189111385,0.23111410023442172,-1.46484375,754,0.1841,C,E,False,True,3,True,True,True,"◆ E
⟦OK⟧"
22,demonstrated,0.0300,0.03,0.029027110997988492,0.17242162389375282,-1.7578125,754,0.1841,C,E,False,True,3,True,True,True,"◆ E
⟦OK⟧"
22,demonstrated,0.0210,0.021,0.021491542845667344,0.1213137638466268,-2.109375,754,0.1841,C,E,False,True,3,True,True,True,"◆ E
⟦OK⟧"
22,undemonstrated,natural,,0.08188305442459232,1.0,0.0,746,0.1821,C,E,False,True,1,False,False,True,E
22,undemonstrated,0.0600,0.06,0.059088729916637384,0.6257840096045911,-0.4687500596046448,746,0.1821,C,E,False,True,1,False,False,True,E
22,undemonstrated,0.0450,0.045,0.04542027057419307,0.440294041117178,-0.8203125,746,0.1821,C,E,False,True,1,False,False,True,E
22,undemonstrated,0.0375,0.0375,0.037613994690753216,0.34830125444308524,-1.0546875,746,0.1821,C,E,False,True,1,False,False,True,E
22,undemonstrated,0.0300,0.03,0.029893691996955907,0.25984856758801733,-1.34765625,746,0.1821,C,E,False,True,1,False,False,True,E
22,undemonstrated,0.0210,0.021,0.021313623353114153,0.17242162389375282,-1.7578125,746,0.1821,C,E,False,True,1,False,False,True,E
23,demonstrated,natural,,0.0907204006415192,1.0,0.0,878,0.2144,B,D,False,True,3,True,True,True,"◆ D
⟦OK⟧"
23,demonstrated,0.0600,0.06,0.05994165247722982,0.5249085353233612,-0.64453125,878,0.2144,B,D,False,True,3,True,True,True,"◆ D
⟦OK⟧"
23,demonstrated,0.0450,0.045,0.045237462482420554,0.34830125444308524,-1.0546875,878,0.2144,B,D,False,True,3,True,True,True,"◆ D
⟦OK⟧"
23,demonstrated,0.0375,0.0375,0.03801236173619138,0.2755289704553164,-1.2890625,878,0.2144,B,D,False,True,3,True,True,True,"◆ D
⟦OK⟧"
23,demonstrated,0.0300,0.03,0.030443267496666593,0.20555713592330557,-1.58203125,878,0.2144,B,D,False,True,3,True,True,True,"◆ D
⟦OK⟧"
23,demonstrated,0.0210,0.021,0.02169657788742141,0.1363967310184996,-1.9921875,878,0.2144,B,D,False,True,3,True,True,True,"◆ D
⟦OK⟧"
23,undemonstrated,natural,,0.08002925256544202,1.0,0.0,870,0.2124,B,D,False,True,1,False,False,True,D
23,undemonstrated,0.0600,0.06,0.06042807667722272,0.7035878743456275,-0.3515624701976776,870,0.2124,B,D,False,True,1,False,False,True,D
23,undemonstrated,0.0450,0.045,0.045640048268618116,0.4950358969261986,-0.703125,870,0.2124,B,D,False,True,1,False,False,True,D
23,undemonstrated,0.0375,0.0375,0.03819760028298891,0.391605626676799,-0.9375,870,0.2124,B,D,False,True,1,False,False,True,D
23,undemonstrated,0.0300,0.03,0.03013306566503937,0.2921555976422762,-1.23046875,870,0.2124,B,D,False,True,1,False,False,True,D
23,undemonstrated,0.0210,0.021,0.021862568366642687,0.19385884264329528,-1.640625,870,0.2124,B,D,False,True,1,False,False,True,D
24,demonstrated,natural,,0.10049186321800363,1.0,0.0,665,0.1624,E,D,False,True,3,True,True,True,"◆ D
⟦OK⟧"
24,demonstrated,0.0600,0.06,0.06090099516822178,0.440294041117178,-0.8203125,665,0.1624,E,D,False,True,3,True,True,True,"◆ D
⟦OK⟧"
24,demonstrated,0.0450,0.045,0.04512444247726144,0.2921555976422762,-1.23046875,665,0.1624,E,D,False,True,3,True,True,True,"◆ D
⟦OK⟧"
24,demonstrated,0.0375,0.0375,0.03781610798212842,0.23111410023442172,-1.46484375,665,0.1624,E,D,False,True,3,True,True,True,"◆ D
⟦OK⟧"
24,demonstrated,0.0300,0.03,0.030043703403427546,0.17242162389375282,-1.7578125,665,0.1624,E,D,False,True,3,True,True,True,"◆ D
⟦OK⟧"
24,demonstrated,0.0210,0.021,0.020148580746103484,0.10789869514276741,-2.2265625,665,0.1624,E,D,False,True,3,True,True,True,"◆ D
⟦OK⟧"
24,undemonstrated,natural,,0.088617867270667,1.0,0.0,657,0.1604,E,D,False,True,1,False,False,True,D
24,undemonstrated,0.0600,0.06,0.05923717073559942,0.556583819812148,-0.5859375,657,0.1604,E,D,False,True,1,False,False,True,D
24,undemonstrated,0.0450,0.045,0.04455493697046897,0.391605626676799,-0.9375,657,0.1604,E,D,False,True,1,False,False,True,D
24,undemonstrated,0.0375,0.0375,0.03653298051016751,0.30978554847668166,-1.171875,657,0.1604,E,D,False,True,1,False,False,True,D
24,undemonstrated,0.0300,0.03,0.02967992387345486,0.2450605392455259,-1.40625,657,0.1604,E,D,False,True,1,False,False,True,D
24,undemonstrated,0.0210,0.021,0.021965350198812406,0.17242162389375282,-1.7578125,657,0.1604,E,D,False,True,1,False,False,True,D
25,demonstrated,natural,,0.09921867431688014,1.0,0.0,693,0.1692,A,E,False,True,3,True,True,True,"◆ E
⟦OK⟧"
25,demonstrated,0.0600,0.06,0.05966057851235895,0.440294041117178,-0.8203125,693,0.1692,A,E,False,True,3,True,True,True,"◆ E
⟦OK⟧"
25,demonstrated,0.0450,0.045,0.04427981114483437,0.2921555976422762,-1.23046875,693,0.1692,A,E,False,True,3,True,True,True,"◆ E
⟦OK⟧"
25,demonstrated,0.0375,0.0375,0.037354569371636615,0.23111410023442172,-1.46484375,693,0.1692,A,E,False,True,3,True,True,True,"◆ E
⟦OK⟧"
25,demonstrated,0.0300,0.03,0.02980351081127175,0.17242162389375282,-1.7578125,693,0.1692,A,E,False,True,3,True,True,True,"◆ E
⟦OK⟧"
25,demonstrated,0.0210,0.021,0.02016757283827486,0.10789869514276741,-2.2265625,693,0.1692,A,E,False,True,3,True,True,True,"◆ E
⟦OK⟧"
25,undemonstrated,natural,,0.09044312686131661,1.0,0.0,685,0.1672,A,E,False,True,1,False,False,True,E
25,undemonstrated,0.0600,0.06,0.060718435952772154,0.5731311960714808,-0.556640625,685,0.1672,A,E,False,True,1,False,False,True,E
25,undemonstrated,0.0450,0.045,0.04594537897174433,0.4152368286818413,-0.87890625,685,0.1672,A,E,False,True,1,False,False,True,E
25,undemonstrated,0.0375,0.0375,0.037818790766051436,0.32847936791032617,-1.11328125,685,0.1672,A,E,False,True,1,False,False,True,E
25,undemonstrated,0.0300,0.03,0.029502428216707344,0.2450605392455259,-1.40625,685,0.1672,A,E,False,True,1,False,False,True,E
25,undemonstrated,0.0210,0.021,0.021871360791635652,0.17242162389375282,-1.7578125,685,0.1672,A,E,False,True,1,False,False,True,E
26,demonstrated,natural,,0.09703025706556767,1.0,0.0,746,0.1821,A,B,False,True,3,True,True,True,"◆ B
⟦OK⟧"
26,demonstrated,0.0600,0.06,0.0602712351207515,0.46686331570996537,-0.76171875,746,0.1821,A,B,False,True,3,True,True,True,"◆ B
⟦OK⟧"
26,demonstrated,0.0450,0.045,0.04482875846586909,0.30978554847668166,-1.171875,746,0.1821,A,B,False,True,3,True,True,True,"◆ B
⟦OK⟧"
26,demonstrated,0.0375,0.0375,0.037641712627011104,0.2450605392455259,-1.40625,746,0.1821,A,B,False,True,3,True,True,True,"◆ B
⟦OK⟧"
26,demonstrated,0.0300,0.03,0.029708807922620872,0.18282630132100924,-1.69921875,746,0.1821,A,B,False,True,3,True,True,True,"◆ B
⟦OK⟧"
26,demonstrated,0.0210,0.021,0.02102321945907376,0.1213137638466268,-2.109375,746,0.1821,A,B,False,True,3,True,True,True,"◆ B
⟦OK⟧"
26,undemonstrated,natural,,0.08758185416609443,1.0,0.0,738,0.1802,A,B,False,True,1,False,False,True,B
26,undemonstrated,0.0600,0.06,0.06066172438880524,0.6257840096045911,-0.4687500596046448,738,0.1802,A,B,False,True,1,False,False,True,B
26,undemonstrated,0.0450,0.045,0.04569632917962063,0.440294041117178,-0.8203125,738,0.1802,A,B,False,True,1,False,False,True,B
26,undemonstrated,0.0375,0.0375,0.037185440425898886,0.34830125444308524,-1.0546875,738,0.1802,A,B,False,True,1,False,False,True,B
26,undemonstrated,0.0300,0.03,0.030752154516724195,0.2755289704553164,-1.2890625,738,0.1802,A,B,False,True,1,False,False,True,B
26,undemonstrated,0.0210,0.021,0.020599713535686237,0.17242162389375282,-1.7578125,738,0.1802,A,B,False,True,1,False,False,True,B
27,demonstrated,natural,,0.10648694483193566,1.0,0.0,519,0.1267,B,B,True,True,3,True,True,True,"◆ B
⟦OK⟧"
27,demonstrated,0.0600,0.06,0.060291473341042234,0.4032481599651003,-0.908203125,519,0.1267,B,B,True,True,3,True,True,True,"◆ B
⟦OK⟧"
27,demonstrated,0.0450,0.045,0.045283074496289544,0.2755289704553164,-1.2890625,519,0.1267,B,B,True,True,3,True,True,True,"◆ B
⟦OK⟧"
27,demonstrated,0.0375,0.0375,0.03776264676500318,0.21796135555570278,-1.5234375,519,0.1267,B,B,True,True,3,True,True,True,"◆ B
⟦OK⟧"
27,demonstrated,0.0300,0.03,0.029900548611205835,0.1626090785152391,-1.81640625,519,0.1267,B,B,True,True,3,True,True,True,"◆ B
⟦OK⟧"
27,demonstrated,0.0210,0.021,0.02109796174565126,0.10789869514276741,-2.2265625,519,0.1267,B,B,True,True,3,True,True,True,"◆ B
⟦OK⟧"
27,undemonstrated,natural,,0.08994644924878514,1.0,0.0,511,0.1248,B,B,True,True,1,False,False,True,B
27,undemonstrated,0.0600,0.06,0.05976424287718629,0.5731311960714808,-0.556640625,511,0.1248,B,B,True,True,1,False,False,True,B
27,undemonstrated,0.0450,0.045,0.044399271584335764,0.391605626676799,-0.9375,511,0.1248,B,B,True,True,1,False,False,True,B
27,undemonstrated,0.0375,0.0375,0.03700215877437785,0.30978554847668166,-1.171875,511,0.1248,B,B,True,True,1,False,False,True,B
27,undemonstrated,0.0300,0.03,0.030663136216290354,0.2450605392455259,-1.40625,511,0.1248,B,B,True,True,1,False,False,True,B
27,undemonstrated,0.0210,0.021,0.02094199702358779,0.15335496684492847,-1.875,511,0.1248,B,B,True,True,1,False,False,True,B
28,demonstrated,natural,,0.10140146757383661,1.0,0.0,628,0.1533,E,E,True,True,3,True,True,True,"◆ E
⟦OK⟧"
28,demonstrated,0.0600,0.06,0.05963413854847488,0.427581923519937,-0.849609375,628,0.1533,E,E,True,True,3,True,True,True,"◆ E
⟦OK⟧"
28,demonstrated,0.0450,0.045,0.0440918771086416,0.2755289704553164,-1.2890625,628,0.1533,E,E,True,True,3,True,True,True,"◆ E
⟦OK⟧"
28,demonstrated,0.0375,0.0375,0.03681196606549264,0.21796135555570278,-1.5234375,628,0.1533,E,E,True,True,3,True,True,True,"◆ E
⟦OK⟧"
28,demonstrated,0.0300,0.03,0.030943091359819874,0.17242162389375282,-1.7578125,628,0.1533,E,E,True,True,3,True,True,True,"◆ E
⟦OK⟧"
28,demonstrated,0.0210,0.021,0.021369581694013817,0.10789869514276741,-2.2265625,628,0.1533,E,E,True,True,3,True,True,True,"◆ E
⟦OK⟧"
28,undemonstrated,natural,,0.0845270687305657,1.0,0.0,620,0.1514,E,E,True,True,1,False,False,True,E
28,undemonstrated,0.0600,0.06,0.05940022706752757,0.6257840096045911,-0.4687500596046448,620,0.1514,E,E,True,True,1,False,False,True,E
28,undemonstrated,0.0450,0.045,0.04577423138701775,0.440294041117178,-0.8203125,620,0.1514,E,E,True,True,1,False,False,True,E
28,undemonstrated,0.0375,0.0375,0.038243731160296335,0.34830125444308524,-1.0546875,620,0.1514,E,E,True,True,1,False,False,True,E
28,undemonstrated,0.0300,0.03,0.029116494085538847,0.2450605392455259,-1.40625,620,0.1514,E,E,True,True,1,False,False,True,E
28,undemonstrated,0.0210,0.021,0.020026717587051657,0.15335496684492847,-1.875,620,0.1514,E,E,True,True,1,False,False,True,E
29,demonstrated,natural,,0.08793006408582826,1.0,0.0,852,0.208,B,B,True,True,3,True,True,True,"◆ B
⟦OK⟧"
29,demonstrated,0.0600,0.06,0.06043235476179909,0.556583819812148,-0.5859375,852,0.208,B,B,True,True,3,True,True,True,"◆ B
⟦OK⟧"
29,demonstrated,0.0450,0.045,0.0452289835656563,0.3693192805940405,-0.99609375,852,0.208,B,B,True,True,3,True,True,True,"◆ B
⟦OK⟧"
29,demonstrated,0.0375,0.0375,0.037853033345268905,0.2921555976422762,-1.23046875,852,0.208,B,B,True,True,3,True,True,True,"◆ B
⟦OK⟧"
29,demonstrated,0.0300,0.03,0.030285976860782604,0.21796135555570278,-1.5234375,852,0.208,B,B,True,True,3,True,True,True,"◆ B
⟦OK⟧"
29,demonstrated,0.0210,0.021,0.020739911861658467,0.1363967310184996,-1.9921875,852,0.208,B,B,True,True,3,True,True,True,"◆ B
⟦OK⟧"
29,undemonstrated,natural,,0.07769326663846954,1.0,0.0,844,0.2061,B,B,True,True,1,False,False,True,B
29,undemonstrated,0.0600,0.06,0.0596166237144935,0.7035878743456275,-0.3515624701976776,844,0.2061,B,B,True,True,1,False,False,True,B
29,undemonstrated,0.0450,0.045,0.04478612637383428,0.4950358969261986,-0.703125,844,0.2061,B,B,True,True,1,False,False,True,B
29,undemonstrated,0.0375,0.0375,0.03707184787394979,0.391605626676799,-0.9375,844,0.2061,B,B,True,True,1,False,False,True,B
29,undemonstrated,0.0300,0.03,0.0306338606542651,0.30978554847668166,-1.171875,844,0.2061,B,B,True,True,1,False,False,True,B
29,undemonstrated,0.0210,0.021,0.02058333715206917,0.19385884264329528,-1.640625,844,0.2061,B,B,True,True,1,False,False,True,B
30,demonstrated,natural,,0.10299664479082082,1.0,0.0,633,0.1545,A,C,False,True,3,True,True,True,"◆ C
⟦OK⟧"
30,demonstrated,0.0600,0.06,0.0591019503356236,0.4152368286818413,-0.87890625,633,0.1545,A,C,False,True,3,True,True,True,"◆ C
⟦OK⟧"
30,demonstrated,0.0450,0.045,0.044003807440176956,0.2755289704553164,-1.2890625,633,0.1545,A,C,False,True,3,True,True,True,"◆ C
⟦OK⟧"
30,demonstrated,0.0375,0.0375,0.036583636163970645,0.21796135555570278,-1.5234375,633,0.1545,A,C,False,True,3,True,True,True,"◆ C
⟦OK⟧"
30,demonstrated,0.0300,0.03,0.030510891456347444,0.17242162389375282,-1.7578125,633,0.1545,A,C,False,True,3,True,True,True,"◆ C
⟦OK⟧"
30,demonstrated,0.0210,0.021,0.02059625647922747,0.10789869514276741,-2.2265625,633,0.1545,A,C,False,True,3,True,True,True,"◆ C
⟦OK⟧"
30,undemonstrated,natural,,0.08807334679774215,1.0,0.0,625,0.1526,A,D,False,True,1,False,False,True,D
30,undemonstrated,0.0600,0.06,0.059735065988896,0.5731311960714808,-0.556640625,625,0.1526,A,C,False,True,1,False,False,True,C
30,undemonstrated,0.0450,0.045,0.045161548632243864,0.391605626676799,-0.9375,625,0.1526,A,C,False,True,1,False,False,True,C
30,undemonstrated,0.0375,0.0375,0.03749717002425257,0.30978554847668166,-1.171875,625,0.1526,A,C,False,True,1,False,False,True,C
30,undemonstrated,0.0300,0.03,0.030886580426560784,0.2450605392455259,-1.40625,625,0.1526,A,C,False,True,1,False,False,True,C
30,undemonstrated,0.0210,0.021,0.020969109503138128,0.15335496684492847,-1.875,625,0.1526,A,C,False,True,1,False,False,True,C
31,demonstrated,natural,,0.10292508682805135,1.0,0.0,605,0.1477,B,A,False,True,3,True,True,True,"◆ A
⟦OK⟧"
31,demonstrated,0.0600,0.06,0.05992032957498239,0.427581923519937,-0.849609375,605,0.1477,B,A,False,True,3,True,True,True,"◆ A
⟦OK⟧"
31,demonstrated,0.0450,0.045,0.04549074562307709,0.2921555976422762,-1.23046875,605,0.1477,B,A,False,True,3,True,True,True,"◆ A
⟦OK⟧"
31,demonstrated,0.0375,0.0375,0.03652821009836771,0.21796135555570278,-1.5234375,605,0.1477,B,A,False,True,3,True,True,True,"◆ A
⟦OK⟧"
31,demonstrated,0.0300,0.03,0.030435395399647902,0.17242162389375282,-1.7578125,605,0.1477,B,A,False,True,3,True,True,True,"◆ A
⟦OK⟧"
31,demonstrated,0.0210,0.021,0.02070693113389055,0.10789869514276741,-2.2265625,605,0.1477,B,A,False,True,3,True,True,True,"◆ A
⟦OK⟧"
31,undemonstrated,natural,,0.08404693077096681,1.0,0.0,597,0.1458,B,A,False,True,1,False,False,True,A
31,undemonstrated,0.0600,0.06,0.059645045541856234,0.6257840096045911,-0.4687500596046448,597,0.1458,B,A,False,True,1,False,False,True,A
31,undemonstrated,0.0450,0.045,0.0451166192685406,0.427581923519937,-0.849609375,597,0.1458,B,A,False,True,1,False,False,True,A
31,undemonstrated,0.0375,0.0375,0.03844074453459001,0.34830125444308524,-1.0546875,597,0.1458,B,A,False,True,1,False,False,True,A
31,undemonstrated,0.0300,0.03,0.030646637203780358,0.25984856758801733,-1.34765625,597,0.1458,B,A,False,True,1,False,False,True,A
31,undemonstrated,0.0210,0.021,0.0218847815005887,0.17242162389375282,-1.7578125,597,0.1458,B,A,False,True,1,False,False,True,A
32,demonstrated,natural,,0.08979704029985314,1.0,0.0,853,0.2083,E,E,True,True,3,True,True,True,"◆ E
⟦OK⟧"
32,demonstrated,0.0600,0.06,0.06097346766083245,0.5249085353233612,-0.64453125,853,0.2083,E,E,True,True,3,True,True,True,"◆ E
⟦OK⟧"
32,demonstrated,0.0450,0.045,0.04435508984330827,0.32847936791032617,-1.11328125,853,0.2083,E,E,True,True,3,True,True,True,"◆ E
⟦OK⟧"
32,demonstrated,0.0375,0.0375,0.03731983634258906,0.25984856758801733,-1.34765625,853,0.2083,E,E,True,True,3,True,True,True,"◆ E
⟦OK⟧"
32,demonstrated,0.0300,0.03,0.029659996110676712,0.19385884264329528,-1.640625,853,0.2083,E,E,True,True,3,True,True,True,"◆ E
⟦OK⟧"
32,demonstrated,0.0210,0.021,0.021069066413169857,0.1286343687209221,-2.05078125,853,0.2083,E,E,True,True,3,True,True,True,"◆ E
⟦OK⟧"
32,undemonstrated,natural,,0.0763208944059155,1.0,0.0,845,0.2063,E,E,True,True,1,False,False,True,E
32,undemonstrated,0.0600,0.06,0.05989400391155275,0.7035878743456275,-0.3515624701976776,845,0.2063,E,E,True,True,1,False,False,True,E
32,undemonstrated,0.0450,0.045,0.04406556392087646,0.46686331570996537,-0.76171875,845,0.2063,E,E,True,True,1,False,False,True,E
32,undemonstrated,0.0375,0.0375,0.03691728756581192,0.3693192805940405,-0.99609375,845,0.2063,E,E,True,True,1,False,False,True,E
32,undemonstrated,0.0300,0.03,0.029204224213873697,0.2755289704553164,-1.2890625,845,0.2063,E,E,True,True,1,False,False,True,E
32,undemonstrated,0.0210,0.021,0.021949733155051554,0.19385884264329528,-1.640625,845,0.2063,E,E,True,True,1,False,False,True,E
33,demonstrated,natural,,0.09453054586548149,1.0,0.0,771,0.1882,E,D,False,True,3,True,True,True,"◆ D
⟦OK⟧"
33,demonstrated,0.0600,0.06,0.05944749888447021,0.4950358969261986,-0.703125,771,0.1882,E,D,False,True,3,True,True,True,"◆ D
⟦OK⟧"
33,demonstrated,0.0450,0.045,0.04569290929716141,0.34830125444308524,-1.0546875,771,0.1882,E,D,False,True,3,True,True,True,"◆ D
⟦OK⟧"
33,demonstrated,0.0375,0.0375,0.03825148414209956,0.2755289704553164,-1.2890625,771,0.1882,E,D,False,True,3,True,True,True,"◆ D
⟦OK⟧"
33,demonstrated,0.0300,0.03,0.03050511604607653,0.20555713592330557,-1.58203125,771,0.1882,E,D,False,True,3,True,True,True,"◆ D
⟦OK⟧"
33,demonstrated,0.0210,0.021,0.021428911746195656,0.1363967310184996,-1.9921875,771,0.1882,E,D,False,True,3,True,True,True,"◆ D
⟦OK⟧"
33,undemonstrated,natural,,0.08152846406768433,1.0,0.0,763,0.1863,E,D,False,True,1,False,False,True,D
33,undemonstrated,0.0600,0.06,0.060554298091396674,0.663546562885513,-0.41015625,763,0.1863,E,D,False,True,1,False,False,True,D
33,undemonstrated,0.0450,0.045,0.04567320258502017,0.46686331570996537,-0.76171875,763,0.1863,E,D,False,True,1,False,False,True,D
33,undemonstrated,0.0375,0.0375,0.03751519497443212,0.3693192805940405,-0.99609375,763,0.1863,E,D,False,True,1,False,False,True,D
33,undemonstrated,0.0300,0.03,0.029454856634874238,0.2755289704553164,-1.2890625,763,0.1863,E,D,False,True,1,False,False,True,D
33,undemonstrated,0.0210,0.021,0.021961263137978637,0.19385884264329528,-1.640625,763,0.1863,E,D,False,True,1,False,False,True,D
34,demonstrated,natural,,0.09166901782943881,1.0,0.0,835,0.2039,D,D,True,True,3,True,True,True,"◆ D
⟦OK⟧"
34,demonstrated,0.0600,0.06,0.059321082284540694,0.4950358969261986,-0.703125,835,0.2039,D,D,True,True,3,True,True,True,"◆ D
⟦OK⟧"
34,demonstrated,0.0450,0.045,0.04441773243736513,0.32847936791032617,-1.11328125,835,0.2039,D,D,True,True,3,True,True,True,"◆ D
⟦OK⟧"
34,demonstrated,0.0375,0.0375,0.03721275468904395,0.25984856758801733,-1.34765625,835,0.2039,D,D,True,True,3,True,True,True,"◆ D
⟦OK⟧"
34,demonstrated,0.0300,0.03,0.029622891723735556,0.19385884264329528,-1.640625,835,0.2039,D,D,True,True,3,True,True,True,"◆ D
⟦OK⟧"
34,demonstrated,0.0210,0.021,0.020064540746215,0.1213137638466268,-2.109375,835,0.2039,D,D,True,True,3,True,True,True,"◆ D
⟦OK⟧"
34,undemonstrated,natural,,0.08402383124639279,1.0,0.0,827,0.2019,D,E,False,True,1,False,False,True,E
34,undemonstrated,0.0600,0.06,0.05960897399455689,0.6257840096045911,-0.4687500596046448,827,0.2019,D,D,True,True,1,False,False,True,D
34,undemonstrated,0.0450,0.045,0.04563557795717976,0.440294041117178,-0.8203125,827,0.2019,D,D,True,True,1,False,False,True,D
34,undemonstrated,0.0375,0.0375,0.037398807809126744,0.34830125444308524,-1.0546875,827,0.2019,D,D,True,True,1,False,False,True,D
34,undemonstrated,0.0300,0.03,0.02951433508360779,0.25984856758801733,-1.34765625,827,0.2019,D,D,True,True,1,False,False,True,D
34,undemonstrated,0.0210,0.021,0.020943959115296007,0.17242162389375282,-1.7578125,827,0.2019,D,D,True,True,1,False,False,True,D
35,demonstrated,natural,,0.09940767818317298,1.0,0.0,659,0.1609,B,B,True,True,3,True,True,True,"◆ B
⟦OK⟧"
35,demonstrated,0.0600,0.06,0.05901940066907585,0.440294041117178,-0.8203125,659,0.1609,B,B,True,True,3,True,True,True,"◆ B
⟦OK⟧"
35,demonstrated,0.0450,0.045,0.045694069340335375,0.30978554847668166,-1.171875,659,0.1609,B,B,True,True,3,True,True,True,"◆ B
⟦OK⟧"
35,demonstrated,0.0375,0.0375,0.03822037682870416,0.2450605392455259,-1.40625,659,0.1609,B,B,True,True,3,True,True,True,"◆ B
⟦OK⟧"
35,demonstrated,0.0300,0.03,0.029965632596076652,0.18282630132100924,-1.69921875,659,0.1609,B,B,True,True,3,True,True,True,"◆ B
⟦OK⟧"
35,demonstrated,0.0210,0.021,0.021261586520825215,0.1213137638466268,-2.109375,659,0.1609,B,B,True,True,3,True,True,True,"◆ B
⟦OK⟧"
35,undemonstrated,natural,,0.0875707895753699,1.0,0.0,651,0.1589,B,B,True,True,1,False,False,True,B
35,undemonstrated,0.0600,0.06,0.059551735275196194,0.5901705299683179,-0.5273438096046448,651,0.1589,B,B,True,True,1,False,False,True,B
35,undemonstrated,0.0450,0.045,0.04548367484787352,0.4152368286818413,-0.87890625,651,0.1589,B,B,True,True,1,False,False,True,B
35,undemonstrated,0.0375,0.0375,0.03784523700801845,0.32847936791032617,-1.11328125,651,0.1589,B,B,True,True,1,False,False,True,B
35,undemonstrated,0.0300,0.03,0.02978807771206693,0.2450605392455259,-1.40625,651,0.1589,B,B,True,True,1,False,False,True,B
35,undemonstrated,0.0210,0.021,0.020320946967855136,0.15335496684492847,-1.875,651,0.1589,B,B,True,True,1,False,False,True,B
36,demonstrated,natural,,0.0919126963445045,1.0,0.0,798,0.1948,C,C,True,True,3,True,True,True,"◆ C
⟦OK⟧"
36,demonstrated,0.0600,0.06,0.05927743773618177,0.4950358969261986,-0.703125,798,0.1948,C,C,True,True,3,True,True,True,"◆ C
⟦OK⟧"
36,demonstrated,0.0450,0.045,0.04450534143795504,0.32847936791032617,-1.11328125,798,0.1948,C,C,True,True,3,True,True,True,"◆ C
⟦OK⟧"
36,demonstrated,0.0375,0.0375,0.037300607698126154,0.25984856758801733,-1.34765625,798,0.1948,C,C,True,True,3,True,True,True,"◆ C
⟦OK⟧"
36,demonstrated,0.0300,0.03,0.029509467385306243,0.19385884264329528,-1.640625,798,0.1948,C,C,True,True,3,True,True,True,"◆ C
⟦OK⟧"
36,demonstrated,0.0210,0.021,0.020099566285158743,0.1213137638466268,-2.109375,798,0.1948,C,C,True,True,3,True,True,True,"◆ C
⟦OK⟧"
36,undemonstrated,natural,,0.0762381370871279,1.0,0.0,790,0.1929,C,C,True,True,1,False,False,True,C
36,undemonstrated,0.0600,0.06,0.05907981735882295,0.7035878743456275,-0.3515624701976776,790,0.1929,C,C,True,True,1,False,False,True,C
36,undemonstrated,0.0450,0.045,0.04502381976643033,0.4950358969261986,-0.703125,790,0.1929,C,C,True,True,1,False,False,True,C
36,undemonstrated,0.0375,0.0375,0.03763859527365376,0.391605626676799,-0.9375,790,0.1929,C,C,True,True,1,False,False,True,C
36,undemonstrated,0.0300,0.03,0.030987155402146804,0.30978554847668166,-1.171875,790,0.1929,C,C,True,True,1,False,False,True,C
36,undemonstrated,0.0210,0.021,0.020908119875031494,0.19385884264329528,-1.640625,790,0.1929,C,C,True,True,1,False,False,True,C
37,demonstrated,natural,,0.10302598830951482,1.0,0.0,637,0.1555,D,D,True,True,3,True,True,True,"◆ D
⟦OK⟧"
37,demonstrated,0.0600,0.06,0.060037434722637784,0.4152368286818413,-0.87890625,637,0.1555,D,D,True,True,3,True,True,True,"◆ D
⟦OK⟧"
37,demonstrated,0.0450,0.045,0.04497522800928788,0.2755289704553164,-1.2890625,637,0.1555,D,B,False,True,3,True,True,True,"◆ B
⟦OK⟧"
37,demonstrated,0.0375,0.0375,0.03729237703586019,0.21796135555570278,-1.5234375,637,0.1555,D,B,False,True,3,True,True,True,"◆ B
⟦OK⟧"
37,demonstrated,0.0300,0.03,0.029614697609682494,0.1626090785152391,-1.81640625,637,0.1555,D,B,False,True,3,True,True,True,"◆ B
⟦OK⟧"
37,demonstrated,0.0210,0.021,0.02086800381883558,0.10789869514276741,-2.2265625,637,0.1555,D,B,False,True,3,True,True,True,"◆ B
⟦OK⟧"
37,undemonstrated,natural,,0.08941378956698998,1.0,0.0,629,0.1536,D,D,True,True,1,False,False,True,D
37,undemonstrated,0.0600,0.06,0.060084246954296816,0.5901705299683179,-0.5273438096046448,629,0.1536,D,D,True,True,1,False,False,True,D
37,undemonstrated,0.0450,0.045,0.04583483215998996,0.4152368286818413,-0.87890625,629,0.1536,D,D,True,True,1,False,False,True,D
37,undemonstrated,0.0375,0.0375,0.03796913402548441,0.32847936791032617,-1.11328125,629,0.1536,D,B,False,True,1,False,False,True,B
37,undemonstrated,0.0300,0.03,0.029946496180087934,0.2450605392455259,-1.40625,629,0.1536,D,B,False,True,1,False,False,True,B
37,undemonstrated,0.0210,0.021,0.02050291067966903,0.15335496684492847,-1.875,629,0.1536,D,B,False,True,1,False,False,True,B
38,demonstrated,natural,,0.09852442987062915,1.0,0.0,686,0.1675,D,D,True,True,3,True,True,True,"◆ D
⟦OK⟧"
38,demonstrated,0.0600,0.06,0.059911087032165966,0.440294041117178,-0.8203125,686,0.1675,D,D,True,True,3,True,True,True,"◆ D
⟦OK⟧"
38,demonstrated,0.0450,0.045,0.04470237270299826,0.2921555976422762,-1.23046875,686,0.1675,D,D,True,True,3,True,True,True,"◆ D
⟦OK⟧"
38,demonstrated,0.0375,0.0375,0.03741160230518048,0.23111410023442172,-1.46484375,686,0.1675,D,D,True,True,3,True,True,True,"◆ D
⟦OK⟧"
38,demonstrated,0.0300,0.03,0.029605511627069703,0.17242162389375282,-1.7578125,686,0.1675,D,D,True,True,3,True,True,True,"◆ D
⟦OK⟧"
38,demonstrated,0.0210,0.021,0.021911936922457187,0.1213137638466268,-2.109375,686,0.1675,D,D,True,True,3,True,True,True,"◆ D
⟦OK⟧"
38,undemonstrated,natural,,0.07957262345890825,1.0,0.0,678,0.1655,D,D,True,True,1,False,False,True,D
38,undemonstrated,0.0600,0.06,0.05984480456242025,0.663546562885513,-0.41015625,678,0.1655,D,D,True,True,1,False,False,True,D
38,undemonstrated,0.0450,0.045,0.04454052598633673,0.440294041117178,-0.8203125,678,0.1655,D,D,True,True,1,False,False,True,D
38,undemonstrated,0.0375,0.0375,0.036940378289930464,0.34830125444308524,-1.0546875,678,0.1655,D,D,True,True,1,False,False,True,D
38,undemonstrated,0.0300,0.03,0.030721024566517485,0.2755289704553164,-1.2890625,678,0.1655,D,D,True,True,1,False,False,True,D
38,undemonstrated,0.0210,0.021,0.020740592069995678,0.17242162389375282,-1.7578125,678,0.1655,D,D,True,True,1,False,False,True,D
39,demonstrated,natural,,0.10274224122631637,1.0,0.0,607,0.1482,C,D,False,True,3,True,True,True,"◆ D
⟦OK⟧"
39,demonstrated,0.0600,0.06,0.060443718821744596,0.440294041117178,-0.8203125,607,0.1482,C,D,False,True,3,True,True,True,"◆ D
⟦OK⟧"
39,demonstrated,0.0450,0.045,0.04489839105971605,0.2921555976422762,-1.23046875,607,0.1482,C,D,False,True,3,True,True,True,"◆ D
⟦OK⟧"
39,demonstrated,0.0375,0.0375,0.03749816208352108,0.23111410023442172,-1.46484375,607,0.1482,C,D,False,True,3,True,True,True,"◆ D
⟦OK⟧"
39,demonstrated,0.0300,0.03,0.029832304107825003,0.17242162389375282,-1.7578125,607,0.1482,C,D,False,True,3,True,True,True,"◆ D
⟦OK⟧"
39,demonstrated,0.0210,0.021,0.02009353424330307,0.10789869514276741,-2.2265625,607,0.1482,C,D,False,True,3,True,True,True,"◆ D
⟦OK⟧"
39,undemonstrated,natural,,0.0894501541080217,1.0,0.0,599,0.1462,C,D,False,True,1,False,False,True,D
39,undemonstrated,0.0600,0.06,0.05979861894371652,0.5731311960714808,-0.556640625,599,0.1462,C,C,True,True,1,False,False,True,C
39,undemonstrated,0.0450,0.045,0.04482019937266557,0.391605626676799,-0.9375,599,0.1462,C,C,True,True,1,False,False,True,C
39,undemonstrated,0.0375,0.0375,0.03710657586525912,0.30978554847668166,-1.171875,599,0.1462,C,C,True,True,1,False,False,True,C
39,undemonstrated,0.0300,0.03,0.03075960761268348,0.2450605392455259,-1.40625,599,0.1462,C,C,True,True,1,False,False,True,C
39,undemonstrated,0.0210,0.021,0.02104186563539301,0.15335496684492847,-1.875,599,0.1462,C,C,True,True,1,False,False,True,C
40,demonstrated,natural,,0.094479578102312,1.0,0.0,792,0.1934,D,D,True,True,3,True,True,True,"◆ D
⟦OK⟧"
40,demonstrated,0.0600,0.06,0.05921154552709007,0.46686331570996537,-0.76171875,792,0.1934,D,D,True,True,3,True,True,True,"◆ D
⟦OK⟧"
40,demonstrated,0.0450,0.045,0.04412104903417868,0.30978554847668166,-1.171875,792,0.1934,D,D,True,True,3,True,True,True,"◆ D
⟦OK⟧"
40,demonstrated,0.0375,0.0375,0.036602384100910546,0.2450605392455259,-1.40625,792,0.1934,D,D,True,True,3,True,True,True,"◆ D
⟦OK⟧"
40,demonstrated,0.0300,0.03,0.03032155993703456,0.19385884264329528,-1.640625,792,0.1934,D,D,True,True,3,True,True,True,"◆ D
⟦OK⟧"
40,demonstrated,0.0210,0.021,0.020313782696311178,0.1213137638466268,-2.109375,792,0.1934,D,D,True,True,3,True,True,True,"◆ D
⟦OK⟧"
40,undemonstrated,natural,,0.07786034913528717,1.0,0.0,784,0.1914,D,D,True,True,1,False,False,True,D
40,undemonstrated,0.0600,0.06,0.06074116875904423,0.7035878743456275,-0.3515624701976776,784,0.1914,D,D,True,True,1,False,False,True,D
40,undemonstrated,0.0450,0.045,0.04451523587812933,0.46686331570996537,-0.76171875,784,0.1914,D,D,True,True,1,False,False,True,D
40,undemonstrated,0.0375,0.0375,0.03690280696348336,0.3693192805940405,-0.99609375,784,0.1914,D,D,True,True,1,False,False,True,D
40,undemonstrated,0.0300,0.03,0.029213100678292747,0.2755289704553164,-1.2890625,784,0.1914,D,D,True,True,1,False,False,True,D
40,undemonstrated,0.0210,0.021,0.02153211754449358,0.19385884264329528,-1.640625,784,0.1914,D,D,True,True,1,False,False,True,D
41,demonstrated,natural,,0.09736220033866738,1.0,0.0,737,0.1799,E,D,False,True,3,True,True,True,"◆ D
⟦OK⟧"
41,demonstrated,0.0600,0.06,0.05982261165963032,0.4533840931520487,-0.791015625,737,0.1799,E,D,False,True,3,True,True,True,"◆ D
⟦OK⟧"
41,demonstrated,0.0450,0.045,0.04419752610285288,0.2921555976422762,-1.23046875,737,0.1799,E,D,False,True,3,True,True,True,"◆ D
⟦OK⟧"
41,demonstrated,0.0375,0.0375,0.03717243185000785,0.23111410023442172,-1.46484375,737,0.1799,E,D,False,True,3,True,True,True,"◆ D
⟦OK⟧"
41,demonstrated,0.0300,0.03,0.029493488171987603,0.17242162389375282,-1.7578125,737,0.1799,E,D,False,True,3,True,True,True,"◆ D
⟦OK⟧"
41,demonstrated,0.0210,0.021,0.021965045454072685,0.1213137638466268,-2.109375,737,0.1799,E,D,False,True,3,True,True,True,"◆ D
⟦OK⟧"
41,undemonstrated,natural,,0.08757010649160613,1.0,0.0,729,0.178,E,D,False,True,1,False,False,True,D
41,undemonstrated,0.0600,0.06,0.059428735069792626,0.6077164475263447,-0.498046875,729,0.178,E,D,False,True,1,False,False,True,D
41,undemonstrated,0.0450,0.045,0.04588849480184054,0.440294041117178,-0.8203125,729,0.178,E,D,False,True,1,False,False,True,D
41,undemonstrated,0.0375,0.0375,0.03740526280894496,0.34830125444308524,-1.0546875,729,0.178,E,D,False,True,1,False,False,True,D
41,undemonstrated,0.0300,0.03,0.02961866870067853,0.25984856758801733,-1.34765625,729,0.178,E,D,False,True,1,False,False,True,D
41,undemonstrated,0.0210,0.021,0.02103976360747417,0.17242162389375282,-1.7578125,729,0.178,E,D,False,True,1,False,False,True,D
42,demonstrated,natural,,0.09235268804339469,1.0,0.0,840,0.2051,A,B,False,True,3,True,True,True,"◆ B
⟦OK⟧"
42,demonstrated,0.0600,0.06,0.05997833724435786,0.4950358969261986,-0.703125,840,0.2051,A,B,False,True,3,True,True,True,"◆ B
⟦OK⟧"
42,demonstrated,0.0450,0.045,0.04508204597788534,0.32847936791032617,-1.11328125,840,0.2051,A,B,False,True,3,True,True,True,"◆ B
⟦OK⟧"
42,demonstrated,0.0375,0.0375,0.037526039209747175,0.25984856758801733,-1.34765625,840,0.2051,A,B,False,True,3,True,True,True,"◆ B
⟦OK⟧"
42,demonstrated,0.0300,0.03,0.02972500765467423,0.19385884264329528,-1.640625,840,0.2051,A,B,False,True,3,True,True,True,"◆ B
⟦OK⟧"
42,demonstrated,0.0210,0.021,0.021832136231267008,0.1363967310184996,-1.9921875,840,0.2051,A,B,False,True,3,True,True,True,"◆ B
⟦OK⟧"
42,undemonstrated,natural,,0.08684682206253669,1.0,0.0,832,0.2031,A,B,False,True,1,False,False,True,B
42,undemonstrated,0.0600,0.06,0.06024717372586075,0.5901705299683179,-0.5273438096046448,832,0.2031,A,B,False,True,1,False,False,True,B
42,undemonstrated,0.0450,0.045,0.04455546170226743,0.4152368286818413,-0.87890625,832,0.2031,A,B,False,True,1,False,False,True,B
42,undemonstrated,0.0375,0.0375,0.03828407565190961,0.34830125444308524,-1.0546875,832,0.2031,A,B,False,True,1,False,False,True,B
42,undemonstrated,0.0300,0.03,0.029663167379593958,0.25984856758801733,-1.34765625,832,0.2031,A,B,False,True,1,False,False,True,B
42,undemonstrated,0.0210,0.021,0.020829131803331347,0.17242162389375282,-1.7578125,832,0.2031,A,B,False,True,1,False,False,True,B
43,demonstrated,natural,,0.09942724553678772,1.0,0.0,614,0.1499,A,A,True,True,3,True,True,True,"◆ A
⟦OK⟧"
43,demonstrated,0.0600,0.06,0.059108301718737266,0.440294041117178,-0.8203125,614,0.1499,A,A,True,True,3,True,True,True,"◆ A
⟦OK⟧"
43,demonstrated,0.0450,0.045,0.045028841059593816,0.30084145667800716,-1.201171875,614,0.1499,A,A,True,True,3,True,True,True,"◆ A
⟦OK⟧"
43,demonstrated,0.0375,0.0375,0.0368468045033552,0.23111410023442172,-1.46484375,614,0.1499,A,A,True,True,3,True,True,True,"◆ A
⟦OK⟧"
43,demonstrated,0.0300,0.03,0.02930670688028414,0.17242162389375282,-1.7578125,614,0.1499,A,A,True,True,3,True,True,True,"◆ A
⟦OK⟧"
43,demonstrated,0.0210,0.021,0.021773285463769554,0.1213137638466268,-2.109375,614,0.1499,A,A,True,True,3,True,True,True,"◆ A
⟦OK⟧"
43,undemonstrated,natural,,0.08355111130455839,1.0,0.0,606,0.1479,A,A,True,True,1,False,False,True,A
43,undemonstrated,0.0600,0.06,0.06049240319423177,0.6257840096045911,-0.4687500596046448,606,0.1479,A,A,True,True,1,False,False,True,A
43,undemonstrated,0.0450,0.045,0.04452581893527707,0.4152368286818413,-0.87890625,606,0.1479,A,A,True,True,1,False,False,True,A
43,undemonstrated,0.0375,0.0375,0.037190344139894194,0.32847936791032617,-1.11328125,606,0.1479,A,A,True,True,1,False,False,True,A
43,undemonstrated,0.0300,0.03,0.029112343832117915,0.2450605392455259,-1.40625,606,0.1479,A,A,True,True,1,False,False,True,A
43,undemonstrated,0.0210,0.021,0.021763190900887963,0.17242162389375282,-1.7578125,606,0.1479,A,A,True,True,1,False,False,True,A
44,demonstrated,natural,,0.09149801651622624,1.0,0.0,887,0.2166,A,A,True,True,3,True,True,True,"◆ A
⟦OK⟧"
44,demonstrated,0.0600,0.06,0.06035408711145607,0.4950358969261986,-0.703125,887,0.2166,A,A,True,True,3,True,True,True,"◆ A
⟦OK⟧"
44,demonstrated,0.0450,0.045,0.04562170688138423,0.32847936791032617,-1.11328125,887,0.2166,A,A,True,True,3,True,True,True,"◆ A
⟦OK⟧"
44,demonstrated,0.0375,0.0375,0.03826854139750324,0.25984856758801733,-1.34765625,887,0.2166,A,A,True,True,3,True,True,True,"◆ A
⟦OK⟧"
44,demonstrated,0.0300,0.03,0.030562361546977,0.19385884264329528,-1.640625,887,0.2166,A,A,True,True,3,True,True,True,"◆ A
⟦OK⟧"
44,demonstrated,0.0210,0.021,0.020633833590836925,0.1213137638466268,-2.109375,887,0.2166,A,A,True,True,3,True,True,True,"◆ A
⟦OK⟧"
44,undemonstrated,natural,,0.08109767936193713,1.0,0.0,879,0.2146,A,A,True,True,1,False,False,True,A
44,undemonstrated,0.0600,0.06,0.05943911293230286,0.6257840096045911,-0.4687500596046448,879,0.2146,A,A,True,True,1,False,False,True,A
44,undemonstrated,0.0450,0.045,0.0442676641888653,0.4152368286818413,-0.87890625,879,0.2146,A,A,True,True,1,False,False,True,A
44,undemonstrated,0.0375,0.0375,0.03716770723057028,0.32847936791032617,-1.11328125,879,0.2146,A,A,True,True,1,False,False,True,A
44,undemonstrated,0.0300,0.03,0.02968479629345122,0.2450605392455259,-1.40625,879,0.2146,A,A,True,True,1,False,False,True,A
44,undemonstrated,0.0210,0.021,0.02028299118165444,0.15335496684492847,-1.875,879,0.2146,A,A,True,True,1,False,False,True,A
45,demonstrated,natural,,0.0970426597328693,1.0,0.0,709,0.1731,D,D,True,True,3,True,True,True,"◆ D
⟦OK⟧"
45,demonstrated,0.0600,0.06,0.059312224907936084,0.46686331570996537,-0.76171875,709,0.1731,D,D,True,True,3,True,True,True,"◆ D
⟦OK⟧"
45,demonstrated,0.0450,0.045,0.04585355067494845,0.32847936791032617,-1.11328125,709,0.1731,D,B,False,True,3,True,True,True,"◆ B
⟦OK⟧"
45,demonstrated,0.0375,0.0375,0.03815710216401014,0.25984856758801733,-1.34765625,709,0.1731,D,B,False,True,3,True,True,True,"◆ B
⟦OK⟧"
45,demonstrated,0.0300,0.03,0.029957955229834354,0.19385884264329528,-1.640625,709,0.1731,D,B,False,True,3,True,True,True,"◆ B
⟦OK⟧"
45,demonstrated,0.0210,0.021,0.021796966785587735,0.1363967310184996,-1.9921875,709,0.1731,D,B,False,True,3,True,True,True,"◆ B
⟦OK⟧"
45,undemonstrated,natural,,0.08944504397774011,1.0,0.0,701,0.1711,D,D,True,True,1,False,False,True,D
45,undemonstrated,0.0600,0.06,0.059922309816247576,0.5901705299683179,-0.5273438096046448,701,0.1711,D,D,True,True,1,False,False,True,D
45,undemonstrated,0.0450,0.045,0.04491853609130558,0.4152368286818413,-0.87890625,701,0.1711,D,D,True,True,1,False,False,True,D
45,undemonstrated,0.0375,0.0375,0.03716020388309449,0.32847936791032617,-1.11328125,701,0.1711,D,D,True,True,1,False,False,True,D
45,undemonstrated,0.0300,0.03,0.03049453454886919,0.25984856758801733,-1.34765625,701,0.1711,D,D,True,True,1,False,False,True,D
45,undemonstrated,0.0210,0.021,0.02158078896038962,0.17242162389375282,-1.7578125,701,0.1711,D,B,False,True,1,False,False,True,B
46,demonstrated,natural,,0.10354145250818192,1.0,0.0,627,0.1531,D,D,True,True,3,True,True,True,"◆ D
⟦OK⟧"
46,demonstrated,0.0600,0.06,0.05995529079353901,0.4152368286818413,-0.87890625,627,0.1531,D,D,True,True,3,True,True,True,"◆ D
⟦OK⟧"
46,demonstrated,0.0450,0.045,0.04519635598287586,0.2755289704553164,-1.2890625,627,0.1531,D,D,True,True,3,True,True,True,"◆ D
⟦OK⟧"
46,demonstrated,0.0375,0.0375,0.03764863344185443,0.21796135555570278,-1.5234375,627,0.1531,D,D,True,True,3,True,True,True,"◆ D
⟦OK⟧"
46,demonstrated,0.0300,0.03,0.029818790228928194,0.1626090785152391,-1.81640625,627,0.1531,D,D,True,True,3,True,True,True,"◆ D
⟦OK⟧"
46,demonstrated,0.0210,0.021,0.021328427691921448,0.10789869514276741,-2.2265625,627,0.1531,D,D,True,True,3,True,True,True,"◆ D
⟦OK⟧"
46,undemonstrated,natural,,0.08735733294913928,1.0,0.0,619,0.1511,D,D,True,True,1,False,False,True,D
46,undemonstrated,0.0600,0.06,0.06082882815409363,0.5901705299683179,-0.5273438096046448,619,0.1511,D,D,True,True,1,False,False,True,D
46,undemonstrated,0.0450,0.045,0.04497759115012556,0.391605626676799,-0.9375,619,0.1511,D,D,True,True,1,False,False,True,D
46,undemonstrated,0.0375,0.0375,0.03765446862253086,0.30978554847668166,-1.171875,619,0.1511,D,D,True,True,1,False,False,True,D
46,undemonstrated,0.0300,0.03,0.029584880109227996,0.23111410023442172,-1.46484375,619,0.1511,D,D,True,True,1,False,False,True,D
46,undemonstrated,0.0210,0.021,0.021267133413799044,0.15335496684492847,-1.875,619,0.1511,D,D,True,True,1,False,False,True,D
47,demonstrated,natural,,0.1022473573368643,1.0,0.0,604,0.1475,E,A,False,True,3,True,True,True,"◆ A
⟦OK⟧"
47,demonstrated,0.0600,0.06,0.05943583851380296,0.4152368286818413,-0.87890625,604,0.1475,E,A,False,True,3,True,True,True,"◆ A
⟦OK⟧"
47,demonstrated,0.0450,0.045,0.04471762358124565,0.2755289704553164,-1.2890625,604,0.1475,E,A,False,True,3,True,True,True,"◆ A
⟦OK⟧"
47,demonstrated,0.0375,0.0375,0.03747815843155777,0.21796135555570278,-1.5234375,604,0.1475,E,A,False,True,3,True,True,True,"◆ A
⟦OK⟧"
47,demonstrated,0.0300,0.03,0.029893838426874098,0.1626090785152391,-1.81640625,604,0.1475,E,A,False,True,3,True,True,True,"◆ A
⟦OK⟧"
47,demonstrated,0.0210,0.021,0.02148922836127909,0.10789869514276741,-2.2265625,604,0.1475,E,A,False,True,3,True,True,True,"◆ A
⟦OK⟧"
47,undemonstrated,natural,,0.08392918127790949,1.0,0.0,596,0.1455,E,A,False,True,1,False,False,True,A
47,undemonstrated,0.0600,0.06,0.06053086643587591,0.6257840096045911,-0.4687500596046448,596,0.1455,E,A,False,True,1,False,False,True,A
47,undemonstrated,0.0450,0.045,0.04466237380128035,0.4152368286818413,-0.87890625,596,0.1455,E,A,False,True,1,False,False,True,A
47,undemonstrated,0.0375,0.0375,0.037136563396117594,0.32847936791032617,-1.11328125,596,0.1455,E,A,False,True,1,False,False,True,A
47,undemonstrated,0.0300,0.03,0.02918325557113377,0.2450605392455259,-1.40625,596,0.1455,E,A,False,True,1,False,False,True,A
47,undemonstrated,0.0210,0.021,0.02187545317181261,0.17242162389375282,-1.7578125,596,0.1455,E,A,False,True,1,False,False,True,A
48,demonstrated,natural,,0.0822656640468935,1.0,0.0,1083,0.2644,E,B,False,True,3,True,True,True,"◆ B
⟦OK⟧"
48,demonstrated,0.0600,0.06,0.05988420833191643,0.5901705299683179,-0.5273438096046448,1083,0.2644,E,B,False,True,3,True,True,True,"◆ B
⟦OK⟧"
48,demonstrated,0.0450,0.045,0.04543557621084915,0.391605626676799,-0.9375,1083,0.2644,E,B,False,True,3,True,True,True,"◆ B
⟦OK⟧"
48,demonstrated,0.0375,0.0375,0.0381834951424751,0.30978554847668166,-1.171875,1083,0.2644,E,B,False,True,3,True,True,True,"◆ B
⟦OK⟧"
48,demonstrated,0.0300,0.03,0.029137861701429735,0.21796135555570278,-1.5234375,1083,0.2644,E,B,False,True,3,True,True,True,"◆ B
⟦OK⟧"
48,demonstrated,0.0210,0.021,0.021918118755816396,0.15335496684492847,-1.875,1083,0.2644,E,B,False,True,3,True,True,True,"◆ B
⟦OK⟧"
48,undemonstrated,natural,,0.07040761137692719,1.0,0.0,1075,0.2625,E,D,False,True,1,False,False,True,D
48,undemonstrated,0.0600,0.06,0.060506627711385264,0.8145836745758614,-0.2050781399011612,1075,0.2625,E,D,False,True,1,False,False,True,D
48,undemonstrated,0.0450,0.045,0.044796750855788936,0.556583819812148,-0.5859375,1075,0.2625,E,D,False,True,1,False,False,True,D
48,undemonstrated,0.0375,0.0375,0.03794603176164202,0.440294041117178,-0.8203125,1075,0.2625,E,D,False,True,1,False,False,True,D
48,undemonstrated,0.0300,0.03,0.030146820769896943,0.32847936791032617,-1.11328125,1075,0.2625,E,D,False,True,1,False,False,True,D
48,undemonstrated,0.0210,0.021,0.021682569127995377,0.21796135555570278,-1.5234375,1075,0.2625,E,D,False,True,1,False,False,True,D
49,demonstrated,natural,,0.08701250568429764,1.0,0.0,963,0.2351,D,E,False,True,3,True,True,True,"◆ E
⟦OK⟧"
49,demonstrated,0.0600,0.06,0.06085796456590131,0.556583819812148,-0.5859375,963,0.2351,D,E,False,True,3,True,True,True,"◆ E
⟦OK⟧"
49,demonstrated,0.0450,0.045,0.04412496760749818,0.34830125444308524,-1.0546875,963,0.2351,D,D,True,True,3,True,True,True,"◆ D
⟦OK⟧"
49,demonstrated,0.0375,0.0375,0.036919519905298515,0.2755289704553164,-1.2890625,963,0.2351,D,D,True,True,3,True,True,True,"◆ D
⟦OK⟧"
49,demonstrated,0.0300,0.03,0.03072827436495551,0.21796135555570278,-1.5234375,963,0.2351,D,D,True,True,3,True,True,True,"◆ D
⟦OK⟧"
49,demonstrated,0.0210,0.021,0.020779412400692587,0.1363967310184996,-1.9921875,963,0.2351,D,D,True,True,3,True,True,True,"◆ D
⟦OK⟧"
49,undemonstrated,natural,,0.07564528403867321,1.0,0.0,955,0.2332,D,D,True,True,1,False,False,True,D
49,undemonstrated,0.0600,0.06,0.060034661307383885,0.7245057179369678,-0.322265625,955,0.2332,D,D,True,True,1,False,False,True,D
49,undemonstrated,0.0450,0.045,0.04400485133942844,0.4950358969261986,-0.703125,955,0.2332,D,D,True,True,1,False,False,True,D
49,undemonstrated,0.0375,0.0375,0.03652066802713616,0.391605626676799,-0.9375,955,0.2332,D,D,True,True,1,False,False,True,D
49,undemonstrated,0.0300,0.03,0.0299896209894146,0.30978554847668166,-1.171875,955,0.2332,D,D,True,True,1,False,False,True,D
49,undemonstrated,0.0210,0.021,0.02020986111510248,0.19385884264329528,-1.640625,955,0.2332,D,D,True,True,1,False,False,True,D
50,demonstrated,natural,,0.08278957928791897,1.0,0.0,1165,0.2844,C,C,True,True,3,True,True,True,"◆ C
⟦OK⟧"
50,demonstrated,0.0600,0.06,0.05979211653973859,0.5901705299683179,-0.5273438096046448,1165,0.2844,C,C,True,True,3,True,True,True,"◆ C
⟦OK⟧"
50,demonstrated,0.0450,0.045,0.04520727860609686,0.391605626676799,-0.9375,1165,0.2844,C,C,True,True,3,True,True,True,"◆ C
⟦OK⟧"
50,demonstrated,0.0375,0.0375,0.03809217792348285,0.30978554847668166,-1.171875,1165,0.2844,C,C,True,True,3,True,True,True,"◆ C
⟦OK⟧"
50,demonstrated,0.0300,0.03,0.030348551932567247,0.23111410023442172,-1.46484375,1165,0.2844,C,C,True,True,3,True,True,True,"◆ C
⟦OK⟧"
50,demonstrated,0.0210,0.021,0.021937426563538365,0.15335496684492847,-1.875,1165,0.2844,C,C,True,True,3,True,True,True,"◆ C
⟦OK⟧"
50,undemonstrated,natural,,0.07556431097624028,1.0,0.0,1157,0.2825,C,E,False,True,1,False,False,True,E
50,undemonstrated,0.0600,0.06,0.06027254506671653,0.7460454542533906,-0.2929687201976776,1157,0.2825,C,E,False,True,1,False,False,True,E
50,undemonstrated,0.0450,0.045,0.04485345705953936,0.5405141974474641,-0.6152344346046448,1157,0.2825,C,C,True,True,1,False,False,True,C
50,undemonstrated,0.0375,0.0375,0.03804639465526716,0.440294041117178,-0.8203125,1157,0.2825,C,C,True,True,1,False,False,True,C
50,undemonstrated,0.0300,0.03,0.02978850029316238,0.32847936791032617,-1.11328125,1157,0.2825,C,C,True,True,1,False,False,True,C
50,undemonstrated,0.0210,0.021,0.02078300820601897,0.21796135555570278,-1.5234375,1157,0.2825,C,C,True,True,1,False,False,True,C
51,demonstrated,natural,,0.08463680816406027,1.0,0.0,1059,0.2585,C,C,True,True,3,True,True,True,"◆ C
⟦OK⟧"
51,demonstrated,0.0600,0.06,0.059416778134125936,0.556583819812148,-0.5859375,1059,0.2585,C,C,True,True,3,True,True,True,"◆ C
⟦OK⟧"
51,demonstrated,0.0450,0.045,0.04518690257582447,0.3693192805940405,-0.99609375,1059,0.2585,C,C,True,True,3,True,True,True,"◆ C
⟦OK⟧"
51,demonstrated,0.0375,0.0375,0.0365789045921483,0.2755289704553164,-1.2890625,1059,0.2585,C,C,True,True,3,True,True,True,"◆ C
⟦OK⟧"
51,demonstrated,0.0300,0.03,0.030392017111066094,0.21796135555570278,-1.5234375,1059,0.2585,C,C,True,True,3,True,True,True,"◆ C
⟦OK⟧"
51,demonstrated,0.0210,0.021,0.02062349440656952,0.1363967310184996,-1.9921875,1059,0.2585,C,C,True,True,3,True,True,True,"◆ C
⟦OK⟧"
51,undemonstrated,natural,,0.07060105309723141,1.0,0.0,1051,0.2566,C,C,True,True,1,False,False,True,C
51,undemonstrated,0.0600,0.06,0.0597303710885031,0.791065110850296,-0.2343750149011612,1051,0.2566,C,C,True,True,1,False,False,True,C
51,undemonstrated,0.0450,0.045,0.045955590366081545,0.556583819812148,-0.5859375,1051,0.2566,C,C,True,True,1,False,False,True,C
51,undemonstrated,0.0375,0.0375,0.03700683967444185,0.4152368286818413,-0.87890625,1051,0.2566,C,C,True,True,1,False,False,True,C
51,undemonstrated,0.0300,0.03,0.029292253189484363,0.30978554847668166,-1.171875,1051,0.2566,C,C,True,True,1,False,False,True,C
51,undemonstrated,0.0210,0.021,0.021907128853817293,0.21796135555570278,-1.5234375,1051,0.2566,C,C,True,True,1,False,False,True,C
52,demonstrated,natural,,0.10138879643437448,1.0,0.0,675,0.1648,C,D,False,True,3,True,True,True,"◆ D
⟦OK⟧"
52,demonstrated,0.0600,0.06,0.05906366824773279,0.4152368286818413,-0.87890625,675,0.1648,C,D,False,True,3,True,True,True,"◆ D
⟦OK⟧"
52,demonstrated,0.0450,0.045,0.04436541302969932,0.2755289704553164,-1.2890625,675,0.1648,C,D,False,True,3,True,True,True,"◆ D
⟦OK⟧"
52,demonstrated,0.0375,0.0375,0.0369855790711604,0.21796135555570278,-1.5234375,675,0.1648,C,D,False,True,3,True,True,True,"◆ D
⟦OK⟧"
52,demonstrated,0.0300,0.03,0.030759695729360548,0.17242162389375282,-1.7578125,675,0.1648,C,D,False,True,3,True,True,True,"◆ D
⟦OK⟧"
52,demonstrated,0.0210,0.021,0.02089291821887551,0.10789869514276741,-2.2265625,675,0.1648,C,D,False,True,3,True,True,True,"◆ D
⟦OK⟧"
52,undemonstrated,natural,,0.08428416031957298,1.0,0.0,667,0.1628,C,E,False,True,1,False,False,True,E
52,undemonstrated,0.0600,0.06,0.05930288015244045,0.6257840096045911,-0.4687500596046448,667,0.1628,C,D,False,True,1,False,False,True,D
52,undemonstrated,0.0450,0.045,0.04499956141583539,0.440294041117178,-0.8203125,667,0.1628,C,D,False,True,1,False,False,True,D
52,undemonstrated,0.0375,0.0375,0.03726605200045796,0.34830125444308524,-1.0546875,667,0.1628,C,D,False,True,1,False,False,True,D
52,undemonstrated,0.0300,0.03,0.030774596584736358,0.2755289704553164,-1.2890625,667,0.1628,C,D,False,True,1,False,False,True,D
52,undemonstrated,0.0210,0.021,0.020943938706396548,0.17242162389375282,-1.7578125,667,0.1628,C,D,False,True,1,False,False,True,D
53,demonstrated,natural,,0.09838106901375454,1.0,0.0,613,0.1497,A,C,False,True,3,True,True,True,"◆ C
⟦OK⟧"
53,demonstrated,0.0600,0.06,0.060685169365797265,0.46686331570996537,-0.76171875,613,0.1497,A,C,False,True,3,True,True,True,"◆ C
⟦OK⟧"
53,demonstrated,0.0450,0.045,0.04490443528053589,0.30978554847668166,-1.171875,613,0.1497,A,C,False,True,3,True,True,True,"◆ C
⟦OK⟧"
53,demonstrated,0.0375,0.0375,0.03734171043744183,0.2450605392455259,-1.40625,613,0.1497,A,C,False,True,3,True,True,True,"◆ C
⟦OK⟧"
53,demonstrated,0.0300,0.03,0.02968540781690976,0.18282630132100924,-1.69921875,613,0.1497,A,C,False,True,3,True,True,True,"◆ C
⟦OK⟧"
53,demonstrated,0.0210,0.021,0.021146877544991227,0.1213137638466268,-2.109375,613,0.1497,A,C,False,True,3,True,True,True,"◆ C
⟦OK⟧"
53,undemonstrated,natural,,0.08624377641368142,1.0,0.0,605,0.1477,A,A,True,True,1,False,False,True,A
53,undemonstrated,0.0600,0.06,0.05930513665144588,0.5901705299683179,-0.5273438096046448,605,0.1477,A,A,True,True,1,False,False,True,A
53,undemonstrated,0.0450,0.045,0.04481627242267194,0.4152368286818413,-0.87890625,605,0.1477,A,A,True,True,1,False,False,True,A
53,undemonstrated,0.0375,0.0375,0.03711801377578183,0.32847936791032617,-1.11328125,605,0.1477,A,A,True,True,1,False,False,True,A
53,undemonstrated,0.0300,0.03,0.029154476248915984,0.2450605392455259,-1.40625,605,0.1477,A,A,True,True,1,False,False,True,A
53,undemonstrated,0.0210,0.021,0.021876942277319955,0.17242162389375282,-1.7578125,605,0.1477,A,A,True,True,1,False,False,True,A
54,demonstrated,natural,,0.10230953458869863,1.0,0.0,606,0.1479,C,D,False,True,3,True,True,True,"◆ D
⟦OK⟧"
54,demonstrated,0.0600,0.06,0.06016209583627585,0.440294041117178,-0.8203125,606,0.1479,C,C,True,True,3,True,True,True,"◆ C
⟦OK⟧"
54,demonstrated,0.0450,0.045,0.04463582013999101,0.2921555976422762,-1.23046875,606,0.1479,C,D,False,True,3,True,True,True,"◆ D
⟦OK⟧"
54,demonstrated,0.0375,0.0375,0.037497735809846944,0.23111410023442172,-1.46484375,606,0.1479,C,C,True,True,3,True,True,True,"◆ C
⟦OK⟧"
54,demonstrated,0.0300,0.03,0.029882887609181452,0.17242162389375282,-1.7578125,606,0.1479,C,C,True,True,3,True,True,True,"◆ C
⟦OK⟧"
54,demonstrated,0.0210,0.021,0.020869960642642127,0.11440977590183832,-2.16796875,606,0.1479,C,C,True,True,3,True,True,True,"◆ C
⟦OK⟧"
54,undemonstrated,natural,,0.08783003205969919,1.0,0.0,598,0.146,C,C,True,True,1,False,False,True,C
54,undemonstrated,0.0600,0.06,0.05985751598700517,0.5901705299683179,-0.5273438096046448,598,0.146,C,C,True,True,1,False,False,True,C
54,undemonstrated,0.0450,0.045,0.045456547841659756,0.4152368286818413,-0.87890625,598,0.146,C,C,True,True,1,False,False,True,C
54,undemonstrated,0.0375,0.0375,0.03788538929448748,0.32847936791032617,-1.11328125,598,0.146,C,C,True,True,1,False,False,True,C
54,undemonstrated,0.0300,0.03,0.02969101908756855,0.2450605392455259,-1.40625,598,0.146,C,C,True,True,1,False,False,True,C
54,undemonstrated,0.0210,0.021,0.02020604242842694,0.15335496684492847,-1.875,598,0.146,C,C,True,True,1,False,False,True,C
55,demonstrated,natural,,0.09960987857058257,1.0,0.0,646,0.1577,C,C,True,True,3,True,True,True,"◆ C
⟦OK⟧"
55,demonstrated,0.0600,0.06,0.05971408344931728,0.440294041117178,-0.8203125,646,0.1577,C,C,True,True,3,True,True,True,"◆ C
⟦OK⟧"
55,demonstrated,0.0450,0.045,0.04427960139602671,0.2921555976422762,-1.23046875,646,0.1577,C,C,True,True,3,True,True,True,"◆ C
⟦OK⟧"
55,demonstrated,0.0375,0.0375,0.03727898449777678,0.23111410023442172,-1.46484375,646,0.1577,C,C,True,True,3,True,True,True,"◆ C
⟦OK⟧"
55,demonstrated,0.0300,0.03,0.02979036459481721,0.17242162389375282,-1.7578125,646,0.1577,C,C,True,True,3,True,True,True,"◆ C
⟦OK⟧"
55,demonstrated,0.0210,0.021,0.02043536473625962,0.10789869514276741,-2.2265625,646,0.1577,C,C,True,True,3,True,True,True,"◆ C
⟦OK⟧"
55,undemonstrated,natural,,0.08314021225475443,1.0,0.0,638,0.1558,C,C,True,True,1,False,False,True,C
55,undemonstrated,0.0600,0.06,0.05920282065778082,0.6257840096045911,-0.4687500596046448,638,0.1558,C,C,True,True,1,False,False,True,C
55,undemonstrated,0.0450,0.045,0.04562333742341451,0.440294041117178,-0.8203125,638,0.1558,C,C,True,True,1,False,False,True,C
55,undemonstrated,0.0375,0.0375,0.03800259324601285,0.34830125444308524,-1.0546875,638,0.1558,C,C,True,True,1,False,False,True,C
55,undemonstrated,0.0300,0.03,0.03049451142404891,0.25984856758801733,-1.34765625,638,0.1558,C,C,True,True,1,False,False,True,C
55,undemonstrated,0.0210,0.021,0.021847858240320317,0.17242162389375282,-1.7578125,638,0.1558,C,C,True,True,1,False,False,True,C
56,demonstrated,natural,,0.10219042891447572,1.0,0.0,655,0.1599,E,D,False,True,3,True,True,True,"◆ D
⟦OK⟧"
56,demonstrated,0.0600,0.06,0.05963620345707277,0.4152368286818413,-0.87890625,655,0.1599,E,D,False,True,3,True,True,True,"◆ D
⟦OK⟧"
56,demonstrated,0.0450,0.045,0.04481052562801224,0.2755289704553164,-1.2890625,655,0.1599,E,D,False,True,3,True,True,True,"◆ D
⟦OK⟧"
56,demonstrated,0.0375,0.0375,0.03771155272734861,0.21796135555570278,-1.5234375,655,0.1599,E,D,False,True,3,True,True,True,"◆ D
⟦OK⟧"
56,demonstrated,0.0300,0.03,0.03003832893626157,0.1626090785152391,-1.81640625,655,0.1599,E,D,False,True,3,True,True,True,"◆ D
⟦OK⟧"
56,demonstrated,0.0210,0.021,0.02152392230647604,0.10789869514276741,-2.2265625,655,0.1599,E,D,False,True,3,True,True,True,"◆ D
⟦OK⟧"
56,undemonstrated,natural,,0.08880751037665746,1.0,0.0,647,0.158,E,D,False,True,1,False,False,True,D
56,undemonstrated,0.0600,0.06,0.06047081944806543,0.5901705299683179,-0.5273438096046448,647,0.158,E,D,False,True,1,False,False,True,D
56,undemonstrated,0.0450,0.045,0.0440023024477636,0.391605626676799,-0.9375,647,0.158,E,D,False,True,1,False,False,True,D
56,undemonstrated,0.0375,0.0375,0.038382276993676356,0.32847936791032617,-1.11328125,647,0.158,E,D,False,True,1,False,False,True,D
56,undemonstrated,0.0300,0.03,0.030236286830302106,0.2450605392455259,-1.40625,647,0.158,E,D,False,True,1,False,False,True,D
56,undemonstrated,0.0210,0.021,0.020604682103262384,0.15335496684492847,-1.875,647,0.158,E,D,False,True,1,False,False,True,D
57,demonstrated,natural,,0.10129794118050128,1.0,0.0,669,0.1633,C,B,False,True,3,True,True,True,"◆ B
⟦OK⟧"
57,demonstrated,0.0600,0.06,0.05996662841594258,0.427581923519937,-0.849609375,669,0.1633,C,B,False,True,3,True,True,True,"◆ B
⟦OK⟧"
57,demonstrated,0.0450,0.045,0.04404975709016057,0.2755289704553164,-1.2890625,669,0.1633,C,B,False,True,3,True,True,True,"◆ B
⟦OK⟧"
57,demonstrated,0.0375,0.0375,0.03695242131309051,0.21796135555570278,-1.5234375,669,0.1633,C,B,False,True,3,True,True,True,"◆ B
⟦OK⟧"
57,demonstrated,0.0300,0.03,0.03082514881231191,0.17242162389375282,-1.7578125,669,0.1633,C,B,False,True,3,True,True,True,"◆ B
⟦OK⟧"
57,demonstrated,0.0210,0.021,0.021011536805477515,0.10789869514276741,-2.2265625,669,0.1633,C,B,False,True,3,True,True,True,"◆ B
⟦OK⟧"
57,undemonstrated,natural,,0.0917305351921236,1.0,0.0,661,0.1614,C,B,False,True,1,False,False,True,B
57,undemonstrated,0.0600,0.06,0.06033736954943514,0.5731311960714808,-0.556640625,661,0.1614,C,B,False,True,1,False,False,True,B
57,undemonstrated,0.0450,0.045,0.044695961530948125,0.391605626676799,-0.9375,661,0.1614,C,B,False,True,1,False,False,True,B
57,undemonstrated,0.0375,0.0375,0.03699929827360027,0.30978554847668166,-1.171875,661,0.1614,C,B,False,True,1,False,False,True,B
57,undemonstrated,0.0300,0.03,0.03047066091527295,0.2450605392455259,-1.40625,661,0.1614,C,B,False,True,1,False,False,True,B
57,undemonstrated,0.0210,0.021,0.020743498283672945,0.15335496684492847,-1.875,661,0.1614,C,B,False,True,1,False,False,True,B
58,demonstrated,natural,,0.09038746860048263,1.0,0.0,852,0.208,B,B,True,True,3,True,True,True,"◆ B
⟦OK⟧"
58,demonstrated,0.0600,0.06,0.05964903835088364,0.5249085353233612,-0.64453125,852,0.208,B,B,True,True,3,True,True,True,"◆ B
⟦OK⟧"
58,demonstrated,0.0450,0.045,0.04441859919431934,0.34830125444308524,-1.0546875,852,0.208,B,B,True,True,3,True,True,True,"◆ B
⟦OK⟧"
58,demonstrated,0.0375,0.0375,0.03704313300259088,0.2755289704553164,-1.2890625,852,0.208,B,B,True,True,3,True,True,True,"◆ B
⟦OK⟧"
58,demonstrated,0.0300,0.03,0.030459377964344725,0.21796135555570278,-1.5234375,852,0.208,B,B,True,True,3,True,True,True,"◆ B
⟦OK⟧"
58,demonstrated,0.0210,0.021,0.020564728067920424,0.1363967310184996,-1.9921875,852,0.208,B,B,True,True,3,True,True,True,"◆ B
⟦OK⟧"
58,undemonstrated,natural,,0.0795326748713876,1.0,0.0,844,0.2061,B,B,True,True,1,False,False,True,B
58,undemonstrated,0.0600,0.06,0.05930718816227909,0.663546562885513,-0.41015625,844,0.2061,B,B,True,True,1,False,False,True,B
58,undemonstrated,0.0450,0.045,0.04526617617130668,0.46686331570996537,-0.76171875,844,0.2061,B,B,True,True,1,False,False,True,B
58,undemonstrated,0.0375,0.0375,0.03738711712503928,0.3693192805940405,-0.99609375,844,0.2061,B,B,True,True,1,False,False,True,B
58,undemonstrated,0.0300,0.03,0.02951245541230474,0.2755289704553164,-1.2890625,844,0.2061,B,B,True,True,1,False,False,True,B
58,undemonstrated,0.0210,0.021,0.02185874372456542,0.19385884264329528,-1.640625,844,0.2061,B,B,True,True,1,False,False,True,B
59,demonstrated,natural,,0.09430173745876846,1.0,0.0,779,0.1902,E,E,True,True,3,True,True,True,"◆ E
⟦OK⟧"
59,demonstrated,0.0600,0.06,0.060981707794373285,0.4950358969261986,-0.703125,779,0.1902,E,E,True,True,3,True,True,True,"◆ E
⟦OK⟧"
59,demonstrated,0.0450,0.045,0.04583118485615856,0.32847936791032617,-1.11328125,779,0.1902,E,E,True,True,3,True,True,True,"◆ E
⟦OK⟧"
59,demonstrated,0.0375,0.0375,0.03671430163804623,0.2450605392455259,-1.40625,779,0.1902,E,E,True,True,3,True,True,True,"◆ E
⟦OK⟧"
59,demonstrated,0.0300,0.03,0.030421442312599467,0.19385884264329528,-1.640625,779,0.1902,E,E,True,True,3,True,True,True,"◆ E
⟦OK⟧"
59,demonstrated,0.0210,0.021,0.020648297611226885,0.1213137638466268,-2.109375,779,0.1902,E,E,True,True,3,True,True,True,"◆ E
⟦OK⟧"
59,undemonstrated,natural,,0.08162931211048807,1.0,0.0,771,0.1882,E,E,True,True,1,False,False,True,E
59,undemonstrated,0.0600,0.06,0.059793923342128075,0.6257840096045911,-0.4687500596046448,771,0.1882,E,E,True,True,1,False,False,True,E
59,undemonstrated,0.0450,0.045,0.04598164179700115,0.440294041117178,-0.8203125,771,0.1882,E,E,True,True,1,False,False,True,E
59,undemonstrated,0.0375,0.0375,0.03817031191028386,0.34830125444308524,-1.0546875,771,0.1882,E,E,True,True,1,False,False,True,E
59,undemonstrated,0.0300,0.03,0.03007463956656542,0.25984856758801733,-1.34765625,771,0.1882,E,E,True,True,1,False,False,True,E
59,undemonstrated,0.0210,0.021,0.021141396405379265,0.17242162389375282,-1.7578125,771,0.1882,E,E,True,True,1,False,False,True,E
60,demonstrated,natural,,0.09154450667439562,1.0,0.0,903,0.2205,E,E,True,True,3,True,True,True,"◆ E
⟦OK⟧"
60,demonstrated,0.0600,0.06,0.05927183895929122,0.4950358969261986,-0.703125,903,0.2205,E,E,True,True,3,True,True,True,"◆ E
⟦OK⟧"
60,demonstrated,0.0450,0.045,0.04492468459784282,0.32847936791032617,-1.11328125,903,0.2205,E,E,True,True,3,True,True,True,"◆ E
⟦OK⟧"
60,demonstrated,0.0375,0.0375,0.03772561847627065,0.25984856758801733,-1.34765625,903,0.2205,E,E,True,True,3,True,True,True,"◆ E
⟦OK⟧"
60,demonstrated,0.0300,0.03,0.02999247436508634,0.19385884264329528,-1.640625,903,0.2205,E,E,True,True,3,True,True,True,"◆ E
⟦OK⟧"
60,demonstrated,0.0210,0.021,0.020491304620947615,0.1213137638466268,-2.109375,903,0.2205,E,E,True,True,3,True,True,True,"◆ E
⟦OK⟧"
60,undemonstrated,natural,,0.08030857461288665,1.0,0.0,895,0.2185,E,E,True,True,1,False,False,True,E
60,undemonstrated,0.0600,0.06,0.060384109585853274,0.663546562885513,-0.41015625,895,0.2185,E,E,True,True,1,False,False,True,E
60,undemonstrated,0.0450,0.045,0.04476228062747767,0.440294041117178,-0.8203125,895,0.2185,E,E,True,True,1,False,False,True,E
60,undemonstrated,0.0375,0.0375,0.037275005526471006,0.34830125444308524,-1.0546875,895,0.2185,E,E,True,True,1,False,False,True,E
60,undemonstrated,0.0300,0.03,0.029613759595288558,0.25984856758801733,-1.34765625,895,0.2185,E,E,True,True,1,False,False,True,E
60,undemonstrated,0.0210,0.021,0.021325392703278157,0.17242162389375282,-1.7578125,895,0.2185,E,E,True,True,1,False,False,True,E
61,demonstrated,natural,,0.1059109504631266,1.0,0.0,565,0.1379,E,E,True,True,3,True,True,True,"◆ E
⟦OK⟧"
61,demonstrated,0.0600,0.06,0.06075192446079569,0.4152368286818413,-0.87890625,565,0.1379,E,E,True,True,3,True,True,True,"◆ E
⟦OK⟧"
61,demonstrated,0.0450,0.045,0.04520419772012474,0.2755289704553164,-1.2890625,565,0.1379,E,E,True,True,3,True,True,True,"◆ E
⟦OK⟧"
61,demonstrated,0.0375,0.0375,0.03789234522580465,0.21796135555570278,-1.5234375,565,0.1379,E,E,True,True,3,True,True,True,"◆ E
⟦OK⟧"
61,demonstrated,0.0300,0.03,0.03003625083828254,0.1626090785152391,-1.81640625,565,0.1379,E,E,True,True,3,True,True,True,"◆ E
⟦OK⟧"
61,demonstrated,0.0210,0.021,0.021395150799728313,0.10789869514276741,-2.2265625,565,0.1379,E,E,True,True,3,True,True,True,"◆ E
⟦OK⟧"
61,undemonstrated,natural,,0.09105371676750451,1.0,0.0,557,0.136,E,D,False,True,1,False,False,True,D
61,undemonstrated,0.0600,0.06,0.06002003579285997,0.556583819812148,-0.5859375,557,0.136,E,E,True,True,1,False,False,True,E
61,undemonstrated,0.0450,0.045,0.0459626974648657,0.391605626676799,-0.9375,557,0.136,E,E,True,True,1,False,False,True,E
61,undemonstrated,0.0375,0.0375,0.03819234065679211,0.30978554847668166,-1.171875,557,0.136,E,E,True,True,1,False,False,True,E
61,undemonstrated,0.0300,0.03,0.030362305501094866,0.23111410023442172,-1.46484375,557,0.136,E,E,True,True,1,False,False,True,E
61,undemonstrated,0.0210,0.021,0.02189202107372168,0.15335496684492847,-1.875,557,0.136,E,E,True,True,1,False,False,True,E
62,demonstrated,natural,,0.10502604539836113,1.0,0.0,606,0.1479,E,B,False,True,3,True,True,True,"◆ B
⟦OK⟧"
62,demonstrated,0.0600,0.06,0.06062761959670482,0.4152368286818413,-0.87890625,606,0.1479,E,B,False,True,3,True,True,True,"◆ B
⟦OK⟧"
62,demonstrated,0.0450,0.045,0.045299512553075516,0.2755289704553164,-1.2890625,606,0.1479,E,B,False,True,3,True,True,True,"◆ B
⟦OK⟧"
62,demonstrated,0.0375,0.0375,0.03768445157686173,0.21796135555570278,-1.5234375,606,0.1479,E,B,False,True,3,True,True,True,"◆ B
⟦OK⟧"
62,demonstrated,0.0300,0.03,0.030252246174043762,0.1626090785152391,-1.81640625,606,0.1479,E,B,False,True,3,True,True,True,"◆ B
⟦OK⟧"
62,demonstrated,0.0210,0.021,0.02152978789852078,0.10789869514276741,-2.2265625,606,0.1479,E,B,False,True,3,True,True,True,"◆ B
⟦OK⟧"
62,undemonstrated,natural,,0.08848809670544,1.0,0.0,598,0.146,E,B,False,True,1,False,False,True,B
62,undemonstrated,0.0600,0.06,0.06072510234714201,0.5901705299683179,-0.5273438096046448,598,0.146,E,B,False,True,1,False,False,True,B
62,undemonstrated,0.0450,0.045,0.04446897205723843,0.391605626676799,-0.9375,598,0.146,E,B,False,True,1,False,False,True,B
62,undemonstrated,0.0375,0.0375,0.036928448566207805,0.30978554847668166,-1.171875,598,0.146,E,B,False,True,1,False,False,True,B
62,undemonstrated,0.0300,0.03,0.030331618511041825,0.2450605392455259,-1.40625,598,0.146,E,B,False,True,1,False,False,True,B
62,undemonstrated,0.0210,0.021,0.02063453171611762,0.15335496684492847,-1.875,598,0.146,E,B,False,True,1,False,False,True,B
63,demonstrated,natural,,0.10702914706811839,1.0,0.0,553,0.135,D,D,True,True,3,True,True,True,"◆ D
⟦OK⟧"
63,demonstrated,0.0600,0.06,0.060164069456675406,0.4032481599651003,-0.908203125,553,0.135,D,D,True,True,3,True,True,True,"◆ D
⟦OK⟧"
63,demonstrated,0.0450,0.045,0.04518144512176647,0.2755289704553164,-1.2890625,553,0.135,D,D,True,True,3,True,True,True,"◆ D
⟦OK⟧"
63,demonstrated,0.0375,0.0375,0.03773170659823322,0.21796135555570278,-1.5234375,553,0.135,D,D,True,True,3,True,True,True,"◆ D
⟦OK⟧"
63,demonstrated,0.0300,0.03,0.029820644119553208,0.1626090785152391,-1.81640625,553,0.135,D,D,True,True,3,True,True,True,"◆ D
⟦OK⟧"
63,demonstrated,0.0210,0.021,0.021126996909172746,0.10789869514276741,-2.2265625,553,0.135,D,D,True,True,3,True,True,True,"◆ D
⟦OK⟧"
63,undemonstrated,natural,,0.08961766776184277,1.0,0.0,545,0.1331,D,D,True,True,1,False,False,True,D
63,undemonstrated,0.0600,0.06,0.05982879409568653,0.5731311960714808,-0.556640625,545,0.1331,D,D,True,True,1,False,False,True,D
63,undemonstrated,0.0450,0.045,0.04482429434327884,0.391605626676799,-0.9375,545,0.1331,D,D,True,True,1,False,False,True,D
63,undemonstrated,0.0375,0.0375,0.03701922192403018,0.30978554847668166,-1.171875,545,0.1331,D,D,True,True,1,False,False,True,D
63,undemonstrated,0.0300,0.03,0.030525908254617207,0.2450605392455259,-1.40625,545,0.1331,D,D,True,True,1,False,False,True,D
63,undemonstrated,0.0210,0.021,0.020815031124707062,0.15335496684492847,-1.875,545,0.1331,D,D,True,True,1,False,False,True,D
64,demonstrated,natural,,0.09538470564234913,1.0,0.0,802,0.1958,A,A,True,True,3,True,True,True,"◆ A
⟦OK⟧"
64,demonstrated,0.0600,0.06,0.0600424627954772,0.46686331570996537,-0.76171875,802,0.1958,A,A,True,True,3,True,True,True,"◆ A
⟦OK⟧"
64,demonstrated,0.0450,0.045,0.04469391288455249,0.30978554847668166,-1.171875,802,0.1958,A,A,True,True,3,True,True,True,"◆ A
⟦OK⟧"
64,demonstrated,0.0375,0.0375,0.037171312263864165,0.2450605392455259,-1.40625,802,0.1958,A,A,True,True,3,True,True,True,"◆ A
⟦OK⟧"
64,demonstrated,0.0300,0.03,0.03096146996157656,0.19385884264329528,-1.640625,802,0.1958,A,A,True,True,3,True,True,True,"◆ A
⟦OK⟧"
64,demonstrated,0.0210,0.021,0.02105631234085248,0.1213137638466268,-2.109375,802,0.1958,A,A,True,True,3,True,True,True,"◆ A
⟦OK⟧"
64,undemonstrated,natural,,0.07684754116544035,1.0,0.0,794,0.1938,A,A,True,True,1,False,False,True,A
64,undemonstrated,0.0600,0.06,0.060251568673806766,0.7035878743456275,-0.3515624701976776,794,0.1938,A,A,True,True,1,False,False,True,A
64,undemonstrated,0.0450,0.045,0.04504597576551839,0.46686331570996537,-0.76171875,794,0.1938,A,A,True,True,1,False,False,True,A
64,undemonstrated,0.0375,0.0375,0.037525308616899844,0.3693192805940405,-0.99609375,794,0.1938,A,A,True,True,1,False,False,True,A
64,undemonstrated,0.0300,0.03,0.029699434109794476,0.2755289704553164,-1.2890625,794,0.1938,A,A,True,True,1,False,False,True,A
64,undemonstrated,0.0210,0.021,0.020895107340571317,0.18282630132100924,-1.69921875,794,0.1938,A,A,True,True,1,False,False,True,A
65,demonstrated,natural,,0.09035948224745027,1.0,0.0,905,0.2209,B,B,True,True,3,True,True,True,"◆ B
⟦OK⟧"
65,demonstrated,0.0600,0.06,0.06079794306703157,0.5249085353233612,-0.64453125,905,0.2209,B,B,True,True,3,True,True,True,"◆ B
⟦OK⟧"
65,demonstrated,0.0450,0.045,0.045771038849631296,0.34830125444308524,-1.0546875,905,0.2209,B,B,True,True,3,True,True,True,"◆ B
⟦OK⟧"
65,demonstrated,0.0375,0.0375,0.036990273191970235,0.25984856758801733,-1.34765625,905,0.2209,B,B,True,True,3,True,True,True,"◆ B
⟦OK⟧"
65,demonstrated,0.0300,0.03,0.02942786408215259,0.19385884264329528,-1.640625,905,0.2209,B,B,True,True,3,True,True,True,"◆ B
⟦OK⟧"
65,demonstrated,0.0210,0.021,0.020073603788355543,0.1213137638466268,-2.109375,905,0.2209,B,B,True,True,3,True,True,True,"◆ B
⟦OK⟧"
65,undemonstrated,natural,,0.07899311034293355,1.0,0.0,897,0.219,B,B,True,True,1,False,False,True,B
65,undemonstrated,0.0600,0.06,0.05972050911091564,0.663546562885513,-0.41015625,897,0.219,B,B,True,True,1,False,False,True,B
65,undemonstrated,0.0450,0.045,0.04418370238135072,0.440294041117178,-0.8203125,897,0.219,B,B,True,True,1,False,False,True,B
65,undemonstrated,0.0375,0.0375,0.03655530467837931,0.34830125444308524,-1.0546875,897,0.219,B,B,True,True,1,False,False,True,B
65,undemonstrated,0.0300,0.03,0.0304481940231911,0.2755289704553164,-1.2890625,897,0.219,B,B,True,True,1,False,False,True,B
65,undemonstrated,0.0210,0.021,0.020829410019042705,0.17242162389375282,-1.7578125,897,0.219,B,B,True,True,1,False,False,True,B
66,demonstrated,natural,,0.09898747391873641,1.0,0.0,778,0.1899,E,E,True,True,3,True,True,True,"◆ E
⟦OK⟧"
66,demonstrated,0.0600,0.06,0.0604846384867197,0.440294041117178,-0.8203125,778,0.1899,E,E,True,True,3,True,True,True,"◆ E
⟦OK⟧"
66,demonstrated,0.0450,0.045,0.04509565965976803,0.2921555976422762,-1.23046875,778,0.1899,E,E,True,True,3,True,True,True,"◆ E
⟦OK⟧"
66,demonstrated,0.0375,0.0375,0.03783131278871443,0.23111410023442172,-1.46484375,778,0.1899,E,E,True,True,3,True,True,True,"◆ E
⟦OK⟧"
66,demonstrated,0.0300,0.03,0.03021374473838434,0.17242162389375282,-1.7578125,778,0.1899,E,E,True,True,3,True,True,True,"◆ E
⟦OK⟧"
66,demonstrated,0.0210,0.021,0.020357848237299803,0.10789869514276741,-2.2265625,778,0.1899,E,E,True,True,3,True,True,True,"◆ E
⟦OK⟧"
66,undemonstrated,natural,,0.08495636125825001,1.0,0.0,770,0.188,E,E,True,True,1,False,False,True,E
66,undemonstrated,0.0600,0.06,0.06017819507191824,0.6077164475263447,-0.498046875,770,0.188,E,E,True,True,1,False,False,True,E
66,undemonstrated,0.0450,0.045,0.045455262744255265,0.4152368286818413,-0.87890625,770,0.188,E,E,True,True,1,False,False,True,E
66,undemonstrated,0.0375,0.0375,0.03782501004939087,0.32847936791032617,-1.11328125,770,0.188,E,E,True,True,1,False,False,True,E
66,undemonstrated,0.0300,0.03,0.02975051116191163,0.2450605392455259,-1.40625,770,0.188,E,E,True,True,1,False,False,True,E
66,undemonstrated,0.0210,0.021,0.020341960986028917,0.15335496684492847,-1.875,770,0.188,E,E,True,True,1,False,False,True,E
67,demonstrated,natural,,0.10194420508766555,1.0,0.0,659,0.1609,C,E,False,True,3,True,True,True,"◆ E
⟦OK⟧"
67,demonstrated,0.0600,0.06,0.05927714036768705,0.4152368286818413,-0.87890625,659,0.1609,C,E,False,True,3,True,True,True,"◆ E
⟦OK⟧"
67,demonstrated,0.0450,0.045,0.044432475445512765,0.2755289704553164,-1.2890625,659,0.1609,C,E,False,True,3,True,True,True,"◆ E
⟦OK⟧"
67,demonstrated,0.0375,0.0375,0.037199729495554834,0.21796135555570278,-1.5234375,659,0.1609,C,E,False,True,3,True,True,True,"◆ E
⟦OK⟧"
67,demonstrated,0.0300,0.03,0.0296038281991442,0.1626090785152391,-1.81640625,659,0.1609,C,E,False,True,3,True,True,True,"◆ E
⟦OK⟧"
67,demonstrated,0.0210,0.021,0.020956160007862046,0.10789869514276741,-2.2265625,659,0.1609,C,B,False,True,3,True,True,True,"◆ B
⟦OK⟧"
67,undemonstrated,natural,,0.09200451287038369,1.0,0.0,651,0.1589,C,E,False,True,1,False,False,True,E
67,undemonstrated,0.0600,0.06,0.06065644371313539,0.556583819812148,-0.5859375,651,0.1589,C,E,False,True,1,False,False,True,E
67,undemonstrated,0.0450,0.045,0.044857713138498845,0.391605626676799,-0.9375,651,0.1589,C,E,False,True,1,False,False,True,E
67,undemonstrated,0.0375,0.0375,0.0375212792349382,0.31899555036296995,-1.142578125,651,0.1589,C,E,False,True,1,False,False,True,E
67,undemonstrated,0.0300,0.03,0.029964968876767806,0.2450605392455259,-1.40625,651,0.1589,C,E,False,True,1,False,False,True,E
67,undemonstrated,0.0210,0.021,0.02106691578722719,0.1626090785152391,-1.81640625,651,0.1589,C,E,False,True,1,False,False,True,E
68,demonstrated,natural,,0.09315529117617416,1.0,0.0,777,0.1897,C,D,False,True,3,True,True,True,"◆ D
⟦OK⟧"
68,demonstrated,0.0600,0.06,0.05975881788119519,0.4950358969261986,-0.703125,777,0.1897,C,D,False,True,3,True,True,True,"◆ D
⟦OK⟧"
68,demonstrated,0.0450,0.045,0.04474706092615044,0.32847936791032617,-1.11328125,777,0.1897,C,D,False,True,3,True,True,True,"◆ D
⟦OK⟧"
68,demonstrated,0.0375,0.0375,0.037545300540255955,0.25984856758801733,-1.34765625,777,0.1897,C,E,False,True,3,True,True,True,"◆ E
⟦OK⟧"
68,demonstrated,0.0300,0.03,0.02993320894224838,0.19385884264329528,-1.640625,777,0.1897,C,E,False,True,3,True,True,True,"◆ E
⟦OK⟧"
68,demonstrated,0.0210,0.021,0.020287067538165227,0.1213137638466268,-2.109375,777,0.1897,C,E,False,True,3,True,True,True,"◆ E
⟦OK⟧"
68,undemonstrated,natural,,0.07736134868839528,1.0,0.0,769,0.1877,C,D,False,True,1,False,False,True,D
68,undemonstrated,0.0600,0.06,0.06093622416863198,0.7035878743456275,-0.3515624701976776,769,0.1877,C,D,False,True,1,False,False,True,D
68,undemonstrated,0.0450,0.045,0.04464312475847709,0.46686331570996537,-0.76171875,769,0.1877,C,D,False,True,1,False,False,True,D
68,undemonstrated,0.0375,0.0375,0.03684166371173392,0.3693192805940405,-0.99609375,769,0.1877,C,E,False,True,1,False,False,True,E
68,undemonstrated,0.0300,0.03,0.029153316395196693,0.2755289704553164,-1.2890625,769,0.1877,C,D,False,True,1,False,False,True,D
68,undemonstrated,0.0210,0.021,0.021515058267400633,0.19385884264329528,-1.640625,769,0.1877,C,E,False,True,1,False,False,True,E
69,demonstrated,natural,,0.10660400486898425,1.0,0.0,509,0.1243,E,E,True,True,3,True,True,True,"◆ E
⟦OK⟧"
69,demonstrated,0.0600,0.06,0.06064758611968557,0.4152368286818413,-0.87890625,509,0.1243,E,E,True,True,3,True,True,True,"◆ E
⟦OK⟧"
69,demonstrated,0.0450,0.045,0.04435631465083034,0.2755289704553164,-1.2890625,509,0.1243,E,E,True,True,3,True,True,True,"◆ E
⟦OK⟧"
69,demonstrated,0.0375,0.0375,0.03690613787179231,0.21796135555570278,-1.5234375,509,0.1243,E,E,True,True,3,True,True,True,"◆ E
⟦OK⟧"
69,demonstrated,0.0300,0.03,0.03072614153733433,0.17242162389375282,-1.7578125,509,0.1243,E,E,True,True,3,True,True,True,"◆ E
⟦OK⟧"
69,demonstrated,0.0210,0.021,0.02071081802600805,0.10789869514276741,-2.2265625,509,0.1243,E,E,True,True,3,True,True,True,"◆ E
⟦OK⟧"
69,undemonstrated,natural,,0.09637384590739373,1.0,0.0,501,0.1223,E,E,True,True,1,False,False,True,E
69,undemonstrated,0.0600,0.06,0.059951206295735915,0.509753438034524,-0.6738280653953552,501,0.1223,E,E,True,True,1,False,False,True,E
69,undemonstrated,0.0450,0.045,0.044410187142780444,0.34830125444308524,-1.0546875,501,0.1223,E,E,True,True,1,False,False,True,E
69,undemonstrated,0.0375,0.0375,0.0369435958333284,0.2755289704553164,-1.2890625,501,0.1223,E,E,True,True,1,False,False,True,E
69,undemonstrated,0.0300,0.03,0.030405268114188644,0.21796135555570278,-1.5234375,501,0.1223,E,E,True,True,1,False,False,True,E
69,undemonstrated,0.0210,0.021,0.02069238567052345,0.1363967310184996,-1.9921875,501,0.1223,E,E,True,True,1,False,False,True,E
70,demonstrated,natural,,0.10024698885851713,1.0,0.0,706,0.1724,E,B,False,True,3,True,True,True,"◆ B
⟦OK⟧"
70,demonstrated,0.0600,0.06,0.059577656980681404,0.440294041117178,-0.8203125,706,0.1724,E,B,False,True,3,True,True,True,"◆ B
⟦OK⟧"
70,demonstrated,0.0450,0.045,0.04594099845209021,0.30978554847668166,-1.171875,706,0.1724,E,B,False,True,3,True,True,True,"◆ B
⟦OK⟧"
70,demonstrated,0.0375,0.0375,0.03840291746085489,0.2450605392455259,-1.40625,706,0.1724,E,B,False,True,3,True,True,True,"◆ B
⟦OK⟧"
70,demonstrated,0.0300,0.03,0.029055758202273907,0.17242162389375282,-1.7578125,706,0.1724,E,B,False,True,3,True,True,True,"◆ B
⟦OK⟧"
70,demonstrated,0.0210,0.021,0.02139188730705488,0.1213137638466268,-2.109375,706,0.1724,E,B,False,True,3,True,True,True,"◆ B
⟦OK⟧"
70,undemonstrated,natural,,0.08932422681851904,1.0,0.0,698,0.1704,E,D,False,True,1,False,False,True,D
70,undemonstrated,0.0600,0.06,0.0595049548435167,0.556583819812148,-0.5859375,698,0.1704,E,B,False,True,1,False,False,True,B
70,undemonstrated,0.0450,0.045,0.045249937883120595,0.391605626676799,-0.9375,698,0.1704,E,B,False,True,1,False,False,True,B
70,undemonstrated,0.0375,0.0375,0.037168555702653094,0.30978554847668166,-1.171875,698,0.1704,E,B,False,True,1,False,False,True,B
70,undemonstrated,0.0300,0.03,0.030481250157595063,0.2450605392455259,-1.40625,698,0.1704,E,B,False,True,1,False,False,True,B
70,undemonstrated,0.0210,0.021,0.02033622526316403,0.15335496684492847,-1.875,698,0.1704,E,B,False,True,1,False,False,True,B
71,demonstrated,natural,,0.09247147292811686,1.0,0.0,790,0.1929,D,D,True,True,3,True,True,True,"◆ D
⟦OK⟧"
71,demonstrated,0.0600,0.06,0.05994793040199009,0.4950358969261986,-0.703125,790,0.1929,D,D,True,True,3,True,True,True,"◆ D
⟦OK⟧"
71,demonstrated,0.0450,0.045,0.045190654137100106,0.32847936791032617,-1.11328125,790,0.1929,D,D,True,True,3,True,True,True,"◆ D
⟦OK⟧"
71,demonstrated,0.0375,0.0375,0.03802610950396146,0.25984856758801733,-1.34765625,790,0.1929,D,D,True,True,3,True,True,True,"◆ D
⟦OK⟧"
71,demonstrated,0.0300,0.03,0.029894774060618023,0.19385884264329528,-1.640625,790,0.1929,D,D,True,True,3,True,True,True,"◆ D
⟦OK⟧"
71,demonstrated,0.0210,0.021,0.020218473899851874,0.1213137638466268,-2.109375,790,0.1929,D,D,True,True,3,True,True,True,"◆ D
⟦OK⟧"
71,undemonstrated,natural,,0.07617715038142503,1.0,0.0,782,0.1909,D,D,True,True,1,False,False,True,D
71,undemonstrated,0.0600,0.06,0.05912964226808759,0.7035878743456275,-0.3515624701976776,782,0.1909,D,D,True,True,1,False,False,True,D
71,undemonstrated,0.0450,0.045,0.045064054076493054,0.4950358969261986,-0.703125,782,0.1909,D,D,True,True,1,False,False,True,D
71,undemonstrated,0.0375,0.0375,0.03734902559474351,0.391605626676799,-0.9375,782,0.1909,D,D,True,True,1,False,False,True,D
71,undemonstrated,0.0300,0.03,0.03086649545971687,0.30978554847668166,-1.171875,782,0.1909,D,D,True,True,1,False,False,True,D
71,undemonstrated,0.0210,0.021,0.020775564588396245,0.19385884264329528,-1.640625,782,0.1909,D,D,True,True,1,False,False,True,D
72,demonstrated,natural,,0.09136267013973054,1.0,0.0,819,0.2,B,D,False,True,3,True,True,True,"◆ D
⟦OK⟧"
72,demonstrated,0.0600,0.06,0.06090255253504573,0.5249085353233612,-0.64453125,819,0.2,B,D,False,True,3,True,True,True,"◆ D
⟦OK⟧"
72,demonstrated,0.0450,0.045,0.045520469708708156,0.34830125444308524,-1.0546875,819,0.2,B,D,False,True,3,True,True,True,"◆ D
⟦OK⟧"
72,demonstrated,0.0375,0.0375,0.038226703225354264,0.2755289704553164,-1.2890625,819,0.2,B,D,False,True,3,True,True,True,"◆ D
⟦OK⟧"
72,demonstrated,0.0300,0.03,0.030632705339078914,0.20555713592330557,-1.58203125,819,0.2,B,D,False,True,3,True,True,True,"◆ D
⟦OK⟧"
72,demonstrated,0.0210,0.021,0.021711511437648046,0.1363967310184996,-1.9921875,819,0.2,B,D,False,True,3,True,True,True,"◆ D
⟦OK⟧"
72,undemonstrated,natural,,0.075861906442384,1.0,0.0,811,0.198,B,D,False,True,1,False,False,True,D
72,undemonstrated,0.0600,0.06,0.059088998650503655,0.7035878743456275,-0.3515624701976776,811,0.198,B,D,False,True,1,False,False,True,D
72,undemonstrated,0.0450,0.045,0.045175419527843985,0.4950358969261986,-0.703125,811,0.198,B,D,False,True,1,False,False,True,D
72,undemonstrated,0.0375,0.0375,0.03757173157045113,0.391605626676799,-0.9375,811,0.198,B,D,False,True,1,False,False,True,D
72,undemonstrated,0.0300,0.03,0.030807247297731877,0.30978554847668166,-1.171875,811,0.198,B,D,False,True,1,False,False,True,D
72,undemonstrated,0.0210,0.021,0.020867967123773923,0.19385884264329528,-1.640625,811,0.198,B,D,False,True,1,False,False,True,D
73,demonstrated,natural,,0.08852913510610527,1.0,0.0,1004,0.2451,D,D,True,True,3,True,True,True,"◆ D
⟦OK⟧"
73,demonstrated,0.0600,0.06,0.0603230181581349,0.5249085353233612,-0.64453125,1004,0.2451,D,D,True,True,3,True,True,True,"◆ D
⟦OK⟧"
73,demonstrated,0.0450,0.045,0.04565264707004335,0.34830125444308524,-1.0546875,1004,0.2451,D,D,True,True,3,True,True,True,"◆ D
⟦OK⟧"
73,demonstrated,0.0375,0.0375,0.0371246899000397,0.25984856758801733,-1.34765625,1004,0.2451,D,D,True,True,3,True,True,True,"◆ D
⟦OK⟧"
73,demonstrated,0.0300,0.03,0.029529480355903637,0.19385884264329528,-1.640625,1004,0.2451,D,D,True,True,3,True,True,True,"◆ D
⟦OK⟧"
73,demonstrated,0.0210,0.021,0.020095065610695073,0.1213137638466268,-2.109375,1004,0.2451,D,D,True,True,3,True,True,True,"◆ D
⟦OK⟧"
73,undemonstrated,natural,,0.08216534718206425,1.0,0.0,996,0.2432,D,D,True,True,1,False,False,True,D
73,undemonstrated,0.0600,0.06,0.06014704639078605,0.6257840096045911,-0.4687500596046448,996,0.2432,D,D,True,True,1,False,False,True,D
73,undemonstrated,0.0450,0.045,0.04598452793475172,0.440294041117178,-0.8203125,996,0.2432,D,D,True,True,1,False,False,True,D
73,undemonstrated,0.0375,0.0375,0.037946664093847726,0.34830125444308524,-1.0546875,996,0.2432,D,D,True,True,1,False,False,True,D
73,undemonstrated,0.0300,0.03,0.02979170267354725,0.25984856758801733,-1.34765625,996,0.2432,D,D,True,True,1,False,False,True,D
73,undemonstrated,0.0210,0.021,0.020790244480881626,0.17242162389375282,-1.7578125,996,0.2432,D,D,True,True,1,False,False,True,D
74,demonstrated,natural,,0.09573120745314156,1.0,0.0,634,0.1548,A,E,False,True,3,True,True,True,"◆ E
⟦OK⟧"
74,demonstrated,0.0600,0.06,0.06052635565808373,0.4950358969261986,-0.703125,634,0.1548,A,E,False,True,3,True,True,True,"◆ E
⟦OK⟧"
74,demonstrated,0.0450,0.045,0.04520733926506004,0.32847936791032617,-1.11328125,634,0.1548,A,E,False,True,3,True,True,True,"◆ E
⟦OK⟧"
74,demonstrated,0.0375,0.0375,0.03826387671151377,0.25984856758801733,-1.34765625,634,0.1548,A,E,False,True,3,True,True,True,"◆ E
⟦OK⟧"
74,demonstrated,0.0300,0.03,0.030494262788362647,0.19385884264329528,-1.640625,634,0.1548,A,E,False,True,3,True,True,True,"◆ E
⟦OK⟧"
74,demonstrated,0.0210,0.021,0.020785107220955723,0.1213137638466268,-2.109375,634,0.1548,A,E,False,True,3,True,True,True,"◆ E
⟦OK⟧"
74,undemonstrated,natural,,0.08488077137849359,1.0,0.0,626,0.1528,A,E,False,True,1,False,False,True,E
74,undemonstrated,0.0600,0.06,0.06051804149045381,0.6257840096045911,-0.4687500596046448,626,0.1528,A,E,False,True,1,False,False,True,E
74,undemonstrated,0.0450,0.045,0.044515836315373036,0.4152368286818413,-0.87890625,626,0.1528,A,E,False,True,1,False,False,True,E
74,undemonstrated,0.0375,0.0375,0.03701469339442909,0.32847936791032617,-1.11328125,626,0.1528,A,E,False,True,1,False,False,True,E
74,undemonstrated,0.0300,0.03,0.029138134994530773,0.2450605392455259,-1.40625,626,0.1528,A,E,False,True,1,False,False,True,E
74,undemonstrated,0.0210,0.021,0.021763742695757315,0.17242162389375282,-1.7578125,626,0.1528,A,E,False,True,1,False,False,True,E
75,demonstrated,natural,,0.0839276811511187,1.0,0.0,1085,0.2649,E,E,True,True,3,True,True,True,"◆ E
⟦OK⟧"
75,demonstrated,0.0600,0.06,0.05990761393035182,0.5731311960714808,-0.556640625,1085,0.2649,E,E,True,True,3,True,True,True,"◆ E
⟦OK⟧"
75,demonstrated,0.0450,0.045,0.04476878165737119,0.3693192805940405,-0.99609375,1085,0.2649,E,E,True,True,3,True,True,True,"◆ E
⟦OK⟧"
75,demonstrated,0.0375,0.0375,0.0366782874690359,0.2755289704553164,-1.2890625,1085,0.2649,E,E,True,True,3,True,True,True,"◆ E
⟦OK⟧"
75,demonstrated,0.0300,0.03,0.0307766230276747,0.21796135555570278,-1.5234375,1085,0.2649,E,E,True,True,3,True,True,True,"◆ E
⟦OK⟧"
75,demonstrated,0.0210,0.021,0.02148955103295047,0.1363967310184996,-1.9921875,1085,0.2649,E,E,True,True,3,True,True,True,"◆ E
⟦OK⟧"
75,undemonstrated,natural,,0.07293271407304136,1.0,0.0,1077,0.2629,E,E,True,True,1,False,False,True,E
75,undemonstrated,0.0600,0.06,0.05995270654512286,0.7460454542533906,-0.2929687201976776,1077,0.2629,E,E,True,True,1,False,False,True,E
75,undemonstrated,0.0450,0.045,0.04455872732694166,0.4950358969261986,-0.703125,1077,0.2629,E,E,True,True,1,False,False,True,E
75,undemonstrated,0.0375,0.0375,0.0368926159221743,0.391605626676799,-0.9375,1077,0.2629,E,E,True,True,1,False,False,True,E
75,undemonstrated,0.0300,0.03,0.0306445414937333,0.30978554847668166,-1.171875,1077,0.2629,E,E,True,True,1,False,False,True,E
75,undemonstrated,0.0210,0.021,0.02064420632709585,0.19385884264329528,-1.640625,1077,0.2629,E,E,True,True,1,False,False,True,E
76,demonstrated,natural,,0.09599257106177683,1.0,0.0,750,0.1831,E,E,True,True,3,True,True,True,"◆ E
⟦OK⟧"
76,demonstrated,0.0600,0.06,0.06045084489077479,0.46686331570996537,-0.76171875,750,0.1831,E,E,True,True,3,True,True,True,"◆ E
⟦OK⟧"
76,demonstrated,0.0450,0.045,0.04507602796164578,0.30978554847668166,-1.171875,750,0.1831,E,E,True,True,3,True,True,True,"◆ E
⟦OK⟧"
76,demonstrated,0.0375,0.0375,0.03793505652591789,0.2450605392455259,-1.40625,750,0.1831,E,E,True,True,3,True,True,True,"◆ E
⟦OK⟧"
76,demonstrated,0.0300,0.03,0.030071261558702544,0.18282630132100924,-1.69921875,750,0.1831,E,E,True,True,3,True,True,True,"◆ E
⟦OK⟧"
76,demonstrated,0.0210,0.021,0.02149614593131699,0.1213137638466268,-2.109375,750,0.1831,E,E,True,True,3,True,True,True,"◆ E
⟦OK⟧"
76,undemonstrated,natural,,0.08540295729553993,1.0,0.0,742,0.1812,E,E,True,True,1,False,False,True,E
76,undemonstrated,0.0600,0.06,0.05909124227750162,0.5901705299683179,-0.5273438096046448,742,0.1812,E,E,True,True,1,False,False,True,E
76,undemonstrated,0.0450,0.045,0.044610624014932876,0.4152368286818413,-0.87890625,742,0.1812,E,E,True,True,1,False,False,True,E
76,undemonstrated,0.0375,0.0375,0.03832774774609615,0.34830125444308524,-1.0546875,742,0.1812,E,E,True,True,1,False,False,True,E
76,undemonstrated,0.0300,0.03,0.02990491794695105,0.25984856758801733,-1.34765625,742,0.1812,E,E,True,True,1,False,False,True,E
76,undemonstrated,0.0210,0.021,0.021087088019593248,0.17242162389375282,-1.7578125,742,0.1812,E,E,True,True,1,False,False,True,E
77,demonstrated,natural,,0.09238058413875905,1.0,0.0,805,0.1965,D,D,True,True,3,True,True,True,"◆ D
⟦OK⟧"
77,demonstrated,0.0600,0.06,0.05961714178933075,0.4950358969261986,-0.703125,805,0.1965,D,D,True,True,3,True,True,True,"◆ D
⟦OK⟧"
77,demonstrated,0.0450,0.045,0.04448464182030465,0.32847936791032617,-1.11328125,805,0.1965,D,D,True,True,3,True,True,True,"◆ D
⟦OK⟧"
77,demonstrated,0.0375,0.0375,0.03725124438993266,0.25984856758801733,-1.34765625,805,0.1965,D,D,True,True,3,True,True,True,"◆ D
⟦OK⟧"
77,demonstrated,0.0300,0.03,0.029515813255511114,0.19385884264329528,-1.640625,805,0.1965,D,D,True,True,3,True,True,True,"◆ D
⟦OK⟧"
77,demonstrated,0.0210,0.021,0.020044188830791176,0.1213137638466268,-2.109375,805,0.1965,D,D,True,True,3,True,True,True,"◆ D
⟦OK⟧"
77,undemonstrated,natural,,0.08077361026620267,1.0,0.0,797,0.1946,D,D,True,True,1,False,False,True,D
77,undemonstrated,0.0600,0.06,0.06095078436826906,0.663546562885513,-0.41015625,797,0.1946,D,D,True,True,1,False,False,True,D
77,undemonstrated,0.0450,0.045,0.04475097103710457,0.440294041117178,-0.8203125,797,0.1946,D,D,True,True,1,False,False,True,D
77,undemonstrated,0.0375,0.0375,0.03703155726207408,0.34830125444308524,-1.0546875,797,0.1946,D,D,True,True,1,False,False,True,D
77,undemonstrated,0.0300,0.03,0.030643113598995297,0.2755289704553164,-1.2890625,797,0.1946,D,D,True,True,1,False,False,True,D
77,undemonstrated,0.0210,0.021,0.02049585298867873,0.17242162389375282,-1.7578125,797,0.1946,D,D,True,True,1,False,False,True,D
78,demonstrated,natural,,0.10298628778159014,1.0,0.0,596,0.1455,C,C,True,True,3,True,True,True,"◆ C
⟦OK⟧"
78,demonstrated,0.0600,0.06,0.059913879496527045,0.440294041117178,-0.8203125,596,0.1455,C,C,True,True,3,True,True,True,"◆ C
⟦OK⟧"
78,demonstrated,0.0450,0.045,0.044473637998734716,0.2921555976422762,-1.23046875,596,0.1455,C,C,True,True,3,True,True,True,"◆ C
⟦OK⟧"
78,demonstrated,0.0375,0.0375,0.03713431073301621,0.23111410023442172,-1.46484375,596,0.1455,C,C,True,True,3,True,True,True,"◆ C
⟦OK⟧"
78,demonstrated,0.0300,0.03,0.02952195369081423,0.17242162389375282,-1.7578125,596,0.1455,C,C,True,True,3,True,True,True,"◆ C
⟦OK⟧"
78,demonstrated,0.0210,0.021,0.020168063898236,0.10789869514276741,-2.2265625,596,0.1455,C,C,True,True,3,True,True,True,"◆ C
⟦OK⟧"
78,undemonstrated,natural,,0.08597789713763859,1.0,0.0,588,0.1436,C,C,True,True,1,False,False,True,C
78,undemonstrated,0.0600,0.06,0.05909845045513862,0.5901705299683179,-0.5273438096046448,588,0.1436,C,C,True,True,1,False,False,True,C
78,undemonstrated,0.0450,0.045,0.04579528239824526,0.4152368286818413,-0.87890625,588,0.1436,C,C,True,True,1,False,False,True,C
78,undemonstrated,0.0375,0.0375,0.036619141094320184,0.30978554847668166,-1.171875,588,0.1436,C,C,True,True,1,False,False,True,C
78,undemonstrated,0.0300,0.03,0.03042415572088686,0.2450605392455259,-1.40625,588,0.1436,C,C,True,True,1,False,False,True,C
78,undemonstrated,0.0210,0.021,0.02101941640703231,0.15335496684492847,-1.875,588,0.1436,C,C,True,True,1,False,False,True,C
79,demonstrated,natural,,0.10006204587431888,1.0,0.0,663,0.1619,B,B,True,True,3,True,True,True,"◆ B
⟦OK⟧"
79,demonstrated,0.0600,0.06,0.059955647016531444,0.427581923519937,-0.849609375,663,0.1619,B,B,True,True,3,True,True,True,"◆ B
⟦OK⟧"
79,demonstrated,0.0450,0.045,0.04457411128665978,0.2755289704553164,-1.2890625,663,0.1619,B,B,True,True,3,True,True,True,"◆ B
⟦OK⟧"
79,demonstrated,0.0375,0.0375,0.03727824947004077,0.21796135555570278,-1.5234375,663,0.1619,B,B,True,True,3,True,True,True,"◆ B
⟦OK⟧"
79,demonstrated,0.0300,0.03,0.029817243280672923,0.1626090785152391,-1.81640625,663,0.1619,B,B,True,True,3,True,True,True,"◆ B
⟦OK⟧"
79,demonstrated,0.0210,0.021,0.021268899458809054,0.10789869514276741,-2.2265625,663,0.1619,B,B,True,True,3,True,True,True,"◆ B
⟦OK⟧"
79,undemonstrated,natural,,0.08628486563485893,1.0,0.0,655,0.1599,B,B,True,True,1,False,False,True,B
79,undemonstrated,0.0600,0.06,0.06024067704221281,0.5901705299683179,-0.5273438096046448,655,0.1599,B,B,True,True,1,False,False,True,B
79,undemonstrated,0.0450,0.045,0.04427887054270219,0.391605626676799,-0.9375,655,0.1599,B,B,True,True,1,False,False,True,B
79,undemonstrated,0.0375,0.0375,0.0366298608827309,0.30978554847668166,-1.171875,655,0.1599,B,B,True,True,1,False,False,True,B
79,undemonstrated,0.0300,0.03,0.030386033355887854,0.2450605392455259,-1.40625,655,0.1599,B,B,True,True,1,False,False,True,B
79,undemonstrated,0.0210,0.021,0.020665779482648805,0.15335496684492847,-1.875,655,0.1599,B,B,True,True,1,False,False,True,B
80,demonstrated,natural,,0.09940133291591735,1.0,0.0,608,0.1484,B,B,True,True,3,True,True,True,"◆ B
⟦OK⟧"
80,demonstrated,0.0600,0.06,0.059112662601307875,0.440294041117178,-0.8203125,608,0.1484,B,B,True,True,3,True,True,True,"◆ B
⟦OK⟧"
80,demonstrated,0.0450,0.045,0.04505274332855436,0.30084145667800716,-1.201171875,608,0.1484,B,B,True,True,3,True,True,True,"◆ B
⟦OK⟧"
80,demonstrated,0.0375,0.0375,0.03687453396183038,0.23111410023442172,-1.46484375,608,0.1484,B,B,True,True,3,True,True,True,"◆ B
⟦OK⟧"
80,demonstrated,0.0300,0.03,0.029066699084902226,0.17242162389375282,-1.7578125,608,0.1484,B,B,True,True,3,True,True,True,"◆ B
⟦OK⟧"
80,demonstrated,0.0210,0.021,0.02168235845415012,0.1213137638466268,-2.109375,608,0.1484,B,B,True,True,3,True,True,True,"◆ B
⟦OK⟧"
80,undemonstrated,natural,,0.08425004885867793,1.0,0.0,600,0.1465,B,B,True,True,1,False,False,True,B
80,undemonstrated,0.0600,0.06,0.059830823208145034,0.6257840096045911,-0.4687500596046448,600,0.1465,B,B,True,True,1,False,False,True,B
80,undemonstrated,0.0450,0.045,0.04579265693418222,0.440294041117178,-0.8203125,600,0.1465,B,B,True,True,1,False,False,True,B
80,undemonstrated,0.0375,0.0375,0.0381784581251452,0.34830125444308524,-1.0546875,600,0.1465,B,B,True,True,1,False,False,True,B
80,undemonstrated,0.0300,0.03,0.03018545504989234,0.25984856758801733,-1.34765625,600,0.1465,B,A,False,True,1,False,False,True,A
80,undemonstrated,0.0210,0.021,0.021296033307455886,0.17242162389375282,-1.7578125,600,0.1465,B,A,False,True,1,False,False,True,A
81,demonstrated,natural,,0.09184462065107368,1.0,0.0,831,0.2029,C,C,True,True,3,True,True,True,"◆ C
⟦OK⟧"
81,demonstrated,0.0600,0.06,0.05920409706200225,0.4950358969261986,-0.703125,831,0.2029,C,C,True,True,3,True,True,True,"◆ C
⟦OK⟧"
81,demonstrated,0.0450,0.045,0.04445892675647656,0.32847936791032617,-1.11328125,831,0.2029,C,C,True,True,3,True,True,True,"◆ C
⟦OK⟧"
81,demonstrated,0.0375,0.0375,0.037285318658891065,0.25984856758801733,-1.34765625,831,0.2029,C,C,True,True,3,True,True,True,"◆ C
⟦OK⟧"
81,demonstrated,0.0300,0.03,0.02964051579315541,0.19385884264329528,-1.640625,831,0.2029,C,C,True,True,3,True,True,True,"◆ C
⟦OK⟧"
81,demonstrated,0.0210,0.021,0.02024020938694715,0.1213137638466268,-2.109375,831,0.2029,C,C,True,True,3,True,True,True,"◆ C
⟦OK⟧"
81,undemonstrated,natural,,0.07601692745236832,1.0,0.0,823,0.2009,C,C,True,True,1,False,False,True,C
81,undemonstrated,0.0600,0.06,0.05921088603314928,0.7035878743456275,-0.3515624701976776,823,0.2009,C,C,True,True,1,False,False,True,C
81,undemonstrated,0.0450,0.045,0.04526798251431785,0.4950358969261986,-0.703125,823,0.2009,C,C,True,True,1,False,False,True,C
81,undemonstrated,0.0375,0.0375,0.03801891873679253,0.391605626676799,-0.9375,823,0.2009,C,C,True,True,1,False,False,True,C
81,undemonstrated,0.0300,0.03,0.029697843934716417,0.2921555976422762,-1.23046875,823,0.2009,C,C,True,True,1,False,False,True,C
81,undemonstrated,0.0210,0.021,0.02115544188617724,0.19385884264329528,-1.640625,823,0.2009,C,C,True,True,1,False,False,True,C
82,demonstrated,natural,,0.09421962114184623,1.0,0.0,838,0.2046,A,A,True,True,3,True,True,True,"◆ A
⟦OK⟧"
82,demonstrated,0.0600,0.06,0.059857700619742715,0.48074327892797597,-0.732421875,838,0.2046,A,A,True,True,3,True,True,True,"◆ A
⟦OK⟧"
82,demonstrated,0.0450,0.045,0.04506524480538587,0.31899555036296995,-1.142578125,838,0.2046,A,E,False,True,3,True,True,True,"◆ E
⟦OK⟧"
82,demonstrated,0.0375,0.0375,0.03661591584035495,0.2450605392455259,-1.40625,838,0.2046,A,E,False,True,3,True,True,True,"◆ E
⟦OK⟧"
82,demonstrated,0.0300,0.03,0.030312432705430936,0.19385884264329528,-1.640625,838,0.2046,A,E,False,True,3,True,True,True,"◆ E
⟦OK⟧"
82,demonstrated,0.0210,0.021,0.02027887485696578,0.1213137638466268,-2.109375,838,0.2046,A,E,False,True,3,True,True,True,"◆ E
⟦OK⟧"
82,undemonstrated,natural,,0.08533250963792405,1.0,0.0,830,0.2026,A,A,True,True,1,False,False,True,A
82,undemonstrated,0.0600,0.06,0.06010308077707638,0.6257840096045911,-0.4687500596046448,830,0.2026,A,A,True,True,1,False,False,True,A
82,undemonstrated,0.0450,0.045,0.044647047673511686,0.440294041117178,-0.8203125,830,0.2026,A,A,True,True,1,False,False,True,A
82,undemonstrated,0.0375,0.0375,0.037971740881324934,0.3693192805940405,-0.99609375,830,0.2026,A,A,True,True,1,False,False,True,A
82,undemonstrated,0.0300,0.03,0.029654321615702806,0.2755289704553164,-1.2890625,830,0.2026,A,A,True,True,1,False,False,True,A
82,undemonstrated,0.0210,0.021,0.02199904475723624,0.19385884264329528,-1.640625,830,0.2026,A,A,True,True,1,False,False,True,A
83,demonstrated,natural,,0.09487414162446672,1.0,0.0,770,0.188,B,D,False,True,3,True,True,True,"◆ D
⟦OK⟧"
83,demonstrated,0.0600,0.06,0.05969896400134722,0.46686331570996537,-0.76171875,770,0.188,B,D,False,True,3,True,True,True,"◆ D
⟦OK⟧"
83,demonstrated,0.0450,0.045,0.04449263789857616,0.30978554847668166,-1.171875,770,0.188,B,D,False,True,3,True,True,True,"◆ D
⟦OK⟧"
83,demonstrated,0.0375,0.0375,0.03708157181381533,0.2450605392455259,-1.40625,770,0.188,B,D,False,True,3,True,True,True,"◆ D
⟦OK⟧"
83,demonstrated,0.0300,0.03,0.03092399693299175,0.19385884264329528,-1.640625,770,0.188,B,D,False,True,3,True,True,True,"◆ D
⟦OK⟧"
83,demonstrated,0.0210,0.021,0.02107875875273746,0.1213137638466268,-2.109375,770,0.188,B,D,False,True,3,True,True,True,"◆ D
⟦OK⟧"
83,undemonstrated,natural,,0.08829764768030035,1.0,0.0,762,0.186,B,D,False,True,1,False,False,True,D
83,undemonstrated,0.0600,0.06,0.06006047877992815,0.556583819812148,-0.5859375,762,0.186,B,D,False,True,1,False,False,True,D
83,undemonstrated,0.0450,0.045,0.04479155134933954,0.391605626676799,-0.9375,762,0.186,B,D,False,True,1,False,False,True,D
83,undemonstrated,0.0375,0.0375,0.036904286840264255,0.30978554847668166,-1.171875,762,0.186,B,D,False,True,1,False,False,True,D
83,undemonstrated,0.0300,0.03,0.029930798594960617,0.2450605392455259,-1.40625,762,0.186,B,D,False,True,1,False,False,True,D
83,undemonstrated,0.0210,0.021,0.02000807642904734,0.15335496684492847,-1.875,762,0.186,B,D,False,True,1,False,False,True,D
84,demonstrated,natural,,0.09126764074422411,1.0,0.0,862,0.2104,D,E,False,True,3,True,True,True,"◆ E
⟦OK⟧"
84,demonstrated,0.0600,0.06,0.060026330941932216,0.4950358969261986,-0.703125,862,0.2104,D,E,False,True,3,True,True,True,"◆ E
⟦OK⟧"
84,demonstrated,0.0450,0.045,0.04553491323127545,0.32847936791032617,-1.11328125,862,0.2104,D,E,False,True,3,True,True,True,"◆ E
⟦OK⟧"
84,demonstrated,0.0375,0.0375,0.036620844232543526,0.2450605392455259,-1.40625,862,0.2104,D,E,False,True,3,True,True,True,"◆ E
⟦OK⟧"
84,demonstrated,0.0300,0.03,0.03067043627446342,0.19385884264329528,-1.640625,862,0.2104,D,E,False,True,3,True,True,True,"◆ E
⟦OK⟧"
84,demonstrated,0.0210,0.021,0.020776323890793424,0.1213137638466268,-2.109375,862,0.2104,D,E,False,True,3,True,True,True,"◆ E
⟦OK⟧"
84,undemonstrated,natural,,0.08415568779407856,1.0,0.0,854,0.2085,D,E,False,True,1,False,False,True,E
84,undemonstrated,0.0600,0.06,0.060827364292979524,0.6257840096045911,-0.4687500596046448,854,0.2085,D,E,False,True,1,False,False,True,E
84,undemonstrated,0.0450,0.045,0.04586528664290057,0.440294041117178,-0.8203125,854,0.2085,D,E,False,True,1,False,False,True,E
84,undemonstrated,0.0375,0.0375,0.03767139452578672,0.34830125444308524,-1.0546875,854,0.2085,D,E,False,True,1,False,False,True,E
84,undemonstrated,0.0300,0.03,0.029680463989771866,0.25984856758801733,-1.34765625,854,0.2085,D,E,False,True,1,False,False,True,E
84,undemonstrated,0.0210,0.021,0.02092555822942721,0.17242162389375282,-1.7578125,854,0.2085,D,E,False,True,1,False,False,True,E
85,demonstrated,natural,,0.09978197125824195,1.0,0.0,648,0.1582,D,D,True,True,3,True,True,True,"◆ D
⟦OK⟧"
85,demonstrated,0.0600,0.06,0.059690895268454724,0.440294041117178,-0.8203125,648,0.1582,D,D,True,True,3,True,True,True,"◆ D
⟦OK⟧"
85,demonstrated,0.0450,0.045,0.0442726107649003,0.2921555976422762,-1.23046875,648,0.1582,D,D,True,True,3,True,True,True,"◆ D
⟦OK⟧"
85,demonstrated,0.0375,0.0375,0.03719411092172509,0.23111410023442172,-1.46484375,648,0.1582,D,D,True,True,3,True,True,True,"◆ D
⟦OK⟧"
85,demonstrated,0.0300,0.03,0.0295975620562432,0.17242162389375282,-1.7578125,648,0.1582,D,D,True,True,3,True,True,True,"◆ D
⟦OK⟧"
85,demonstrated,0.0210,0.021,0.021841119648454477,0.1213137638466268,-2.109375,648,0.1582,D,D,True,True,3,True,True,True,"◆ D
⟦OK⟧"
85,undemonstrated,natural,,0.08507876758834243,1.0,0.0,640,0.1562,D,D,True,True,1,False,False,True,D
85,undemonstrated,0.0600,0.06,0.05968275026950565,0.6257840096045911,-0.4687500596046448,640,0.1562,D,D,True,True,1,False,False,True,D
85,undemonstrated,0.0450,0.045,0.045684099238540554,0.440294041117178,-0.8203125,640,0.1562,D,D,True,True,1,False,False,True,D
85,undemonstrated,0.0375,0.0375,0.03796119670799669,0.34830125444308524,-1.0546875,640,0.1562,D,D,True,True,1,False,False,True,D
85,undemonstrated,0.0300,0.03,0.030049676167594797,0.25984856758801733,-1.34765625,640,0.1562,D,D,True,True,1,False,False,True,D
85,undemonstrated,0.0210,0.021,0.02139372429623876,0.17242162389375282,-1.7578125,640,0.1562,D,D,True,True,1,False,False,True,D
86,demonstrated,natural,,0.08874320092442822,1.0,0.0,982,0.2397,D,D,True,True,3,True,True,True,"◆ D
⟦OK⟧"
86,demonstrated,0.0600,0.06,0.060480903352867266,0.5249085353233612,-0.64453125,982,0.2397,D,D,True,True,3,True,True,True,"◆ D
⟦OK⟧"
86,demonstrated,0.0450,0.045,0.04581478093710878,0.34830125444308524,-1.0546875,982,0.2397,D,D,True,True,3,True,True,True,"◆ D
⟦OK⟧"
86,demonstrated,0.0375,0.0375,0.03715915846514717,0.25984856758801733,-1.34765625,982,0.2397,D,D,True,True,3,True,True,True,"◆ D
⟦OK⟧"
86,demonstrated,0.0300,0.03,0.02960553402173538,0.19385884264329528,-1.640625,982,0.2397,D,D,True,True,3,True,True,True,"◆ D
⟦OK⟧"
86,demonstrated,0.0210,0.021,0.02005387924385449,0.1213137638466268,-2.109375,982,0.2397,D,D,True,True,3,True,True,True,"◆ D
⟦OK⟧"
86,undemonstrated,natural,,0.08676482029961363,1.0,0.0,974,0.2378,D,D,True,True,1,False,False,True,D
86,undemonstrated,0.0600,0.06,0.059787873958756954,0.5731311960714808,-0.556640625,974,0.2378,D,D,True,True,1,False,False,True,D
86,undemonstrated,0.0450,0.045,0.04412419660314093,0.391605626676799,-0.9375,974,0.2378,D,D,True,True,1,False,False,True,D
86,undemonstrated,0.0375,0.0375,0.03657668392187263,0.30978554847668166,-1.171875,974,0.2378,D,D,True,True,1,False,False,True,D
86,undemonstrated,0.0300,0.03,0.030107812711211768,0.2450605392455259,-1.40625,974,0.2378,D,D,True,True,1,False,False,True,D
86,undemonstrated,0.0210,0.021,0.02054081395551921,0.15335496684492847,-1.875,974,0.2378,D,D,True,True,1,False,False,True,D
87,demonstrated,natural,,0.09230571305919,1.0,0.0,872,0.2129,C,C,True,True,3,True,True,True,"◆ C
⟦OK⟧"
87,demonstrated,0.0600,0.06,0.059272450944746424,0.4950358969261986,-0.703125,872,0.2129,C,C,True,True,3,True,True,True,"◆ C
⟦OK⟧"
87,demonstrated,0.0450,0.045,0.04585114960647907,0.34830125444308524,-1.0546875,872,0.2129,C,C,True,True,3,True,True,True,"◆ C
⟦OK⟧"
87,demonstrated,0.0375,0.0375,0.037097594745764795,0.25984856758801733,-1.34765625,872,0.2129,C,C,True,True,3,True,True,True,"◆ C
⟦OK⟧"
87,demonstrated,0.0300,0.03,0.0292465579775385,0.19385884264329528,-1.640625,872,0.2129,C,C,True,True,3,True,True,True,"◆ C
⟦OK⟧"
87,demonstrated,0.0210,0.021,0.021623796046017496,0.1363967310184996,-1.9921875,872,0.2129,C,C,True,True,3,True,True,True,"◆ C
⟦OK⟧"
87,undemonstrated,natural,,0.08517633059840968,1.0,0.0,864,0.2109,C,C,True,True,1,False,False,True,C
87,undemonstrated,0.0600,0.06,0.060719844269970125,0.6257840096045911,-0.4687500596046448,864,0.2109,C,C,True,True,1,False,False,True,C
87,undemonstrated,0.0450,0.045,0.04544008736006333,0.427581923519937,-0.849609375,864,0.2109,C,C,True,True,1,False,False,True,C
87,undemonstrated,0.0375,0.0375,0.03832375452850556,0.34830125444308524,-1.0546875,864,0.2109,C,C,True,True,1,False,False,True,C
87,undemonstrated,0.0300,0.03,0.030212292439335986,0.25984856758801733,-1.34765625,864,0.2109,C,C,True,True,1,False,False,True,C
87,undemonstrated,0.0210,0.021,0.021582269648016794,0.17242162389375282,-1.7578125,864,0.2109,C,C,True,True,1,False,False,True,C
88,demonstrated,natural,,0.10228008338552286,1.0,0.0,612,0.1494,B,B,True,True,3,True,True,True,"◆ B
⟦OK⟧"
88,demonstrated,0.0600,0.06,0.060045074917454144,0.427581923519937,-0.849609375,612,0.1494,B,B,True,True,3,True,True,True,"◆ B
⟦OK⟧"
88,demonstrated,0.0450,0.045,0.04574662788380124,0.2921555976422762,-1.23046875,612,0.1494,B,B,True,True,3,True,True,True,"◆ B
⟦OK⟧"
88,demonstrated,0.0375,0.0375,0.036596514098564015,0.21796135555570278,-1.5234375,612,0.1494,B,B,True,True,3,True,True,True,"◆ B
⟦OK⟧"
88,demonstrated,0.0300,0.03,0.030601845426737384,0.17242162389375282,-1.7578125,612,0.1494,B,B,True,True,3,True,True,True,"◆ B
⟦OK⟧"
88,demonstrated,0.0210,0.021,0.02087662168557003,0.10789869514276741,-2.2265625,612,0.1494,B,B,True,True,3,True,True,True,"◆ B
⟦OK⟧"
88,undemonstrated,natural,,0.08578330607699058,1.0,0.0,604,0.1475,B,B,True,True,1,False,False,True,B
88,undemonstrated,0.0600,0.06,0.05906309862071879,0.5901705299683179,-0.5273438096046448,604,0.1475,B,B,True,True,1,False,False,True,B
88,undemonstrated,0.0450,0.045,0.045462676775692046,0.4152368286818413,-0.87890625,604,0.1475,B,B,True,True,1,False,False,True,B
88,undemonstrated,0.0375,0.0375,0.03809713902010259,0.32847936791032617,-1.11328125,604,0.1475,B,B,True,True,1,False,False,True,B
88,undemonstrated,0.0300,0.03,0.02985254152921968,0.2450605392455259,-1.40625,604,0.1475,B,B,True,True,1,False,False,True,B
88,undemonstrated,0.0210,0.021,0.020443520081922628,0.15335496684492847,-1.875,604,0.1475,B,B,True,True,1,False,False,True,B
89,demonstrated,natural,,0.09420676935653916,1.0,0.0,766,0.187,E,D,False,True,3,True,True,True,"◆ D
⟦OK⟧"
89,demonstrated,0.0600,0.06,0.06097209979299656,0.4950358969261986,-0.703125,766,0.187,E,D,False,True,3,True,True,True,"◆ D
⟦OK⟧"
89,demonstrated,0.0450,0.045,0.04562455189588466,0.32847936791032617,-1.11328125,766,0.187,E,D,False,True,3,True,True,True,"◆ D
⟦OK⟧"
89,demonstrated,0.0375,0.0375,0.03820461837587441,0.25984856758801733,-1.34765625,766,0.187,E,D,False,True,3,True,True,True,"◆ D
⟦OK⟧"
89,demonstrated,0.0300,0.03,0.030143930421415277,0.19385884264329528,-1.640625,766,0.187,E,D,False,True,3,True,True,True,"◆ D
⟦OK⟧"
89,demonstrated,0.0210,0.021,0.020286642818728495,0.1213137638466268,-2.109375,766,0.187,E,D,False,True,3,True,True,True,"◆ D
⟦OK⟧"
89,undemonstrated,natural,,0.08070291944875585,1.0,0.0,758,0.1851,E,D,False,True,1,False,False,True,D
89,undemonstrated,0.0600,0.06,0.05958947139338511,0.663546562885513,-0.41015625,758,0.1851,E,D,False,True,1,False,False,True,D
89,undemonstrated,0.0450,0.045,0.04516680021893338,0.46686331570996537,-0.76171875,758,0.1851,E,D,False,True,1,False,False,True,D
89,undemonstrated,0.0375,0.0375,0.03684935624381014,0.3693192805940405,-0.99609375,758,0.1851,E,D,False,True,1,False,False,True,D
89,undemonstrated,0.0300,0.03,0.03026408051937368,0.2921555976422762,-1.23046875,758,0.1851,E,D,False,True,1,False,False,True,D
89,undemonstrated,0.0210,0.021,0.02135010003558757,0.19385884264329528,-1.640625,758,0.1851,E,D,False,True,1,False,False,True,D
90,demonstrated,natural,,0.09290945407043161,1.0,0.0,802,0.1958,D,D,True,True,3,True,True,True,"◆ D
⟦OK⟧"
90,demonstrated,0.0600,0.06,0.05935809015237048,0.48074327892797597,-0.732421875,802,0.1958,D,D,True,True,3,True,True,True,"◆ D
⟦OK⟧"
90,demonstrated,0.0450,0.045,0.045895747167300716,0.32847936791032617,-1.11328125,802,0.1958,D,D,True,True,3,True,True,True,"◆ D
⟦OK⟧"
90,demonstrated,0.0375,0.0375,0.036667931295619516,0.2450605392455259,-1.40625,802,0.1958,D,D,True,True,3,True,True,True,"◆ D
⟦OK⟧"
90,demonstrated,0.0300,0.03,0.030663647933863336,0.19385884264329528,-1.640625,802,0.1958,D,D,True,True,3,True,True,True,"◆ D
⟦OK⟧"
90,demonstrated,0.0210,0.021,0.020527693393766144,0.1213137638466268,-2.109375,802,0.1958,D,D,True,True,3,True,True,True,"◆ D
⟦OK⟧"
90,undemonstrated,natural,,0.08301810620067407,1.0,0.0,794,0.1938,D,D,True,True,1,False,False,True,D
90,undemonstrated,0.0600,0.06,0.0591466154272835,0.6257840096045911,-0.4687500596046448,794,0.1938,D,D,True,True,1,False,False,True,D
90,undemonstrated,0.0450,0.045,0.04477845350388154,0.440294041117178,-0.8203125,794,0.1938,D,D,True,True,1,False,False,True,D
90,undemonstrated,0.0375,0.0375,0.03665501054263531,0.34830125444308524,-1.0546875,794,0.1938,D,D,True,True,1,False,False,True,D
90,undemonstrated,0.0300,0.03,0.03011859473059797,0.2755289704553164,-1.2890625,794,0.1938,D,D,True,True,1,False,False,True,D
90,undemonstrated,0.0210,0.021,0.020901119355590803,0.18282630132100924,-1.69921875,794,0.1938,D,D,True,True,1,False,False,True,D
91,demonstrated,natural,,0.0954100981420094,1.0,0.0,806,0.1968,A,D,False,True,3,True,True,True,"◆ D
⟦OK⟧"
91,demonstrated,0.0600,0.06,0.06049709231228295,0.46686331570996537,-0.76171875,806,0.1968,A,D,False,True,3,True,True,True,"◆ D
⟦OK⟧"
91,demonstrated,0.0450,0.045,0.04523933060676821,0.30978554847668166,-1.171875,806,0.1968,A,D,False,True,3,True,True,True,"◆ D
⟦OK⟧"
91,demonstrated,0.0375,0.0375,0.03787566002725207,0.2450605392455259,-1.40625,806,0.1968,A,D,False,True,3,True,True,True,"◆ D
⟦OK⟧"
91,demonstrated,0.0300,0.03,0.029856953930954333,0.18282630132100924,-1.69921875,806,0.1968,A,D,False,True,3,True,True,True,"◆ D
⟦OK⟧"
91,demonstrated,0.0210,0.021,0.021235833491339395,0.1213137638466268,-2.109375,806,0.1968,A,D,False,True,3,True,True,True,"◆ D
⟦OK⟧"
91,undemonstrated,natural,,0.08486904067951073,1.0,0.0,798,0.1948,A,D,False,True,1,False,False,True,D
91,undemonstrated,0.0600,0.06,0.060429112215463654,0.6443887248251953,-0.439453125,798,0.1948,A,D,False,True,1,False,False,True,D
91,undemonstrated,0.0450,0.045,0.04581005625728585,0.46686331570996537,-0.76171875,798,0.1948,A,D,False,True,1,False,False,True,D
91,undemonstrated,0.0375,0.0375,0.03756073072315935,0.3693192805940405,-0.99609375,798,0.1948,A,D,False,True,1,False,False,True,D
91,undemonstrated,0.0300,0.03,0.02950614569719301,0.2755289704553164,-1.2890625,798,0.1948,A,D,False,True,1,False,False,True,D
91,undemonstrated,0.0210,0.021,0.021752012976688606,0.19385884264329528,-1.640625,798,0.1948,A,D,False,True,1,False,False,True,D
92,demonstrated,natural,,0.08972444514159861,1.0,0.0,897,0.219,D,D,True,True,3,True,True,True,"◆ D
⟦OK⟧"
92,demonstrated,0.0600,0.06,0.060063402291667956,0.5249085353233612,-0.64453125,897,0.219,D,D,True,True,3,True,True,True,"◆ D
⟦OK⟧"
92,demonstrated,0.0450,0.045,0.045226694572210846,0.34830125444308524,-1.0546875,897,0.219,D,D,True,True,3,True,True,True,"◆ D
⟦OK⟧"
92,demonstrated,0.0375,0.0375,0.03806817784064265,0.2755289704553164,-1.2890625,897,0.219,D,D,True,True,3,True,True,True,"◆ D
⟦OK⟧"
92,demonstrated,0.0300,0.03,0.030502353783054215,0.20555713592330557,-1.58203125,897,0.219,D,D,True,True,3,True,True,True,"◆ D
⟦OK⟧"
92,demonstrated,0.0210,0.021,0.021689915024307727,0.1363967310184996,-1.9921875,897,0.219,D,D,True,True,3,True,True,True,"◆ D
⟦OK⟧"
92,undemonstrated,natural,,0.07605809226915117,1.0,0.0,889,0.217,D,D,True,True,1,False,False,True,D
92,undemonstrated,0.0600,0.06,0.06039193152791267,0.7245057179369678,-0.322265625,889,0.217,D,D,True,True,1,False,False,True,D
92,undemonstrated,0.0450,0.045,0.04493191459334511,0.4950358969261986,-0.703125,889,0.217,D,D,True,True,1,False,False,True,D
92,undemonstrated,0.0375,0.0375,0.03761265288747628,0.391605626676799,-0.9375,889,0.217,D,D,True,True,1,False,False,True,D
92,undemonstrated,0.0300,0.03,0.029595778497424785,0.2921555976422762,-1.23046875,889,0.217,D,D,True,True,1,False,False,True,D
92,undemonstrated,0.0210,0.021,0.021187548831068437,0.19385884264329528,-1.640625,889,0.217,D,D,True,True,1,False,False,True,D
93,demonstrated,natural,,0.09818781511027197,1.0,0.0,669,0.1633,A,E,False,True,3,True,True,True,"◆ E
⟦OK⟧"
93,demonstrated,0.0600,0.06,0.0595944423524859,0.4533840931520487,-0.791015625,669,0.1633,A,E,False,True,3,True,True,True,"◆ E
⟦OK⟧"
93,demonstrated,0.0450,0.045,0.045189654906871546,0.30978554847668166,-1.171875,669,0.1633,A,E,False,True,3,True,True,True,"◆ E
⟦OK⟧"
93,demonstrated,0.0375,0.0375,0.0378963783408075,0.2450605392455259,-1.40625,669,0.1633,A,E,False,True,3,True,True,True,"◆ E
⟦OK⟧"
93,demonstrated,0.0300,0.03,0.030109876263993307,0.18282630132100924,-1.69921875,669,0.1633,A,E,False,True,3,True,True,True,"◆ E
⟦OK⟧"
93,demonstrated,0.0210,0.021,0.02137540362571322,0.1213137638466268,-2.109375,669,0.1633,A,C,False,True,3,True,True,True,"◆ C
⟦OK⟧"
93,undemonstrated,natural,,0.0854028478033726,1.0,0.0,661,0.1614,A,E,False,True,1,False,False,True,E
93,undemonstrated,0.0600,0.06,0.05955396092775622,0.6077164475263447,-0.498046875,661,0.1614,A,E,False,True,1,False,False,True,E
93,undemonstrated,0.0450,0.045,0.044484323146773086,0.4152368286818413,-0.87890625,661,0.1614,A,C,False,True,1,False,False,True,C
93,undemonstrated,0.0375,0.0375,0.03684787610974016,0.32847936791032617,-1.11328125,661,0.1614,A,C,False,True,1,False,False,True,C
93,undemonstrated,0.0300,0.03,0.030340242932406447,0.25984856758801733,-1.34765625,661,0.1614,A,C,False,True,1,False,False,True,C
93,undemonstrated,0.0210,0.021,0.021433183927532795,0.17242162389375282,-1.7578125,661,0.1614,A,C,False,True,1,False,False,True,C
94,demonstrated,natural,,0.09496627516756107,1.0,0.0,861,0.2102,C,C,True,True,3,True,True,True,"◆ C
⟦OK⟧"
94,demonstrated,0.0600,0.06,0.059049068689413176,0.46686331570996537,-0.76171875,861,0.2102,C,C,True,True,3,True,True,True,"◆ C
⟦OK⟧"
94,demonstrated,0.0450,0.045,0.04447886842315718,0.30978554847668166,-1.171875,861,0.2102,C,C,True,True,3,True,True,True,"◆ C
⟦OK⟧"
94,demonstrated,0.0375,0.0375,0.03753144994026503,0.2450605392455259,-1.40625,861,0.2102,C,C,True,True,3,True,True,True,"◆ C
⟦OK⟧"
94,demonstrated,0.0300,0.03,0.029709420930313257,0.18282630132100924,-1.69921875,861,0.2102,C,C,True,True,3,True,True,True,"◆ C
⟦OK⟧"
94,demonstrated,0.0210,0.021,0.021255664860087453,0.1213137638466268,-2.109375,861,0.2102,C,C,True,True,3,True,True,True,"◆ C
⟦OK⟧"
94,undemonstrated,natural,,0.08618118057749413,1.0,0.0,853,0.2083,C,C,True,True,1,False,False,True,C
94,undemonstrated,0.0600,0.06,0.06090968308073563,0.6257840096045911,-0.4687500596046448,853,0.2083,C,C,True,True,1,False,False,True,C
94,undemonstrated,0.0450,0.045,0.044201303847271056,0.4152368286818413,-0.87890625,853,0.2083,C,C,True,True,1,False,False,True,C
94,undemonstrated,0.0375,0.0375,0.03674907053008347,0.32847936791032617,-1.11328125,853,0.2083,C,C,True,True,1,False,False,True,C
94,undemonstrated,0.0300,0.03,0.0291285226904745,0.2450605392455259,-1.40625,853,0.2083,C,C,True,True,1,False,False,True,C
94,undemonstrated,0.0210,0.021,0.020209567576142007,0.15335496684492847,-1.875,853,0.2083,C,C,True,True,1,False,False,True,C
95,demonstrated,natural,,0.10315171181255778,1.0,0.0,619,0.1511,C,D,False,True,3,True,True,True,"◆ D
⟦OK⟧"
95,demonstrated,0.0600,0.06,0.059949816051585,0.4152368286818413,-0.87890625,619,0.1511,C,E,False,True,3,True,True,True,"◆ E
⟦OK⟧"
95,demonstrated,0.0450,0.045,0.04448961714274802,0.2755289704553164,-1.2890625,619,0.1511,C,E,False,True,3,True,True,True,"◆ E
⟦OK⟧"
95,demonstrated,0.0375,0.0375,0.03713494024332675,0.21796135555570278,-1.5234375,619,0.1511,C,E,False,True,3,True,True,True,"◆ E
⟦OK⟧"
95,demonstrated,0.0300,0.03,0.030767475567008873,0.17242162389375282,-1.7578125,619,0.1511,C,E,False,True,3,True,True,True,"◆ E
⟦OK⟧"
95,demonstrated,0.0210,0.021,0.020911368333386804,0.10789869514276741,-2.2265625,619,0.1511,C,D,False,True,3,True,True,True,"◆ D
⟦OK⟧"
95,undemonstrated,natural,,0.08356582698125692,1.0,0.0,611,0.1492,C,D,False,True,1,False,False,True,D
95,undemonstrated,0.0600,0.06,0.06042437849751536,0.6257840096045911,-0.4687500596046448,611,0.1492,C,D,False,True,1,False,False,True,D
95,undemonstrated,0.0450,0.045,0.04447195876057819,0.4152368286818413,-0.87890625,611,0.1492,C,D,False,True,1,False,False,True,D
95,undemonstrated,0.0375,0.0375,0.03724631067393247,0.32847936791032617,-1.11328125,611,0.1492,C,D,False,True,1,False,False,True,D
95,undemonstrated,0.0300,0.03,0.02945685692801625,0.2450605392455259,-1.40625,611,0.1492,C,D,False,True,1,False,False,True,D
95,undemonstrated,0.0210,0.021,0.020273140304722048,0.15335496684492847,-1.875,611,0.1492,C,D,False,True,1,False,False,True,D
96,demonstrated,natural,,0.09490372173750572,1.0,0.0,718,0.1753,B,B,True,True,3,True,True,True,"◆ B
⟦OK⟧"
96,demonstrated,0.0600,0.06,0.059643183142047196,0.46686331570996537,-0.76171875,718,0.1753,B,B,True,True,3,True,True,True,"◆ B
⟦OK⟧"
96,demonstrated,0.0450,0.045,0.04443566241772068,0.30978554847668166,-1.171875,718,0.1753,B,B,True,True,3,True,True,True,"◆ B
⟦OK⟧"
96,demonstrated,0.0375,0.0375,0.03744631026484102,0.2450605392455259,-1.40625,718,0.1753,B,B,True,True,3,True,True,True,"◆ B
⟦OK⟧"
96,demonstrated,0.0300,0.03,0.02959793739509231,0.18282630132100924,-1.69921875,718,0.1753,B,B,True,True,3,True,True,True,"◆ B
⟦OK⟧"
96,demonstrated,0.0210,0.021,0.02110894684568665,0.1213137638466268,-2.109375,718,0.1753,B,B,True,True,3,True,True,True,"◆ B
⟦OK⟧"
96,undemonstrated,natural,,0.08215102091358517,1.0,0.0,710,0.1733,B,E,False,True,1,False,False,True,E
96,undemonstrated,0.0600,0.06,0.05980797614632394,0.6257840096045911,-0.4687500596046448,710,0.1733,B,B,True,True,1,False,False,True,B
96,undemonstrated,0.0450,0.045,0.04570674748169523,0.440294041117178,-0.8203125,710,0.1733,B,B,True,True,1,False,False,True,B
96,undemonstrated,0.0375,0.0375,0.03767013979149425,0.34830125444308524,-1.0546875,710,0.1733,B,B,True,True,1,False,False,True,B
96,undemonstrated,0.0300,0.03,0.030940379384045258,0.2755289704553164,-1.2890625,710,0.1733,B,B,True,True,1,False,False,True,B
96,undemonstrated,0.0210,0.021,0.020650792658428063,0.17242162389375282,-1.7578125,710,0.1733,B,B,True,True,1,False,False,True,B
97,demonstrated,natural,,0.10157557232660253,1.0,0.0,657,0.1604,B,B,True,True,3,True,True,True,"◆ B
⟦OK⟧"
97,demonstrated,0.0600,0.06,0.060582653999754044,0.440294041117178,-0.8203125,657,0.1604,B,B,True,True,3,True,True,True,"◆ B
⟦OK⟧"
97,demonstrated,0.0450,0.045,0.04481094491143889,0.2921555976422762,-1.23046875,657,0.1604,B,B,True,True,3,True,True,True,"◆ B
⟦OK⟧"
97,demonstrated,0.0375,0.0375,0.0374832122902502,0.23111410023442172,-1.46484375,657,0.1604,B,A,False,True,3,True,True,True,"◆ A
⟦OK⟧"
97,demonstrated,0.0300,0.03,0.029810755848919346,0.17242162389375282,-1.7578125,657,0.1604,B,A,False,True,3,True,True,True,"◆ A
⟦OK⟧"
97,demonstrated,0.0210,0.021,0.02194543585081865,0.1213137638466268,-2.109375,657,0.1604,B,A,False,True,3,True,True,True,"◆ A
⟦OK⟧"
97,undemonstrated,natural,,0.09026034193813004,1.0,0.0,649,0.1584,B,B,True,True,1,False,False,True,B
97,undemonstrated,0.0600,0.06,0.05996052719794598,0.5731311960714808,-0.556640625,649,0.1584,B,B,True,True,1,False,False,True,B
97,undemonstrated,0.0450,0.045,0.04506498031670958,0.391605626676799,-0.9375,649,0.1584,B,A,False,True,1,False,False,True,A
97,undemonstrated,0.0375,0.0375,0.03703626678975436,0.30978554847668166,-1.171875,649,0.1584,B,A,False,True,1,False,False,True,A
97,undemonstrated,0.0300,0.03,0.03067087214521047,0.2450605392455259,-1.40625,649,0.1584,B,A,False,True,1,False,False,True,A
97,undemonstrated,0.0210,0.021,0.020673411231459493,0.15335496684492847,-1.875,649,0.1584,B,A,False,True,1,False,False,True,A
98,demonstrated,natural,,0.09901530994956076,1.0,0.0,643,0.157,A,B,False,True,3,True,True,True,"◆ B
⟦OK⟧"
98,demonstrated,0.0600,0.06,0.05972853070080486,0.4533840931520487,-0.791015625,643,0.157,A,D,False,True,3,True,True,True,"◆ D
⟦OK⟧"
98,demonstrated,0.0450,0.045,0.04549276329379559,0.30978554847668166,-1.171875,643,0.157,A,D,False,True,3,True,True,True,"◆ D
⟦OK⟧"
98,demonstrated,0.0375,0.0375,0.03838490331985245,0.2450605392455259,-1.40625,643,0.157,A,D,False,True,3,True,True,True,"◆ D
⟦OK⟧"
98,demonstrated,0.0300,0.03,0.02939268089289504,0.17242162389375282,-1.7578125,643,0.157,A,D,False,True,3,True,True,True,"◆ D
⟦OK⟧"
98,demonstrated,0.0210,0.021,0.020005291379893153,0.10789869514276741,-2.2265625,643,0.157,A,D,False,True,3,True,True,True,"◆ D
⟦OK⟧"
98,undemonstrated,natural,,0.08267636189289007,1.0,0.0,635,0.155,A,D,False,True,1,False,False,True,D
98,undemonstrated,0.0600,0.06,0.06093005147623032,0.663546562885513,-0.41015625,635,0.155,A,A,True,True,1,False,False,True,A
98,undemonstrated,0.0450,0.045,0.04478381293053779,0.440294041117178,-0.8203125,635,0.155,A,A,True,True,1,False,False,True,A
98,undemonstrated,0.0375,0.0375,0.037275109275725526,0.34830125444308524,-1.0546875,635,0.155,A,A,True,True,1,False,False,True,A
98,undemonstrated,0.0300,0.03,0.029861112471326834,0.25984856758801733,-1.34765625,635,0.155,A,A,True,True,1,False,False,True,A
98,undemonstrated,0.0210,0.021,0.0213073762764866,0.17242162389375282,-1.7578125,635,0.155,A,A,True,True,1,False,False,True,A
99,demonstrated,natural,,0.096629674287243,1.0,0.0,691,0.1687,A,D,False,True,3,True,True,True,"◆ D
⟦OK⟧"
99,demonstrated,0.0600,0.06,0.059368221433906854,0.46686331570996537,-0.76171875,691,0.1687,A,D,False,True,3,True,True,True,"◆ D
⟦OK⟧"
99,demonstrated,0.0450,0.045,0.04580390749401797,0.32847936791032617,-1.11328125,691,0.1687,A,D,False,True,3,True,True,True,"◆ D
⟦OK⟧"
99,demonstrated,0.0375,0.0375,0.03652085334794286,0.2450605392455259,-1.40625,691,0.1687,A,D,False,True,3,True,True,True,"◆ D
⟦OK⟧"
99,demonstrated,0.0300,0.03,0.03039079012836865,0.19385884264329528,-1.640625,691,0.1687,A,D,False,True,3,True,True,True,"◆ D
⟦OK⟧"
99,demonstrated,0.0210,0.021,0.020282570826545054,0.1213137638466268,-2.109375,691,0.1687,A,C,False,True,3,True,True,True,"◆ C
⟦OK⟧"
99,undemonstrated,natural,,0.07862320659744881,1.0,0.0,683,0.1667,A,D,False,True,1,False,False,True,D
99,undemonstrated,0.0600,0.06,0.06064709447479544,0.7035878743456275,-0.3515624701976776,683,0.1667,A,D,False,True,1,False,False,True,D
99,undemonstrated,0.0450,0.045,0.044255716196385464,0.46686331570996537,-0.76171875,683,0.1667,A,C,False,True,1,False,False,True,C
99,undemonstrated,0.0375,0.0375,0.03663477716256658,0.3693192805940405,-0.99609375,683,0.1667,A,C,False,True,1,False,False,True,C
99,undemonstrated,0.0300,0.03,0.029115154820299693,0.2755289704553164,-1.2890625,683,0.1667,A,C,False,True,1,False,False,True,C
99,undemonstrated,0.0210,0.021,0.021842385218433513,0.19385884264329528,-1.640625,683,0.1667,A,C,False,True,1,False,False,True,C
100,demonstrated,natural,,0.10031800743447139,1.0,0.0,728,0.1777,C,C,True,True,3,True,True,True,"◆ C
⟦OK⟧"
100,demonstrated,0.0600,0.06,0.06038176118453964,0.440294041117178,-0.8203125,728,0.1777,C,C,True,True,3,True,True,True,"◆ C
⟦OK⟧"
100,demonstrated,0.0450,0.045,0.04474900944386273,0.2921555976422762,-1.23046875,728,0.1777,C,C,True,True,3,True,True,True,"◆ C
⟦OK⟧"
100,demonstrated,0.0375,0.0375,0.03750329096977856,0.23111410023442172,-1.46484375,728,0.1777,C,C,True,True,3,True,True,True,"◆ C
⟦OK⟧"
100,demonstrated,0.0300,0.03,0.02978243563114713,0.17242162389375282,-1.7578125,728,0.1777,C,C,True,True,3,True,True,True,"◆ C
⟦OK⟧"
100,demonstrated,0.0210,0.021,0.020130146852754605,0.10789869514276741,-2.2265625,728,0.1777,C,C,True,True,3,True,True,True,"◆ C
⟦OK⟧"
100,undemonstrated,natural,,0.08846567194276123,1.0,0.0,720,0.1758,C,C,True,True,1,False,False,True,C
100,undemonstrated,0.0600,0.06,0.059607744330199885,0.5901705299683179,-0.5273438096046448,720,0.1758,C,C,True,True,1,False,False,True,C
100,undemonstrated,0.0450,0.045,0.04531836085375529,0.4152368286818413,-0.87890625,720,0.1758,C,C,True,True,1,False,False,True,C
100,undemonstrated,0.0375,0.0375,0.03746625105347823,0.32847936791032617,-1.11328125,720,0.1758,C,C,True,True,1,False,False,True,C
100,undemonstrated,0.0300,0.03,0.029601219218012176,0.2450605392455259,-1.40625,720,0.1758,C,C,True,True,1,False,False,True,C
100,undemonstrated,0.0210,0.021,0.020038884304163562,0.15335496684492847,-1.875,720,0.1758,C,C,True,True,1,False,False,True,C
101,demonstrated,natural,,0.10351740535018905,1.0,0.0,568,0.1387,C,A,False,True,3,True,True,True,"◆ A
⟦OK⟧"
101,demonstrated,0.0600,0.06,0.05919758487896587,0.4152368286818413,-0.87890625,568,0.1387,C,A,False,True,3,True,True,True,"◆ A
⟦OK⟧"
101,demonstrated,0.0450,0.045,0.045546582777888034,0.2921555976422762,-1.23046875,568,0.1387,C,A,False,True,3,True,True,True,"◆ A
⟦OK⟧"
101,demonstrated,0.0375,0.0375,0.03655941513501304,0.21796135555570278,-1.5234375,568,0.1387,C,A,False,True,3,True,True,True,"◆ A
⟦OK⟧"
101,demonstrated,0.0300,0.03,0.030337851108532377,0.17242162389375282,-1.7578125,568,0.1387,C,A,False,True,3,True,True,True,"◆ A
⟦OK⟧"
101,demonstrated,0.0210,0.021,0.020562094668198583,0.10789869514276741,-2.2265625,568,0.1387,C,A,False,True,3,True,True,True,"◆ A
⟦OK⟧"
101,undemonstrated,natural,,0.08330926467343147,1.0,0.0,560,0.1367,C,A,False,True,1,False,False,True,A
101,undemonstrated,0.0600,0.06,0.05981987632513608,0.6257840096045911,-0.4687500596046448,560,0.1367,C,A,False,True,1,False,False,True,A
101,undemonstrated,0.0450,0.045,0.044271911819159016,0.4152368286818413,-0.87890625,560,0.1367,C,A,False,True,1,False,False,True,A
101,undemonstrated,0.0375,0.0375,0.03690833033239471,0.32847936791032617,-1.11328125,560,0.1367,C,A,False,True,1,False,False,True,A
101,undemonstrated,0.0300,0.03,0.029099927777750167,0.2450605392455259,-1.40625,560,0.1367,C,A,False,True,1,False,False,True,A
101,undemonstrated,0.0210,0.021,0.0218892627390197,0.17242162389375282,-1.7578125,560,0.1367,C,A,False,True,1,False,False,True,A
102,demonstrated,natural,,0.10926772375467664,1.0,0.0,440,0.1074,B,E,False,True,3,True,True,True,"◆ E
⟦OK⟧"
102,demonstrated,0.0600,0.06,0.06048803384892221,0.391605626676799,-0.9375,440,0.1074,B,B,True,True,3,True,True,True,"◆ B
⟦OK⟧"
102,demonstrated,0.0450,0.045,0.04527649204294182,0.25984856758801733,-1.34765625,440,0.1074,B,B,True,True,3,True,True,True,"◆ B
⟦OK⟧"
102,demonstrated,0.0375,0.0375,0.037898706778015434,0.20555713592330557,-1.58203125,440,0.1074,B,B,True,True,3,True,True,True,"◆ B
⟦OK⟧"
102,demonstrated,0.0300,0.03,0.03004050231076061,0.15335496684492847,-1.875,440,0.1074,B,B,True,True,3,True,True,True,"◆ B
⟦OK⟧"
102,demonstrated,0.0210,0.021,0.020630990419613138,0.09596708604499847,-2.34375,440,0.1074,B,B,True,True,3,True,True,True,"◆ B
⟦OK⟧"
102,undemonstrated,natural,,0.09027555922071073,1.0,0.0,432,0.1055,B,B,True,True,1,False,False,True,B
102,undemonstrated,0.0600,0.06,0.060589234087849775,0.556583819812148,-0.5859375,432,0.1055,B,B,True,True,1,False,False,True,B
102,undemonstrated,0.0450,0.045,0.044689677956194274,0.3693192805940405,-0.99609375,432,0.1055,B,B,True,True,1,False,False,True,B
102,undemonstrated,0.0375,0.0375,0.03715928329556473,0.2921555976422762,-1.23046875,432,0.1055,B,B,True,True,1,False,False,True,B
102,undemonstrated,0.0300,0.03,0.029459078854065623,0.21796135555570278,-1.5234375,432,0.1055,B,B,True,True,1,False,False,True,B
102,undemonstrated,0.0210,0.021,0.020078325353678927,0.1363967310184996,-1.9921875,432,0.1055,B,B,True,True,1,False,False,True,B
103,demonstrated,natural,,0.09753675988731203,1.0,0.0,682,0.1665,C,C,True,True,3,True,True,True,"◆ C
⟦OK⟧"
103,demonstrated,0.0600,0.06,0.06002214168353248,0.46686331570996537,-0.76171875,682,0.1665,C,C,True,True,3,True,True,True,"◆ C
⟦OK⟧"
103,demonstrated,0.0450,0.045,0.0444749308464889,0.30978554847668166,-1.171875,682,0.1665,C,C,True,True,3,True,True,True,"◆ C
⟦OK⟧"
103,demonstrated,0.0375,0.0375,0.03734752369073746,0.2450605392455259,-1.40625,682,0.1665,C,C,True,True,3,True,True,True,"◆ C
⟦OK⟧"
103,demonstrated,0.0300,0.03,0.029562899507899587,0.18282630132100924,-1.69921875,682,0.1665,C,C,True,True,3,True,True,True,"◆ C
⟦OK⟧"
103,demonstrated,0.0210,0.021,0.021185471800259315,0.1213137638466268,-2.109375,682,0.1665,C,C,True,True,3,True,True,True,"◆ C
⟦OK⟧"
103,undemonstrated,natural,,0.07956142927248422,1.0,0.0,674,0.1646,C,A,False,True,1,False,False,True,A
103,undemonstrated,0.0600,0.06,0.05949755309135085,0.663546562885513,-0.41015625,674,0.1646,C,A,False,True,1,False,False,True,A
103,undemonstrated,0.0450,0.045,0.04573913620791714,0.46686331570996537,-0.76171875,674,0.1646,C,A,False,True,1,False,False,True,A
103,undemonstrated,0.0375,0.0375,0.037632001490131906,0.3693192805940405,-0.99609375,674,0.1646,C,A,False,True,1,False,False,True,A
103,undemonstrated,0.0300,0.03,0.029826218554581452,0.2755289704553164,-1.2890625,674,0.1646,C,A,False,True,1,False,False,True,A
103,undemonstrated,0.0210,0.021,0.020878117927585205,0.18282630132100924,-1.69921875,674,0.1646,C,A,False,True,1,False,False,True,A
104,demonstrated,natural,,0.1057240552647869,1.0,0.0,594,0.145,A,C,False,True,3,True,True,True,"◆ C
⟦OK⟧"
104,demonstrated,0.0600,0.06,0.06006217972603167,0.4032481599651003,-0.908203125,594,0.145,A,D,False,True,3,True,True,True,"◆ D
⟦OK⟧"
104,demonstrated,0.0450,0.045,0.04542010220010084,0.2755289704553164,-1.2890625,594,0.145,A,D,False,True,3,True,True,True,"◆ D
⟦OK⟧"
104,demonstrated,0.0375,0.0375,0.03761972352209142,0.21796135555570278,-1.5234375,594,0.145,A,D,False,True,3,True,True,True,"◆ D
⟦OK⟧"
104,demonstrated,0.0300,0.03,0.029933110869780677,0.1626090785152391,-1.81640625,594,0.145,A,D,False,True,3,True,True,True,"◆ D
⟦OK⟧"
104,demonstrated,0.0210,0.021,0.02110324952227849,0.10789869514276741,-2.2265625,594,0.145,A,D,False,True,3,True,True,True,"◆ D
⟦OK⟧"
104,undemonstrated,natural,,0.08648699660560055,1.0,0.0,586,0.1431,A,D,False,True,1,False,False,True,D
104,undemonstrated,0.0600,0.06,0.059877431260922265,0.5731311960714808,-0.556640625,586,0.1431,A,D,False,True,1,False,False,True,D
104,undemonstrated,0.0450,0.045,0.045062065253056005,0.391605626676799,-0.9375,586,0.1431,A,D,False,True,1,False,False,True,D
104,undemonstrated,0.0375,0.0375,0.037368208490622834,0.30978554847668166,-1.171875,586,0.1431,A,D,False,True,1,False,False,True,D
104,undemonstrated,0.0300,0.03,0.030611112369594906,0.2450605392455259,-1.40625,586,0.1431,A,D,False,True,1,False,False,True,D
104,undemonstrated,0.0210,0.021,0.02064905203319256,0.15335496684492847,-1.875,586,0.1431,A,D,False,True,1,False,False,True,D
105,demonstrated,natural,,0.09523074587856328,1.0,0.0,831,0.2029,E,E,True,True,3,True,True,True,"◆ E
⟦OK⟧"
105,demonstrated,0.0600,0.06,0.05989729652835507,0.46686331570996537,-0.76171875,831,0.2029,E,E,True,True,3,True,True,True,"◆ E
⟦OK⟧"
105,demonstrated,0.0450,0.045,0.04487383632998565,0.30978554847668166,-1.171875,831,0.2029,E,E,True,True,3,True,True,True,"◆ E
⟦OK⟧"
105,demonstrated,0.0375,0.0375,0.037766436435607176,0.2450605392455259,-1.40625,831,0.2029,E,E,True,True,3,True,True,True,"◆ E
⟦OK⟧"
105,demonstrated,0.0300,0.03,0.029817620510829812,0.18282630132100924,-1.69921875,831,0.2029,E,E,True,True,3,True,True,True,"◆ E
⟦OK⟧"
105,demonstrated,0.0210,0.021,0.021135390353482553,0.1213137638466268,-2.109375,831,0.2029,E,E,True,True,3,True,True,True,"◆ E
⟦OK⟧"
105,undemonstrated,natural,,0.09173836543423164,1.0,0.0,823,0.2009,E,E,True,True,1,False,False,True,E
105,undemonstrated,0.0600,0.06,0.059728399630126106,0.5405141974474641,-0.6152344346046448,823,0.2009,E,E,True,True,1,False,False,True,E
105,undemonstrated,0.0450,0.045,0.044057250525590064,0.3693192805940405,-0.99609375,823,0.2009,E,E,True,True,1,False,False,True,E
105,undemonstrated,0.0375,0.0375,0.03814963077365796,0.30978554847668166,-1.171875,823,0.2009,E,E,True,True,1,False,False,True,E
105,undemonstrated,0.0300,0.03,0.029758847530536592,0.23111410023442172,-1.46484375,823,0.2009,E,E,True,True,1,False,False,True,E
105,undemonstrated,0.0210,0.021,0.021221098291837937,0.15335496684492847,-1.875,823,0.2009,E,E,True,True,1,False,False,True,E
106,demonstrated,natural,,0.0894604897359561,1.0,0.0,919,0.2244,C,D,False,True,3,True,True,True,"◆ D
⟦OK⟧"
106,demonstrated,0.0600,0.06,0.06055048237475624,0.5249085353233612,-0.64453125,919,0.2244,C,D,False,True,3,True,True,True,"◆ D
⟦OK⟧"
106,demonstrated,0.0450,0.045,0.04558066963764351,0.34830125444308524,-1.0546875,919,0.2244,C,C,True,True,3,True,True,True,"◆ C
⟦OK⟧"
106,demonstrated,0.0375,0.0375,0.03706724341284151,0.25984856758801733,-1.34765625,919,0.2244,C,C,True,True,3,True,True,True,"◆ C
⟦OK⟧"
106,demonstrated,0.0300,0.03,0.029462482799610556,0.19385884264329528,-1.640625,919,0.2244,C,C,True,True,3,True,True,True,"◆ C
⟦OK⟧"
106,demonstrated,0.0210,0.021,0.02012049175006747,0.1213137638466268,-2.109375,919,0.2244,C,C,True,True,3,True,True,True,"◆ C
⟦OK⟧"
106,undemonstrated,natural,,0.06443036064517393,1.0,0.0,911,0.2224,C,D,False,True,1,False,False,True,D
106,undemonstrated,0.0600,0.06,0.059589874502727014,0.8894184115759556,-0.1171874850988388,911,0.2224,C,D,False,True,1,False,False,True,D
106,undemonstrated,0.0450,0.045,0.044655941370419505,0.5901705299683179,-0.5273438096046448,911,0.2224,C,D,False,True,1,False,False,True,D
106,undemonstrated,0.0375,0.0375,0.03761164151474983,0.46686331570996537,-0.76171875,911,0.2224,C,D,False,True,1,False,False,True,D
106,undemonstrated,0.0300,0.03,0.029983378479578437,0.34830125444308524,-1.0546875,911,0.2224,C,D,False,True,1,False,False,True,D
106,undemonstrated,0.0210,0.021,0.0206374573760435,0.21796135555570278,-1.5234375,911,0.2224,C,C,True,True,1,False,False,True,C
107,demonstrated,natural,,0.10227449342499995,1.0,0.0,595,0.1453,D,D,True,True,3,True,True,True,"◆ D
⟦OK⟧"
107,demonstrated,0.0600,0.06,0.060794677749282044,0.440294041117178,-0.8203125,595,0.1453,D,D,True,True,3,True,True,True,"◆ D
⟦OK⟧"
107,demonstrated,0.0450,0.045,0.04520890048873838,0.2921555976422762,-1.23046875,595,0.1453,D,D,True,True,3,True,True,True,"◆ D
⟦OK⟧"
107,demonstrated,0.0375,0.0375,0.037922846994476345,0.23111410023442172,-1.46484375,595,0.1453,D,D,True,True,3,True,True,True,"◆ D
⟦OK⟧"
107,demonstrated,0.0300,0.03,0.030003114180175317,0.17242162389375282,-1.7578125,595,0.1453,D,D,True,True,3,True,True,True,"◆ D
⟦OK⟧"
107,demonstrated,0.0210,0.021,0.020329048353124435,0.10789869514276741,-2.2265625,595,0.1453,D,D,True,True,3,True,True,True,"◆ D
⟦OK⟧"
107,undemonstrated,natural,,0.07998731012915528,1.0,0.0,587,0.1433,D,D,True,True,1,False,False,True,D
107,undemonstrated,0.0600,0.06,0.059424436228880495,0.663546562885513,-0.41015625,587,0.1433,D,D,True,True,1,False,False,True,D
107,undemonstrated,0.0450,0.045,0.045415440442567956,0.46686331570996537,-0.76171875,587,0.1433,D,D,True,True,1,False,False,True,D
107,undemonstrated,0.0375,0.0375,0.037667204149038014,0.3693192805940405,-0.99609375,587,0.1433,D,D,True,True,1,False,False,True,D
107,undemonstrated,0.0300,0.03,0.029771661334550004,0.2755289704553164,-1.2890625,587,0.1433,D,D,True,True,1,False,False,True,D
107,undemonstrated,0.0210,0.021,0.020156707521724826,0.17242162389375282,-1.7578125,587,0.1433,D,D,True,True,1,False,False,True,D
108,demonstrated,natural,,0.09583772768459475,1.0,0.0,771,0.1882,D,D,True,True,3,True,True,True,"◆ D
⟦OK⟧"
108,demonstrated,0.0600,0.06,0.06097150164680798,0.46686331570996537,-0.76171875,771,0.1882,D,D,True,True,3,True,True,True,"◆ D
⟦OK⟧"
108,demonstrated,0.0450,0.045,0.045787737032848774,0.30978554847668166,-1.171875,771,0.1882,D,D,True,True,3,True,True,True,"◆ D
⟦OK⟧"
108,demonstrated,0.0375,0.0375,0.03833999589800241,0.2450605392455259,-1.40625,771,0.1882,D,D,True,True,3,True,True,True,"◆ D
⟦OK⟧"
108,demonstrated,0.0300,0.03,0.030189308510999435,0.18282630132100924,-1.69921875,771,0.1882,D,D,True,True,3,True,True,True,"◆ D
⟦OK⟧"
108,demonstrated,0.0210,0.021,0.021442258167535533,0.1213137638466268,-2.109375,771,0.1882,D,D,True,True,3,True,True,True,"◆ D
⟦OK⟧"
108,undemonstrated,natural,,0.0804279670323167,1.0,0.0,763,0.1863,D,D,True,True,1,False,False,True,D
108,undemonstrated,0.0600,0.06,0.059565629254699104,0.663546562885513,-0.41015625,763,0.1863,D,D,True,True,1,False,False,True,D
108,undemonstrated,0.0450,0.045,0.04499977811605582,0.46686331570996537,-0.76171875,763,0.1863,D,D,True,True,1,False,False,True,D
108,undemonstrated,0.0375,0.0375,0.03704174814434946,0.3693192805940405,-0.99609375,763,0.1863,D,D,True,True,1,False,False,True,D
108,undemonstrated,0.0300,0.03,0.029207669550330495,0.2755289704553164,-1.2890625,763,0.1863,D,D,True,True,1,False,False,True,D
108,undemonstrated,0.0210,0.021,0.021608665807287375,0.19385884264329528,-1.640625,763,0.1863,D,D,True,True,1,False,False,True,D
109,demonstrated,natural,,0.10067755377978926,1.0,0.0,561,0.137,C,C,True,True,3,True,True,True,"◆ C
⟦OK⟧"
109,demonstrated,0.0600,0.06,0.059408867615879046,0.440294041117178,-0.8203125,561,0.137,C,C,True,True,3,True,True,True,"◆ C
⟦OK⟧"
109,demonstrated,0.0450,0.045,0.045686909641474927,0.30978554847668166,-1.171875,561,0.137,C,C,True,True,3,True,True,True,"◆ C
⟦OK⟧"
109,demonstrated,0.0375,0.0375,0.038216145866002194,0.2450605392455259,-1.40625,561,0.137,C,C,True,True,3,True,True,True,"◆ C
⟦OK⟧"
109,demonstrated,0.0300,0.03,0.03016054516690403,0.18282630132100924,-1.69921875,561,0.137,C,C,True,True,3,True,True,True,"◆ C
⟦OK⟧"
109,demonstrated,0.0210,0.021,0.021424372463979324,0.1213137638466268,-2.109375,561,0.137,C,C,True,True,3,True,True,True,"◆ C
⟦OK⟧"
109,undemonstrated,natural,,0.08431420578068582,1.0,0.0,553,0.135,C,C,True,True,1,False,False,True,C
109,undemonstrated,0.0600,0.06,0.06063228528620357,0.6257840096045911,-0.4687500596046448,553,0.135,C,C,True,True,1,False,False,True,C
109,undemonstrated,0.0450,0.045,0.04473353970152516,0.4152368286818413,-0.87890625,553,0.135,C,C,True,True,1,False,False,True,C
109,undemonstrated,0.0375,0.0375,0.037453406986166726,0.32847936791032617,-1.11328125,553,0.135,C,C,True,True,1,False,False,True,C
109,undemonstrated,0.0300,0.03,0.029540230299033965,0.2450605392455259,-1.40625,553,0.135,C,C,True,True,1,False,False,True,C
109,undemonstrated,0.0210,0.021,0.020279728676644737,0.15335496684492847,-1.875,553,0.135,C,C,True,True,1,False,False,True,C
110,demonstrated,natural,,0.1054706675437842,1.0,0.0,587,0.1433,B,C,False,True,3,True,True,True,"◆ C
⟦OK⟧"
110,demonstrated,0.0600,0.06,0.059768786401818375,0.4032481599651003,-0.908203125,587,0.1433,B,C,False,True,3,True,True,True,"◆ C
⟦OK⟧"
110,demonstrated,0.0450,0.045,0.04542981237695187,0.2755289704553164,-1.2890625,587,0.1433,B,C,False,True,3,True,True,True,"◆ C
⟦OK⟧"
110,demonstrated,0.0375,0.0375,0.037840651415084636,0.21796135555570278,-1.5234375,587,0.1433,B,C,False,True,3,True,True,True,"◆ C
⟦OK⟧"
110,demonstrated,0.0300,0.03,0.030028211159159213,0.1626090785152391,-1.81640625,587,0.1433,B,B,True,True,3,True,True,True,"◆ B
⟦OK⟧"
110,demonstrated,0.0210,0.021,0.021025547966965874,0.10789869514276741,-2.2265625,587,0.1433,B,B,True,True,3,True,True,True,"◆ B
⟦OK⟧"
110,undemonstrated,natural,,0.09560111807982707,1.0,0.0,579,0.1414,B,C,False,True,1,False,False,True,C
110,undemonstrated,0.0600,0.06,0.059833360208102704,0.4950358969261986,-0.703125,579,0.1414,B,C,False,True,1,False,False,True,C
110,undemonstrated,0.0450,0.045,0.04402659908421214,0.32847936791032617,-1.11328125,579,0.1414,B,C,False,True,1,False,False,True,C
110,undemonstrated,0.0375,0.0375,0.038292890923557366,0.2755289704553164,-1.2890625,579,0.1414,B,C,False,True,1,False,False,True,C
110,undemonstrated,0.0300,0.03,0.030245103002002338,0.20555713592330557,-1.58203125,579,0.1414,B,C,False,True,1,False,False,True,C
110,undemonstrated,0.0210,0.021,0.02116228945250853,0.1363967310184996,-1.9921875,579,0.1414,B,C,False,True,1,False,False,True,C
111,demonstrated,natural,,0.09478885433503237,1.0,0.0,860,0.21,A,A,True,True,3,True,True,True,"◆ A
⟦OK⟧"
111,demonstrated,0.0600,0.06,0.06083230577262988,0.4950358969261986,-0.703125,860,0.21,A,A,True,True,3,True,True,True,"◆ A
⟦OK⟧"
111,demonstrated,0.0450,0.045,0.045474532458264605,0.32847936791032617,-1.11328125,860,0.21,A,A,True,True,3,True,True,True,"◆ A
⟦OK⟧"
111,demonstrated,0.0375,0.0375,0.038130660261649574,0.25984856758801733,-1.34765625,860,0.21,A,A,True,True,3,True,True,True,"◆ A
⟦OK⟧"
111,demonstrated,0.0300,0.03,0.030074678423680723,0.19385884264329528,-1.640625,860,0.21,A,A,True,True,3,True,True,True,"◆ A
⟦OK⟧"
111,demonstrated,0.0210,0.021,0.020354893866183055,0.1213137638466268,-2.109375,860,0.21,A,A,True,True,3,True,True,True,"◆ A
⟦OK⟧"
111,undemonstrated,natural,,0.08594570457053408,1.0,0.0,852,0.208,A,A,True,True,1,False,False,True,A
111,undemonstrated,0.0600,0.06,0.059805075903142324,0.6077164475263447,-0.498046875,852,0.208,A,A,True,True,1,False,False,True,A
111,undemonstrated,0.0450,0.045,0.0456245183163162,0.440294041117178,-0.8203125,852,0.208,A,A,True,True,1,False,False,True,A
111,undemonstrated,0.0375,0.0375,0.03724168300921349,0.34830125444308524,-1.0546875,852,0.208,A,A,True,True,1,False,False,True,A
111,undemonstrated,0.0300,0.03,0.030573176317790107,0.2755289704553164,-1.2890625,852,0.208,A,A,True,True,1,False,False,True,A
111,undemonstrated,0.0210,0.021,0.020524536062627607,0.17242162389375282,-1.7578125,852,0.208,A,A,True,True,1,False,False,True,A
112,demonstrated,natural,,0.09797872630502447,1.0,0.0,733,0.179,C,D,False,True,3,True,True,True,"◆ D
⟦OK⟧"
112,demonstrated,0.0600,0.06,0.059192944094001554,0.440294041117178,-0.8203125,733,0.179,C,D,False,True,3,True,True,True,"◆ D
⟦OK⟧"
112,demonstrated,0.0450,0.045,0.04414908004156137,0.2921555976422762,-1.23046875,733,0.179,C,D,False,True,3,True,True,True,"◆ D
⟦OK⟧"
112,demonstrated,0.0375,0.0375,0.03707736293690078,0.23111410023442172,-1.46484375,733,0.179,C,D,False,True,3,True,True,True,"◆ D
⟦OK⟧"
112,demonstrated,0.0300,0.03,0.02959486551592916,0.17242162389375282,-1.7578125,733,0.179,C,D,False,True,3,True,True,True,"◆ D
⟦OK⟧"
112,demonstrated,0.0210,0.021,0.021975126831520364,0.1213137638466268,-2.109375,733,0.179,C,D,False,True,3,True,True,True,"◆ D
⟦OK⟧"
112,undemonstrated,natural,,0.07938774527236703,1.0,0.0,725,0.177,C,D,False,True,1,False,False,True,D
112,undemonstrated,0.0600,0.06,0.059044516106629086,0.663546562885513,-0.41015625,725,0.177,C,D,False,True,1,False,False,True,D
112,undemonstrated,0.0450,0.045,0.04524217222008353,0.46686331570996537,-0.76171875,725,0.177,C,D,False,True,1,False,False,True,D
112,undemonstrated,0.0375,0.0375,0.03725108677544209,0.3693192805940405,-0.99609375,725,0.177,C,D,False,True,1,False,False,True,D
112,undemonstrated,0.0300,0.03,0.029528875129065768,0.2755289704553164,-1.2890625,725,0.177,C,D,False,True,1,False,False,True,D
112,undemonstrated,0.0210,0.021,0.021980625017521627,0.19385884264329528,-1.640625,725,0.177,C,D,False,True,1,False,False,True,D
113,demonstrated,natural,,0.09632513258173869,1.0,0.0,757,0.1848,A,C,False,True,3,True,True,True,"◆ C
⟦OK⟧"
113,demonstrated,0.0600,0.06,0.06095335189414364,0.46686331570996537,-0.76171875,757,0.1848,A,C,False,True,3,True,True,True,"◆ C
⟦OK⟧"
113,demonstrated,0.0450,0.045,0.045275100883505726,0.30978554847668166,-1.171875,757,0.1848,A,C,False,True,3,True,True,True,"◆ C
⟦OK⟧"
113,demonstrated,0.0375,0.0375,0.03773799035535852,0.2450605392455259,-1.40625,757,0.1848,A,C,False,True,3,True,True,True,"◆ C
⟦OK⟧"
113,demonstrated,0.0300,0.03,0.02954582148224294,0.18282630132100924,-1.69921875,757,0.1848,A,C,False,True,3,True,True,True,"◆ C
⟦OK⟧"
113,demonstrated,0.0210,0.021,0.02082775118268365,0.1213137638466268,-2.109375,757,0.1848,A,C,False,True,3,True,True,True,"◆ C
⟦OK⟧"
113,undemonstrated,natural,,0.07790502138246591,1.0,0.0,749,0.1829,A,D,False,True,1,False,False,True,D
113,undemonstrated,0.0600,0.06,0.06052811136908831,0.7035878743456275,-0.3515624701976776,749,0.1829,A,C,False,True,1,False,False,True,C
113,undemonstrated,0.0450,0.045,0.0445459797100618,0.46686331570996537,-0.76171875,749,0.1829,A,C,False,True,1,False,False,True,C
113,undemonstrated,0.0375,0.0375,0.036934778811788416,0.3693192805940405,-0.99609375,749,0.1829,A,C,False,True,1,False,False,True,C
113,undemonstrated,0.0300,0.03,0.029360468457634403,0.2755289704553164,-1.2890625,749,0.1829,A,C,False,True,1,False,False,True,C
113,undemonstrated,0.0210,0.021,0.02006152562967789,0.17242162389375282,-1.7578125,749,0.1829,A,C,False,True,1,False,False,True,C
114,demonstrated,natural,,0.09523203615718145,1.0,0.0,735,0.1794,A,E,False,True,3,True,True,True,"◆ E
⟦OK⟧"
114,demonstrated,0.0600,0.06,0.05998209434772095,0.46686331570996537,-0.76171875,735,0.1794,A,E,False,True,3,True,True,True,"◆ E
⟦OK⟧"
114,demonstrated,0.0450,0.045,0.04455565386595994,0.30978554847668166,-1.171875,735,0.1794,A,E,False,True,3,True,True,True,"◆ E
⟦OK⟧"
114,demonstrated,0.0375,0.0375,0.037354877104184725,0.2450605392455259,-1.40625,735,0.1794,A,E,False,True,3,True,True,True,"◆ E
⟦OK⟧"
114,demonstrated,0.0300,0.03,0.03093938051953593,0.19385884264329528,-1.640625,735,0.1794,A,E,False,True,3,True,True,True,"◆ E
⟦OK⟧"
114,demonstrated,0.0210,0.021,0.020822950758804915,0.1213137638466268,-2.109375,735,0.1794,A,E,False,True,3,True,True,True,"◆ E
⟦OK⟧"
114,undemonstrated,natural,,0.07769470213027141,1.0,0.0,727,0.1775,A,E,False,True,1,False,False,True,E
114,undemonstrated,0.0600,0.06,0.059537384192758225,0.683273968265999,-0.380859375,727,0.1775,A,E,False,True,1,False,False,True,E
114,undemonstrated,0.0450,0.045,0.044817024084077506,0.46686331570996537,-0.76171875,727,0.1775,A,E,False,True,1,False,False,True,E
114,undemonstrated,0.0375,0.0375,0.036748036329786515,0.3693192805940405,-0.99609375,727,0.1775,A,E,False,True,1,False,False,True,E
114,undemonstrated,0.0300,0.03,0.03026546379339945,0.2921555976422762,-1.23046875,727,0.1775,A,E,False,True,1,False,False,True,E
114,undemonstrated,0.0210,0.021,0.021289356774779278,0.19385884264329528,-1.640625,727,0.1775,A,E,False,True,1,False,False,True,E
115,demonstrated,natural,,0.09012252813019028,1.0,0.0,751,0.1833,D,D,True,True,3,True,True,True,"◆ D
⟦OK⟧"
115,demonstrated,0.0600,0.06,0.06025644395926477,0.5249085353233612,-0.64453125,751,0.1833,D,D,True,True,3,True,True,True,"◆ D
⟦OK⟧"
115,demonstrated,0.0450,0.045,0.04522867750594983,0.34830125444308524,-1.0546875,751,0.1833,D,D,True,True,3,True,True,True,"◆ D
⟦OK⟧"
115,demonstrated,0.0375,0.0375,0.03831810232664157,0.2755289704553164,-1.2890625,751,0.1833,D,D,True,True,3,True,True,True,"◆ D
⟦OK⟧"
115,demonstrated,0.0300,0.03,0.029274720950890565,0.19385884264329528,-1.640625,751,0.1833,D,D,True,True,3,True,True,True,"◆ D
⟦OK⟧"
115,demonstrated,0.0210,0.021,0.021939665520642138,0.1363967310184996,-1.9921875,751,0.1833,D,D,True,True,3,True,True,True,"◆ D
⟦OK⟧"
115,undemonstrated,natural,,0.08542477219581635,1.0,0.0,743,0.1814,D,D,True,True,1,False,False,True,D
115,undemonstrated,0.0600,0.06,0.060212388216586143,0.6257840096045911,-0.4687500596046448,743,0.1814,D,D,True,True,1,False,False,True,D
115,undemonstrated,0.0450,0.045,0.045339135524694374,0.440294041117178,-0.8203125,743,0.1814,D,D,True,True,1,False,False,True,D
115,undemonstrated,0.0375,0.0375,0.03730040181296468,0.34830125444308524,-1.0546875,743,0.1814,D,D,True,True,1,False,False,True,D
115,undemonstrated,0.0300,0.03,0.030904893341998863,0.2755289704553164,-1.2890625,743,0.1814,D,D,True,True,1,False,False,True,D
115,undemonstrated,0.0210,0.021,0.020750578993989355,0.17242162389375282,-1.7578125,743,0.1814,D,D,True,True,1,False,False,True,D
116,demonstrated,natural,,0.10068727431407254,1.0,0.0,660,0.1611,A,A,True,True,3,True,True,True,"◆ A
⟦OK⟧"
116,demonstrated,0.0600,0.06,0.06057793771889841,0.440294041117178,-0.8203125,660,0.1611,A,A,True,True,3,True,True,True,"◆ A
⟦OK⟧"
116,demonstrated,0.0450,0.045,0.044925110939852075,0.2921555976422762,-1.23046875,660,0.1611,A,A,True,True,3,True,True,True,"◆ A
⟦OK⟧"
116,demonstrated,0.0375,0.0375,0.03774037228624838,0.23111410023442172,-1.46484375,660,0.1611,A,A,True,True,3,True,True,True,"◆ A
⟦OK⟧"
116,demonstrated,0.0300,0.03,0.029941027334542625,0.17242162389375282,-1.7578125,660,0.1611,A,A,True,True,3,True,True,True,"◆ A
⟦OK⟧"
116,demonstrated,0.0210,0.021,0.02024843245108543,0.10789869514276741,-2.2265625,660,0.1611,A,A,True,True,3,True,True,True,"◆ A
⟦OK⟧"
116,undemonstrated,natural,,0.08690992057375624,1.0,0.0,652,0.1592,A,A,True,True,1,False,False,True,A
116,undemonstrated,0.0600,0.06,0.059269137309103215,0.5901705299683179,-0.5273438096046448,652,0.1592,A,A,True,True,1,False,False,True,A
116,undemonstrated,0.0450,0.045,0.04532610694382111,0.4152368286818413,-0.87890625,652,0.1592,A,A,True,True,1,False,False,True,A
116,undemonstrated,0.0375,0.0375,0.037197314857803754,0.32847936791032617,-1.11328125,652,0.1592,A,A,True,True,1,False,False,True,A
116,undemonstrated,0.0300,0.03,0.029181555447104213,0.2450605392455259,-1.40625,652,0.1592,A,A,True,True,1,False,False,True,A
116,undemonstrated,0.0210,0.021,0.02171531832635587,0.17242162389375282,-1.7578125,652,0.1592,A,A,True,True,1,False,False,True,A
117,demonstrated,natural,,0.09359905420458148,1.0,0.0,840,0.2051,B,D,False,True,3,True,True,True,"◆ D
⟦OK⟧"
117,demonstrated,0.0600,0.06,0.06084677537418415,0.4950358969261986,-0.703125,840,0.2051,B,D,False,True,3,True,True,True,"◆ D
⟦OK⟧"
117,demonstrated,0.0450,0.045,0.045567084837763616,0.32847936791032617,-1.11328125,840,0.2051,B,D,False,True,3,True,True,True,"◆ D
⟦OK⟧"
117,demonstrated,0.0375,0.0375,0.03658760878710687,0.2450605392455259,-1.40625,840,0.2051,B,B,True,True,3,True,True,True,"◆ B
⟦OK⟧"
117,demonstrated,0.0300,0.03,0.03030918986396891,0.19385884264329528,-1.640625,840,0.2051,B,B,True,True,3,True,True,True,"◆ B
⟦OK⟧"
117,demonstrated,0.0210,0.021,0.020583752337541394,0.1213137638466268,-2.109375,840,0.2051,B,B,True,True,3,True,True,True,"◆ B
⟦OK⟧"
117,undemonstrated,natural,,0.08490994972128618,1.0,0.0,832,0.2031,B,B,True,True,1,False,False,True,B
117,undemonstrated,0.0600,0.06,0.059654531836233815,0.6077164475263447,-0.498046875,832,0.2031,B,B,True,True,1,False,False,True,B
117,undemonstrated,0.0450,0.045,0.04418603390350473,0.4152368286818413,-0.87890625,832,0.2031,B,B,True,True,1,False,False,True,B
117,undemonstrated,0.0375,0.0375,0.03815393072417983,0.34830125444308524,-1.0546875,832,0.2031,B,B,True,True,1,False,False,True,B
117,undemonstrated,0.0300,0.03,0.02981264034287534,0.25984856758801733,-1.34765625,832,0.2031,B,B,True,True,1,False,False,True,B
117,undemonstrated,0.0210,0.021,0.020998067212558258,0.17242162389375282,-1.7578125,832,0.2031,B,B,True,True,1,False,False,True,B
118,demonstrated,natural,,0.08938604715401333,1.0,0.0,900,0.2197,B,C,False,True,3,True,True,True,"◆ C
⟦OK⟧"
118,demonstrated,0.0600,0.06,0.060738918398369535,0.5249085353233612,-0.64453125,900,0.2197,B,C,False,True,3,True,True,True,"◆ C
⟦OK⟧"
118,demonstrated,0.0450,0.045,0.04558783618748219,0.34830125444308524,-1.0546875,900,0.2197,B,C,False,True,3,True,True,True,"◆ C
⟦OK⟧"
118,demonstrated,0.0375,0.0375,0.038486765236812825,0.2755289704553164,-1.2890625,900,0.2197,B,C,False,True,3,True,True,True,"◆ C
⟦OK⟧"
118,demonstrated,0.0300,0.03,0.030382591384077173,0.20555713592330557,-1.58203125,900,0.2197,B,C,False,True,3,True,True,True,"◆ C
⟦OK⟧"
118,demonstrated,0.0210,0.021,0.021172499467367434,0.1363967310184996,-1.9921875,900,0.2197,B,C,False,True,3,True,True,True,"◆ C
⟦OK⟧"
118,undemonstrated,natural,,0.08127392976277292,1.0,0.0,892,0.2178,B,E,False,True,1,False,False,True,E
118,undemonstrated,0.0600,0.06,0.060581519259216954,0.663546562885513,-0.41015625,892,0.2178,B,E,False,True,1,False,False,True,E
118,undemonstrated,0.0450,0.045,0.045153388537073624,0.46686331570996537,-0.76171875,892,0.2178,B,C,False,True,1,False,False,True,C
118,undemonstrated,0.0375,0.0375,0.03689998677163109,0.3693192805940405,-0.99609375,892,0.2178,B,C,False,True,1,False,False,True,C
118,undemonstrated,0.0300,0.03,0.029093798991582265,0.2755289704553164,-1.2890625,892,0.2178,B,C,False,True,1,False,False,True,C
118,undemonstrated,0.0210,0.021,0.02157311586927646,0.19385884264329528,-1.640625,892,0.2178,B,C,False,True,1,False,False,True,C
119,demonstrated,natural,,0.10290346638893055,1.0,0.0,630,0.1538,E,D,False,True,3,True,True,True,"◆ D
⟦OK⟧"
119,demonstrated,0.0600,0.06,0.05974930276289925,0.427581923519937,-0.849609375,630,0.1538,E,D,False,True,3,True,True,True,"◆ D
⟦OK⟧"
119,demonstrated,0.0450,0.045,0.04521699606390506,0.2921555976422762,-1.23046875,630,0.1538,E,C,False,True,3,True,True,True,"◆ C
⟦OK⟧"
119,demonstrated,0.0375,0.0375,0.0380324991869454,0.23111410023442172,-1.46484375,630,0.1538,E,B,False,True,3,True,True,True,"◆ B
⟦OK⟧"
119,demonstrated,0.0300,0.03,0.030028476500680412,0.17242162389375282,-1.7578125,630,0.1538,E,B,False,True,3,True,True,True,"◆ B
⟦OK⟧"
119,demonstrated,0.0210,0.021,0.020256094558164683,0.10789869514276741,-2.2265625,630,0.1538,E,B,False,True,3,True,True,True,"◆ B
⟦OK⟧"
119,undemonstrated,natural,,0.09420758273859065,1.0,0.0,622,0.1519,E,C,False,True,1,False,False,True,C
119,undemonstrated,0.0600,0.06,0.060818429918512606,0.5249085353233612,-0.64453125,622,0.1519,E,C,False,True,1,False,False,True,C
119,undemonstrated,0.0450,0.045,0.04519412335051953,0.3693192805940405,-0.99609375,622,0.1519,E,C,False,True,1,False,False,True,C
119,undemonstrated,0.0375,0.0375,0.03702962995604153,0.2921555976422762,-1.23046875,622,0.1519,E,B,False,True,1,False,False,True,B
119,undemonstrated,0.0300,0.03,0.029129632078186418,0.21796135555570278,-1.5234375,622,0.1519,E,B,False,True,1,False,False,True,B
119,undemonstrated,0.0210,0.021,0.021805460211004046,0.15335496684492847,-1.875,622,0.1519,E,B,False,True,1,False,False,True,B
