evidence_share,question_share,probe,arm,mean_shared_options,n_context,ctx_tokens,context_fill,pathology,gold,pred,correct,parsed,mean_entropy,response
0.012684071895949143,0.28222465185847667,0,disjoint,0.0,8,3157,0.7708,Viral pharyngitis,E,,False,False,,
0.013562978116429545,0.26053060963749886,0,random,1.5,8,2990,0.73,Viral pharyngitis,E,,False,False,,
0.014575040541655784,0.25462910243576126,0,near_dup,4.0,8,3349,0.8176,Viral pharyngitis,E,,False,False,,
0.013994035826596831,0.2814261619766642,1,disjoint,0.0,8,3130,0.7642,Croup,A,,False,False,,
0.013306808179809846,0.26296478040915516,1,random,0.875,8,2899,0.7078,Croup,A,,False,False,,
0.021649737592919598,0.2787283266162766,1,near_dup,3.375,8,2938,0.7173,Croup,A,,False,False,,
0.013175201922422275,0.24177523160220257,2,disjoint,0.0,8,2858,0.6978,Tuberculosis,B,,False,False,,
0.014264546247432008,0.25196262166303185,2,random,1.25,8,2773,0.677,Tuberculosis,B,,False,False,,
0.017078410913070132,0.2571306284184435,2,near_dup,3.5,8,2320,0.5664,Tuberculosis,B,,False,False,,
0.01038996668233137,0.24830271551452046,4,disjoint,0.0,8,3154,0.77,Anaphylaxis,B,,False,False,,
0.013096355749959392,0.25441218132618815,4,random,0.625,8,3037,0.7415,Anaphylaxis,B,,False,False,,
0.012370442555818175,0.2649518574721047,4,near_dup,3.0,8,3754,0.9165,Anaphylaxis,B,,False,False,,
0.007898142478162689,0.2732470450490447,5,disjoint,0.0,8,3082,0.7524,Acute COPD exacerbation / infection,C,,False,False,,
0.008463586067331821,0.2819146017011787,5,random,1.375,8,2854,0.6968,Acute COPD exacerbation / infection,C,,False,False,,
0.009175685454725422,0.2854796074430591,5,near_dup,4.0,8,3106,0.7583,Acute COPD exacerbation / infection,C,,False,False,,
0.012631088349735364,0.23396483715623617,6,disjoint,0.0,8,3118,0.7612,GERD,E,,False,False,,
0.0109525008010678,0.23108160904874758,6,random,0.875,8,3275,0.7996,GERD,E,,False,False,,
0.016571410894227614,0.21491503808647394,6,near_dup,3.0,8,2722,0.6646,GERD,E,,False,False,,
0.016915142827201635,0.2594712687423453,7,disjoint,0.0,8,2993,0.7307,HIV (initial infection),A,,False,False,,
0.01805274560216016,0.2542486226801494,7,random,0.25,8,3032,0.7402,HIV (initial infection),A,,False,False,,
0.014618320415528225,0.2653356082238523,7,near_dup,3.625,8,3223,0.7869,HIV (initial infection),A,,False,False,,
0.009932047921340979,0.2873563172761351,8,disjoint,0.0,8,3227,0.7878,Unstable angina,C,,False,False,,
0.009377924759714265,0.3028575950052722,8,random,1.25,8,3190,0.7788,Unstable angina,C,,False,False,,
0.011531671340760243,0.3021027182445063,8,near_dup,4.0,8,3362,0.8208,Unstable angina,C,,False,False,,
0.010809057317341544,0.24697871734055557,9,disjoint,0.0,8,2634,0.6431,Scombroid food poisoning,B,,False,False,,
0.012033604663364323,0.24446817602230503,9,random,1.375,8,2931,0.7156,Scombroid food poisoning,B,,False,False,,
0.014024214016639494,0.25245492619329263,9,near_dup,3.125,8,2911,0.7107,Scombroid food poisoning,B,,False,False,,
0.02068430186149531,0.268310835385429,10,disjoint,0.0,8,3179,0.7761,Atrial fibrillation,A,,False,False,,
0.01706290923591171,0.2603828263568825,10,random,1.5,8,3075,0.7507,Atrial fibrillation,A,,False,False,,
0.021244726235246553,0.2579507746101756,10,near_dup,4.0,8,2741,0.6692,Atrial fibrillation,A,,False,False,,
0.011394766221720991,0.2504860696915005,12,disjoint,0.0,8,3347,0.8171,Pulmonary embolism,C,,False,False,,
0.01365056582393923,0.2713106927694753,12,random,0.5,8,3225,0.7874,Pulmonary embolism,C,,False,False,,
0.01587253351837197,0.27328552769696607,12,near_dup,3.125,8,2899,0.7078,Pulmonary embolism,C,,False,False,,
0.013488491814184402,0.2828884377543415,13,disjoint,0.0,8,3426,0.8364,Influenza,E,,False,False,,
0.013529034318967856,0.2803162939879777,13,random,0.5,8,3520,0.8594,Influenza,E,,False,False,,
0.0237121160607785,0.26547356112860143,13,near_dup,4.0,8,2853,0.6965,Influenza,E,,False,False,,
0.011914667598570563,0.25498626813558595,15,disjoint,0.0,8,3267,0.7976,Allergic sinusitis,C,,False,False,,
0.015202024111723793,0.26102868382752475,15,random,1.5,8,2483,0.6062,Allergic sinusitis,C,,False,False,,
0.01696680165228567,0.27350232349376064,15,near_dup,4.0,8,2998,0.7319,Allergic sinusitis,C,,False,False,,
0.010365852430238322,0.2651363050764693,16,disjoint,0.0,8,2982,0.728,Bronchospasm / acute asthma exacerbation,E,,False,False,,
0.009418734448055537,0.27440281425203594,16,random,0.375,8,3134,0.7651,Bronchospasm / acute asthma exacerbation,E,,False,False,,
0.012470980902435258,0.2561627798214821,16,near_dup,4.0,8,2409,0.5881,Bronchospasm / acute asthma exacerbation,E,,False,False,,
0.011925879408538873,0.2884059865859204,17,disjoint,0.0,8,3480,0.8496,Panic attack,A,,False,False,,
0.011976570795273542,0.2754376036880006,17,random,0.625,8,3316,0.8096,Panic attack,A,,False,False,,
0.023153934494725296,0.26081220732469645,17,near_dup,4.0,8,3673,0.8967,Panic attack,A,,False,False,,
0.014864438795484602,0.2913555508047076,18,disjoint,0.0,8,2928,0.7148,Pulmonary neoplasm,A,,False,False,,
0.014234953572408162,0.2796399039465801,18,random,1.0,8,2937,0.717,Pulmonary neoplasm,A,,False,False,,
0.012321846513909154,0.28618700672606273,18,near_dup,3.125,8,3277,0.8,Pulmonary neoplasm,A,,False,False,,
0.01981859897413025,0.2594361357623711,19,disjoint,0.0,8,2981,0.7278,Epiglottitis,A,,False,False,,
0.014692736540122755,0.2760500131241445,19,random,0.375,8,3146,0.7681,Epiglottitis,A,,False,False,,
0.05318968783831224,0.21081776951073802,19,near_dup,3.0,8,2575,0.6287,Epiglottitis,A,,False,False,,
0.01350443293839427,0.24962471536959388,20,disjoint,0.0,8,3472,0.8477,Pulmonary embolism,D,,False,False,,
0.014725606506025153,0.24294256259288108,20,random,0.5,8,3199,0.781,Pulmonary embolism,D,,False,False,,
0.02111107949999028,0.2285748079219567,20,near_dup,4.0,8,3213,0.7844,Pulmonary embolism,D,,False,False,,
0.011407694895751774,0.26330104882695843,21,disjoint,0.0,8,3394,0.8286,URTI,D,,False,False,,
0.0172987590527295,0.278755889756472,21,random,0.75,8,3285,0.802,URTI,D,,False,False,,
0.014982668333686888,0.27184500551915597,21,near_dup,3.625,8,3222,0.7866,URTI,D,,False,False,,
0.010314878758176096,0.31112203875090927,22,disjoint,0.0,8,2946,0.7192,Unstable angina,E,,False,False,,
0.01056069895899522,0.30923885566049386,22,random,0.25,8,2964,0.7236,Unstable angina,E,,False,False,,
0.010475239254966644,0.3012987252358081,22,near_dup,4.0,8,3360,0.8203,Unstable angina,E,,False,False,,
0.011480816735586683,0.28122129429331316,23,disjoint,0.0,8,3111,0.7595,Acute otitis media,D,,False,False,,
0.013359447147065242,0.27465464264553574,23,random,0.625,8,2952,0.7207,Acute otitis media,D,,False,False,,
0.02871161631524696,0.2805031347088516,23,near_dup,4.0,8,2640,0.6445,Acute otitis media,D,,False,False,,
0.015340165979328699,0.26636848555478665,24,disjoint,0.0,8,3849,0.9397,Pneumonia,D,,False,False,,
0.01850445563988095,0.2688204425586654,24,random,1.125,8,3337,0.8147,Pneumonia,D,,False,False,,
0.027100778845903863,0.27130754102420596,24,near_dup,4.0,8,2545,0.6213,Pneumonia,D,,False,False,,
0.019328242375714972,0.23533396925111966,25,disjoint,0.0,8,2844,0.6943,Epiglottitis,B,,False,False,,
0.023570087168731595,0.2594938730222306,25,random,1.125,8,3142,0.7671,Epiglottitis,B,,False,False,,
0.03740675398148596,0.2527522187280868,25,near_dup,3.625,8,2450,0.5981,Epiglottitis,B,,False,False,,
0.01276485835634438,0.25867490415527883,26,disjoint,0.0,8,2972,0.7256,Viral pharyngitis,B,,False,False,,
0.014190226069851113,0.27397993687606814,26,random,1.0,8,3040,0.7422,Viral pharyngitis,B,,False,False,,
0.018352379007930204,0.2777410259669913,26,near_dup,3.0,8,2924,0.7139,Viral pharyngitis,B,,False,False,,
0.038460242470526804,0.2513603489080976,27,disjoint,0.0,8,2763,0.6746,Myocarditis,E,,False,False,,
0.030755893023784404,0.2555129990547097,27,random,1.125,8,2982,0.728,Myocarditis,E,,False,False,,
0.050154158986905326,0.23921545014517115,27,near_dup,3.25,8,3122,0.7622,Myocarditis,E,,False,False,,
0.01426529316813685,0.278996536341895,28,disjoint,0.0,8,3156,0.7705,Pulmonary embolism,E,,False,False,,
0.014746227156138048,0.2388705450908414,28,random,0.375,8,3173,0.7747,Pulmonary embolism,E,,False,False,,
0.01840550106966735,0.23993822346840585,28,near_dup,4.0,8,3402,0.8306,Pulmonary embolism,E,,False,False,,
0.011900368670467287,0.2811207317946745,29,disjoint,0.0,8,3359,0.8201,Pneumonia,B,,False,False,,
0.01688897067547909,0.2836055739150782,29,random,0.875,8,3034,0.7407,Pneumonia,B,,False,False,,
0.025034794001840055,0.2653472482842127,29,near_dup,3.625,8,2749,0.6711,Pneumonia,B,,False,False,,
0.015829534120192484,0.27743625432984637,30,disjoint,0.0,8,3121,0.762,Influenza,A,,False,False,,
0.0174997090944089,0.28153050592767875,30,random,0.625,8,3047,0.7439,Influenza,A,,False,False,,
0.019775326081019427,0.25955511009254095,30,near_dup,4.0,8,2850,0.6958,Influenza,A,,False,False,,
0.011141821758688561,0.27986893974178073,31,disjoint,0.0,8,3190,0.7788,Acute COPD exacerbation / infection,C,,False,False,,
0.010795886025464694,0.2707513038601194,31,random,0.5,8,2824,0.6895,Acute COPD exacerbation / infection,C,,False,False,,
0.01294653351526774,0.2669642423113276,31,near_dup,4.0,8,3392,0.8281,Acute COPD exacerbation / infection,C,,False,False,,
0.010842390304398057,0.2615825058726062,32,disjoint,0.0,8,3026,0.7388,URTI,C,,False,False,,
0.009130747972189315,0.2686230507014053,32,random,0.375,8,3015,0.7361,URTI,C,,False,False,,
0.01656223540859563,0.2568776264254536,32,near_dup,4.0,8,3915,0.9558,URTI,C,,False,False,,
0.02055263618240133,0.24585098442288914,33,disjoint,0.0,8,3245,0.7922,Anemia,C,,False,False,,
0.017660247270084386,0.25495550957774477,33,random,0.125,8,3300,0.8057,Anemia,C,,False,False,,
0.02610574771616874,0.24014442480568374,33,near_dup,4.0,8,3934,0.9604,Anemia,C,,False,False,,
0.015956934050856426,0.2675877315757264,34,disjoint,0.0,8,2841,0.6936,Anemia,C,,False,False,,
0.01977186862911497,0.2686496763739602,34,random,1.125,8,3121,0.762,Anemia,C,,False,False,,
0.02057206229489696,0.2552836459113418,34,near_dup,3.75,8,2581,0.6301,Anemia,C,,False,False,,
0.012038361531657367,0.2955413606999043,36,disjoint,0.0,8,2517,0.6145,Acute pulmonary edema,D,,False,False,,
0.02250018814811483,0.2867467311111146,36,random,1.125,8,3397,0.8293,Acute pulmonary edema,D,,False,False,,
0.03789854028894167,0.270035429807779,36,near_dup,4.0,8,3360,0.8203,Acute pulmonary edema,D,,False,False,,
0.014375641424391818,0.2742242450559778,37,disjoint,0.0,8,2783,0.6794,Acute pulmonary edema,C,,False,False,,
0.01731849727678179,0.2624256099308176,37,random,1.25,8,3205,0.7825,Acute pulmonary edema,C,,False,False,,
0.020830240720117996,0.27564444775427027,37,near_dup,3.0,8,2965,0.7239,Acute pulmonary edema,C,,False,False,,
0.010777842769000148,0.2699134171873863,38,disjoint,0.0,8,3610,0.8813,Chronic rhinosinusitis,B,,False,False,,
0.009605204977560788,0.2744865401514939,38,random,1.25,8,2934,0.7163,Chronic rhinosinusitis,B,,False,False,,
0.014623889508324541,0.28627765888813883,38,near_dup,4.0,8,3070,0.7495,Chronic rhinosinusitis,B,,False,False,,
0.014417059486731887,0.26152997192860183,39,disjoint,0.0,8,2916,0.7119,URTI,E,,False,False,,
0.015258547500707209,0.2691188766787361,39,random,0.375,8,2932,0.7158,URTI,E,,False,False,,
0.030139811702870896,0.2426669057957562,39,near_dup,4.0,8,3588,0.876,URTI,E,,False,False,,
0.01578614433362548,0.2820470044389367,40,disjoint,0.0,8,3316,0.8096,Influenza,D,,False,False,,
0.03718435697789703,0.25650118361227214,40,random,1.625,8,2855,0.697,Influenza,D,,False,False,,
0.04673710414291626,0.23095940680442645,40,near_dup,4.0,8,3256,0.7949,Influenza,D,,False,False,,
0.014994880517146416,0.26886923970388515,41,disjoint,0.0,8,3036,0.7412,Acute dystonic reactions,C,,False,False,,
0.01382373514518674,0.26527082885149866,41,random,0.625,8,2702,0.6597,Acute dystonic reactions,C,,False,False,,
0.024519031605450436,0.2817697901544826,41,near_dup,4.0,8,2419,0.5906,Acute dystonic reactions,C,,False,False,,
0.01095809429534711,0.2936725357514141,42,disjoint,0.0,8,2779,0.6785,Unstable angina,B,,False,False,,
0.011316955355661256,0.2964384876208247,42,random,1.0,8,2937,0.717,Unstable angina,B,,False,False,,
0.015111979261356672,0.31317449532382724,42,near_dup,4.0,8,3632,0.8867,Unstable angina,B,,False,False,,
0.01578179205950749,0.23732382516443198,43,disjoint,0.0,8,3191,0.7791,Pulmonary embolism,C,,False,False,,
0.021231933047861924,0.2696790280419269,43,random,1.125,8,3504,0.8555,Pulmonary embolism,C,,False,False,,
0.026149753040434525,0.26333508050135734,43,near_dup,3.625,8,2659,0.6492,Pulmonary embolism,C,,False,False,,
0.011068535128807915,0.27702895312436987,44,disjoint,0.0,8,3077,0.7512,Scombroid food poisoning,A,,False,False,,
0.012869575135742448,0.2879487780488229,44,random,1.0,8,2981,0.7278,Scombroid food poisoning,A,,False,False,,
0.01367261481105483,0.2830807625183037,44,near_dup,3.125,8,2860,0.6982,Scombroid food poisoning,A,,False,False,,
0.010372235888748296,0.2635045882031721,45,disjoint,0.0,8,3067,0.7488,Chronic rhinosinusitis,B,,False,False,,
0.011871226289908268,0.2530693015266609,45,random,0.25,8,2912,0.7109,Chronic rhinosinusitis,B,,False,False,,
0.01785493705704409,0.27926677388937343,45,near_dup,4.0,8,2998,0.7319,Chronic rhinosinusitis,B,,False,False,,
0.012625714597691382,0.2848553940587278,46,disjoint,0.0,8,3307,0.8074,Myocarditis,C,,False,False,,
0.011430639175939308,0.2760139545259465,46,random,0.75,8,3451,0.8425,Myocarditis,C,,False,False,,
0.023100010836580104,0.27874167940379785,46,near_dup,4.0,8,3509,0.8567,Myocarditis,C,,False,False,,
0.012741737225691654,0.28112994393865975,47,disjoint,0.0,8,3069,0.7493,Possible NSTEMI / STEMI,A,,False,False,,
0.01518972368129263,0.2758753043682581,47,random,1.25,8,3145,0.7678,Possible NSTEMI / STEMI,A,,False,False,,
0.017999481538676525,0.27260897235412684,47,near_dup,4.0,8,2945,0.719,Possible NSTEMI / STEMI,A,,False,False,,
0.008626329982819567,0.2586064326709935,48,disjoint,0.0,8,3086,0.7534,Bronchiectasis,D,,False,False,,
0.009062935851813694,0.268258156920118,48,random,0.375,8,3243,0.7917,Bronchiectasis,D,,False,False,,
0.016387400786957836,0.2727769089397043,48,near_dup,4.0,8,3921,0.9573,Bronchiectasis,D,,False,False,,
0.01152295688682768,0.2708558898884803,49,disjoint,0.0,8,3411,0.8328,Anaphylaxis,A,,False,False,,
0.012097074833166386,0.27113899319166584,49,random,0.125,8,3404,0.8311,Anaphylaxis,A,,False,False,,
0.024036488553974777,0.2786505756334269,49,near_dup,4.0,8,2592,0.6328,Anaphylaxis,A,,False,False,,
0.016955839133255983,0.27533413594522116,50,disjoint,0.0,8,2978,0.7271,Pericarditis,D,,False,False,,
0.018499838437752,0.26976801346920964,50,random,1.0,8,2938,0.7173,Pericarditis,D,,False,False,,
0.02417850961709129,0.29370143329392057,50,near_dup,4.0,8,2898,0.7075,Pericarditis,D,,False,False,,
0.016439014438739314,0.2730424612195098,51,disjoint,0.0,8,2870,0.7007,HIV (initial infection),C,,False,False,,
0.014986345141161499,0.2595212429961456,51,random,0.875,8,3024,0.7383,HIV (initial infection),C,,False,False,,
0.02030837891756424,0.2749430983593421,51,near_dup,4.0,8,3663,0.8943,HIV (initial infection),C,,False,False,,
0.021234016670080434,0.2781940304640947,52,disjoint,0.0,8,3027,0.739,PSVT,E,,False,False,,
0.018415511515091305,0.2748031009520803,52,random,0.75,8,3048,0.7441,PSVT,E,,False,False,,
0.06774042365265943,0.25158500303846915,52,near_dup,4.0,8,2368,0.5781,PSVT,E,,False,False,,
0.012131995903993291,0.2816466415533796,53,disjoint,0.0,8,3132,0.7646,Bronchospasm / acute asthma exacerbation,C,,False,False,,
0.01207283377672346,0.27355728045638117,53,random,1.25,8,2630,0.6421,Bronchospasm / acute asthma exacerbation,C,,False,False,,
0.0145017151745768,0.27458836297903744,53,near_dup,3.5,8,2273,0.5549,Bronchospasm / acute asthma exacerbation,C,,False,False,,
0.011916806563801532,0.25433432383163435,54,disjoint,0.0,8,2912,0.7109,Chronic rhinosinusitis,A,,False,False,,
0.010910971198297505,0.25601328026303755,54,random,0.625,8,3074,0.7505,Chronic rhinosinusitis,A,,False,False,,
0.01342340708028392,0.20701220756330127,54,near_dup,4.0,8,2777,0.678,Chronic rhinosinusitis,A,,False,False,,
0.010776120678721262,0.2766558106938776,55,disjoint,0.0,8,2721,0.6643,URTI,D,,False,False,,
0.01108265167983648,0.28275884286267683,55,random,0.75,8,2572,0.6279,URTI,D,,False,False,,
0.016727360323004956,0.2814083345999409,55,near_dup,4.0,8,2950,0.7202,URTI,D,,False,False,,
0.011045697340575446,0.2616103940526955,56,disjoint,0.0,8,3181,0.7766,Pericarditis,C,,False,False,,
0.00846596057609921,0.2699336430024622,56,random,1.25,8,3368,0.8223,Pericarditis,C,,False,False,,
0.016212407362348,0.28239606144571944,56,near_dup,4.0,8,3151,0.7693,Pericarditis,C,,False,False,,
0.027784638763737997,0.21618996114869202,57,disjoint,0.0,8,3004,0.7334,Anemia,B,,False,False,,
0.04825107576990766,0.21233426960783877,57,random,1.25,8,3525,0.8606,Anemia,B,,False,False,,
0.039081474799396734,0.23792443175001868,57,near_dup,4.0,8,2748,0.6709,Anemia,B,,False,False,,
0.01191702316698086,0.2808859166356602,58,disjoint,0.0,8,2725,0.6653,Atrial fibrillation,C,,False,False,,
0.011309189563949726,0.28340313939510714,58,random,0.375,8,2771,0.6765,Atrial fibrillation,C,,False,False,,
0.015178583674631747,0.26352109249481664,58,near_dup,4.0,8,2444,0.5967,Atrial fibrillation,C,,False,False,,
0.01168141283830794,0.2756871862636347,59,disjoint,0.0,8,2989,0.7297,Pulmonary embolism,E,,False,False,,
0.01474520199034097,0.24901531355655088,59,random,1.0,8,2919,0.7126,Pulmonary embolism,E,,False,False,,
0.02040998322939101,0.23381339402736298,59,near_dup,4.0,8,3179,0.7761,Pulmonary embolism,E,,False,False,,
0.06093257352975862,0.25299290160182863,60,disjoint,0.0,8,3352,0.8184,Anemia,A,,False,False,,
0.03734241027268581,0.2591061679413542,60,random,0.375,8,3308,0.8076,Anemia,A,,False,False,,
0.05026244165076475,0.25352027322099147,60,near_dup,3.0,8,2531,0.6179,Anemia,A,,False,False,,
0.015334242381088967,0.2195341927830928,61,disjoint,0.0,8,2882,0.7036,Myasthenia gravis,E,,False,False,,
0.014799579969673817,0.2564099633267948,61,random,0.875,8,2339,0.571,Myasthenia gravis,E,,False,False,,
0.019065689844345406,0.24498899246931874,61,near_dup,4.0,8,2582,0.6304,Myasthenia gravis,E,,False,False,,
0.011891691941335531,0.2927774570416659,62,disjoint,0.0,8,3322,0.811,URTI,A,,False,False,,
0.012767722493403457,0.29719661738324377,62,random,1.375,8,3168,0.7734,URTI,A,,False,False,,
0.014273605908134155,0.28091537869269295,62,near_dup,4.0,8,3871,0.9451,URTI,A,,False,False,,
0.016070064839108715,0.26428726819410386,63,disjoint,0.0,8,2793,0.6819,Inguinal hernia,C,,False,False,,
0.02136981431561123,0.2790645680922483,63,random,0.75,8,2964,0.7236,Inguinal hernia,C,,False,False,,
0.02947483065820831,0.27203211816959083,63,near_dup,3.0,8,3702,0.9038,Inguinal hernia,C,,False,False,,
0.01413247747197082,0.2789273581667138,64,disjoint,0.0,8,3641,0.8889,Pneumonia,D,,False,False,,
0.014433603234855192,0.2962888244905376,64,random,0.75,8,3493,0.8528,Pneumonia,D,,False,False,,
0.04456486013701318,0.2505133266095072,64,near_dup,4.0,8,2616,0.6387,Pneumonia,D,,False,False,,
0.016937115948946615,0.25291553959583063,65,disjoint,0.0,8,3310,0.8081,Myocarditis,C,,False,False,,
0.012920705996553547,0.274707821946192,65,random,1.5,8,3280,0.8008,Myocarditis,C,,False,False,,
0.014943313040670805,0.2748207837077124,65,near_dup,4.0,8,2370,0.5786,Myocarditis,C,,False,False,,
0.02436577228114142,0.2579890310464959,66,disjoint,0.0,8,2782,0.6792,Boerhaave,D,,False,False,,
0.019729363590678468,0.25831209507305175,66,random,0.5,8,2901,0.7083,Boerhaave,D,,False,False,,
0.02843207600692819,0.2594269572291523,66,near_dup,3.625,8,3470,0.8472,Boerhaave,D,,False,False,,
0.01351927308132872,0.26858448265453,67,disjoint,0.0,8,2901,0.7083,Bronchiectasis,C,,False,False,,
0.014421107455356312,0.25467720215341877,67,random,0.75,8,2755,0.6726,Bronchiectasis,C,,False,False,,
0.01814570593913751,0.24517261083903058,67,near_dup,4.0,8,2982,0.728,Bronchiectasis,C,,False,False,,
0.00965014970383241,0.2827159863331222,68,disjoint,0.0,8,2988,0.7295,Possible NSTEMI / STEMI,E,,False,False,,
0.009425719526396798,0.2738730040478653,68,random,0.25,8,3015,0.7361,Possible NSTEMI / STEMI,E,,False,False,,
0.01119130031189083,0.2618931106574434,68,near_dup,4.0,8,3896,0.9512,Possible NSTEMI / STEMI,E,,False,False,,
0.016802453003557666,0.24668329796155117,69,disjoint,0.0,8,3115,0.7605,Bronchitis,E,,False,False,,
0.02669146890652233,0.22804850022242004,69,random,1.125,8,3470,0.8472,Bronchitis,E,,False,False,,
0.025740419240069708,0.2666481226749186,69,near_dup,3.25,8,3939,0.9617,Bronchitis,E,,False,False,,
0.015482572111068293,0.28362176325338495,70,disjoint,0.0,8,3535,0.863,Pneumonia,A,,False,False,,
0.01626440350498472,0.28253851090890486,70,random,1.5,8,2963,0.7234,Pneumonia,A,,False,False,,
0.03253996296552941,0.25848922662303914,70,near_dup,4.0,8,2381,0.5813,Pneumonia,A,,False,False,,
0.008925247962387013,0.2676944021534707,71,disjoint,0.0,8,2901,0.7083,Acute COPD exacerbation / infection,B,,False,False,,
0.008985135032812,0.2620912410784513,71,random,0.25,8,2967,0.7244,Acute COPD exacerbation / infection,B,,False,False,,
0.00964034058935275,0.2651389033999294,71,near_dup,4.0,8,3091,0.7546,Acute COPD exacerbation / infection,B,,False,False,,
0.014293323553699468,0.26789414999075234,72,disjoint,0.0,8,3194,0.7798,GERD,B,,False,False,,
0.01194069381537182,0.2658229347351672,72,random,0.875,8,3465,0.8459,GERD,B,,False,False,,
0.01508312689423162,0.2534989801102451,72,near_dup,3.0,8,2663,0.6501,GERD,B,,False,False,,
0.010641087254043669,0.2798469782241487,73,disjoint,0.0,8,2800,0.6836,Acute pulmonary edema,A,,False,False,,
0.013754520482117576,0.2654136524236362,73,random,0.5,8,3076,0.751,Acute pulmonary edema,A,,False,False,,
0.024445331630496576,0.2910453967550503,73,near_dup,3.375,8,3226,0.7876,Acute pulmonary edema,A,,False,False,,
0.008336134142674772,0.2684828277477728,75,disjoint,0.0,8,3122,0.7622,Bronchiectasis,C,,False,False,,
0.009129613533981942,0.268015148658638,75,random,0.625,8,3498,0.854,Bronchiectasis,C,,False,False,,
0.027627177819210504,0.2730916172232745,75,near_dup,4.0,8,3243,0.7917,Bronchiectasis,C,,False,False,,
0.015197379439736583,0.28113564466392355,77,disjoint,0.0,8,3211,0.7839,HIV (initial infection),A,,False,False,,
0.017049510223192295,0.28918443696706425,77,random,0.375,8,3359,0.8201,HIV (initial infection),A,,False,False,,
0.015327437365028476,0.28041695716923903,77,near_dup,4.0,8,3725,0.9094,HIV (initial infection),A,,False,False,,
0.013970806882883022,0.263488382516828,78,disjoint,0.0,8,2925,0.7141,GERD,D,,False,False,,
0.01263168899043064,0.2607922024326399,78,random,0.875,8,2673,0.6526,GERD,D,,False,False,,
0.01359585315887151,0.24904422079479055,78,near_dup,3.0,8,3071,0.7498,GERD,D,,False,False,,
0.009851020402233448,0.27009323412286385,79,disjoint,0.0,8,3396,0.8291,Bronchospasm / acute asthma exacerbation,E,,False,False,,
0.008577666005294304,0.2849918401334435,79,random,1.125,8,3694,0.9019,Bronchospasm / acute asthma exacerbation,E,,False,False,,
0.011947836739376985,0.26368096186446827,79,near_dup,4.0,8,2326,0.5679,Bronchospasm / acute asthma exacerbation,E,,False,False,,
0.011795160477049649,0.26795825433717774,80,disjoint,0.0,8,3230,0.7886,Bronchitis,E,,False,False,,
0.010304828706596578,0.2511508284203176,80,random,0.75,8,3348,0.8174,Bronchitis,E,,False,False,,
0.01455471892508545,0.2592884105231081,80,near_dup,4.0,8,2437,0.595,Bronchitis,E,,False,False,,
0.010705031620870744,0.2830392086179927,81,disjoint,0.0,8,3206,0.7827,URTI,A,,False,False,,
0.011496644043031015,0.28455904899497647,81,random,0.625,8,3285,0.802,URTI,A,,False,False,,
0.01570380262065945,0.28033827784072074,81,near_dup,4.0,8,3829,0.9348,URTI,A,,False,False,,
0.010796323181628915,0.2776190371202704,82,disjoint,0.0,8,3119,0.7615,Spontaneous rib fracture,D,,False,False,,
0.01470255755702965,0.26975916466575917,82,random,0.875,8,3286,0.8022,Spontaneous rib fracture,D,,False,False,,
0.025884797956678085,0.27040326881355475,82,near_dup,3.0,8,2615,0.6384,Spontaneous rib fracture,D,,False,False,,
0.016684196614992937,0.22081219235302083,83,disjoint,0.0,8,2815,0.6873,Myasthenia gravis,E,,False,False,,
0.014509285413493802,0.2349388325653438,83,random,0.875,8,3106,0.7583,Myasthenia gravis,E,,False,False,,
0.021418418469173566,0.24814458262907074,83,near_dup,4.0,8,2365,0.5774,Myasthenia gravis,E,,False,False,,
0.01305155226145871,0.2860054069564545,84,disjoint,0.0,8,2973,0.7258,Atrial fibrillation,C,,False,False,,
0.014898691779567994,0.28704624894141617,84,random,0.625,8,2849,0.6956,Atrial fibrillation,C,,False,False,,
0.01501887007283845,0.2718476894245084,84,near_dup,4.0,8,2515,0.614,Atrial fibrillation,C,,False,False,,
0.010155096109623887,0.26511761610994916,85,disjoint,0.0,8,3242,0.7915,Anaphylaxis,A,,False,False,,
0.010797024218066196,0.26323506952862125,85,random,0.25,8,3159,0.7712,Anaphylaxis,A,,False,False,,
0.012089124390123678,0.2744070082137893,85,near_dup,3.0,8,3360,0.8203,Anaphylaxis,A,,False,False,,
0.011112741668642099,0.27784408897527363,86,disjoint,0.0,8,3284,0.8018,Pulmonary neoplasm,A,,False,False,,
0.012695909407089598,0.2721069354364382,86,random,0.875,8,3174,0.7749,Pulmonary neoplasm,A,,False,False,,
0.015713247836434414,0.26588279427128975,86,near_dup,3.0,8,3197,0.7805,Pulmonary neoplasm,A,,False,False,,
0.021552031044848263,0.26435671454029425,87,disjoint,0.0,8,3158,0.771,Sarcoidosis,D,,False,False,,
0.017875772909194763,0.2597334565195654,87,random,0.875,8,2807,0.6853,Sarcoidosis,D,,False,False,,
0.02431294132838957,0.2714377569500357,87,near_dup,3.125,8,3267,0.7976,Sarcoidosis,D,,False,False,,
0.010835478743371953,0.24433018430136144,88,disjoint,0.0,8,3378,0.8247,Anaphylaxis,C,,False,False,,
0.011352674183269431,0.24614230945007876,88,random,0.5,8,3202,0.7817,Anaphylaxis,C,,False,False,,
0.013290621510740104,0.25708695048732416,88,near_dup,3.0,8,3211,0.7839,Anaphylaxis,C,,False,False,,
0.012642669537204452,0.2871359811646731,89,disjoint,0.0,8,2965,0.7239,Panic attack,A,,False,False,,
0.01597259791118891,0.28978471577699694,89,random,1.0,8,3101,0.7571,Panic attack,A,,False,False,,
0.027487345002425303,0.2622510075203276,89,near_dup,4.0,8,3477,0.8489,Panic attack,A,,False,False,,
0.017475245516314835,0.2601915981919904,90,disjoint,0.0,8,3182,0.7769,Tuberculosis,E,,False,False,,
0.012262253144789221,0.2724844037854512,90,random,0.875,8,2951,0.7205,Tuberculosis,E,,False,False,,
0.0255220865697733,0.2732100641255134,90,near_dup,4.0,8,3407,0.8318,Tuberculosis,E,,False,False,,
0.01353222702164203,0.24957712327263185,91,disjoint,0.0,8,2821,0.6887,Allergic sinusitis,E,,False,False,,
0.012122731755620666,0.25425584032200277,91,random,1.25,8,2853,0.6965,Allergic sinusitis,E,,False,False,,
0.013554751864700978,0.2550773932598531,91,near_dup,4.0,8,3115,0.7605,Allergic sinusitis,E,,False,False,,
0.01593166741076857,0.2547222968756354,92,disjoint,0.0,8,2920,0.7129,Myasthenia gravis,E,,False,False,,
0.016281816322589293,0.246118905255571,92,random,0.5,8,2977,0.7268,Myasthenia gravis,E,,False,False,,
0.02990395700908266,0.23496693760223156,92,near_dup,4.0,8,2499,0.6101,Myasthenia gravis,E,,False,False,,
0.013901091613141554,0.2532807950129999,93,disjoint,0.0,8,3027,0.739,Acute dystonic reactions,B,,False,False,,
0.024488944190254967,0.27729318372439593,93,random,1.5,8,2888,0.7051,Acute dystonic reactions,B,,False,False,,
0.037318450560893064,0.2629263533744961,93,near_dup,4.0,8,2373,0.5793,Acute dystonic reactions,B,,False,False,,
0.0116423395021619,0.3042534978262016,94,disjoint,0.0,8,2730,0.6665,Unstable angina,D,,False,False,,
0.011884306187442104,0.3023291772281352,94,random,0.25,8,2753,0.6721,Unstable angina,D,,False,False,,
0.014832452646390135,0.2960238548527871,94,near_dup,4.0,8,3943,0.9626,Unstable angina,D,,False,False,,
0.010992497247311153,0.27813444642483126,95,disjoint,0.0,8,3129,0.7639,URTI,B,,False,False,,
0.011742760136257857,0.25548658531624824,95,random,0.75,8,2896,0.707,URTI,B,,False,False,,
0.01688603977839063,0.24736838485114276,95,near_dup,4.0,8,3556,0.8682,URTI,B,,False,False,,
0.018219310000339255,0.2562917152785563,96,disjoint,0.0,8,2804,0.6846,Anaphylaxis,A,,False,False,,
0.019129616025436138,0.2801462068455294,96,random,0.75,8,2578,0.6294,Anaphylaxis,A,,False,False,,
0.058970868304770975,0.23735247276324248,96,near_dup,4.0,8,3514,0.8579,Anaphylaxis,A,,False,False,,
0.011142765604225653,0.2713207206189899,97,disjoint,0.0,8,3303,0.8064,Acute rhinosinusitis,A,,False,False,,
0.010926223621936515,0.26938320716310826,97,random,0.25,8,3463,0.8455,Acute rhinosinusitis,A,,False,False,,
0.012409904046632749,0.2678743693312364,97,near_dup,4.0,8,2898,0.7075,Acute rhinosinusitis,A,,False,False,,
0.01667383872804099,0.2729543431030054,98,disjoint,0.0,8,2906,0.7095,GERD,B,,False,False,,
0.0195237641705067,0.2764812123329778,98,random,0.875,8,3139,0.7664,GERD,B,,False,False,,
0.01961576213943772,0.2846557578803705,98,near_dup,3.0,8,3611,0.8816,GERD,B,,False,False,,
0.009560038387592482,0.2838055096799508,99,disjoint,0.0,8,3109,0.759,Stable angina,B,,False,False,,
0.010935835461298535,0.29527168253636255,99,random,1.125,8,3012,0.7354,Stable angina,B,,False,False,,
0.011980889290238597,0.26554995188156943,99,near_dup,4.0,8,3080,0.752,Stable angina,B,,False,False,,
0.012070935866047097,0.2716715151909739,100,disjoint,0.0,8,3016,0.7363,Pulmonary embolism,B,,False,False,,
0.015642104296213283,0.2758409028673278,100,random,1.5,8,3058,0.7466,Pulmonary embolism,B,,False,False,,
0.023194794218787656,0.27612625032530297,100,near_dup,4.0,8,3334,0.814,Pulmonary embolism,B,,False,False,,
0.03674919021848057,0.2289002981768655,101,disjoint,0.0,8,2983,0.7283,Anemia,E,,False,False,,
0.0313595515243443,0.25502372967145803,101,random,1.25,8,2846,0.6948,Anemia,E,,False,False,,
0.03707369287647972,0.22040193702559918,101,near_dup,4.0,8,3322,0.811,Anemia,E,,False,False,,
0.011322702277019354,0.2709354146583272,102,disjoint,0.0,8,3056,0.7461,Bronchitis,D,,False,False,,
0.016142007474887317,0.2709283461694473,102,random,1.125,8,3290,0.8032,Bronchitis,D,,False,False,,
0.042721853184048086,0.23331759314584946,102,near_dup,4.0,8,2788,0.6807,Bronchitis,D,,False,False,,
0.02179346587841532,0.2554033590048285,103,disjoint,0.0,8,3004,0.7334,Anemia,C,,False,False,,
0.019359541703514487,0.2533257942912834,103,random,0.375,8,3151,0.7693,Anemia,C,,False,False,,
0.022411756159272045,0.2548927721135052,103,near_dup,4.0,8,2382,0.5815,Anemia,C,,False,False,,
0.014681980246677995,0.2452074710911672,104,disjoint,0.0,8,3158,0.771,Atrial fibrillation,E,,False,False,,
0.01790400135463902,0.2598570777169828,104,random,1.125,8,3333,0.8137,Atrial fibrillation,E,,False,False,,
0.027759829170203636,0.22868619781054025,104,near_dup,4.0,8,2666,0.6509,Atrial fibrillation,E,,False,False,,
0.013705063428330635,0.24584497399960778,105,disjoint,0.0,8,3345,0.8167,Epiglottitis,E,,False,False,,
0.012068066824992587,0.25404621382975684,105,random,0.125,8,3179,0.7761,Epiglottitis,E,,False,False,,
0.028451724352115498,0.27090418664738536,105,near_dup,3.0,8,2558,0.6245,Epiglottitis,E,,False,False,,
0.011736727860157512,0.2785418508740674,106,disjoint,0.0,8,2969,0.7249,Guillain-Barré syndrome,D,,False,False,,
0.011996979247279731,0.27034971320037066,106,random,0.375,8,3200,0.7812,Guillain-Barré syndrome,D,,False,False,,
0.01732554519133243,0.29296865603620453,106,near_dup,3.125,8,2925,0.7141,Guillain-Barré syndrome,D,,False,False,,
0.016951874680151895,0.2789866092747876,107,disjoint,0.0,8,3044,0.7432,HIV (initial infection),C,,False,False,,
0.014684150436161352,0.24756488959038897,107,random,0.75,8,3134,0.7651,HIV (initial infection),C,,False,False,,
0.015700763598683158,0.26931670718892875,107,near_dup,4.0,8,3691,0.9011,HIV (initial infection),C,,False,False,,
0.029757516084438457,0.2788164150967662,108,disjoint,0.0,8,2856,0.6973,Anemia,A,,False,False,,
0.03334634853360642,0.2859269238043843,108,random,0.625,8,3135,0.7654,Anemia,A,,False,False,,
0.028762391818288182,0.27391035854816437,108,near_dup,3.25,8,2962,0.7231,Anemia,A,,False,False,,
0.014177254367885845,0.24103021590105658,109,disjoint,0.0,8,3375,0.824,HIV (initial infection),E,,False,False,,
0.013081458966813184,0.2421137754738863,109,random,0.25,8,3286,0.8022,HIV (initial infection),E,,False,False,,
0.015998760105243752,0.24163497309200466,109,near_dup,3.125,8,3570,0.8716,HIV (initial infection),E,,False,False,,
0.01576232329326948,0.2630527115959142,110,disjoint,0.0,8,2661,0.6497,Bronchitis,B,,False,False,,
0.02107243868522346,0.2649693843476208,110,random,0.875,8,2869,0.7004,Bronchitis,B,,False,False,,
0.021828535948381095,0.26157270712844494,110,near_dup,4.0,8,2983,0.7283,Bronchitis,B,,False,False,,
0.010257973934390716,0.24050533364061266,111,disjoint,0.0,8,3360,0.8203,Chronic rhinosinusitis,C,,False,False,,
0.011571147412593876,0.2538389463859078,111,random,0.5,8,3563,0.8699,Chronic rhinosinusitis,C,,False,False,,
0.01317247335308431,0.2833951530046761,111,near_dup,4.0,8,3081,0.7522,Chronic rhinosinusitis,C,,False,False,,
0.012327950522636197,0.25464784623389797,112,disjoint,0.0,8,3315,0.8093,Pulmonary embolism,C,,False,False,,
0.018477898698100553,0.2371934882498213,112,random,1.25,8,3382,0.8257,Pulmonary embolism,C,,False,False,,
0.028197187938660915,0.24261497712827154,112,near_dup,4.0,8,3702,0.9038,Pulmonary embolism,C,,False,False,,
0.023197356420236508,0.24848070675839803,113,disjoint,0.0,8,3261,0.7961,Anemia,C,,False,False,,
0.02210751937153483,0.2511898021080664,113,random,0.375,8,3216,0.7852,Anemia,C,,False,False,,
0.03156204526645264,0.2537271237732576,113,near_dup,4.0,8,2390,0.5835,Anemia,C,,False,False,,
0.008937825544437925,0.29043490996783866,114,disjoint,0.0,8,3403,0.8308,URTI,A,,False,False,,
0.009284887188446842,0.28015811350529213,114,random,0.375,8,3220,0.7861,URTI,A,,False,False,,
0.014698532642796636,0.2927389278775081,114,near_dup,4.0,8,3887,0.949,URTI,A,,False,False,,
0.010833365381196407,0.27611478050571997,115,disjoint,0.0,8,2813,0.6868,Scombroid food poisoning,D,,False,False,,
0.00995002108850583,0.2691347831194954,115,random,0.5,8,3102,0.7573,Scombroid food poisoning,D,,False,False,,
0.01601734709609965,0.2777905169974214,115,near_dup,4.0,8,3844,0.9385,Scombroid food poisoning,D,,False,False,,
0.01402225110463665,0.2641567503700831,117,disjoint,0.0,8,2886,0.7046,Panic attack,D,,False,False,,
0.013470146368490532,0.26843057960338357,117,random,0.5,8,2877,0.7024,Panic attack,D,,False,False,,
0.018612026411574334,0.2723086798463815,117,near_dup,3.125,8,2856,0.6973,Panic attack,D,,False,False,,
0.011642679908878304,0.2686749963987885,118,disjoint,0.0,8,3278,0.8003,Bronchospasm / acute asthma exacerbation,E,,False,False,,
0.0118076856472596,0.25716310273024384,118,random,0.75,8,3313,0.8088,Bronchospasm / acute asthma exacerbation,E,,False,False,,
0.01189753197832033,0.28804663706770434,118,near_dup,3.5,8,2459,0.6003,Bronchospasm / acute asthma exacerbation,E,,False,False,,
0.02065160823570165,0.24899131450469472,119,disjoint,0.0,8,2844,0.6943,Anemia,C,,False,False,,
0.02171417876213257,0.24411152630844818,119,random,1.0,8,2835,0.6921,Anemia,C,,False,False,,
0.020288160802530392,0.24281911375666304,119,near_dup,3.625,8,3259,0.7957,Anemia,C,,False,False,,
0.01258951615974573,0.2510700654737385,121,disjoint,0.0,8,3114,0.7603,Acute otitis media,B,,False,False,,
0.016500295040064623,0.2507476737955585,121,random,1.375,8,3152,0.7695,Acute otitis media,B,,False,False,,
0.03252895421714389,0.25264432643806295,121,near_dup,4.0,8,2904,0.709,Acute otitis media,B,,False,False,,
0.05959976037099425,0.2340061838206436,122,disjoint,0.0,8,3007,0.7341,Localized edema,A,,False,False,,
0.03958295386317851,0.2462476544148688,122,random,0.75,8,3379,0.825,Localized edema,A,,False,False,,
0.034407250109195174,0.25019500615806983,122,near_dup,3.125,8,3579,0.8738,Localized edema,A,,False,False,,
0.014201843067504731,0.2639097527800394,123,disjoint,0.0,8,3495,0.8533,Pneumonia,E,,False,False,,
0.014662181950240796,0.2620983203773254,123,random,0.125,8,3561,0.8694,Pneumonia,E,,False,False,,
0.028918794979940037,0.22001533940367932,123,near_dup,4.0,8,2621,0.6399,Pneumonia,E,,False,False,,
0.017987564389061714,0.23368944829728985,124,disjoint,0.0,8,2709,0.6614,Anemia,C,,False,False,,
0.016853347624419257,0.2282845087050061,124,random,0.25,8,2791,0.6814,Anemia,C,,False,False,,
0.02413604999726106,0.25923567439895123,124,near_dup,4.0,8,3654,0.8921,Anemia,C,,False,False,,
0.015579758386593312,0.23946120169213309,125,disjoint,0.0,8,2890,0.7056,Guillain-Barré syndrome,B,,False,False,,
0.017849820408238366,0.25124163722752463,125,random,0.75,8,2852,0.6963,Guillain-Barré syndrome,B,,False,False,,
0.03302824193711525,0.26810333816268084,125,near_dup,4.0,8,2704,0.6602,Guillain-Barré syndrome,B,,False,False,,
0.02805024029554001,0.22461116909315543,126,disjoint,0.0,8,3333,0.8137,Anemia,E,,False,False,,
0.02916328576559733,0.23169988835330255,126,random,0.25,8,3368,0.8223,Anemia,E,,False,False,,
0.03977264157895531,0.22576565501679266,126,near_dup,3.0,8,2827,0.6902,Anemia,E,,False,False,,
0.011207064484811522,0.27912502489717944,127,disjoint,0.0,8,3056,0.7461,Bronchitis,C,,False,False,,
0.01048989628907293,0.28509575828710304,127,random,0.25,8,3009,0.7346,Bronchitis,C,,False,False,,
0.012445445008259932,0.27784513676306233,127,near_dup,4.0,8,2514,0.6138,Bronchitis,C,,False,False,,
0.015051075357145496,0.2531784906085314,128,disjoint,0.0,8,3492,0.8525,Viral pharyngitis,D,,False,False,,
0.02268255953094922,0.23674075935767697,128,random,1.25,8,3351,0.8181,Viral pharyngitis,D,,False,False,,
0.017102597173236842,0.2717665181927649,128,near_dup,4.0,8,3062,0.7476,Viral pharyngitis,D,,False,False,,
0.01610593814569126,0.2556623321226133,129,disjoint,0.0,8,3321,0.8108,Myasthenia gravis,C,,False,False,,
0.014106771576085262,0.262002857335444,129,random,1.125,8,3433,0.8381,Myasthenia gravis,C,,False,False,,
0.02536710470615487,0.2619403490264501,129,near_dup,4.0,8,2490,0.6079,Myasthenia gravis,C,,False,False,,
0.013780942182555529,0.27793167029241367,130,disjoint,0.0,8,3011,0.7351,Pneumonia,A,,False,False,,
0.014446790384161952,0.2858373052274276,130,random,1.5,8,3179,0.7761,Pneumonia,A,,False,False,,
0.025289321280849566,0.26695621700491756,130,near_dup,4.0,8,3053,0.7454,Pneumonia,A,,False,False,,
0.011727982196524473,0.2324009002186358,131,disjoint,0.0,8,2942,0.7183,Chagas,C,,False,False,,
0.011167184133747858,0.26209992468024473,131,random,0.875,8,3094,0.7554,Chagas,C,,False,False,,
0.013907264390062275,0.29098699843910125,131,near_dup,3.125,8,2773,0.677,Chagas,C,,False,False,,
0.011458095497800969,0.2764170266704501,132,disjoint,0.0,8,3655,0.8923,Anaphylaxis,A,,False,False,,
0.013250979249798027,0.27960597780267044,132,random,1.0,8,3416,0.834,Anaphylaxis,A,,False,False,,
0.01844143173158435,0.2703301140739183,132,near_dup,4.0,8,2888,0.7051,Anaphylaxis,A,,False,False,,
0.014856313808455266,0.25561480230784844,133,disjoint,0.0,8,2897,0.7073,Pulmonary embolism,B,,False,False,,
0.01672971363378955,0.26030067364419146,133,random,1.25,8,3282,0.8013,Pulmonary embolism,B,,False,False,,
0.020167686959861646,0.2597067505952769,133,near_dup,3.75,8,3594,0.8774,Pulmonary embolism,B,,False,False,,
0.016326973293741633,0.2605753255276276,134,disjoint,0.0,8,3050,0.7446,URTI,E,,False,False,,
0.015812158010833497,0.26823404830481323,134,random,0.5,8,3004,0.7334,URTI,E,,False,False,,
0.016234759956465235,0.2428316126710602,134,near_dup,3.375,8,3566,0.8706,URTI,E,,False,False,,
0.011743307973249881,0.28696531180425416,135,disjoint,0.0,8,2860,0.6982,Acute pulmonary edema,E,,False,False,,
0.012202179656014778,0.28683612084881005,135,random,0.25,8,2825,0.6897,Acute pulmonary edema,E,,False,False,,
0.024479307433856384,0.28344292434797225,135,near_dup,4.0,8,3867,0.9441,Acute pulmonary edema,E,,False,False,,
0.01572006657079328,0.27092983813158106,136,disjoint,0.0,8,2664,0.6504,Atrial fibrillation,D,,False,False,,
0.017172946137309606,0.2653209506201425,136,random,1.25,8,2854,0.6968,Atrial fibrillation,D,,False,False,,
0.02070052025374025,0.26817750809381585,136,near_dup,4.0,8,2470,0.603,Atrial fibrillation,D,,False,False,,
0.019841744922034974,0.2914129306695291,137,disjoint,0.0,8,3158,0.771,HIV (initial infection),C,,False,False,,
0.030126165053973506,0.2860205534546237,137,random,0.25,8,3130,0.7642,HIV (initial infection),C,,False,False,,
0.017587046600445837,0.2937092321060066,137,near_dup,3.375,8,2961,0.7229,HIV (initial infection),C,,False,False,,
0.010228891141845711,0.27191724658976973,138,disjoint,0.0,8,3027,0.739,Scombroid food poisoning,A,,False,False,,
0.015313769420442571,0.27597956685349345,138,random,0.625,8,2994,0.731,Scombroid food poisoning,A,,False,False,,
0.0144906747778545,0.2877894044088732,138,near_dup,3.25,8,3334,0.814,Scombroid food poisoning,A,,False,False,,
0.013757959486351215,0.281067401353669,139,disjoint,0.0,8,3025,0.7385,Viral pharyngitis,A,,False,False,,
0.011126240677965273,0.3010584942364533,139,random,0.75,8,3069,0.7493,Viral pharyngitis,A,,False,False,,
0.014650367478939838,0.25512249050163,139,near_dup,4.0,8,2436,0.5947,Viral pharyngitis,A,,False,False,,
0.013134665533600907,0.2820272307560247,140,disjoint,0.0,8,3118,0.7612,Viral pharyngitis,B,,False,False,,
0.015714346244099682,0.26944933673699517,140,random,0.25,8,2901,0.7083,Viral pharyngitis,B,,False,False,,
0.016770882681677386,0.2697614910014506,140,near_dup,4.0,8,2587,0.6316,Viral pharyngitis,B,,False,False,,
0.01567906789880778,0.2519680071023426,141,disjoint,0.0,8,3159,0.7712,Atrial fibrillation,E,,False,False,,
0.01779358822386712,0.26615398483616964,141,random,0.625,8,3279,0.8005,Atrial fibrillation,E,,False,False,,
0.040677095123101026,0.23816945982564772,141,near_dup,4.0,8,2829,0.6907,Atrial fibrillation,E,,False,False,,
0.01324236614163965,0.2696703042435859,142,disjoint,0.0,8,2898,0.7075,Pulmonary embolism,C,,False,False,,
0.013842111640510016,0.24208034641508544,142,random,0.75,8,3050,0.7446,Pulmonary embolism,C,,False,False,,
0.02053272260984938,0.26407022413332015,142,near_dup,4.0,8,3342,0.8159,Pulmonary embolism,C,,False,False,,
0.009046793426802782,0.2736095366167969,143,disjoint,0.0,8,3157,0.7708,URTI,D,,False,False,,
0.00961244831393872,0.27958304376807064,143,random,0.5,8,2880,0.7031,URTI,D,,False,False,,
0.012732816144957073,0.2868819553238739,143,near_dup,4.0,8,3684,0.8994,URTI,D,,False,False,,
0.012944495213949787,0.27545865408943165,144,disjoint,0.0,8,3138,0.7661,Possible NSTEMI / STEMI,A,,False,False,,
0.01263949935257967,0.2812267900777182,144,random,1.75,8,3194,0.7798,Possible NSTEMI / STEMI,A,,False,False,,
0.013492701462902395,0.2866125427119966,144,near_dup,3.875,8,3192,0.7793,Possible NSTEMI / STEMI,A,,False,False,,
0.013800002738467551,0.2676997855139364,145,disjoint,0.0,8,3208,0.7832,Pulmonary neoplasm,A,,False,False,,
0.013151491605510403,0.26310358133300077,145,random,1.375,8,2704,0.6602,Pulmonary neoplasm,A,,False,False,,
0.016649191845707328,0.2692306550618793,145,near_dup,4.0,8,2026,0.4946,Pulmonary neoplasm,A,,False,False,,
0.011445635127269529,0.2518888403927641,146,disjoint,0.0,8,3147,0.7683,Viral pharyngitis,E,,False,False,,
0.01243189916047933,0.27694793719066574,146,random,0.625,8,3215,0.7849,Viral pharyngitis,E,,False,False,,
0.015755536612622172,0.29062904951362206,146,near_dup,4.0,8,2478,0.605,Viral pharyngitis,E,,False,False,,
0.011482635483844206,0.2846927994562845,147,disjoint,0.0,8,3295,0.8044,Possible NSTEMI / STEMI,A,,False,False,,
0.012426545535812952,0.30204659894973573,147,random,0.875,8,3264,0.7969,Possible NSTEMI / STEMI,A,,False,False,,
0.020674150083712966,0.29205332525141003,147,near_dup,3.125,8,3643,0.8894,Possible NSTEMI / STEMI,A,,False,False,,
0.01554978485884411,0.2568085111478077,148,disjoint,0.0,8,3008,0.7344,Inguinal hernia,C,,False,False,,
0.024358651775401086,0.2792706904001534,148,random,0.625,8,3257,0.7952,Inguinal hernia,C,,False,False,,
0.08583772826075022,0.21351327617386623,148,near_dup,3.0,8,3764,0.9189,Inguinal hernia,C,,False,False,,
0.01020599557211556,0.2807074893166178,149,disjoint,0.0,8,3387,0.8269,Acute COPD exacerbation / infection,D,,False,False,,
0.009086300273858277,0.2879778210273279,149,random,1.0,8,3201,0.7815,Acute COPD exacerbation / infection,D,,False,False,,
0.009326512698732716,0.2652948008284771,149,near_dup,4.0,8,2615,0.6384,Acute COPD exacerbation / infection,D,,False,False,,
0.01719635189926651,0.28200974435146364,150,disjoint,0.0,8,3200,0.7812,Pneumonia,C,,False,False,,
0.021470266040913493,0.2818797685738121,150,random,0.625,8,3094,0.7554,Pneumonia,C,,False,False,,
0.05861051648389548,0.22196906798386148,150,near_dup,4.0,8,2679,0.6541,Pneumonia,C,,False,False,,
0.011034962995576538,0.2432066667991291,151,disjoint,0.0,8,2760,0.6738,Influenza,C,,False,False,,
0.013323987052509827,0.26050475352842895,151,random,0.25,8,2784,0.6797,Influenza,C,,False,False,,
0.02056182747972863,0.25920868262515534,151,near_dup,3.0,8,2995,0.7312,Influenza,C,,False,False,,
0.01024999311526439,0.2735280979707438,152,disjoint,0.0,8,2988,0.7295,Chronic rhinosinusitis,D,,False,False,,
0.009295011105548059,0.2767872860754973,152,random,1.0,8,2901,0.7083,Chronic rhinosinusitis,D,,False,False,,
0.013878023975329208,0.27724578841922004,152,near_dup,4.0,8,2921,0.7131,Chronic rhinosinusitis,D,,False,False,,
0.014590056650506864,0.27861313051211517,153,disjoint,0.0,8,3519,0.8591,Pneumonia,B,,False,False,,
0.012472257192712277,0.26639076764695346,153,random,1.25,8,2971,0.7253,Pneumonia,B,,False,False,,
0.031765354909501706,0.2549319155181625,153,near_dup,4.0,8,3033,0.7405,Pneumonia,B,,False,False,,
0.013867391697463713,0.259587979526259,154,disjoint,0.0,8,3172,0.7744,Viral pharyngitis,E,,False,False,,
0.013584060074728248,0.2565666414364906,154,random,0.375,8,3043,0.7429,Viral pharyngitis,E,,False,False,,
0.014490146805266184,0.2504696497427566,154,near_dup,4.0,8,2273,0.5549,Viral pharyngitis,E,,False,False,,
0.013288386856272285,0.24245266050898603,155,disjoint,0.0,8,3254,0.7944,GERD,D,,False,False,,
0.012210218447892527,0.23660436036464358,155,random,1.0,8,3126,0.7632,GERD,D,,False,False,,
0.015273209840026019,0.23645365961627768,155,near_dup,3.375,8,3527,0.8611,GERD,D,,False,False,,
0.01315466542811399,0.3107913585512766,156,disjoint,0.0,8,3131,0.7644,Myasthenia gravis,D,,False,False,,
0.0109719321564106,0.2946233399312145,156,random,0.375,8,3170,0.7739,Myasthenia gravis,D,,False,False,,
0.0155967968499421,0.28219374257605523,156,near_dup,3.25,8,2947,0.7195,Myasthenia gravis,D,,False,False,,
0.009003693528939039,0.2899944726128264,157,disjoint,0.0,8,3193,0.7795,Bronchospasm / acute asthma exacerbation,A,,False,False,,
0.0074859949350606515,0.29250692058121786,157,random,0.75,8,2879,0.7029,Bronchospasm / acute asthma exacerbation,A,,False,False,,
0.009761314452459504,0.27040455946033554,157,near_dup,3.5,8,2443,0.5964,Bronchospasm / acute asthma exacerbation,A,,False,False,,
0.009937746633243347,0.2761397853526952,158,disjoint,0.0,8,3080,0.752,Acute rhinosinusitis,B,,False,False,,
0.012173129012808204,0.25979133329487275,158,random,1.0,8,3236,0.79,Acute rhinosinusitis,B,,False,False,,
0.015540641460185205,0.2963351430870326,158,near_dup,4.0,8,2740,0.6689,Acute rhinosinusitis,B,,False,False,,
0.009328002263958166,0.2736771767460076,159,disjoint,0.0,8,2985,0.7288,Bronchiectasis,E,,False,False,,
0.009556315814344478,0.2691099443888691,159,random,0.5,8,3232,0.7891,Bronchiectasis,E,,False,False,,
0.013740349515241437,0.2743561024045838,159,near_dup,4.0,8,2868,0.7002,Bronchiectasis,E,,False,False,,
0.011433320024350126,0.2613315133910094,160,disjoint,0.0,8,3362,0.8208,Unstable angina,D,,False,False,,
0.01381909815661077,0.2803728442605851,160,random,0.875,8,3100,0.7568,Unstable angina,D,,False,False,,
0.016155391524080187,0.2893550027261621,160,near_dup,4.0,8,3098,0.7563,Unstable angina,D,,False,False,,
0.011315873300191015,0.279027843764717,161,disjoint,0.0,8,3358,0.8198,Tuberculosis,B,,False,False,,
0.012206320991806154,0.2845686615577766,161,random,0.875,8,3047,0.7439,Tuberculosis,B,,False,False,,
0.022720450780720318,0.2722297886419775,161,near_dup,4.0,8,3094,0.7554,Tuberculosis,B,,False,False,,
0.01197924995878046,0.232256250006945,162,disjoint,0.0,8,3054,0.7456,Possible NSTEMI / STEMI,E,,False,False,,
0.011901962626974896,0.26663960148912985,162,random,0.625,8,3149,0.7688,Possible NSTEMI / STEMI,E,,False,False,,
0.018552001906625395,0.27339739461396156,162,near_dup,3.875,8,3468,0.8467,Possible NSTEMI / STEMI,E,,False,False,,
0.024970944097731262,0.27498734996853663,163,disjoint,0.0,8,3166,0.7729,Viral pharyngitis,B,,False,False,,
0.015411989638648396,0.2563425101273294,163,random,1.0,8,3046,0.7437,Viral pharyngitis,B,,False,False,,
0.01830984084101926,0.26409817894455045,163,near_dup,4.0,8,2525,0.6165,Viral pharyngitis,B,,False,False,,
0.011230253936706245,0.29324891223638716,164,disjoint,0.0,8,2686,0.6558,Myocarditis,A,,False,False,,
0.011673277853073418,0.28900024745546815,164,random,0.5,8,2863,0.699,Myocarditis,A,,False,False,,
0.01540384247034256,0.2838186553812453,164,near_dup,4.0,8,2632,0.6426,Myocarditis,A,,False,False,,
0.012994341117778927,0.27169246708841194,165,disjoint,0.0,8,3464,0.8457,Bronchospasm / acute asthma exacerbation,D,,False,False,,
0.011465397648862563,0.2780395950623123,165,random,0.75,8,3136,0.7656,Bronchospasm / acute asthma exacerbation,D,,False,False,,
0.011249794570695875,0.27032986314900753,165,near_dup,3.5,8,2730,0.6665,Bronchospasm / acute asthma exacerbation,D,,False,False,,
0.013557954516727477,0.2700526435260794,166,disjoint,0.0,8,2840,0.6934,Pulmonary embolism,B,,False,False,,
0.01901240607756855,0.27177123482605176,166,random,0.875,8,3166,0.7729,Pulmonary embolism,B,,False,False,,
0.031488809967413545,0.2608454334466452,166,near_dup,4.0,8,3470,0.8472,Pulmonary embolism,B,,False,False,,
0.011898679434255297,0.2547388997627422,168,disjoint,0.0,8,2992,0.7305,URTI,B,,False,False,,
0.010877970385731064,0.24672361499896006,168,random,0.625,8,2694,0.6577,URTI,B,,False,False,,
0.018764779333391095,0.27208648385879186,168,near_dup,4.0,8,2994,0.731,URTI,B,,False,False,,
0.013550401424124305,0.2764290894015825,169,disjoint,0.0,8,2967,0.7244,URTI,D,,False,False,,
0.011585163289315201,0.27871011437049936,169,random,0.875,8,3080,0.752,URTI,D,,False,False,,
0.025739118109673394,0.28239922654548927,169,near_dup,4.0,8,3506,0.856,URTI,D,,False,False,,
0.017438221722841263,0.28933016024529934,170,disjoint,0.0,8,3358,0.8198,Viral pharyngitis,C,,False,False,,
0.015627471696851507,0.29660115407646764,170,random,1.125,8,3276,0.7998,Viral pharyngitis,C,,False,False,,
0.015053192818803447,0.2826508055274774,170,near_dup,4.0,8,2407,0.5876,Viral pharyngitis,C,,False,False,,
0.012683692512967224,0.27121728733514566,171,disjoint,0.0,8,3019,0.7371,SLE,A,,False,False,,
0.015607626310416631,0.29139982223776834,171,random,1.625,8,3166,0.7729,SLE,A,,False,False,,
0.027255772346896783,0.2669315231531592,171,near_dup,3.25,8,3628,0.8857,SLE,A,,False,False,,
0.012214138455289816,0.279079487647063,172,disjoint,0.0,8,2899,0.7078,Acute pulmonary edema,E,,False,False,,
0.010081581588435386,0.27257480637802345,172,random,0.75,8,3062,0.7476,Acute pulmonary edema,E,,False,False,,
0.017260296503081918,0.30309748779317097,172,near_dup,4.0,8,2971,0.7253,Acute pulmonary edema,E,,False,False,,
0.011162122033835788,0.2586292791280097,173,disjoint,0.0,8,3042,0.7427,Bronchospasm / acute asthma exacerbation,B,,False,False,,
0.012294218268445027,0.2692834744562528,173,random,1.25,8,2891,0.7058,Bronchospasm / acute asthma exacerbation,B,,False,False,,
0.014878443458915822,0.2759791427358453,173,near_dup,3.25,8,2786,0.6802,Bronchospasm / acute asthma exacerbation,B,,False,False,,
0.01239241416000628,0.2789908437657037,174,disjoint,0.0,8,3217,0.7854,Myasthenia gravis,D,,False,False,,
0.01038331727613695,0.2895427665207535,174,random,0.875,8,3376,0.8242,Myasthenia gravis,D,,False,False,,
0.0261834969694194,0.2553669614467903,174,near_dup,4.0,8,2442,0.5962,Myasthenia gravis,D,,False,False,,
0.01050495812004166,0.2799281732378794,175,disjoint,0.0,8,3019,0.7371,Bronchitis,C,,False,False,,
0.01209807994642428,0.28188864760366933,175,random,1.25,8,2942,0.7183,Bronchitis,C,,False,False,,
0.015874932549195364,0.2840227570850402,175,near_dup,3.0,8,2609,0.637,Bronchitis,C,,False,False,,
0.0072103894427917635,0.29879923075038406,176,disjoint,0.0,8,3106,0.7583,Bronchospasm / acute asthma exacerbation,A,,False,False,,
0.007678482968393447,0.3001477236061224,176,random,1.375,8,2886,0.7046,Bronchospasm / acute asthma exacerbation,A,,False,False,,
0.008759659567398817,0.28948336555289905,176,near_dup,4.0,8,3156,0.7705,Bronchospasm / acute asthma exacerbation,A,,False,False,,
0.010543297186294305,0.2682274438972984,177,disjoint,0.0,8,3359,0.8201,Anaphylaxis,E,,False,False,,
0.01165988354685916,0.2655577015414435,177,random,0.375,8,3526,0.8608,Anaphylaxis,E,,False,False,,
0.021495229647760943,0.2391087659967265,177,near_dup,4.0,8,2558,0.6245,Anaphylaxis,E,,False,False,,
0.011858622743082898,0.2787873129875931,178,disjoint,0.0,8,2957,0.7219,Viral pharyngitis,A,,False,False,,
0.010744437874693955,0.2946002930735371,178,random,1.125,8,3402,0.8306,Viral pharyngitis,A,,False,False,,
0.015459277376066893,0.2824012914040525,178,near_dup,4.0,8,2509,0.6125,Viral pharyngitis,A,,False,False,,
0.011626565379888884,0.2701689194655046,179,disjoint,0.0,8,2653,0.6477,Acute laryngitis,C,,False,False,,
0.013352774873575462,0.28175044091351864,179,random,1.125,8,2861,0.6985,Acute laryngitis,C,,False,False,,
0.018435029965725595,0.2535475956641936,179,near_dup,4.0,8,2486,0.6069,Acute laryngitis,C,,False,False,,
0.009320214596560359,0.2857103130746899,180,disjoint,0.0,8,2658,0.6489,Acute COPD exacerbation / infection,D,,False,False,,
0.009844977354597566,0.2898480812353747,180,random,0.625,8,2769,0.676,Acute COPD exacerbation / infection,D,,False,False,,
0.011154222083860077,0.2574526107969827,180,near_dup,4.0,8,3492,0.8525,Acute COPD exacerbation / infection,D,,False,False,,
0.010075474758715635,0.29733601455310626,181,disjoint,0.0,8,2935,0.7166,Stable angina,C,,False,False,,
0.009312978392180022,0.29693393791759654,181,random,1.125,8,2931,0.7156,Stable angina,C,,False,False,,
0.014825690562637257,0.2819394819338673,181,near_dup,4.0,8,2957,0.7219,Stable angina,C,,False,False,,
0.024711155515563275,0.23936833394691348,182,disjoint,0.0,8,3313,0.8088,SLE,E,,False,False,,
0.05144717236648181,0.22011451173706778,182,random,0.875,8,2870,0.7007,SLE,E,,False,False,,
0.04136573087557086,0.2643074618785509,182,near_dup,3.25,8,3039,0.7419,SLE,E,,False,False,,
0.011463796940266288,0.2612006369412744,183,disjoint,0.0,8,3095,0.7556,Anaphylaxis,D,,False,False,,
0.013871178746090404,0.26490342357595054,183,random,1.875,8,3184,0.7773,Anaphylaxis,D,,False,False,,
0.01845443610467815,0.2547710056283644,183,near_dup,4.0,8,3514,0.8579,Anaphylaxis,D,,False,False,,
0.013422295567579567,0.2298569943190419,184,disjoint,0.0,8,3326,0.812,Anaphylaxis,E,,False,False,,
0.013644531693509114,0.2270120580215007,184,random,0.375,8,3085,0.7532,Anaphylaxis,E,,False,False,,
0.017420502238175168,0.24478790353584504,184,near_dup,3.625,8,3631,0.8865,Anaphylaxis,E,,False,False,,
0.01501932171439486,0.26688765835881767,185,disjoint,0.0,8,3226,0.7876,Acute laryngitis,B,,False,False,,
0.01374728123690667,0.25650406933190034,185,random,0.875,8,2963,0.7234,Acute laryngitis,B,,False,False,,
0.018524652812629938,0.2882776231272146,185,near_dup,4.0,8,2490,0.6079,Acute laryngitis,B,,False,False,,
0.012442287342439937,0.2691383623168804,186,disjoint,0.0,8,3240,0.791,Viral pharyngitis,D,,False,False,,
0.010079557175881096,0.273919133045378,186,random,1.125,8,3039,0.7419,Viral pharyngitis,D,,False,False,,
0.052520489058224484,0.21853676441657757,186,near_dup,4.0,8,2488,0.6074,Viral pharyngitis,D,,False,False,,
0.010192308306743923,0.25755746935361196,187,disjoint,0.0,8,2941,0.718,Acute pulmonary edema,D,,False,False,,
0.012235625584643068,0.2570258045036878,187,random,1.125,8,3284,0.8018,Acute pulmonary edema,D,,False,False,,
0.022941857202178135,0.2701270806802703,187,near_dup,4.0,8,3667,0.8953,Acute pulmonary edema,D,,False,False,,
0.017968114249275198,0.24923812511510082,188,disjoint,0.0,8,3080,0.752,Pancreatic neoplasm,C,,False,False,,
0.017195030535471494,0.24744493994928365,188,random,0.125,8,2988,0.7295,Pancreatic neoplasm,C,,False,False,,
0.02263428522357052,0.25481424785019563,188,near_dup,3.5,8,3276,0.7998,Pancreatic neoplasm,C,,False,False,,
0.010351114457340113,0.26940823178405743,189,disjoint,0.0,8,3284,0.8018,Acute COPD exacerbation / infection,C,,False,False,,
0.009969639082555659,0.26859804600410697,189,random,0.875,8,2925,0.7141,Acute COPD exacerbation / infection,C,,False,False,,
0.011919454137179335,0.27368155592453797,189,near_dup,4.0,8,3952,0.9648,Acute COPD exacerbation / infection,C,,False,False,,
0.022996388126297722,0.264783359698153,190,disjoint,0.0,8,3188,0.7783,Inguinal hernia,C,,False,False,,
0.01930428293832977,0.26803439210302066,190,random,0.5,8,3171,0.7742,Inguinal hernia,C,,False,False,,
0.05214842211820984,0.2655769984703511,190,near_dup,3.0,8,3670,0.896,Inguinal hernia,C,,False,False,,
0.011881107364648156,0.2981661218384813,192,disjoint,0.0,8,3136,0.7656,Stable angina,C,,False,False,,
0.010014063160529727,0.30953973506776883,192,random,1.25,8,2981,0.7278,Stable angina,C,,False,False,,
0.01345010444388858,0.2903676478474933,192,near_dup,4.0,8,3222,0.7866,Stable angina,C,,False,False,,
0.013200937329591917,0.2741305813459413,193,disjoint,0.0,8,2777,0.678,GERD,B,,False,False,,
0.010577973901360695,0.27906195017775254,193,random,1.125,8,3138,0.7661,GERD,B,,False,False,,
0.012979097818190764,0.25731343499917003,193,near_dup,3.0,8,3131,0.7644,GERD,B,,False,False,,
0.011722990581932078,0.27862537702146384,194,disjoint,0.0,8,3187,0.7781,Pulmonary embolism,A,,False,False,,
0.011827668337251194,0.2713059596052127,194,random,1.375,8,3206,0.7827,Pulmonary embolism,A,,False,False,,
0.017258578874004473,0.28250396452910664,194,near_dup,4.0,8,3163,0.7722,Pulmonary embolism,A,,False,False,,
0.022058124579156617,0.25602608187390224,195,disjoint,0.0,8,2783,0.6794,Anemia,C,,False,False,,
0.021043244225438684,0.2336397007373827,195,random,0.75,8,3241,0.7913,Anemia,C,,False,False,,
0.020716277400164733,0.27038904740142505,195,near_dup,3.25,8,3206,0.7827,Anemia,C,,False,False,,
0.012327436282898166,0.25652366001824184,196,disjoint,0.0,8,3138,0.7661,Acute pulmonary edema,E,,False,False,,
0.017776696177731668,0.2361397789624919,196,random,0.625,8,3312,0.8086,Acute pulmonary edema,E,,False,False,,
0.047287255350966007,0.2379022012464702,196,near_dup,4.0,8,2835,0.6921,Acute pulmonary edema,E,,False,False,,
0.02425197378033772,0.2758747496741957,197,disjoint,0.0,8,2943,0.7185,Anemia,A,,False,False,,
0.03880742198920676,0.2815712256789474,197,random,0.875,8,2826,0.6899,Anemia,A,,False,False,,
0.03760836152027228,0.27934745205233674,197,near_dup,3.25,8,3141,0.7668,Anemia,A,,False,False,,
0.014103924556236182,0.24129192795537943,198,disjoint,0.0,8,2904,0.709,Myasthenia gravis,B,,False,False,,
0.011574320536705532,0.23570319481327065,198,random,1.125,8,2633,0.6428,Myasthenia gravis,B,,False,False,,
0.025851488944941332,0.2592109781606788,198,near_dup,4.0,8,2496,0.6094,Myasthenia gravis,B,,False,False,,
0.012894076494766133,0.2741803623586228,199,disjoint,0.0,8,2971,0.7253,Pulmonary neoplasm,C,,False,False,,
0.011410585500665807,0.2744002483585583,199,random,1.5,8,3418,0.8345,Pulmonary neoplasm,C,,False,False,,
0.01271778167782551,0.2924132083841999,199,near_dup,3.125,8,3168,0.7734,Pulmonary neoplasm,C,,False,False,,
0.011156482378802528,0.2566225578941937,200,disjoint,0.0,8,3184,0.7773,Acute laryngitis,D,,False,False,,
0.010201243502836275,0.2697242536981191,200,random,0.75,8,2873,0.7014,Acute laryngitis,D,,False,False,,
0.014607790317053773,0.2779276877741462,200,near_dup,4.0,8,2548,0.6221,Acute laryngitis,D,,False,False,,
0.028240980189626237,0.26689099011543604,201,disjoint,0.0,8,3029,0.7395,PSVT,D,,False,False,,
0.03876233139141862,0.262461221128303,201,random,1.0,8,3403,0.8308,PSVT,D,,False,False,,
0.0758969700047081,0.24803452454839967,201,near_dup,4.0,8,2371,0.5789,PSVT,D,,False,False,,
0.01468379418033042,0.2782735441911167,202,disjoint,0.0,8,2814,0.687,Possible NSTEMI / STEMI,C,,False,False,,
0.014137238858633541,0.27543349218155655,202,random,0.75,8,2809,0.6858,Possible NSTEMI / STEMI,C,,False,False,,
0.021274681523209438,0.2691004121775872,202,near_dup,4.0,8,3450,0.8423,Possible NSTEMI / STEMI,C,,False,False,,
0.012920925069400775,0.2726212492977668,203,disjoint,0.0,8,3358,0.8198,Acute laryngitis,B,,False,False,,
0.010266392188246496,0.30068618102398303,203,random,0.5,8,3153,0.7698,Acute laryngitis,B,,False,False,,
0.013559580759777288,0.2819804115320689,203,near_dup,4.0,8,2560,0.625,Acute laryngitis,B,,False,False,,
0.013490599995878125,0.26536812546796035,204,disjoint,0.0,8,3016,0.7363,Pulmonary neoplasm,C,,False,False,,
0.013067302073717915,0.2736235181801021,204,random,0.5,8,3019,0.7371,Pulmonary neoplasm,C,,False,False,,
0.01730885155224574,0.27405795137331423,204,near_dup,4.0,8,2942,0.7183,Pulmonary neoplasm,C,,False,False,,
0.012547551026468031,0.2543265347235969,205,disjoint,0.0,8,3060,0.7471,Viral pharyngitis,E,,False,False,,
0.01228751941900035,0.25701401268764,205,random,0.375,8,3051,0.7449,Viral pharyngitis,E,,False,False,,
0.02342933033027553,0.21533084502776287,205,near_dup,4.0,8,2509,0.6125,Viral pharyngitis,E,,False,False,,
0.015126889480078327,0.21727138654594974,206,disjoint,0.0,8,2869,0.7004,Atrial fibrillation,E,,False,False,,
0.014938612792840493,0.2077538365099047,206,random,0.5,8,2678,0.6538,Atrial fibrillation,E,,False,False,,
0.03588473886650588,0.2026898150132703,206,near_dup,4.0,8,2683,0.655,Atrial fibrillation,E,,False,False,,
0.02191957117091598,0.27375828863919843,207,disjoint,0.0,8,3011,0.7351,Inguinal hernia,A,,False,False,,
0.02440483937139756,0.2811392968121384,207,random,0.5,8,3186,0.7778,Inguinal hernia,A,,False,False,,
0.031246536269983544,0.28016337622622295,207,near_dup,3.0,8,3657,0.8928,Inguinal hernia,A,,False,False,,
0.012512566259829327,0.282847356716437,208,disjoint,0.0,8,3136,0.7656,URTI,A,,False,False,,
0.010443782095015714,0.2745112146450473,208,random,1.0,8,3006,0.7339,URTI,A,,False,False,,
0.018529319744889756,0.26653119938315023,208,near_dup,4.0,8,3650,0.8911,URTI,A,,False,False,,
0.018085761411514665,0.268862051290593,209,disjoint,0.0,8,3342,0.8159,HIV (initial infection),D,,False,False,,
0.011068253574194387,0.2840205288126266,209,random,1.125,8,3360,0.8203,HIV (initial infection),D,,False,False,,
0.016456557254839157,0.2549039170345558,209,near_dup,4.0,8,3721,0.9084,HIV (initial infection),D,,False,False,,
0.011398132325017027,0.27675178879871964,210,disjoint,0.0,8,2956,0.7217,Anaphylaxis,A,,False,False,,
0.01152645900479651,0.26700715494475197,210,random,0.375,8,3317,0.8098,Anaphylaxis,A,,False,False,,
0.012115520516610039,0.28447664991420296,210,near_dup,3.0,8,3803,0.9285,Anaphylaxis,A,,False,False,,
0.012757629521989397,0.27289674374541,211,disjoint,0.0,8,2839,0.6931,Viral pharyngitis,C,,False,False,,
0.01159430228705917,0.25805066036991775,211,random,0.75,8,2991,0.7302,Viral pharyngitis,C,,False,False,,
0.014576874789781868,0.2604618406455432,211,near_dup,4.0,8,3327,0.8123,Viral pharyngitis,C,,False,False,,
0.014068195521498897,0.25577195806960973,212,disjoint,0.0,8,3025,0.7385,Anaphylaxis,D,,False,False,,
0.013154675739185353,0.2624433837232313,212,random,0.375,8,3015,0.7361,Anaphylaxis,D,,False,False,,
0.01758238032925874,0.25104589357839097,212,near_dup,4.0,8,3046,0.7437,Anaphylaxis,D,,False,False,,
0.011968118828787868,0.28705487340422614,213,disjoint,0.0,8,3030,0.7397,Stable angina,D,,False,False,,
0.012485297604663563,0.29680159619809793,213,random,0.625,8,2550,0.6226,Stable angina,D,,False,False,,
0.013055748773954943,0.30077343217895497,213,near_dup,4.0,8,2948,0.7197,Stable angina,D,,False,False,,
0.011228343954176776,0.28906499601102303,215,disjoint,0.0,8,3009,0.7346,GERD,B,,False,False,,
0.012849786426938539,0.2675551220142682,215,random,1.25,8,3741,0.9133,GERD,B,,False,False,,
0.01428380808959316,0.2686327944476424,215,near_dup,3.75,8,2603,0.6355,GERD,B,,False,False,,
0.013720269842971382,0.2733751960996805,216,disjoint,0.0,8,3100,0.7568,Atrial fibrillation,C,,False,False,,
0.018416961407638155,0.24983280627722187,216,random,1.0,8,3256,0.7949,Atrial fibrillation,C,,False,False,,
0.02408622552424536,0.26184467279485296,216,near_dup,4.0,8,2468,0.6025,Atrial fibrillation,C,,False,False,,
0.01673047079904271,0.24897310839566802,217,disjoint,0.0,8,3497,0.8538,Epiglottitis,E,,False,False,,
0.018547659053833092,0.24857306460450804,217,random,0.75,8,3354,0.8188,Epiglottitis,E,,False,False,,
0.01930155325680971,0.2596962007228285,217,near_dup,3.0,8,2558,0.6245,Epiglottitis,E,,False,False,,
0.013198148159842406,0.25835055205971,218,disjoint,0.0,8,2829,0.6907,Myasthenia gravis,D,,False,False,,
0.011572585516010545,0.25032076449133456,218,random,0.625,8,2922,0.7134,Myasthenia gravis,D,,False,False,,
0.014380618272947945,0.27540312526148875,218,near_dup,3.25,8,2437,0.595,Myasthenia gravis,D,,False,False,,
0.01145834413182456,0.26858566175048637,219,disjoint,0.0,8,3311,0.8083,Viral pharyngitis,D,,False,False,,
0.013679264250510772,0.26519175860032973,219,random,1.0,8,3083,0.7527,Viral pharyngitis,D,,False,False,,
0.01770911491101807,0.2600895814497822,219,near_dup,4.0,8,2487,0.6072,Viral pharyngitis,D,,False,False,,
0.019519049749110957,0.2510714829965894,220,disjoint,0.0,8,2612,0.6377,Myocarditis,C,,False,False,,
0.017632102144749036,0.2725142112800053,220,random,1.0,8,3072,0.75,Myocarditis,C,,False,False,,
0.02060104813426733,0.2384981556429661,220,near_dup,4.0,8,2517,0.6145,Myocarditis,C,,False,False,,
0.011867483828349836,0.28518575065702734,222,disjoint,0.0,8,3318,0.8101,Pancreatic neoplasm,D,,False,False,,
0.011790839194353404,0.28460751517143634,222,random,1.0,8,3234,0.7896,Pancreatic neoplasm,D,,False,False,,
0.016598281084692905,0.26785015501081944,222,near_dup,4.0,8,3362,0.8208,Pancreatic neoplasm,D,,False,False,,
0.013736300577875227,0.2589332355419174,223,disjoint,0.0,8,2735,0.6677,Acute dystonic reactions,C,,False,False,,
0.014557278411562688,0.2645924451395071,223,random,0.75,8,2703,0.6599,Acute dystonic reactions,C,,False,False,,
0.021728289579706534,0.2653552798770501,223,near_dup,4.0,8,2361,0.5764,Acute dystonic reactions,C,,False,False,,
0.022090656246291474,0.23124758195730724,224,disjoint,0.0,8,3494,0.853,Acute pulmonary edema,E,,False,False,,
0.012303248871051307,0.2578492199869028,224,random,0.625,8,3397,0.8293,Acute pulmonary edema,E,,False,False,,
0.045758226429045736,0.23559488497474895,224,near_dup,3.0,8,2933,0.7161,Acute pulmonary edema,E,,False,False,,
0.014811593153613753,0.2716030130728281,225,disjoint,0.0,8,3396,0.8291,Pulmonary neoplasm,C,,False,False,,
0.014753990112304953,0.2751090764899605,225,random,1.25,8,2701,0.6594,Pulmonary neoplasm,C,,False,False,,
0.014712467307357915,0.27336279148169396,225,near_dup,3.875,8,3916,0.9561,Pulmonary neoplasm,C,,False,False,,
0.022756522866464884,0.27023778548131566,226,disjoint,0.0,8,2890,0.7056,Guillain-Barré syndrome,D,,False,False,,
0.016633253386576792,0.27737060287368615,226,random,0.375,8,3156,0.7705,Guillain-Barré syndrome,D,,False,False,,
0.04343776709200548,0.28065876002489987,226,near_dup,4.0,8,2568,0.627,Guillain-Barré syndrome,D,,False,False,,
0.010516361289774068,0.29080119878718896,227,disjoint,0.0,8,2922,0.7134,Pulmonary embolism,A,,False,False,,
0.012520702913336988,0.27566136230182436,227,random,1.625,8,3312,0.8086,Pulmonary embolism,A,,False,False,,
0.01320879538668253,0.28927583012929453,227,near_dup,4.0,8,2956,0.7217,Pulmonary embolism,A,,False,False,,
0.014035746800280842,0.2814764485228807,228,disjoint,0.0,8,2950,0.7202,Pericarditis,E,,False,False,,
0.01689745406370743,0.2654579002909096,228,random,1.625,8,2517,0.6145,Pericarditis,E,,False,False,,
0.020003667417248443,0.24942171640161956,228,near_dup,4.0,8,3586,0.8755,Pericarditis,E,,False,False,,
0.025467176663888886,0.27973152103368193,229,disjoint,0.0,8,3275,0.7996,Inguinal hernia,A,,False,False,,
0.027711968594563326,0.2768915175859417,229,random,0.75,8,3046,0.7437,Inguinal hernia,A,,False,False,,
0.06701683245566008,0.2325907922017255,229,near_dup,3.0,8,3635,0.8875,Inguinal hernia,A,,False,False,,
0.010650757820777861,0.264139265320929,230,disjoint,0.0,8,2792,0.6816,Panic attack,C,,False,False,,
0.019935608138829202,0.2668876401647659,230,random,1.5,8,3358,0.8198,Panic attack,C,,False,False,,
0.01693042357718306,0.24553469861192362,230,near_dup,4.0,8,3649,0.8909,Panic attack,C,,False,False,,
0.014340051982019628,0.29074907545665546,231,disjoint,0.0,8,3341,0.8157,Acute pulmonary edema,A,,False,False,,
0.020576312131847123,0.29094011727387886,231,random,0.75,8,3360,0.8203,Acute pulmonary edema,A,,False,False,,
0.04517809160253299,0.2798309026984498,231,near_dup,3.0,8,3131,0.7644,Acute pulmonary edema,A,,False,False,,
0.01978440409792321,0.27197936598011957,232,disjoint,0.0,8,3241,0.7913,Sarcoidosis,E,,False,False,,
0.02044095764202731,0.2790258847276813,232,random,0.375,8,3192,0.7793,Sarcoidosis,E,,False,False,,
0.03341088863089681,0.2462832337810791,232,near_dup,3.0,8,2729,0.6663,Sarcoidosis,E,,False,False,,
0.018937472678122243,0.2665269969230784,233,disjoint,0.0,8,3368,0.8223,Inguinal hernia,A,,False,False,,
0.023374426769026155,0.26848379728783456,233,random,0.25,8,3097,0.7561,Inguinal hernia,A,,False,False,,
0.017319115169811994,0.2731284226756543,233,near_dup,3.0,8,3688,0.9004,Inguinal hernia,A,,False,False,,
0.010145722331279623,0.2617820412020332,234,disjoint,0.0,8,3224,0.7871,Atrial fibrillation,C,,False,False,,
0.009883777970182044,0.26798169574301156,234,random,0.875,8,2899,0.7078,Atrial fibrillation,C,,False,False,,
0.013984477197352265,0.24728066436780086,234,near_dup,4.0,8,2599,0.6345,Atrial fibrillation,C,,False,False,,
0.01890109632846101,0.2751736783622099,235,disjoint,0.0,8,2782,0.6792,PSVT,C,,False,False,,
0.010846511859978949,0.2811805715984,235,random,0.625,8,2990,0.73,PSVT,C,,False,False,,
0.02429078090270715,0.2835336184528257,235,near_dup,4.0,8,3334,0.814,PSVT,C,,False,False,,
0.0110003785167854,0.2605500942029591,236,disjoint,0.0,8,2958,0.7222,Panic attack,D,,False,False,,
0.0110003785167854,0.2605500942029591,236,random,0.0,8,2958,0.7222,Panic attack,D,,False,False,,
0.01965438184561208,0.2709533080092764,236,near_dup,3.0,8,3297,0.8049,Panic attack,D,,False,False,,
0.011431342506382083,0.288422873626197,237,disjoint,0.0,8,3295,0.8044,Pericarditis,C,,False,False,,
0.013038542574837006,0.2884413316912417,237,random,0.625,8,2841,0.6936,Pericarditis,C,,False,False,,
0.020527364523981566,0.26689684979750644,237,near_dup,4.0,8,3131,0.7644,Pericarditis,C,,False,False,,
0.011847185241224776,0.28159094121240613,238,disjoint,0.0,8,3078,0.7515,Influenza,D,,False,False,,
0.012641562922258995,0.2628977098834834,238,random,0.625,8,2712,0.6621,Influenza,D,,False,False,,
0.02283271313146023,0.28377860526753856,238,near_dup,4.0,8,2726,0.6655,Influenza,D,,False,False,,
0.012551107044730867,0.2549387671252979,239,disjoint,0.0,8,2900,0.708,GERD,E,,False,False,,
0.013004620690480806,0.2514650076128809,239,random,1.125,8,3094,0.7554,GERD,E,,False,False,,
0.01693030444273193,0.2234967617051942,239,near_dup,4.0,8,3205,0.7825,GERD,E,,False,False,,
0.013211532965734867,0.2594356422778219,240,disjoint,0.0,8,3148,0.7686,Anaphylaxis,C,,False,False,,
0.013764332880132965,0.2628724830158587,240,random,0.625,8,2926,0.7144,Anaphylaxis,C,,False,False,,
0.017016666824929416,0.26701292637569296,240,near_dup,3.0,8,3401,0.8303,Anaphylaxis,C,,False,False,,
0.012528871855465695,0.27724985460684237,241,disjoint,0.0,8,3551,0.8669,Pulmonary embolism,C,,False,False,,
0.012164360001666605,0.26702529354120735,241,random,0.75,8,3198,0.7808,Pulmonary embolism,C,,False,False,,
0.017069026087743362,0.27955065687586156,241,near_dup,3.125,8,3071,0.7498,Pulmonary embolism,C,,False,False,,
0.013643743283215113,0.26401344733312726,242,disjoint,0.0,8,2950,0.7202,Pericarditis,A,,False,False,,
0.013025137909737947,0.2760986021769765,242,random,1.25,8,3389,0.8274,Pericarditis,A,,False,False,,
0.015551292755325059,0.28505168513428153,242,near_dup,3.25,8,3458,0.8442,Pericarditis,A,,False,False,,
0.014274643917035843,0.28896817739587277,243,disjoint,0.0,8,3208,0.7832,Pericarditis,A,,False,False,,
0.009703484613315336,0.3007185234289084,243,random,0.875,8,3205,0.7825,Pericarditis,A,,False,False,,
0.017667022986902987,0.27938876051588785,243,near_dup,4.0,8,3383,0.8259,Pericarditis,A,,False,False,,
0.02905670622463471,0.2133190405022885,244,disjoint,0.0,8,3353,0.8186,Localized edema,E,,False,False,,
0.025355609811543087,0.23046943049744836,244,random,0.875,8,2958,0.7222,Localized edema,E,,False,False,,
0.04094582886318676,0.23998476614776468,244,near_dup,3.125,8,3660,0.8936,Localized edema,E,,False,False,,
0.010863260095772733,0.288378885730968,245,disjoint,0.0,8,3079,0.7517,Pericarditis,B,,False,False,,
0.009915600223134138,0.29066607204731554,245,random,0.625,8,3281,0.801,Pericarditis,B,,False,False,,
0.019001112273794467,0.2735996865085326,245,near_dup,4.0,8,2824,0.6895,Pericarditis,B,,False,False,,
0.024155952751503458,0.20880721388883622,246,disjoint,0.0,8,3084,0.7529,Anemia,E,,False,False,,
0.019301376471828138,0.20892382004032178,246,random,0.75,8,2937,0.717,Anemia,E,,False,False,,
0.023039440757461956,0.20690500593212033,246,near_dup,3.0,8,3300,0.8057,Anemia,E,,False,False,,
0.011429319280848307,0.2603096026661141,247,disjoint,0.0,8,2758,0.6733,Acute dystonic reactions,D,,False,False,,
0.009658174152718857,0.2677966572643657,247,random,0.625,8,3020,0.7373,Acute dystonic reactions,D,,False,False,,
0.031132011408252374,0.25849413509214564,247,near_dup,4.0,8,2250,0.5493,Acute dystonic reactions,D,,False,False,,
0.01206195414332407,0.27383992263847695,248,disjoint,0.0,8,3247,0.7927,Acute dystonic reactions,D,,False,False,,
0.009302382505016535,0.29100555821787566,248,random,0.5,8,2981,0.7278,Acute dystonic reactions,D,,False,False,,
0.02191782744817569,0.27890369487327654,248,near_dup,4.0,8,2245,0.5481,Acute dystonic reactions,D,,False,False,,
0.012744171495017196,0.2618561213769551,249,disjoint,0.0,8,2864,0.6992,Tuberculosis,B,,False,False,,
0.01311773415987513,0.24967095729828412,249,random,0.75,8,2828,0.6904,Tuberculosis,B,,False,False,,
0.015459293640950429,0.243156822531351,249,near_dup,4.0,8,2282,0.5571,Tuberculosis,B,,False,False,,
0.00857363628269273,0.29873929269212696,250,disjoint,0.0,8,2984,0.7285,Bronchospasm / acute asthma exacerbation,A,,False,False,,
0.00874844708908183,0.30281800375918727,250,random,1.0,8,2905,0.7092,Bronchospasm / acute asthma exacerbation,A,,False,False,,
0.009846211178228259,0.2935437501042283,250,near_dup,3.5,8,2549,0.6223,Bronchospasm / acute asthma exacerbation,A,,False,False,,
0.00922028603547785,0.29778397499883014,251,disjoint,0.0,8,2934,0.7163,Possible NSTEMI / STEMI,A,,False,False,,
0.011493187114995505,0.2983065308404288,251,random,0.5,8,3121,0.762,Possible NSTEMI / STEMI,A,,False,False,,
0.011334848902021934,0.30496467332289157,251,near_dup,4.0,8,3286,0.8022,Possible NSTEMI / STEMI,A,,False,False,,
0.010319981894489112,0.2782852090895176,252,disjoint,0.0,8,3064,0.748,URTI,E,,False,False,,
0.009270869964633935,0.2799242893899126,252,random,0.375,8,2922,0.7134,URTI,E,,False,False,,
0.020981023927950964,0.2685974845995328,252,near_dup,4.0,8,3803,0.9285,URTI,E,,False,False,,
0.008801982197577931,0.26482260702843113,253,disjoint,0.0,8,3286,0.8022,Bronchospasm / acute asthma exacerbation,B,,False,False,,
0.008368277452453705,0.2650010318362287,253,random,0.125,8,3130,0.7642,Bronchospasm / acute asthma exacerbation,B,,False,False,,
0.0114674610252093,0.27319385142098845,253,near_dup,4.0,8,2313,0.5647,Bronchospasm / acute asthma exacerbation,B,,False,False,,
0.01445090290092464,0.28436056582722813,254,disjoint,0.0,8,3238,0.7905,Bronchitis,A,,False,False,,
0.015855180594371632,0.2795625393711297,254,random,0.75,8,3055,0.7458,Bronchitis,A,,False,False,,
0.02047908435841756,0.2802858864888549,254,near_dup,3.75,8,3828,0.9346,Bronchitis,A,,False,False,,
0.013386493357497134,0.28798205269101473,255,disjoint,0.0,8,3033,0.7405,Pulmonary embolism,A,,False,False,,
0.01237143375328742,0.2802765446914626,255,random,0.75,8,3019,0.7371,Pulmonary embolism,A,,False,False,,
0.01966019278292411,0.2727894293077822,255,near_dup,4.0,8,3314,0.8091,Pulmonary embolism,A,,False,False,,
0.016787405267158256,0.26977735817698495,256,disjoint,0.0,8,3016,0.7363,Viral pharyngitis,D,,False,False,,
0.01460685468711225,0.28303824584665044,256,random,1.25,8,2942,0.7183,Viral pharyngitis,D,,False,False,,
0.028246102600990395,0.27240316210580723,256,near_dup,4.0,8,2578,0.6294,Viral pharyngitis,D,,False,False,,
0.016319302638294175,0.2694492099274482,257,disjoint,0.0,8,3182,0.7769,Pneumonia,C,,False,False,,
0.01432055760856851,0.2570897345098534,257,random,1.75,8,2817,0.6877,Pneumonia,C,,False,False,,
0.020452566744227494,0.2682891580874899,257,near_dup,4.0,8,3568,0.8711,Pneumonia,C,,False,False,,
0.011525123359336118,0.2501933162732582,258,disjoint,0.0,8,2562,0.6255,GERD,B,,False,False,,
0.009129112415913758,0.25376118243938045,258,random,0.75,8,3041,0.7424,GERD,B,,False,False,,
0.014657604138067524,0.25365810121210025,258,near_dup,4.0,8,3503,0.8552,GERD,B,,False,False,,
0.00954269001834161,0.27142179606016725,259,disjoint,0.0,8,3096,0.7559,Unstable angina,B,,False,False,,
0.0129901985055767,0.2905112511944026,259,random,1.25,8,3617,0.8831,Unstable angina,B,,False,False,,
0.013640667343029886,0.296463308523276,259,near_dup,4.0,8,3118,0.7612,Unstable angina,B,,False,False,,
0.022214288091553108,0.2569932406768203,260,disjoint,0.0,8,2997,0.7317,SLE,D,,False,False,,
0.026754156877619346,0.23008759921815777,260,random,0.125,8,3013,0.7356,SLE,D,,False,False,,
0.04780021223372647,0.23797938290850393,260,near_dup,4.0,8,3357,0.8196,SLE,D,,False,False,,
0.013033992066214393,0.24477252605304653,261,disjoint,0.0,8,2943,0.7185,Anaphylaxis,B,,False,False,,
0.018302662830267633,0.23729436820472724,261,random,1.0,8,2852,0.6963,Anaphylaxis,B,,False,False,,
0.02164647025555106,0.24225401363634905,261,near_dup,4.0,8,2570,0.6274,Anaphylaxis,B,,False,False,,
0.014631238441714751,0.2787211130406441,262,disjoint,0.0,8,3652,0.8916,Acute pulmonary edema,E,,False,False,,
0.015079968047627648,0.28478926252241116,262,random,1.125,8,3537,0.8635,Acute pulmonary edema,E,,False,False,,
0.04865116681737293,0.2535006378311664,262,near_dup,4.0,8,3575,0.8728,Acute pulmonary edema,E,,False,False,,
0.015420726941166711,0.2688513844041154,263,disjoint,0.0,8,3262,0.7964,Atrial fibrillation,C,,False,False,,
0.013720830968980278,0.26493977387768347,263,random,0.375,8,3438,0.8394,Atrial fibrillation,C,,False,False,,
0.025257468024002656,0.2541073619171844,263,near_dup,4.0,8,2912,0.7109,Atrial fibrillation,C,,False,False,,
0.014434170963275912,0.25516376361650017,264,disjoint,0.0,8,3015,0.7361,Acute otitis media,B,,False,False,,
0.013574641330965928,0.26029689465316813,264,random,0.75,8,2975,0.7263,Acute otitis media,B,,False,False,,
0.017226878050548424,0.27046672322986914,264,near_dup,4.0,8,2774,0.6772,Acute otitis media,B,,False,False,,
0.011240396158037973,0.26252384833060205,265,disjoint,0.0,8,3260,0.7959,Possible NSTEMI / STEMI,D,,False,False,,
0.011496483872178942,0.24684590056339012,265,random,0.875,8,3183,0.7771,Possible NSTEMI / STEMI,D,,False,False,,
0.012545097540299009,0.26490220568874584,265,near_dup,3.25,8,3097,0.7561,Possible NSTEMI / STEMI,D,,False,False,,
0.011721994865053733,0.28159711180653957,266,disjoint,0.0,8,3078,0.7515,Possible NSTEMI / STEMI,A,,False,False,,
0.014648988826333411,0.29350401299806045,266,random,1.75,8,3236,0.79,Possible NSTEMI / STEMI,A,,False,False,,
0.014767406766103315,0.28360263928438406,266,near_dup,4.0,8,3015,0.7361,Possible NSTEMI / STEMI,A,,False,False,,
0.013090981305660014,0.2736635577166453,267,disjoint,0.0,8,3009,0.7346,Panic attack,C,,False,False,,
0.013191891069124852,0.2544139089960871,267,random,0.875,8,3012,0.7354,Panic attack,C,,False,False,,
0.018118701243240918,0.25991005304967985,267,near_dup,3.375,8,3477,0.8489,Panic attack,C,,False,False,,
0.018038708334123448,0.24204912864869194,268,disjoint,0.0,8,3273,0.7991,Panic attack,E,,False,False,,
0.019693361965307434,0.26162238425708245,268,random,0.75,8,3190,0.7788,Panic attack,E,,False,False,,
0.030625703312190517,0.24635356462593855,268,near_dup,3.625,8,3698,0.9028,Panic attack,E,,False,False,,
0.01227857408645962,0.2769316924802427,269,disjoint,0.0,8,3576,0.873,Viral pharyngitis,D,,False,False,,
0.012218982047800506,0.27621276877887013,269,random,0.375,8,3544,0.8652,Viral pharyngitis,D,,False,False,,
0.017089040159979568,0.2700270843426032,269,near_dup,4.0,8,2380,0.5811,Viral pharyngitis,D,,False,False,,
0.010848611464358069,0.2779088739106165,270,disjoint,0.0,8,3474,0.8481,URTI,B,,False,False,,
0.009499934501945972,0.27948705953479347,270,random,0.875,8,3296,0.8047,URTI,B,,False,False,,
0.017717892250012874,0.27638808358460665,270,near_dup,4.0,8,3490,0.8521,URTI,B,,False,False,,
0.014061486751805725,0.25608046564073966,271,disjoint,0.0,8,2801,0.6838,Panic attack,C,,False,False,,
0.019423282181378454,0.2860602571828557,271,random,0.625,8,2872,0.7012,Panic attack,C,,False,False,,
0.021317028207704425,0.25792805567782906,271,near_dup,3.0,8,3307,0.8074,Panic attack,C,,False,False,,
0.021242048986355906,0.2659840526757762,272,disjoint,0.0,8,3147,0.7683,Anemia,E,,False,False,,
0.018153179661437337,0.26856975530141164,272,random,0.125,8,3344,0.8164,Anemia,E,,False,False,,
0.022120793707602258,0.2611096333213417,272,near_dup,3.0,8,2460,0.6006,Anemia,E,,False,False,,
0.014182974430566122,0.286150812005092,273,disjoint,0.0,8,2871,0.7009,Atrial fibrillation,A,,False,False,,
0.013535053523290637,0.284250844403037,273,random,1.0,8,2793,0.6819,Atrial fibrillation,A,,False,False,,
0.019591519837766618,0.2746310953599667,273,near_dup,4.0,8,2552,0.623,Atrial fibrillation,A,,False,False,,
0.011949509432140206,0.26269999076612294,274,disjoint,0.0,8,2949,0.72,Viral pharyngitis,C,,False,False,,
0.014441362403366449,0.282321971807895,274,random,1.625,8,3158,0.771,Viral pharyngitis,C,,False,False,,
0.01787880518739777,0.27975217811763287,274,near_dup,4.0,8,2458,0.6001,Viral pharyngitis,C,,False,False,,
0.012088447281192722,0.25881466269493103,275,disjoint,0.0,8,3191,0.7791,Acute dystonic reactions,E,,False,False,,
0.012426615925505757,0.2565430532143052,275,random,0.5,8,3099,0.7566,Acute dystonic reactions,E,,False,False,,
0.020423592255351,0.2577571644381221,275,near_dup,4.0,8,2345,0.5725,Acute dystonic reactions,E,,False,False,,
0.02280201220751873,0.27027689933311194,276,disjoint,0.0,8,2736,0.668,Localized edema,C,,False,False,,
0.02921173662096927,0.25740554642730523,276,random,0.875,8,3270,0.7983,Localized edema,C,,False,False,,
0.020968595819015588,0.2676095029705071,276,near_dup,3.125,8,3703,0.9041,Localized edema,C,,False,False,,
0.018983999799404825,0.2697219958894753,277,disjoint,0.0,8,3281,0.801,Viral pharyngitis,D,,False,False,,
0.02639361169920968,0.2550938421793814,277,random,0.25,8,3552,0.8672,Viral pharyngitis,D,,False,False,,
0.012910611008659803,0.24378745018371514,277,near_dup,4.0,8,2501,0.6106,Viral pharyngitis,D,,False,False,,
0.013534204577029283,0.27108638803474605,278,disjoint,0.0,8,3157,0.7708,Pulmonary embolism,A,,False,False,,
0.017471367351910367,0.27372716687386855,278,random,1.125,8,2882,0.7036,Pulmonary embolism,A,,False,False,,
0.025365553205899363,0.2600754229933955,278,near_dup,4.0,8,2890,0.7056,Pulmonary embolism,A,,False,False,,
0.015368296390598906,0.24986320496204176,279,disjoint,0.0,8,3073,0.7502,Sarcoidosis,D,,False,False,,
0.012996368708887271,0.26542405461493346,279,random,0.625,8,2935,0.7166,Sarcoidosis,D,,False,False,,
0.032756701494301,0.2810407991637476,279,near_dup,3.625,8,3014,0.7358,Sarcoidosis,D,,False,False,,
0.017345202172042003,0.2271345142341618,280,disjoint,0.0,8,3082,0.7524,Bronchitis,E,,False,False,,
0.023249063225063895,0.22930061862072243,280,random,0.75,8,2900,0.708,Bronchitis,E,,False,False,,
0.024492928841417388,0.23839711612423084,280,near_dup,3.0,8,3415,0.8337,Bronchitis,E,,False,False,,
0.012907197657373868,0.29519232272702667,281,disjoint,0.0,8,3161,0.7717,Tuberculosis,A,,False,False,,
0.014612057928128966,0.2707022491044232,281,random,0.875,8,3091,0.7546,Tuberculosis,A,,False,False,,
0.028891082520463636,0.2563239146423127,281,near_dup,4.0,8,2178,0.5317,Tuberculosis,A,,False,False,,
0.013007773086428642,0.26127833269336925,282,disjoint,0.0,8,2630,0.6421,URTI,C,,False,False,,
0.01140502080670558,0.2679038325524224,282,random,0.75,8,2719,0.6638,URTI,C,,False,False,,
0.01856962646291192,0.27650548381331774,282,near_dup,4.0,8,3934,0.9604,URTI,C,,False,False,,
0.014430364523182757,0.2681256905364405,283,disjoint,0.0,8,3437,0.8391,Pneumonia,D,,False,False,,
0.01329632378266459,0.28985026254252133,283,random,1.125,8,3546,0.8657,Pneumonia,D,,False,False,,
0.03159532495192252,0.25697349031854955,283,near_dup,3.625,8,2803,0.6843,Pneumonia,D,,False,False,,
0.010255190506411185,0.2656192030657881,284,disjoint,0.0,8,3271,0.7986,Acute otitis media,A,,False,False,,
0.010543720216706529,0.2676152757901166,284,random,0.875,8,3016,0.7363,Acute otitis media,A,,False,False,,
0.0281455406137476,0.24906756424544646,284,near_dup,4.0,8,2802,0.6841,Acute otitis media,A,,False,False,,
0.008364334845932067,0.2767462739554633,285,disjoint,0.0,8,3280,0.8008,Scombroid food poisoning,A,,False,False,,
0.00968119574411373,0.28534486987960656,285,random,0.375,8,3168,0.7734,Scombroid food poisoning,A,,False,False,,
0.009621663018021667,0.2951324112280937,285,near_dup,3.625,8,2995,0.7312,Scombroid food poisoning,A,,False,False,,
0.01480991902228977,0.2720823538589424,286,disjoint,0.0,8,3668,0.8955,Pneumonia,D,,False,False,,
0.01591403196964945,0.2812911475276841,286,random,0.375,8,3475,0.8484,Pneumonia,D,,False,False,,
0.028736281532993808,0.2762024287200932,286,near_dup,4.0,8,2623,0.6404,Pneumonia,D,,False,False,,
0.016463590968799378,0.28889080551951857,287,disjoint,0.0,8,3346,0.8169,Acute laryngitis,A,,False,False,,
0.014632745230171298,0.2920358840076785,287,random,1.0,8,3137,0.7659,Acute laryngitis,A,,False,False,,
0.03350765810215047,0.27415731496044565,287,near_dup,4.0,8,2542,0.6206,Acute laryngitis,A,,False,False,,
0.026609250319389894,0.25795013214727597,288,disjoint,0.0,8,2820,0.6885,Chagas,A,,False,False,,
0.029843244036393508,0.23484030439119255,288,random,0.75,8,2945,0.719,Chagas,A,,False,False,,
0.05153733693129782,0.2364838803519628,288,near_dup,3.375,8,3558,0.8687,Chagas,A,,False,False,,
0.01805029155886067,0.27308766417471425,289,disjoint,0.0,8,3740,0.9131,Pneumonia,B,,False,False,,
0.02074678220586585,0.2758489754882508,289,random,1.0,8,3227,0.7878,Pneumonia,B,,False,False,,
0.032198782228598635,0.274017473940538,289,near_dup,4.0,8,2710,0.6616,Pneumonia,B,,False,False,,
0.013091078576897936,0.28929340706339907,290,disjoint,0.0,8,3446,0.8413,URTI,A,,False,False,,
0.011762291924761874,0.2883453272515908,290,random,1.75,8,2913,0.7112,URTI,A,,False,False,,
0.012426946220719921,0.2806297709633197,290,near_dup,3.625,8,3241,0.7913,URTI,A,,False,False,,
0.01288438620810796,0.26290370201292845,291,disjoint,0.0,8,2804,0.6846,PSVT,E,,False,False,,
0.013211518343138908,0.2741203963024808,291,random,0.625,8,3175,0.7751,PSVT,E,,False,False,,
0.017552387559719915,0.24892649259085634,291,near_dup,4.0,8,3482,0.8501,PSVT,E,,False,False,,
0.014864050342501807,0.2760340007454423,292,disjoint,0.0,8,3394,0.8286,GERD,B,,False,False,,
0.013552572578191757,0.27538876215528163,292,random,0.875,8,3457,0.844,GERD,B,,False,False,,
0.017636677391627536,0.25192400009837,292,near_dup,3.0,8,3100,0.7568,GERD,B,,False,False,,
0.01153935860617951,0.2916847836625363,293,disjoint,0.0,8,3341,0.8157,Stable angina,D,,False,False,,
0.01243647127245952,0.2633144432412727,293,random,0.375,8,3449,0.842,Stable angina,D,,False,False,,
0.026796334855524555,0.2712023004091212,293,near_dup,4.0,8,3186,0.7778,Stable angina,D,,False,False,,
0.009640583269564169,0.27335932060876594,294,disjoint,0.0,8,3123,0.7625,Bronchospasm / acute asthma exacerbation,C,,False,False,,
0.011365857048076577,0.28078999917488545,294,random,1.375,8,3135,0.7654,Bronchospasm / acute asthma exacerbation,C,,False,False,,
0.011516828468302265,0.27942768866861506,294,near_dup,4.0,8,3239,0.7908,Bronchospasm / acute asthma exacerbation,C,,False,False,,
0.009604842106844964,0.27571498607617934,295,disjoint,0.0,8,3271,0.7986,Stable angina,D,,False,False,,
0.009340820323684187,0.28775914933066815,295,random,0.5,8,3280,0.8008,Stable angina,D,,False,False,,
0.011731482917509441,0.30176768663139747,295,near_dup,4.0,8,3400,0.8301,Stable angina,D,,False,False,,
0.013083158015173726,0.27283215057104826,296,disjoint,0.0,8,2877,0.7024,Panic attack,A,,False,False,,
0.011316676965049868,0.2784722238762437,296,random,0.875,8,3154,0.77,Panic attack,A,,False,False,,
0.015396185768102961,0.2682776747470988,296,near_dup,3.375,8,3246,0.7925,Panic attack,A,,False,False,,
0.03077038101452802,0.26435111220260815,297,disjoint,0.0,8,2853,0.6965,Sarcoidosis,A,,False,False,,
0.03194421996262723,0.2629480252175459,297,random,0.625,8,2545,0.6213,Sarcoidosis,A,,False,False,,
0.03545716213661113,0.2615339727905978,297,near_dup,3.5,8,3141,0.7668,Sarcoidosis,A,,False,False,,
0.013358490998923247,0.26543378068267237,298,disjoint,0.0,8,2981,0.7278,Anaphylaxis,A,,False,False,,
0.015987864612335607,0.2730291722608464,298,random,1.0,8,3195,0.78,Anaphylaxis,A,,False,False,,
0.01907139831122809,0.26699835401294486,298,near_dup,3.125,8,3666,0.895,Anaphylaxis,A,,False,False,,
0.013026998536328651,0.2745386589085683,299,disjoint,0.0,8,2988,0.7295,Anaphylaxis,A,,False,False,,
0.012020664476689749,0.2798103683827711,299,random,0.25,8,2872,0.7012,Anaphylaxis,A,,False,False,,
0.015956304065184668,0.2783471828027229,299,near_dup,3.125,8,3434,0.8384,Anaphylaxis,A,,False,False,,
0.02296280302107334,0.24631013817686057,300,disjoint,0.0,8,2713,0.6624,Viral pharyngitis,C,,False,False,,
0.02044177822036935,0.28244430009674815,300,random,0.875,8,3018,0.7368,Viral pharyngitis,C,,False,False,,
0.026926165849934996,0.2671913145875026,300,near_dup,4.0,8,2708,0.6611,Viral pharyngitis,C,,False,False,,
0.015480933118461897,0.27596171596087515,302,disjoint,0.0,8,2978,0.7271,Pancreatic neoplasm,D,,False,False,,
0.019560185227809206,0.2715507459860029,302,random,1.125,8,3111,0.7595,Pancreatic neoplasm,D,,False,False,,
0.034486192116414065,0.2605843052068459,302,near_dup,4.0,8,3791,0.9255,Pancreatic neoplasm,D,,False,False,,
0.015094277939559626,0.2815347976949332,303,disjoint,0.0,8,2876,0.7021,Atrial fibrillation,B,,False,False,,
0.0175523393554613,0.28428907839198864,303,random,0.625,8,2583,0.6306,Atrial fibrillation,B,,False,False,,
0.015988922282953615,0.2678952067591516,303,near_dup,3.5,8,2704,0.6602,Atrial fibrillation,B,,False,False,,
0.01698046506083171,0.27904850588778835,304,disjoint,0.0,8,3025,0.7385,Pneumonia,A,,False,False,,
0.023964221102817516,0.27525684387157007,304,random,1.875,8,2726,0.6655,Pneumonia,A,,False,False,,
0.041536560706195554,0.23617934646816657,304,near_dup,4.0,8,2554,0.6235,Pneumonia,A,,False,False,,
0.017248501934643303,0.24589471108213598,305,disjoint,0.0,8,3348,0.8174,SLE,E,,False,False,,
0.02214579309137272,0.24774705821515194,305,random,0.5,8,3063,0.7478,SLE,E,,False,False,,
0.05304879545500236,0.2351565240616245,305,near_dup,3.25,8,3479,0.8494,SLE,E,,False,False,,
0.010854132727087875,0.2547845367807895,306,disjoint,0.0,8,3072,0.75,Chronic rhinosinusitis,D,,False,False,,
0.010869655084596681,0.2599355306675924,306,random,0.125,8,3185,0.7776,Chronic rhinosinusitis,D,,False,False,,
0.01528689986610386,0.260245915419156,306,near_dup,3.5,8,2905,0.7092,Chronic rhinosinusitis,D,,False,False,,
0.010730905237973534,0.26505877827626784,308,disjoint,0.0,8,2869,0.7004,Pulmonary embolism,B,,False,False,,
0.013452020956070296,0.27908084278793205,308,random,1.25,8,2798,0.6831,Pulmonary embolism,B,,False,False,,
0.016111082559551244,0.26853783822817995,308,near_dup,4.0,8,3184,0.7773,Pulmonary embolism,B,,False,False,,
0.01090854944777675,0.25518845873219625,309,disjoint,0.0,8,3021,0.7375,Acute rhinosinusitis,B,,False,False,,
0.008871175436070189,0.2406854884632464,309,random,0.75,8,3079,0.7517,Acute rhinosinusitis,B,,False,False,,
0.01123948601057886,0.2585980705417959,309,near_dup,3.375,8,3492,0.8525,Acute rhinosinusitis,B,,False,False,,
0.03404617983116103,0.2690881310928879,310,disjoint,0.0,8,2999,0.7322,Anemia,A,,False,False,,
0.01975458724856643,0.26567906176205724,310,random,0.75,8,3141,0.7668,Anemia,A,,False,False,,
0.016767392176136906,0.2462334578158334,310,near_dup,4.0,8,3955,0.9656,Anemia,A,,False,False,,
0.013237936443017264,0.24220697209239006,311,disjoint,0.0,8,3317,0.8098,Chronic rhinosinusitis,E,,False,False,,
0.012059122827070366,0.24671537525552725,311,random,1.0,8,3329,0.8127,Chronic rhinosinusitis,E,,False,False,,
0.020037967582798695,0.2141560002429677,311,near_dup,4.0,8,2706,0.6606,Chronic rhinosinusitis,E,,False,False,,
0.017327866084607586,0.25664244635429767,312,disjoint,0.0,8,2823,0.6892,Anemia,C,,False,False,,
0.01849149152985774,0.2570236030067982,312,random,0.75,8,3475,0.8484,Anemia,C,,False,False,,
0.016957150048775866,0.24489789921790361,312,near_dup,3.25,8,3249,0.7932,Anemia,C,,False,False,,
0.03252595418598503,0.25261232582852244,313,disjoint,0.0,8,2800,0.6836,Sarcoidosis,C,,False,False,,
0.03662330427739237,0.24324410458627557,313,random,0.375,8,3038,0.7417,Sarcoidosis,C,,False,False,,
0.05138013776325222,0.2518452134182943,313,near_dup,3.375,8,3014,0.7358,Sarcoidosis,C,,False,False,,
0.01008941009474386,0.25916129826301976,314,disjoint,0.0,8,3475,0.8484,Chronic rhinosinusitis,E,,False,False,,
0.00976801585888357,0.25432487786747515,314,random,0.375,8,3293,0.804,Chronic rhinosinusitis,E,,False,False,,
0.013443522762307631,0.2925523769476318,314,near_dup,4.0,8,3071,0.7498,Chronic rhinosinusitis,E,,False,False,,
0.011809119791515903,0.273494632382478,315,disjoint,0.0,8,3145,0.7678,Viral pharyngitis,D,,False,False,,
0.011630322671927778,0.26712502038571984,315,random,0.625,8,2954,0.7212,Viral pharyngitis,D,,False,False,,
0.020552475795349374,0.27022006783434854,315,near_dup,4.0,8,2488,0.6074,Viral pharyngitis,D,,False,False,,
0.019392454996705055,0.2589322015410289,316,disjoint,0.0,8,3486,0.8511,SLE,C,,False,False,,
0.02792642911663279,0.27150081297648804,316,random,0.5,8,3140,0.7666,SLE,C,,False,False,,
0.029535274403834983,0.23577351066549973,316,near_dup,3.0,8,2480,0.6055,SLE,C,,False,False,,
0.012373837205814198,0.2716648084710219,317,disjoint,0.0,8,2825,0.6897,Epiglottitis,D,,False,False,,
0.014467722711352897,0.29140766236066284,317,random,0.375,8,2974,0.7261,Epiglottitis,D,,False,False,,
0.02212574231504862,0.2800690714502707,317,near_dup,3.625,8,2507,0.6121,Epiglottitis,D,,False,False,,
0.01108777707018557,0.2514235161111823,318,disjoint,0.0,8,3405,0.8313,Pulmonary neoplasm,E,,False,False,,
0.012834736661586379,0.24983306952552603,318,random,2.0,8,3527,0.8611,Pulmonary neoplasm,E,,False,False,,
0.02114939278024914,0.20951210007271065,318,near_dup,3.875,8,2330,0.5688,Pulmonary neoplasm,E,,False,False,,
0.014449599897488952,0.25845862293083754,319,disjoint,0.0,8,3291,0.8035,HIV (initial infection),E,,False,False,,
0.013452169368974864,0.26229862013964783,319,random,0.25,8,3282,0.8013,HIV (initial infection),E,,False,False,,
0.021332043031829277,0.24196952746050165,319,near_dup,4.0,8,3685,0.8997,HIV (initial infection),E,,False,False,,
0.009961636337850775,0.27803165280160363,320,disjoint,0.0,8,3310,0.8081,Tuberculosis,A,,False,False,,
0.011325705106303628,0.2832864193478599,320,random,0.625,8,2890,0.7056,Tuberculosis,A,,False,False,,
0.011130202555380362,0.28597360325511545,320,near_dup,4.0,8,3014,0.7358,Tuberculosis,A,,False,False,,
0.01436489076253825,0.2701463707157278,321,disjoint,0.0,8,3078,0.7515,PSVT,A,,False,False,,
0.01439257136579337,0.2749036814784631,321,random,0.375,8,3240,0.791,PSVT,A,,False,False,,
0.043937817382227094,0.27168299360865994,321,near_dup,4.0,8,3169,0.7737,PSVT,A,,False,False,,
0.015480280604346522,0.27156615549964563,323,disjoint,0.0,8,3264,0.7969,Sarcoidosis,B,,False,False,,
0.02265767230502596,0.27025483794776456,323,random,1.0,8,2768,0.6758,Sarcoidosis,B,,False,False,,
0.03464073289485116,0.2779147923159014,323,near_dup,3.0,8,2665,0.6506,Sarcoidosis,B,,False,False,,
0.009138995852221601,0.2872957971163227,324,disjoint,0.0,8,3231,0.7888,Chronic rhinosinusitis,A,,False,False,,
0.008084716046661404,0.2818229124448927,324,random,0.625,8,2762,0.6743,Chronic rhinosinusitis,A,,False,False,,
0.010112231052646945,0.2952249715038176,324,near_dup,4.0,8,2736,0.668,Chronic rhinosinusitis,A,,False,False,,
0.015620038944429584,0.2633112940405096,325,disjoint,0.0,8,3278,0.8003,Anemia,D,,False,False,,
0.01988256784638257,0.25780784140806645,325,random,0.5,8,3026,0.7388,Anemia,D,,False,False,,
0.018709705277745212,0.2543770981470256,325,near_dup,3.0,8,2640,0.6445,Anemia,D,,False,False,,
0.012353194233063343,0.27981884632858317,326,disjoint,0.0,8,2860,0.6982,Boerhaave,B,,False,False,,
0.011299684573064692,0.25905624720534043,326,random,0.75,8,2975,0.7263,Boerhaave,B,,False,False,,
0.025312072364613414,0.25671024464203845,326,near_dup,4.0,8,3244,0.792,Boerhaave,B,,False,False,,
0.012421109060856647,0.26328715386002194,327,disjoint,0.0,8,2620,0.6396,Myasthenia gravis,A,,False,False,,
0.011918531805609487,0.2674141542852989,327,random,0.25,8,2605,0.636,Myasthenia gravis,A,,False,False,,
0.016603307391051203,0.25909475647910896,327,near_dup,4.0,8,2781,0.679,Myasthenia gravis,A,,False,False,,
0.013569237306780581,0.28076669000022647,328,disjoint,0.0,8,2744,0.6699,GERD,C,,False,False,,
0.011959152957258214,0.27625525042614235,328,random,0.875,8,2616,0.6387,GERD,C,,False,False,,
0.015738806466937864,0.2589881493477151,328,near_dup,4.0,8,3156,0.7705,GERD,C,,False,False,,
0.014084855826305491,0.274258957751694,329,disjoint,0.0,8,3003,0.7332,URTI,A,,False,False,,
0.012963765221814225,0.2686778256902471,329,random,0.625,8,2766,0.6753,URTI,A,,False,False,,
0.016432929846424877,0.27321668908033253,329,near_dup,4.0,8,3238,0.7905,URTI,A,,False,False,,
0.010518821212047311,0.27966447226104457,330,disjoint,0.0,8,3539,0.864,Bronchiectasis,C,,False,False,,
0.010518821212047311,0.27966447226104457,330,random,0.0,8,3539,0.864,Bronchiectasis,C,,False,False,,
0.013517720666381397,0.28697188215197195,330,near_dup,4.0,8,3757,0.9172,Bronchiectasis,C,,False,False,,
0.010303023912586338,0.2887588547143553,331,disjoint,0.0,8,3353,0.8186,Stable angina,A,,False,False,,
0.012735332447586447,0.29257527023686897,331,random,0.75,8,2765,0.675,Stable angina,A,,False,False,,
0.01587544967852799,0.2968082020441735,331,near_dup,4.0,8,3293,0.804,Stable angina,A,,False,False,,
0.010047879664593242,0.2731220448289865,332,disjoint,0.0,8,3190,0.7788,Chronic rhinosinusitis,A,,False,False,,
0.009054582661649744,0.2653990114839481,332,random,0.25,8,3384,0.8262,Chronic rhinosinusitis,A,,False,False,,
0.01666796300560236,0.24698916237269128,332,near_dup,4.0,8,2909,0.7102,Chronic rhinosinusitis,A,,False,False,,
0.013873743849606919,0.2582562538529081,333,disjoint,0.0,8,3040,0.7422,URTI,C,,False,False,,
0.013596987177152187,0.2769523370079696,333,random,1.125,8,3169,0.7737,URTI,C,,False,False,,
0.015585976311870451,0.2664057262341625,333,near_dup,4.0,8,3124,0.7627,URTI,C,,False,False,,
0.011637882990596284,0.2611166420060077,334,disjoint,0.0,8,3396,0.8291,Influenza,D,,False,False,,
0.012761594702689243,0.2818034165039925,334,random,1.5,8,3723,0.9089,Influenza,D,,False,False,,
0.02571465917364029,0.2513559045536177,334,near_dup,4.0,8,2920,0.7129,Influenza,D,,False,False,,
0.011475964645796921,0.2636081966006064,335,disjoint,0.0,8,3273,0.7991,Unstable angina,C,,False,False,,
0.010921706679385221,0.26140996942662503,335,random,0.375,8,3226,0.7876,Unstable angina,C,,False,False,,
0.022461865084811246,0.26681771037900553,335,near_dup,4.0,8,3030,0.7397,Unstable angina,C,,False,False,,
0.010417172469065658,0.2956573177694476,336,disjoint,0.0,8,3000,0.7324,Viral pharyngitis,D,,False,False,,
0.01236911746673286,0.28191928307725383,336,random,0.75,8,2945,0.719,Viral pharyngitis,D,,False,False,,
0.010873898050964012,0.29521770919174223,336,near_dup,4.0,8,2685,0.6555,Viral pharyngitis,D,,False,False,,
0.01410487704976861,0.26195978654348956,337,disjoint,0.0,8,3316,0.8096,Spontaneous pneumothorax,C,,False,False,,
0.01577257680557003,0.2553568470591147,337,random,0.875,8,3102,0.7573,Spontaneous pneumothorax,C,,False,False,,
0.022293595331055776,0.2952541842491233,337,near_dup,4.0,8,3120,0.7617,Spontaneous pneumothorax,C,,False,False,,
0.014402718091982283,0.2661535957429026,339,disjoint,0.0,8,3209,0.7834,URTI,C,,False,False,,
0.019450231197489693,0.2660736275637256,339,random,0.625,8,2813,0.6868,URTI,C,,False,False,,
0.02685375259690253,0.25438018492423,339,near_dup,4.0,8,3296,0.8047,URTI,C,,False,False,,
0.013630881090648472,0.2537186228104734,340,disjoint,0.0,8,2791,0.6814,Viral pharyngitis,D,,False,False,,
0.011577015464094334,0.2529912309255451,340,random,0.5,8,3062,0.7476,Viral pharyngitis,D,,False,False,,
0.016356402750326588,0.2587383043885763,340,near_dup,4.0,8,2460,0.6006,Viral pharyngitis,D,,False,False,,
0.010056366580621605,0.2611188216334475,341,disjoint,0.0,8,3301,0.8059,Bronchospasm / acute asthma exacerbation,E,,False,False,,
0.011552926693444274,0.2655862705349656,341,random,1.0,8,3166,0.7729,Bronchospasm / acute asthma exacerbation,E,,False,False,,
0.011032309117061751,0.26160088169854134,341,near_dup,4.0,8,2429,0.593,Bronchospasm / acute asthma exacerbation,E,,False,False,,
0.015142763033509254,0.2593788167495014,342,disjoint,0.0,8,2880,0.7031,Acute dystonic reactions,C,,False,False,,
0.01355105362017639,0.2667372179317421,342,random,0.875,8,2973,0.7258,Acute dystonic reactions,C,,False,False,,
0.0221135021711234,0.27679530571081806,342,near_dup,4.0,8,2380,0.5811,Acute dystonic reactions,C,,False,False,,
0.010846921480801288,0.26782345450815875,343,disjoint,0.0,8,3238,0.7905,Possible NSTEMI / STEMI,E,,False,False,,
0.013050798838126607,0.2737601616203652,343,random,1.375,8,3154,0.77,Possible NSTEMI / STEMI,E,,False,False,,
0.012299922911292274,0.2820108265649261,343,near_dup,4.0,8,3858,0.9419,Possible NSTEMI / STEMI,E,,False,False,,
0.011669543530193291,0.2961968684020186,344,disjoint,0.0,8,3214,0.7847,Myasthenia gravis,A,,False,False,,
0.011088688471188237,0.2970467971172184,344,random,0.5,8,3002,0.7329,Myasthenia gravis,A,,False,False,,
0.02126100759986522,0.2701964791631326,344,near_dup,4.0,8,2482,0.606,Myasthenia gravis,A,,False,False,,
0.015868016269191036,0.28560300525610466,345,disjoint,0.0,8,2902,0.7085,Influenza,E,,False,False,,
0.015517235606759121,0.2736034954765013,345,random,1.25,8,2922,0.7134,Influenza,E,,False,False,,
0.030052612103255733,0.269494471339775,345,near_dup,4.0,8,3112,0.7598,Influenza,E,,False,False,,
0.016127338745198876,0.2599255074580599,347,disjoint,0.0,8,3421,0.8352,URTI,E,,False,False,,
0.013591301311472697,0.258135387258205,347,random,0.5,8,3478,0.8491,URTI,E,,False,False,,
0.021521463586915552,0.24092056645479584,347,near_dup,4.0,8,3291,0.8035,URTI,E,,False,False,,
0.04689734895613843,0.2631836458708027,348,disjoint,0.0,8,2991,0.7302,Anemia,B,,False,False,,
0.07078400413904871,0.24589400357633298,348,random,0.25,8,2854,0.6968,Anemia,B,,False,False,,
0.060569231306934465,0.26130925953787354,348,near_dup,3.0,8,2561,0.6252,Anemia,B,,False,False,,
0.010018749324704654,0.28425311465148945,349,disjoint,0.0,8,3021,0.7375,Chronic rhinosinusitis,C,,False,False,,
0.009462937018335131,0.2809117672066869,349,random,1.25,8,2836,0.6924,Chronic rhinosinusitis,C,,False,False,,
0.012515986026431034,0.288677431726163,349,near_dup,4.0,8,3079,0.7517,Chronic rhinosinusitis,C,,False,False,,
0.01273112470932704,0.25622063988287536,350,disjoint,0.0,8,3401,0.8303,Bronchospasm / acute asthma exacerbation,E,,False,False,,
0.011515480283248638,0.2652578817630586,350,random,0.75,8,3522,0.8599,Bronchospasm / acute asthma exacerbation,E,,False,False,,
0.013804613986784326,0.28538097084466635,350,near_dup,3.5,8,2487,0.6072,Bronchospasm / acute asthma exacerbation,E,,False,False,,
0.013724528785262789,0.26097062529463855,351,disjoint,0.0,8,3272,0.7988,URTI,B,,False,False,,
0.013198505043484536,0.2602274820175288,351,random,0.125,8,3241,0.7913,URTI,B,,False,False,,
0.014758566456813631,0.27457592135760933,351,near_dup,4.0,8,3584,0.875,URTI,B,,False,False,,
0.015747721506548778,0.26153012544714976,352,disjoint,0.0,8,3171,0.7742,Anemia,C,,False,False,,
0.013499943867957751,0.26444621646909844,352,random,0.375,8,3014,0.7358,Anemia,C,,False,False,,
0.02379901226543422,0.2560835871180253,352,near_dup,3.0,8,2404,0.5869,Anemia,C,,False,False,,
0.02916398395401692,0.25984626551092205,353,disjoint,0.0,8,3142,0.7671,Anemia,D,,False,False,,
0.03080504196363368,0.25737451564054936,353,random,1.125,8,3289,0.803,Anemia,D,,False,False,,
0.0212819968707793,0.24815220379137568,353,near_dup,3.0,8,2820,0.6885,Anemia,D,,False,False,,
0.018998488363909667,0.2490810797483261,354,disjoint,0.0,8,2876,0.7021,Myasthenia gravis,C,,False,False,,
0.014278311785476814,0.24491747832923597,354,random,0.375,8,2747,0.6707,Myasthenia gravis,C,,False,False,,
0.03640188263047354,0.2342944842197799,354,near_dup,4.0,8,2434,0.5942,Myasthenia gravis,C,,False,False,,
0.012280541900379052,0.25383262389472555,355,disjoint,0.0,8,2971,0.7253,Pulmonary embolism,E,,False,False,,
0.013563208435828398,0.24403999265216822,355,random,1.875,8,2675,0.6531,Pulmonary embolism,E,,False,False,,
0.021433308903527046,0.24671853248894746,355,near_dup,4.0,8,2890,0.7056,Pulmonary embolism,E,,False,False,,
0.011788379079786995,0.26675808434707243,357,disjoint,0.0,8,3205,0.7825,Acute rhinosinusitis,D,,False,False,,
0.015040257010176512,0.2737983975426427,357,random,1.0,8,2884,0.7041,Acute rhinosinusitis,D,,False,False,,
0.014269726163807459,0.27107491615294876,357,near_dup,4.0,8,2809,0.6858,Acute rhinosinusitis,D,,False,False,,
0.028700784605462104,0.22883535595610738,358,disjoint,0.0,8,3351,0.8181,Localized edema,D,,False,False,,
0.027510980119196966,0.23912606700988753,358,random,0.75,8,3093,0.7551,Localized edema,D,,False,False,,
0.04471860439350296,0.2422736445441842,358,near_dup,3.125,8,3729,0.9104,Localized edema,D,,False,False,,
0.008772510958286668,0.29005756598365096,359,disjoint,0.0,8,3337,0.8147,Tuberculosis,E,,False,False,,
0.010616721851485116,0.29510611856156693,359,random,1.125,8,2956,0.7217,Tuberculosis,E,,False,False,,
0.012996454635867849,0.2948179911888604,359,near_dup,4.0,8,3325,0.8118,Tuberculosis,E,,False,False,,
0.015421495402863781,0.23141000481388932,360,disjoint,0.0,8,3529,0.8616,Myasthenia gravis,C,,False,False,,
0.019488113400127207,0.23188087731666332,360,random,0.125,8,3720,0.9082,Myasthenia gravis,C,,False,False,,
0.02539122017333284,0.23702137448292757,360,near_dup,4.0,8,2464,0.6016,Myasthenia gravis,C,,False,False,,
0.012838165076183421,0.2813293682743928,361,disjoint,0.0,8,3067,0.7488,Bronchitis,E,,False,False,,
0.01590654209056603,0.2915579184024994,361,random,0.875,8,2661,0.6497,Bronchitis,E,,False,False,,
0.02743328586802818,0.2704590628023392,361,near_dup,4.0,8,3287,0.8025,Bronchitis,E,,False,False,,
0.00945634929563052,0.29180496676625417,362,disjoint,0.0,8,2705,0.6604,Acute pulmonary edema,B,,False,False,,
0.0167468868270849,0.28562739309355883,362,random,0.875,8,3181,0.7766,Acute pulmonary edema,B,,False,False,,
0.023389940482697318,0.28343917211584213,362,near_dup,4.0,8,3277,0.8,Acute pulmonary edema,B,,False,False,,
0.011217861814657226,0.2759302939354841,363,disjoint,0.0,8,3592,0.877,Panic attack,B,,False,False,,
0.012645287996357573,0.278357358408227,363,random,0.5,8,3561,0.8694,Panic attack,B,,False,False,,
0.018288492383102754,0.25847230840008706,363,near_dup,4.0,8,3889,0.9495,Panic attack,B,,False,False,,
0.012354026698241276,0.2547482901053237,364,disjoint,0.0,8,2842,0.6938,Acute dystonic reactions,D,,False,False,,
0.010772334311955742,0.2574491317084591,364,random,0.375,8,2969,0.7249,Acute dystonic reactions,D,,False,False,,
0.024520560483714298,0.25240529533143025,364,near_dup,4.0,8,2445,0.5969,Acute dystonic reactions,D,,False,False,,
0.02331235382423204,0.23231904055657132,365,disjoint,0.0,8,3219,0.7859,Anemia,E,,False,False,,
0.020319698781739653,0.22821652368708914,365,random,0.625,8,3237,0.7903,Anemia,E,,False,False,,
0.020125365666379885,0.21093915955030493,365,near_dup,3.625,8,3456,0.8438,Anemia,E,,False,False,,
0.027474658289325556,0.23892644900895124,366,disjoint,0.0,8,2869,0.7004,Anemia,E,,False,False,,
0.030831035451098745,0.22821025309219425,366,random,0.625,8,2842,0.6938,Anemia,E,,False,False,,
0.04200216702052525,0.20487477976296628,366,near_dup,4.0,8,3917,0.9563,Anemia,E,,False,False,,
0.01855176320532337,0.24706797060623234,367,disjoint,0.0,8,3132,0.7646,Viral pharyngitis,E,,False,False,,
0.015079941276261317,0.24206088513268956,367,random,0.75,8,3432,0.8379,Viral pharyngitis,E,,False,False,,
0.022612151797927384,0.2212315992884604,367,near_dup,4.0,8,2784,0.6797,Viral pharyngitis,E,,False,False,,
0.010888160156485225,0.2821094206135188,368,disjoint,0.0,8,2971,0.7253,Acute laryngitis,A,,False,False,,
0.017225589224835858,0.28131367600456414,368,random,0.875,8,2917,0.7122,Acute laryngitis,A,,False,False,,
0.014720993000082672,0.2741773770124252,368,near_dup,4.0,8,2498,0.6099,Acute laryngitis,A,,False,False,,
0.036820815003011376,0.2452483439036379,369,disjoint,0.0,8,3157,0.7708,Anemia,E,,False,False,,
0.03362744323177529,0.24134655670163088,369,random,0.125,8,2913,0.7112,Anemia,E,,False,False,,
0.03506790706056303,0.2426589978692521,369,near_dup,3.25,8,2627,0.6414,Anemia,E,,False,False,,
0.013298936462628521,0.27910252953214304,370,disjoint,0.0,8,3376,0.8242,Sarcoidosis,B,,False,False,,
0.01840443185730172,0.2810489426566554,370,random,0.5,8,2725,0.6653,Sarcoidosis,B,,False,False,,
0.02785922780666234,0.2628144454709919,370,near_dup,3.0,8,3576,0.873,Sarcoidosis,B,,False,False,,
0.012436709849030845,0.24923250914019132,371,disjoint,0.0,8,2806,0.6851,Possible NSTEMI / STEMI,B,,False,False,,
0.010135945414991252,0.2621465275962172,371,random,0.375,8,2903,0.7087,Possible NSTEMI / STEMI,B,,False,False,,
0.01523189400489043,0.2812770921071725,371,near_dup,3.375,8,3145,0.7678,Possible NSTEMI / STEMI,B,,False,False,,
0.01400417268242953,0.2695613206513891,373,disjoint,0.0,8,2725,0.6653,Viral pharyngitis,D,,False,False,,
0.013851214275096677,0.25204899546224624,373,random,0.625,8,2754,0.6724,Viral pharyngitis,D,,False,False,,
0.014728428297010916,0.2767226957782571,373,near_dup,4.0,8,2413,0.5891,Viral pharyngitis,D,,False,False,,
0.03963565367407033,0.25964642820015016,374,disjoint,0.0,8,2789,0.6809,Anemia,D,,False,False,,
0.025348302775195668,0.2569760402464973,374,random,0.625,8,3065,0.7483,Anemia,D,,False,False,,
0.021281632894117917,0.2646618857314544,374,near_dup,3.0,8,3253,0.7942,Anemia,D,,False,False,,
0.010246392692871658,0.2622472369777305,375,disjoint,0.0,8,3170,0.7739,Pulmonary embolism,B,,False,False,,
0.014600262203852512,0.2714210847292894,375,random,1.375,8,2874,0.7017,Pulmonary embolism,B,,False,False,,
0.03120920479081438,0.27670420965711984,375,near_dup,4.0,8,2855,0.697,Pulmonary embolism,B,,False,False,,
0.011956534780828016,0.2803301724405693,376,disjoint,0.0,8,3002,0.7329,Viral pharyngitis,D,,False,False,,
0.011790441114239261,0.2689730130535151,376,random,0.875,8,2625,0.6409,Viral pharyngitis,D,,False,False,,
0.019137458663733144,0.2641594695326473,376,near_dup,4.0,8,2527,0.6169,Viral pharyngitis,D,,False,False,,
0.014607113827618637,0.2507226932294933,377,disjoint,0.0,8,3123,0.7625,Acute dystonic reactions,C,,False,False,,
0.011628588033740275,0.2606791845256729,377,random,1.5,8,3098,0.7563,Acute dystonic reactions,C,,False,False,,
0.017316236817610582,0.2698776982890974,377,near_dup,4.0,8,2255,0.5505,Acute dystonic reactions,C,,False,False,,
0.020477445480147644,0.24050137345745629,378,disjoint,0.0,8,2651,0.6472,Anemia,D,,False,False,,
0.015968424297170714,0.2400724764946582,378,random,0.875,8,3488,0.8516,Anemia,D,,False,False,,
0.018802285759842823,0.22205155484178768,378,near_dup,3.25,8,3592,0.877,Anemia,D,,False,False,,
0.011463635975295412,0.2803231175889128,379,disjoint,0.0,8,3472,0.8477,Bronchitis,A,,False,False,,
0.011828700367394569,0.2861754409968853,379,random,1.375,8,3636,0.8877,Bronchitis,A,,False,False,,
0.015710984552112808,0.2835840783414564,379,near_dup,4.0,8,3072,0.75,Bronchitis,A,,False,False,,
0.019858641616467918,0.2477577255340293,380,disjoint,0.0,8,2826,0.6899,Anemia,D,,False,False,,
0.0220963628962636,0.2693662490762238,380,random,0.5,8,2947,0.7195,Anemia,D,,False,False,,
0.01649040390371478,0.24054863204115204,380,near_dup,3.875,8,2628,0.6416,Anemia,D,,False,False,,
0.00958050602431675,0.2993059617999409,381,disjoint,0.0,8,3214,0.7847,Bronchitis,A,,False,False,,
0.00987218735722958,0.2910074614088184,381,random,0.5,8,3218,0.7856,Bronchitis,A,,False,False,,
0.028522946364578923,0.2293586098322911,381,near_dup,4.0,8,2146,0.5239,Bronchitis,A,,False,False,,
0.011063904010890318,0.2818086660367304,382,disjoint,0.0,8,3197,0.7805,Acute COPD exacerbation / infection,D,,False,False,,
0.011506330835150689,0.2700494026233043,382,random,1.0,8,2930,0.7153,Acute COPD exacerbation / infection,D,,False,False,,
0.01275143088007878,0.2758182872286333,382,near_dup,4.0,8,3379,0.825,Acute COPD exacerbation / infection,D,,False,False,,
0.011106294205611838,0.2511875143640542,383,disjoint,0.0,8,3304,0.8066,Viral pharyngitis,C,,False,False,,
0.01315005768057225,0.2534007630809875,383,random,0.75,8,3057,0.7463,Viral pharyngitis,C,,False,False,,
0.04263751647002729,0.22912833867927215,383,near_dup,4.0,8,2527,0.6169,Viral pharyngitis,C,,False,False,,
