probe,gold,pathology,ctx_tokens,level,target_share,achieved_share,scale,pred,correct
0,E,Viral pharyngitis,3092,natural,,0.035009871591426496,1.0,D,False
0,E,Viral pharyngitis,3092,0.034,0.0335,0.0334017554967488,0.8894184115759556,D,False
0,E,Viral pharyngitis,3092,0.024,0.024,0.023901077911755584,0.5731311960714808,D,False
0,E,Viral pharyngitis,3092,0.017,0.0172,0.01712418756782604,0.3802992352356941,D,False
0,E,Viral pharyngitis,3092,0.012,0.0123,0.012284432765605096,0.23111410023442172,B,False
0,E,Viral pharyngitis,3092,0.009,0.0088,0.008799036671139628,0.1446275083208538,B,False
0,E,Viral pharyngitis,3092,0.007,0.007,0.006933451995987382,0.11274606657056462,D,False
1,C,Stable angina,3166,natural,,0.033717040611481564,1.0,B,False
1,C,Stable angina,3166,0.034,0.0335,0.033599581619057226,0.9293757195853386,B,False
1,C,Stable angina,3166,0.024,0.024,0.02399188715545603,0.5880132135130685,B,False
1,C,Stable angina,3166,0.017,0.0172,0.017264117018591724,0.38309485539442545,B,False
1,C,Stable angina,3166,0.012,0.0123,0.01233693641298612,0.23973463466761458,B,False
1,C,Stable angina,3166,0.009,0.0088,0.008801250855621163,0.15791424838939916,B,False
1,C,Stable angina,3166,0.007,0.007,0.006940630840426701,0.1286343687209221,B,False
2,B,GERD,3075,natural,,0.0423579066731272,1.0,B,True
2,B,GERD,3075,0.034,0.0335,0.0334005343571446,0.663546562885513,B,True
2,B,GERD,3075,0.024,0.024,0.023853121602335565,0.42446166067101215,B,True
2,B,GERD,3075,0.017,0.0172,0.017127455974492438,0.2715223187896751,B,True
2,B,GERD,3075,0.012,0.0123,0.012336269964156635,0.17242162389375282,B,True
2,B,GERD,3075,0.009,0.0088,0.008730527018677272,0.12492045240700124,B,True
2,B,GERD,3075,0.007,0.007,0.00703591912776974,0.08535489323371559,B,True
3,A,Atrial fibrillation,2934,natural,,0.03369643021947617,1.0,A,True
3,A,Atrial fibrillation,2934,0.034,0.0335,0.033549915783567495,0.9293757195853386,A,True
3,A,Atrial fibrillation,2934,0.024,0.024,0.023967387188409232,0.5731311960714808,A,True
3,A,Atrial fibrillation,2934,0.017,0.0172,0.017196380460201697,0.35865633790708634,A,True
3,A,Atrial fibrillation,2934,0.012,0.0123,0.012342575284113698,0.20555713592330557,A,True
3,A,Atrial fibrillation,2934,0.009,0.0088,0.008829042799533404,0.07481226495175938,A,True
3,A,Atrial fibrillation,2934,0.007,0.007,0.007013591139747271,0.060054667895307945,A,True
4,E,Pneumonia,3249,natural,,0.04852194287193334,1.0,A,False
4,E,Pneumonia,3249,0.034,0.0335,0.03355876269143645,0.5647969107236422,E,True
4,E,Pneumonia,3249,0.024,0.024,0.023965046062287238,0.3457595392659655,E,True
4,E,Pneumonia,3249,0.017,0.0172,0.01711680501943944,0.21166840101912124,E,True
4,E,Pneumonia,3249,0.012,0.0123,0.012411997188605127,0.12676381003940596,E,True
4,E,Pneumonia,3249,0.009,0.0088,0.008714164192261524,0.08049733103113403,E,True
4,E,Pneumonia,3249,0.007,0.007,0.0069240660050698,0.0675212780775444,E,True
5,A,Acute pulmonary edema,3075,natural,,0.042489358948645035,1.0,A,True
5,A,Acute pulmonary edema,3075,0.034,0.0335,0.03348624677246066,0.6443887248251953,A,True
5,A,Acute pulmonary edema,3075,0.024,0.024,0.0239019343002313,0.3802992352356941,A,True
5,A,Acute pulmonary edema,3075,0.017,0.0172,0.017101916436128902,0.23624849246007973,B,False
5,A,Acute pulmonary edema,3075,0.012,0.0123,0.012281047257639144,0.14148431639354717,B,False
5,A,Acute pulmonary edema,3075,0.009,0.0088,0.00884180884841271,0.09596708604499847,B,False
5,A,Acute pulmonary edema,3075,0.007,0.007,0.007079007346045491,0.06557181170489068,B,False
6,D,Pulmonary embolism,3107,natural,,0.037540054094527604,1.0,C,False
6,D,Pulmonary embolism,3107,0.034,0.0335,0.03346281435781246,0.7881734419272431,C,False
6,D,Pulmonary embolism,3107,0.024,0.024,0.02404411517069733,0.5210780352209016,C,False
6,D,Pulmonary embolism,3107,0.017,0.0172,0.017152514002627208,0.32847936791032617,E,False
6,D,Pulmonary embolism,3107,0.012,0.0123,0.012371618251246216,0.21166840101912124,D,True
6,D,Pulmonary embolism,3107,0.009,0.0088,0.009215897843836588,0.13441329461752805,D,True
6,D,Pulmonary embolism,3107,0.007,0.007,0.007030239462722127,0.11274606657056462,D,True
7,D,URTI,3033,natural,,0.03673009582471738,1.0,D,True
7,D,URTI,3033,0.034,0.0335,0.03358422455373679,0.8220756540840204,D,True
7,D,URTI,3033,0.024,0.024,0.023922463159929318,0.5326542177657382,D,True
7,D,URTI,3033,0.017,0.0172,0.01724221815670431,0.3508616540390219,D,True
7,D,URTI,3033,0.012,0.0123,0.01223294038834285,0.21166840101912124,D,True
7,D,URTI,3033,0.009,0.0088,0.008802300836464385,0.1286343687209221,D,True
7,D,URTI,3033,0.007,0.007,0.007018268362785433,0.0931963356615203,D,True
8,E,HIV (initial infection),3282,natural,,0.04207101888970355,1.0,E,True
8,E,HIV (initial infection),3282,0.034,0.0335,0.03344096693358131,0.6733380229513618,E,True
8,E,HIV (initial infection),3282,0.024,0.024,0.024061700554652895,0.43389142998594615,E,True
8,E,HIV (initial infection),3282,0.017,0.0172,0.017094627278944972,0.25984856758801733,E,True
8,E,HIV (initial infection),3282,0.012,0.0123,0.01225675124414666,0.15335496684492847,A,False
8,E,HIV (initial infection),3282,0.009,0.0088,0.00899899442135462,0.10175816115137408,A,False
8,E,HIV (initial infection),3282,0.007,0.007,0.006926664080262469,0.0675212780775444,A,False
9,D,Possible NSTEMI / STEMI,3093,natural,,0.03722757982062895,1.0,D,True
9,D,Possible NSTEMI / STEMI,3093,0.034,0.0335,0.03355213909573161,0.8056833713889101,D,True
9,D,Possible NSTEMI / STEMI,3093,0.024,0.024,0.023923432492807952,0.5326542177657382,D,True
9,D,Possible NSTEMI / STEMI,3093,0.017,0.0172,0.017165608974233717,0.35344087540492714,D,True
9,D,Possible NSTEMI / STEMI,3093,0.012,0.0123,0.012378535617131939,0.23798518027535226,D,True
9,D,Possible NSTEMI / STEMI,3093,0.009,0.0088,0.008851807263541548,0.15335496684492847,D,True
9,D,Possible NSTEMI / STEMI,3093,0.007,0.007,0.007107888211978381,0.12310390027499832,D,True
10,D,Acute dystonic reactions,3080,natural,,0.03420459179263765,1.0,D,True
10,D,Acute dystonic reactions,3080,0.034,0.0335,0.03348291875938051,0.9125131940702098,D,True
10,D,Acute dystonic reactions,3080,0.024,0.024,0.023907582646817197,0.548490160967366,D,True
10,D,Acute dystonic reactions,3080,0.017,0.0172,0.017284625383136805,0.30084145667800716,B,False
10,D,Acute dystonic reactions,3080,0.012,0.0123,0.012728868596685466,0.13441329461752805,B,False
10,D,Acute dystonic reactions,3080,0.009,0.0088,0.008799835975987345,0.08049733103113403,B,False
10,D,Acute dystonic reactions,3080,0.007,0.007,0.007066247444991973,0.0675212780775444,A,False
11,D,Influenza,3150,natural,,0.041542205393439814,1.0,E,False
11,D,Influenza,3150,0.034,0.0335,0.033520595575687394,0.6933565308901157,E,False
11,D,Influenza,3150,0.024,0.024,0.024098760368321124,0.440294041117178,E,False
11,D,Influenza,3150,0.017,0.0172,0.01721780702211011,0.2715223187896751,E,False
11,D,Influenza,3150,0.012,0.0123,0.012251606394789352,0.16744348711569607,E,False
11,D,Influenza,3150,0.009,0.0088,0.008701127552938085,0.1213137638466268,E,False
11,D,Influenza,3150,0.007,0.007,0.006954739091515693,0.08789251557133614,E,False
12,C,Viral pharyngitis,3117,natural,,0.03986316806815911,1.0,C,True
12,C,Viral pharyngitis,3117,0.034,0.0335,0.033559916112368894,0.7271638012441264,C,True
12,C,Viral pharyngitis,3117,0.024,0.024,0.023954851453806426,0.440294041117178,C,True
12,C,Viral pharyngitis,3117,0.017,0.0172,0.017194025258373834,0.2755289704553164,B,False
12,C,Viral pharyngitis,3117,0.012,0.0123,0.012284021166992553,0.19962231455216262,B,False
12,C,Viral pharyngitis,3117,0.009,0.0088,0.008884619831264026,0.14045183996771032,B,False
12,C,Viral pharyngitis,3117,0.007,0.007,0.0070093746313319,0.10789869514276741,B,False
13,D,Panic attack,3221,natural,,0.03935788014789882,1.0,D,True
13,D,Panic attack,3221,0.034,0.0335,0.033480077562569724,0.7460454542533906,D,True
13,D,Panic attack,3221,0.024,0.024,0.02395879512983282,0.4986749584980285,D,True
13,D,Panic attack,3221,0.017,0.0172,0.017226789759130022,0.31899555036296995,D,True
13,D,Panic attack,3221,0.012,0.0123,0.012254095156359572,0.20555713592330557,D,True
13,D,Panic attack,3221,0.009,0.0088,0.008570249313826541,0.13245870069633822,D,True
13,D,Panic attack,3221,0.007,0.007,0.007055839567104872,0.10027842744062854,D,True
14,B,Viral pharyngitis,2997,natural,,0.036110379721289956,1.0,B,True
14,B,Viral pharyngitis,2997,0.034,0.0335,0.033439790236625154,0.8511790163866635,B,True
14,B,Viral pharyngitis,2997,0.024,0.024,0.023989536525013545,0.566869050671142,B,True
14,B,Viral pharyngitis,2997,0.017,0.0172,0.0170897298338547,0.3639487610864175,B,True
14,B,Viral pharyngitis,2997,0.012,0.0123,0.012342865900357176,0.22444140120559558,B,True
14,B,Viral pharyngitis,2997,0.009,0.0088,0.00881607710204099,0.13441329461752805,E,False
14,B,Viral pharyngitis,2997,0.007,0.007,0.006945373096381312,0.1111065503531848,E,False
15,B,Anaphylaxis,3149,natural,,0.048239503293474886,1.0,B,True
15,B,Anaphylaxis,3149,0.034,0.0335,0.033631704395801716,0.548490160967366,B,True
15,B,Anaphylaxis,3149,0.024,0.024,0.02399828922546451,0.34323637215882596,B,True
15,B,Anaphylaxis,3149,0.017,0.0172,0.017267111096279066,0.20555713592330557,B,True
15,B,Anaphylaxis,3149,0.012,0.0123,0.012211604022580504,0.11440977590183832,B,True
15,B,Anaphylaxis,3149,0.009,0.0088,0.008732518543043426,0.060054667895307945,A,False
15,B,Anaphylaxis,3149,0.007,0.007,0.007044224564923312,0.04613553161443577,A,False
16,E,Viral pharyngitis,3155,natural,,0.035530636856080565,1.0,B,False
16,E,Viral pharyngitis,3155,0.034,0.0335,0.03351164748944421,0.8449675698391766,B,False
16,E,Viral pharyngitis,3155,0.024,0.024,0.024019045841082987,0.5153846330054179,B,False
16,E,Viral pharyngitis,3155,0.017,0.0172,0.017176457945878142,0.30978554847668166,B,False
16,E,Viral pharyngitis,3155,0.012,0.0123,0.012365181678270994,0.17885293442087116,B,False
16,E,Viral pharyngitis,3155,0.009,0.0088,0.008851947929372146,0.11440977590183832,B,False
16,E,Viral pharyngitis,3155,0.007,0.007,0.006963564689878843,0.08789251557133614,B,False
17,B,Acute rhinosinusitis,2931,natural,,0.038040004043381793,1.0,B,True
17,B,Acute rhinosinusitis,2931,0.034,0.0335,0.03341975755610146,0.8116060356120278,B,True
17,B,Acute rhinosinusitis,2931,0.024,0.024,0.02379494339364002,0.5525221705240402,B,True
17,B,Acute rhinosinusitis,2931,0.017,0.0172,0.01713013048971243,0.37476904883902873,B,True
17,B,Acute rhinosinusitis,2931,0.012,0.0123,0.012379265339762186,0.2414969494853331,B,True
17,B,Acute rhinosinusitis,2931,0.009,0.0088,0.00874769029525574,0.15335496684492847,B,True
17,B,Acute rhinosinusitis,2931,0.007,0.007,0.007004034330852049,0.1213137638466268,B,True
18,E,URTI,2895,natural,,0.033315052746289306,1.0,E,True
18,E,URTI,2895,0.024,0.024,0.02407867309053947,0.6054949935129689,E,True
18,E,URTI,2895,0.017,0.0172,0.01725710196620687,0.391605626676799,E,True
18,E,URTI,2895,0.012,0.0123,0.012362732411135781,0.252346250408634,E,True
18,E,URTI,2895,0.009,0.0088,0.00886159443113192,0.15335496684492847,E,True
18,E,URTI,2895,0.007,0.007,0.006907046869387389,0.10789869514276741,E,True
19,A,Viral pharyngitis,2926,natural,,0.03731868343440508,1.0,D,False
19,A,Viral pharyngitis,2926,0.034,0.0335,0.033601360830426814,0.8056833713889101,D,False
19,A,Viral pharyngitis,2926,0.024,0.024,0.024066674231996106,0.504183770619497,D,False
19,A,Viral pharyngitis,2926,0.017,0.0172,0.017273035527287,0.30978554847668166,A,True
19,A,Viral pharyngitis,2926,0.012,0.0123,0.012360741501150145,0.18552413223220693,A,True
19,A,Viral pharyngitis,2926,0.009,0.0088,0.008825494544773329,0.10789869514276741,A,True
19,A,Viral pharyngitis,2926,0.007,0.007,0.0070479838191504956,0.07932676531921418,D,False
20,B,Influenza,3138,natural,,0.04075474727208415,1.0,D,False
20,B,Influenza,3138,0.034,0.0335,0.03363033748179794,0.711360338843118,D,False
20,B,Influenza,3138,0.024,0.024,0.024027415825771208,0.4533840931520487,D,False
20,B,Influenza,3138,0.017,0.0172,0.017065688244045755,0.2921555976422762,D,False
20,B,Influenza,3138,0.012,0.0123,0.012169511628104744,0.18282630132100924,D,False
20,B,Influenza,3138,0.009,0.0088,0.008817537167725159,0.1213137638466268,D,False
20,B,Influenza,3138,0.007,0.007,0.006846753514425082,0.08289053682876897,D,False
21,B,URTI,3104,natural,,0.03794362578796884,1.0,B,True
21,B,URTI,3104,0.034,0.0335,0.03359755651867191,0.791065110850296,B,True
21,B,URTI,3104,0.024,0.024,0.024039981578112046,0.509753438034524,B,True
21,B,URTI,3104,0.017,0.0172,0.017119115890320277,0.32847936791032617,B,True
21,B,URTI,3104,0.012,0.0123,0.012391969596232542,0.19962231455216262,B,True
21,B,URTI,3104,0.009,0.0088,0.008692961394725652,0.12492045240700124,E,False
21,B,URTI,3104,0.007,0.007,0.007029971411162384,0.09050558205614526,E,False
22,C,Anemia,3134,natural,,0.045037483980914915,1.0,C,True
22,C,Anemia,3134,0.034,0.0335,0.033418081166314936,0.5901705299683179,C,True
22,C,Anemia,3134,0.024,0.024,0.024014535649225836,0.3693192805940405,C,True
22,C,Anemia,3134,0.017,0.0172,0.017206170009580905,0.2432722192668642,C,True
22,C,Anemia,3134,0.012,0.0123,0.012294904601274156,0.14892732033918138,C,True
22,C,Anemia,3134,0.009,0.0088,0.008716885922497216,0.10175816115137408,C,True
22,C,Anemia,3134,0.007,0.007,0.006983001444902502,0.07703645231205218,C,True
23,B,Possible NSTEMI / STEMI,3042,natural,,0.038208126437610325,1.0,B,True
23,B,Possible NSTEMI / STEMI,3042,0.034,0.0335,0.03343954348431723,0.7682255723212538,B,True
23,B,Possible NSTEMI / STEMI,3042,0.024,0.024,0.023972345427879793,0.509753438034524,B,True
23,B,Possible NSTEMI / STEMI,3042,0.017,0.0172,0.017193125424708116,0.33824514172688175,B,True
23,B,Possible NSTEMI / STEMI,3042,0.012,0.0123,0.012250381216422152,0.21166840101912124,B,True
23,B,Possible NSTEMI / STEMI,3042,0.009,0.0088,0.009220935982494172,0.13441329461752805,B,True
23,B,Possible NSTEMI / STEMI,3042,0.007,0.007,0.006915606810616612,0.10175816115137408,B,True
24,C,Atrial fibrillation,3018,natural,,0.03879108730385943,1.0,B,False
24,C,Atrial fibrillation,3018,0.034,0.0335,0.03342814886170354,0.7298316365886987,B,False
24,C,Atrial fibrillation,3018,0.024,0.024,0.023941217088964954,0.4583925816383357,B,False
24,C,Atrial fibrillation,3018,0.017,0.0172,0.017134693791606526,0.2837205157036305,B,False
24,C,Atrial fibrillation,3018,0.012,0.0123,0.012236352783194196,0.14045183996771032,B,False
24,C,Atrial fibrillation,3018,0.009,0.0088,0.00873591265036581,0.07159580830181511,B,False
24,C,Atrial fibrillation,3018,0.007,0.007,0.007020282919024083,0.05832077661072152,B,False
25,E,Epiglottitis,3147,natural,,0.04129060552700151,1.0,D,False
25,E,Epiglottitis,3147,0.034,0.0335,0.03355013250103052,0.7035878743456275,D,False
25,E,Epiglottitis,3147,0.024,0.024,0.023957528703278243,0.4600743429263593,D,False
25,E,Epiglottitis,3147,0.017,0.0172,0.017359857649424944,0.28165007601492703,D,False
25,E,Epiglottitis,3147,0.012,0.0123,0.012245377894119036,0.15791424838939916,D,False
25,E,Epiglottitis,3147,0.009,0.0088,0.008826756158127195,0.10175816115137408,A,False
25,E,Epiglottitis,3147,0.007,0.007,0.007032844006095595,0.07159580830181511,E,True
26,D,Acute rhinosinusitis,3117,natural,,0.0361334492842305,1.0,D,True
26,D,Acute rhinosinusitis,3117,0.034,0.0335,0.033524685120812664,0.8388014510869826,D,True
26,D,Acute rhinosinusitis,3117,0.024,0.024,0.024077987903438243,0.548490160967366,D,True
26,D,Acute rhinosinusitis,3117,0.017,0.0172,0.017182900761312188,0.35344087540492714,D,True
26,D,Acute rhinosinusitis,3117,0.012,0.0123,0.01227244766873034,0.23111410023442172,D,True
26,D,Acute rhinosinusitis,3117,0.009,0.0088,0.008898270365384684,0.1446275083208538,D,True
26,D,Acute rhinosinusitis,3117,0.007,0.007,0.006999441967543247,0.1213137638466268,D,True
27,A,Unstable angina,3109,natural,,0.03628171430483019,1.0,C,False
27,A,Unstable angina,3109,0.034,0.0335,0.03349821883453063,0.8543018416161225,C,False
27,A,Unstable angina,3109,0.024,0.024,0.02398172869627258,0.5731311960714808,C,False
27,A,Unstable angina,3109,0.017,0.0172,0.017067710633841514,0.37476904883902873,C,False
27,A,Unstable angina,3109,0.012,0.0123,0.012291559714432214,0.23973463466761458,C,False
27,A,Unstable angina,3109,0.009,0.0088,0.008703033791726563,0.14892732033918138,C,False
27,A,Unstable angina,3109,0.007,0.007,0.0070049975535113026,0.1213137638466268,C,False
28,A,URTI,3024,natural,,0.03819035722502666,1.0,A,True
28,A,URTI,3024,0.034,0.0335,0.03353413257804824,0.7682255723212538,A,True
28,A,URTI,3024,0.024,0.024,0.02400350664669974,0.4986749584980285,A,True
28,A,URTI,3024,0.017,0.0172,0.017288622879143106,0.30978554847668166,A,True
28,A,URTI,3024,0.012,0.0123,0.012259348716700097,0.17242162389375282,A,True
28,A,URTI,3024,0.009,0.0088,0.00879608726659451,0.11440977590183832,A,True
28,A,URTI,3024,0.007,0.007,0.007072463816981548,0.08535489323371559,A,True
29,E,Anemia,3107,natural,,0.043363588104798956,1.0,E,True
29,E,Anemia,3107,0.034,0.0335,0.03340981114785961,0.6538974870114864,A,False
29,E,Anemia,3107,0.024,0.024,0.02394448739632963,0.427581923519937,A,False
29,E,Anemia,3107,0.017,0.0172,0.017117745463591707,0.2675739305347498,A,False
29,E,Anemia,3107,0.012,0.0123,0.012297869839737739,0.16744348711569607,A,False
29,E,Anemia,3107,0.009,0.0088,0.0088424461295552,0.10175816115137408,A,False
29,E,Anemia,3107,0.007,0.007,0.007078774853810766,0.0675212780775444,A,False
30,D,Viral pharyngitis,3009,natural,,0.03504036336896247,1.0,C,False
30,D,Viral pharyngitis,3009,0.034,0.0335,0.033541954212767976,0.8764847815685415,C,False
30,D,Viral pharyngitis,3009,0.024,0.024,0.023993808197405764,0.5545492766212659,C,False
30,D,Viral pharyngitis,3009,0.017,0.0172,0.017231309671611756,0.31899555036296995,C,False
30,D,Viral pharyngitis,3009,0.012,0.0123,0.012379309715280225,0.1882617730152492,B,False
30,D,Viral pharyngitis,3009,0.009,0.0088,0.008709929465907467,0.12676381003940596,B,False
30,D,Viral pharyngitis,3009,0.007,0.007,0.007038366814035488,0.10175816115137408,B,False
31,B,Pulmonary neoplasm,2944,natural,,0.042761552614344105,1.0,D,False
31,B,Pulmonary neoplasm,2944,0.034,0.0335,0.033504721844727546,0.6443887248251953,D,False
31,B,Pulmonary neoplasm,2944,0.024,0.024,0.02402246932768051,0.3859110264545202,C,False
31,B,Pulmonary neoplasm,2944,0.017,0.0172,0.016961916866058916,0.22775331500328175,C,False
31,B,Pulmonary neoplasm,2944,0.012,0.0123,0.012208928308187247,0.1446275083208538,C,False
31,B,Pulmonary neoplasm,2944,0.009,0.0088,0.008784107811306103,0.0931963356615203,B,True
31,B,Pulmonary neoplasm,2944,0.007,0.007,0.007051758394893149,0.07159580830181511,C,False
32,B,Pancreatic neoplasm,3170,natural,,0.04077034381649023,1.0,B,True
32,B,Pancreatic neoplasm,3170,0.034,0.0335,0.03350725541501136,0.7298316365886987,B,True
32,B,Pancreatic neoplasm,3170,0.024,0.024,0.024095361138625964,0.48074327892797597,B,True
32,B,Pancreatic neoplasm,3170,0.017,0.0172,0.017159253722099234,0.30084145667800716,B,True
32,B,Pancreatic neoplasm,3170,0.012,0.0123,0.012301309269278351,0.18282630132100924,B,True
32,B,Pancreatic neoplasm,3170,0.009,0.0088,0.008761081930272842,0.1213137638466268,B,True
32,B,Pancreatic neoplasm,3170,0.007,0.007,0.0069031782930688845,0.09050558205614526,B,True
33,A,SLE,3294,natural,,0.04665270973724776,1.0,A,True
33,A,SLE,3294,0.034,0.0335,0.03353765453465137,0.6077164475263447,A,True
33,A,SLE,3294,0.024,0.024,0.023912726619070367,0.3973842578530246,A,True
33,A,SLE,3294,0.017,0.0172,0.017074081105467823,0.23281304458591898,A,True
33,A,SLE,3294,0.012,0.0123,0.012435383836894714,0.1213137638466268,A,True
33,A,SLE,3294,0.009,0.0088,0.008726644382059778,0.08049733103113403,A,True
33,A,SLE,3294,0.007,0.007,0.006967435202010289,0.060054667895307945,A,True
34,C,Chronic rhinosinusitis,3045,natural,,0.03452167513331537,1.0,E,False
34,C,Chronic rhinosinusitis,3045,0.034,0.0335,0.03352594496382332,0.9100103404478916,E,False
34,C,Chronic rhinosinusitis,3045,0.024,0.024,0.0238562692509527,0.5988792348270946,C,True
34,C,Chronic rhinosinusitis,3045,0.017,0.0172,0.017152795636175108,0.38309485539442545,C,True
34,C,Chronic rhinosinusitis,3045,0.012,0.0123,0.012341838531650506,0.2414969494853331,C,True
34,C,Chronic rhinosinusitis,3045,0.009,0.0088,0.008850858529381724,0.15335496684492847,C,True
34,C,Chronic rhinosinusitis,3045,0.007,0.007,0.006900184144641935,0.1213137638466268,E,False
35,E,Acute dystonic reactions,2993,natural,,0.034622842846671734,1.0,E,True
35,E,Acute dystonic reactions,2993,0.034,0.0335,0.03344222543507138,0.9041970128076517,A,False
35,E,Acute dystonic reactions,2993,0.024,0.024,0.024036008350537343,0.5731311960714808,A,False
35,E,Acute dystonic reactions,2993,0.017,0.0172,0.017331854653366757,0.34830125444308524,A,False
35,E,Acute dystonic reactions,2993,0.012,0.0123,0.012323262318780928,0.20256799166137712,A,False
35,E,Acute dystonic reactions,2993,0.009,0.0088,0.008572478790112168,0.13245870069633822,A,False
35,E,Acute dystonic reactions,2993,0.007,0.007,0.007095041868617082,0.09596708604499847,A,False
36,B,Pericarditis,3138,natural,,0.03810866400762257,1.0,B,True
36,B,Pericarditis,3138,0.034,0.0335,0.033482736712007535,0.8027382667004205,C,False
36,B,Pericarditis,3138,0.024,0.024,0.024104109673903324,0.513500689817633,B,True
36,B,Pericarditis,3138,0.017,0.0172,0.017297013374445093,0.32370272898051844,C,False
36,B,Pericarditis,3138,0.012,0.0123,0.012324337954114663,0.20555713592330557,C,False
36,B,Pericarditis,3138,0.009,0.0088,0.008869570564427413,0.13441329461752805,C,False
36,B,Pericarditis,3138,0.007,0.007,0.006952870222613708,0.09596708604499847,C,False
37,C,Unstable angina,3175,natural,,0.03414272252019917,1.0,A,False
37,C,Unstable angina,3175,0.034,0.0335,0.03344523178979806,0.9158610435469906,A,False
37,C,Unstable angina,3175,0.024,0.024,0.02395194750816385,0.5901705299683179,A,False
37,C,Unstable angina,3175,0.017,0.0172,0.017101230348617,0.3802992352356941,A,False
37,C,Unstable angina,3175,0.012,0.0123,0.012354325433992817,0.23281304458591898,A,False
37,C,Unstable angina,3175,0.009,0.0088,0.008756854231130923,0.13441329461752805,A,False
37,C,Unstable angina,3175,0.007,0.007,0.006962511934247619,0.10789869514276741,A,False
38,D,Bronchiectasis,2981,natural,,0.037696685941689075,1.0,C,False
38,D,Bronchiectasis,2981,0.034,0.0335,0.03354230653404818,0.7626194753815728,C,False
38,D,Bronchiectasis,2981,0.024,0.024,0.023938510083169585,0.4600743429263593,C,False
38,D,Bronchiectasis,2981,0.017,0.0172,0.0173207586698972,0.2755289704553164,C,False
38,D,Bronchiectasis,2981,0.012,0.0123,0.012222456220114508,0.15335496684492847,C,False
38,D,Bronchiectasis,2981,0.009,0.0088,0.008797911858639176,0.09882021153081356,A,False
38,D,Bronchiectasis,2981,0.007,0.007,0.0069195043714011875,0.07159580830181511,A,False
39,E,Possible NSTEMI / STEMI,3106,natural,,0.034742327147861594,1.0,E,True
39,E,Possible NSTEMI / STEMI,3106,0.034,0.0335,0.03356582224690831,0.8975986694447079,E,True
39,E,Possible NSTEMI / STEMI,3106,0.024,0.024,0.024010762851043647,0.5858637829383431,E,True
39,E,Possible NSTEMI / STEMI,3106,0.017,0.0172,0.017154401567813428,0.3693192805940405,E,True
39,E,Possible NSTEMI / STEMI,3106,0.012,0.0123,0.012252171157515934,0.23111410023442172,E,True
39,E,Possible NSTEMI / STEMI,3106,0.009,0.0088,0.008840535970164853,0.1363967310184996,E,True
39,E,Possible NSTEMI / STEMI,3106,0.007,0.007,0.00692420280677388,0.11274606657056462,E,True
40,A,Guillain-Barré syndrome,3010,natural,,0.03604223339047076,1.0,A,True
40,A,Guillain-Barré syndrome,3010,0.034,0.0335,0.0334939535954737,0.8543018416161225,A,True
40,A,Guillain-Barré syndrome,3010,0.024,0.024,0.02406385077128655,0.556583819812148,A,True
40,A,Guillain-Barré syndrome,3010,0.017,0.0172,0.01712019178623265,0.35344087540492714,A,True
40,A,Guillain-Barré syndrome,3010,0.012,0.0123,0.0123866360863115,0.22775331500328175,A,True
40,A,Guillain-Barré syndrome,3010,0.009,0.0088,0.00877595474332921,0.14045183996771032,A,True
40,A,Guillain-Barré syndrome,3010,0.007,0.007,0.006913019021854169,0.09596708604499847,A,True
41,C,URTI,3022,natural,,0.03654258041494699,1.0,C,True
41,C,URTI,3022,0.034,0.0335,0.03352053205631008,0.8250917042258528,C,True
41,C,URTI,3022,0.024,0.024,0.023939657300237616,0.5405141974474641,C,True
41,C,URTI,3022,0.017,0.0172,0.017179075077407523,0.34830125444308524,C,True
41,C,URTI,3022,0.012,0.0123,0.012235373163382373,0.20555713592330557,C,True
41,C,URTI,3022,0.009,0.0088,0.008854277390157036,0.1286343687209221,C,True
41,C,URTI,3022,0.007,0.007,0.006954681531010414,0.09050558205614526,C,True
42,C,Viral pharyngitis,3032,natural,,0.03499455559916201,1.0,C,True
42,C,Viral pharyngitis,3032,0.034,0.0335,0.03340107276398814,0.8764847815685415,C,True
42,C,Viral pharyngitis,3032,0.024,0.024,0.024051572197487724,0.5731311960714808,C,True
42,C,Viral pharyngitis,3032,0.017,0.0172,0.017214911144315833,0.3693192805940405,C,True
42,C,Viral pharyngitis,3032,0.012,0.0123,0.012264766749064024,0.21796135555570278,C,True
42,C,Viral pharyngitis,3032,0.009,0.0088,0.0087464833046916,0.1363967310184996,C,True
42,C,Viral pharyngitis,3032,0.007,0.007,0.006994645129721617,0.1111065503531848,A,False
43,B,Chronic rhinosinusitis,3122,natural,,0.04006670458523064,1.0,B,True
43,B,Chronic rhinosinusitis,3122,0.034,0.0335,0.03341123977937703,0.7245057179369678,B,True
43,B,Chronic rhinosinusitis,3122,0.024,0.024,0.024039373335557584,0.44679113078950283,B,True
43,B,Chronic rhinosinusitis,3122,0.017,0.0172,0.017247208275140136,0.27959474528122435,B,True
43,B,Chronic rhinosinusitis,3122,0.012,0.0123,0.012237054477742607,0.15791424838939916,B,True
43,B,Chronic rhinosinusitis,3122,0.009,0.0088,0.008831652025386353,0.10789869514276741,B,True
43,B,Chronic rhinosinusitis,3122,0.007,0.007,0.006982703053244955,0.07159580830181511,B,True
44,E,Bronchospasm / acute asthma exacerbation,3001,natural,,0.03137701466003153,1.0,E,True
44,E,Bronchospasm / acute asthma exacerbation,3001,0.024,0.024,0.023904521990599063,0.6443887248251953,E,True
44,E,Bronchospasm / acute asthma exacerbation,3001,0.017,0.0172,0.0171576040008715,0.4213641678217314,E,True
44,E,Bronchospasm / acute asthma exacerbation,3001,0.012,0.0123,0.012243329159127191,0.2675739305347498,E,True
44,E,Bronchospasm / acute asthma exacerbation,3001,0.009,0.0088,0.008789861590946562,0.16744348711569607,E,True
44,E,Bronchospasm / acute asthma exacerbation,3001,0.007,0.007,0.007022903165640339,0.1286343687209221,E,True
45,C,Anaphylaxis,3263,natural,,0.04390522508273879,1.0,C,True
45,C,Anaphylaxis,3263,0.034,0.0335,0.03357197747921408,0.6303842144700521,C,True
45,C,Anaphylaxis,3263,0.024,0.024,0.023903908563777467,0.391605626676799,C,True
45,C,Anaphylaxis,3263,0.017,0.0172,0.017232820088178773,0.2450605392455259,C,True
45,C,Anaphylaxis,3263,0.012,0.0123,0.012334249308978444,0.1363967310184996,C,True
45,C,Anaphylaxis,3263,0.009,0.0088,0.00877316043483501,0.09596708604499847,D,False
45,C,Anaphylaxis,3263,0.007,0.007,0.006954520262208076,0.07817322158887273,D,False
46,A,Pulmonary embolism,3051,natural,,0.039501491438002086,1.0,A,True
46,A,Pulmonary embolism,3051,0.034,0.0335,0.0335398227135007,0.7460454542533906,A,True
46,A,Pulmonary embolism,3051,0.024,0.024,0.02395075946171898,0.487837247732635,A,True
46,A,Pulmonary embolism,3051,0.017,0.0172,0.017177854998449673,0.31435682198866555,A,True
46,A,Pulmonary embolism,3051,0.012,0.0123,0.012196327352679545,0.19816557829262693,A,True
46,A,Pulmonary embolism,3051,0.009,0.0088,0.009368568680318476,0.13441329461752805,A,True
46,A,Pulmonary embolism,3051,0.007,0.007,0.006950474448569892,0.10789869514276741,A,True
47,E,Acute rhinosinusitis,3035,natural,,0.03727356562712392,1.0,E,True
47,E,Acute rhinosinusitis,3035,0.034,0.0335,0.033585815850726404,0.8266038762708526,E,True
47,E,Acute rhinosinusitis,3035,0.024,0.024,0.023906399807793795,0.5444875748473111,E,True
47,E,Acute rhinosinusitis,3035,0.017,0.0172,0.017156322796878547,0.35865633790708634,A,False
47,E,Acute rhinosinusitis,3035,0.012,0.0123,0.012217970018894115,0.23111410023442172,A,False
47,E,Acute rhinosinusitis,3035,0.009,0.0088,0.008815455071090892,0.1363967310184996,A,False
47,E,Acute rhinosinusitis,3035,0.007,0.007,0.006982920741608749,0.1213137638466268,A,False
48,A,Anemia,2985,natural,,0.041241841580589855,1.0,B,False
48,A,Anemia,2985,0.034,0.0335,0.03345265581929692,0.6623326845191571,B,False
48,A,Anemia,2985,0.024,0.024,0.023915338693051364,0.391605626676799,B,False
48,A,Anemia,2985,0.017,0.0172,0.01710767834567463,0.20555713592330557,E,False
48,A,Anemia,2985,0.012,0.0123,0.012710971466503823,0.13441329461752805,A,True
48,A,Anemia,2985,0.009,0.0088,0.008794235723669627,0.09882021153081356,A,True
48,A,Anemia,2985,0.007,0.007,0.007069116814980013,0.0759162135601666,A,True
49,E,Possible NSTEMI / STEMI,3029,natural,,0.032557278715606645,1.0,E,True
49,E,Possible NSTEMI / STEMI,3029,0.024,0.024,0.023938708964290255,0.6166840643601017,E,True
49,E,Possible NSTEMI / STEMI,3029,0.017,0.0172,0.01727425485275222,0.4032481599651003,E,True
49,E,Possible NSTEMI / STEMI,3029,0.012,0.0123,0.012159031373853964,0.2450605392455259,E,True
49,E,Possible NSTEMI / STEMI,3029,0.009,0.0088,0.008711559035870464,0.15448229552989823,E,True
49,E,Possible NSTEMI / STEMI,3029,0.007,0.007,0.007060209571972028,0.1286343687209221,E,True
50,E,Pulmonary embolism,3134,natural,,0.03874791451312488,1.0,B,False
50,E,Pulmonary embolism,3134,0.034,0.0335,0.03345257205367854,0.7460454542533906,B,False
50,E,Pulmonary embolism,3134,0.024,0.024,0.02406833729616165,0.4950358969261986,B,False
50,E,Pulmonary embolism,3134,0.017,0.0172,0.017154930053253584,0.30528074892059653,B,False
50,E,Pulmonary embolism,3134,0.012,0.0123,0.012268239551216567,0.18282630132100924,B,False
50,E,Pulmonary embolism,3134,0.009,0.0088,0.00872690542567951,0.12492045240700124,B,False
50,E,Pulmonary embolism,3134,0.007,0.007,0.007043043821875262,0.09882021153081356,B,False
51,E,Anaphylaxis,3123,natural,,0.03984163823351905,1.0,E,True
51,E,Anaphylaxis,3123,0.034,0.0335,0.033598519878402,0.7298316365886987,E,True
51,E,Anaphylaxis,3123,0.024,0.024,0.024061668890423125,0.47375246828443607,E,True
51,E,Anaphylaxis,3123,0.017,0.0172,0.01722558161454616,0.2879071670326548,E,True
51,E,Anaphylaxis,3123,0.012,0.0123,0.012267940915114526,0.1699143253493389,A,False
51,E,Anaphylaxis,3123,0.009,0.0088,0.009020356217812076,0.12492045240700124,A,False
51,E,Anaphylaxis,3123,0.007,0.007,0.007076637109240286,0.09596708604499847,A,False
52,D,Myasthenia gravis,3142,natural,,0.032345706752218754,1.0,D,True
52,D,Myasthenia gravis,3142,0.024,0.024,0.02397861104008938,0.5901705299683179,D,True
52,D,Myasthenia gravis,3142,0.017,0.0172,0.017448571515834215,0.34830125444308524,D,True
52,D,Myasthenia gravis,3142,0.012,0.0123,0.012156737068686554,0.19385884264329528,D,True
52,D,Myasthenia gravis,3142,0.009,0.0088,0.008808964212770899,0.1286343687209221,D,True
52,D,Myasthenia gravis,3142,0.007,0.007,0.006716407225584915,0.08168516990527609,A,False
53,B,Atrial fibrillation,2997,natural,,0.03830191536916961,1.0,B,True
53,B,Atrial fibrillation,2997,0.034,0.0335,0.03360359400402604,0.7446806541204531,B,True
53,B,Atrial fibrillation,2997,0.024,0.024,0.02401738382509828,0.4634563983932941,B,True
53,B,Atrial fibrillation,2997,0.017,0.0172,0.017257736168231327,0.2675739305347498,B,True
53,B,Atrial fibrillation,2997,0.012,0.0123,0.012387377937765995,0.13441329461752805,B,True
53,B,Atrial fibrillation,2997,0.009,0.0088,0.008513415641648694,0.07703645231205218,B,True
53,B,Atrial fibrillation,2997,0.007,0.007,0.006971714027263635,0.063678630095297,B,True
54,C,Chronic rhinosinusitis,3036,natural,,0.03454621352618308,1.0,E,False
54,C,Chronic rhinosinusitis,3036,0.034,0.0335,0.03357094291968071,0.9158610435469906,E,False
54,C,Chronic rhinosinusitis,3036,0.024,0.024,0.023981420645911838,0.5988792348270946,E,False
54,C,Chronic rhinosinusitis,3036,0.017,0.0172,0.017289472534073157,0.3859110264545202,C,True
54,C,Chronic rhinosinusitis,3036,0.012,0.0123,0.012286316794357502,0.2450605392455259,C,True
54,C,Chronic rhinosinusitis,3036,0.009,0.0088,0.008769849950312202,0.15791424838939916,C,True
54,C,Chronic rhinosinusitis,3036,0.007,0.007,0.0070725497487234374,0.1286343687209221,C,True
55,A,Anaphylaxis,3141,natural,,0.043307264553823235,1.0,A,True
55,A,Anaphylaxis,3141,0.034,0.0335,0.03347648672435806,0.6733380229513618,A,True
55,A,Anaphylaxis,3141,0.024,0.024,0.023983211006672445,0.4567169678807566,A,True
55,A,Anaphylaxis,3141,0.017,0.0172,0.017141358229214906,0.2837205157036305,A,True
55,A,Anaphylaxis,3141,0.012,0.0123,0.012254995707197186,0.1626090785152391,A,True
55,A,Anaphylaxis,3141,0.009,0.0088,0.008772500377286453,0.09596708604499847,A,True
55,A,Anaphylaxis,3141,0.007,0.007,0.006943347932060173,0.0675212780775444,A,True
56,D,SLE,3122,natural,,0.04204153896966768,1.0,A,False
56,D,SLE,3122,0.034,0.0335,0.03351975905434342,0.6882967879370323,A,False
56,D,SLE,3122,0.024,0.024,0.023994196456314263,0.44679113078950283,A,False
56,D,SLE,3122,0.017,0.0172,0.017321925775232914,0.2715223187896751,A,False
56,D,SLE,3122,0.012,0.0123,0.012352581068910804,0.1626090785152391,A,False
56,D,SLE,3122,0.009,0.0088,0.008768344610971547,0.1213137638466268,A,False
56,D,SLE,3122,0.007,0.007,0.006938076983463803,0.09596708604499847,A,False
57,D,Viral pharyngitis,2923,natural,,0.040831578239975484,1.0,C,False
57,D,Viral pharyngitis,2923,0.034,0.0335,0.03349264246601574,0.67580838103767,C,False
57,D,Viral pharyngitis,2923,0.024,0.024,0.02419170012970898,0.4152368286818413,C,False
57,D,Viral pharyngitis,2923,0.017,0.0172,0.01729716509598173,0.2755289704553164,B,False
57,D,Viral pharyngitis,2923,0.012,0.0123,0.01229098747993808,0.1868879398761483,B,False
57,D,Viral pharyngitis,2923,0.009,0.0088,0.0091237492827957,0.13441329461752805,B,False
57,D,Viral pharyngitis,2923,0.007,0.007,0.006910181477013323,0.1111065503531848,B,False
58,D,Pulmonary embolism,3088,natural,,0.03704246612834531,1.0,D,True
58,D,Pulmonary embolism,3088,0.034,0.0335,0.03359747414286401,0.8326803293522165,D,True
58,D,Pulmonary embolism,3088,0.024,0.024,0.024047278392446688,0.5647969107236422,B,False
58,D,Pulmonary embolism,3088,0.017,0.0172,0.017166811863386675,0.3802992352356941,B,False
58,D,Pulmonary embolism,3088,0.012,0.0123,0.012240821961030759,0.252346250408634,B,False
58,D,Pulmonary embolism,3088,0.009,0.0088,0.00889243921715897,0.17242162389375282,B,False
58,D,Pulmonary embolism,3088,0.007,0.007,0.006960683336449667,0.13245870069633822,B,False
59,C,HIV (initial infection),3216,natural,,0.04628525563327128,1.0,C,True
59,C,HIV (initial infection),3216,0.034,0.0335,0.03348676098309926,0.5815884642312653,C,True
59,C,HIV (initial infection),3216,0.024,0.024,0.02394409462497336,0.3639487610864175,C,True
59,C,HIV (initial infection),3216,0.017,0.0172,0.01712844830473053,0.22444140120559558,C,True
59,C,HIV (initial infection),3216,0.012,0.0123,0.012321531684020294,0.14045183996771032,C,True
59,C,HIV (initial infection),3216,0.009,0.0088,0.008885158741919672,0.10789869514276741,C,True
59,C,HIV (initial infection),3216,0.007,0.007,0.007052460709587459,0.08049733103113403,C,True
60,D,Acute dystonic reactions,3058,natural,,0.034199992930794995,1.0,D,True
60,D,Acute dystonic reactions,3058,0.034,0.0335,0.03355513122940786,0.9100103404478916,D,True
60,D,Acute dystonic reactions,3058,0.024,0.024,0.024044294332560757,0.568948792933528,D,True
60,D,Acute dystonic reactions,3058,0.017,0.0172,0.01712048624803641,0.35865633790708634,D,True
60,D,Acute dystonic reactions,3058,0.012,0.0123,0.012306116169974107,0.19385884264329528,A,False
60,D,Acute dystonic reactions,3058,0.009,0.0088,0.008802933412200831,0.10175816115137408,A,False
60,D,Acute dystonic reactions,3058,0.007,0.007,0.007091652427926427,0.08049733103113403,A,False
61,B,Anemia,3119,natural,,0.04339746953835606,1.0,B,True
61,B,Anemia,3119,0.034,0.0335,0.03367482662114178,0.6455697167207665,B,True
61,B,Anemia,3119,0.024,0.024,0.024031863232725513,0.3973842578530246,B,True
61,B,Anemia,3119,0.017,0.0172,0.017324076564173178,0.21012375890105825,B,True
61,B,Anemia,3119,0.012,0.0123,0.011790337505040174,0.13245870069633822,B,True
61,B,Anemia,3119,0.009,0.0088,0.008877327108990644,0.0759162135601666,B,True
61,B,Anemia,3119,0.007,0.007,0.006941870555668862,0.05341372732716633,B,True
62,B,Myasthenia gravis,2843,natural,,0.03352912186790618,1.0,B,True
62,B,Myasthenia gravis,2843,0.034,0.0335,0.03352912186790618,1.0,B,True
62,B,Myasthenia gravis,2843,0.024,0.024,0.02408723932216126,0.5901705299683179,B,True
62,B,Myasthenia gravis,2843,0.017,0.0172,0.017282238541114162,0.35865633790708634,B,True
62,B,Myasthenia gravis,2843,0.012,0.0123,0.012297312633625346,0.22444140120559558,A,False
62,B,Myasthenia gravis,2843,0.009,0.0088,0.00940184510438129,0.1363967310184996,A,False
62,B,Myasthenia gravis,2843,0.007,0.007,0.006906528976735019,0.10175816115137408,A,False
63,A,URTI,3188,natural,,0.03853451741316458,1.0,A,True
63,A,URTI,3188,0.034,0.0335,0.033409355275558134,0.7824217761666579,A,True
63,A,URTI,3188,0.024,0.024,0.023978997121913398,0.5153846330054179,A,True
63,A,URTI,3188,0.017,0.0172,0.017212713623930436,0.32847936791032617,A,True
63,A,URTI,3188,0.012,0.0123,0.012277731352160448,0.19385884264329528,A,True
63,A,URTI,3188,0.009,0.0088,0.008661859596649838,0.12492045240700124,A,True
63,A,URTI,3188,0.007,0.007,0.006995096989031156,0.08789251557133614,A,True
64,C,Anemia,2947,natural,,0.04652239218751102,1.0,C,True
64,C,Anemia,2947,0.034,0.0335,0.0335268320945522,0.5731311960714808,C,True
64,C,Anemia,2947,0.024,0.024,0.023951632108281225,0.33824514172688175,C,True
64,C,Anemia,2947,0.017,0.0172,0.01713397880128336,0.20555713592330557,C,True
64,C,Anemia,2947,0.012,0.0123,0.012462581824248031,0.12676381003940596,C,True
64,C,Anemia,2947,0.009,0.0088,0.008779721965808599,0.0759162135601666,C,True
64,C,Anemia,2947,0.007,0.007,0.007062947889513764,0.05747269505921463,C,True
65,A,Anemia,3071,natural,,0.04427443824110485,1.0,A,True
65,A,Anemia,3071,0.034,0.0335,0.033415207623010604,0.5901705299683179,A,True
65,A,Anemia,3071,0.024,0.024,0.023855767401323863,0.3508616540390219,A,True
65,A,Anemia,3071,0.017,0.0172,0.017221961792197732,0.20256799166137712,A,True
65,A,Anemia,3071,0.012,0.0123,0.0122836761190694,0.1286343687209221,A,True
65,A,Anemia,3071,0.009,0.0088,0.008747269070373175,0.09050558205614526,A,True
65,A,Anemia,3071,0.007,0.007,0.00705831265314634,0.0675212780775444,A,True
66,C,Guillain-Barré syndrome,3036,natural,,0.03815070256439608,1.0,C,True
66,C,Guillain-Barré syndrome,3036,0.034,0.0335,0.033537166775918,0.740601215882992,C,True
66,C,Guillain-Barré syndrome,3036,0.024,0.024,0.023941243405653807,0.4419094020618335,C,True
66,C,Guillain-Barré syndrome,3036,0.017,0.0172,0.017120129141666166,0.2450605392455259,C,True
66,C,Guillain-Barré syndrome,3036,0.012,0.0123,0.011949577904091999,0.13245870069633822,B,False
66,C,Guillain-Barré syndrome,3036,0.009,0.0088,0.00875080526855777,0.09050558205614526,B,False
66,C,Guillain-Barré syndrome,3036,0.007,0.007,0.007057439699087656,0.07372436960092195,B,False
67,A,Guillain-Barré syndrome,2972,natural,,0.0334045452246243,1.0,A,True
67,A,Guillain-Barré syndrome,2972,0.024,0.024,0.024092826476012512,0.5988792348270946,A,True
67,A,Guillain-Barré syndrome,2972,0.017,0.0172,0.017114691066751547,0.35865633790708634,A,True
67,A,Guillain-Barré syndrome,2972,0.012,0.0123,0.012311783945463338,0.22117764816905203,A,True
67,A,Guillain-Barré syndrome,2972,0.009,0.0088,0.009172998577948285,0.13441329461752805,A,True
67,A,Guillain-Barré syndrome,2972,0.007,0.007,0.00690956262702581,0.09882021153081356,A,True
68,E,Possible NSTEMI / STEMI,3143,natural,,0.034778177139998416,1.0,E,True
68,E,Possible NSTEMI / STEMI,3143,0.034,0.0335,0.03350900972621517,0.8894184115759556,E,True
68,E,Possible NSTEMI / STEMI,3143,0.024,0.024,0.02396550420733188,0.5901705299683179,E,True
68,E,Possible NSTEMI / STEMI,3143,0.017,0.0172,0.01722027534798987,0.3859110264545202,E,True
68,E,Possible NSTEMI / STEMI,3143,0.012,0.0123,0.01225112805250761,0.2450605392455259,E,True
68,E,Possible NSTEMI / STEMI,3143,0.009,0.0088,0.008828403949648476,0.15791424838939916,E,True
68,E,Possible NSTEMI / STEMI,3143,0.007,0.007,0.006991576587838294,0.1286343687209221,E,True
69,C,Epiglottitis,3052,natural,,0.04236247982664073,1.0,C,True
69,C,Epiglottitis,3052,0.034,0.0335,0.03339166742519084,0.6443887248251953,C,True
69,C,Epiglottitis,3052,0.024,0.024,0.023991125257511174,0.35865633790708634,C,True
69,C,Epiglottitis,3052,0.017,0.0172,0.017193897864791988,0.18282630132100924,B,False
69,C,Epiglottitis,3052,0.012,0.0123,0.012248165582141408,0.11274606657056462,B,False
69,C,Epiglottitis,3052,0.009,0.0088,0.008851529148375985,0.0759162135601666,B,False
69,C,Epiglottitis,3052,0.007,0.007,0.0069579895798645925,0.063678630095297,B,False
70,C,Viral pharyngitis,2919,natural,,0.039005708458123026,1.0,B,False
70,C,Viral pharyngitis,2919,0.034,0.0335,0.03362154891951643,0.7460454542533906,B,False
70,C,Viral pharyngitis,2919,0.024,0.024,0.024088743031543607,0.4617622742990291,B,False
70,C,Viral pharyngitis,2919,0.017,0.0172,0.01725978269420991,0.2837205157036305,B,False
70,C,Viral pharyngitis,2919,0.012,0.0123,0.012356482694331336,0.1882617730152492,B,False
70,C,Viral pharyngitis,2919,0.009,0.0088,0.008859124430900818,0.1363967310184996,A,False
70,C,Viral pharyngitis,2919,0.007,0.007,0.00694260034957754,0.11440977590183832,A,False
71,E,Viral pharyngitis,3016,natural,,0.03462320875113189,1.0,D,False
71,E,Viral pharyngitis,3016,0.034,0.0335,0.03355514042775975,0.9025428934825543,D,False
71,E,Viral pharyngitis,3016,0.024,0.024,0.024028557238125605,0.5901705299683179,E,True
71,E,Viral pharyngitis,3016,0.017,0.0172,0.017037905117817626,0.3802992352356941,D,False
71,E,Viral pharyngitis,3016,0.012,0.0123,0.012273754672554553,0.2414969494853331,D,False
71,E,Viral pharyngitis,3016,0.009,0.0088,0.008768924866240414,0.1363967310184996,C,False
71,E,Viral pharyngitis,3016,0.007,0.007,0.006854644073948251,0.11440977590183832,C,False
72,C,Acute laryngitis,2991,natural,,0.03632379972301146,1.0,C,True
72,C,Acute laryngitis,2991,0.034,0.0335,0.033580530416080445,0.8296365396588028,C,True
72,C,Acute laryngitis,2991,0.024,0.024,0.023930349942881225,0.513500689817633,C,True
72,C,Acute laryngitis,2991,0.017,0.0172,0.017192763566155646,0.32847936791032617,C,True
72,C,Acute laryngitis,2991,0.012,0.0123,0.012200186054274918,0.20555713592330557,C,True
72,C,Acute laryngitis,2991,0.009,0.0088,0.008806923664607775,0.11954965899341273,C,True
72,C,Acute laryngitis,2991,0.007,0.007,0.007004022100584377,0.09596708604499847,B,False
73,E,Spontaneous rib fracture,3117,natural,,0.03837215185339523,1.0,D,False
73,E,Spontaneous rib fracture,3117,0.034,0.0335,0.03344132500144704,0.7460454542533906,D,False
73,E,Spontaneous rib fracture,3117,0.024,0.024,0.02391473534305451,0.4533840931520487,D,False
73,E,Spontaneous rib fracture,3117,0.017,0.0172,0.017238534043306043,0.2675739305347498,D,False
73,E,Spontaneous rib fracture,3117,0.012,0.0123,0.012232276178152564,0.1286343687209221,B,False
73,E,Spontaneous rib fracture,3117,0.009,0.0088,0.008954966874384287,0.08049733103113403,B,False
73,E,Spontaneous rib fracture,3117,0.007,0.007,0.006929740935523679,0.063678630095297,B,False
74,C,URTI,3052,natural,,0.037587212277766055,1.0,C,True
74,C,URTI,3052,0.034,0.0335,0.033468973279574314,0.7682255723212538,C,True
74,C,URTI,3052,0.024,0.024,0.024009770552078313,0.487837247732635,C,True
74,C,URTI,3052,0.017,0.0172,0.01720474149710759,0.30528074892059653,C,True
74,C,URTI,3052,0.012,0.0123,0.012316878785404403,0.1882617730152492,C,True
74,C,URTI,3052,0.009,0.0088,0.008817809088374163,0.1286343687209221,C,True
74,C,URTI,3052,0.007,0.007,0.007078945131734864,0.08789251557133614,C,True
75,A,Anaphylaxis,3113,natural,,0.04420583370036849,1.0,A,True
75,A,Anaphylaxis,3113,0.034,0.0335,0.03343466547946158,0.6350182359311426,A,True
75,A,Anaphylaxis,3113,0.024,0.024,0.02409842350651494,0.4152368286818413,A,True
75,A,Anaphylaxis,3113,0.017,0.0172,0.017198954004054696,0.252346250408634,A,True
75,A,Anaphylaxis,3113,0.012,0.0123,0.012314736896144336,0.14676166822967573,A,True
75,A,Anaphylaxis,3113,0.009,0.0088,0.008944351522569897,0.10175816115137408,A,True
75,A,Anaphylaxis,3113,0.007,0.007,0.007044064010045666,0.07703645231205218,A,True
76,B,Myasthenia gravis,2930,natural,,0.03366515991659028,1.0,B,True
76,B,Myasthenia gravis,2930,0.034,0.0335,0.033403782055274465,0.9125131940702098,B,True
76,B,Myasthenia gravis,2930,0.024,0.024,0.0239881367533109,0.5287671938398073,B,True
76,B,Myasthenia gravis,2930,0.017,0.0172,0.01723494705071003,0.2943032645387104,B,True
76,B,Myasthenia gravis,2930,0.012,0.0123,0.01220890706031241,0.15676187515876994,B,True
76,B,Myasthenia gravis,2930,0.009,0.0088,0.00877870130727636,0.0931963356615203,B,True
76,B,Myasthenia gravis,2930,0.007,0.007,0.0068480546069583734,0.07372436960092195,B,True
77,D,Pericarditis,2930,natural,,0.041591325188811624,1.0,D,True
77,D,Pericarditis,2930,0.034,0.0335,0.03345784738068639,0.6933565308901157,D,True
77,D,Pericarditis,2930,0.024,0.024,0.02396322488799096,0.44679113078950283,B,False
77,D,Pericarditis,2930,0.017,0.0172,0.017192581567582542,0.2755289704553164,B,False
77,D,Pericarditis,2930,0.012,0.0123,0.012187459561733106,0.18016770137959345,B,False
77,D,Pericarditis,2930,0.009,0.0088,0.008736698192355575,0.12492045240700124,B,False
77,D,Pericarditis,2930,0.007,0.007,0.006910679088305066,0.09050558205614526,B,False
78,B,Acute dystonic reactions,3113,natural,,0.037114710831680005,1.0,B,True
78,B,Acute dystonic reactions,3113,0.034,0.0335,0.0333139205144516,0.8027382667004205,B,True
78,B,Acute dystonic reactions,3113,0.024,0.024,0.02407866719799129,0.48250704097030434,B,True
78,B,Acute dystonic reactions,3113,0.017,0.0172,0.017328910175122444,0.2943032645387104,B,True
78,B,Acute dystonic reactions,3113,0.012,0.0123,0.012185067378414334,0.16744348711569607,B,True
78,B,Acute dystonic reactions,3113,0.009,0.0088,0.008968390218605965,0.10478345674943497,B,True
78,B,Acute dystonic reactions,3113,0.007,0.007,0.007231739175497788,0.0759162135601666,B,True
79,B,SLE,3093,natural,,0.04687900677553255,1.0,B,True
79,B,SLE,3093,0.034,0.0335,0.03346454764082321,0.5731311960714808,B,True
79,B,SLE,3093,0.024,0.024,0.023938821263671545,0.3802992352356941,B,True
79,B,SLE,3093,0.017,0.0172,0.017013332756311096,0.2675739305347498,D,False
79,B,SLE,3093,0.012,0.0123,0.012241710000731631,0.17754776192410024,D,False
79,B,SLE,3093,0.009,0.0088,0.008709447867352938,0.13245870069633822,D,False
79,B,SLE,3093,0.007,0.007,0.0069238547708503255,0.10175816115137408,D,False
80,E,Pulmonary embolism,3009,natural,,0.041105199314011645,1.0,E,True
80,E,Pulmonary embolism,3009,0.034,0.0335,0.03356862141502626,0.67580838103767,E,True
80,E,Pulmonary embolism,3009,0.024,0.024,0.024059518797019112,0.43389142998594615,E,True
80,E,Pulmonary embolism,3009,0.017,0.0172,0.01718875421810834,0.2675739305347498,E,True
80,E,Pulmonary embolism,3009,0.012,0.0123,0.012292347993618863,0.16500857899897703,E,True
80,E,Pulmonary embolism,3009,0.009,0.0088,0.008811665182465215,0.1111065503531848,E,True
80,E,Pulmonary embolism,3009,0.007,0.007,0.006951661230575614,0.08049733103113403,E,True
81,B,URTI,3111,natural,,0.037819540639725736,1.0,B,True
81,B,URTI,3111,0.034,0.0335,0.03348820198333392,0.7968803146841705,B,True
81,B,URTI,3111,0.024,0.024,0.024062019845867737,0.509753438034524,B,True
81,B,URTI,3111,0.017,0.0172,0.017263268088545444,0.30978554847668166,B,True
81,B,URTI,3111,0.012,0.0123,0.012368487675045278,0.19962231455216262,B,True
81,B,URTI,3111,0.009,0.0088,0.008833028869797336,0.12492045240700124,B,True
81,B,URTI,3111,0.007,0.007,0.006964554266408405,0.08049733103113403,B,True
82,A,Sarcoidosis,3071,natural,,0.04442805383371416,1.0,E,False
82,A,Sarcoidosis,3071,0.034,0.0335,0.03356489081555737,0.6733380229513618,E,False
82,A,Sarcoidosis,3071,0.024,0.024,0.024005363889360833,0.47029527763847684,E,False
82,A,Sarcoidosis,3071,0.017,0.0172,0.01717688017803878,0.32370272898051844,E,False
82,A,Sarcoidosis,3071,0.012,0.0123,0.01237560103197786,0.20555713592330557,E,False
82,A,Sarcoidosis,3071,0.009,0.0088,0.008844917253195417,0.1363967310184996,E,False
82,A,Sarcoidosis,3071,0.007,0.007,0.007073039314700318,0.10789869514276741,E,False
83,E,Tuberculosis,2823,natural,,0.03477102929724119,1.0,E,True
83,E,Tuberculosis,2823,0.034,0.0335,0.03356170757471028,0.8764847815685415,E,True
83,E,Tuberculosis,2823,0.024,0.024,0.0241222629101634,0.5464852034343953,E,True
83,E,Tuberculosis,2823,0.017,0.0172,0.017174462671561263,0.31899555036296995,E,True
83,E,Tuberculosis,2823,0.012,0.0123,0.012318070699829885,0.1882617730152492,C,False
83,E,Tuberculosis,2823,0.009,0.0088,0.008711389889944748,0.12310390027499832,C,False
83,E,Tuberculosis,2823,0.007,0.007,0.006928082545718207,0.08535489323371559,C,False
84,B,Inguinal hernia,3203,natural,,0.04506008764302335,1.0,B,True
84,B,Inguinal hernia,3203,0.034,0.0335,0.033604748652533975,0.5710361654023484,B,True
84,B,Inguinal hernia,3203,0.024,0.024,0.02409523410696807,0.31435682198866555,B,True
84,B,Inguinal hernia,3203,0.017,0.0172,0.017336973784150413,0.18282630132100924,B,True
84,B,Inguinal hernia,3203,0.012,0.0123,0.012202497819293875,0.11781120717275206,B,True
84,B,Inguinal hernia,3203,0.009,0.0088,0.009094931658771887,0.07932676531921418,B,True
84,B,Inguinal hernia,3203,0.007,0.007,0.0070001638574409344,0.061840108201726356,B,True
85,C,PSVT,2937,natural,,0.040132942352124217,1.0,C,True
85,C,PSVT,2937,0.034,0.0335,0.033523910600626664,0.7139701940799238,C,True
85,C,PSVT,2937,0.024,0.024,0.02399822893877309,0.4533840931520487,C,True
85,C,PSVT,2937,0.017,0.0172,0.017218615747823136,0.2921555976422762,C,True
85,C,PSVT,2937,0.012,0.0123,0.012293611643838354,0.1699143253493389,A,False
85,C,PSVT,2937,0.009,0.0088,0.008807187756049974,0.11781120717275206,A,False
85,C,PSVT,2937,0.007,0.007,0.006905459884538279,0.06952870257335038,C,True
86,E,Chagas,2993,natural,,0.041993316006594734,1.0,A,False
86,E,Chagas,2993,0.034,0.0335,0.03338326833485408,0.6515072222707989,A,False
86,E,Chagas,2993,0.024,0.024,0.023948397619109985,0.3973842578530246,A,False
86,E,Chagas,2993,0.017,0.0172,0.017264108201025898,0.23452447805818624,A,False
86,E,Chagas,2993,0.012,0.0123,0.012248331586472117,0.14892732033918138,A,False
86,E,Chagas,2993,0.009,0.0088,0.008782540982076342,0.10175816115137408,A,False
86,E,Chagas,2993,0.007,0.007,0.006936960763660329,0.07481226495175938,A,False
87,C,Anemia,3003,natural,,0.03876816543362922,1.0,C,True
87,C,Anemia,3003,0.034,0.0335,0.03346270618217443,0.7668201963387953,C,True
87,C,Anemia,3003,0.024,0.024,0.02391489389164052,0.509753438034524,C,True
87,C,Anemia,3003,0.017,0.0172,0.01726892455708858,0.31435682198866555,C,True
87,C,Anemia,3003,0.012,0.0123,0.012283317194596993,0.1882617730152492,E,False
87,C,Anemia,3003,0.009,0.0088,0.008564083095813167,0.13245870069633822,E,False
87,C,Anemia,3003,0.007,0.007,0.007043371848699849,0.09596708604499847,E,False
88,B,Acute dystonic reactions,3035,natural,,0.032665956113612275,1.0,B,True
88,B,Acute dystonic reactions,3035,0.024,0.024,0.02405870027483393,0.6077164475263447,B,True
88,B,Acute dystonic reactions,3035,0.017,0.0172,0.017205934458114004,0.3802992352356941,B,True
88,B,Acute dystonic reactions,3035,0.012,0.0123,0.0124616629511886,0.1363967310184996,B,True
88,B,Acute dystonic reactions,3035,0.009,0.0088,0.008787640685172383,0.09050558205614526,B,True
88,B,Acute dystonic reactions,3035,0.007,0.007,0.007172966014751993,0.0675212780775444,A,False
89,A,Anaphylaxis,3178,natural,,0.04534921787146421,1.0,A,True
89,A,Anaphylaxis,3178,0.034,0.0335,0.03351007797575444,0.6257840096045911,A,True
89,A,Anaphylaxis,3178,0.024,0.024,0.024049777590161782,0.3944843613225097,A,True
89,A,Anaphylaxis,3178,0.017,0.0172,0.017220154706715146,0.25606993518351717,A,True
89,A,Anaphylaxis,3178,0.012,0.0123,0.012243856248154062,0.15335496684492847,A,True
89,A,Anaphylaxis,3178,0.009,0.0088,0.008775266628364642,0.08661441151814218,A,True
89,A,Anaphylaxis,3178,0.007,0.007,0.007029474771421302,0.06952870257335038,B,False
90,D,Anemia,3110,natural,,0.042206803541259184,1.0,D,True
90,D,Anemia,3110,0.034,0.0335,0.03351377865987697,0.6684243642997335,D,True
90,D,Anemia,3110,0.024,0.024,0.024020019108463155,0.427581923519937,D,True
90,D,Anemia,3110,0.017,0.0172,0.017261378189525087,0.2675739305347498,D,True
90,D,Anemia,3110,0.012,0.0123,0.012321524830819084,0.16500857899897703,D,True
90,D,Anemia,3110,0.009,0.0088,0.008829236556701195,0.10175816115137408,D,True
90,D,Anemia,3110,0.007,0.007,0.007103828123959224,0.05500173080846468,A,False
91,D,URTI,3047,natural,,0.03691134523318839,1.0,D,True
91,D,URTI,3047,0.034,0.0335,0.03352506075963159,0.820571765875089,D,True
91,D,URTI,3047,0.024,0.024,0.023957347493313012,0.5405141974474641,D,True
91,D,URTI,3047,0.017,0.0172,0.017158734185016875,0.33824514172688175,D,True
91,D,URTI,3047,0.012,0.0123,0.012271057421683131,0.20555713592330557,D,True
91,D,URTI,3047,0.009,0.0088,0.008768140929562598,0.1286343687209221,C,False
91,D,URTI,3047,0.007,0.007,0.006945348716674468,0.09457156424373914,C,False
92,B,Pneumonia,3287,natural,,0.053974296071701074,1.0,B,True
92,B,Pneumonia,3287,0.034,0.0335,0.03356162201015996,0.427581923519937,B,True
92,B,Pneumonia,3287,0.024,0.024,0.02392991071462288,0.2636829584431849,B,True
92,B,Pneumonia,3287,0.017,0.0172,0.017326944359177122,0.17242162389375282,A,False
92,B,Pneumonia,3287,0.012,0.0123,0.012293150224931517,0.10789869514276741,A,False
92,B,Pneumonia,3287,0.009,0.0088,0.008667017845633456,0.07481226495175938,B,True
92,B,Pneumonia,3287,0.007,0.007,0.006939270703776306,0.05832077661072152,B,True
93,A,Pulmonary neoplasm,2948,natural,,0.036376010904337334,1.0,A,True
93,A,Pulmonary neoplasm,2948,0.034,0.0335,0.03345527731757721,0.8357352861715399,A,True
93,A,Pulmonary neoplasm,2948,0.024,0.024,0.023901751530760917,0.5249085353233612,A,True
93,A,Pulmonary neoplasm,2948,0.017,0.0172,0.017071598023322188,0.30978554847668166,A,True
93,A,Pulmonary neoplasm,2948,0.012,0.0123,0.012385941312404392,0.19962231455216262,A,True
93,A,Pulmonary neoplasm,2948,0.009,0.0088,0.008897880046574675,0.12492045240700124,A,True
93,A,Pulmonary neoplasm,2948,0.007,0.007,0.006932667956439999,0.08168516990527609,C,False
94,E,Panic attack,3289,natural,,0.03578452617013766,1.0,E,True
94,E,Panic attack,3289,0.034,0.0335,0.03349836135517344,0.8574361239388911,E,True
94,E,Panic attack,3289,0.024,0.024,0.023926783316379617,0.556583819812148,E,True
94,E,Panic attack,3289,0.017,0.0172,0.017293628734105403,0.35865633790708634,E,True
94,E,Panic attack,3289,0.012,0.0123,0.012249782471638325,0.22117764816905203,E,True
94,E,Panic attack,3289,0.009,0.0088,0.008809044753396335,0.13441329461752805,E,True
94,E,Panic attack,3289,0.007,0.007,0.006954412833189707,0.10478345674943497,E,True
95,E,Viral pharyngitis,2996,natural,,0.036838993500702265,1.0,E,True
95,E,Viral pharyngitis,2996,0.034,0.0335,0.033492950594089646,0.820571765875089,E,True
95,E,Viral pharyngitis,2996,0.024,0.024,0.024055881046674287,0.5023407711988287,E,True
95,E,Viral pharyngitis,2996,0.017,0.0172,0.01716855969151183,0.27959474528122435,E,True
95,E,Viral pharyngitis,2996,0.012,0.0123,0.012228193032768925,0.14892732033918138,B,False
95,E,Viral pharyngitis,2996,0.009,0.0088,0.008708688603387981,0.10632966780636831,B,False
95,E,Viral pharyngitis,2996,0.007,0.007,0.006972525049199675,0.08289053682876897,B,False
96,C,Acute rhinosinusitis,3104,natural,,0.03538313037235441,1.0,C,True
96,C,Acute rhinosinusitis,3104,0.034,0.0335,0.033541219987573444,0.8764847815685415,C,True
96,C,Acute rhinosinusitis,3104,0.024,0.024,0.02403100728235913,0.5901705299683179,C,True
96,C,Acute rhinosinusitis,3104,0.017,0.0172,0.017125416203663094,0.391605626676799,C,True
96,C,Acute rhinosinusitis,3104,0.012,0.0123,0.012229480716592368,0.2675739305347498,C,True
96,C,Acute rhinosinusitis,3104,0.009,0.0088,0.008730909656218405,0.17116338364131642,A,False
96,C,Acute rhinosinusitis,3104,0.007,0.007,0.006766272833960683,0.13245870069633822,A,False
97,D,Bronchitis,3062,natural,,0.034717260333960234,1.0,A,False
97,D,Bronchitis,3062,0.034,0.0335,0.03355367787157315,0.8926815303814516,A,False
97,D,Bronchitis,3062,0.024,0.024,0.023958245367049776,0.5901705299683179,A,False
97,D,Bronchitis,3062,0.017,0.0172,0.017262839668435,0.3802992352356941,A,False
97,D,Bronchitis,3062,0.012,0.0123,0.012265859092635317,0.2486767142330105,A,False
97,D,Bronchitis,3062,0.009,0.0088,0.00884277991611799,0.1626090785152391,A,False
97,D,Bronchitis,3062,0.007,0.007,0.00706812088583711,0.1286343687209221,A,False
98,C,Pericarditis,2940,natural,,0.03313654475182753,1.0,E,False
98,C,Pericarditis,2940,0.024,0.024,0.024042893264961205,0.6166840643601017,E,False
98,C,Pericarditis,2940,0.017,0.0172,0.01724496509810326,0.4032481599651003,E,False
98,C,Pericarditis,2940,0.012,0.0123,0.01219777392068214,0.23798518027535226,A,False
98,C,Pericarditis,2940,0.009,0.0088,0.00888389667638536,0.15335496684492847,A,False
98,C,Pericarditis,2940,0.007,0.007,0.00703107247669787,0.11440977590183832,A,False
99,A,Panic attack,3159,natural,,0.035934895256831044,1.0,A,True
99,A,Panic attack,3159,0.034,0.0335,0.033598438198018644,0.8574361239388911,A,True
99,A,Panic attack,3159,0.024,0.024,0.023881429982016034,0.568948792933528,A,True
99,A,Panic attack,3159,0.017,0.0172,0.017059111121696568,0.3859110264545202,A,True
99,A,Panic attack,3159,0.012,0.0123,0.012351014920966632,0.252346250408634,A,True
99,A,Panic attack,3159,0.009,0.0088,0.008862304124304813,0.17242162389375282,A,True
99,A,Panic attack,3159,0.007,0.007,0.006884920044453649,0.12676381003940596,A,True
100,A,Epiglottitis,3165,natural,,0.03855221458556678,1.0,A,True
100,A,Epiglottitis,3165,0.034,0.0335,0.03348207289369846,0.791065110850296,A,True
100,A,Epiglottitis,3165,0.024,0.024,0.02407203101730441,0.5210780352209016,A,True
100,A,Epiglottitis,3165,0.017,0.0172,0.017119192317174185,0.32847936791032617,A,True
100,A,Epiglottitis,3165,0.012,0.0123,0.012346169423338316,0.20555713592330557,A,True
100,A,Epiglottitis,3165,0.009,0.0088,0.008807631930461583,0.1286343687209221,A,True
100,A,Epiglottitis,3165,0.007,0.007,0.007098792323668093,0.09050558205614526,B,False
101,B,Atrial fibrillation,3105,natural,,0.037967812118253896,1.0,B,True
101,B,Atrial fibrillation,3105,0.034,0.0335,0.033417410315036464,0.7682255723212538,B,True
101,B,Atrial fibrillation,3105,0.024,0.024,0.023922337507497202,0.4950358969261986,B,True
101,B,Atrial fibrillation,3105,0.017,0.0172,0.01720957831535125,0.30528074892059653,B,True
101,B,Atrial fibrillation,3105,0.012,0.0123,0.012326062106226221,0.17242162389375282,B,True
101,B,Atrial fibrillation,3105,0.009,0.0088,0.008835691993758206,0.08535489323371559,B,True
101,B,Atrial fibrillation,3105,0.007,0.007,0.006864778756509113,0.0675212780775444,A,False
102,B,Unstable angina,3047,natural,,0.03561887922248983,1.0,D,False
102,B,Unstable angina,3047,0.034,0.0335,0.03341125628896645,0.8653222307571382,D,False
102,B,Unstable angina,3047,0.024,0.024,0.023995599687753777,0.5815884642312653,D,False
102,B,Unstable angina,3047,0.017,0.0172,0.01723975375330828,0.3859110264545202,D,False
102,B,Unstable angina,3047,0.012,0.0123,0.0123779950183529,0.252346250408634,D,False
102,B,Unstable angina,3047,0.009,0.0088,0.008803144728574446,0.15791424838939916,D,False
102,B,Unstable angina,3047,0.007,0.007,0.0069055743098465835,0.12492045240700124,D,False
103,C,URTI,2916,natural,,0.03897865335956483,1.0,C,True
103,C,URTI,2916,0.034,0.0335,0.03329999790665232,0.7446806541204531,C,True
103,C,URTI,2916,0.024,0.024,0.024046626912543462,0.4950358969261986,C,True
103,C,URTI,2916,0.017,0.0172,0.017159693470986278,0.31435682198866555,C,True
103,C,URTI,2916,0.012,0.0123,0.01222653046387494,0.19385884264329528,C,True
103,C,URTI,2916,0.009,0.0088,0.008805577076324778,0.13053252983707558,C,True
103,C,URTI,2916,0.007,0.007,0.006920809099594388,0.09596708604499847,C,True
104,C,Pulmonary embolism,3252,natural,,0.04156043552975998,1.0,C,True
104,C,Pulmonary embolism,3252,0.034,0.0335,0.03346081884343691,0.7087600237025425,C,True
104,C,Pulmonary embolism,3252,0.024,0.024,0.023987945823533398,0.4533840931520487,C,True
104,C,Pulmonary embolism,3252,0.017,0.0172,0.017122548137086944,0.2755289704553164,C,True
104,C,Pulmonary embolism,3252,0.012,0.0123,0.012308013433027246,0.16024447077832912,C,True
104,C,Pulmonary embolism,3252,0.009,0.0088,0.008934068943120833,0.11440977590183832,C,True
104,C,Pulmonary embolism,3252,0.007,0.007,0.007074330432102392,0.08789251557133614,C,True
105,C,Chronic rhinosinusitis,2968,natural,,0.03706714320431631,1.0,A,False
105,C,Chronic rhinosinusitis,2968,0.034,0.0335,0.03355542911768303,0.8266038762708526,A,False
105,C,Chronic rhinosinusitis,2968,0.024,0.024,0.023836685448781675,0.5365698156182984,A,False
105,C,Chronic rhinosinusitis,2968,0.017,0.0172,0.017117446117388625,0.34830125444308524,A,False
105,C,Chronic rhinosinusitis,2968,0.012,0.0123,0.012269761703591675,0.22444140120559558,A,False
105,C,Chronic rhinosinusitis,2968,0.009,0.0088,0.00886991976925528,0.13441329461752805,A,False
105,C,Chronic rhinosinusitis,2968,0.007,0.007,0.006947641901570224,0.10789869514276741,A,False
106,E,Anaphylaxis,3299,natural,,0.037682074745317644,1.0,A,False
106,E,Anaphylaxis,3299,0.034,0.0335,0.03356525538086881,0.8027382667004205,A,False
106,E,Anaphylaxis,3299,0.024,0.024,0.02405891835365296,0.504183770619497,A,False
106,E,Anaphylaxis,3299,0.017,0.0172,0.017266534411525803,0.31899555036296995,A,False
106,E,Anaphylaxis,3299,0.012,0.0123,0.012223684626446407,0.18282630132100924,A,False
106,E,Anaphylaxis,3299,0.009,0.0088,0.008762805501748357,0.13245870069633822,A,False
106,E,Anaphylaxis,3299,0.007,0.007,0.006923630721469979,0.09596708604499847,A,False
107,A,Myocarditis,3051,natural,,0.03963743175746124,1.0,D,False
107,A,Myocarditis,3051,0.034,0.0335,0.03359356557230348,0.7192186649743397,D,False
107,A,Myocarditis,3051,0.024,0.024,0.023988148759986783,0.44679113078950283,B,False
107,A,Myocarditis,3051,0.017,0.0172,0.0172931109009252,0.2775544132454971,B,False
107,A,Myocarditis,3051,0.012,0.0123,0.012283979269693416,0.1626090785152391,B,False
107,A,Myocarditis,3051,0.009,0.0088,0.008812405105367781,0.11440977590183832,B,False
107,A,Myocarditis,3051,0.007,0.007,0.0069511522940234214,0.08535489323371559,B,False
108,B,Anemia,2974,natural,,0.04670973426887115,1.0,B,True
108,B,Anemia,2974,0.034,0.0335,0.03358401120243029,0.5815884642312653,B,True
108,B,Anemia,2974,0.024,0.024,0.023900415879989093,0.35603905690163534,B,True
108,B,Anemia,2974,0.017,0.0172,0.01717868021453811,0.22280354860374255,B,True
108,B,Anemia,2974,0.012,0.0123,0.012329743875288273,0.13441329461752805,B,True
108,B,Anemia,2974,0.009,0.0088,0.008709962126898068,0.08049733103113403,B,True
108,B,Anemia,2974,0.007,0.007,0.006930853458923769,0.05341372732716633,B,True
109,D,Bronchospasm / acute asthma exacerbation,2974,natural,,0.0320842644263437,1.0,D,True
109,D,Bronchospasm / acute asthma exacerbation,2974,0.024,0.024,0.023981734856874357,0.6443887248251953,D,True
109,D,Bronchospasm / acute asthma exacerbation,2974,0.017,0.0172,0.017178717867029965,0.427581923519937,D,True
109,D,Bronchospasm / acute asthma exacerbation,2974,0.012,0.0123,0.01233288825888711,0.2755289704553164,D,True
109,D,Bronchospasm / acute asthma exacerbation,2974,0.009,0.0088,0.008886483492193684,0.17242162389375282,D,True
109,D,Bronchospasm / acute asthma exacerbation,2974,0.007,0.007,0.007225583087729676,0.1363967310184996,D,True
110,D,SLE,2984,natural,,0.051743593565262806,1.0,E,False
110,D,SLE,2984,0.034,0.0335,0.033501676142672666,0.5023407711988287,A,False
110,D,SLE,2984,0.024,0.024,0.024159169847092172,0.34323637215882596,A,False
110,D,SLE,2984,0.017,0.0172,0.017166047778085888,0.22280354860374255,A,False
110,D,SLE,2984,0.012,0.0123,0.012277385517659573,0.14045183996771032,A,False
110,D,SLE,2984,0.009,0.0088,0.00868933995107363,0.09596708604499847,A,False
110,D,SLE,2984,0.007,0.007,0.006904588298210212,0.07265229406646272,A,False
111,B,Influenza,3074,natural,,0.04314896100892625,1.0,A,False
111,B,Influenza,3074,0.034,0.0335,0.033420801388937806,0.6257840096045911,A,False
111,B,Influenza,3074,0.024,0.024,0.02396625787526743,0.3973842578530246,A,False
111,B,Influenza,3074,0.017,0.0172,0.01724769460899239,0.23973463466761458,A,False
111,B,Influenza,3074,0.012,0.0123,0.012218662393496112,0.1363967310184996,A,False
111,B,Influenza,3074,0.009,0.0088,0.008750231545060903,0.08535489323371559,A,False
111,B,Influenza,3074,0.007,0.007,0.006959045806169114,0.0675212780775444,A,False
112,B,Guillain-Barré syndrome,3014,natural,,0.03448078024083754,1.0,B,True
112,B,Guillain-Barré syndrome,3014,0.034,0.0335,0.0334237379121808,0.9025428934825543,B,True
112,B,Guillain-Barré syndrome,3014,0.024,0.024,0.02383191997256934,0.5405141974474641,B,True
112,B,Guillain-Barré syndrome,3014,0.017,0.0172,0.01712082194263758,0.3333264921262407,B,True
112,B,Guillain-Barré syndrome,3014,0.012,0.0123,0.012406710913429249,0.20555713592330557,A,False
112,B,Guillain-Barré syndrome,3014,0.009,0.0088,0.008705407773082159,0.13245870069633822,A,False
112,B,Guillain-Barré syndrome,3014,0.007,0.007,0.0069102609804169,0.09184110520102522,A,False
113,B,Acute pulmonary edema,3089,natural,,0.03725318232781181,1.0,A,False
113,B,Acute pulmonary edema,3089,0.034,0.0335,0.033534837671505516,0.8266038762708526,A,False
113,B,Acute pulmonary edema,3089,0.024,0.024,0.024084216630664266,0.5287671938398073,A,False
113,B,Acute pulmonary edema,3089,0.017,0.0172,0.01703107410635114,0.3333264921262407,A,False
113,B,Acute pulmonary edema,3089,0.012,0.0123,0.012212225934780354,0.20555713592330557,A,False
113,B,Acute pulmonary edema,3089,0.009,0.0088,0.008843932112478883,0.13245870069633822,A,False
113,B,Acute pulmonary edema,3089,0.007,0.007,0.006926217544093022,0.10175816115137408,A,False
114,D,Guillain-Barré syndrome,3022,natural,,0.03362047410853179,1.0,D,True
114,D,Guillain-Barré syndrome,3022,0.034,0.0335,0.03345030801924583,0.9158610435469906,D,True
114,D,Guillain-Barré syndrome,3022,0.024,0.024,0.02395649022061528,0.568948792933528,D,True
114,D,Guillain-Barré syndrome,3022,0.017,0.0172,0.017256221250012495,0.33824514172688175,D,True
114,D,Guillain-Barré syndrome,3022,0.012,0.0123,0.012353066664348397,0.14892732033918138,A,False
114,D,Guillain-Barré syndrome,3022,0.009,0.0088,0.008726617891190466,0.09596708604499847,A,False
114,D,Guillain-Barré syndrome,3022,0.007,0.007,0.0069815208123348346,0.07372436960092195,A,False
115,D,Viral pharyngitis,3037,natural,,0.0404851742717728,1.0,B,False
115,D,Viral pharyngitis,3037,0.034,0.0335,0.03340048386118296,0.67580838103767,B,False
115,D,Viral pharyngitis,3037,0.024,0.024,0.024088930418580064,0.3973842578530246,B,False
115,D,Viral pharyngitis,3037,0.017,0.0172,0.017308600510255612,0.23798518027535226,B,False
115,D,Viral pharyngitis,3037,0.012,0.0123,0.012254027173949387,0.14045183996771032,B,False
115,D,Viral pharyngitis,3037,0.009,0.0088,0.008841059437710025,0.0759162135601666,B,False
115,D,Viral pharyngitis,3037,0.007,0.007,0.007091076848431953,0.05500173080846468,B,False
116,A,Unstable angina,3140,natural,,0.03623398492288369,1.0,C,False
116,A,Unstable angina,3140,0.034,0.0335,0.03347492686078974,0.8511790163866635,C,False
116,A,Unstable angina,3140,0.024,0.024,0.023938494309585324,0.568948792933528,C,False
116,A,Unstable angina,3140,0.017,0.0172,0.017123677110672496,0.3720341859374524,C,False
116,A,Unstable angina,3140,0.012,0.0123,0.012325025918932878,0.23973463466761458,C,False
116,A,Unstable angina,3140,0.009,0.0088,0.008771422077050688,0.14892732033918138,C,False
116,A,Unstable angina,3140,0.007,0.007,0.006999117230044811,0.11954965899341273,C,False
117,C,URTI,3076,natural,,0.038055211825916965,1.0,C,True
117,C,URTI,3076,0.034,0.0335,0.03347141344065004,0.7795617021931905,C,True
117,C,URTI,3076,0.024,0.024,0.024016223097023885,0.513500689817633,C,True
117,C,URTI,3076,0.017,0.0172,0.0172076113030421,0.32370272898051844,C,True
117,C,URTI,3076,0.012,0.0123,0.01226224054628011,0.18282630132100924,C,True
117,C,URTI,3076,0.009,0.0088,0.008708492926756056,0.10789869514276741,C,True
117,C,URTI,3076,0.007,0.007,0.0069882983904894,0.07372436960092195,C,True
118,B,Epiglottitis,3010,natural,,0.03653687141362089,1.0,B,True
118,B,Epiglottitis,3010,0.034,0.0335,0.03341439140007007,0.8388014510869826,B,True
118,B,Epiglottitis,3010,0.024,0.024,0.023993451947737467,0.5627323453014353,B,True
118,B,Epiglottitis,3010,0.017,0.0172,0.0171230383619841,0.3639487610864175,B,True
118,B,Epiglottitis,3010,0.012,0.0123,0.012235222933368695,0.23798518027535226,B,True
118,B,Epiglottitis,3010,0.009,0.0088,0.008760178981705674,0.14892732033918138,B,True
118,B,Epiglottitis,3010,0.007,0.007,0.006992720899299309,0.11781120717275206,B,True
119,D,Boerhaave,3024,natural,,0.03653466927548824,1.0,E,False
119,D,Boerhaave,3024,0.034,0.0335,0.03352503646176698,0.8145836745758614,E,False
119,D,Boerhaave,3024,0.024,0.024,0.024088763680726013,0.48074327892797597,E,False
119,D,Boerhaave,3024,0.017,0.0172,0.01731311449994718,0.2837205157036305,E,False
119,D,Boerhaave,3024,0.012,0.0123,0.012154451789749934,0.17242162389375282,E,False
119,D,Boerhaave,3024,0.009,0.0088,0.008667378649496503,0.13245870069633822,E,False
119,D,Boerhaave,3024,0.007,0.007,0.006943618971168196,0.09596708604499847,E,False
120,D,GERD,2961,natural,,0.03852548182277445,1.0,D,True
120,D,GERD,2961,0.034,0.0335,0.033416057711046006,0.7626194753815728,D,True
120,D,GERD,2961,0.024,0.024,0.023880272755607907,0.5023407711988287,D,True
120,D,GERD,2961,0.017,0.0172,0.017265578034031902,0.31899555036296995,D,True
120,D,GERD,2961,0.012,0.0123,0.012208912121788066,0.20555713592330557,D,True
120,D,GERD,2961,0.009,0.0088,0.009089099228659093,0.13441329461752805,D,True
120,D,GERD,2961,0.007,0.007,0.006966553984510661,0.10175816115137408,D,True
121,E,URTI,2970,natural,,0.034831587981490574,1.0,E,True
121,E,URTI,2970,0.034,0.0335,0.033589367875707744,0.8829279144942641,E,True
121,E,URTI,2970,0.024,0.024,0.02404233587957589,0.568948792933528,E,True
121,E,URTI,2970,0.017,0.0172,0.01723650933709246,0.35865633790708634,E,True
121,E,URTI,2970,0.012,0.0123,0.012348640151661188,0.21796135555570278,B,False
121,E,URTI,2970,0.009,0.0088,0.009067315882361147,0.13441329461752805,E,True
121,E,URTI,2970,0.007,0.007,0.006990628462068827,0.10175816115137408,E,True
122,B,Anaphylaxis,3195,natural,,0.04720908096036376,1.0,B,True
122,B,Anaphylaxis,3195,0.034,0.0335,0.033594428892849595,0.5647969107236422,B,True
122,B,Anaphylaxis,3195,0.024,0.024,0.024060988949541843,0.32847936791032617,B,True
122,B,Anaphylaxis,3195,0.017,0.0172,0.01722391299880625,0.19962231455216262,B,True
122,B,Anaphylaxis,3195,0.012,0.0123,0.0122831323563243,0.12310390027499832,B,True
122,B,Anaphylaxis,3195,0.009,0.0088,0.00875565594385312,0.07159580830181511,B,True
122,B,Anaphylaxis,3195,0.007,0.007,0.007184456447788181,0.05832077661072152,B,True
123,C,Pulmonary embolism,3112,natural,,0.03892465681804722,1.0,A,False
123,C,Pulmonary embolism,3112,0.034,0.0335,0.033378927127108805,0.7460454542533906,A,False
123,C,Pulmonary embolism,3112,0.024,0.024,0.024012345801948477,0.4986749584980285,A,False
123,C,Pulmonary embolism,3112,0.017,0.0172,0.017172535294100177,0.30528074892059653,A,False
123,C,Pulmonary embolism,3112,0.012,0.0123,0.012371602563961004,0.19385884264329528,A,False
123,C,Pulmonary embolism,3112,0.009,0.0088,0.008740240369022,0.13245870069633822,A,False
123,C,Pulmonary embolism,3112,0.007,0.007,0.007073090363325681,0.09596708604499847,A,False
124,C,PSVT,3000,natural,,0.04048863167898239,1.0,C,True
124,C,PSVT,3000,0.034,0.0335,0.033470031915449214,0.7087600237025425,C,True
124,C,PSVT,3000,0.024,0.024,0.02414916200601688,0.42915064595402264,C,True
124,C,PSVT,3000,0.017,0.0172,0.017162967187184963,0.23111410023442172,C,True
124,C,PSVT,3000,0.012,0.0123,0.012303286539170982,0.09738320051714533,B,False
124,C,PSVT,3000,0.009,0.0088,0.008977928278780462,0.05581335018966035,B,False
124,C,PSVT,3000,0.007,0.007,0.007052968047297377,0.04750715251567949,B,False
125,D,Viral pharyngitis,2981,natural,,0.03946987975267508,1.0,A,False
125,D,Viral pharyngitis,2981,0.034,0.0335,0.03356360425803775,0.7325092597491846,A,False
125,D,Viral pharyngitis,2981,0.024,0.024,0.02392327925378971,0.440294041117178,A,False
125,D,Viral pharyngitis,2981,0.017,0.0172,0.017264120406185086,0.25984856758801733,A,False
125,D,Viral pharyngitis,2981,0.012,0.0123,0.012231582846141937,0.1363967310184996,A,False
125,D,Viral pharyngitis,2981,0.009,0.0088,0.008781450362438567,0.07481226495175938,A,False
125,D,Viral pharyngitis,2981,0.007,0.007,0.006942503593793743,0.056636946030691915,A,False
126,A,URTI,2965,natural,,0.03813721540418069,1.0,A,True
126,A,URTI,2965,0.034,0.0335,0.03340482584563786,0.7682255723212538,A,True
126,A,URTI,2965,0.024,0.024,0.023904941293916813,0.48074327892797597,A,True
126,A,URTI,2965,0.017,0.0172,0.017323859521280297,0.2986460775727325,A,True
126,A,URTI,2965,0.012,0.0123,0.012353699337472717,0.17885293442087116,A,True
126,A,URTI,2965,0.009,0.0088,0.00874548210195641,0.11440977590183832,A,True
126,A,URTI,2965,0.007,0.007,0.007075132574780328,0.08049733103113403,A,True
127,E,Stable angina,3035,natural,,0.0364762479757609,1.0,C,False
127,E,Stable angina,3035,0.034,0.0335,0.03358444933970918,0.8296365396588028,C,False
127,E,Stable angina,3035,0.024,0.024,0.02407987541756109,0.5210780352209016,C,False
127,E,Stable angina,3035,0.017,0.0172,0.01705177366558796,0.30084145667800716,C,False
127,E,Stable angina,3035,0.012,0.0123,0.012361356195683007,0.18282630132100924,C,False
127,E,Stable angina,3035,0.009,0.0088,0.00873471424727694,0.12310390027499832,C,False
127,E,Stable angina,3035,0.007,0.007,0.007045561456903911,0.0931963356615203,C,False
128,B,Acute pulmonary edema,3122,natural,,0.041559755676127345,1.0,D,False
128,B,Acute pulmonary edema,3122,0.034,0.0335,0.033455540759247324,0.7245057179369678,D,False
128,B,Acute pulmonary edema,3122,0.024,0.024,0.02398586347847004,0.509753438034524,D,False
128,B,Acute pulmonary edema,3122,0.017,0.0172,0.017309486432480058,0.34830125444308524,D,False
128,B,Acute pulmonary edema,3122,0.012,0.0123,0.01222400007534819,0.22117764816905203,D,False
128,B,Acute pulmonary edema,3122,0.009,0.0088,0.008786494965372165,0.14045183996771032,D,False
128,B,Acute pulmonary edema,3122,0.007,0.007,0.006961781491995074,0.11781120717275206,D,False
129,D,Anaphylaxis,3240,natural,,0.044412502136428944,1.0,D,True
129,D,Anaphylaxis,3240,0.034,0.0335,0.03341305445824521,0.6443887248251953,D,True
129,D,Anaphylaxis,3240,0.024,0.024,0.024041559419778397,0.43389142998594615,D,True
129,D,Anaphylaxis,3240,0.017,0.0172,0.017201864345037066,0.27959474528122435,D,True
129,D,Anaphylaxis,3240,0.012,0.0123,0.012201623055583699,0.1626090785152391,D,True
129,D,Anaphylaxis,3240,0.009,0.0088,0.008851076122493197,0.10789869514276741,A,False
129,D,Anaphylaxis,3240,0.007,0.007,0.007038525309187508,0.08289053682876897,A,False
130,A,SLE,3135,natural,,0.04914558549965836,1.0,A,True
130,A,SLE,3135,0.034,0.0335,0.03360060907531679,0.5773443445000919,A,True
130,A,SLE,3135,0.024,0.024,0.023921201222412203,0.35865633790708634,A,True
130,A,SLE,3135,0.017,0.0172,0.01704051404787743,0.21166840101912124,A,True
130,A,SLE,3135,0.012,0.0123,0.01217952046709186,0.13441329461752805,A,True
130,A,SLE,3135,0.009,0.0088,0.008812190718847255,0.09596708604499847,A,True
130,A,SLE,3135,0.007,0.007,0.007032215829540208,0.07372436960092195,A,True
131,A,SLE,3103,natural,,0.04353350227848959,1.0,A,True
131,A,SLE,3103,0.034,0.0335,0.03343328580798077,0.6538974870114864,A,True
131,A,SLE,3103,0.024,0.024,0.023989069320118468,0.427581923519937,A,True
131,A,SLE,3103,0.017,0.0172,0.017107282619050583,0.2675739305347498,B,False
131,A,SLE,3103,0.012,0.0123,0.012317021894536997,0.16744348711569607,B,False
131,A,SLE,3103,0.009,0.0088,0.008798382002328265,0.1213137638466268,B,False
131,A,SLE,3103,0.007,0.007,0.006902899800919904,0.09050558205614526,B,False
132,E,Influenza,3245,natural,,0.041146432159482785,1.0,A,False
132,E,Influenza,3245,0.034,0.0335,0.033484224534219044,0.7298316365886987,A,False
132,E,Influenza,3245,0.024,0.024,0.02397312613347417,0.48074327892797597,A,False
132,E,Influenza,3245,0.017,0.0172,0.016939833590030987,0.3075249002011693,A,False
132,E,Influenza,3245,0.012,0.0123,0.01220144075600226,0.19103981111462334,A,False
132,E,Influenza,3245,0.009,0.0088,0.008788805286725333,0.12492045240700124,A,False
132,E,Influenza,3245,0.007,0.007,0.007014712363268953,0.08535489323371559,A,False
133,E,Myocarditis,3168,natural,,0.03790953608902149,1.0,B,False
133,E,Myocarditis,3168,0.034,0.0335,0.0335026591720218,0.7460454542533906,B,False
133,E,Myocarditis,3168,0.024,0.024,0.02403987293537243,0.44353068948002217,B,False
133,E,Myocarditis,3168,0.017,0.0172,0.0171921336141107,0.25984856758801733,B,False
133,E,Myocarditis,3168,0.012,0.0123,0.01231500098014717,0.14569068052922882,B,False
133,E,Myocarditis,3168,0.009,0.0088,0.008892890418214184,0.10175816115137408,B,False
133,E,Myocarditis,3168,0.007,0.007,0.00700357007142493,0.07159580830181511,B,False
134,A,Myocarditis,2877,natural,,0.04093716918379934,1.0,C,False
134,A,Myocarditis,2877,0.034,0.0335,0.03341933866694072,0.683273968265999,C,False
134,A,Myocarditis,2877,0.024,0.024,0.024116035360476528,0.43072512375319705,C,False
134,A,Myocarditis,2877,0.017,0.0172,0.017269605901549204,0.25984856758801733,C,False
134,A,Myocarditis,2877,0.012,0.0123,0.012239536894936138,0.14892732033918138,C,False
134,A,Myocarditis,2877,0.009,0.0088,0.008770974758739817,0.08918947964957855,C,False
134,A,Myocarditis,2877,0.007,0.007,0.0070883892503789975,0.06557181170489068,C,False
135,E,Viral pharyngitis,2984,natural,,0.03446001005556574,1.0,E,True
135,E,Viral pharyngitis,2984,0.034,0.0335,0.03348310206370696,0.8894184115759556,E,True
135,E,Viral pharyngitis,2984,0.024,0.024,0.02393232112683335,0.548490160967366,E,True
135,E,Viral pharyngitis,2984,0.017,0.0172,0.017046910295927507,0.32608230219741813,C,False
135,E,Viral pharyngitis,2984,0.012,0.0123,0.012399867677537164,0.17242162389375282,B,False
135,E,Viral pharyngitis,2984,0.009,0.0088,0.00881618447143851,0.11609803534668281,B,False
135,E,Viral pharyngitis,2984,0.007,0.007,0.007087304862360207,0.09596708604499847,B,False
136,E,Acute dystonic reactions,2903,natural,,0.033996705861302816,1.0,E,True
136,E,Acute dystonic reactions,2903,0.034,0.0335,0.033398608196361076,0.9091775823626826,E,True
136,E,Acute dystonic reactions,2903,0.024,0.024,0.023923034058854854,0.583722209417999,E,True
136,E,Acute dystonic reactions,2903,0.017,0.0172,0.01714962203419571,0.3508616540390219,E,True
136,E,Acute dystonic reactions,2903,0.012,0.0123,0.012373757034287522,0.19385884264329528,B,False
136,E,Acute dystonic reactions,2903,0.009,0.0088,0.008754833899297348,0.10789869514276741,B,False
136,E,Acute dystonic reactions,2903,0.007,0.007,0.006948491745923045,0.0759162135601666,B,False
137,B,Pericarditis,2818,natural,,0.035229695956328765,1.0,E,False
137,B,Pericarditis,2818,0.034,0.0335,0.0334296884353043,0.8764847815685415,E,False
137,B,Pericarditis,2818,0.024,0.024,0.023929370540417376,0.5731311960714808,E,False
137,B,Pericarditis,2818,0.017,0.0172,0.017298307915655613,0.3802992352356941,E,False
137,B,Pericarditis,2818,0.012,0.0123,0.01227592486683687,0.23798518027535226,E,False
137,B,Pericarditis,2818,0.009,0.0088,0.008638974731578132,0.14252438266349113,E,False
137,B,Pericarditis,2818,0.007,0.007,0.006949807601998076,0.11440977590183832,E,False
138,B,Anemia,2946,natural,,0.048853575935484665,1.0,B,True
138,B,Anemia,2946,0.034,0.0335,0.033367671449641555,0.548490160967366,B,True
138,B,Anemia,2946,0.024,0.024,0.023927538427619247,0.3508616540390219,B,True
138,B,Anemia,2946,0.017,0.0172,0.017120149446120093,0.23452447805818624,B,True
138,B,Anemia,2946,0.012,0.0123,0.012373155990239495,0.1286343687209221,B,True
138,B,Anemia,2946,0.009,0.0088,0.008815378476414748,0.063678630095297,A,False
138,B,Anemia,2946,0.007,0.007,0.007080168051979517,0.05187157249498408,A,False
139,B,Acute pulmonary edema,3210,natural,,0.03749569207885818,1.0,A,False
139,B,Acute pulmonary edema,3210,0.034,0.0335,0.0334391422342172,0.8086392811454848,A,False
139,B,Acute pulmonary edema,3210,0.024,0.024,0.023921510978319654,0.5405141974474641,A,False
139,B,Acute pulmonary edema,3210,0.017,0.0172,0.017097708292600062,0.35344087540492714,A,False
139,B,Acute pulmonary edema,3210,0.012,0.0123,0.012299901031706155,0.22444140120559558,A,False
139,B,Acute pulmonary edema,3210,0.009,0.0088,0.008657397839298076,0.13441329461752805,A,False
139,B,Acute pulmonary edema,3210,0.007,0.007,0.0069823144828046685,0.11954965899341273,A,False
140,D,Panic attack,3220,natural,,0.03985954004189103,1.0,D,True
140,D,Panic attack,3220,0.034,0.0335,0.033441035593462794,0.7474127556993307,D,True
140,D,Panic attack,3220,0.024,0.024,0.024024434052482873,0.4914233912679911,D,True
140,D,Panic attack,3220,0.017,0.0172,0.01723734346114133,0.30978554847668166,D,True
140,D,Panic attack,3220,0.012,0.0123,0.012399670064896387,0.16744348711569607,D,True
140,D,Panic attack,3220,0.009,0.0088,0.008910097035375101,0.1111065503531848,A,False
140,D,Panic attack,3220,0.007,0.007,0.007083043913295647,0.08789251557133614,A,False
141,B,Panic attack,3067,natural,,0.03966178570154956,1.0,B,True
141,B,Panic attack,3067,0.034,0.0335,0.03354484709324191,0.740601215882992,B,True
141,B,Panic attack,3067,0.024,0.024,0.023999278023763542,0.4617622742990291,C,False
141,B,Panic attack,3067,0.017,0.0172,0.017146442511300423,0.2837205157036305,C,False
141,B,Panic attack,3067,0.012,0.0123,0.012224422901492966,0.17754776192410024,C,False
141,B,Panic attack,3067,0.009,0.0088,0.008831522088191499,0.12492045240700124,C,False
141,B,Panic attack,3067,0.007,0.007,0.0069882699585087716,0.0931963356615203,C,False
142,A,Pulmonary neoplasm,3040,natural,,0.039350712938094966,1.0,A,True
142,A,Pulmonary neoplasm,3040,0.034,0.0335,0.03363917714880061,0.7325092597491846,A,True
142,A,Pulmonary neoplasm,3040,0.024,0.024,0.023993204623722852,0.44679113078950283,A,True
142,A,Pulmonary neoplasm,3040,0.017,0.0172,0.017162029374952155,0.2755289704553164,A,True
142,A,Pulmonary neoplasm,3040,0.012,0.0123,0.012334510906349834,0.15791424838939916,B,False
142,A,Pulmonary neoplasm,3040,0.009,0.0088,0.008802378640751054,0.09596708604499847,B,False
142,A,Pulmonary neoplasm,3040,0.007,0.007,0.006937112350759709,0.0675212780775444,B,False
143,D,Influenza,3199,natural,,0.04446241704723837,1.0,B,False
143,D,Influenza,3199,0.034,0.0335,0.033422425842606365,0.6257840096045911,B,False
143,D,Influenza,3199,0.024,0.024,0.02409803848058018,0.4032481599651003,B,False
143,D,Influenza,3199,0.017,0.0172,0.017101885426310713,0.23798518027535226,B,False
143,D,Influenza,3199,0.012,0.0123,0.012196502789974192,0.13441329461752805,B,False
143,D,Influenza,3199,0.009,0.0088,0.008725993889703737,0.0931963356615203,B,False
143,D,Influenza,3199,0.007,0.007,0.007087132352241813,0.07372436960092195,B,False
144,E,Myasthenia gravis,2967,natural,,0.03432658079668971,1.0,E,True
144,E,Myasthenia gravis,2967,0.034,0.0335,0.033570987934249855,0.9025428934825543,E,True
144,E,Myasthenia gravis,2967,0.024,0.024,0.024025539724013226,0.5731311960714808,D,False
144,E,Myasthenia gravis,2967,0.017,0.0172,0.017210044181902633,0.3802992352356941,D,False
144,E,Myasthenia gravis,2967,0.012,0.0123,0.012338737477466265,0.2450605392455259,E,True
144,E,Myasthenia gravis,2967,0.009,0.0088,0.008872906873388224,0.1446275083208538,E,True
144,E,Myasthenia gravis,2967,0.007,0.007,0.006953163536577246,0.11274606657056462,E,True
145,D,Acute laryngitis,3010,natural,,0.03650126051725043,1.0,A,False
145,D,Acute laryngitis,3010,0.034,0.0335,0.03362278093905633,0.8288773323119439,A,False
145,D,Acute laryngitis,3010,0.024,0.024,0.02392553939315541,0.548490160967366,D,True
145,D,Acute laryngitis,3010,0.017,0.0172,0.017101824854099095,0.3612928588238018,D,True
145,D,Acute laryngitis,3010,0.012,0.0123,0.01226950418945165,0.23111410023442172,A,False
145,D,Acute laryngitis,3010,0.009,0.0088,0.008771851432897586,0.14045183996771032,A,False
145,D,Acute laryngitis,3010,0.007,0.007,0.007062221478809556,0.09596708604499847,A,False
146,E,Stable angina,3186,natural,,0.033414294065923465,1.0,C,False
146,E,Stable angina,3186,0.024,0.024,0.02391521800101356,0.6212173745594373,C,False
146,E,Stable angina,3186,0.017,0.0172,0.017207897148419717,0.4152368286818413,C,False
146,E,Stable angina,3186,0.012,0.0123,0.012341442425804167,0.2715223187896751,C,False
146,E,Stable angina,3186,0.009,0.0088,0.008811628542512244,0.17242162389375282,C,False
146,E,Stable angina,3186,0.007,0.007,0.006747068497638744,0.13245870069633822,C,False
147,B,Pulmonary embolism,3013,natural,,0.03742413825904126,1.0,B,True
147,B,Pulmonary embolism,3013,0.034,0.0335,0.03349204665399573,0.8160765882177003,B,True
147,B,Pulmonary embolism,3013,0.024,0.024,0.0240225757219723,0.5405141974474641,B,True
147,B,Pulmonary embolism,3013,0.017,0.0172,0.01727237024639442,0.34830125444308524,B,True
147,B,Pulmonary embolism,3013,0.012,0.0123,0.01238393761384841,0.23111410023442172,B,True
147,B,Pulmonary embolism,3013,0.009,0.0088,0.008851332669546273,0.14892732033918138,B,True
147,B,Pulmonary embolism,3013,0.007,0.007,0.006979850180825588,0.11440977590183832,B,True
148,E,Bronchitis,3154,natural,,0.03456714028407821,1.0,B,False
148,E,Bronchitis,3154,0.034,0.0335,0.0335959288043319,0.9025428934825543,B,False
148,E,Bronchitis,3154,0.024,0.024,0.024015400502272754,0.5731311960714808,B,False
148,E,Bronchitis,3154,0.017,0.0172,0.017236449441526476,0.34323637215882596,B,False
148,E,Bronchitis,3154,0.012,0.0123,0.012298736112644907,0.17242162389375282,B,False
148,E,Bronchitis,3154,0.009,0.0088,0.008838417444195914,0.10175816115137408,B,False
148,E,Bronchitis,3154,0.007,0.007,0.007026209392119206,0.0759162135601666,B,False
149,A,Guillain-Barré syndrome,2900,natural,,0.031599804041865784,1.0,A,True
149,A,Guillain-Barré syndrome,2900,0.024,0.024,0.02393480945402583,0.6257840096045911,A,True
149,A,Guillain-Barré syndrome,2900,0.017,0.0172,0.017261369167797462,0.391605626676799,A,True
149,A,Guillain-Barré syndrome,2900,0.012,0.0123,0.012135822299304358,0.23452447805818624,A,True
149,A,Guillain-Barré syndrome,2900,0.009,0.0088,0.00889497367060128,0.1446275083208538,A,True
149,A,Guillain-Barré syndrome,2900,0.007,0.007,0.0070770940106903105,0.09596708604499847,A,True
150,D,Acute laryngitis,2987,natural,,0.03817940102661733,1.0,D,True
150,D,Acute laryngitis,2987,0.034,0.0335,0.0334791795085671,0.7738728802762729,D,True
150,D,Acute laryngitis,2987,0.024,0.024,0.02400057970695866,0.4950358969261986,D,True
150,D,Acute laryngitis,2987,0.017,0.0172,0.017237889383834835,0.30528074892059653,D,True
150,D,Acute laryngitis,2987,0.012,0.0123,0.012334342064638166,0.1882617730152492,D,True
150,D,Acute laryngitis,2987,0.009,0.0088,0.00885116753875136,0.1286343687209221,A,False
150,D,Acute laryngitis,2987,0.007,0.007,0.0070090419383714705,0.09596708604499847,A,False
151,D,Anaphylaxis,3250,natural,,0.045672791703727435,1.0,D,True
151,D,Anaphylaxis,3250,0.034,0.0335,0.03343120741399273,0.6032816598293185,D,True
151,D,Anaphylaxis,3250,0.024,0.024,0.023893268543759037,0.38450036264574405,D,True
151,D,Anaphylaxis,3250,0.017,0.0172,0.01713121118450899,0.21637079084089195,D,True
151,D,Anaphylaxis,3250,0.012,0.0123,0.011984178844755378,0.13053252983707558,A,False
151,D,Anaphylaxis,3250,0.009,0.0088,0.009000027817991906,0.09050558205614526,A,False
151,D,Anaphylaxis,3250,0.007,0.007,0.007091965817739595,0.07159580830181511,A,False
152,A,Bronchitis,2878,natural,,0.03929865258984638,1.0,B,False
152,A,Bronchitis,2878,0.034,0.0335,0.03357048764717272,0.7325092597491846,B,False
152,A,Bronchitis,2878,0.024,0.024,0.023898429939438477,0.4772350731068304,B,False
152,A,Bronchitis,2878,0.017,0.0172,0.017141863524473302,0.30084145667800716,B,False
152,A,Bronchitis,2878,0.012,0.0123,0.01229690041552685,0.18552413223220693,B,False
152,A,Bronchitis,2878,0.009,0.0088,0.008719816333798598,0.11440977590183832,B,False
152,A,Bronchitis,2878,0.007,0.007,0.007082355576479929,0.0759162135601666,B,False
153,C,URTI,3062,natural,,0.0384259485249366,1.0,C,True
153,C,URTI,3062,0.034,0.0335,0.033485180142315926,0.7542869433667322,C,True
153,C,URTI,3062,0.024,0.024,0.023941600733351505,0.4986749584980285,C,True
153,C,URTI,3062,0.017,0.0172,0.01728679020325588,0.31206281501829936,C,True
153,C,URTI,3062,0.012,0.0123,0.01239432600921731,0.19385884264329528,C,True
153,C,URTI,3062,0.009,0.0088,0.008705641156376592,0.12310390027499832,C,True
153,C,URTI,3062,0.007,0.007,0.007098287415500018,0.09050558205614526,C,True
154,C,Anemia,3155,natural,,0.04187340822639517,1.0,C,True
154,C,Anemia,3155,0.034,0.0335,0.03345531867768354,0.6647626659657065,C,True
154,C,Anemia,3155,0.024,0.024,0.023842263468911155,0.3901741467578619,C,True
154,C,Anemia,3155,0.017,0.0172,0.017235449764901958,0.21796135555570278,C,True
154,C,Anemia,3155,0.012,0.0123,0.01225726171950227,0.1213137638466268,C,True
154,C,Anemia,3155,0.009,0.0088,0.008908628649464127,0.07055468560567407,B,False
154,C,Anemia,3155,0.007,0.007,0.00679786021092695,0.05832077661072152,B,False
155,C,Pulmonary embolism,3041,natural,,0.03976615702024074,1.0,C,True
155,C,Pulmonary embolism,3041,0.034,0.0335,0.03343940410595543,0.7460454542533906,B,False
155,C,Pulmonary embolism,3041,0.024,0.024,0.024010488271870804,0.5023407711988287,B,False
155,C,Pulmonary embolism,3041,0.017,0.0172,0.01725232904042369,0.31435682198866555,B,False
155,C,Pulmonary embolism,3041,0.012,0.0123,0.012201776053468038,0.19385884264329528,B,False
155,C,Pulmonary embolism,3041,0.009,0.0088,0.008855098804309227,0.1286343687209221,B,False
155,C,Pulmonary embolism,3041,0.007,0.007,0.006907186592021062,0.08918947964957855,B,False
156,B,Acute COPD exacerbation / infection,2877,natural,,0.03435626645208662,1.0,B,True
156,B,Acute COPD exacerbation / infection,2877,0.034,0.0335,0.03358542747952066,0.9125131940702098,B,True
156,B,Acute COPD exacerbation / infection,2877,0.024,0.024,0.023900041261548884,0.5815884642312653,B,True
156,B,Acute COPD exacerbation / infection,2877,0.017,0.0172,0.01725007862486533,0.3859110264545202,B,True
156,B,Acute COPD exacerbation / infection,2877,0.012,0.0123,0.012280231635239279,0.2486767142330105,B,True
156,B,Acute COPD exacerbation / infection,2877,0.009,0.0088,0.008778157671734626,0.15791424838939916,B,True
156,B,Acute COPD exacerbation / infection,2877,0.007,0.007,0.006991510726883929,0.11440977590183832,B,True
157,D,Bronchiectasis,2943,natural,,0.03839800041336149,1.0,B,False
157,D,Bronchiectasis,2943,0.034,0.0335,0.03349256276504649,0.7542869433667322,B,False
157,D,Bronchiectasis,2943,0.024,0.024,0.023910300395419592,0.48427727394353975,B,False
157,D,Bronchiectasis,2943,0.017,0.0172,0.017121705324633005,0.30084145667800716,B,False
157,D,Bronchiectasis,2943,0.012,0.0123,0.012305582194440131,0.19103981111462334,B,False
157,D,Bronchiectasis,2943,0.009,0.0088,0.008747530527083368,0.12676381003940596,B,False
157,D,Bronchiectasis,2943,0.007,0.007,0.00690869533676739,0.09050558205614526,B,False
158,B,Croup,2799,natural,,0.0380020808669186,1.0,B,True
158,B,Croup,2799,0.034,0.0335,0.03339570251682016,0.7460454542533906,B,True
158,B,Croup,2799,0.024,0.024,0.023826175469225497,0.440294041117178,B,True
158,B,Croup,2799,0.017,0.0172,0.017209446873902075,0.25420127455609365,B,True
158,B,Croup,2799,0.012,0.0123,0.012239392811280753,0.17496592076645892,A,False
158,B,Croup,2799,0.009,0.0088,0.008817765943269542,0.1286343687209221,A,False
158,B,Croup,2799,0.007,0.007,0.007063797670411255,0.08535489323371559,A,False
159,A,Acute dystonic reactions,3055,natural,,0.034069680764321375,1.0,A,True
159,A,Acute dystonic reactions,3055,0.034,0.0335,0.033463105320422515,0.9158610435469906,A,True
159,A,Acute dystonic reactions,3055,0.024,0.024,0.02390298268377342,0.5773443445000919,A,True
159,A,Acute dystonic reactions,3055,0.017,0.0172,0.01725563793147108,0.34830125444308524,A,True
159,A,Acute dystonic reactions,3055,0.012,0.0123,0.0123454536883246,0.20555713592330557,A,True
159,A,Acute dystonic reactions,3055,0.009,0.0088,0.008876973188168458,0.12676381003940596,A,True
159,A,Acute dystonic reactions,3055,0.007,0.007,0.007090279944704604,0.09050558205614526,A,True
160,E,URTI,3044,natural,,0.03735198122996475,1.0,E,True
160,E,URTI,3044,0.034,0.0335,0.03356690264140362,0.791065110850296,E,True
160,E,URTI,3044,0.024,0.024,0.02417505869637292,0.504183770619497,E,True
160,E,URTI,3044,0.017,0.0172,0.01728791465279121,0.30528074892059653,E,True
160,E,URTI,3044,0.012,0.0123,0.012233932266774526,0.17242162389375282,E,True
160,E,URTI,3044,0.009,0.0088,0.008799786465611146,0.1213137638466268,C,False
160,E,URTI,3044,0.007,0.007,0.007082130631581626,0.08535489323371559,C,False
161,A,Spontaneous pneumothorax,3114,natural,,0.03649234912718123,1.0,A,True
161,A,Spontaneous pneumothorax,3114,0.034,0.0335,0.03346467105846243,0.8311570411695525,A,True
161,A,Spontaneous pneumothorax,3114,0.024,0.024,0.02395552150283004,0.556583819812148,A,True
161,A,Spontaneous pneumothorax,3114,0.017,0.0172,0.01727791628373595,0.35603905690163534,A,True
161,A,Spontaneous pneumothorax,3114,0.012,0.0123,0.01225377583793664,0.23111410023442172,A,True
161,A,Spontaneous pneumothorax,3114,0.009,0.0088,0.008762523516289067,0.1446275083208538,B,False
161,A,Spontaneous pneumothorax,3114,0.007,0.007,0.006961674591492749,0.1213137638466268,A,True
162,A,Pulmonary embolism,2959,natural,,0.038908888737385496,1.0,B,False
162,A,Pulmonary embolism,2959,0.034,0.0335,0.0334191662080922,0.7460454542533906,B,False
162,A,Pulmonary embolism,2959,0.024,0.024,0.023951544060146508,0.4896270362915171,C,False
162,A,Pulmonary embolism,2959,0.017,0.0172,0.01710606425325791,0.2921555976422762,C,False
162,A,Pulmonary embolism,2959,0.012,0.0123,0.012260703340570282,0.1626090785152391,C,False
162,A,Pulmonary embolism,2959,0.009,0.0088,0.008721225147549846,0.10789869514276741,C,False
162,A,Pulmonary embolism,2959,0.007,0.007,0.006958523222875229,0.08049733103113403,C,False
163,A,Acute pulmonary edema,3169,natural,,0.03813252020228224,1.0,E,False
163,A,Acute pulmonary edema,3169,0.034,0.0335,0.03356143383770062,0.8145836745758614,E,False
163,A,Acute pulmonary edema,3169,0.024,0.024,0.023947476110619117,0.5326542177657382,E,False
163,A,Acute pulmonary edema,3169,0.017,0.0172,0.01710100967741952,0.3457595392659655,E,False
163,A,Acute pulmonary edema,3169,0.012,0.0123,0.012380039478770588,0.22280354860374255,E,False
163,A,Acute pulmonary edema,3169,0.009,0.0088,0.008749936996124206,0.14892732033918138,E,False
163,A,Acute pulmonary edema,3169,0.007,0.007,0.007136031582460722,0.12492045240700124,E,False
164,B,Pericarditis,3046,natural,,0.03641525908859884,1.0,A,False
164,B,Pericarditis,3046,0.034,0.0335,0.03340525497370959,0.8388014510869826,A,False
164,B,Pericarditis,3046,0.024,0.024,0.023937827471481134,0.556583819812148,A,False
164,B,Pericarditis,3046,0.017,0.0172,0.017189700491815046,0.35865633790708634,A,False
164,B,Pericarditis,3046,0.012,0.0123,0.012440525065026005,0.22444140120559558,A,False
164,B,Pericarditis,3046,0.009,0.0088,0.008712784937722293,0.13245870069633822,A,False
164,B,Pericarditis,3046,0.007,0.007,0.0070823451892140345,0.10175816115137408,A,False
165,E,Possible NSTEMI / STEMI,3124,natural,,0.03422824975321113,1.0,E,True
165,E,Possible NSTEMI / STEMI,3124,0.034,0.0335,0.03350396581351852,0.9091775823626826,E,True
165,E,Possible NSTEMI / STEMI,3124,0.024,0.024,0.023904101574377556,0.5945089363541368,E,True
165,E,Possible NSTEMI / STEMI,3124,0.017,0.0172,0.017193046533175636,0.3859110264545202,E,True
165,E,Possible NSTEMI / STEMI,3124,0.012,0.0123,0.012289893090050916,0.23111410023442172,E,True
165,E,Possible NSTEMI / STEMI,3124,0.009,0.0088,0.008723750549291557,0.1446275083208538,E,True
165,E,Possible NSTEMI / STEMI,3124,0.007,0.007,0.007044153994355744,0.11781120717275206,E,True
166,C,Unstable angina,3148,natural,,0.036619008850379706,1.0,B,False
166,C,Unstable angina,3148,0.034,0.0335,0.033498282156651855,0.8288773323119439,B,False
166,C,Unstable angina,3148,0.024,0.024,0.023919459531990685,0.548490160967366,B,False
166,C,Unstable angina,3148,0.017,0.0172,0.017187336689456736,0.35865633790708634,B,False
166,C,Unstable angina,3148,0.012,0.0123,0.012373960440367107,0.22444140120559558,B,False
166,C,Unstable angina,3148,0.009,0.0088,0.00876826257955351,0.1363967310184996,B,False
166,C,Unstable angina,3148,0.007,0.007,0.00706149014140417,0.11440977590183832,B,False
167,E,Tuberculosis,3002,natural,,0.03931962778488614,1.0,E,True
167,E,Tuberculosis,3002,0.034,0.0335,0.03341190575211101,0.7351967066353494,E,True
167,E,Tuberculosis,3002,0.024,0.024,0.02396894492519503,0.4651567379291543,B,False
167,E,Tuberculosis,3002,0.017,0.0172,0.017309056718324337,0.2775544132454971,B,False
167,E,Tuberculosis,3002,0.012,0.0123,0.012216407408598839,0.1626090785152391,B,False
167,E,Tuberculosis,3002,0.009,0.0088,0.008692230126918141,0.09596708604499847,B,False
167,E,Tuberculosis,3002,0.007,0.007,0.006952896354317386,0.06952870257335038,B,False
168,E,Anaphylaxis,3172,natural,,0.045003436788088956,1.0,E,True
168,E,Anaphylaxis,3172,0.034,0.0335,0.03348601098289581,0.6099460516614994,E,True
168,E,Anaphylaxis,3172,0.024,0.024,0.02408949576738307,0.391605626676799,E,True
168,E,Anaphylaxis,3172,0.017,0.0172,0.017168099453114427,0.23111410023442172,E,True
168,E,Anaphylaxis,3172,0.012,0.0123,0.012114010670131969,0.1286343687209221,E,True
168,E,Anaphylaxis,3172,0.009,0.0088,0.008892314855856289,0.06557181170489068,C,False
168,E,Anaphylaxis,3172,0.007,0.007,0.0067357405628248055,0.05187157249498408,C,False
169,C,Pneumonia,3254,natural,,0.046458988158196636,1.0,B,False
169,C,Pneumonia,3254,0.034,0.0335,0.033504832706653595,0.5731311960714808,B,False
169,C,Pneumonia,3254,0.024,0.024,0.023986574599515705,0.34830125444308524,B,False
169,C,Pneumonia,3254,0.017,0.0172,0.017189553401835367,0.22280354860374255,B,False
169,C,Pneumonia,3254,0.012,0.0123,0.012370662735407531,0.1446275083208538,B,False
169,C,Pneumonia,3254,0.009,0.0088,0.008717154837558512,0.10027842744062854,B,False
169,C,Pneumonia,3254,0.007,0.007,0.007029581186749774,0.08289053682876897,B,False
170,C,Chronic rhinosinusitis,2974,natural,,0.038375664348685154,1.0,D,False
170,C,Chronic rhinosinusitis,2974,0.034,0.0335,0.03350047255750072,0.7570542887214106,C,True
170,C,Chronic rhinosinusitis,2974,0.024,0.024,0.024083214754465173,0.4950358969261986,C,True
170,C,Chronic rhinosinusitis,2974,0.017,0.0172,0.017186436776839613,0.2837205157036305,A,False
170,C,Chronic rhinosinusitis,2974,0.012,0.0123,0.012310401189227282,0.18282630132100924,A,False
170,C,Chronic rhinosinusitis,2974,0.009,0.0088,0.00875545987267137,0.1213137638466268,E,False
170,C,Chronic rhinosinusitis,2974,0.007,0.007,0.007030255501972791,0.0931963356615203,E,False
171,D,Acute dystonic reactions,2974,natural,,0.03613879411335891,1.0,D,True
171,D,Acute dystonic reactions,2974,0.034,0.0335,0.03349589059184455,0.8388014510869826,D,True
171,D,Acute dystonic reactions,2974,0.024,0.024,0.023996827960148497,0.5249085353233612,D,True
171,D,Acute dystonic reactions,2974,0.017,0.0172,0.017281596133597636,0.30978554847668166,D,True
171,D,Acute dystonic reactions,2974,0.012,0.0123,0.011900400985799192,0.13245870069633822,C,False
171,D,Acute dystonic reactions,2974,0.009,0.0088,0.008739832498942827,0.0931963356615203,C,False
171,D,Acute dystonic reactions,2974,0.007,0.007,0.00691789027999612,0.07703645231205218,C,False
172,A,Panic attack,3119,natural,,0.03441069677405085,1.0,A,True
172,A,Panic attack,3119,0.034,0.0335,0.03355495517369441,0.9091775823626826,A,True
172,A,Panic attack,3119,0.024,0.024,0.02395599857114211,0.5901705299683179,A,True
172,A,Panic attack,3119,0.017,0.0172,0.017258511385113934,0.3802992352356941,A,True
172,A,Panic attack,3119,0.012,0.0123,0.012361075525710072,0.252346250408634,A,True
172,A,Panic attack,3119,0.009,0.0088,0.008840864812480793,0.16744348711569607,A,True
172,A,Panic attack,3119,0.007,0.007,0.0069356809023226355,0.12492045240700124,A,True
173,D,Anemia,3198,natural,,0.03890575695898991,1.0,D,True
173,D,Anemia,3198,0.034,0.0335,0.033463296775036476,0.7542869433667322,D,True
173,D,Anemia,3198,0.024,0.024,0.02403308115900258,0.4517267874835367,D,True
173,D,Anemia,3198,0.017,0.0172,0.017203720914067334,0.22280354860374255,A,False
173,D,Anemia,3198,0.012,0.0123,0.01227019458102437,0.1363967310184996,A,False
173,D,Anemia,3198,0.009,0.0088,0.008807787978211506,0.09596708604499847,B,False
173,D,Anemia,3198,0.007,0.007,0.0069503396702647645,0.07372436960092195,B,False
174,B,Atrial fibrillation,2912,natural,,0.03703822265360302,1.0,B,True
174,B,Atrial fibrillation,2912,0.034,0.0335,0.033400947388521694,0.8145836745758614,B,True
174,B,Atrial fibrillation,2912,0.024,0.024,0.023953451346410422,0.5249085353233612,B,True
174,B,Atrial fibrillation,2912,0.017,0.0172,0.017196331326799486,0.32847936791032617,B,True
174,B,Atrial fibrillation,2912,0.012,0.0123,0.012320608914201147,0.15335496684492847,A,False
174,B,Atrial fibrillation,2912,0.009,0.0088,0.00876831150601982,0.0675212780775444,B,True
174,B,Atrial fibrillation,2912,0.007,0.007,0.006930487742088235,0.05500173080846468,B,True
175,B,GERD,3050,natural,,0.039427163754185195,1.0,B,True
175,B,GERD,3050,0.034,0.0335,0.03341911795329255,0.7325092597491846,B,True
175,B,GERD,3050,0.024,0.024,0.023979617576266963,0.48074327892797597,B,True
175,B,GERD,3050,0.017,0.0172,0.017182753460584458,0.30528074892059653,B,True
175,B,GERD,3050,0.012,0.0123,0.012335838677731194,0.19385884264329528,B,True
175,B,GERD,3050,0.009,0.0088,0.00878566928482988,0.13053252983707558,B,True
175,B,GERD,3050,0.007,0.007,0.007075938224324045,0.09596708604499847,B,True
176,B,Myasthenia gravis,2866,natural,,0.03931567425077326,1.0,C,False
176,B,Myasthenia gravis,2866,0.034,0.0335,0.033475654953553514,0.7192186649743397,C,False
176,B,Myasthenia gravis,2866,0.024,0.024,0.023962957831625525,0.43230537803287655,C,False
176,B,Myasthenia gravis,2866,0.017,0.0172,0.01721887783296037,0.252346250408634,C,False
176,B,Myasthenia gravis,2866,0.012,0.0123,0.012268987411798328,0.1363967310184996,C,False
176,B,Myasthenia gravis,2866,0.009,0.0088,0.008751128322798058,0.08789251557133614,C,False
176,B,Myasthenia gravis,2866,0.007,0.007,0.0070751393482418115,0.0675212780775444,C,False
177,B,Bronchitis,3098,natural,,0.0338272663063685,1.0,B,True
177,B,Bronchitis,3098,0.034,0.0335,0.03358333850895358,0.9108438612950097,B,True
177,B,Bronchitis,3098,0.024,0.024,0.02410081506851599,0.5773443445000919,E,False
177,B,Bronchitis,3098,0.017,0.0172,0.017178599276380373,0.3693192805940405,E,False
177,B,Bronchitis,3098,0.012,0.0123,0.012339221987205754,0.23111410023442172,E,False
177,B,Bronchitis,3098,0.009,0.0088,0.008700296734841831,0.1363967310184996,E,False
177,B,Bronchitis,3098,0.007,0.007,0.006906478399694349,0.10789869514276741,E,False
178,D,Spontaneous rib fracture,3067,natural,,0.03990189777180257,1.0,A,False
178,D,Spontaneous rib fracture,3067,0.034,0.0335,0.03360429615489541,0.7515297137995558,A,False
178,D,Spontaneous rib fracture,3067,0.024,0.024,0.024055618166841514,0.5023407711988287,A,False
178,D,Spontaneous rib fracture,3067,0.017,0.0172,0.017269493237790114,0.32847936791032617,A,False
178,D,Spontaneous rib fracture,3067,0.012,0.0123,0.012376925440296354,0.19671947251062383,A,False
178,D,Spontaneous rib fracture,3067,0.009,0.0088,0.008438618181398029,0.13245870069633822,A,False
178,D,Spontaneous rib fracture,3067,0.007,0.007,0.006906463185341889,0.09882021153081356,A,False
179,A,Acute pulmonary edema,3218,natural,,0.04008678920176694,1.0,A,True
179,A,Acute pulmonary edema,3218,0.034,0.0335,0.033500681685747886,0.7351967066353494,A,True
179,A,Acute pulmonary edema,3218,0.024,0.024,0.023969084440959965,0.4950358969261986,E,False
179,A,Acute pulmonary edema,3218,0.017,0.0172,0.017153897844537636,0.31899555036296995,E,False
179,A,Acute pulmonary edema,3218,0.012,0.0123,0.012220674261578416,0.19962231455216262,E,False
179,A,Acute pulmonary edema,3218,0.009,0.0088,0.008487103978609748,0.13245870069633822,E,False
179,A,Acute pulmonary edema,3218,0.007,0.007,0.006893711008101518,0.10478345674943497,E,False
180,D,Possible NSTEMI / STEMI,3061,natural,,0.03447934562072504,1.0,D,True
180,D,Possible NSTEMI / STEMI,3061,0.034,0.0335,0.03356970627668623,0.9104270054825614,D,True
180,D,Possible NSTEMI / STEMI,3061,0.024,0.024,0.02396563737666123,0.5901705299683179,D,True
180,D,Possible NSTEMI / STEMI,3061,0.017,0.0172,0.017103172839791746,0.37476904883902873,D,True
180,D,Possible NSTEMI / STEMI,3061,0.012,0.0123,0.012260501718853439,0.23111410023442172,D,True
180,D,Possible NSTEMI / STEMI,3061,0.009,0.0088,0.008699999766789467,0.14676166822967573,D,True
180,D,Possible NSTEMI / STEMI,3061,0.007,0.007,0.007053110888926983,0.1213137638466268,D,True
181,A,Guillain-Barré syndrome,2968,natural,,0.030293365135082406,1.0,A,True
181,A,Guillain-Barré syndrome,2968,0.024,0.024,0.023992658373948105,0.6538974870114864,A,True
181,A,Guillain-Barré syndrome,2968,0.017,0.0172,0.017147753697480752,0.4032481599651003,A,True
181,A,Guillain-Barré syndrome,2968,0.012,0.0123,0.012249145597809345,0.23798518027535226,A,True
181,A,Guillain-Barré syndrome,2968,0.009,0.0088,0.008784109324380816,0.1363967310184996,A,True
181,A,Guillain-Barré syndrome,2968,0.007,0.007,0.006978237448453944,0.09596708604499847,A,True
182,A,Anaphylaxis,3358,natural,,0.039290818439006184,1.0,A,True
182,A,Anaphylaxis,3358,0.034,0.0335,0.03346953821323354,0.740601215882992,A,True
182,A,Anaphylaxis,3358,0.024,0.024,0.024155571709034932,0.46686331570996537,A,True
182,A,Anaphylaxis,3358,0.017,0.0172,0.017193453530863687,0.30084145667800716,A,True
182,A,Anaphylaxis,3358,0.012,0.0123,0.01223260038405413,0.18552413223220693,A,True
182,A,Anaphylaxis,3358,0.009,0.0088,0.008766161147319483,0.11440977590183832,A,True
182,A,Anaphylaxis,3358,0.007,0.007,0.00706544375003522,0.05918137266702526,A,True
183,E,Anaphylaxis,3208,natural,,0.03952660515600133,1.0,E,True
183,E,Anaphylaxis,3208,0.034,0.0335,0.03339645765117556,0.7311692224506743,E,True
183,E,Anaphylaxis,3208,0.024,0.024,0.023966932028019895,0.487837247732635,E,True
183,E,Anaphylaxis,3208,0.017,0.0172,0.01705740709469665,0.2964667191631063,E,True
183,E,Anaphylaxis,3208,0.012,0.0123,0.012296883075731877,0.17242162389375282,D,False
183,E,Anaphylaxis,3208,0.009,0.0088,0.008795929598980299,0.1286343687209221,D,False
183,E,Anaphylaxis,3208,0.007,0.007,0.006899203767484009,0.09050558205614526,D,False
184,B,Pneumonia,3250,natural,,0.05460482615212126,1.0,B,True
184,B,Pneumonia,3250,0.034,0.0335,0.03353483759574842,0.46686331570996537,B,True
184,B,Pneumonia,3250,0.024,0.024,0.024036381176481502,0.2964667191631063,B,True
184,B,Pneumonia,3250,0.017,0.0172,0.01716492507591459,0.1626090785152391,B,True
184,B,Pneumonia,3250,0.012,0.0123,0.012234034219203918,0.10632966780636831,A,False
184,B,Pneumonia,3250,0.009,0.0088,0.008857287036088464,0.07372436960092195,B,True
184,B,Pneumonia,3250,0.007,0.007,0.007054527838070887,0.05500173080846468,B,True
185,C,Pulmonary neoplasm,3075,natural,,0.03654411304632007,1.0,C,True
185,C,Pulmonary neoplasm,3075,0.034,0.0335,0.033408403871379715,0.8034735320598722,C,True
185,C,Pulmonary neoplasm,3075,0.024,0.024,0.024040622634025486,0.487837247732635,C,True
185,C,Pulmonary neoplasm,3075,0.017,0.0172,0.017230986672680405,0.2964667191631063,C,True
185,C,Pulmonary neoplasm,3075,0.012,0.0123,0.012389814580915122,0.1882617730152492,C,True
185,C,Pulmonary neoplasm,3075,0.009,0.0088,0.008746145032984636,0.11954965899341273,C,True
185,C,Pulmonary neoplasm,3075,0.007,0.007,0.007007507777498921,0.07932676531921418,A,False
186,C,Unstable angina,2935,natural,,0.039369312307873564,1.0,B,False
186,C,Unstable angina,2935,0.034,0.0335,0.033426145341106904,0.7245057179369678,B,False
186,C,Unstable angina,2935,0.024,0.024,0.023966560718631656,0.44679113078950283,B,False
186,C,Unstable angina,2935,0.017,0.0172,0.017281151788419758,0.2715223187896751,B,False
186,C,Unstable angina,2935,0.012,0.0123,0.012339655912647558,0.16744348711569607,B,False
186,C,Unstable angina,2935,0.009,0.0088,0.008871025715681963,0.10175816115137408,B,False
186,C,Unstable angina,2935,0.007,0.007,0.006967264009797227,0.07372436960092195,B,False
187,C,Pulmonary neoplasm,3021,natural,,0.03718438678631312,1.0,C,True
187,C,Pulmonary neoplasm,3021,0.034,0.0335,0.03351964578046621,0.8266038762708526,C,True
187,C,Pulmonary neoplasm,3021,0.024,0.024,0.023958272711334643,0.5858637829383431,C,True
187,C,Pulmonary neoplasm,3021,0.017,0.0172,0.017121929058757698,0.4062124801122893,E,False
187,C,Pulmonary neoplasm,3021,0.012,0.0123,0.01238407112821932,0.2755289704553164,E,False
187,C,Pulmonary neoplasm,3021,0.009,0.0088,0.008795803453301236,0.18282630132100924,E,False
187,C,Pulmonary neoplasm,3021,0.007,0.007,0.007087807500150536,0.1363967310184996,E,False
188,B,PSVT,3088,natural,,0.04059232190701043,1.0,A,False
188,B,PSVT,3088,0.034,0.0335,0.03351092982876339,0.7245057179369678,A,False
188,B,PSVT,3088,0.024,0.024,0.023931803252405286,0.46686331570996537,A,False
188,B,PSVT,3088,0.017,0.0172,0.017248588668483535,0.2921555976422762,A,False
188,B,PSVT,3088,0.012,0.0123,0.012256358445048568,0.1699143253493389,A,False
188,B,PSVT,3088,0.009,0.0088,0.008801254809321632,0.11440977590183832,B,True
188,B,PSVT,3088,0.007,0.007,0.007038453537697187,0.09050558205614526,B,True
189,E,Pulmonary neoplasm,3035,natural,,0.03466502495845671,1.0,E,True
189,E,Pulmonary neoplasm,3035,0.034,0.0335,0.03340242948235037,0.8813127044179799,E,True
189,E,Pulmonary neoplasm,3035,0.024,0.024,0.024037118971112843,0.556583819812148,E,True
189,E,Pulmonary neoplasm,3035,0.017,0.0172,0.01716209509352587,0.32847936791032617,A,False
189,E,Pulmonary neoplasm,3035,0.012,0.0123,0.012355607382372295,0.19385884264329528,A,False
189,E,Pulmonary neoplasm,3035,0.009,0.0088,0.00877462003758824,0.1213137638466268,B,False
189,E,Pulmonary neoplasm,3035,0.007,0.007,0.006999395624464897,0.08168516990527609,B,False
190,C,Pulmonary embolism,3100,natural,,0.03979415932243791,1.0,C,True
190,C,Pulmonary embolism,3100,0.034,0.0335,0.03356518350685537,0.7433183507246678,C,True
190,C,Pulmonary embolism,3100,0.024,0.024,0.02402368534123548,0.5023407711988287,C,True
190,C,Pulmonary embolism,3100,0.017,0.0172,0.017010127391294733,0.3333264921262407,C,True
190,C,Pulmonary embolism,3100,0.012,0.0123,0.012267862017079145,0.21166840101912124,C,True
190,C,Pulmonary embolism,3100,0.009,0.0088,0.009007117647819557,0.13441329461752805,C,True
190,C,Pulmonary embolism,3100,0.007,0.007,0.0070379623978621495,0.11781120717275206,C,True
191,D,Viral pharyngitis,3070,natural,,0.03614549081522778,1.0,A,False
191,D,Viral pharyngitis,3070,0.034,0.0335,0.03348380460911917,0.8326803293522165,A,False
191,D,Viral pharyngitis,3070,0.024,0.024,0.0240121174159432,0.548490160967366,A,False
191,D,Viral pharyngitis,3070,0.017,0.0172,0.017287332727883242,0.34830125444308524,A,False
191,D,Viral pharyngitis,3070,0.012,0.0123,0.012232426551446463,0.21166840101912124,A,False
191,D,Viral pharyngitis,3070,0.009,0.0088,0.008542040944691685,0.13245870069633822,A,False
191,D,Viral pharyngitis,3070,0.007,0.007,0.006999472119934783,0.09050558205614526,A,False
