layer,cv_accuracy_mean,cv_accuracy_std,n_samples,n_features
0,0.64,0.066332495807108,100,768
1,0.6199999999999999,0.09273618495495702,100,768
2,0.52,0.039999999999999994,100,768
3,0.6199999999999999,0.07483314773547882,100,768
4,0.72,0.10295630140987001,100,768
5,0.76,0.12,100,768
6,0.78,0.08717797887081348,100,768
7,0.77,0.06782329983125268,100,768
8,0.9099999999999999,0.09695359714832658,100,768
9,0.99,0.020000000000000018,100,768
10,1.0,0.0,100,768
11,1.0,0.0,100,768
