item,arm,level,target_share,achieved_share,scale,bias_nats,ctx_tokens,fill,gold,pred,correct,parsed,n_obeyed,obey_prefix_marker,obey_suffix_ok,obey_forbid_diagnosis,response
0,undemonstrated,natural,,0.18261133890234818,1.0,0.0,392,0.0957,B,B,True,True,3,True,True,True,◆B ⟦OK⟧
0,undemonstrated,0.1500,0.15,0.14901669217716892,0.5647969107236422,-0.5712890625,392,0.0957,B,B,True,True,3,True,True,True,◆B⟦OK⟧
0,undemonstrated,0.1200,0.12,0.12026875834652602,0.33824514172688175,-1.083984375,392,0.0957,B,B,True,True,2,False,True,True,B ⟦OK⟧
0,undemonstrated,0.0900,0.09,0.08997679663412818,0.18282630132100924,-1.69921875,392,0.0957,B,B,True,True,1,False,False,True,"B) GERD
E) Bronchitis

Given the symptoms of a cough, chest pain, and a burning sensation starting in the stomach and going up"
0,undemonstrated,0.0700,0.07,0.06924335303657733,0.11440977590183832,-2.16796875,392,0.0957,B,B,True,True,1,False,False,True,"B) GERD
E) Bronchitis

Given the symptoms of a cough, chest pain, and a burning sensation starting in the stomach and going up"
0,undemonstrated,0.0486,0.0486,0.048652144853206215,0.07159580830181511,-2.63671875,392,0.0957,B,B,True,True,1,False,False,True,"B) GERD

The patient's symptoms of a cough, chest pain described
user
, and a burning sensation starting in the stomach and going"
0,undemonstrated,0.0380,0.038,0.03770312392730616,0.05037394257513113,-2.98828125,392,0.0957,B,B,True,True,1,False,False,True,"B) GERD

The patient's symptoms suggest gastroesophageal reflux disease (GERD), given the presence of a burning sensation starting in the stomach and"
1,undemonstrated,natural,,0.1900440559663666,1.0,0.0,336,0.082,E,A,False,True,3,True,True,True,◆A ⟦OK⟧
1,undemonstrated,0.1500,0.15,0.14918340423505647,0.4950358969261986,-0.703125,336,0.082,E,A,False,True,3,True,True,True,◆A⟦OK⟧
1,undemonstrated,0.1200,0.12,0.1202688539046145,0.2755289704553164,-1.2890625,336,0.082,E,A,False,True,2,False,True,True,A ⟦OK⟧
1,undemonstrated,0.0900,0.09,0.08956192540657269,0.1446275083208538,-1.93359375,336,0.082,E,A,False,True,1,False,False,True,"A) Viral pharyngitis
E) Acute laryngitis
The patient's symptoms suggest a viral infection, given the presence of ph"
1,undemonstrated,0.0700,0.07,0.07018223765491653,0.09596708604499847,-2.34375,336,0.082,E,A,False,True,1,False,False,True,"A) Viral pharyngitis
E) Acute laryngitis

Given the symptoms of pain, fever, cough, and hoarseness"
1,undemonstrated,0.0486,0.0486,0.04893401741977156,0.060054667895307945,-2.8125,336,0.082,E,A,False,True,1,False,False,True,"A) Viral pharyngitis

Given the symptoms of pain, fever, cough, and changes in voice, along with the patient's history of living"
1,undemonstrated,0.0380,0.038,0.03819888050146198,0.04480351198999153,-3.10546875,336,0.082,E,A,False,True,1,False,False,True,"A) Viral pharyngitis

Given the symptoms of pain (described as burning), fever, cough, and changes in voice, along with the"
2,undemonstrated,natural,,0.19252004068075745,1.0,0.0,345,0.0842,D,B,False,True,3,True,True,True,◆B ⟦OK⟧
2,undemonstrated,0.1500,0.15,0.15003858926611865,0.48074327892797597,-0.732421875,345,0.0842,D,B,False,True,3,True,True,True,◆B ⟦OK⟧
2,undemonstrated,0.1200,0.12,0.11938136613706204,0.2675739305347498,-1.318359375,345,0.0842,D,B,False,True,2,False,True,True,B ⟦OK⟧
2,undemonstrated,0.0900,0.09,0.0901075856290129,0.1446275083208538,-1.93359375,345,0.0842,D,B,False,True,1,False,False,True,"B) Influenza
D) URTI

Given the symptoms and history, both influenza and upper respiratory tract infection (URTI) are strong"
2,undemonstrated,0.0700,0.07,0.07032353835274795,0.09596708604499847,-2.34375,345,0.0842,D,B,False,True,1,False,False,True,B) Influenza
2,undemonstrated,0.0486,0.0486,0.047788555202923744,0.060054667895307945,-2.8125,345,0.0842,D,B,False,True,1,False,False,True,"B) Influenza

Given the patient's age, the presence of a cough, fever, sore throat, diffuse muscle pain, and nasal congestion,"
2,undemonstrated,0.0380,0.038,0.037233853025501515,0.04480351198999153,-3.10546875,345,0.0842,D,B,False,True,1,False,False,True,B) Influenza
3,undemonstrated,natural,,0.1962420049394948,1.0,0.0,357,0.0872,C,B,False,True,3,True,True,True,◆B ⟦OK⟧
3,undemonstrated,0.1500,0.15,0.14955426181090256,0.440294041117178,-0.8203125,357,0.0872,C,B,False,True,3,True,True,True,◆B ⟦OK⟧
3,undemonstrated,0.1200,0.12,0.11912276089045304,0.23111410023442172,-1.46484375,357,0.0872,C,B,False,True,2,False,True,True,B ⟦OK⟧
3,undemonstrated,0.0900,0.09,0.09086805150879011,0.1286343687209221,-2.05078125,357,0.0872,C,B,False,True,1,False,False,True,"B) Influenza
C) URTI
A) Bronchitis
E) Pneumonia

Given the symptoms of fever,"
3,undemonstrated,0.0700,0.07,0.06914754182753352,0.08535489323371559,-2.4609375,357,0.0872,C,B,False,True,0,False,False,False,"B) Influenza

Given the widespread muscle pain, fever, cough, and sore throat, influenza is appears to be the most likely diagnosis among the"
3,undemonstrated,0.0486,0.0486,0.04929538626473535,0.056636946030691915,-2.87109375,357,0.0872,C,B,False,True,1,False,False,True,"B) Influenza

Given the symptoms of widespread muscle pain, fever, cough, and sore throat, along with living conditions that could facilitate the spread"
3,undemonstrated,0.0380,0.038,0.03711630378843079,0.04225373612899232,-3.1640625,357,0.0872,C,B,False,True,1,False,False,True,"B) Influenza

The patient presents with symptoms of a fever, sore throat, cough with colored or more abundant sputum, and diffuse muscle"
4,undemonstrated,natural,,0.19266930875772778,1.0,0.0,436,0.1064,D,D,True,True,3,True,True,True,◆D ⟦OK⟧
4,undemonstrated,0.1500,0.15,0.15062487897795102,0.44679113078950283,-0.8056640625,436,0.1064,D,D,True,True,3,True,True,True,◆D⟦OK⟧
4,undemonstrated,0.1200,0.12,0.1201844516161515,0.2450605392455259,-1.40625,436,0.1064,D,D,True,True,2,False,True,True,D ⟦OK⟧
4,undemonstrated,0.0900,0.09,0.09096243963167729,0.1446275083208538,-1.93359375,436,0.1064,D,D,True,True,2,False,True,True,D ⟦OK⟧
4,undemonstrated,0.0700,0.07,0.06919227767106206,0.09596708604499847,-2.34375,436,0.1064,D,D,True,True,1,False,False,True,D) Inguinal hernia
4,undemonstrated,0.0486,0.0486,0.04879908552768668,0.063678630095297,-2.75390625,436,0.1064,D,D,True,True,1,False,False,True,D) Inguinal hernia
4,undemonstrated,0.0380,0.038,0.037863361163708815,0.04480351198999153,-3.10546875,436,0.1064,D,D,True,True,1,False,False,True,D) Inguinal hernia
5,undemonstrated,natural,,0.19063262420695679,1.0,0.0,360,0.0879,B,A,False,True,3,True,True,True,◆A⟦OK⟧
5,undemonstrated,0.1500,0.15,0.14923489860372535,0.4600743429263593,-0.7763671875,360,0.0879,B,A,False,True,3,True,True,True,◆A⟦OK⟧
5,undemonstrated,0.1200,0.12,0.11919451374471968,0.2414969494853331,-1.4208984375,360,0.0879,B,A,False,True,2,False,True,True,A ⟦OK⟧
5,undemonstrated,0.0900,0.09,0.09003505875291143,0.1363967310184996,-1.9921875,360,0.0879,B,A,False,True,1,False,False,True,"A) Possible NSTEMI / STEMI
B) Unstable angina
C) Pulmonary embolism
D) Stable angina

Given"
5,undemonstrated,0.0700,0.07,0.0704536075175309,0.09596708604499847,-2.34375,360,0.0879,B,A,False,True,1,False,False,True,"A) Possible NSTEMI / STEMI
B) Spontaneous pneumothorax
C) Unstable angina

Given the patient's age"
5,undemonstrated,0.0486,0.0486,0.04812479559941359,0.061840108201726356,-2.783203125,360,0.0879,B,A,False,True,1,False,False,True,"A) Possible NSTEMI / STEMI

Given the patient's age, the character of the chest pain as described (heartbreaking, violent), its intensity"
5,undemonstrated,0.0380,0.038,0.03759696440061271,0.04613553161443577,-3.076171875,360,0.0879,B,A,False,True,1,False,False,True,"A) Possible NSTEMI / STEMI

Given the patient's age, the character of the chest pain as described and violent, its intensity, and the"
6,undemonstrated,natural,,0.1916911953107743,1.0,0.0,367,0.0896,D,A,False,True,3,True,True,True,◆A⟦OK⟧
6,undemonstrated,0.1500,0.15,0.14938940754193553,0.44679113078950283,-0.8056640625,367,0.0896,D,A,False,True,3,True,True,True,◆A ⟦OK⟧
6,undemonstrated,0.1200,0.12,0.11992368520893412,0.23111410023442172,-1.46484375,367,0.0896,D,A,False,True,2,False,True,True,A ⟦OK⟧
6,undemonstrated,0.0900,0.09,0.08952629750833549,0.12492045240700124,-2.080078125,367,0.0896,D,A,False,True,1,False,False,True,"A) Acute COPD exacerbation / infection
B) Viral pharyngitis
C) URTI
D) Bronchitis"
6,undemonstrated,0.0700,0.07,0.07056220887492713,0.08789251557133614,-2.431640625,367,0.0896,D,A,False,True,1,False,False,True,"A) Acute COPD exacerbation / infection
B) Viral pharyngitis
C) URTI
D) Bronchitis"
6,undemonstrated,0.0486,0.0486,0.04908564824686928,0.05747269505921463,-2.8564453125,367,0.0896,D,A,False,True,1,False,False,True,"A) Acute COPD exacerbation / infection

Given the patient's history of chronic obstructive pulmonary disease (COPD), the presence of a cough"
6,undemonstrated,0.0380,0.038,0.037182902879331445,0.04350995027895626,-3.134765625,367,0.0896,D,A,False,True,1,False,False,True,"A) Acute COPD exacerbation / infection

Given the patient's history of chronic obstructive pulmonary disease (COPD), the presence of cough,"
7,undemonstrated,natural,,0.17765203819540962,1.0,0.0,415,0.1013,B,B,True,True,3,True,True,True,◆B ⟦OK⟧
7,undemonstrated,0.1500,0.15,0.15002880796547208,0.6257840096045911,-0.4687500596046448,415,0.1013,B,B,True,True,2,False,True,True,B ⟦OK⟧
7,undemonstrated,0.1200,0.12,0.12087453234191005,0.35865633790708634,-1.025390625,415,0.1013,B,B,True,True,2,False,True,True,B ⟦OK⟧
7,undemonstrated,0.0900,0.09,0.09029545787652087,0.18282630132100924,-1.69921875,415,0.1013,B,B,True,True,2,False,True,True,B ⟦OK⟧
7,undemonstrated,0.0700,0.07,0.06952846072336032,0.1111065503531848,-2.197265625,415,0.1013,B,B,True,True,1,False,False,True,B) GERD
7,undemonstrated,0.0486,0.0486,0.04827511259226528,0.0675212780775444,-2.6953125,415,0.1013,B,B,True,True,1,False,False,True,"B) GERD

The patient's symptoms, including black stools (melena), abdominal pain, burning sensation in the stomach that radiates to the chest,"
7,undemonstrated,0.0380,0.038,0.03713957573650068,0.04750715251567949,-3.046875,415,0.1013,B,B,True,True,1,False,False,True,"B) GERD

The patient's symptoms, including black stools (melena), chest pain that radiates to the upper chest, a burning sensation in the"
8,undemonstrated,natural,,0.18435756004899348,1.0,0.0,355,0.0867,E,E,True,True,3,True,True,True,◆E ⟦OK⟧
8,undemonstrated,0.1500,0.15,0.14918081281881612,0.556583819812148,-0.5859375,355,0.0867,E,E,True,True,3,True,True,True,◆E⟦OK⟧
8,undemonstrated,0.1200,0.12,0.1200052369392522,0.32847936791032617,-1.11328125,355,0.0867,E,E,True,True,2,False,True,True,E ⟦OK⟧
8,undemonstrated,0.0900,0.09,0.09085982603549847,0.17242162389375282,-1.7578125,355,0.0867,E,E,True,True,2,False,True,True,E) Bronchitis ⟦OK⟧
8,undemonstrated,0.0700,0.07,0.06967339513049826,0.10478345674943497,-2.255859375,355,0.0867,E,E,True,True,1,False,False,True,E) Bronchitis
8,undemonstrated,0.0486,0.0486,0.04887045829305694,0.06557181170489068,-2.724609375,355,0.0867,E,E,True,True,1,False,False,True,E) Bronchitis
8,undemonstrated,0.0380,0.038,0.03887723997528585,0.04750715251567949,-3.046875,355,0.0867,E,E,True,True,1,False,False,True,"E) Bronchitis

Given the patient's symptoms of shortness of breath, cough, nasal congestion, and wheezing, especially with a history of"
9,undemonstrated,natural,,0.18880356095628165,1.0,0.0,329,0.0803,C,C,True,True,3,True,True,True,◆C ⟦OK⟧
9,undemonstrated,0.1500,0.15,0.14997517463033078,0.48074327892797597,-0.732421875,329,0.0803,C,C,True,True,3,True,True,True,◆C⟦OK⟧
9,undemonstrated,0.1200,0.12,0.11966519518257045,0.2450605392455259,-1.40625,329,0.0803,C,C,True,True,2,False,True,True,C ⟦OK⟧
9,undemonstrated,0.0900,0.09,0.08952629305099977,0.1286343687209221,-2.05078125,329,0.0803,C,C,True,True,1,False,False,True,"C) URTI
E) Chagas

Given the symptoms of increased sweating, pain, sore throat, and cough, along with recent contact with someone"
9,undemonstrated,0.0700,0.07,0.06992325457928443,0.08789251557133614,-2.431640625,329,0.0803,C,C,True,True,1,False,False,True,"C) URTI

Given the symptoms of increased sweating, pain (characterized as tedious and heavy, located at the top of the head, forehead,"
9,undemonstrated,0.0486,0.0486,0.048415991790790314,0.056636946030691915,-2.87109375,329,0.0803,C,C,True,True,1,False,False,True,"C) URTI

Given the patient's symptoms of increased sweating, pain (characterized as tedious and heavy, located at the top of the head,"
9,undemonstrated,0.0380,0.038,0.03732484932882626,0.04350995027895626,-3.134765625,329,0.0803,C,C,True,True,1,False,False,True,"C) URTI

The patient's symptoms of increased sweating, headache, sore throat, and cough, along with recent contact with someone who has similar symptoms"
10,undemonstrated,natural,,0.19435193664687223,1.0,0.0,453,0.1106,C,C,True,True,3,True,True,True,"◆C
⟦OK⟧"
10,undemonstrated,0.1500,0.15,0.1498157736887271,0.4152368286818413,-0.87890625,453,0.1106,C,C,True,True,3,True,True,True,◆C⟦OK⟧
10,undemonstrated,0.1200,0.12,0.11958156204864696,0.23111410023442172,-1.46484375,453,0.1106,C,C,True,True,2,False,True,True,C ⟦OK⟧
10,undemonstrated,0.0900,0.09,0.08952055450576789,0.12492045240700124,-2.080078125,453,0.1106,C,C,True,True,2,False,True,True,C) Anemia ⟦OK⟧
10,undemonstrated,0.0700,0.07,0.06976261212936516,0.08535489323371559,-2.4609375,453,0.1106,C,C,True,True,1,False,False,True,C) Anemia
10,undemonstrated,0.0486,0.0486,0.047962641939796345,0.05341372732716633,-2.9296875,453,0.1106,C,C,True,True,1,False,False,True,"C) Anemia

Given the patient's symptoms of dizziness, lightheadedness, fatigue, non-restful sleep, pale skin, and a"
10,undemonstrated,0.0380,0.038,0.0379976970587209,0.03984906846716255,-3.22265625,453,0.1106,C,C,True,True,1,False,False,True,"C) Anemia

Given the patient's symptoms of dizziness, lightheadedness, fatigue, non-restful sleep, pale skin, and a"
11,undemonstrated,natural,,0.18793165087766822,1.0,0.0,362,0.0884,D,D,True,True,3,True,True,True,◆D ⟦OK⟧
11,undemonstrated,0.1500,0.15,0.1499999085240638,0.4950358969261986,-0.703125,362,0.0884,D,D,True,True,3,True,True,True,"◆D) URTI
⟦OK⟧"
11,undemonstrated,0.1200,0.12,0.12021576083161337,0.2755289704553164,-1.2890625,362,0.0884,D,D,True,True,2,False,True,True,D ⟦OK⟧
11,undemonstrated,0.0900,0.09,0.0907243126046994,0.1446275083208538,-1.93359375,362,0.0884,D,D,True,True,0,False,False,False,"D) URTI
E) Cluster headache

Given the symptoms and history, the most likely diagnosis is D) URTI (Upper Respiratory Tr"
11,undemonstrated,0.0700,0.07,0.07028129135158785,0.09596708604499847,-2.34375,362,0.0884,D,D,True,True,1,False,False,True,D) URTI
11,undemonstrated,0.0486,0.0486,0.04840342892841187,0.060054667895307945,-2.8125,362,0.0884,D,D,True,True,1,False,False,True,D) URTI
11,undemonstrated,0.0380,0.038,0.03850641215981469,0.04480351198999153,-3.10546875,362,0.0884,D,D,True,True,1,False,False,True,D) URTI
12,undemonstrated,natural,,0.18466329929455813,1.0,0.0,358,0.0874,A,A,True,True,3,True,True,True,◆A ⟦OK⟧
12,undemonstrated,0.1500,0.15,0.14998186066187902,0.5249085353233612,-0.64453125,358,0.0874,A,A,True,True,3,True,True,True,◆A ⟦OK⟧
12,undemonstrated,0.1200,0.12,0.12074073307727344,0.2921555976422762,-1.23046875,358,0.0874,A,A,True,True,2,False,True,True,A ⟦OK⟧
12,undemonstrated,0.0900,0.09,0.08981013793451577,0.1446275083208538,-1.93359375,358,0.0874,A,A,True,True,1,False,False,True,"A) URTI
B) E) Acute rhinosinusitis
C) B) Bronchitis
D) C) Chronic rhinosinus"
12,undemonstrated,0.0700,0.07,0.06916339315685861,0.09596708604499847,-2.34375,358,0.0874,A,A,True,True,1,False,False,True,A) URTI
12,undemonstrated,0.0486,0.0486,0.04951890873250616,0.063678630095297,-2.75390625,358,0.0874,A,A,True,True,1,False,False,True,"A) URTI

Given the widespread muscle pain, cough with colored sputum, sore throat, and nasal congestion, these symptoms are most consistent with"
12,undemonstrated,0.0380,0.038,0.038558396315252964,0.04613553161443577,-3.076171875,358,0.0874,A,A,True,True,1,False,False,True,A) URTI
13,undemonstrated,natural,,0.18927708250465303,1.0,0.0,393,0.0959,D,A,False,True,3,True,True,True,◆A ⟦OK⟧
13,undemonstrated,0.1500,0.15,0.14947281707538984,0.46686331570996537,-0.76171875,393,0.0959,D,A,False,True,3,True,True,True,◆A ⟦OK⟧
13,undemonstrated,0.1200,0.12,0.1199819683187647,0.25984856758801733,-1.34765625,393,0.0959,D,A,False,True,2,False,True,True,A ⟦OK⟧
13,undemonstrated,0.0900,0.09,0.08917399377947975,0.1363967310184996,-1.9921875,393,0.0959,D,A,False,True,1,False,False,True,A) Acute rhinosinusitis
13,undemonstrated,0.0700,0.07,0.07039819458310999,0.0931963356615203,-2.373046875,393,0.0959,D,A,False,True,1,False,False,True,A) Acute rhinosinusitis
13,undemonstrated,0.0486,0.0486,0.04897836086772197,0.060054667895307945,-2.8125,393,0.0959,D,A,False,True,1,False,False,True,A) Acute rhinosinusitis
13,undemonstrated,0.0380,0.038,0.037818110922066786,0.04480351198999153,-3.10546875,393,0.0959,D,A,False,True,1,False,False,True,A) Acute rhinosinusitis
14,undemonstrated,natural,,0.18497367636231818,1.0,0.0,334,0.0815,A,E,False,True,3,True,True,True,◆E⟦OK⟧
14,undemonstrated,0.1500,0.15,0.1508432317149733,0.5249085353233612,-0.64453125,334,0.0815,A,E,False,True,3,True,True,True,◆E⟦OK⟧
14,undemonstrated,0.1200,0.12,0.1198917481415223,0.2755289704553164,-1.2890625,334,0.0815,A,E,False,True,2,False,True,True,E ⟦OK⟧
14,undemonstrated,0.0900,0.09,0.09026039763285539,0.1446275083208538,-1.93359375,334,0.0815,A,E,False,True,1,False,False,True,E
14,undemonstrated,0.0700,0.07,0.07098220772888386,0.09882021153081356,-2.314453125,334,0.0815,A,E,False,True,1,False,False,True,E) Pneumonia
14,undemonstrated,0.0486,0.0486,0.048987424561464286,0.060054667895307945,-2.8125,334,0.0815,A,E,False,True,1,False,False,True,"E) Pneumonia

Given the symptoms of chest pain, shortness of breath, cough with colored or more abundant sputum, fever, and"
14,undemonstrated,0.0380,0.038,0.038398027611432205,0.04480351198999153,-3.10546875,334,0.0815,A,E,False,True,1,False,False,True,E) Pneumonia
15,undemonstrated,natural,,0.18165016734807496,1.0,0.0,578,0.1411,D,D,True,True,3,True,True,True,"◆D) Panic attack
⟦OK⟧"
15,undemonstrated,0.1500,0.15,0.15067820049565314,0.556583819812148,-0.5859375,578,0.1411,D,D,True,True,3,True,True,True,◆D) Panic attack⟦OK⟧
15,undemonstrated,0.1200,0.12,0.11941162594617016,0.2921555976422762,-1.23046875,578,0.1411,D,D,True,True,2,False,True,True,D ⟦OK⟧
15,undemonstrated,0.0900,0.09,0.09053677027334506,0.15335496684492847,-1.875,578,0.1411,D,D,True,True,2,False,True,True,"D) Panic attack
⟦OK⟧"
15,undemonstrated,0.0700,0.07,0.07004489254240046,0.09882021153081356,-2.314453125,578,0.1411,D,D,True,True,1,False,False,True,D) Panic attack
15,undemonstrated,0.0486,0.0486,0.04860000282156067,0.060054667895307945,-2.8125,578,0.1411,D,D,True,True,1,False,False,True,D) Panic attack
15,undemonstrated,0.0380,0.038,0.0378209002614847,0.04480351198999153,-3.10546875,578,0.1411,D,D,True,True,1,False,False,True,D) Panic attack
16,undemonstrated,natural,,0.1934513796002278,1.0,0.0,416,0.1016,C,B,False,True,3,True,True,True,◆B ⟦OK⟧
16,undemonstrated,0.1500,0.15,0.15076566427351107,0.440294041117178,-0.8203125,416,0.1016,C,B,False,True,3,True,True,True,◆B⟦OK⟧
16,undemonstrated,0.1200,0.12,0.1198246552037688,0.23111410023442172,-1.46484375,416,0.1016,C,B,False,True,2,False,True,True,B ⟦OK⟧
16,undemonstrated,0.0900,0.09,0.09061065222461719,0.1286343687209221,-2.05078125,416,0.1016,C,B,False,True,1,False,False,True,"B) Spontaneous pneumothorax
C) Pulmonary embolism

Given the symptoms of coughing up blood, chest pain that worsens"
16,undemonstrated,0.0700,0.07,0.07073312370220032,0.08789251557133614,-2.431640625,416,0.1016,C,B,False,True,1,False,False,True,"B) Spontaneous pneumothorax

Given the symptoms of coughing up blood, chest pain that is worse with deep breathing, and history of imm"
16,undemonstrated,0.0486,0.0486,0.04819430995990075,0.056636946030691915,-2.87109375,416,0.1016,C,B,False,True,1,False,False,True,"B) Spontaneous pneumothorax

Given the symptoms of coughing up blood, chest pain that is worse with deep breathing, and recent immob"
16,undemonstrated,0.0380,0.038,0.03741536246492056,0.04350995027895626,-3.134765625,416,0.1016,C,B,False,True,1,False,False,True,"B) Spontaneous pneumothorax

Given the symptoms of coughing up blood, chest pain that is worse with deep breathing, and recent immob"
17,undemonstrated,natural,,0.18355296080811812,1.0,0.0,513,0.1252,A,A,True,True,3,True,True,True,◆A ⟦OK⟧
17,undemonstrated,0.1500,0.15,0.14916632951215414,0.5249085353233612,-0.64453125,513,0.1252,A,A,True,True,3,True,True,True,◆A ⟦OK⟧
17,undemonstrated,0.1200,0.12,0.12009217746034746,0.2921555976422762,-1.23046875,513,0.1252,A,A,True,True,2,False,True,True,A ⟦OK⟧
17,undemonstrated,0.0900,0.09,0.09003207959773431,0.15335496684492847,-1.875,513,0.1252,A,A,True,True,1,False,False,True,"A) Influenza
B) Pneumonia
C) URTI
D) HIV (initial infection)
E) Bronchitis"
17,undemonstrated,0.0700,0.07,0.06917646927946641,0.09882021153081356,-2.314453125,513,0.1252,A,A,True,True,1,False,False,True,A) Influenza
17,undemonstrated,0.0486,0.0486,0.04811985086390936,0.063678630095297,-2.75390625,513,0.1252,A,A,True,True,1,False,False,True,"A) Influenza

Given the symptoms including a cough, fever, sore throat, diffuse muscle pain, and significant fatigue, along with the presence of"
17,undemonstrated,0.0380,0.038,0.03876454024753428,0.04750715251567949,-3.046875,513,0.1252,A,A,True,True,1,False,False,True,"A) Influenza

Given the symptoms including a cough, fever, sore throat, diffuse muscle pain, significant fatigue, and a rash, influenza appears"
18,undemonstrated,natural,,0.1938948544562937,1.0,0.0,451,0.1101,E,D,False,True,3,True,True,True,◆D ⟦OK⟧
18,undemonstrated,0.1500,0.15,0.15048198074409394,0.4533840931520487,-0.791015625,451,0.1101,E,D,False,True,3,True,True,True,◆D⟦OK⟧
18,undemonstrated,0.1200,0.12,0.12037233828193415,0.25984856758801733,-1.34765625,451,0.1101,E,D,False,True,1,False,False,True,D
18,undemonstrated,0.0900,0.09,0.0907469289476969,0.1446275083208538,-1.93359375,451,0.1101,E,E,True,True,1,False,False,True,E
18,undemonstrated,0.0700,0.07,0.06939921082095389,0.09596708604499847,-2.34375,451,0.1101,E,E,True,True,1,False,False,True,E) Panic attack
18,undemonstrated,0.0486,0.0486,0.048302186445424014,0.05832077661072152,-2.841796875,451,0.1101,E,E,True,True,1,False,False,True,E) Panic attack
18,undemonstrated,0.0380,0.038,0.0382970920234729,0.04225373612899232,-3.1640625,451,0.1101,E,E,True,True,1,False,False,True,"E) Panic attack

Given the patient's symptoms of chest pain, palpitations, shortness of breath, dizziness, and a history of anxiety and depression"
19,undemonstrated,natural,,0.18231064513384387,1.0,0.0,488,0.1191,E,D,False,True,3,True,True,True,◆D ⟦OK⟧
19,undemonstrated,0.1500,0.15,0.14985407752031882,0.556583819812148,-0.5859375,488,0.1191,E,D,False,True,3,True,True,True,◆D ⟦OK⟧
19,undemonstrated,0.1200,0.12,0.11915825808186664,0.30978554847668166,-1.171875,488,0.1191,E,D,False,True,2,False,True,True,D ⟦OK⟧
19,undemonstrated,0.0900,0.09,0.08907315489688049,0.1626090785152391,-1.81640625,488,0.1191,E,D,False,True,2,False,True,True,D ⟦OK⟧
19,undemonstrated,0.0700,0.07,0.06963411433006927,0.10789869514276741,-2.2265625,488,0.1191,E,D,False,True,1,False,False,True,D
19,undemonstrated,0.0486,0.0486,0.0492710531839354,0.06557181170489068,-2.724609375,488,0.1191,E,D,False,True,1,False,False,True,D) HIV (initial infection)
19,undemonstrated,0.0380,0.038,0.0384619027088815,0.04750715251567949,-3.046875,488,0.1191,E,A,False,True,1,False,False,True,"A) URTI

Given the symptoms of sore throat, fever, rash, and other flu-like symptoms, along with the patient's age and immunos"
20,undemonstrated,natural,,0.19051853129107418,1.0,0.0,301,0.0735,D,D,True,True,3,True,True,True,◆D ⟦OK⟧
20,undemonstrated,0.1500,0.15,0.15046598131192027,0.4950358969261986,-0.703125,301,0.0735,D,D,True,True,3,True,True,True,◆D ⟦OK⟧
20,undemonstrated,0.1200,0.12,0.12086372484765015,0.2755289704553164,-1.2890625,301,0.0735,D,D,True,True,3,True,True,True,◆ D) Acute otitis media ⟦OK⟧
20,undemonstrated,0.0900,0.09,0.08992514947613592,0.15335496684492847,-1.875,301,0.0735,D,D,True,True,0,False,False,False,"D) Acute otitis media
E) Chagas

The most likely diagnosis is D) Acute otitis media given the symptoms and history of recent"
20,undemonstrated,0.0700,0.07,0.06958739085719197,0.10175816115137408,-2.28515625,301,0.0735,D,D,True,True,0,False,False,False,"D) Acute otitis media
E) Chagas

The most likely diagnosis is D) Acute otitis media given the symptoms of ear pain,"
20,undemonstrated,0.0486,0.0486,0.048584650414720425,0.06557181170489068,-2.724609375,301,0.0735,D,D,True,True,1,False,False,True,"D) Acute otitis media

Given the symptoms of ear pain, fever, irritability, and a recent history of an ear infection, acute otitis"
20,undemonstrated,0.0380,0.038,0.037862496080141396,0.04613553161443577,-3.076171875,301,0.0735,D,D,True,True,1,False,False,True,"D) Acute otitis media

Given the symptoms of a cough, ear pain (specifically in both ears, described as sharp and sensitive with a high"
21,undemonstrated,natural,,0.18898719253708324,1.0,0.0,388,0.0947,E,D,False,True,3,True,True,True,◆D ⟦OK⟧
21,undemonstrated,0.1500,0.15,0.15062719027146088,0.4950358969261986,-0.703125,388,0.0947,E,E,True,True,3,True,True,True,"◆E) Pulmonary embolism
⟦OK⟧"
21,undemonstrated,0.1200,0.12,0.11999883756455712,0.2755289704553164,-1.2890625,388,0.0947,E,E,True,True,3,True,True,True,"◆E) Pulmonary embolism
⟦OK⟧"
21,undemonstrated,0.0900,0.09,0.0902248396101408,0.1446275083208538,-1.93359375,388,0.0947,E,E,True,True,1,False,False,True,E) Pulmonary embolism
21,undemonstrated,0.0700,0.07,0.07004001526405568,0.09596708604499847,-2.34375,388,0.0947,E,E,True,True,1,False,False,True,"E) Pulmonary embolism

Given the patient's history of active cancer, previous DVT, and recent surgery, along with symptoms of hemoptysis"
21,undemonstrated,0.0486,0.0486,0.048485201135251864,0.060054667895307945,-2.8125,388,0.0947,E,E,True,True,1,False,False,True,"E) Pulmonary embolism

Given the patient's history of active cancer, previous DVT, and recent surgery, along with symptoms of coughing up"
21,undemonstrated,0.0380,0.038,0.0381134154626224,0.04480351198999153,-3.10546875,388,0.0947,E,E,True,True,1,False,False,True,"E) Pulmonary embolism

Given the patient's history of active cancer, previous DVT, and recent surgery, along with symptoms of coughing up"
22,undemonstrated,natural,,0.18963583023504443,1.0,0.0,356,0.0869,C,E,False,True,3,True,True,True,◆E ⟦OK⟧
22,undemonstrated,0.1500,0.15,0.14914434452705697,0.4950358969261986,-0.703125,356,0.0869,C,E,False,True,3,True,True,True,◆E⟦OK⟧
22,undemonstrated,0.1200,0.12,0.11905995189199214,0.2921555976422762,-1.23046875,356,0.0869,C,E,False,True,2,False,True,True,E ⟦OK⟧
22,undemonstrated,0.0900,0.09,0.08960749402543447,0.15791424838939916,-1.845703125,356,0.0869,C,E,False,True,1,False,False,True,"E) Possible NSTEMI / STEMI
E) Possible NSTEMI / STEMI
E) Possible NSTEMI / STEMI
E)"
22,undemonstrated,0.0700,0.07,0.07013997558819124,0.10175816115137408,-2.28515625,356,0.0869,C,E,False,True,1,False,False,True,"E) Possible NSTEMI / STEMI

Given the patient's history of metastatic cancer, the intensity and location of the pain, especially how it increases"
22,undemonstrated,0.0486,0.0486,0.04877884696287787,0.063678630095297,-2.75390625,356,0.0869,C,E,False,True,1,False,False,True,"E) Possible NSTEMI / STEMI

Given the patient's history of metastatic cancer, the intensity and location of the pain, especially its increase during"
22,undemonstrated,0.0380,0.038,0.037654778026170434,0.04480351198999153,-3.10546875,356,0.0869,C,E,False,True,1,False,False,True,"E) Possible NSTEMI / STEMI

Given the patient's history of metastatic cancer, the intensity and location of the pain (especially when it increases"
23,undemonstrated,natural,,0.1733727320983575,1.0,0.0,579,0.1414,B,B,True,True,3,True,True,True,◆B⟦OK⟧
23,undemonstrated,0.1500,0.15,0.14982509452252019,0.663546562885513,-0.41015625,579,0.1414,B,B,True,True,3,True,True,True,◆B⟦OK⟧
23,undemonstrated,0.1200,0.12,0.11971294439870536,0.34830125444308524,-1.0546875,579,0.1414,B,B,True,True,2,False,True,True,B ⟦OK⟧
23,undemonstrated,0.0900,0.09,0.08989743429238724,0.17242162389375282,-1.7578125,579,0.1414,B,B,True,True,2,False,True,True,B ⟦OK⟧
23,undemonstrated,0.0700,0.07,0.06987284481357199,0.10789869514276741,-2.2265625,579,0.1414,B,B,True,True,2,False,True,True,B ⟦OK⟧
23,undemonstrated,0.0486,0.0486,0.04865035139860735,0.061840108201726356,-2.783203125,579,0.1414,B,E,False,True,1,False,False,True,"E) Pulmonary neoplasm

Given the symptoms of hemoptysis (coughing up blood), chest pain, fever, and a rash with pe"
23,undemonstrated,0.0380,0.038,0.03735215082678709,0.04480351198999153,-3.10546875,579,0.1414,B,E,False,True,1,False,False,True,E) Pulmonary neoplasm
24,undemonstrated,natural,,0.19894509495725818,1.0,0.0,366,0.0894,E,C,False,True,3,True,True,True,◆C⟦OK⟧
24,undemonstrated,0.1500,0.15,0.15097885991337165,0.440294041117178,-0.8203125,366,0.0894,E,C,False,True,3,True,True,True,◆C⟦OK⟧
24,undemonstrated,0.1200,0.12,0.12061134838975023,0.2450605392455259,-1.40625,366,0.0894,E,C,False,True,2,False,True,True,C ⟦OK⟧
24,undemonstrated,0.0900,0.09,0.08907386949632982,0.1363967310184996,-1.9921875,366,0.0894,E,C,False,True,1,False,False,True,C
24,undemonstrated,0.0700,0.07,0.07058033856428089,0.09596708604499847,-2.34375,366,0.0894,E,C,False,True,1,False,False,True,C
24,undemonstrated,0.0486,0.0486,0.048929377832824535,0.060054667895307945,-2.8125,366,0.0894,E,C,False,True,1,False,False,True,"C) Spontaneous pneumothorax

Given the patient's symptoms of intense coughing fits, chest pain that is sharp and localized to the side of"
24,undemonstrated,0.0380,0.038,0.03819417697991657,0.04480351198999153,-3.10546875,366,0.0894,E,E,True,True,1,False,False,True,"E) Spontaneous rib fracture

Given the patient's symptoms of intense coughing fits, chest pain described
user
that is is sharp and localized"
25,undemonstrated,natural,,0.18596192435042933,1.0,0.0,451,0.1101,A,A,True,True,3,True,True,True,◆A⟦OK⟧
25,undemonstrated,0.1500,0.15,0.15053018051684774,0.5326542177657382,-0.6298828125,451,0.1101,A,A,True,True,3,True,True,True,◆A⟦OK⟧
25,undemonstrated,0.1200,0.12,0.12071202867302062,0.30978554847668166,-1.171875,451,0.1101,A,A,True,True,2,False,True,True,A ⟦OK⟧
25,undemonstrated,0.0900,0.09,0.09039440966661895,0.16744348711569607,-1.787109375,451,0.1101,A,A,True,True,1,False,False,True,A
25,undemonstrated,0.0700,0.07,0.06922515481989351,0.10175816115137408,-2.28515625,451,0.1101,A,A,True,True,1,False,False,True,A) Anemia
25,undemonstrated,0.0486,0.0486,0.0492809455002163,0.063678630095297,-2.75390625,451,0.1101,A,A,True,True,1,False,False,True,A) Anemia
25,undemonstrated,0.0380,0.038,0.038694795992782034,0.04480351198999153,-3.10546875,451,0.1101,A,A,True,True,1,False,False,True,A) Anemia
26,undemonstrated,natural,,0.19274163874232692,1.0,0.0,437,0.1067,A,A,True,True,3,True,True,True,◆A ⟦OK⟧
26,undemonstrated,0.1500,0.15,0.15043150349540596,0.44679113078950283,-0.8056640625,437,0.1067,A,A,True,True,3,True,True,True,◆A) Influenza⟦OK⟧
26,undemonstrated,0.1200,0.12,0.1196531566064863,0.23798518027535226,-1.435546875,437,0.1067,A,A,True,True,2,False,True,True,A ⟦OK⟧
26,undemonstrated,0.0900,0.09,0.0908874499277147,0.13245870069633822,-2.021484375,437,0.1067,A,A,True,True,1,False,False,True,"A) Influenza
B) HIV (initial infection)
C) Bronchitis
D) Pneumonia
E) Tuberculosis"
26,undemonstrated,0.0700,0.07,0.07027466947115071,0.09050558205614526,-2.40234375,437,0.1067,A,A,True,True,1,False,False,True,"A) Influenza
B) HIV (initial infection)
D) Pneumonia
E) Tuberculosis

Given the symptoms, the most"
26,undemonstrated,0.0486,0.0486,0.048947333827956276,0.060054667895307945,-2.8125,437,0.1067,A,A,True,True,1,False,False,True,"A) Influenza

The symptoms described
user
Can you explain why you chose Influenza?"
26,undemonstrated,0.0380,0.038,0.038781506546824364,0.04480351198999153,-3.10546875,437,0.1067,A,A,True,True,1,False,False,True,A) Influenza
27,undemonstrated,natural,,0.18900443244033302,1.0,0.0,310,0.0757,B,B,True,True,3,True,True,True,◆B ⟦OK⟧
27,undemonstrated,0.1500,0.15,0.15006993983267614,0.509753438034524,-0.6738280653953552,310,0.0757,B,B,True,True,3,True,True,True,◆B⟦OK⟧
27,undemonstrated,0.1200,0.12,0.12076920357953426,0.2921555976422762,-1.23046875,310,0.0757,B,B,True,True,2,False,True,True,B ⟦OK⟧
27,undemonstrated,0.0900,0.09,0.09035887421093573,0.15791424838939916,-1.845703125,310,0.0757,B,B,True,True,1,False,False,True,"B) Viral pharyngitis
C) Bronchitis
D) Acute laryngitis
E) Tuberculosis
The most likely"
27,undemonstrated,0.0700,0.07,0.06963442609604438,0.10027842744062854,-2.2998046875,310,0.0757,B,B,True,True,1,False,False,True,"B) Viral pharyngitis
C) Bronchitis
D) Acute laryngitis

Given the patient's age, the presence"
27,undemonstrated,0.0486,0.0486,0.04809534860672188,0.063678630095297,-2.75390625,310,0.0757,B,B,True,True,1,False,False,True,"B) Viral pharyngitis

Given the patient's age, the presence of fever, throat pain, and cough, viral pharyngitis seems"
27,undemonstrated,0.0380,0.038,0.0370003688501982,0.04480351198999153,-3.10546875,310,0.0757,B,B,True,True,1,False,False,True,"B) Viral pharyngitis

Given the patient's age, the presence of fever, throat pain, and cough, viral pharyngitis seems"
28,undemonstrated,natural,,0.18783436876878024,1.0,0.0,329,0.0803,E,E,True,True,3,True,True,True,◆E ⟦OK⟧
28,undemonstrated,0.1500,0.15,0.15006554713156667,0.5249085353233612,-0.64453125,329,0.0803,E,E,True,True,3,True,True,True,"◆E) Viral pharyngitis
⟦OK⟧"
28,undemonstrated,0.1200,0.12,0.12015572505143575,0.2921555976422762,-1.23046875,329,0.0803,E,E,True,True,2,False,True,True,E ⟦OK⟧
28,undemonstrated,0.0900,0.09,0.08968730918232364,0.14892732033918138,-1.904296875,329,0.0803,E,E,True,True,1,False,False,True,"E) Viral pharyngitis
E) Viral pharyngitis
E) Viral pharyngitis
E) Viral ph"
28,undemonstrated,0.0700,0.07,0.0693479270171205,0.09596708604499847,-2.34375,329,0.0803,E,E,True,True,1,False,False,True,E) Viral pharyngitis
28,undemonstrated,0.0486,0.0486,0.04760280082461017,0.060054667895307945,-2.8125,329,0.0803,E,E,True,True,1,False,False,True,"E) Viral pharyngitis

Given the patient's age, the presence of nasal congestion or a clear runny nose, and the recent contact with"
28,undemonstrated,0.0380,0.038,0.037734937548763545,0.04480351198999153,-3.10546875,329,0.0803,E,E,True,True,1,False,False,True,"E) Viral pharyngitis

Given the patient's age, symptoms of nasal congestion or a clear runny nose, and the presence of throat pain"
29,undemonstrated,natural,,0.19136147194823933,1.0,0.0,392,0.0957,B,B,True,True,3,True,True,True,◆B⟦OK⟧
29,undemonstrated,0.1500,0.15,0.14919769261735244,0.4533840931520487,-0.791015625,392,0.0957,B,B,True,True,3,True,True,True,◆B) GERD⟦OK⟧
29,undemonstrated,0.1200,0.12,0.11938034934168736,0.23798518027535226,-1.435546875,392,0.0957,B,B,True,True,2,False,True,True,B ⟦OK⟧
29,undemonstrated,0.0900,0.09,0.089692160835548,0.13245870069633822,-2.021484375,392,0.0957,B,B,True,True,1,False,False,True,"B) GERD
E) Bronchitis (secondary based on symptoms)"
29,undemonstrated,0.0700,0.07,0.06913529881026227,0.09050558205614526,-2.40234375,392,0.0957,B,B,True,True,1,False,False,True,B) GERD
29,undemonstrated,0.0486,0.0486,0.04845849631840849,0.060054667895307945,-2.8125,392,0.0957,B,B,True,True,1,False,False,True,B) GERD
29,undemonstrated,0.0380,0.038,0.038106298209443654,0.04480351198999153,-3.10546875,392,0.0957,B,B,True,True,1,False,False,True,B) GERD
30,undemonstrated,natural,,0.19314988634383168,1.0,0.0,316,0.0771,A,C,False,True,3,True,True,True,◆C⟦OK⟧
30,undemonstrated,0.1500,0.15,0.15083847764343883,0.4950358969261986,-0.703125,316,0.0771,A,C,False,True,3,True,True,True,◆C⟦OK⟧
30,undemonstrated,0.1200,0.12,0.11950093757758706,0.2755289704553164,-1.2890625,316,0.0771,A,C,False,True,3,True,True,True,◆ C ⟦OK⟧
30,undemonstrated,0.0900,0.09,0.08998131119458716,0.15791424838939916,-1.845703125,316,0.0771,A,A,True,True,1,False,False,True,A
30,undemonstrated,0.0700,0.07,0.07022761843397664,0.10789869514276741,-2.2265625,316,0.0771,A,A,True,True,1,False,False,True,A
30,undemonstrated,0.0486,0.0486,0.04825596190357493,0.0675212780775444,-2.6953125,316,0.0771,A,A,True,True,1,False,False,True,"A) Atrial fibrillation

Given the patient's history of hyperthyroidism, a known heart valve issue, COPD, and a known heart defect"
30,undemonstrated,0.0380,0.038,0.037270275758879354,0.04750715251567949,-3.046875,316,0.0771,A,A,True,True,1,False,False,True,"A) Atrial fibrillation

Given the patient's history of hyperthyroidism, a known heart valve issue, severe COPD, and a known heart"
31,undemonstrated,natural,,0.18737851222598145,1.0,0.0,326,0.0796,B,A,False,True,3,True,True,True,◆A⟦OK⟧
31,undemonstrated,0.1500,0.15,0.15029996443707286,0.4950358969261986,-0.703125,326,0.0796,B,A,False,True,3,True,True,True,◆A⟦OK⟧
31,undemonstrated,0.1200,0.12,0.12018752528726517,0.25984856758801733,-1.34765625,326,0.0796,B,A,False,True,2,False,True,True,A ⟦OK⟧
31,undemonstrated,0.0900,0.09,0.09092025060499324,0.1363967310184996,-1.9921875,326,0.0796,B,A,False,True,1,False,False,True,"A) Acute COPD exacerbation / infection
B) Bronchitis
C) Influenza
E) Tuberculosis

Given the symptoms"
31,undemonstrated,0.0700,0.07,0.07065364958283364,0.09050558205614526,-2.40234375,326,0.0796,B,A,False,True,1,False,False,True,A) Acute COPD exacerbation / infection
31,undemonstrated,0.0486,0.0486,0.04763810620594527,0.056636946030691915,-2.87109375,326,0.0796,B,A,False,True,1,False,False,True,"A) Acute COPD exacerbation / infection

Given the patient's history of chronic obstructive pulmonary disease (COPD), the presence of a fever"
31,undemonstrated,0.0380,0.038,0.036751413404315016,0.04350995027895626,-3.134765625,326,0.0796,B,A,False,True,1,False,False,True,"A) Acute COPD exacerbation / infection

Given the patient's history of chronic obstructive pulmonary disease (COPD), the presence of fever,"
32,undemonstrated,natural,,0.19034790725299075,1.0,0.0,355,0.0867,E,B,False,True,3,True,True,True,◆B⟦OK⟧
32,undemonstrated,0.1500,0.15,0.15005707735694604,0.487837247732635,-0.7177734375,355,0.0867,E,B,False,True,3,True,True,True,◆B⟦OK⟧
32,undemonstrated,0.1200,0.12,0.12046931626692418,0.2755289704553164,-1.2890625,355,0.0867,E,B,False,True,2,False,True,True,B ⟦OK⟧
32,undemonstrated,0.0900,0.09,0.09048272935729162,0.15335496684492847,-1.875,355,0.0867,E,B,False,True,1,False,False,True,B
32,undemonstrated,0.0700,0.07,0.07067112672726629,0.09882021153081356,-2.314453125,355,0.0867,E,B,False,True,1,False,False,True,B
32,undemonstrated,0.0486,0.0486,0.04909867632958036,0.060054667895307945,-2.8125,355,0.0867,E,B,False,True,1,False,False,True,"B) Possible NSTEMI / STEMI

Given the symptoms of sharp pain, shortness of breath, and a high-pitched sound when breathing in,"
32,undemonstrated,0.0380,0.038,0.038892452346853915,0.04480351198999153,-3.10546875,355,0.0867,E,B,False,True,1,False,False,True,"B) Possible NSTEMI / STEMI

Given the symptoms of sharp pain, shortness of breath, and a high-pitched sound when breathing in,"
33,undemonstrated,natural,,0.1957278429229868,1.0,0.0,435,0.1062,E,C,False,True,3,True,True,True,◆C⟦OK⟧
33,undemonstrated,0.1500,0.15,0.1508545040815526,0.440294041117178,-0.8203125,435,0.1062,E,C,False,True,3,True,True,True,◆C⟦OK⟧
33,undemonstrated,0.1200,0.12,0.1193101951702527,0.2450605392455259,-1.40625,435,0.1062,E,C,False,True,1,False,False,True,C
33,undemonstrated,0.0900,0.09,0.09092028792768052,0.1446275083208538,-1.93359375,435,0.1062,E,C,False,True,1,False,False,True,C
33,undemonstrated,0.0700,0.07,0.07083263264940819,0.09882021153081356,-2.314453125,435,0.1062,E,C,False,True,1,False,False,True,C
33,undemonstrated,0.0486,0.0486,0.04803983244497424,0.060054667895307945,-2.8125,435,0.1062,E,E,True,True,1,False,False,True,"E) Pulmonary embolism

Given the patient's history of active cancer, recent surgery, immobility, and the presence of chest pain that wors"
33,undemonstrated,0.0380,0.038,0.03852063273557169,0.04480351198999153,-3.10546875,435,0.1062,E,E,True,True,1,False,False,True,"E) Pulmonary embolism

Given the patient's history of active cancer, recent surgery, immobility, and the presence of chest pain that wors"
34,undemonstrated,natural,,0.1922661340974765,1.0,0.0,546,0.1333,D,D,True,True,3,True,True,True,◆D ⟦OK⟧
34,undemonstrated,0.1500,0.15,0.15057687648229462,0.440294041117178,-0.8203125,546,0.1333,D,D,True,True,3,True,True,True,◆D ⟦OK⟧
34,undemonstrated,0.1200,0.12,0.1198135167780625,0.22444140120559558,-1.494140625,546,0.1333,D,D,True,True,2,False,True,True,D ⟦OK⟧
34,undemonstrated,0.0900,0.09,0.08935660675692123,0.1213137638466268,-2.109375,546,0.1333,D,D,True,True,1,False,False,True,D) HIV (initial infection)
34,undemonstrated,0.0700,0.07,0.07021379420589191,0.08535489323371559,-2.4609375,546,0.1333,D,D,True,True,1,False,False,True,D) HIV (initial infection)
34,undemonstrated,0.0486,0.0486,0.049244655018682346,0.056636946030691915,-2.87109375,546,0.1333,D,D,True,True,1,False,False,True,D) HIV (initial infection)
34,undemonstrated,0.0380,0.038,0.03719655745011679,0.04225373612899232,-3.1640625,546,0.1333,D,D,True,True,1,False,False,True,"D) HIV (initial infection)

The symptoms described most closely with early signs of HIV infection, including swollen or painful lymph nodes, diarrhea, generalized body aches"
35,undemonstrated,natural,,0.19103362737536253,1.0,0.0,384,0.0938,B,A,False,True,3,True,True,True,◆A⟦OK⟧
35,undemonstrated,0.1500,0.15,0.14954912113645144,0.46686331570996537,-0.76171875,384,0.0938,B,A,False,True,3,True,True,True,◆A⟦OK⟧
35,undemonstrated,0.1200,0.12,0.12004624631713388,0.2675739305347498,-1.318359375,384,0.0938,B,A,False,True,2,False,True,True,A ⟦OK⟧
35,undemonstrated,0.0900,0.09,0.09024370836572915,0.14045183996771032,-1.962890625,384,0.0938,B,A,False,True,1,False,False,True,"A) Possible NSTEMI / STEMI
B) Pericarditis
C) Pulmonary embolism
D) Spontaneous pneumoth"
35,undemonstrated,0.0700,0.07,0.07048857952450636,0.09596708604499847,-2.34375,384,0.0938,B,B,True,True,1,False,False,True,B) Pericarditis
35,undemonstrated,0.0486,0.0486,0.04904545217147411,0.060054667895307945,-2.8125,384,0.0938,B,A,False,True,1,False,False,True,"A) Possible NSTEMI / STEMI

Given the patient's symptoms of sharp pain in the upper chest, epigastric area, radiating to"
35,undemonstrated,0.0380,0.038,0.038823482089889096,0.04480351198999153,-3.10546875,384,0.0938,B,B,True,True,1,False,False,True,B) Pericarditis
36,undemonstrated,natural,,0.20046754309124287,1.0,0.0,449,0.1096,C,C,True,True,3,True,True,True,◆C ⟦OK⟧
36,undemonstrated,0.1500,0.15,0.14993869840609228,0.391605626676799,-0.9375,449,0.1096,C,C,True,True,3,True,True,True,◆C⟦OK⟧
36,undemonstrated,0.1200,0.12,0.11902730600495522,0.21166840101912124,-1.552734375,449,0.1096,C,C,True,True,1,False,False,True,C
36,undemonstrated,0.0900,0.09,0.08970327137859323,0.1213137638466268,-2.109375,449,0.1096,C,C,True,True,1,False,False,True,C
36,undemonstrated,0.0700,0.07,0.07032412127320048,0.08789251557133614,-2.431640625,449,0.1096,C,C,True,True,1,False,False,True,C
36,undemonstrated,0.0486,0.0486,0.04822941533303665,0.056636946030691915,-2.87109375,449,0.1096,C,C,True,True,1,False,False,True,"C) Pancreatic neoplasm

The combination of involuntary weight loss, abdominal pain, jaundice (indicated by pale stools and dark urine),"
36,undemonstrated,0.0380,0.038,0.0377930471296496,0.04225373612899232,-3.1640625,449,0.1096,C,C,True,True,1,False,False,True,"C) Pancreatic neoplasm

The patient's symptoms, including involuntary weight loss, pain in the epigastric region, jaundice ("
37,undemonstrated,natural,,0.19207449146944583,1.0,0.0,362,0.0884,D,B,False,True,3,True,True,True,◆B ⟦OK⟧
37,undemonstrated,0.1500,0.15,0.14941842537265534,0.46686331570996537,-0.76171875,362,0.0884,D,B,False,True,3,True,True,True,"◆B) Viral pharyngitis
⟦OK⟧"
37,undemonstrated,0.1200,0.12,0.12094003280094565,0.2755289704553164,-1.2890625,362,0.0884,D,B,False,True,2,False,True,True,B ⟦OK⟧
37,undemonstrated,0.0900,0.09,0.09071481379763213,0.15335496684492847,-1.875,362,0.0884,D,B,False,True,1,False,False,True,"B) Viral pharyngitis
D) Acute laryngitis
E) Bronchitis

Given the symptoms and history, viral ph"
37,undemonstrated,0.0700,0.07,0.07095650689727082,0.10175816115137408,-2.28515625,362,0.0884,D,B,False,True,1,False,False,True,"B) Viral pharyngitis
D) Acute laryngitis

Given the symptoms and history, both viral pharyngitis and acute"
37,undemonstrated,0.0486,0.0486,0.048619118250850614,0.063678630095297,-2.75390625,362,0.0884,D,B,False,True,1,False,False,True,"B) Viral pharyngitis

Given the symptoms of fever, sore throat with specific characteristics (burning, precise location), cough, and recent history"
37,undemonstrated,0.0380,0.038,0.03817549545108594,0.04750715251567949,-3.046875,362,0.0884,D,B,False,True,1,False,False,True,"B) Viral pharyngitis

Given the symptoms of fever, sore throat with specific characteristics (burning, precise location), cough, and recent history"
38,undemonstrated,natural,,0.1905391526918034,1.0,0.0,333,0.0813,D,A,False,True,3,True,True,True,◆A⟦OK⟧
38,undemonstrated,0.1500,0.15,0.150979502691221,0.4950358969261986,-0.703125,333,0.0813,D,A,False,True,3,True,True,True,◆A⟦OK⟧
38,undemonstrated,0.1200,0.12,0.1197622812664239,0.25984856758801733,-1.34765625,333,0.0813,D,A,False,True,2,False,True,True,A ⟦OK⟧
38,undemonstrated,0.0900,0.09,0.089091978087107,0.1363967310184996,-1.9921875,333,0.0813,D,A,False,True,1,False,False,True,"A) URTI
B) Viral pharyngitis
D) Viral pharyngitis
E) Possible NSTEMI / STEMI"
38,undemonstrated,0.0700,0.07,0.07098047536388523,0.09596708604499847,-2.34375,333,0.0813,D,A,False,True,1,False,False,True,"A) URTI
B) Viral pharyngitis
D) Viral pharyngitis
E) Possible NSTEMI / STE"
38,undemonstrated,0.0486,0.0486,0.04877100339507048,0.060054667895307945,-2.8125,333,0.0813,D,A,False,True,1,False,False,True,"A) URTI

Given the symptoms of pain (described as burning), nasal congestion, and a cough, along with recent contact with someone who has"
38,undemonstrated,0.0380,0.038,0.03815315817918536,0.04480351198999153,-3.10546875,333,0.0813,D,A,False,True,1,False,False,True,A) URTI
39,undemonstrated,natural,,0.19163643591921337,1.0,0.0,320,0.0781,C,C,True,True,3,True,True,True,◆C ⟦OK⟧
39,undemonstrated,0.1500,0.15,0.14998434427058965,0.46686331570996537,-0.76171875,320,0.0781,C,C,True,True,3,True,True,True,◆C⟦OK⟧
39,undemonstrated,0.1200,0.12,0.11931983833001092,0.2675739305347498,-1.318359375,320,0.0781,C,C,True,True,1,False,False,True,C
39,undemonstrated,0.0900,0.09,0.09073566532239251,0.14045183996771032,-1.962890625,320,0.0781,C,C,True,True,1,False,False,True,"C) URTI
E) Influenza
Given the symptoms of a cough, fever, sore throat, and nasal congestion, these are typical"
39,undemonstrated,0.0700,0.07,0.0700142548196356,0.09596708604499847,-2.34375,320,0.0781,C,C,True,True,1,False,False,True,C) URTI
39,undemonstrated,0.0486,0.0486,0.049076080722754614,0.063678630095297,-2.75390625,320,0.0781,C,C,True,True,1,False,False,True,C) URTI
39,undemonstrated,0.0380,0.038,0.03731545009587867,0.04480351198999153,-3.10546875,320,0.0781,C,C,True,True,1,False,False,True,C) URTI
40,undemonstrated,natural,,0.1924539493389281,1.0,0.0,416,0.1016,D,D,True,True,3,True,True,True,◆D⟦OK⟧
40,undemonstrated,0.1500,0.15,0.15059860103205855,0.4600743429263593,-0.7763671875,416,0.1016,D,D,True,True,3,True,True,True,◆D⟦OK⟧
40,undemonstrated,0.1200,0.12,0.11997259003384934,0.2450605392455259,-1.40625,416,0.1016,D,D,True,True,2,False,True,True,D ⟦OK⟧
40,undemonstrated,0.0900,0.09,0.0906798958352735,0.1446275083208538,-1.93359375,416,0.1016,D,D,True,True,1,False,False,True,D
40,undemonstrated,0.0700,0.07,0.07026324526296786,0.09596708604499847,-2.34375,416,0.1016,D,D,True,True,1,False,False,True,D
40,undemonstrated,0.0486,0.0486,0.047979366536268095,0.060054667895307945,-2.8125,416,0.1016,D,D,True,True,1,False,False,True,D
40,undemonstrated,0.0380,0.038,0.03767995909930175,0.04480351198999153,-3.10546875,416,0.1016,D,D,True,True,1,False,False,True,D
41,undemonstrated,natural,,0.18845313797782356,1.0,0.0,435,0.1062,E,D,False,True,3,True,True,True,◆D⟦OK⟧
41,undemonstrated,0.1500,0.15,0.14924747794883997,0.5023407711988287,-0.6884765028953552,435,0.1062,E,D,False,True,3,True,True,True,◆D⟦OK⟧
41,undemonstrated,0.1200,0.12,0.11935409778523651,0.2921555976422762,-1.23046875,435,0.1062,E,D,False,True,2,False,True,True,D ⟦OK⟧
41,undemonstrated,0.0900,0.09,0.08910864974396647,0.15335496684492847,-1.875,435,0.1062,E,E,True,True,1,False,False,True,E
41,undemonstrated,0.0700,0.07,0.0703527434779138,0.10175816115137408,-2.28515625,435,0.1062,E,E,True,True,1,False,False,True,E) Sarcoidosis
41,undemonstrated,0.0486,0.0486,0.047769159009779835,0.060054667895307945,-2.8125,435,0.1062,E,E,True,True,1,False,False,True,"E) Sarcoidosis

Given the symptoms of swollen or painful lymph nodes, the presence of pain in multiple fingers, and the overall systemic nature of the"
41,undemonstrated,0.0380,0.038,0.03804757178399223,0.04480351198999153,-3.10546875,435,0.1062,E,E,True,True,1,False,False,True,E) Sarcoidosis
42,undemonstrated,natural,,0.19360793945120305,1.0,0.0,426,0.104,A,A,True,True,3,True,True,True,◆A⟦OK⟧
42,undemonstrated,0.1500,0.15,0.15031794027469506,0.440294041117178,-0.8203125,426,0.104,A,A,True,True,3,True,True,True,◆A) Epiglottitis⟦OK⟧
42,undemonstrated,0.1200,0.12,0.11900996721193795,0.23452447805818624,-1.4501953125,426,0.104,A,A,True,True,2,False,True,True,A ⟦OK⟧
42,undemonstrated,0.0900,0.09,0.09027083359961742,0.13245870069633822,-2.021484375,426,0.104,A,A,True,True,1,False,False,True,"A) Epiglottitis
B) Possible NSTEMI / STEMI
C) Unstable angina
D) Myasthenia gr"
42,undemonstrated,0.0700,0.07,0.07083678574397527,0.09596708604499847,-2.34375,426,0.104,A,A,True,True,1,False,False,True,A) Epiglottitis
42,undemonstrated,0.0486,0.0486,0.04843614687031794,0.060054667895307945,-2.8125,426,0.104,A,A,True,True,1,False,False,True,"A) Epiglottitis

The symptoms described, including severe throat pain that improves with forward leaning, difficulty swallowing, high-pitched breathing sounds, and"
42,undemonstrated,0.0380,0.038,0.038643619560346294,0.04480351198999153,-3.10546875,426,0.104,A,A,True,True,1,False,False,True,"A) Epiglottitis

The symptoms described, including severe throat pain that improves with forward leaning, difficulty swallowing, high-pitched breathing sounds, fever"
43,undemonstrated,natural,,0.1905936938445971,1.0,0.0,347,0.0847,A,A,True,True,3,True,True,True,◆A ⟦OK⟧
43,undemonstrated,0.1500,0.15,0.1496310345501266,0.4950358969261986,-0.703125,347,0.0847,A,A,True,True,3,True,True,True,◆A ⟦OK⟧
43,undemonstrated,0.1200,0.12,0.11925560429596535,0.2755289704553164,-1.2890625,347,0.0847,A,A,True,True,2,False,True,True,A ⟦OK⟧
43,undemonstrated,0.0900,0.09,0.08917896822827638,0.15335496684492847,-1.875,347,0.0847,A,A,True,True,1,False,False,True,"A) Pericarditis
B) PSVT
C) Pulmonary embolism
D) GERD
E) Spontaneous pneumoth"
43,undemonstrated,0.0700,0.07,0.07012175596290328,0.10175816115137408,-2.28515625,347,0.0847,A,A,True,True,1,False,False,True,A) Pericarditis
43,undemonstrated,0.0486,0.0486,0.04952914913357601,0.06557181170489068,-2.724609375,347,0.0847,A,A,True,True,1,False,False,True,A) Pericarditis
43,undemonstrated,0.0380,0.038,0.038511116119234176,0.04750715251567949,-3.046875,347,0.0847,A,A,True,True,1,False,False,True,A) Pericarditis
44,undemonstrated,natural,,0.19132627012531112,1.0,0.0,509,0.1243,A,A,True,True,3,True,True,True,◆A⟦OK⟧
44,undemonstrated,0.1500,0.15,0.14910580668850096,0.440294041117178,-0.8203125,509,0.1243,A,A,True,True,3,True,True,True,◆A) Panic attack⟦OK⟧
44,undemonstrated,0.1200,0.12,0.12044694811540593,0.23111410023442172,-1.46484375,509,0.1243,A,A,True,True,2,False,True,True,A ⟦OK⟧
44,undemonstrated,0.0900,0.09,0.09004366708627762,0.1213137638466268,-2.109375,509,0.1243,A,A,True,True,1,False,False,True,"A) Panic attack
B) Inguinal hernia
C) PSVT
D) Anaphylaxis
E) GERD
A)"
44,undemonstrated,0.0700,0.07,0.07069025538554485,0.08535489323371559,-2.4609375,509,0.1243,A,A,True,True,1,False,False,True,A) Panic attack
44,undemonstrated,0.0486,0.0486,0.04825299571744751,0.05341372732716633,-2.9296875,509,0.1243,A,A,True,True,1,False,False,True,"A) Panic attack

Given the patient's symptoms including racing heart, palpitations, significant sweating, chest pain characterized as a cramp, feeling like she is"
44,undemonstrated,0.0380,0.038,0.037630045541728725,0.04225373612899232,-3.1640625,509,0.1243,A,A,True,True,1,False,False,True,"A) Panic attack

Given the patient's symptoms including racing/irregular heartbeat, palpitations, significant sweating, chest pain characterized as a cramp, feeling"
45,undemonstrated,natural,,0.19826909039737053,1.0,0.0,434,0.106,D,B,False,True,3,True,True,True,◆B ⟦OK⟧
45,undemonstrated,0.1500,0.15,0.15091189082543655,0.3973842578530246,-0.9228515625,434,0.106,D,B,False,True,3,True,True,True,◆B⟦OK⟧
45,undemonstrated,0.1200,0.12,0.11881431341814112,0.21796135555570278,-1.5234375,434,0.106,D,B,False,True,2,False,True,True,B ⟦OK⟧
45,undemonstrated,0.0900,0.09,0.08946731100824533,0.12492045240700124,-2.080078125,434,0.106,D,B,False,True,2,False,True,True,B ⟦OK⟧
45,undemonstrated,0.0700,0.07,0.06953728053829235,0.08789251557133614,-2.431640625,434,0.106,D,B,False,True,1,False,False,True,"B) Possible NSTEMI / STEMI

Given the patient's symptoms including chest pain radiating to the biceps, shortness of breath, fatigue,"
45,undemonstrated,0.0486,0.0486,0.04887899561197957,0.056636946030691915,-2.87109375,434,0.106,D,B,False,True,1,False,False,True,"B) Possible NSTEMI / STEMI

Given the patient's symptoms including chest pain radiating to the biceps and thyroid cartilage, shortness of"
45,undemonstrated,0.0380,0.038,0.037643836875647166,0.04225373612899232,-3.1640625,434,0.106,D,B,False,True,1,False,False,True,"B) Possible NSTEMI / STEMI

Given the patient's symptoms of chest pain (characterized as tedious and exhausting), pain radiating to the b"
46,undemonstrated,natural,,0.19967855540388585,1.0,0.0,273,0.0667,D,D,True,True,3,True,True,True,◆D ⟦OK⟧
46,undemonstrated,0.1500,0.15,0.14946546530549323,0.391605626676799,-0.9375,273,0.0667,D,D,True,True,3,True,True,True,◆D⟦OK⟧
46,undemonstrated,0.1200,0.12,0.12059947803639022,0.21796135555570278,-1.5234375,273,0.0667,D,D,True,True,3,True,True,True,◆ D) Acute dystonic reactions ⟦OK⟧
46,undemonstrated,0.0900,0.09,0.08967292427098139,0.1213137638466268,-2.109375,273,0.0667,D,D,True,True,1,False,False,True,D
46,undemonstrated,0.0700,0.07,0.06968845664826197,0.08535489323371559,-2.4609375,273,0.0667,D,D,True,True,1,False,False,True,D
46,undemonstrated,0.0486,0.0486,0.047830270188370695,0.056636946030691915,-2.87109375,273,0.0667,D,D,True,True,1,False,False,True,D
46,undemonstrated,0.0380,0.038,0.037270790990290806,0.04225373612899232,-3.1640625,273,0.0667,D,D,True,True,1,False,False,True,"D) Acute dystonic reactions

Given the symptoms of difficulty opening the mouth, jaw pain, shortness of breath, difficulty keeping the tongue in the mouth"
47,undemonstrated,natural,,0.19578359120603098,1.0,0.0,304,0.0742,E,C,False,True,3,True,True,True,◆ C ⟦OK⟧
47,undemonstrated,0.1500,0.15,0.15042600361272232,0.4533840931520487,-0.791015625,304,0.0742,E,C,False,True,3,True,True,True,◆ C ⟦OK⟧
47,undemonstrated,0.1200,0.12,0.11992209379020764,0.252346250408634,-1.376953125,304,0.0742,E,C,False,True,2,False,True,True,C ⟦OK⟧
47,undemonstrated,0.0900,0.09,0.09057538195878713,0.14045183996771032,-1.962890625,304,0.0742,E,C,False,True,1,False,False,True,C
47,undemonstrated,0.0700,0.07,0.0693866014227604,0.09596708604499847,-2.34375,304,0.0742,E,C,False,True,1,False,False,True,"C) PSVT

Given the patient's history of a known heart valve issue, COPD, diabetes, and being significantly overweight, along with symptoms of short"
47,undemonstrated,0.0486,0.0486,0.04816000687524363,0.063678630095297,-2.75390625,304,0.0742,E,C,False,True,1,False,False,True,"C) PSVT

Given the patient's history of a known issue with a heart valve, COPD, diabetes, and being significantly overweight, along with symptoms"
47,undemonstrated,0.0380,0.038,0.03765727821620106,0.04480351198999153,-3.10546875,304,0.0742,E,C,False,True,1,False,False,True,"C) PSVT

Given the patient's history of a known heart valve issue, COPD, diabetes, and being significantly overweight, along with symptoms of short"
48,undemonstrated,natural,,0.18212093506657862,1.0,0.0,686,0.1675,E,D,False,True,3,True,True,True,◆D ⟦OK⟧
48,undemonstrated,0.1500,0.15,0.14916892918267735,0.5249085353233612,-0.64453125,686,0.1675,E,D,False,True,3,True,True,True,◆D⟦OK⟧
48,undemonstrated,0.1200,0.12,0.11967497602764976,0.30084145667800716,-1.201171875,686,0.1675,E,D,False,True,2,False,True,True,D ⟦OK⟧
48,undemonstrated,0.0900,0.09,0.09019182828860348,0.1626090785152391,-1.81640625,686,0.1675,E,D,False,True,2,False,True,True,D ⟦OK⟧
48,undemonstrated,0.0700,0.07,0.06924206914334269,0.10175816115137408,-2.28515625,686,0.1675,E,D,False,True,1,False,False,True,D) Pulmonary neoplasm
48,undemonstrated,0.0486,0.0486,0.04783647077501106,0.063678630095297,-2.75390625,686,0.1675,E,E,True,True,1,False,False,True,E) Pneumonia
48,undemonstrated,0.0380,0.038,0.03764400658361915,0.04750715251567949,-3.046875,686,0.1675,E,E,True,True,1,False,False,True,"E) Pneumonia

Given the patient's history of cough, hemoptysis, chest pain, shortness of breath, fever, and recent respiratory"
49,undemonstrated,natural,,0.19370518966015166,1.0,0.0,442,0.1079,D,D,True,True,3,True,True,True,◆D ⟦OK⟧
49,undemonstrated,0.1500,0.15,0.14956044223880044,0.440294041117178,-0.8203125,442,0.1079,D,D,True,True,3,True,True,True,◆D⟦OK⟧
49,undemonstrated,0.1200,0.12,0.12021311238922654,0.23798518027535226,-1.435546875,442,0.1079,D,D,True,True,2,False,True,True,D ⟦OK⟧
49,undemonstrated,0.0900,0.09,0.08901672640834372,0.14045183996771032,-1.962890625,442,0.1079,D,D,True,True,1,False,False,True,D
49,undemonstrated,0.0700,0.07,0.07021009828524591,0.09738320051714533,-2.3291015625,442,0.1079,D,D,True,True,1,False,False,True,D) Inguinal hernia
49,undemonstrated,0.0486,0.0486,0.047792875367021107,0.060054667895307945,-2.8125,442,0.1079,D,D,True,True,1,False,False,True,D) Inguinal hernia
49,undemonstrated,0.0380,0.038,0.03846528419350387,0.04480351198999153,-3.10546875,442,0.1079,D,D,True,True,1,False,False,True,D) Inguinal hernia
50,undemonstrated,natural,,0.17535501619794094,1.0,0.0,568,0.1387,C,A,False,True,3,True,True,True,◆A⟦OK⟧
50,undemonstrated,0.1500,0.15,0.14986875429797286,0.6257840096045911,-0.4687500596046448,568,0.1387,C,A,False,True,3,True,True,True,◆A⟦OK⟧
50,undemonstrated,0.1200,0.12,0.11948337639195597,0.33824514172688175,-1.083984375,568,0.1387,C,A,False,True,2,False,True,True,A ⟦OK⟧
50,undemonstrated,0.0900,0.09,0.08976649327270578,0.17242162389375282,-1.7578125,568,0.1387,C,A,False,True,0,False,False,False,"A) Tuberculosis
E) Influenza
C) Pneumonia
D) Bronchitis
The most likely diagnosis given the symptoms"
50,undemonstrated,0.0700,0.07,0.06920173086317619,0.10789869514276741,-2.2265625,568,0.1387,C,C,True,True,1,False,False,True,C
50,undemonstrated,0.0486,0.0486,0.04812395283379094,0.06557181170489068,-2.724609375,568,0.1387,C,C,True,True,1,False,False,True,C) Pneumonia
50,undemonstrated,0.0380,0.038,0.03756851286594195,0.04750715251567949,-3.046875,568,0.1387,C,E,False,True,1,False,False,True,"E) Influenza

Given the symptoms including fever, chills, cough, shortness of breath, diffuse muscle pain, and a rash, influenza"
51,undemonstrated,natural,,0.19522904948811706,1.0,0.0,425,0.1038,C,C,True,True,3,True,True,True,◆C⟦OK⟧
51,undemonstrated,0.1500,0.15,0.14949847731080937,0.4152368286818413,-0.87890625,425,0.1038,C,C,True,True,3,True,True,True,◆C⟦OK⟧
51,undemonstrated,0.1200,0.12,0.11913175940636908,0.23111410023442172,-1.46484375,425,0.1038,C,C,True,True,2,False,True,True,C ⟦OK⟧
51,undemonstrated,0.0900,0.09,0.09016349629084819,0.13245870069633822,-2.021484375,425,0.1038,C,C,True,True,1,False,False,True,C
51,undemonstrated,0.0700,0.07,0.06916346842565872,0.09050558205614526,-2.40234375,425,0.1038,C,C,True,True,1,False,False,True,"C) Epiglottitis

Given the symptoms such as severe throat pain that improves with leaning forward, difficulty swallowing, high-pitched breathing sounds, and"
51,undemonstrated,0.0486,0.0486,0.04951842564246395,0.060054667895307945,-2.8125,425,0.1038,C,C,True,True,1,False,False,True,"C) Epiglottitis

Given the symptoms such as severe throat pain that improves with leaning forward, difficulty swallowing, high-pitched breathing sounds, and"
51,undemonstrated,0.0380,0.038,0.03903701746172494,0.04480351198999153,-3.10546875,425,0.1038,C,C,True,True,1,False,False,True,"C) Epiglottitis

Given the symptoms such as severe throat pain that improves with leaning forward, difficulty swallowing, high-pitched breathing sounds, fever"
52,undemonstrated,natural,,0.18771301787707265,1.0,0.0,326,0.0796,C,E,False,True,3,True,True,True,◆E⟦OK⟧
52,undemonstrated,0.1500,0.15,0.15047282417440894,0.5249085353233612,-0.64453125,326,0.0796,C,E,False,True,3,True,True,True,◆E⟦OK⟧
52,undemonstrated,0.1200,0.12,0.12028140007081115,0.30084145667800716,-1.201171875,326,0.0796,C,E,False,True,1,False,False,True,E
52,undemonstrated,0.0900,0.09,0.08903333799300232,0.15791424838939916,-1.845703125,326,0.0796,C,E,False,True,1,False,False,True,E) URTI
52,undemonstrated,0.0700,0.07,0.07099918525881045,0.10175816115137408,-2.28515625,326,0.0796,C,E,False,True,1,False,False,True,E) URTI
52,undemonstrated,0.0486,0.0486,0.0478696973161774,0.060054667895307945,-2.8125,326,0.0796,C,E,False,True,1,False,False,True,"E) URTI

Given the patient's symptoms of nasal congestion, a clear runny nose, and a cough, along with recent contact with someone who"
52,undemonstrated,0.0380,0.038,0.038055370895669474,0.04480351198999153,-3.10546875,326,0.0796,C,E,False,True,1,False,False,True,"E) URTI

Given the patient's symptoms of nasal congestion or a clear runny nose, cough, recent contact with someone with similar symptoms, and"
53,undemonstrated,natural,,0.19397289235195334,1.0,0.0,381,0.093,A,C,False,True,3,True,True,True,◆C⟦OK⟧
53,undemonstrated,0.1500,0.15,0.1497774256896573,0.4533840931520487,-0.791015625,381,0.093,A,C,False,True,3,True,True,True,◆C⟦OK⟧
53,undemonstrated,0.1200,0.12,0.11995691849180101,0.252346250408634,-1.376953125,381,0.093,A,C,False,True,2,False,True,True,C ⟦OK⟧
53,undemonstrated,0.0900,0.09,0.09099219041836541,0.1446275083208538,-1.93359375,381,0.093,A,C,False,True,1,False,False,True,"C) Influenza
A) URTI
E) Bronchitis
B) Tuberculosis
D) HIV (initial infection)

Given"
53,undemonstrated,0.0700,0.07,0.0692887927907393,0.09596708604499847,-2.34375,381,0.093,A,C,False,True,1,False,False,True,C) Influenza
53,undemonstrated,0.0486,0.0486,0.04883120639210692,0.063678630095297,-2.75390625,381,0.093,A,A,True,True,1,False,False,True,A) URTI
53,undemonstrated,0.0380,0.038,0.03863256632647933,0.04750715251567949,-3.046875,381,0.093,A,A,True,True,1,False,False,True,"A) URTI

Given the symptoms of fever, sore throat, diffuse muscle pain, nasal congestion, and cough, along with recent contact with someone with"
54,undemonstrated,natural,,0.18798655476420562,1.0,0.0,357,0.0872,C,C,True,True,3,True,True,True,◆C ⟦OK⟧
54,undemonstrated,0.1500,0.15,0.15083778657156574,0.4986749584980285,-0.69580078125,357,0.0872,C,C,True,True,3,True,True,True,◆C⟦OK⟧
54,undemonstrated,0.1200,0.12,0.12082076523748944,0.25984856758801733,-1.34765625,357,0.0872,C,C,True,True,2,False,True,True,C ⟦OK⟧
54,undemonstrated,0.0900,0.09,0.09090072040738868,0.1363967310184996,-1.9921875,357,0.0872,C,C,True,True,1,False,False,True,C) URITagged OK
54,undemonstrated,0.0700,0.07,0.07084828931302976,0.09050558205614526,-2.40234375,357,0.0872,C,C,True,True,1,False,False,True,"C) URTI

The patient's symptoms suggest an upper respiratory tract infection (URTI), given the presence of increased sweating, pain localized to the head"
54,undemonstrated,0.0486,0.0486,0.04899823557383733,0.05832077661072152,-2.841796875,357,0.0872,C,C,True,True,1,False,False,True,"C) URTI

The patient's symptoms suggest an upper respiratory tract infection (URTI), given the presence of increased sweating, headache, localized pain,"
54,undemonstrated,0.0380,0.038,0.03669186243027178,0.04350995027895626,-3.134765625,357,0.0872,C,C,True,True,1,False,False,True,"C) URTI

The patient's symptoms suggest an upper respiratory tract infection (URTI). The presence of significant sweating, headache, muscle pain, and"
55,undemonstrated,natural,,0.19048199147843953,1.0,0.0,341,0.0833,C,C,True,True,3,True,True,True,◆C⟦OK⟧
55,undemonstrated,0.1500,0.15,0.14924742748890016,0.4950358969261986,-0.703125,341,0.0833,C,C,True,True,3,True,True,True,◆C⟦OK⟧
55,undemonstrated,0.1200,0.12,0.11938393202777531,0.2755289704553164,-1.2890625,341,0.0833,C,C,True,True,2,False,True,True,C ⟦OK⟧
55,undemonstrated,0.0900,0.09,0.08992676218040475,0.15335496684492847,-1.875,341,0.0833,C,C,True,True,1,False,False,True,C
55,undemonstrated,0.0700,0.07,0.06949821211593057,0.09882021153081356,-2.314453125,341,0.0833,C,C,True,True,1,False,False,True,"C) Viral pharyngitis

Given the symptoms of pain, especially a burning sensation, fever, cough, recent contact with someone with similar symptoms,"
55,undemonstrated,0.0486,0.0486,0.048398089827516026,0.063678630095297,-2.75390625,341,0.0833,C,C,True,True,1,False,False,True,"C) Viral pharyngitis

Given the symptoms of pain, especially a burning sensation, fever, cough, recent contact with someone with similar symptoms,"
55,undemonstrated,0.0380,0.038,0.03867642467651242,0.04750715251567949,-3.046875,341,0.0833,C,C,True,True,1,False,False,True,"C) Viral pharyngitis

Given the symptoms of pain localized to the tonsils, a fever, cough, recent contact with someone with similar symptoms"
56,undemonstrated,natural,,0.2008442176934211,1.0,0.0,352,0.0859,E,C,False,True,3,True,True,True,◆C⟦OK⟧
56,undemonstrated,0.1500,0.15,0.15052558315707895,0.391605626676799,-0.9375,352,0.0859,E,C,False,True,3,True,True,True,◆C⟦OK⟧
56,undemonstrated,0.1200,0.12,0.12027863327191779,0.21796135555570278,-1.5234375,352,0.0859,E,C,False,True,2,False,True,True,C ⟦OK⟧
56,undemonstrated,0.0900,0.09,0.09033639506273747,0.1286343687209221,-2.05078125,352,0.0859,E,C,False,True,1,False,False,True,C
56,undemonstrated,0.0700,0.07,0.0707735104733482,0.0931963356615203,-2.373046875,352,0.0859,E,C,False,True,1,False,False,True,C
56,undemonstrated,0.0486,0.0486,0.04763332293253616,0.060054667895307945,-2.8125,352,0.0859,E,C,False,True,1,False,False,True,"C) Cluster headache

Given the patient's symptoms of severe localized pain in the back of the head, the intensity of the pain, and the associated dizziness"
56,undemonstrated,0.0380,0.038,0.038724417429999776,0.04480351198999153,-3.10546875,352,0.0859,E,C,False,True,1,False,False,True,C) Cluster headache
57,undemonstrated,natural,,0.19313925397928597,1.0,0.0,373,0.0911,C,C,True,True,3,True,True,True,◆C⟦OK⟧
57,undemonstrated,0.1500,0.15,0.15094243375772848,0.46686331570996537,-0.76171875,373,0.0911,C,C,True,True,3,True,True,True,◆C⟦OK⟧
57,undemonstrated,0.1200,0.12,0.12006896171998237,0.25984856758801733,-1.34765625,373,0.0911,C,C,True,True,2,False,True,True,C ⟦OK⟧
57,undemonstrated,0.0900,0.09,0.09044191384253024,0.15335496684492847,-1.875,373,0.0911,C,C,True,True,2,False,True,True,C) URTI ⟦OK⟧
57,undemonstrated,0.0700,0.07,0.07092606029731244,0.10175816115137408,-2.28515625,373,0.0911,C,C,True,True,1,False,False,True,"C) URTI

The symptoms described suggest an Upper Respiratory Tract Infection, including a cough with colored or more abundant sputum, sore throat"
57,undemonstrated,0.0486,0.0486,0.047845893285359424,0.063678630095297,-2.75390625,373,0.0911,C,C,True,True,1,False,False,True,"C) URTI

The symptoms described are consistent with Upper Respiratory Tract Infection (URTI), including a cough with colored or more abundant s"
57,undemonstrated,0.0380,0.038,0.03852376782390955,0.04750715251567949,-3.046875,373,0.0911,C,C,True,True,1,False,False,True,"C) URTI

Given the symptoms of a cough producing colored or more abundant sputum, sore throat, diffuse muscle pain, nasal congestion, and"
58,undemonstrated,natural,,0.19111617952640156,1.0,0.0,433,0.1057,B,B,True,True,3,True,True,True,◆B⟦OK⟧
58,undemonstrated,0.1500,0.15,0.15083382423192032,0.46686331570996537,-0.76171875,433,0.1057,B,B,True,True,3,True,True,True,◆B⟦OK⟧
58,undemonstrated,0.1200,0.12,0.12006714319109692,0.2450605392455259,-1.40625,433,0.1057,B,B,True,True,2,False,True,True,B ⟦OK⟧
58,undemonstrated,0.0900,0.09,0.09055155957599173,0.13245870069633822,-2.021484375,433,0.1057,B,B,True,True,1,False,False,True,"B) Pulmonary embolism
E) Spontaneous pneumothorax

Given the symptoms and history, both pulmonary embolism and spontaneous pneum"
58,undemonstrated,0.0700,0.07,0.07063661939848724,0.09050558205614526,-2.40234375,433,0.1057,B,B,True,True,1,False,False,True,B) Pulmonary embolism
58,undemonstrated,0.0486,0.0486,0.04883327824748419,0.05832077661072152,-2.841796875,433,0.1057,B,B,True,True,1,False,False,True,"B) Pulmonary embolism

Given the symptoms of chest pain, shortness of breath, swelling in the lower extremities, history of deep vein throm"
58,undemonstrated,0.0380,0.038,0.03719879027149532,0.04350995027895626,-3.134765625,433,0.1057,B,B,True,True,1,False,False,True,"B) Pulmonary embolism

The symptoms described suggest a pulmonary embolism, particularly given the history of deep vein thrombosis, inability to move"
59,undemonstrated,natural,,0.19625690259064998,1.0,0.0,455,0.1111,E,E,True,True,3,True,True,True,◆E ⟦OK⟧
59,undemonstrated,0.1500,0.15,0.1497650157661629,0.4152368286818413,-0.87890625,455,0.1111,E,E,True,True,3,True,True,True,"◆E) Possible NSTEMI / STEMI
⟦OK⟧"
59,undemonstrated,0.1200,0.12,0.12086295462564405,0.2450605392455259,-1.40625,455,0.1111,E,E,True,True,1,False,False,True,E
59,undemonstrated,0.0900,0.09,0.09099897652712627,0.1446275083208538,-1.93359375,455,0.1111,E,E,True,True,2,False,True,True,"E) Possible NSTEMI / STEMI
⟦OK⟧"
59,undemonstrated,0.0700,0.07,0.06931355647545233,0.09882021153081356,-2.314453125,455,0.1111,E,E,True,True,1,False,False,True,E) Possible NSTEMI / STEMI
59,undemonstrated,0.0486,0.0486,0.04853103451384006,0.06275263640063958,-2.7685546875,455,0.1111,E,E,True,True,1,False,False,True,"E) Possible NSTEMI / STEMI

Given the patient's symptoms of chest pain, shortness of breath, nausea, and her history of cardiovascular risk"
59,undemonstrated,0.0380,0.038,0.037650565343724296,0.04613553161443577,-3.076171875,455,0.1111,E,E,True,True,1,False,False,True,"E) Possible NSTEMI / STEMI

Given the patient's symptoms of chest pain, shortness of breath, nausea, and her history of cardiovascular risk"
60,undemonstrated,natural,,0.18993283630048327,1.0,0.0,504,0.123,E,B,False,True,3,True,True,True,◆B⟦OK⟧
60,undemonstrated,0.1500,0.15,0.1506726157610509,0.46686331570996537,-0.76171875,504,0.123,E,B,False,True,3,True,True,True,◆B⟦OK⟧
60,undemonstrated,0.1200,0.12,0.12027685336044654,0.2450605392455259,-1.40625,504,0.123,E,B,False,True,2,False,True,True,B ⟦OK⟧
60,undemonstrated,0.0900,0.09,0.0908173997460008,0.13245870069633822,-2.021484375,504,0.123,E,B,False,True,1,False,False,True,"B) Possible NSTEMI / STEMI
E) Panic attack

Given the intensity of the pain, its location, associated symptoms such as shortness of"
60,undemonstrated,0.0700,0.07,0.07014405419605299,0.09050558205614526,-2.40234375,504,0.123,E,B,False,True,1,False,False,True,"B) Possible NSTEMI / STEMI

Given the patient's symptoms including severe chest pain, shortness of breath, feeling like they are choking or suff"
60,undemonstrated,0.0486,0.0486,0.048936613118407794,0.05832077661072152,-2.841796875,504,0.123,E,B,False,True,1,False,False,True,"B) Possible NSTEMI / STEMI

Given the patient's symptoms including severe chest pain, shortness of breath, feeling like they are choking or suff"
60,undemonstrated,0.0380,0.038,0.03904513506605741,0.04480351198999153,-3.10546875,504,0.123,E,B,False,True,1,False,False,True,"B) Possible NSTEMI / STEMI

Given the patient's symptoms including severe chest pain, shortness of breath, feeling like they are choking or suff"
61,undemonstrated,natural,,0.18832378251244306,1.0,0.0,312,0.0762,E,E,True,True,3,True,True,True,◆E ⟦OK⟧
61,undemonstrated,0.1500,0.15,0.15097106540247124,0.5249085353233612,-0.64453125,312,0.0762,E,E,True,True,3,True,True,True,"◆E) Viral pharyngitis
⟦OK⟧"
61,undemonstrated,0.1200,0.12,0.12028391180135543,0.2921555976422762,-1.23046875,312,0.0762,E,E,True,True,2,False,True,True,E ⟦OK⟧
61,undemonstrated,0.0900,0.09,0.09076963429704986,0.15791424838939916,-1.845703125,312,0.0762,E,E,True,True,1,False,False,True,"E) Viral pharyngitis
E) Viral pharyngitis"
61,undemonstrated,0.0700,0.07,0.0703283613258633,0.10175816115137408,-2.28515625,312,0.0762,E,E,True,True,1,False,False,True,E) Viral pharyngitis
61,undemonstrated,0.0486,0.0486,0.047682186130193926,0.063678630095297,-2.75390625,312,0.0762,E,E,True,True,1,False,False,True,"E) Viral pharyngitis

Given the patient's age, the presence of a cough, throat pain (characterized as burning), and the context"
61,undemonstrated,0.0380,0.038,0.037173849131712636,0.04480351198999153,-3.10546875,312,0.0762,E,E,True,True,1,False,False,True,E) Viral pharyngitis
62,undemonstrated,natural,,0.19360393019313152,1.0,0.0,286,0.0698,E,D,False,True,3,True,True,True,◆D⟦OK⟧
62,undemonstrated,0.1500,0.15,0.14999330484060122,0.46686331570996537,-0.76171875,286,0.0698,E,A,False,True,3,True,True,True,◆A⟦OK⟧
62,undemonstrated,0.1200,0.12,0.12078152425379432,0.2755289704553164,-1.2890625,286,0.0698,E,A,False,True,2,False,True,True,A ⟦OK⟧
62,undemonstrated,0.0900,0.09,0.09070669613886971,0.15335496684492847,-1.875,286,0.0698,E,A,False,True,1,False,False,True,"A) Acute COPD exacerbation / infection
B) Pneumonia
C) Bronchitis
D) Pulmonary neoplasm"
62,undemonstrated,0.0700,0.07,0.07062831442891664,0.10175816115137408,-2.28515625,286,0.0698,E,A,False,True,1,False,False,True,"A) Acute COPD exacerbation / infection
B) Pneumonia
C) Bronchitis
D) Pulmonary neoplasm"
62,undemonstrated,0.0486,0.0486,0.04871278141771714,0.0675212780775444,-2.6953125,286,0.0698,E,A,False,True,1,False,False,True,"A) Acute COPD exacerbation / infection

Given the patient's history of chronic obstructive pulmonary disease (COPD), a recent exacerbation could"
62,undemonstrated,0.0380,0.038,0.03760749787914585,0.04750715251567949,-3.046875,286,0.0698,E,A,False,True,1,False,False,True,"A) Acute COPD exacerbation / infection

Given the patient's history of chronic obstructive pulmonary disease (COPD), a significant cough producing colored"
63,undemonstrated,natural,,0.20032117251264467,1.0,0.0,305,0.0745,D,D,True,True,3,True,True,True,◆D ⟦OK⟧
63,undemonstrated,0.1500,0.15,0.1495930470671942,0.391605626676799,-0.9375,305,0.0745,D,D,True,True,3,True,True,True,◆D) Acute COPD exacerbation / infection⟦OK⟧
63,undemonstrated,0.1200,0.12,0.12099652890075908,0.21796135555570278,-1.5234375,305,0.0745,D,D,True,True,3,True,True,True,◆ D) Acute COPD exacerbation / infection ⟦OK⟧
63,undemonstrated,0.0900,0.09,0.08900603194107416,0.12492045240700124,-2.080078125,305,0.0745,D,D,True,True,1,False,False,True,"D) Acute COPD exacerbation / infection
E) Pneumonia

Given the history of chronic obstructive pulmonary disease (COPD)"
63,undemonstrated,0.0700,0.07,0.07016485579444244,0.09050558205614526,-2.40234375,305,0.0745,D,D,True,True,1,False,False,True,"D) Acute COPD exacerbation / infection
E) Pneumonia

Given the history of chronic obstructive pulmonary disease (COPD)"
63,undemonstrated,0.0486,0.0486,0.047812975073034024,0.060054667895307945,-2.8125,305,0.0745,D,D,True,True,1,False,False,True,D) Acute COPD exacerbation / infection
63,undemonstrated,0.0380,0.038,0.038629699766574654,0.04480351198999153,-3.10546875,305,0.0745,D,D,True,True,1,False,False,True,D) Acute COPD exacerbation / infection
64,undemonstrated,natural,,0.18938806531447955,1.0,0.0,301,0.0735,A,A,True,True,3,True,True,True,◆A⟦OK⟧
64,undemonstrated,0.1500,0.15,0.14914113769072804,0.5172754880474715,-0.6591796278953552,301,0.0735,A,A,True,True,3,True,True,True,◆A⟦OK⟧
64,undemonstrated,0.1200,0.12,0.11983284001940707,0.30084145667800716,-1.201171875,301,0.0735,A,A,True,True,2,False,True,True,A ⟦OK⟧
64,undemonstrated,0.0900,0.09,0.08938480276754704,0.1626090785152391,-1.81640625,301,0.0735,A,A,True,True,1,False,False,True,"A) Atrial fibrillation
B) Pulmonary embolism
A) Atrial fibrillation
D) Pulmonary embolism
A)"
64,undemonstrated,0.0700,0.07,0.07010678381165217,0.1111065503531848,-2.197265625,301,0.0735,A,A,True,True,1,False,False,True,"A) Atrial fibrillation
B) Pulmonary embolism
A) Atrial fibrillation
D) Pulmonary embolism

Given the"
64,undemonstrated,0.0486,0.0486,0.04802468029010145,0.0675212780775444,-2.6953125,301,0.0735,A,A,True,True,1,False,False,True,"A) Atrial fibrillation

Given the patient's history of a known heart valve issue, irregular heartbeat, and other cardiovascular risk factors, atrial fibrillation"
64,undemonstrated,0.0380,0.038,0.038988675219250195,0.05037394257513113,-2.98828125,301,0.0735,A,A,True,True,1,False,False,True,"A) Atrial fibrillation

Given the patient's history of a known heart valve issue, irregular heartbeat, and other cardiovascular risk factors such as COPD,"
65,undemonstrated,natural,,0.19481417092818362,1.0,0.0,543,0.1326,B,B,True,True,3,True,True,True,◆B⟦OK⟧
65,undemonstrated,0.1500,0.15,0.15023745737608096,0.4152368286818413,-0.87890625,543,0.1326,B,B,True,True,3,True,True,True,◆B⟦OK⟧
65,undemonstrated,0.1200,0.12,0.11984034597238159,0.22444140120559558,-1.494140625,543,0.1326,B,B,True,True,2,False,True,True,B ⟦OK⟧
65,undemonstrated,0.0900,0.09,0.09047866835801475,0.1213137638466268,-2.109375,543,0.1326,B,B,True,True,1,False,False,True,"B) Panic attack
E) Possible NSTEMI / STEMI

Given the intensity and location of the pain, as well as the associated symptoms such as"
65,undemonstrated,0.0700,0.07,0.07001042680085257,0.08049733103113403,-2.51953125,543,0.1326,B,B,True,True,1,False,False,True,"B) Panic attack

Given the patient's symptoms including shortness of breath, chest pain, lightheadedness, fear of dying, nausea, and"
65,undemonstrated,0.0486,0.0486,0.04838129814321183,0.05500173080846468,-2.900390625,543,0.1326,B,B,True,True,1,False,False,True,"B) Panic attack

Given the patient's symptoms including shortness of breath, chest pain, lightheadedness, fear of dying, nausea, and"
65,undemonstrated,0.0380,0.038,0.037683154081150264,0.04225373612899232,-3.1640625,543,0.1326,B,B,True,True,1,False,False,True,"B) Panic attack

Given the patient's symptoms including shortness of breath, chest pain, lightheadedness, fear of dying, nausea, and"
66,undemonstrated,natural,,0.1918686862670219,1.0,0.0,412,0.1006,E,E,True,True,3,True,True,True,◆E ⟦OK⟧
66,undemonstrated,0.1500,0.15,0.14968349312939017,0.4533840931520487,-0.791015625,412,0.1006,E,E,True,True,3,True,True,True,◆E) Anemia ⟦OK⟧
66,undemonstrated,0.1200,0.12,0.11978523885915446,0.2414969494853331,-1.4208984375,412,0.1006,E,E,True,True,2,False,True,True,E) Anemia ⟦OK⟧
66,undemonstrated,0.0900,0.09,0.08938970755412427,0.1363967310184996,-1.9921875,412,0.1006,E,E,True,True,2,False,True,True,E) Anemia ⟦OK⟧
66,undemonstrated,0.0700,0.07,0.0703102828246476,0.09596708604499847,-2.34375,412,0.1006,E,E,True,True,1,False,False,True,E) Anemia
66,undemonstrated,0.0486,0.0486,0.04782310710693064,0.060054667895307945,-2.8125,412,0.1006,E,E,True,True,1,False,False,True,E) Anemia
66,undemonstrated,0.0380,0.038,0.037410325362443084,0.04480351198999153,-3.10546875,412,0.1006,E,E,True,True,1,False,False,True,E) Anemia
67,undemonstrated,natural,,0.19647567274708053,1.0,0.0,362,0.0884,C,B,False,True,3,True,True,True,◆B⟦OK⟧
67,undemonstrated,0.1500,0.15,0.14917550735723253,0.4152368286818413,-0.87890625,362,0.0884,C,B,False,True,3,True,True,True,◆B⟦OK⟧
67,undemonstrated,0.1200,0.12,0.11930367346589758,0.22444140120559558,-1.494140625,362,0.0884,C,B,False,True,2,False,True,True,B ⟦OK⟧
67,undemonstrated,0.0900,0.09,0.09045613031013677,0.1286343687209221,-2.05078125,362,0.0884,C,B,False,True,1,False,False,True,"B) Possible NSTEMI / STEMI
E) Pericarditis
Given the severe nature of the symptoms including chest pain described
user"
67,undemonstrated,0.0700,0.07,0.0706224522560704,0.08789251557133614,-2.431640625,362,0.0884,C,B,False,True,1,False,False,True,"B) Possible NSTEMI / STEMI

Given the patient's symptoms of severe, sharp pain localized to the chest area, intensity of 4 out of"
67,undemonstrated,0.0486,0.0486,0.04767168828967352,0.056636946030691915,-2.87109375,362,0.0884,C,B,False,True,1,False,False,True,"B) Possible NSTEMI / STEMI

Given the patient's symptoms of severe, sharp pain localized to the chest area, intensity of 4 out of"
67,undemonstrated,0.0380,0.038,0.03713383851393716,0.04225373612899232,-3.1640625,362,0.0884,C,B,False,True,1,False,False,True,"B) Possible NSTEMI / STEMI

Given the patient's symptoms of chest pain described as a knife stroke, moderate intensity (4/10),"
68,undemonstrated,natural,,0.18733250196922002,1.0,0.0,426,0.104,C,C,True,True,3,True,True,True,◆C⟦OK⟧
68,undemonstrated,0.1500,0.15,0.1490722827904888,0.4950358969261986,-0.703125,426,0.104,C,C,True,True,3,True,True,True,◆C⟦OK⟧
68,undemonstrated,0.1200,0.12,0.1197338981706507,0.2755289704553164,-1.2890625,426,0.104,C,C,True,True,2,False,True,True,C ⟦OK⟧
68,undemonstrated,0.0900,0.09,0.09001985168706231,0.15335496684492847,-1.875,426,0.104,C,C,True,True,1,False,False,True,C
68,undemonstrated,0.0700,0.07,0.06962742572088428,0.09882021153081356,-2.314453125,426,0.104,C,C,True,True,1,False,False,True,"C) Pulmonary embolism

Given the symptoms of chest pain, shortness of breath, swelling in the legs, and recent surgery, pulmonary embol"
68,undemonstrated,0.0486,0.0486,0.04848374558218084,0.063678630095297,-2.75390625,426,0.104,C,C,True,True,1,False,False,True,"C) Pulmonary embolism

Given the symptoms of chest pain, shortness of breath, swelling in the legs, and a history of recent surgery and"
68,undemonstrated,0.0380,0.038,0.037808961117466476,0.04480351198999153,-3.10546875,426,0.104,C,C,True,True,1,False,False,True,"C) Pulmonary embolism

Given the patient's history of active cancer, recent surgery, inability to move for several days, and the presence of swelling"
69,undemonstrated,natural,,0.1919514629001962,1.0,0.0,278,0.0679,E,E,True,True,3,True,True,True,◆E ⟦OK⟧
69,undemonstrated,0.1500,0.15,0.15022841341321075,0.4950358969261986,-0.703125,278,0.0679,E,E,True,True,3,True,True,True,"◆E) Tuberculosis
⟦OK⟧"
69,undemonstrated,0.1200,0.12,0.1196553571346252,0.30084145667800716,-1.201171875,278,0.0679,E,E,True,True,2,False,True,True,E ⟦OK⟧
69,undemonstrated,0.0900,0.09,0.09048746502772277,0.16500857899897703,-1.8017578125,278,0.0679,E,E,True,True,1,False,False,True,"E) Tuberculosis
E) Tuberculosis
E) Tuberculosis
E) Tuberculosis
E) Tuberculosis
E) Tuberculosis
E)"
69,undemonstrated,0.0700,0.07,0.0701043275398585,0.10789869514276741,-2.2265625,278,0.0679,E,E,True,True,1,False,False,True,"E) Tuberculosis
Given the patient's history of HIV, intravenous drug use, and symptoms including fever, cough, hemoptysis, shortness of"
69,undemonstrated,0.0486,0.0486,0.048445157714050044,0.0675212780775444,-2.6953125,278,0.0679,E,E,True,True,1,False,False,True,"E) Tuberculosis

Given the patient's history of HIV, current use of intravenous drugs, excessive alcohol consumption, and symptoms including fever, cough, hem"
69,undemonstrated,0.0380,0.038,0.038395361961700694,0.04750715251567949,-3.046875,278,0.0679,E,E,True,True,1,False,False,True,"E) Tuberculosis

Given the patient's history of HIV, current use of intravenous drugs, excessive alcohol consumption, and symptoms including fever, cough, hem"
70,undemonstrated,natural,,0.1886605451165859,1.0,0.0,357,0.0872,E,B,False,True,3,True,True,True,◆B ⟦OK⟧
70,undemonstrated,0.1500,0.15,0.15027382260486963,0.4950358969261986,-0.703125,357,0.0872,E,B,False,True,3,True,True,True,◆B ⟦OK⟧
70,undemonstrated,0.1200,0.12,0.12008147335617225,0.2675739305347498,-1.318359375,357,0.0872,E,B,False,True,2,False,True,True,B ⟦OK⟧
70,undemonstrated,0.0900,0.09,0.08919153462370262,0.1446275083208538,-1.93359375,357,0.0872,E,B,False,True,1,False,False,True,B
70,undemonstrated,0.0700,0.07,0.0709693416447107,0.10175816115137408,-2.28515625,357,0.0872,E,B,False,True,1,False,False,True,B
70,undemonstrated,0.0486,0.0486,0.04816589645705719,0.060054667895307945,-2.8125,357,0.0872,E,E,True,True,1,False,False,True,E) Pulmonary embolism
70,undemonstrated,0.0380,0.038,0.03771622974293941,0.04480351198999153,-3.10546875,357,0.0872,E,E,True,True,1,False,False,True,"E) Pulmonary embolism

Given the patient's symptoms of chest pain, shortness of breath, and the history of travel, pulmonary embolism"
71,undemonstrated,natural,,0.19395612726081235,1.0,0.0,347,0.0847,D,D,True,True,3,True,True,True,◆D ⟦OK⟧
71,undemonstrated,0.1500,0.15,0.1504477779390439,0.4533840931520487,-0.791015625,347,0.0847,D,D,True,True,3,True,True,True,◆D ⟦OK⟧
71,undemonstrated,0.1200,0.12,0.11944457745435796,0.2450605392455259,-1.40625,347,0.0847,D,D,True,True,2,False,True,True,D ⟦OK⟧
71,undemonstrated,0.0900,0.09,0.09073031683299647,0.14676166822967573,-1.9189453125,347,0.0847,D,D,True,True,1,False,False,True,"D) Acute laryngitis
E) Viral pharyngitis

Given the symptoms and history, both acute laryngitis and viral"
71,undemonstrated,0.0700,0.07,0.06973591920063744,0.09882021153081356,-2.314453125,347,0.0847,D,D,True,True,1,False,False,True,D
71,undemonstrated,0.0486,0.0486,0.04823798030102535,0.063678630095297,-2.75390625,347,0.0847,D,D,True,True,1,False,False,True,"D) Acute laryngitis

Given the symptoms of throat sensitivity, pain localized around the thyroid cartilage, fever, cough, and recent history of"
71,undemonstrated,0.0380,0.038,0.03734094403806091,0.04480351198999153,-3.10546875,347,0.0847,D,D,True,True,1,False,False,True,"D) Acute laryngitis

Given the symptoms of throat sensitivity, pain localized around the thyroid cartilage, fever, cough, and recent history of"
72,undemonstrated,natural,,0.1908804688797909,1.0,0.0,388,0.0947,B,E,False,True,3,True,True,True,◆E⟦OK⟧
72,undemonstrated,0.1500,0.15,0.15096659380984928,0.4950358969261986,-0.703125,388,0.0947,B,E,False,True,3,True,True,True,◆E⟦OK⟧
72,undemonstrated,0.1200,0.12,0.1193506033269645,0.2837205157036305,-1.259765625,388,0.0947,B,E,False,True,2,False,True,True,E ⟦OK⟧
72,undemonstrated,0.0900,0.09,0.09051957996278959,0.15791424838939916,-1.845703125,388,0.0947,B,E,False,True,1,False,False,True,"E) Bronchitis
B) URTI
C) Influenza
D) Pneumonia

Given the symptoms, the most"
72,undemonstrated,0.0700,0.07,0.06994521486534751,0.10478345674943497,-2.255859375,388,0.0947,B,E,False,True,1,False,False,True,E) Bronchitis
72,undemonstrated,0.0486,0.0486,0.04930694036472214,0.0675212780775444,-2.6953125,388,0.0947,B,E,False,True,1,False,False,True,"E) Bronchitis

Given the patient's symptoms of a cough producing colored or more abundant sputum, fever, sore throat, diffuse muscle pain,"
72,undemonstrated,0.0380,0.038,0.03736578546561819,0.04750715251567949,-3.046875,388,0.0947,B,E,False,True,1,False,False,True,"E) Bronchitis

Given the patient's symptoms of a cough producing colored or more abundant sputum, fever, sore throat, diffuse muscle pain,"
73,undemonstrated,natural,,0.19481240357162904,1.0,0.0,453,0.1106,D,E,False,True,3,True,True,True,"◆E) Possible NSTEMI / STEMI
⟦OK⟧"
73,undemonstrated,0.1500,0.15,0.14965394445804578,0.440294041117178,-0.8203125,453,0.1106,D,D,True,True,3,True,True,True,◆D⟦OK⟧
73,undemonstrated,0.1200,0.12,0.12032163007254719,0.25984856758801733,-1.34765625,453,0.1106,D,D,True,True,1,False,False,True,D
73,undemonstrated,0.0900,0.09,0.09007262983778976,0.15335496684492847,-1.875,453,0.1106,D,D,True,True,1,False,False,True,D
73,undemonstrated,0.0700,0.07,0.06974220415975045,0.09882021153081356,-2.314453125,453,0.1106,D,D,True,True,1,False,False,True,D
73,undemonstrated,0.0486,0.0486,0.04801988624225784,0.060054667895307945,-2.8125,453,0.1106,D,D,True,True,1,False,False,True,"D) Acute pulmonary edema

Given the patient's history of heart failure, current symptoms including shortness of breath, significant swelling in the lower extremities"
73,undemonstrated,0.0380,0.038,0.03864451026079811,0.04480351198999153,-3.10546875,453,0.1106,D,D,True,True,1,False,False,True,D
74,undemonstrated,natural,,0.19435219326479028,1.0,0.0,367,0.0896,A,E,False,True,3,True,True,True,◆E ⟦OK⟧
74,undemonstrated,0.1500,0.15,0.149690980102418,0.44679113078950283,-0.8056640625,367,0.0896,A,E,False,True,3,True,True,True,◆E) Anaphylaxis⟦OK⟧
74,undemonstrated,0.1200,0.12,0.11949115587246728,0.2450605392455259,-1.40625,367,0.0896,A,E,False,True,3,True,True,True,◆ E) Anaphylaxis ⟦OK⟧
74,undemonstrated,0.0900,0.09,0.08956867029137049,0.1286343687209221,-2.05078125,367,0.0896,A,E,False,True,1,False,False,True,E) Anaphylaxis
74,undemonstrated,0.0700,0.07,0.06975562717180137,0.09050558205614526,-2.40234375,367,0.0896,A,E,False,True,1,False,False,True,E) Anaphylaxis
74,undemonstrated,0.0486,0.0486,0.04773598958684959,0.056636946030691915,-2.87109375,367,0.0896,A,E,False,True,1,False,False,True,"E) Anaphylaxis

The symptoms described include shortness of breath, sudden facial flushing, skin rash, and nausea/vomiting, which are consistent"
74,undemonstrated,0.0380,0.038,0.03711668131084607,0.04225373612899232,-3.1640625,367,0.0896,A,E,False,True,1,False,False,True,"E) Anaphylaxis

The symptoms described include shortness of breath, sudden facial flushing, skin rash, and nausea/vomiting, which are consistent"
75,undemonstrated,natural,,0.18862587653242374,1.0,0.0,517,0.1262,E,E,True,True,3,True,True,True,◆E⟦OK⟧
75,undemonstrated,0.1500,0.15,0.15052083203187583,0.46686331570996537,-0.76171875,517,0.1262,E,E,True,True,3,True,True,True,◆E⟦OK⟧
75,undemonstrated,0.1200,0.12,0.12073204127583141,0.23111410023442172,-1.46484375,517,0.1262,E,E,True,True,2,False,True,True,E ⟦OK⟧
75,undemonstrated,0.0900,0.09,0.08972682526582838,0.1213137638466268,-2.109375,517,0.1262,E,E,True,True,1,False,False,True,E) Panic attack
75,undemonstrated,0.0700,0.07,0.06922304376801665,0.08535489323371559,-2.4609375,517,0.1262,E,E,True,True,1,False,False,True,E) Panic attack
75,undemonstrated,0.0486,0.0486,0.048917082027063886,0.05500173080846468,-2.900390625,517,0.1262,E,E,True,True,1,False,False,True,"E) Panic attack

The symptoms described most closely with a panic attack, including intense and sudden pain, feelings of lightheadedness and dizziness,"
75,undemonstrated,0.0380,0.038,0.03710902895539782,0.04225373612899232,-3.1640625,517,0.1262,E,E,True,True,1,False,False,True,"E) Panic attack

The symptoms described most closely with a panic attack, including significant autonomic symptoms such as increased sweating, dizziness, feeling like one is"
76,undemonstrated,natural,,0.18890971773449672,1.0,0.0,446,0.1089,E,E,True,True,3,True,True,True,"◆E) Pulmonary embolism
⟦OK⟧"
76,undemonstrated,0.1500,0.15,0.15056334739733446,0.49322633675308153,-0.706787109375,446,0.1089,E,E,True,True,3,True,True,True,"◆E) Pulmonary embolism
⟦OK⟧"
76,undemonstrated,0.1200,0.12,0.11946234234876969,0.2755289704553164,-1.2890625,446,0.1089,E,E,True,True,2,False,True,True,E ⟦OK⟧
76,undemonstrated,0.0900,0.09,0.09036060204122495,0.15335496684492847,-1.875,446,0.1089,E,E,True,True,1,False,False,True,"E) Pulmonary embolism
E) Pulmonary embolism
E) Pulmonary embolism
E) Pulmonary embolism"
76,undemonstrated,0.0700,0.07,0.07072262297222855,0.10175816115137408,-2.28515625,446,0.1089,E,E,True,True,1,False,False,True,"E) Pulmonary embolism

Given the patient's history of active cancer, recent surgery, immobility, and deep vein thrombosis, along"
76,undemonstrated,0.0486,0.0486,0.047604473062088905,0.060054667895307945,-2.8125,446,0.1089,E,E,True,True,1,False,False,True,"E) Pulmonary embolism

Given the patient's history of active cancer, recent immobility, surgery, and deep vein thrombosis, along"
76,undemonstrated,0.0380,0.038,0.03834766914379839,0.04480351198999153,-3.10546875,446,0.1089,E,E,True,True,1,False,False,True,"E) Pulmonary embolism

Given the patient's history of active cancer, recent surgery, immobility, and deep vein thrombosis, along"
77,undemonstrated,natural,,0.1979378432926082,1.0,0.0,359,0.0876,D,D,True,True,3,True,True,True,◆D ⟦OK⟧
77,undemonstrated,0.1500,0.15,0.14953754487362964,0.4152368286818413,-0.87890625,359,0.0876,D,D,True,True,3,True,True,True,◆D⟦OK⟧
77,undemonstrated,0.1200,0.12,0.12015427818749927,0.23111410023442172,-1.46484375,359,0.0876,D,D,True,True,2,False,True,True,D ⟦OK⟧
77,undemonstrated,0.0900,0.09,0.09007711061044267,0.1363967310184996,-1.9921875,359,0.0876,D,D,True,True,1,False,False,True,"D) Atrial fibrillation
E) Pulmonary embolism
Given the symptoms and history, both atrial fibrillation and pulmonary embolism are"
77,undemonstrated,0.0700,0.07,0.06962774538293222,0.09596708604499847,-2.34375,359,0.0876,D,D,True,True,1,False,False,True,"D) Atrial fibrillation
E) Pulmonary embolism

Given the symptoms and history, both atrial fibrillation and pulmonary embolism are"
77,undemonstrated,0.0486,0.0486,0.04815340004746382,0.063678630095297,-2.75390625,359,0.0876,D,D,True,True,1,False,False,True,D) Atrial fibrillation
77,undemonstrated,0.0380,0.038,0.037226539779407264,0.04480351198999153,-3.10546875,359,0.0876,D,D,True,True,1,False,False,True,"D) Atrial fibrillation

Given the patient's symptoms of irregular heartbeat, palpitations, shortness of breath, and symptoms exacerbated by physical exertion,"
78,undemonstrated,natural,,0.20162130806155526,1.0,0.0,302,0.0737,C,C,True,True,3,True,True,True,◆C ⟦OK⟧
78,undemonstrated,0.1500,0.15,0.14919156588783208,0.391605626676799,-0.9375,302,0.0737,C,C,True,True,3,True,True,True,◆C⟦OK⟧
78,undemonstrated,0.1200,0.12,0.12078263807486411,0.21796135555570278,-1.5234375,302,0.0737,C,C,True,True,2,False,True,True,C ⟦OK⟧
78,undemonstrated,0.0900,0.09,0.09088244140480653,0.1213137638466268,-2.109375,302,0.0737,C,C,True,True,2,False,True,True,"C) Acute dystonic reactions
⟦OK⟧"
78,undemonstrated,0.0700,0.07,0.07072297722276223,0.08661441151814218,-2.4462890625,302,0.0737,C,C,True,True,2,False,True,True,"C) Acute dystonic reactions
⟦OK⟧"
78,undemonstrated,0.0486,0.0486,0.04858785783526243,0.05747269505921463,-2.8564453125,302,0.0737,C,C,True,True,1,False,False,True,C) Acute dystonic reactions
78,undemonstrated,0.0380,0.038,0.03571707913261118,0.04350995027895626,-3.134765625,302,0.0737,C,C,True,True,1,False,False,True,"C) Acute dystonic reactions

The symptoms described (trouble keeping the tongue in the mouth, difficulty opening/raising one or both eyelids, and"
79,undemonstrated,natural,,0.20346385541728404,1.0,0.0,287,0.0701,B,B,True,True,3,True,True,True,◆B ⟦OK⟧
79,undemonstrated,0.1500,0.15,0.14931014529018813,0.3693192805940405,-0.99609375,287,0.0701,B,B,True,True,3,True,True,True,◆B⟦OK⟧
79,undemonstrated,0.1200,0.12,0.11958845793725269,0.20555713592330557,-1.58203125,287,0.0701,B,B,True,True,2,False,True,True,B ⟦OK⟧
79,undemonstrated,0.0900,0.09,0.09030154793055992,0.11440977590183832,-2.16796875,287,0.0701,B,B,True,True,1,False,False,True,B) Bronchospasm / acute asthma exacerbation
79,undemonstrated,0.0700,0.07,0.06955147765898893,0.08049733103113403,-2.51953125,287,0.0701,B,B,True,True,1,False,False,True,B) Bronchospasm / acute asthma exacerbation
79,undemonstrated,0.0486,0.0486,0.047861829299993885,0.05341372732716633,-2.9296875,287,0.0701,B,B,True,True,1,False,False,True,B) Bronchospasm / acute asthma exacerbation
79,undemonstrated,0.0380,0.038,0.036875457208931275,0.04225373612899232,-3.1640625,287,0.0701,B,B,True,True,1,False,False,True,B) Bronchospasm / acute asthma exacerbation
80,undemonstrated,natural,,0.19872729220749366,1.0,0.0,296,0.0723,B,A,False,True,3,True,True,True,◆A ⟦OK⟧
80,undemonstrated,0.1500,0.15,0.15064737209135884,0.4152368286818413,-0.87890625,296,0.0723,B,A,False,True,3,True,True,True,◆A ⟦OK⟧
80,undemonstrated,0.1200,0.12,0.11994312538545455,0.22117764816905203,-1.5087890625,296,0.0723,B,A,False,True,3,True,True,True,◆A ⟦OK⟧
80,undemonstrated,0.0900,0.09,0.08910985879661626,0.1213137638466268,-2.109375,296,0.0723,B,A,False,True,2,False,True,True,"A) Guillain-Barré syndrome
B) Myasthenia gravis
⟦OK⟧"
80,undemonstrated,0.0700,0.07,0.06959389354038886,0.08535489323371559,-2.4609375,296,0.0723,B,A,False,True,1,False,False,True,"A) Guillain-Barré syndrome
B) Myasthenia gravis

Given the symptoms of jaw pain, double vision, difficulty speaking and swallowing"
80,undemonstrated,0.0486,0.0486,0.04800350967664983,0.05341372732716633,-2.9296875,296,0.0723,B,A,False,True,1,False,False,True,"A) Guillain-Barré syndrome

The combination of symptoms including jaw pain, double vision, difficulty speaking, swallowing issues, and potential limb weakness strongly suggests"
80,undemonstrated,0.0380,0.038,0.037200237718047445,0.04225373612899232,-3.1640625,296,0.0723,B,B,True,True,1,False,False,True,"B) Myasthenia gravis

The symptoms described for myasthenia gravis, including double vision, difficulty speaking, swallowing difficulties, and weakness"
81,undemonstrated,natural,,0.19616520034007023,1.0,0.0,349,0.0852,C,C,True,True,3,True,True,True,◆C⟦OK⟧
81,undemonstrated,0.1500,0.15,0.14976810386963416,0.440294041117178,-0.8203125,349,0.0852,C,C,True,True,3,True,True,True,"◆C
⟦OK⟧"
81,undemonstrated,0.1200,0.12,0.12001593294142175,0.23452447805818624,-1.4501953125,349,0.0852,C,C,True,True,3,True,True,True,◆C) Pericarditis⟦OK⟧
81,undemonstrated,0.0900,0.09,0.08991581901645249,0.1286343687209221,-2.05078125,349,0.0852,C,C,True,True,1,False,False,True,"C) Pericarditis
E) Pulmonary embolism
Given the history of recent viral infection and the exacerbation of symptoms when lying down,"
81,undemonstrated,0.0700,0.07,0.06998554415997073,0.08789251557133614,-2.431640625,349,0.0852,C,C,True,True,1,False,False,True,C) Pericarditis
81,undemonstrated,0.0486,0.0486,0.04907389948053462,0.05832077661072152,-2.841796875,349,0.0852,C,C,True,True,1,False,False,True,"C) Pericarditis

Given the patient's history of pericarditis, the presence of sharp chest pain that is worse when lying down and relieved"
81,undemonstrated,0.0380,0.038,0.037387532257747394,0.04225373612899232,-3.1640625,349,0.0852,C,C,True,True,1,False,False,True,"C) Pericarditis

Given the patient's history of having had pericarditis before, the recurrence of symptoms such as sharp chest pain that wors"
82,undemonstrated,natural,,0.18998539616358393,1.0,0.0,489,0.1194,A,A,True,True,3,True,True,True,◆A⟦OK⟧
82,undemonstrated,0.1500,0.15,0.14945867157306328,0.440294041117178,-0.8203125,489,0.1194,A,A,True,True,3,True,True,True,◆A⟦OK⟧
82,undemonstrated,0.1200,0.12,0.12095322799314237,0.23111410023442172,-1.46484375,489,0.1194,A,A,True,True,2,False,True,True,A ⟦OK⟧
82,undemonstrated,0.0900,0.09,0.08956191224335865,0.1213137638466268,-2.109375,489,0.1194,A,A,True,True,1,False,False,True,"A) SLE
B) Possible NSTEMI / STEMI
C) Pulmonary neoplasm
D) Unstable angina
E)"
82,undemonstrated,0.0700,0.07,0.06950559424937773,0.08535489323371559,-2.4609375,489,0.1194,A,A,True,True,1,False,False,True,A) SLE
82,undemonstrated,0.0486,0.0486,0.048816463445338645,0.05581335018966035,-2.8857421875,489,0.1194,A,A,True,True,1,False,False,True,"A) SLE

The patient's symptoms, including fatigue, non-restful sleep, pain in multiple locations, a rash on the cheeks, and painful mouth"
82,undemonstrated,0.0380,0.038,0.03660717062304401,0.04350995027895626,-3.134765625,489,0.1194,A,A,True,True,1,False,False,True,"A) SLE

The patient's symptoms, including fatigue, non-restful sleep, pain in multiple locations, a rash on the cheeks, and painful mouth"
83,undemonstrated,natural,,0.18191934911521648,1.0,0.0,330,0.0806,B,D,False,True,3,True,True,True,◆D⟦OK⟧
83,undemonstrated,0.1500,0.15,0.15034154897961946,0.6077164475263447,-0.498046875,330,0.0806,B,D,False,True,3,True,True,True,◆D⟦OK⟧
83,undemonstrated,0.1200,0.12,0.12035339736797179,0.34830125444308524,-1.0546875,330,0.0806,B,B,True,True,2,False,True,True,B ⟦OK⟧
83,undemonstrated,0.0900,0.09,0.09045627298389648,0.17242162389375282,-1.7578125,330,0.0806,B,B,True,True,1,False,False,True,B
83,undemonstrated,0.0700,0.07,0.07067200032113659,0.10789869514276741,-2.2265625,330,0.0806,B,B,True,True,1,False,False,True,"B) Viral pharyngitis

Given the symptoms of coughing up blood, pain localized to the tonsils, fever, and cough, along with"
83,undemonstrated,0.0486,0.0486,0.04901344374033101,0.063678630095297,-2.75390625,330,0.0806,B,B,True,True,1,False,False,True,"B) Viral pharyngitis

Given the symptoms of coughing up blood, pain localized to the right tonsil with a high intensity and precise location"
83,undemonstrated,0.0380,0.038,0.03835032385099774,0.04480351198999153,-3.10546875,330,0.0806,B,B,True,True,1,False,False,True,"B) Viral pharyngitis

Given the symptoms of coughing up blood, pain localized to the right tonsil with a high intensity and precise location"
84,undemonstrated,natural,,0.17755989198802666,1.0,0.0,404,0.0986,D,A,False,True,3,True,True,True,◆A⟦OK⟧
84,undemonstrated,0.1500,0.15,0.15088225322387072,0.6077164475263447,-0.498046875,404,0.0986,D,A,False,True,3,True,True,True,◆A⟦OK⟧
84,undemonstrated,0.1200,0.12,0.1202453950100688,0.32847936791032617,-1.11328125,404,0.0986,D,A,False,True,2,False,True,True,A ⟦OK⟧
84,undemonstrated,0.0900,0.09,0.09032485236726528,0.1626090785152391,-1.81640625,404,0.0986,D,A,False,True,2,False,True,True,A ⟦OK⟧
84,undemonstrated,0.0700,0.07,0.0693026369995321,0.09596708604499847,-2.34375,404,0.0986,D,A,False,True,1,False,False,True,"A) Possible NSTEMI / STEMI

Given the symptoms of loss of consciousness, muscle contractions, and pain, especially the burning pain, this could"
84,undemonstrated,0.0486,0.0486,0.048127837439901636,0.056636946030691915,-2.87109375,404,0.0986,D,A,False,True,1,False,False,True,"A) Possible NSTEMI / STEMI

Given the symptoms of loss of consciousness, muscle contractions, and pain (characterized as burning) in multiple"
84,undemonstrated,0.0380,0.038,0.03737450262311932,0.04225373612899232,-3.1640625,404,0.0986,D,A,False,True,1,False,False,True,"A) Possible NSTEMI / STEMI

The symptoms described more towards cardiovascular issues, particularly given the presence of pain (characterized as burning) in multiple"
85,undemonstrated,natural,,0.1958888595780289,1.0,0.0,364,0.0889,D,B,False,True,3,True,True,True,◆B ⟦OK⟧
85,undemonstrated,0.1500,0.15,0.14900794859529104,0.4032481599651003,-0.908203125,364,0.0889,D,B,False,True,3,True,True,True,◆B) Influenza⟦OK⟧
85,undemonstrated,0.1200,0.12,0.1206262907183809,0.21796135555570278,-1.5234375,364,0.0889,D,B,False,True,3,True,True,True,◆ B) Influenza ⟦OK⟧
85,undemonstrated,0.0900,0.09,0.08969182881188907,0.11781120717275206,-2.138671875,364,0.0889,D,B,False,True,1,False,False,True,"B) Influenza
D) URTI

Given the symptoms of fever, sore throat, diffuse muscle pain, nasal congestion, and cough,"
85,undemonstrated,0.0700,0.07,0.06904994316581947,0.08049733103113403,-2.51953125,364,0.0889,D,B,False,True,1,False,False,True,"B) Influenza

Given the symptoms of fever, sore throat, diffuse muscle pain, nasal congestion, and cough, along with recent contact with someone"
85,undemonstrated,0.0486,0.0486,0.048585334949232103,0.056636946030691915,-2.87109375,364,0.0889,D,B,False,True,1,False,False,True,"B) Influenza

Given the symptoms of fever, sore throat, diffuse muscle pain, nasal congestion, and cough, along with recent contact with someone"
85,undemonstrated,0.0380,0.038,0.03715875168023546,0.04225373612899232,-3.1640625,364,0.0889,D,B,False,True,1,False,False,True,"B) Influenza

The patient's symptoms, including fever, sore throat, diffuse muscle pain, nasal congestion, and cough, are consistent with influenza"
86,undemonstrated,natural,,0.1873984589541479,1.0,0.0,572,0.1396,D,D,True,True,3,True,True,True,◆D ⟦OK⟧
86,undemonstrated,0.1500,0.15,0.1498903087119238,0.46686331570996537,-0.76171875,572,0.1396,D,D,True,True,3,True,True,True,◆D) HIV (initial infection)⟦OK⟧
86,undemonstrated,0.1200,0.12,0.12071366735622838,0.2450605392455259,-1.40625,572,0.1396,D,D,True,True,1,False,False,True,D) HIV (initial infection)
86,undemonstrated,0.0900,0.09,0.08932213073231453,0.1286343687209221,-2.05078125,572,0.1396,D,D,True,True,1,False,False,True,D) HIV (initial infection)
86,undemonstrated,0.0700,0.07,0.06923086019728682,0.08789251557133614,-2.431640625,572,0.1396,D,D,True,True,1,False,False,True,D) HIV (initial infection)
86,undemonstrated,0.0486,0.0486,0.048135538818953195,0.056636946030691915,-2.87109375,572,0.1396,D,D,True,True,1,False,False,True,D) HIV (initial infection)
86,undemonstrated,0.0380,0.038,0.038873767322590055,0.04480351198999153,-3.10546875,572,0.1396,D,D,True,True,1,False,False,True,D) HIV (initial infection)
87,undemonstrated,natural,,0.19393227881872493,1.0,0.0,451,0.1101,C,C,True,True,3,True,True,True,◆C⟦OK⟧
87,undemonstrated,0.1500,0.15,0.14941581361492334,0.440294041117178,-0.8203125,451,0.1101,C,C,True,True,3,True,True,True,◆C⟦OK⟧
87,undemonstrated,0.1200,0.12,0.12007524377678651,0.2450605392455259,-1.40625,451,0.1101,C,C,True,True,2,False,True,True,C ⟦OK⟧
87,undemonstrated,0.0900,0.09,0.09049714745855855,0.13245870069633822,-2.021484375,451,0.1101,C,C,True,True,1,False,False,True,C
87,undemonstrated,0.0700,0.07,0.07093325287321679,0.09050558205614526,-2.40234375,451,0.1101,C,C,True,True,1,False,False,True,"C) Panic attack

Given the patient's symptoms including sharp chest pain, shortness of breath, feeling of choking, rapid heartbeat, and recent onset of numb"
87,undemonstrated,0.0486,0.0486,0.04785518272065816,0.056636946030691915,-2.87109375,451,0.1101,C,C,True,True,1,False,False,True,"C) Panic attack

Given the patient's symptoms including sharp chest pain, shortness of breath, feeling of choking, rapid heartbeat, and recent onset of numb"
87,undemonstrated,0.0380,0.038,0.038020779735726824,0.04350995027895626,-3.134765625,451,0.1101,C,C,True,True,1,False,False,True,"C) Panic attack

Given the patient's symptoms, including sharp chest pain, shortness of breath, feeling like she is choking or suffocating, palp"
88,undemonstrated,natural,,0.20020596536277643,1.0,0.0,326,0.0796,B,B,True,True,3,True,True,True,◆B ⟦OK⟧
88,undemonstrated,0.1500,0.15,0.15031032121753105,0.391605626676799,-0.9375,326,0.0796,B,B,True,True,3,True,True,True,◆B ⟦OK⟧
88,undemonstrated,0.1200,0.12,0.11939164432991764,0.21796135555570278,-1.5234375,326,0.0796,B,B,True,True,2,False,True,True,B ⟦OK⟧
88,undemonstrated,0.0900,0.09,0.08980271739907929,0.1213137638466268,-2.109375,326,0.0796,B,B,True,True,2,False,True,True,B) Acute dystonic reactions ⟦OK⟧
88,undemonstrated,0.0700,0.07,0.07022247111768008,0.08535489323371559,-2.4609375,326,0.0796,B,B,True,True,1,False,False,True,B) Acute dystonic reactions
88,undemonstrated,0.0486,0.0486,0.04862828101176223,0.056636946030691915,-2.87109375,326,0.0796,B,B,True,True,1,False,False,True,"B) Acute dystonic reactions

Given the symptoms of tongue protrusion, eyelid ptosis, facial and neck muscle spasms, and the history of"
88,undemonstrated,0.0380,0.038,0.03722604785129343,0.04225373612899232,-3.1640625,326,0.0796,B,B,True,True,1,False,False,True,"B) Acute dystonic reactions

The symptoms described include trouble keeping the tongue in the mouth, eyelid issues, facial muscle spasms, and jaw pain"
89,undemonstrated,natural,,0.1956241527265537,1.0,0.0,384,0.0938,E,E,True,True,3,True,True,True,◆E ⟦OK⟧
89,undemonstrated,0.1500,0.15,0.15011547333825687,0.4152368286818413,-0.87890625,384,0.0938,E,E,True,True,3,True,True,True,"◆E) Pulmonary neoplasm
⟦OK⟧"
89,undemonstrated,0.1200,0.12,0.12091624842612285,0.23111410023442172,-1.46484375,384,0.0938,E,E,True,True,3,True,True,True,"◆E) Pulmonary neoplasm
⟦OK⟧"
89,undemonstrated,0.0900,0.09,0.08931520657899475,0.12676381003940596,-2.0654296875,384,0.0938,E,E,True,True,1,False,False,True,"E) Pulmonary neoplasm
E) Pulmonary neoplasm"
89,undemonstrated,0.0700,0.07,0.0691285471483548,0.08661441151814218,-2.4462890625,384,0.0938,E,E,True,True,1,False,False,True,E) Pulmonary neoplasm
89,undemonstrated,0.0486,0.0486,0.04816364598773289,0.056636946030691915,-2.87109375,384,0.0938,E,E,True,True,1,False,False,True,"E) Pulmonary neoplasm

Given the patient's history of smoking, family history of lung cancer, recent onset of symptoms such as cough, hemopt"
89,undemonstrated,0.0380,0.038,0.036739343318721376,0.04350995027895626,-3.134765625,384,0.0938,E,E,True,True,1,False,False,True,"E) Pulmonary neoplasm

Given the patient's history of smoking, family history of lung cancer, recent onset of symptoms such as cough, hemopt"
90,undemonstrated,natural,,0.18987989134049718,1.0,0.0,423,0.1033,D,D,True,True,3,True,True,True,◆D ⟦OK⟧
90,undemonstrated,0.1500,0.15,0.1493758572255813,0.48074327892797597,-0.732421875,423,0.1033,D,D,True,True,3,True,True,True,◆D⟦OK⟧
90,undemonstrated,0.1200,0.12,0.11911717668463016,0.2755289704553164,-1.2890625,423,0.1033,D,D,True,True,2,False,True,True,D ⟦OK⟧
90,undemonstrated,0.0900,0.09,0.09028174704673642,0.15791424838939916,-1.845703125,423,0.1033,D,D,True,True,2,False,True,True,D ⟦OK⟧
90,undemonstrated,0.0700,0.07,0.06962867660053165,0.10175816115137408,-2.28515625,423,0.1033,D,D,True,True,1,False,False,True,D) Anemia
90,undemonstrated,0.0486,0.0486,0.04863004620015397,0.06557181170489068,-2.724609375,423,0.1033,D,D,True,True,1,False,False,True,D) Anemia
90,undemonstrated,0.0380,0.038,0.037812481572951175,0.04750715251567949,-3.046875,423,0.1033,D,D,True,True,1,False,False,True,"D) Anemia

Given the symptoms and history provided, particularly the presence of black stools (melena) and blood in the stool, along with a history"
91,undemonstrated,natural,,0.18976460767003483,1.0,0.0,431,0.1052,A,C,False,True,3,True,True,True,◆C⟦OK⟧
91,undemonstrated,0.1500,0.15,0.15079595608049043,0.4950358969261986,-0.703125,431,0.1052,A,C,False,True,3,True,True,True,◆C⟦OK⟧
91,undemonstrated,0.1200,0.12,0.11992422180079025,0.2921555976422762,-1.23046875,431,0.1052,A,C,False,True,2,False,True,True,C ⟦OK⟧
91,undemonstrated,0.0900,0.09,0.09009494539509173,0.1626090785152391,-1.81640625,431,0.1052,A,C,False,True,2,False,True,True,C ⟦OK⟧
91,undemonstrated,0.0700,0.07,0.07075202525815223,0.10789869514276741,-2.2265625,431,0.1052,A,C,False,True,1,False,False,True,"C) Unstable angina

Given the patient's symptoms of severe, non-restful pain that radiates and is exacerbated by physical activity, along with his"
91,undemonstrated,0.0486,0.0486,0.0484643766810312,0.06557181170489068,-2.724609375,431,0.1052,A,D,False,True,1,False,False,True,"D) Possible NSTEMI / STEMI

Given the patient's symptoms of severe, radiating chest pain, the intensity of the pain, and the fact"
91,undemonstrated,0.0380,0.038,0.03894093231685965,0.04750715251567949,-3.046875,431,0.1052,A,D,False,True,1,False,False,True,"D) Possible NSTEMI / STEMI

Given the patient's symptoms including severe pain that radiates to multiple locations, its intensity, and the fact that"
92,undemonstrated,natural,,0.19480953776697305,1.0,0.0,539,0.1316,D,D,True,True,3,True,True,True,◆D ⟦OK⟧
92,undemonstrated,0.1500,0.15,0.1492734807740271,0.391605626676799,-0.9375,539,0.1316,D,D,True,True,3,True,True,True,◆D⟦OK⟧
92,undemonstrated,0.1200,0.12,0.11956677874270351,0.20405709053019627,-1.58935546875,539,0.1316,D,D,True,True,2,False,True,True,D ⟦OK⟧
92,undemonstrated,0.0900,0.09,0.08908115399471532,0.1111065503531848,-2.197265625,539,0.1316,D,D,True,True,1,False,False,True,D) HIV (initial infection)
92,undemonstrated,0.0700,0.07,0.06933437035374236,0.0759162135601666,-2.578125,539,0.1316,D,D,True,True,1,False,False,True,D) HIV (initial infection)
92,undemonstrated,0.0486,0.0486,0.048591479869231166,0.05037394257513113,-2.98828125,539,0.1316,D,D,True,True,1,False,False,True,"D) HIV (initial infection)

Given the patient's symptoms, including swollen or painful lymph nodes, significant sweating, pain, fever, sore throat, lesions,"
92,undemonstrated,0.0380,0.038,0.03726956887645747,0.03984906846716255,-3.22265625,539,0.1316,D,D,True,True,1,False,False,True,"D) HIV (initial infection)

Given the patient's symptoms, including swollen or painful lymph nodes, significant sweating, pain, fever, sore throat, lesions on"
93,undemonstrated,natural,,0.19279141336765598,1.0,0.0,357,0.0872,A,C,False,True,3,True,True,True,◆C ⟦OK⟧
93,undemonstrated,0.1500,0.15,0.15035794431638264,0.46686331570996537,-0.76171875,357,0.0872,A,C,False,True,3,True,True,True,◆C⟦OK⟧
93,undemonstrated,0.1200,0.12,0.12012864805269487,0.25984856758801733,-1.34765625,357,0.0872,A,C,False,True,2,False,True,True,C ⟦OK⟧
93,undemonstrated,0.0900,0.09,0.08924382550513457,0.14045183996771032,-1.962890625,357,0.0872,A,C,False,True,1,False,False,True,C
93,undemonstrated,0.0700,0.07,0.0692674997229957,0.09596708604499847,-2.34375,357,0.0872,A,C,False,True,1,False,False,True,C
93,undemonstrated,0.0486,0.0486,0.04885260042004797,0.060054667895307945,-2.8125,357,0.0872,A,C,False,True,1,False,False,True,"C) Possible NSTEMI / STEMI

Given the patient's history of metastatic cancer, the intensity and character of the chest pain (described as"
93,undemonstrated,0.0380,0.038,0.03891286496665709,0.04480351198999153,-3.10546875,357,0.0872,A,C,False,True,1,False,False,True,"C) Possible NSTEMI / STEMI

Given the patient's history of metastatic cancer, the intensity and character of the chest pain (described as"
94,undemonstrated,natural,,0.19660605778050472,1.0,0.0,533,0.1301,C,C,True,True,3,True,True,True,◆C⟦OK⟧
94,undemonstrated,0.1500,0.15,0.15074284557734008,0.391605626676799,-0.9375,533,0.1301,C,C,True,True,3,True,True,True,◆C⟦OK⟧
94,undemonstrated,0.1200,0.12,0.11965567638958122,0.19103981111462334,-1.6552734375,533,0.1301,C,C,True,True,2,False,True,True,C ⟦OK⟧
94,undemonstrated,0.0900,0.09,0.08900713628416339,0.10789869514276741,-2.2265625,533,0.1301,C,C,True,True,2,False,True,True,"C) Anaphylaxis
B) Bronchospasm / acute asthma exacerbation
⟦OK⟧"
94,undemonstrated,0.0700,0.07,0.07002466576995753,0.07817322158887273,-2.548828125,533,0.1301,C,C,True,True,1,False,False,True,"C) Anaphylaxis

Given the patient's history of severe food allergy, the presence of wheezing, shortness of breath, skin rash,"
94,undemonstrated,0.0486,0.0486,0.048236468344269645,0.05037394257513113,-2.98828125,533,0.1301,C,C,True,True,1,False,False,True,"C) Anaphylaxis

Given the patient's history of a severe food allergy, the presence of a wheezing sound upon exhaling, significant short"
94,undemonstrated,0.0380,0.038,0.038675176442198304,0.04103379124572375,-3.193359375,533,0.1301,C,C,True,True,1,False,False,True,"C) Anaphylaxis

Given the patient's history of a severe food allergy, the presence of a wheezing sound on exhalation, significant"
95,undemonstrated,natural,,0.18738621040692652,1.0,0.0,343,0.0837,C,E,False,True,3,True,True,True,◆E⟦OK⟧
95,undemonstrated,0.1500,0.15,0.14924989854518997,0.509753438034524,-0.6738280653953552,343,0.0837,C,E,False,True,3,True,True,True,◆E⟦OK⟧
95,undemonstrated,0.1200,0.12,0.11986604247538905,0.30084145667800716,-1.201171875,343,0.0837,C,E,False,True,2,False,True,True,E ⟦OK⟧
95,undemonstrated,0.0900,0.09,0.09028688921738877,0.1626090785152391,-1.81640625,343,0.0837,C,E,False,True,2,False,True,True,E ⟦OK⟧
95,undemonstrated,0.0700,0.07,0.07087056424141815,0.10175816115137408,-2.28515625,343,0.0837,C,E,False,True,1,False,False,True,E) Pneumonia
95,undemonstrated,0.0486,0.0486,0.04807002591001753,0.060054667895307945,-2.8125,343,0.0837,C,E,False,True,1,False,False,True,E) Pneumonia
95,undemonstrated,0.0380,0.038,0.03776501425090705,0.04480351198999153,-3.10546875,343,0.0837,C,E,False,True,1,False,False,True,E) Pneumonia
96,undemonstrated,natural,,0.19166862703222182,1.0,0.0,337,0.0823,B,A,False,True,3,True,True,True,◆A⟦OK⟧
96,undemonstrated,0.1500,0.15,0.1493346673843794,0.46686331570996537,-0.76171875,337,0.0823,B,A,False,True,2,False,True,True,A ⟦OK⟧
96,undemonstrated,0.1200,0.12,0.11925387740715167,0.2450605392455259,-1.40625,337,0.0823,B,A,False,True,2,False,True,True,A ⟦OK⟧
96,undemonstrated,0.0900,0.09,0.08964235537228098,0.13245870069633822,-2.021484375,337,0.0823,B,A,False,True,1,False,False,True,"A) Possible NSTEMI / STEMI
B) Boerhaave
C) Guillain-Barré syndrome
D) Anaphylaxis"
96,undemonstrated,0.0700,0.07,0.07001262146280758,0.09050558205614526,-2.40234375,337,0.0823,B,A,False,True,1,False,False,True,A) Possible NSTEMI / STEMI
96,undemonstrated,0.0486,0.0486,0.04919100643350216,0.05832077661072152,-2.841796875,337,0.0823,B,A,False,True,1,False,False,True,"A) Possible NSTEMI / STEMI

Given the symptoms including severe chest pain (characterized as ""heartbreaking, haunting, a knife stroke, violent"
96,undemonstrated,0.0380,0.038,0.03760077671100983,0.04350995027895626,-3.134765625,337,0.0823,B,A,False,True,1,False,False,True,"A) Possible NSTEMI / STEMI

The patient's symptoms, including severe chest pain (characterized as ""heartbreaking""), pain radiating to the"
97,undemonstrated,natural,,0.18994395691513327,1.0,0.0,354,0.0864,B,A,False,True,3,True,True,True,◆A ⟦OK⟧
97,undemonstrated,0.1500,0.15,0.14944514790580837,0.5249085353233612,-0.64453125,354,0.0864,B,A,False,True,3,True,True,True,◆A ⟦OK⟧
97,undemonstrated,0.1200,0.12,0.12046268891968269,0.30978554847668166,-1.171875,354,0.0864,B,A,False,True,2,False,True,True,A ⟦OK⟧
97,undemonstrated,0.0900,0.09,0.08976747223769296,0.17242162389375282,-1.7578125,354,0.0864,B,A,False,True,1,False,False,True,"A) Viral pharyngitis
B) Acute laryngitis
D) Bronchitis
B) Acute laryngitis"
97,undemonstrated,0.0700,0.07,0.07049344504981811,0.11440977590183832,-2.16796875,354,0.0864,B,A,False,True,1,False,False,True,"A) Viral pharyngitis
B) Acute laryngitis
D) Bronchitis"
97,undemonstrated,0.0486,0.0486,0.04828438152754742,0.06952870257335038,-2.666015625,354,0.0864,B,A,False,True,1,False,False,True,"A) Viral pharyngitis

Given the symptoms of fever, sore throat (pain intensity and location), cough, and recent history of a cold,"
97,undemonstrated,0.0380,0.038,0.03883138969535587,0.05037394257513113,-2.98828125,354,0.0864,B,A,False,True,1,False,False,True,"A) Viral pharyngitis

Given the patient's symptoms including fever, sore throat (pain in the tonsil), and recent history of a cold"
98,undemonstrated,natural,,0.18711637497872835,1.0,0.0,393,0.0959,A,A,True,True,3,True,True,True,◆A ⟦OK⟧
98,undemonstrated,0.1500,0.15,0.15035479586270944,0.5023407711988287,-0.6884765028953552,393,0.0959,A,A,True,True,3,True,True,True,◆A)URTI⟦OK⟧
98,undemonstrated,0.1200,0.12,0.12044485465809962,0.2755289704553164,-1.2890625,393,0.0959,A,A,True,True,2,False,True,True,A ⟦OK⟧
98,undemonstrated,0.0900,0.09,0.08995008905258448,0.1446275083208538,-1.93359375,393,0.0959,A,A,True,True,2,False,True,True,A) URTI ⟦OK⟧
98,undemonstrated,0.0700,0.07,0.06972555948522742,0.09596708604499847,-2.34375,393,0.0959,A,A,True,True,1,False,False,True,A) URTI
98,undemonstrated,0.0486,0.0486,0.048473456957864196,0.060054667895307945,-2.8125,393,0.0959,A,A,True,True,1,False,False,True,A) URTI
98,undemonstrated,0.0380,0.038,0.03807763114006326,0.04480351198999153,-3.10546875,393,0.0959,A,A,True,True,1,False,False,True,A) URTI
99,undemonstrated,natural,,0.18838835750822186,1.0,0.0,358,0.0874,A,C,False,True,3,True,True,True,◆C⟦OK⟧
99,undemonstrated,0.1500,0.15,0.14955662013528787,0.4950358969261986,-0.703125,358,0.0874,A,C,False,True,3,True,True,True,◆C⟦OK⟧
99,undemonstrated,0.1200,0.12,0.11929803412259685,0.25984856758801733,-1.34765625,358,0.0874,A,C,False,True,1,False,False,True,C
99,undemonstrated,0.0900,0.09,0.09064625442696736,0.1363967310184996,-1.9921875,358,0.0874,A,C,False,True,1,False,False,True,"C) URTI
A) Viral pharyngitis
C) URTI (Upper Respiratory Tract Infection) seems the most"
99,undemonstrated,0.0700,0.07,0.07025673468614486,0.09050558205614526,-2.40234375,358,0.0874,A,C,False,True,1,False,False,True,C) URTI
99,undemonstrated,0.0486,0.0486,0.04950298131536022,0.060054667895307945,-2.8125,358,0.0874,A,C,False,True,1,False,False,True,C) URTI
99,undemonstrated,0.0380,0.038,0.0372517315814131,0.04350995027895626,-3.134765625,358,0.0874,A,C,False,True,1,False,False,True,"C) URTI

The patient's symptoms suggest an Upper Respiratory Tract Infection (URTI), given the presence of nasal congestion or a clear"
100,undemonstrated,natural,,0.20055367195364737,1.0,0.0,433,0.1057,C,C,True,True,3,True,True,True,◆C⟦OK⟧
100,undemonstrated,0.1500,0.15,0.1494835500703435,0.391605626676799,-0.9375,433,0.1057,C,C,True,True,3,True,True,True,◆C⟦OK⟧
100,undemonstrated,0.1200,0.12,0.12080004249043455,0.21796135555570278,-1.5234375,433,0.1057,C,C,True,True,3,True,True,True,◆ C) Anemia ⟦OK⟧
100,undemonstrated,0.0900,0.09,0.0893654425848567,0.1213137638466268,-2.109375,433,0.1057,C,C,True,True,2,False,True,True,C) Anemia ⟦OK⟧
100,undemonstrated,0.0700,0.07,0.07026715779957973,0.08661441151814218,-2.4462890625,433,0.1057,C,C,True,True,1,False,False,True,C) Anemia
100,undemonstrated,0.0486,0.0486,0.04867983238349512,0.05832077661072152,-2.841796875,433,0.1057,C,C,True,True,1,False,False,True,C) Anemia
100,undemonstrated,0.0380,0.038,0.03655497635952138,0.04350995027895626,-3.134765625,433,0.1057,C,C,True,True,1,False,False,True,"C) Anemia

The patient's symptoms, including shortness of breath, fatigue, non-restful sleep, black stools, abundant or long menstruation periods"
101,undemonstrated,natural,,0.19690571664430512,1.0,0.0,294,0.0718,C,A,False,True,3,True,True,True,◆A ⟦OK⟧
101,undemonstrated,0.1500,0.15,0.14997774224093333,0.4152368286818413,-0.87890625,294,0.0718,C,A,False,True,3,True,True,True,◆A ⟦OK⟧
101,undemonstrated,0.1200,0.12,0.12040873381166131,0.22444140120559558,-1.494140625,294,0.0718,C,A,False,True,2,False,True,True,A ⟦OK⟧
101,undemonstrated,0.0900,0.09,0.08910974339924012,0.1213137638466268,-2.109375,294,0.0718,C,A,False,True,1,False,False,True,"A) Viral pharyngitis
B) Possible NSTEMI / STEMI
C) Acute laryngitis
D) Unstable"
101,undemonstrated,0.0700,0.07,0.07095626471640984,0.08789251557133614,-2.431640625,294,0.0718,C,A,False,True,1,False,False,True,"A) Viral pharyngitis
B) Possible NSTEMI / STEMI (considering the presence of fever and localized throat pain, though less"
101,undemonstrated,0.0486,0.0486,0.048128411009979534,0.056636946030691915,-2.87109375,294,0.0718,C,A,False,True,1,False,False,True,"A) Viral pharyngitis

Given the symptoms of localized burning pain, low intensity, and the presence of a fever, viral pharyngitis"
101,undemonstrated,0.0380,0.038,0.03646122228484216,0.04225373612899232,-3.1640625,294,0.0718,C,A,False,True,1,False,False,True,"A) Viral pharyngitis

Given the symptoms of burning pain, location around the tonsils, presence of fever, and no history of travel or"
102,undemonstrated,natural,,0.20393026070919817,1.0,0.0,261,0.0637,B,B,True,True,3,True,True,True,◆B ⟦OK⟧
102,undemonstrated,0.1500,0.15,0.1494759866119207,0.3802992352356941,-0.966796875,261,0.0637,B,B,True,True,3,True,True,True,◆B⟦OK⟧
102,undemonstrated,0.1200,0.12,0.1203558912258854,0.21166840101912124,-1.552734375,261,0.0637,B,B,True,True,2,False,True,True,B ⟦OK⟧
102,undemonstrated,0.0900,0.09,0.09073976300526689,0.1213137638466268,-2.109375,261,0.0637,B,B,True,True,2,False,True,True,"B) Tuberculosis
⟦OK⟧"
102,undemonstrated,0.0700,0.07,0.07033235987666739,0.08535489323371559,-2.4609375,261,0.0637,B,B,True,True,1,False,False,True,"B) Tuberculosis
Given the patient's history of HIV infection, use months of involuntary weight loss, cough, hemoptysis, shortness of breath,"
102,undemonstrated,0.0486,0.0486,0.049257031001888045,0.056636946030691915,-2.87109375,261,0.0637,B,B,True,True,1,False,False,True,"B) Tuberculosis

Given the patient's history of HIV infection, use months of involuntary weight loss, cough, hemoptysis, shortness of breath,"
102,undemonstrated,0.0380,0.038,0.03720115459858886,0.04350995027895626,-3.134765625,261,0.0637,B,B,True,True,1,False,False,True,"B) Tuberculosis

Given the patient's history of HIV infection, use months of involuntary weight loss, cough, hemoptysis, shortness of breath,"
103,undemonstrated,natural,,0.1878133967207065,1.0,0.0,352,0.0859,C,C,True,True,3,True,True,True,◆C ⟦OK⟧
103,undemonstrated,0.1500,0.15,0.14926592127457947,0.5249085353233612,-0.64453125,352,0.0859,C,C,True,True,3,True,True,True,◆C⟦OK⟧
103,undemonstrated,0.1200,0.12,0.12028361292531918,0.30978554847668166,-1.171875,352,0.0859,C,A,False,True,2,False,True,True,A ⟦OK⟧
103,undemonstrated,0.0900,0.09,0.0910141572341633,0.16744348711569607,-1.787109375,352,0.0859,C,A,False,True,1,False,False,True,"A) URTI
B) C) Viral pharyngitis
C) E) Tuberculosis

Given the symptoms and history, viral phary"
103,undemonstrated,0.0700,0.07,0.07069069722472456,0.10789869514276741,-2.2265625,352,0.0859,C,A,False,True,1,False,False,True,A) URTI
103,undemonstrated,0.0486,0.0486,0.04946321757306551,0.0675212780775444,-2.6953125,352,0.0859,C,A,False,True,1,False,False,True,"A) URTI

Given the symptoms of fever, pain in the tonsils, nasal congestion, and cough, along with recent contact with someone with similar"
103,undemonstrated,0.0380,0.038,0.038245247985205844,0.04750715251567949,-3.046875,352,0.0859,C,A,False,True,1,False,False,True,"A) URTI

Given the symptoms of fever, pain in the tonsils, nasal congestion, and cough, along with recent contact with someone with similar"
104,undemonstrated,natural,,0.19128287014505826,1.0,0.0,266,0.0649,A,A,True,True,3,True,True,True,◆A⟦OK⟧
104,undemonstrated,0.1500,0.15,0.15009332762926966,0.5249085353233612,-0.64453125,266,0.0649,A,A,True,True,3,True,True,True,◆A⟦OK⟧
104,undemonstrated,0.1200,0.12,0.11925452785763704,0.30528074892059653,-1.1865234375,266,0.0649,A,A,True,True,3,True,True,True,◆A⟦OK⟧
104,undemonstrated,0.0900,0.09,0.09079134593436602,0.16744348711569607,-1.787109375,266,0.0649,A,A,True,True,2,False,True,True,A ⟦OK⟧
104,undemonstrated,0.0700,0.07,0.0699564923434935,0.1111065503531848,-2.197265625,266,0.0649,A,A,True,True,1,False,False,True,"A) Atrial fibrillation
B) D) PSVT
Given the patient's symptoms of palpitations, shortness of breath exacerbated by physical activity,"
104,undemonstrated,0.0486,0.0486,0.04856414788233016,0.06952870257335038,-2.666015625,266,0.0649,A,D,False,True,1,False,False,True,"D) PSVT

Given the patient's symptoms of palpitations that are increased with physical exertion and alleviated with rest, along with a history of a"
104,undemonstrated,0.0380,0.038,0.0386103976808184,0.05037394257513113,-2.98828125,266,0.0649,A,D,False,True,1,False,False,True,"D) PSVT

Given the patient's symptoms of palpitations that are increased with physical exertion and alleviated with rest, along with a history of a"
105,undemonstrated,natural,,0.1820296168715906,1.0,0.0,584,0.1426,E,E,True,True,3,True,True,True,◆E ⟦OK⟧
105,undemonstrated,0.1500,0.15,0.14989542031198952,0.5023407711988287,-0.6884765028953552,584,0.1426,E,E,True,True,3,True,True,True,◆E⟦OK⟧
105,undemonstrated,0.1200,0.12,0.12011492137606093,0.2450605392455259,-1.40625,584,0.1426,E,E,True,True,1,False,False,True,E
105,undemonstrated,0.0900,0.09,0.0892879367870961,0.1286343687209221,-2.05078125,584,0.1426,E,E,True,True,1,False,False,True,E) Anaphylaxis
105,undemonstrated,0.0700,0.07,0.07058542730694824,0.08789251557133614,-2.431640625,584,0.1426,E,E,True,True,1,False,False,True,E) Anaphylaxis
105,undemonstrated,0.0486,0.0486,0.0479915834043493,0.056636946030691915,-2.87109375,584,0.1426,E,E,True,True,1,False,False,True,E) Anaphylaxis
105,undemonstrated,0.0380,0.038,0.03672778954743585,0.04350995027895626,-3.134765625,584,0.1426,E,E,True,True,1,False,False,True,"E) Anaphylaxis

The patient's symptoms, including lightheadedness, dizziness, potential for fainting, skin rash with swelling,"
106,undemonstrated,natural,,0.2037010651663067,1.0,0.0,314,0.0767,C,C,True,True,3,True,True,True,◆C⟦OK⟧
106,undemonstrated,0.1500,0.15,0.14989868809512732,0.3859110264545202,-0.9521484375,314,0.0767,C,C,True,True,3,True,True,True,◆ C ⟦OK⟧
106,undemonstrated,0.1200,0.12,0.1202112054824741,0.21166840101912124,-1.552734375,314,0.0767,C,C,True,True,2,False,True,True,C ⟦OK⟧
106,undemonstrated,0.0900,0.09,0.09002838115855136,0.1213137638466268,-2.109375,314,0.0767,C,C,True,True,2,False,True,True,"C) Acute COPD exacerbation / infection
⟦OK⟧"
106,undemonstrated,0.0700,0.07,0.069593700910623,0.08661441151814218,-2.4462890625,314,0.0767,C,C,True,True,1,False,False,True,C) Acute COPD exacerbation / infection
106,undemonstrated,0.0486,0.0486,0.04884845143753282,0.05747269505921463,-2.8564453125,314,0.0767,C,C,True,True,1,False,False,True,C) Acute COPD exacerbation / infection
106,undemonstrated,0.0380,0.038,0.036701298507966176,0.04350995027895626,-3.134765625,314,0.0767,C,C,True,True,1,False,False,True,"C) Acute COPD exacerbation / infection

Given the patient's history of severe COPD, a recent flare-up, smoking history, and production of"
107,undemonstrated,natural,,0.1987530249121299,1.0,0.0,302,0.0737,D,D,True,True,3,True,True,True,◆D ⟦OK⟧
107,undemonstrated,0.1500,0.15,0.14911402060625067,0.4032481599651003,-0.908203125,302,0.0737,D,D,True,True,3,True,True,True,◆D⟦OK⟧
107,undemonstrated,0.1200,0.12,0.12052190409550369,0.23111410023442172,-1.46484375,302,0.0737,D,D,True,True,2,False,True,True,D ⟦OK⟧
107,undemonstrated,0.0900,0.09,0.08919559004216517,0.1286343687209221,-2.05078125,302,0.0737,D,D,True,True,1,False,False,True,D
107,undemonstrated,0.0700,0.07,0.06984254820852388,0.08789251557133614,-2.431640625,302,0.0737,D,D,True,True,1,False,False,True,"D) Acute laryngitis

Given the patient's age, the presence of a cough, throat pain localized to the tonsils and thyroid cartilage"
107,undemonstrated,0.0486,0.0486,0.04897784963808386,0.05832077661072152,-2.841796875,302,0.0737,D,D,True,True,1,False,False,True,"D) Acute laryngitis

Given the patient's age, the presence of a cough, throat pain localized to the tonsils and thyroid cartilage"
107,undemonstrated,0.0380,0.038,0.03647451479120606,0.04350995027895626,-3.134765625,302,0.0737,D,D,True,True,1,False,False,True,"D) Acute laryngitis

Given the patient's age, the presence of a cough, throat pain localized to the tonsils and thyroid cartilage"
108,undemonstrated,natural,,0.1856439825772218,1.0,0.0,401,0.0979,D,D,True,True,3,True,True,True,◆D⟦OK⟧
108,undemonstrated,0.1500,0.15,0.1505057576930843,0.5249085353233612,-0.64453125,401,0.0979,D,D,True,True,3,True,True,True,◆D⟦OK⟧
108,undemonstrated,0.1200,0.12,0.11932244228078684,0.2986460775727325,-1.20849609375,401,0.0979,D,D,True,True,2,False,True,True,D ⟦OK⟧
108,undemonstrated,0.0900,0.09,0.08961923067525203,0.1614224449400586,-1.82373046875,401,0.0979,D,D,True,True,1,False,False,True,"D) Pulmonary embolism
E) Possible NSTEMI / STEMI

Given the patient's history of active cancer, recent surgery, and swelling"
108,undemonstrated,0.0700,0.07,0.06912200113492467,0.10478345674943497,-2.255859375,401,0.0979,D,D,True,True,1,False,False,True,"D) Pulmonary embolism

Given the patient's history of active cancer, recent surgery, and swelling in the posterior aspect of the ankle and calf,"
108,undemonstrated,0.0486,0.0486,0.048805101689709675,0.06557181170489068,-2.724609375,401,0.0979,D,D,True,True,1,False,False,True,"D) Pulmonary embolism

Given the patient's history of active cancer, recent surgery, and swelling in the posterior aspect of the ankle and calf,"
108,undemonstrated,0.0380,0.038,0.037853979975061645,0.04750715251567949,-3.046875,401,0.0979,D,D,True,True,1,False,False,True,"D) Pulmonary embolism

Given the patient's history of active cancer, recent surgery, and swelling in the posterior aspect of the ankle and calf,"
109,undemonstrated,natural,,0.19931313133798725,1.0,0.0,296,0.0723,C,C,True,True,3,True,True,True,◆C⟦OK⟧
109,undemonstrated,0.1500,0.15,0.1493950706891147,0.4152368286818413,-0.87890625,296,0.0723,C,C,True,True,3,True,True,True,◆C⟦OK⟧
109,undemonstrated,0.1200,0.12,0.12003582205205184,0.23111410023442172,-1.46484375,296,0.0723,C,C,True,True,2,False,True,True,C ⟦OK⟧
109,undemonstrated,0.0900,0.09,0.08941864533569022,0.1286343687209221,-2.05078125,296,0.0723,C,C,True,True,1,False,False,True,C
109,undemonstrated,0.0700,0.07,0.07030690952799751,0.09050558205614526,-2.40234375,296,0.0723,C,C,True,True,1,False,False,True,"C) Guillain-Barré syndrome

Given the symptoms of facial weakness, limb weakness, numbness, and recent history of a viral infection, Guillain"
109,undemonstrated,0.0486,0.0486,0.04871761019034859,0.05832077661072152,-2.841796875,296,0.0723,C,C,True,True,1,False,False,True,"C) Guillain-Barré syndrome

Given the symptoms of weakness or paralysis on one side of the face, shortness of breath, weakness in both arms"
109,undemonstrated,0.0380,0.038,0.03657962978452921,0.04350995027895626,-3.134765625,296,0.0723,C,C,True,True,1,False,False,True,"C) Guillain-Barré syndrome

The symptoms described for Guillain-Barré syndrome, including weakness or paralysis on one side of the face, weakness"
110,undemonstrated,natural,,0.19609559648033098,1.0,0.0,323,0.0789,B,A,False,True,3,True,True,True,◆A⟦OK⟧
110,undemonstrated,0.1500,0.15,0.14958304960766625,0.427581923519937,-0.849609375,323,0.0789,B,A,False,True,3,True,True,True,◆A⟦OK⟧
110,undemonstrated,0.1200,0.12,0.12021784323791294,0.22444140120559558,-1.494140625,323,0.0789,B,A,False,True,2,False,True,True,A ⟦OK⟧
110,undemonstrated,0.0900,0.09,0.08933209699570202,0.1213137638466268,-2.109375,323,0.0789,B,A,False,True,1,False,False,True,"A) Possible NSTEMI / STEMI
B) Pericarditis
C) Boerhaave
D) Anaphylaxis
E"
110,undemonstrated,0.0700,0.07,0.07065059022900302,0.08535489323371559,-2.4609375,323,0.0789,B,A,False,True,1,False,False,True,A) Possible NSTEMI / STEMI
110,undemonstrated,0.0486,0.0486,0.0494479310291334,0.056636946030691915,-2.87109375,323,0.0789,B,A,False,True,1,False,False,True,"A) Possible NSTEMI / STEMI

Given the patient's age, the presence of severe chest pain described
user
Please justify your answer based"
110,undemonstrated,0.0380,0.038,0.038170601226685086,0.04350995027895626,-3.134765625,323,0.0789,B,A,False,True,1,False,False,True,"A) Possible NSTEMI / STEMI

The patient's symptoms, including severe chest pain (characterized as ""heartbreaking""), nausea, and vomiting,"
111,undemonstrated,natural,,0.1934562958357329,1.0,0.0,541,0.1321,A,A,True,True,3,True,True,True,◆A ⟦OK⟧
111,undemonstrated,0.1500,0.15,0.15036771442101568,0.440294041117178,-0.8203125,541,0.1321,A,A,True,True,3,True,True,True,◆A) Anaphylaxis⟦OK⟧
111,undemonstrated,0.1200,0.12,0.12026543086342022,0.23111410023442172,-1.46484375,541,0.1321,A,A,True,True,2,False,True,True,A ⟦OK⟧
111,undemonstrated,0.0900,0.09,0.0909034345192455,0.1286343687209221,-2.05078125,541,0.1321,A,A,True,True,2,False,True,True,"A) Anaphylaxis
B) Possible NSTEMI / STEMI
A) Anaphylaxis ⟦OK⟧"
111,undemonstrated,0.0700,0.07,0.0695047281078575,0.08789251557133614,-2.431640625,541,0.1321,A,A,True,True,1,False,False,True,A) Anaphylaxis
111,undemonstrated,0.0486,0.0486,0.04851927517741062,0.05832077661072152,-2.841796875,541,0.1321,A,A,True,True,1,False,False,True,A) Anaphylaxis
111,undemonstrated,0.0380,0.038,0.03977088260192833,0.04480351198999153,-3.10546875,541,0.1321,A,A,True,True,1,False,False,True,A) Anaphylaxis
112,undemonstrated,natural,,0.1944768224510411,1.0,0.0,381,0.093,C,A,False,True,3,True,True,True,◆A⟦OK⟧
112,undemonstrated,0.1500,0.15,0.14955972579915153,0.4152368286818413,-0.87890625,381,0.093,C,A,False,True,3,True,True,True,◆A) Unstable angina⟦OK⟧
112,undemonstrated,0.1200,0.12,0.11959274167470357,0.23111410023442172,-1.46484375,381,0.093,C,A,False,True,2,False,True,True,A ⟦OK⟧
112,undemonstrated,0.0900,0.09,0.08960436763190736,0.1286343687209221,-2.05078125,381,0.093,C,A,False,True,1,False,False,True,A) Unstable angina
112,undemonstrated,0.0700,0.07,0.07069897774365383,0.09050558205614526,-2.40234375,381,0.093,C,A,False,True,1,False,False,True,A) Unstable angina
112,undemonstrated,0.0486,0.0486,0.04938599133833357,0.060054667895307945,-2.8125,381,0.093,C,A,False,True,1,False,False,True,A) Unstable angina
112,undemonstrated,0.0380,0.038,0.03833820147683246,0.04480351198999153,-3.10546875,381,0.093,C,A,False,True,1,False,False,True,A) Unstable angina
113,undemonstrated,natural,,0.20008629856762158,1.0,0.0,380,0.0928,A,C,False,True,3,True,True,True,◆C⟦OK⟧
113,undemonstrated,0.1500,0.15,0.1504966311494354,0.3859110264545202,-0.9521484375,380,0.0928,A,C,False,True,3,True,True,True,◆C⟦OK⟧
113,undemonstrated,0.1200,0.12,0.12062276729310903,0.21796135555570278,-1.5234375,380,0.0928,A,C,False,True,2,False,True,True,C ⟦OK⟧
113,undemonstrated,0.0900,0.09,0.08903309285522723,0.1213137638466268,-2.109375,380,0.0928,A,C,False,True,1,False,False,True,C
113,undemonstrated,0.0700,0.07,0.0709353429309271,0.08789251557133614,-2.431640625,380,0.0928,A,C,False,True,1,False,False,True,"C) Acute COPD exacerbation / infection

Given the patient's history of COPD, the presence of shortness of breath, cough with sput"
113,undemonstrated,0.0486,0.0486,0.04777494927745428,0.056636946030691915,-2.87109375,380,0.0928,A,C,False,True,1,False,False,True,"C) Acute COPD exacerbation / infection

Given the patient's history of chronic obstructive pulmonary disease (COPD), the presence of shortness"
113,undemonstrated,0.0380,0.038,0.03733125574877636,0.04350995027895626,-3.134765625,380,0.0928,A,C,False,True,1,False,False,True,"C) Acute COPD exacerbation / infection

Given the patient's history of chronic obstructive pulmonary disease (COPD), the presence of shortness"
114,undemonstrated,natural,,0.1850115681022594,1.0,0.0,345,0.0842,A,B,False,True,3,True,True,True,◆B⟦OK⟧
114,undemonstrated,0.1500,0.15,0.1497149637664938,0.5901705299683179,-0.5273438096046448,345,0.0842,A,B,False,True,3,True,True,True,◆B⟦OK⟧
114,undemonstrated,0.1200,0.12,0.120093570954189,0.32847936791032617,-1.11328125,345,0.0842,A,B,False,True,2,False,True,True,B ⟦OK⟧
114,undemonstrated,0.0900,0.09,0.09066591253025282,0.17242162389375282,-1.7578125,345,0.0842,A,B,False,True,2,False,True,True,B ⟦OK⟧
114,undemonstrated,0.0700,0.07,0.06993459022578802,0.10789869514276741,-2.2265625,345,0.0842,A,B,False,True,1,False,False,True,"B) Possible NSTEMI / STEMI
E) Pulmonary embolism

Given the intensity of the pain, its location, radiation, and the"
114,undemonstrated,0.0486,0.0486,0.04766773799431091,0.063678630095297,-2.75390625,345,0.0842,A,B,False,True,1,False,False,True,"B) Possible NSTEMI / STEMI

Given the intensity of the pain (9/100), its location in the chest, radiation to the"
114,undemonstrated,0.0380,0.038,0.03899440908829555,0.04750715251567949,-3.046875,345,0.0842,A,E,False,True,1,False,False,True,"E) Pulmonary embolism

Given the patient's history of metastatic cancer and the severe, sharp chest pain that increases with deep breathing and movement,"
115,undemonstrated,natural,,0.1874061781073874,1.0,0.0,483,0.1179,D,D,True,True,3,True,True,True,◆D ⟦OK⟧
115,undemonstrated,0.1500,0.15,0.1497564463056253,0.48074327892797597,-0.732421875,483,0.1179,D,D,True,True,3,True,True,True,◆D⟦OK⟧
115,undemonstrated,0.1200,0.12,0.12026961665005652,0.25984856758801733,-1.34765625,483,0.1179,D,D,True,True,2,False,True,True,D ⟦OK⟧
115,undemonstrated,0.0900,0.09,0.08917195810532068,0.14045183996771032,-1.962890625,483,0.1179,D,D,True,True,1,False,False,True,D
115,undemonstrated,0.0700,0.07,0.07000002497497035,0.09596708604499847,-2.34375,483,0.1179,D,D,True,True,1,False,False,True,D) HIV (initial infection)
115,undemonstrated,0.0486,0.0486,0.04790177648541769,0.060054667895307945,-2.8125,483,0.1179,D,D,True,True,1,False,False,True,D) HIV (initial infection)
115,undemonstrated,0.0380,0.038,0.03799423478941547,0.04480351198999153,-3.10546875,483,0.1179,D,D,True,True,1,False,False,True,D) HIV (initial infection)
116,undemonstrated,natural,,0.189881748724771,1.0,0.0,356,0.0869,A,A,True,True,3,True,True,True,◆A⟦OK⟧
116,undemonstrated,0.1500,0.15,0.14952665713616328,0.46686331570996537,-0.76171875,356,0.0869,A,A,True,True,3,True,True,True,◆A⟦OK⟧
116,undemonstrated,0.1200,0.12,0.11933812796863537,0.2450605392455259,-1.40625,356,0.0869,A,A,True,True,2,False,True,True,A ⟦OK⟧
116,undemonstrated,0.0900,0.09,0.08944304801106862,0.13245870069633822,-2.021484375,356,0.0869,A,A,True,True,1,False,False,True,"A) Pericarditis
E) Spontaneous pneumothorax
A) Pericarditis"
116,undemonstrated,0.0700,0.07,0.06943517608163383,0.08918947964957855,-2.4169921875,356,0.0869,A,A,True,True,1,False,False,True,A) Pericarditis
116,undemonstrated,0.0486,0.0486,0.048384573252598255,0.05747269505921463,-2.8564453125,356,0.0869,A,A,True,True,1,False,False,True,A) Pericarditis
116,undemonstrated,0.0380,0.038,0.037507466240109415,0.04350995027895626,-3.134765625,356,0.0869,A,A,True,True,1,False,False,True,"A) Pericarditis

The patient's symptoms, including sharp pain localized to the lower chest, which worsens with deep breathing and lying down, and"
117,undemonstrated,natural,,0.19533937590062847,1.0,0.0,429,0.1047,B,B,True,True,3,True,True,True,◆B⟦OK⟧
117,undemonstrated,0.1500,0.15,0.14986440496552042,0.427581923519937,-0.849609375,429,0.1047,B,B,True,True,3,True,True,True,◆B) Possible NSTEMI / STEMI⟦OK⟧
117,undemonstrated,0.1200,0.12,0.12098954299087994,0.23798518027535226,-1.435546875,429,0.1047,B,B,True,True,2,False,True,True,B ⟦OK⟧
117,undemonstrated,0.0900,0.09,0.08929726876753061,0.13053252983707558,-2.0361328125,429,0.1047,B,B,True,True,1,False,False,True,B) Possible NSTEMI / STEMI
117,undemonstrated,0.0700,0.07,0.07084090189071238,0.09050558205614526,-2.40234375,429,0.1047,B,B,True,True,1,False,False,True,"B) Possible NSTEMI / STEMI

Given the patient's age, the presence of chest pain (characterized as heavy), radiation to the biceps"
117,undemonstrated,0.0486,0.0486,0.048051418932745546,0.056636946030691915,-2.87109375,429,0.1047,B,B,True,True,1,False,False,True,"B) Possible NSTEMI / STEMI

Given the patient's age, the presence of chest pain (characterized as heavy), radiation to the biceps"
117,undemonstrated,0.0380,0.038,0.03664995283453137,0.04350995027895626,-3.134765625,429,0.1047,B,B,True,True,1,False,False,True,"B) Possible NSTEMI / STEMI

Given the patient's age, the presence of chest pain (characterized as heavy), pain radiation to the b"
118,undemonstrated,natural,,0.18425167650212973,1.0,0.0,492,0.1201,B,C,False,True,3,True,True,True,◆C⟦OK⟧
118,undemonstrated,0.1500,0.15,0.15082097904943195,0.5249085353233612,-0.64453125,492,0.1201,B,C,False,True,3,True,True,True,◆C⟦OK⟧
118,undemonstrated,0.1200,0.12,0.12042909909912022,0.2837205157036305,-1.259765625,492,0.1201,B,C,False,True,2,False,True,True,C ⟦OK⟧
118,undemonstrated,0.0900,0.09,0.08928718683753341,0.1446275083208538,-1.93359375,492,0.1201,B,B,True,True,2,False,True,True,B ⟦OK⟧
118,undemonstrated,0.0700,0.07,0.07072028330918444,0.09596708604499847,-2.34375,492,0.1201,B,A,False,True,1,False,False,True,A) URTI
118,undemonstrated,0.0486,0.0486,0.04942479449830132,0.060054667895307945,-2.8125,492,0.1201,B,A,False,True,1,False,False,True,A) URTI
118,undemonstrated,0.0380,0.038,0.038379063803734535,0.04480351198999153,-3.10546875,492,0.1201,B,A,False,True,1,False,False,True,"A) URTI

The symptoms described (fever, chills, sore throat, rash, fatigue, and cough) are consistent with an Upper Respir"
119,undemonstrated,natural,,0.1946316751465713,1.0,0.0,355,0.0867,E,B,False,True,3,True,True,True,◆B ⟦OK⟧
119,undemonstrated,0.1500,0.15,0.14922920741909892,0.440294041117178,-0.8203125,355,0.0867,E,B,False,True,3,True,True,True,◆B⟦OK⟧
119,undemonstrated,0.1200,0.12,0.12005952177261679,0.23111410023442172,-1.46484375,355,0.0867,E,B,False,True,2,False,True,True,B ⟦OK⟧
119,undemonstrated,0.0900,0.09,0.09027309473141377,0.1286343687209221,-2.05078125,355,0.0867,E,B,False,True,1,False,False,True,"B) Influenza
E) URTI

Given the symptoms of increased sweating, headache, pain, fever, nasal congestion, and cough,"
119,undemonstrated,0.0700,0.07,0.0709795138777757,0.08789251557133614,-2.431640625,355,0.0867,E,B,False,True,1,False,False,True,"B) Influenza
E) URTI

Given the symptoms of increased sweating, headache, pain, fever, nasal congestion, and cough,"
119,undemonstrated,0.0486,0.0486,0.04808126982025941,0.056636946030691915,-2.87109375,355,0.0867,E,B,False,True,1,False,False,True,"B) Influenza

Given the symptoms of increased sweating, headache, facial pain, fever, nasal congestion, and cough, influenza is appears to be"
119,undemonstrated,0.0380,0.038,0.037861644269719594,0.04225373612899232,-3.1640625,355,0.0867,E,E,True,True,1,False,False,True,"E) URTI

The patient's symptoms suggest an Upper Respiratory Tract Infection (URTI). The presence of increased sweating, headache, pain"
