{
  "TRANSFORMERLENS_Qwen2.5-0.5B-Instruct": {
    "backend": "TRANSFORMERLENS",
    "model": "Qwen/Qwen2.5-0.5B-Instruct",
    "status": "OK",
    "runs": 4,
    "time_avg": 21174.85,
    "time_std": 825.9989568193571,
    "time_min": 20167.0,
    "time_max": 22181.8,
    "memory_avg": 3.35,
    "memory_max": 3.35,
    "generate_avg": 14591.875,
    "batch_avg": 387.45000000000005,
    "cache_avg": 262.25,
    "response_preview": "I select option a) 38,730 housing units in 17.3 years.\\nMy reasoning: This option is preferable beca",
    "choice_probs": [
      0.9504575606239668,
      0.9504575606239668,
      0.9529262424559686,
      0.9504575606239668
    ],
    "alt_probs": [
      0.9271095033977684,
      0.9271095033977684,
      0.947821707011686,
      0.9271095033977684
    ],
    "choice_labels": [
      "b)",
      "b)",
      "b)",
      "b)"
    ]
  },
  "HUGGINGFACE_Qwen2.5-0.5B-Instruct": {
    "backend": "HUGGINGFACE",
    "model": "Qwen/Qwen2.5-0.5B-Instruct",
    "status": "OK",
    "runs": 4,
    "time_avg": 18073.075,
    "time_std": 4895.060531716299,
    "time_min": 12526.6,
    "time_max": 23109.1,
    "memory_avg": 2.5375,
    "memory_max": 2.56,
    "generate_avg": 13406.275,
    "batch_avg": 426.0,
    "cache_avg": 207.85,
    "response_preview": "I select option a).\\nMy reasoning: Option a) provides more detailed planning and execution compared ",
    "choice_probs": [
      0.9529553239007654,
      0.949964592242099,
      0.9529553239007654,
      0.9529553239007654
    ],
    "alt_probs": [
      0.9481688732517508,
      0.9263176339414724,
      0.9481688732517508,
      0.9481688732517508
    ],
    "choice_labels": [
      "b)",
      "b)",
      "b)",
      "b)"
    ]
  },
  "PYVENE_Qwen2.5-0.5B-Instruct": {
    "backend": "PYVENE",
    "model": "Qwen/Qwen2.5-0.5B-Instruct",
    "status": "OK",
    "runs": 4,
    "time_avg": 14595.825,
    "time_std": 1595.3989268622859,
    "time_min": 12287.6,
    "time_max": 15956.0,
    "memory_avg": 2.59,
    "memory_max": 2.6,
    "generate_avg": 9720.125,
    "batch_avg": 314.95,
    "cache_avg": 117.775,
    "response_preview": "I select option a).\\nMy reasoning: Option a) provides more detailed planning and execution compared ",
    "choice_probs": [
      0.9529553239007654,
      0.9529553239007654,
      0.949964592242099,
      0.9529553239007654
    ],
    "alt_probs": [
      0.9481688732517508,
      0.9481688732517508,
      0.9263176339414724,
      0.9481688732517508
    ],
    "choice_labels": [
      "b)",
      "b)",
      "b)",
      "b)"
    ]
  },
  "NNSIGHT_Qwen2.5-0.5B-Instruct": {
    "backend": "NNSIGHT",
    "model": "Qwen/Qwen2.5-0.5B-Instruct",
    "status": "OK",
    "runs": 4,
    "time_avg": 33845.0,
    "time_std": 969.2095439067863,
    "time_min": 33055.1,
    "time_max": 35239.5,
    "memory_avg": 1.66,
    "memory_max": 1.66,
    "generate_avg": 29220.65,
    "batch_avg": 880.85,
    "cache_avg": 231.425,
    "response_preview": "I select option a) 38,730 housing units in 17.3 years.\\nMy reasoning: This option is preferable beca",
    "choice_probs": [
      0.949964592242099,
      0.9529553239007654,
      0.9529553239007654,
      0.9529553239007654
    ],
    "alt_probs": [
      0.9263176339414724,
      0.9481688732517508,
      0.9481688732517508,
      0.9481688732517508
    ],
    "choice_labels": [
      "b)",
      "b)",
      "b)",
      "b)"
    ]
  },
  "MLX_Qwen2.5-0.5B-Instruct": {
    "backend": "MLX",
    "model": "Qwen/Qwen2.5-0.5B-Instruct",
    "status": "OK",
    "runs": 4,
    "time_avg": 3898.525,
    "time_std": 118.75491217910398,
    "time_min": 3806.2,
    "time_max": 4071.8,
    "memory_avg": 0.9875,
    "memory_max": 0.99,
    "generate_avg": 1398.525,
    "batch_avg": 296.125,
    "cache_avg": 165.075,
    "response_preview": "I select option a) 38,730 housing units in 17.3 years.\\nMy reasoning: This option is preferable beca",
    "choice_probs": [
      0.953511066398565,
      0.9566209334359603,
      0.9566209334359603,
      0.953511066398565
    ],
    "alt_probs": [
      0.9272739649326663,
      0.956304562102872,
      0.956304562102872,
      0.9272739649326663
    ],
    "choice_labels": [
      "b)",
      "a)",
      "a)",
      "b)"
    ]
  },
  "TRANSFORMERLENS_Qwen2.5-3B-Instruct": {
    "backend": "TRANSFORMERLENS",
    "model": "Qwen/Qwen2.5-3B-Instruct",
    "status": "OK",
    "runs": 4,
    "time_avg": 24590.825,
    "time_std": 1348.5216284880262,
    "time_min": 23666.1,
    "time_max": 26588.6,
    "memory_avg": 14.8375,
    "memory_max": 14.98,
    "generate_avg": 11691.05,
    "batch_avg": 870.15,
    "cache_avg": 330.4,
    "response_preview": "I select: b).\\nMy reasoning: Option b) of developing 38,730 housing units over 17.3 years is prefera",
    "choice_probs": [
      0.20415675211089224,
      0.2662706017465904,
      0.20415675211089224,
      0.2662706017465904
    ],
    "alt_probs": [
      0.021413151278198653,
      0.04275180979968037,
      0.021413151278198653,
      0.04275180979968037
    ],
    "choice_labels": [
      "a)",
      "a)",
      "a)",
      "a)"
    ]
  },
  "HUGGINGFACE_Qwen2.5-3B-Instruct": {
    "backend": "HUGGINGFACE",
    "model": "Qwen/Qwen2.5-3B-Instruct",
    "status": "OK",
    "runs": 4,
    "time_avg": 13105.1,
    "time_std": 463.93877469625994,
    "time_min": 12705.6,
    "time_max": 13655.2,
    "memory_avg": 12.9775,
    "memory_max": 13.03,
    "generate_avg": 6501.55,
    "batch_avg": 786.15,
    "cache_avg": 109.7,
    "response_preview": "I select: b).\\nMy reasoning: Option b) allows for a more sustainable and manageable pace of developm",
    "choice_probs": [
      0.19923280772063895,
      0.19923280772063895,
      0.2662706017465904,
      0.2662706017465904
    ],
    "alt_probs": [
      0.020754337873699742,
      0.020754337873699742,
      0.042171289840777684,
      0.042171289840777684
    ],
    "choice_labels": [
      "a)",
      "a)",
      "a)",
      "a)"
    ]
  },
  "PYVENE_Qwen2.5-3B-Instruct": {
    "backend": "PYVENE",
    "model": "Qwen/Qwen2.5-3B-Instruct",
    "status": "OK",
    "runs": 4,
    "time_avg": 13491.9,
    "time_std": 807.5821155358339,
    "time_min": 13003.0,
    "time_max": 14699.8,
    "memory_avg": 13.35,
    "memory_max": 13.52,
    "generate_avg": 6587.05,
    "batch_avg": 765.95,
    "cache_avg": 113.4,
    "response_preview": "I select: a).\\nMy reasoning: Option a) provides a more sustainable and manageable approach to housin",
    "choice_probs": [
      0.2662706017465904,
      0.2662706017465904,
      0.2662706017465904,
      0.19923280772063895
    ],
    "alt_probs": [
      0.042171289840777684,
      0.042171289840777684,
      0.042171289840777684,
      0.020754337873699742
    ],
    "choice_labels": [
      "a)",
      "a)",
      "a)",
      "a)"
    ]
  },
  "NNSIGHT_Qwen2.5-3B-Instruct": {
    "backend": "NNSIGHT",
    "model": "Qwen/Qwen2.5-3B-Instruct",
    "status": "OK",
    "runs": 4,
    "time_avg": 154728.775,
    "time_std": 1311.4645868265004,
    "time_min": 153576.3,
    "time_max": 156507.0,
    "memory_avg": 7.81,
    "memory_max": 7.81,
    "generate_avg": 145144.72499999998,
    "batch_avg": 3354.275,
    "cache_avg": 1374.725,
    "response_preview": "I select: b).\\nMy reasoning: Option b) of developing 38,730 housing units over 17.3 years is prefera",
    "choice_probs": [
      0.19923280772063895,
      0.2662706017465904,
      0.19923280772063895,
      0.19923280772063895
    ],
    "alt_probs": [
      0.020754337873699742,
      0.042171289840777684,
      0.020754337873699742,
      0.020754337873699742
    ],
    "choice_labels": [
      "a)",
      "a)",
      "a)",
      "a)"
    ]
  },
  "MLX_Qwen2.5-3B-Instruct": {
    "backend": "MLX",
    "model": "Qwen/Qwen2.5-3B-Instruct",
    "status": "OK",
    "runs": 4,
    "time_avg": 8703.625,
    "time_std": 367.0196759030774,
    "time_min": 8255.8,
    "time_max": 9106.8,