condition,intervention_type,phase,n_forward_calls,n_target_vectors,centered_cosine_mean,centered_abs_cosine_mean,abs_projection_coeff_mean,removed_norm_mean,removed_fraction_mean
baseline,none,decode,8673.0,8673.0,-0.06464869408341829,0.06717092040615256,13.352852797946014,0.0,0.0
baseline,none,prompt,768.0,768.0,-0.0962487769235546,0.0962487769235546,17.89613664150238,0.0,0.0
projection_erasure,probe_projection_erasure,decode,8716.0,8716.0,-0.06351156593660863,0.06616765426180013,13.139429773254891,13.139429773254891,0.06616765426180013
projection_erasure,probe_projection_erasure,prompt,768.0,768.0,-0.0962487769235546,0.0962487769235546,17.89613664150238,17.89613664150238,0.0962487769235546
