{
  "probe_type": "mean_mass",
  "model_name": "gpt2",
  "layer": 3,
  "explicit_dataset_path": "/Users/michalmraz/code/spar-ai/temporal-awareness/data/raw/temporal_scope_AB_randomized/temporal_scope_explicit_expanded_500.json",
  "adversarial_run_id": "20260322-090107",
  "adversarial_example_count": 190,
  "n_pairs": 500,
  "n_samples": 1190,
  "n_base_samples": 1000,
  "train_size": 990,
  "train_size_base": 800,
  "test_size": 200,
  "train_accuracy": 0.7626262626262627,
  "test_accuracy": 0.85,
  "direction_norm": 12.6180419921875,
  "score_scale": 137.42393493652344,
  "random_state": 42,
  "device": "cpu",
  "created_at": "2026-03-22T16:38:20Z",
  "direction": [
    -0.3471512496471405,
    -0.010506479069590569,
    0.2056499421596527,
    0.1359824240207672,
    -0.09326410293579102,
    0.5071101188659668,
    0.3540615439414978,
    0.6731060743331909,
    1.1860295534133911,
    -0.5036560297012329,
    -0.3554590344429016,
    0.38707244396209717,
    -0.36200958490371704,
    -0.06603945791721344,
    0.02294027805328369,
    0.19958847761154175,
    -0.42418649792671204,
    0.5407799482345581,
    0.09403160214424133,
    -0.1001356840133667,
    -0.7132147550582886,
    0.3908170461654663,
    0.3582216501235962,
    0.00483568012714386,
    -0.2991204559803009,
    0.15126609802246094,
    -0.5090806484222412,
    0.06261828541755676,
    -0.20791089534759521,
    0.4930281639099121,
    0.23161736130714417,
    -0.4381352663040161,
    0.29607662558555603,
    -0.07955515384674072,
    -0.6573017835617065,
    0.3486734628677368,
    -0.13873594999313354,
    0.09350214153528214,
    -0.16981568932533264,
    -0.24643677473068237,
    0.05274292826652527,
    0.04901318997144699,
    0.7054198980331421,
    0.040417417883872986,
    -0.07750838994979858,
    -0.1157105565071106,
    -0.31669872999191284,
    -0.6276242136955261,
    -0.2871115207672119,
    -0.3161851763725281,
    -0.4978419244289398,
    0.28699246048927307,
    0.044250428676605225,
    0.25929707288742065,
    -0.028449833393096924,
    0.32400277256965637,
    0.15238815546035767,
    1.2798488140106201,
    -0.5011288523674011,
    -0.5711528062820435,
    -0.08924059569835663,
    0.03317528963088989,
    -0.058743447065353394,
    -0.5712107419967651,
    -0.26303863525390625,
    -0.39165884256362915,
    -0.14407634735107422,
    -0.4424182176589966,
    -0.13402724266052246,
    0.29853370785713196,
    -0.8147009611129761,
    0.38721147179603577,
    0.19747132062911987,
    0.24652433395385742,
    0.12171048671007156,
    -0.32536113262176514,
    0.49742233753204346,
    0.3821929693222046,
    -0.10436888039112091,
    0.02906745672225952,
    0.6143463850021362,
    0.0827944278717041,
    -0.35330212116241455,
    0.21530264616012573,
    0.01535770297050476,
    0.6047723889350891,
    -0.6119396686553955,
    -0.11112356185913086,
    0.035259924829006195,
    0.1725955307483673,
    0.1811598539352417,
    -0.09017600864171982,
    0.6382903456687927,
    -0.5751374959945679,
    0.42585575580596924,
    0.44281888008117676,
    -0.3417994976043701,
    0.05837235972285271,
    0.581291913986206,
    -0.34537458419799805,
    0.17547529935836792,
    0.11824154853820801,
    0.977484941482544,
    0.5099262595176697,
    0.027221381664276123,
    -0.677786648273468,
    -0.1108398362994194,
    0.14353281259536743,
    0.8887617588043213,
    -0.23401325941085815,
    -0.18449079990386963,
    -0.1132439523935318,
    -0.5763292908668518,
    -0.2568538188934326,
    0.6454569697380066,
    -0.5505764484405518,
    -0.4389495849609375,
    -0.3004552125930786,
    -0.756474494934082,
    -0.6606893539428711,
    0.0650583803653717,
    0.31526434421539307,
    -0.3266637921333313,
    0.6439744830131531,
    0.26853084564208984,
    -0.161959707736969,
    0.6023551225662231,
    0.6308045387268066,
    -0.13291527330875397,
    -0.3526393473148346,
    0.3044050335884094,
    -0.5488500595092773,
    0.7868027687072754,
    -0.336128830909729,
    -0.29824039340019226,
    0.24668435752391815,
    -0.5675687789916992,
    -0.29774558544158936,
    0.03683421388268471,
    -0.24356716871261597,
    -0.6512342095375061,
    0.4701305627822876,
    0.326515793800354,
    -0.4911220371723175,
    -0.13603249192237854,
    -0.0757095143198967,
    0.45090430974960327,
    0.01571604609489441,
    0.6334686279296875,
    -0.22062262892723083,
    0.4612603485584259,
    -1.0373014211654663,
    0.14106763899326324,
    0.6136433482170105,
    -0.42897409200668335,
    -0.2479424774646759,
    -0.36099714040756226,
    0.5521435737609863,
    -0.294747918844223,
    0.5350208878517151,
    0.2096407413482666,
    -0.06072866916656494,
    -0.41020697355270386,
    -0.6869560480117798,
    1.2706401348114014,
    -0.0032885074615478516,
    0.34119075536727905,
    0.585216760635376,
    -0.3941132426261902,
    0.10534721612930298,
    0.5136992931365967,
    -0.029543280601501465,
    -0.9765365123748779,
    -0.5008271932601929,
    -0.6165719628334045,
    -0.44470882415771484,
    0.1549065113067627,
    0.1439063549041748,
    -0.3345566987991333,
    0.4089454412460327,
    -0.03187203407287598,
    -0.4387047290802002,
    -0.2121116816997528,
    0.7959405779838562,
    0.030128806829452515,
    -0.4538266360759735,
    -1.025210976600647,
    0.21082712709903717,
    -0.812114953994751,
    -0.28815633058547974,
    -0.11366018652915955,
    0.7832227349281311,
    0.1592423915863037,
    0.1754150092601776,
    -0.08181747794151306,
    -0.9888907074928284,
    -0.8178987503051758,
    0.29675284028053284,
    0.28103476762771606,
    1.0011317729949951,
    -0.362460196018219,
    0.5105181932449341,
    -0.17025399208068848,
    0.5292025208473206,
    -0.26591646671295166,
    0.25446560978889465,
    0.7756825089454651,
    0.042358070611953735,
    0.06393557786941528,
    0.4635961055755615,
    -0.43879246711730957,
    -0.40944916009902954,
    0.5338116884231567,
    -0.5862468481063843,
    0.06985390186309814,
    0.11032868921756744,
    -0.4714863896369934,
    -1.0405040979385376,
    -0.4889841079711914,
    -0.39754214882850647,
    0.01743704080581665,
    -0.2466815710067749,
    -0.02284560725092888,
    -0.10068255662918091,
    0.4759010672569275,
    -0.7087988257408142,
    -0.012426644563674927,
    -0.1406482458114624,
    -0.020442068576812744,
    -0.07287001609802246,
    0.13982895016670227,
    0.7565038204193115,
    0.06413477659225464,
    0.06252327561378479,
    -0.24348485469818115,
    0.5625925660133362,
    -0.21769875288009644,
    0.48271632194519043,
    -0.3401268422603607,
    -0.2721681296825409,
    -0.3482990264892578,
    0.7375572919845581,
    -0.518180251121521,
    0.0746881514787674,
    -0.5265531539916992,
    -0.22914183139801025,
    0.8398051261901855,
    -0.5632889270782471,
    -0.198131263256073,
    -0.12633010745048523,
    0.0739925354719162,
    0.3737263083457947,
    0.1460677981376648,
    -0.5593217015266418,
    0.09292513132095337,
    0.4931979179382324,
    -0.2404000163078308,
    0.3861478567123413,
    0.9130681753158569,
    -0.17540434002876282,
    -0.3000296354293823,
    0.6287382245063782,
    -0.2645571231842041,
    -0.21925896406173706,
    -0.05121651291847229,
    0.14401869475841522,
    0.0783529281616211,
    -0.7492042779922485,
    0.22008059918880463,
    0.9608979821205139,
    0.03658594563603401,
    0.15278887748718262,
    -0.49404212832450867,
    0.14175602793693542,
    -0.04599267244338989,
    -0.048120319843292236,
    0.47075629234313965,
    0.4450184404850006,
    1.182458519935608,
    -0.6504640579223633,
    -0.03875783085823059,
    -0.13742351531982422,
    0.26941487193107605,
    -0.31588518619537354,
    1.1094398498535156,
    -0.4147602617740631,
    -0.7280228137969971,
    -0.2443767488002777,
    1.0349607467651367,
    -0.9881749153137207,
    0.9666789770126343,
    -0.06280368566513062,
    -0.12833602726459503,
