{
  "probe_type": "mean_mass",
  "model_name": "gpt2",
  "layer": 7,
  "explicit_dataset_path": "/Users/michalmraz/code/spar-ai/temporal-awareness/data/raw/temporal_scope_AB_randomized/temporal_scope_explicit_expanded_500.json",
  "adversarial_run_id": "20260322-090107",
  "adversarial_example_count": 190,
  "n_pairs": 500,
  "n_samples": 1190,
  "n_base_samples": 1000,
  "train_size": 990,
  "train_size_base": 800,
  "test_size": 200,
  "train_accuracy": 0.8121212121212121,
  "test_accuracy": 0.865,
  "direction_norm": 20.02491569519043,
  "score_scale": 316.87725830078125,
  "random_state": 42,
  "device": "cpu",
  "created_at": "2026-03-22T16:38:26Z",
  "direction": [
    -0.754163384437561,
    0.66904616355896,
    -0.17236024141311646,
    0.30403977632522583,
    -0.32172465324401855,
    0.8086848258972168,
    -0.03546762466430664,
    1.3642100095748901,
    1.2626516819000244,
    -0.5688847303390503,
    -0.43472105264663696,
    0.8771342635154724,
    0.4828040599822998,
    -0.13676655292510986,
    0.08214759826660156,
    -0.11427255719900131,
    -0.9731013774871826,
    0.6273044347763062,
    0.16365444660186768,
    -0.5597103834152222,
    -1.8867192268371582,
    0.6544166803359985,
    0.7054907083511353,
    0.19100655615329742,
    -0.7275573015213013,
    0.282981276512146,
    -0.42833274602890015,
    0.7375140190124512,
    0.2698797583580017,
    0.5830889940261841,
    0.24822884798049927,
    -1.259202241897583,
    0.3924180269241333,
    -0.6744585037231445,
    -1.0986156463623047,
    0.39346545934677124,
    -0.32725071907043457,
    0.9158978462219238,
    0.08004510402679443,
    -0.18578088283538818,
    -0.10944509506225586,
    0.6890785694122314,
    1.555516242980957,
    0.6062644124031067,
    -0.11619329452514648,
    -0.48314666748046875,
    -0.5702669620513916,
    -1.033684492111206,
    -0.29799842834472656,
    -0.1644570529460907,
    -0.9729980826377869,
    0.5448093414306641,
    0.20337703824043274,
    0.2565568685531616,
    -0.5663331747055054,
    0.16642773151397705,
    0.6704824566841125,
    1.6708159446716309,
    -1.354114294052124,
    -1.0393797159194946,
    -0.5750201940536499,
    0.35217487812042236,
    0.440666139125824,
    -0.36777693033218384,
    -0.2749595642089844,
    -0.5999494791030884,
    -1.1047178506851196,
    -0.945162296295166,
    0.26645946502685547,
    0.48568952083587646,
    -1.265869140625,
    0.5130829811096191,
    0.7762840986251831,
    0.8232743740081787,
    0.10361278057098389,
    -0.6702555418014526,
    1.038358449935913,
    1.1801480054855347,
    -0.16276830434799194,
    0.4226956367492676,
    1.222271203994751,
    0.5553019642829895,
    -0.24329404532909393,
    1.3360211849212646,
    -0.41082680225372314,
    0.559014081954956,
    -0.7671701312065125,
    -0.12918996810913086,
    -0.1025615930557251,
    0.5233981013298035,
    0.5657501220703125,
    -0.10389722883701324,
    0.5985890626907349,
    -0.2595321536064148,
    0.43114203214645386,
    1.1758205890655518,
    -1.136760950088501,
    0.05119510367512703,
    0.7594301700592041,
    -1.3256287574768066,
    0.43895164132118225,
    0.07253432273864746,
    1.017807960510254,
    0.6988908648490906,
    -0.08444572985172272,
    -1.3147428035736084,
    0.35426366329193115,
    0.580533504486084,
    1.2074486017227173,
    -0.5427786111831665,
    -0.06171977519989014,
    -0.09957006573677063,
    -1.1040236949920654,
    0.3777647316455841,
    1.0143845081329346,
    -0.3754614293575287,
    -0.22879785299301147,
    -0.24318675696849823,
    -1.0420472621917725,
    -0.9237672090530396,
    -0.22728431224822998,
    0.17974689602851868,
    -0.13007128238677979,
    1.100929617881775,
    0.7796434164047241,
    -0.11141002923250198,
    0.647585928440094,
    0.34762486815452576,
    -0.5903375148773193,
    -0.11767607927322388,
    1.1626501083374023,
    -1.0756198167800903,
    1.3504184484481812,
    -0.654749870300293,
    -0.16856655478477478,
    0.19727948307991028,
    -0.7721474766731262,
    -0.5391591787338257,
    -0.05642622709274292,
    -1.3982714414596558,
    -0.33732491731643677,
    0.27195072174072266,
    1.1855477094650269,
    -0.750418484210968,
    -0.05912148207426071,
    -0.22485709190368652,
    0.4322251081466675,
    -0.18625886738300323,
    1.2980105876922607,
    -0.6118022799491882,
    0.0271604061126709,
    -0.9348418712615967,
    0.6328808069229126,
    0.5541773438453674,
    -1.058201789855957,
    0.09824030101299286,
    -0.8730968236923218,
    0.5524178743362427,
    0.05629301071166992,
    -0.1425684094429016,
    0.19049334526062012,
    0.6404796838760376,
    -0.9358117580413818,
    -0.6981736421585083,
    1.6547558307647705,
    -0.37007665634155273,
    0.513063371181488,
    0.324737548828125,
    -0.5299465656280518,
    -0.47393810749053955,
    0.5565893650054932,
    -0.06306451559066772,
    -1.6846429109573364,
    -0.815214991569519,
    -1.197558879852295,
    -1.413561224937439,
    0.5959041118621826,
    0.2937180995941162,
    0.006548047065734863,
    0.2192401885986328,
    0.1310575008392334,
    0.026630043983459473,
    -0.20742321014404297,
    0.9612479209899902,
    -0.20559096336364746,
    -0.47122231125831604,
    -2.0844595432281494,
    0.17426443099975586,
    -0.8398194909095764,
    -1.422649621963501,
    -0.04386240243911743,
    1.3640167713165283,
    0.6740188598632812,
    0.3974052369594574,
    -0.46132728457450867,
    -1.3001996278762817,
    -1.8064215183258057,
    0.3439248502254486,
    0.5757254362106323,
    1.9409663677215576,
    0.008450329303741455,
    0.3738649785518646,
    -0.7096424102783203,
    0.8319123983383179,
    -0.7394747734069824,
    0.1029852032661438,
    1.159849762916565,
    1.2188622951507568,
    0.30230140686035156,
    0.6660463213920593,
    -0.45542895793914795,
    -0.5492159128189087,
    1.0157101154327393,
    -0.7345874309539795,
    -0.10979175567626953,
    0.3183063864707947,
    -0.4340890645980835,
    -1.848034381866455,
    -1.1077195405960083,
    -0.0373573899269104,
    -0.06632998585700989,
    -0.8469409942626953,
    -0.4100797176361084,
    -0.13209280371665955,
    0.019908905029296875,
    -1.058269739151001,
    0.38875001668930054,
    -0.6022182106971741,
    -0.008668303489685059,
    0.2639874219894409,
    0.09814746677875519,
    1.215946078300476,
    0.28588008880615234,
    -0.13637971878051758,
    -0.7033278942108154,
    1.3060542345046997,
    0.397051602602005,
    0.5564881563186646,
    0.35648220777511597,
    -0.9178797602653503,
    -0.7348463535308838,
    0.3579579293727875,
    -0.5526204109191895,
    -0.2190474271774292,
    -0.30570822954177856,
    -0.134879469871521,
    0.8533768653869629,
    -1.2856359481811523,
    0.41279518604278564,
    -0.07930441200733185,
    0.12268176674842834,
    0.7948537468910217,
    0.12719392776489258,
    -1.0310249328613281,
    -0.44363081455230713,
    1.1536498069763184,
    -0.8203011751174927,
    0.08530092239379883,
    2.1180224418640137,
    0.1007508933544159,
    -0.33949795365333557,
    1.0765347480773926,
    -0.6251277923583984,
    0.2662391662597656,
    -0.20281767845153809,
    0.17183196544647217,
    0.04757404327392578,
    -0.7470795512199402,
    -0.5206184983253479,
    1.6695404052734375,
    -0.3552781939506531,
    -0.31380701065063477,
    -0.4669032096862793,
    -0.014051437377929688,
    -0.32274115085601807,
    0.5053795576095581,
    0.13878032565116882,
    0.5765179991722107,
    0.8669065237045288,
    -0.7205396294593811,
    -0.13009735941886902,
    -0.16360187530517578,
    -0.4758917987346649,
    -0.6004031896591187,
    0.5672436952590942,
    -0.07515490055084229,
    -1.1067335605621338,
    -0.4661017060279846,
    0.94439697265625,
    -1.3768818378448486,
    1.4135215282440186,
    -0.06004905700683594,
    -0.14993056654930115,
    -0.32223427295684814,
    1.250784158706665,
