{
  "probe_type": "mean_mass",
  "model_name": "gpt2",
  "layer": 5,
  "explicit_dataset_path": "/Users/michalmraz/code/spar-ai/temporal-awareness/data/raw/temporal_scope_AB_randomized/temporal_scope_explicit_expanded_500.json",
  "adversarial_run_id": "20260322-090107",
  "adversarial_example_count": 190,
  "n_pairs": 500,
  "n_samples": 1190,
  "n_base_samples": 1000,
  "train_size": 990,
  "train_size_base": 800,
  "test_size": 200,
  "train_accuracy": 0.7656565656565657,
  "test_accuracy": 0.87,
  "direction_norm": 15.87071418762207,
  "score_scale": 209.57469177246094,
  "random_state": 42,
  "device": "cpu",
  "created_at": "2026-03-22T16:38:23Z",
  "direction": [
    -0.4338476061820984,
    0.1781359612941742,
    0.5201462507247925,
    0.28341230750083923,
    -0.17739254236221313,
    0.505644679069519,
    -0.002628922462463379,
    0.7152653932571411,
    1.563776969909668,
    -0.32406288385391235,
    -0.29398462176322937,
    0.6013816595077515,
    0.031179189682006836,
    0.00273740291595459,
    0.13923239707946777,
    0.16200906038284302,
    -0.42745813727378845,
    0.3662925660610199,
    0.0718703418970108,
    -0.31219905614852905,
    -1.116225004196167,
    0.5214413404464722,
    0.4565514028072357,
    -0.21479642391204834,
    -0.5662558078765869,
    0.2002187967300415,
    -0.4845038056373596,
    0.6185134053230286,
    0.07663238048553467,
    0.8303196430206299,
    0.34571000933647156,
    -1.008703351020813,
    0.10931605100631714,
    -0.14158284664154053,
    -0.77165687084198,
    0.1916840672492981,
    -0.23770257830619812,
    0.31348639726638794,
    -0.0519447922706604,
    -0.025269031524658203,
    -0.09880650043487549,
    -0.03238475322723389,
    1.223360538482666,
    0.5959938764572144,
    -0.11622226238250732,
    -0.12822377681732178,
    -0.3637673258781433,
    -0.6734161972999573,
    -0.3999274969100952,
    -0.25710776448249817,
    -0.7029693126678467,
    0.387004017829895,
    -0.016282975673675537,
    0.32502979040145874,
    0.0006772279739379883,
    0.2769221365451813,
    0.1504502296447754,
    1.5946736335754395,
    -1.0981581211090088,
    -0.5798838138580322,
    -0.23598673939704895,
    0.1888948678970337,
    0.4362773895263672,
    -0.3122270107269287,
    -0.24447059631347656,
    -0.6807374954223633,
    -0.5035587549209595,
    -0.8663305044174194,
    0.15906798839569092,
    0.47315314412117004,
    -0.8217641115188599,
    0.6649727821350098,
    0.30110931396484375,
    0.38833361864089966,
    0.31426769495010376,
    -0.45106491446495056,
    0.858278751373291,
    0.5823268890380859,
    -0.08957214653491974,
    0.37939199805259705,
    0.6401011347770691,
    0.1655811071395874,
    -0.2574746012687683,
    0.8001964688301086,
    -0.06160038709640503,
    0.6629106402397156,
    -0.6006573438644409,
    -0.12386798858642578,
    -0.21635597944259644,
    0.18364611268043518,
    0.3852618932723999,
    0.0074655115604400635,
    0.87608402967453,
    -0.11749687790870667,
    0.30294710397720337,
    0.5723942518234253,
    -0.5942873358726501,
    0.213865727186203,
    0.6248219013214111,
    -0.5895694494247437,
    0.5643061995506287,
    -0.1714545488357544,
    1.0096547603607178,
    0.3315010964870453,
    -0.34356531500816345,
    -0.9026662111282349,
    0.15448231995105743,
    0.5214227437973022,
    0.9237569570541382,
    -0.30851829051971436,
    -0.3813962936401367,
    -0.43700116872787476,
    -0.8457697629928589,
    -0.22795914113521576,
    0.8957080245018005,
    -0.41886287927627563,
    -0.32816874980926514,
    -0.2608382999897003,
    -0.9312359094619751,
    -0.7464795112609863,
    0.1480901688337326,
    0.03529122471809387,
    -0.36103132367134094,
    0.7545116543769836,
    0.4581151008605957,
    -0.27852916717529297,
    0.6683213710784912,
    0.571719765663147,
    -0.6265315413475037,
    -0.1733148992061615,
    0.6148381233215332,
    -1.0485618114471436,
    0.907463550567627,
    -0.46265101432800293,
    -0.40427497029304504,
    -0.03781631588935852,
    -0.3986867070198059,
    -0.5148624181747437,
    0.07560907304286957,
    -0.6145840287208557,
    -0.5111326575279236,
    0.3011023998260498,
    0.5736088752746582,
    -0.4012015461921692,
    -0.03227296471595764,
    -0.18371886014938354,
    0.38605380058288574,
    -0.16499941051006317,
    1.0683139562606812,
    -0.39143794775009155,
    0.3433361053466797,
    -0.7663397789001465,
    0.3760627210140228,
    0.1786189079284668,
    -0.687760055065155,
    -0.1933070868253708,
    -0.8552327752113342,
    0.5492936372756958,
    -0.40309983491897583,
    0.09262830018997192,
    -0.019101381301879883,
    0.06288588047027588,
    -0.6505624651908875,
    -0.7537276744842529,
    1.316938042640686,
    -0.30841493606567383,
    0.6720250248908997,
    0.7756466865539551,
    -0.48027873039245605,
    0.03463923931121826,
    0.6068583726882935,
    0.10268259048461914,
    -1.3748501539230347,
    -0.6021550297737122,
    -0.9412150382995605,
    -0.7526308298110962,
    0.2131803035736084,
    -0.1171998381614685,
    -0.4024444818496704,
    0.20398330688476562,
    0.2865072190761566,
    -0.26228559017181396,
    -0.027944348752498627,
    0.8175836205482483,
    -0.10570323467254639,
    -0.7515344023704529,
    -1.297276496887207,
    0.22475866973400116,
    -1.0231778621673584,
    -0.47554367780685425,
    0.04217319190502167,
    0.9683144092559814,
    0.2251608967781067,
    0.18015572428703308,
    -0.28798937797546387,
    -1.093686819076538,
    -1.1018764972686768,
    0.39706671237945557,
    0.6808531880378723,
    1.4985519647598267,
    -0.4722873568534851,
    0.4275992512702942,
    -0.3771058917045593,
    0.6805877685546875,
    -0.5200095176696777,
    0.26599258184432983,
    1.0149400234222412,
    0.6915974617004395,
    0.18670976161956787,
    0.48422807455062866,
    -0.23114162683486938,
    -0.47762686014175415,
    0.8537517189979553,
    -0.7849541902542114,
    -0.03813296556472778,
    -0.10041524469852448,
    -0.5582579374313354,
    -1.3110311031341553,
    -0.6465597152709961,
    -0.2941133379936218,
    0.11459048837423325,
    -0.5147864818572998,
    -0.25002673268318176,
    -0.07615464925765991,
    0.5279965996742249,
    -1.1250970363616943,
    -0.28548917174339294,
    0.009306013584136963,
    0.2139158546924591,
    0.058234453201293945,
    -0.06478908658027649,
    0.8046026825904846,
    -0.03039461374282837,
    0.13214519619941711,
    -0.3224547803401947,
    1.0110876560211182,
    -0.10271821916103363,
    0.5023399591445923,
    -0.17149849236011505,
    -0.2565942406654358,
    -0.705692708492279,
    0.7774744033813477,
    -0.4658663868904114,
    -0.16881953179836273,
    -0.5782380700111389,
    -0.23414093255996704,
    0.7893339395523071,
    -0.8897584676742554,
    0.010389745235443115,
    -0.0428270623087883,
    0.12250430136919022,
    0.5084744691848755,
    0.16434693336486816,
    -1.0084125995635986,
    -0.1842433512210846,
    0.7260873317718506,
    -0.5319259166717529,
    0.2314710021018982,
    1.5940643548965454,
    0.11603447794914246,
    0.07544218748807907,
    0.8208971619606018,
    -0.34186455607414246,
    0.2577158212661743,
    0.08345156908035278,
    -0.0259493887424469,
    0.058864593505859375,
    -0.8586999177932739,
    -0.3343431353569031,
    1.4628536701202393,
    -0.5797905921936035,
    0.10648679733276367,
    -0.34124988317489624,
    0.18997341394424438,
    -0.06382203102111816,
    0.051072001457214355,
    0.15159767866134644,
    0.5167673230171204,
    1.333648443222046,
    -0.7006898522377014,
    -0.21371065080165863,
    -0.23902976512908936,
    0.2529761791229248,
    -0.34710967540740967,
    0.7808030247688293,
    -0.07570749521255493,
    -1.059705138206482,
    -0.5536632537841797,
    1.0020084381103516,
    -1.161755919456482,
    1.2326905727386475,
    -0.011027634143829346,
    0.06355306506156921,
