{
  "probe_type": "mean_mass",
  "model_name": "gpt2",
  "layer": 2,
  "explicit_dataset_path": "/Users/michalmraz/code/spar-ai/temporal-awareness/data/raw/temporal_scope_AB_randomized/temporal_scope_explicit_expanded_500.json",
  "adversarial_run_id": "20260322-090107",
  "adversarial_example_count": 190,
  "n_pairs": 500,
  "n_samples": 1190,
  "n_base_samples": 1000,
  "train_size": 990,
  "train_size_base": 800,
  "test_size": 200,
  "train_accuracy": 0.7616161616161616,
  "test_accuracy": 0.78,
  "direction_norm": 10.622294425964355,
  "score_scale": 100.91718292236328,
  "random_state": 42,
  "device": "cpu",
  "created_at": "2026-03-22T16:38:19Z",
  "direction": [
    -0.238905668258667,
    -0.16526749730110168,
    0.23167848587036133,
    0.017321228981018066,
    0.02526479959487915,
    0.37539589405059814,
    0.39883869886398315,
    0.454164981842041,
    1.0494208335876465,
    -0.3033888638019562,
    -0.3379223942756653,
    0.14444030821323395,
    -0.3026267886161804,
    -0.2319844663143158,
    -0.22750985622406006,
    0.3375609815120697,
    -0.12706170976161957,
    0.5210511684417725,
    0.07541820406913757,
    -0.29612648487091064,
    -0.585146963596344,
    0.25389373302459717,
    0.1336086243391037,
    -0.09889617562294006,
    -0.2362978160381317,
    0.17470693588256836,
    -0.5710710287094116,
    -0.14492246508598328,
    -0.10400094836950302,
    0.23852577805519104,
    0.38442933559417725,
    -0.5731236934661865,
    0.1917860209941864,
    0.08247536420822144,
    -0.5255841612815857,
    0.23870420455932617,
    -0.3196091651916504,
    0.08013556897640228,
    -0.19136293232440948,
    -0.09966078400611877,
    0.22557663917541504,
    -0.045732297003269196,
    0.6870033740997314,
    -0.07890664786100388,
    -0.12213587760925293,
    -0.06855267286300659,
    0.10070447623729706,
    -0.4760306179523468,
    -0.20391404628753662,
    -0.19350750744342804,
    -0.4095842242240906,
    0.14333422482013702,
    0.06845587491989136,
    0.20469433069229126,
    0.04453557729721069,
    0.2524285316467285,
    0.08820423483848572,
    1.321485996246338,
    -0.5309786796569824,
    -0.670740008354187,
    -0.1591448038816452,
    0.04172234237194061,
    -0.10950741171836853,
    -0.4381614327430725,
    -0.2400360107421875,
    -0.12095671892166138,
    -0.0755789577960968,
    -0.3832947611808777,
    -0.2258087396621704,
    0.30773910880088806,
    -0.6428859829902649,
    -0.03655564785003662,
    0.41709190607070923,
    0.12320195138454437,
    -0.0889081209897995,
    -0.14124895632266998,
    0.3136473596096039,
    0.08479094505310059,
    -0.16007791459560394,
    0.03143733739852905,
    0.4043453335762024,
    -0.1042252779006958,
    -0.14558281004428864,
    -0.0264357328414917,
    0.060955554246902466,
    0.30534136295318604,
    -0.5598212480545044,
    -0.11785268783569336,
    0.11236207187175751,
    -0.057699576020240784,
    0.2358567714691162,
    0.03463117778301239,
    0.5815354585647583,
    -0.49749505519866943,
    0.1887449026107788,
    0.5276510715484619,
    -0.5649522542953491,
    0.08366166055202484,
    0.2158638834953308,
    -0.21267199516296387,
    0.08531934022903442,
    0.05776381492614746,
    0.6435799598693848,
    0.6744394302368164,
    0.061811238527297974,
    -0.32476183772087097,
    0.08166056871414185,
    0.06347066164016724,
    0.8550831079483032,
    -0.17949114739894867,
    -0.03621774911880493,
    -0.11560268700122833,
    -0.4820215106010437,
    -0.18038058280944824,
    0.3861236274242401,
    -0.48922479152679443,
    -0.5088248252868652,
    -0.05875289440155029,
    -0.7055208683013916,
    -0.5339179635047913,
    0.1133483350276947,
    0.3077118694782257,
    -0.3042704164981842,
    0.46577394008636475,
    0.254818856716156,
    -0.35105928778648376,
    0.48622849583625793,
    0.34036535024642944,
    -0.39223361015319824,
    -0.4373601973056793,
    0.12286680936813354,
    -0.5118851661682129,
    0.4350811541080475,
    -0.5271615386009216,
    -0.27142107486724854,
    0.1718694567680359,
    -0.5399320125579834,
    -0.04408937692642212,
    0.13030314445495605,
    -0.2860817611217499,
    -0.19485366344451904,
    0.3527492582798004,
    0.37601450085639954,
    -0.35818833112716675,
    0.1129266619682312,
    -0.08280298113822937,
    0.43603405356407166,
    0.010613352060317993,
    0.47907885909080505,
    -0.029167532920837402,
    0.20043331384658813,
    -0.8132143020629883,
    0.2138856053352356,
    0.6039571762084961,
    -0.3908992409706116,
    -0.26623526215553284,
    -0.34336650371551514,
    0.49389970302581787,
    -0.4298003017902374,
    0.6370298266410828,
    0.1989738941192627,
    0.31777501106262207,
    -0.2888585329055786,
    -0.8743939995765686,
    1.0203436613082886,
    -0.05794680118560791,
    0.02237600088119507,
    0.7129559516906738,
    -0.4112817645072937,
    -0.022449195384979248,
    0.4635230004787445,
    -0.017138957977294922,
    -0.5175806879997253,
    -0.1733001470565796,
    -0.21544277667999268,
    -0.2407364845275879,
    0.03243109583854675,
    0.08265310525894165,
    0.007862329483032227,
    0.37492460012435913,
    -0.07872132956981659,
    -0.2657182812690735,
    -0.14586490392684937,
    0.4541343152523041,
    -0.19681325554847717,
    -0.44928789138793945,
    -0.7964991927146912,
    0.036623746156692505,
    -0.8430660367012024,
    -0.11132238060235977,
    -0.046530067920684814,
    0.6808297634124756,
    0.18716537952423096,
    0.1475227326154709,
    -0.04164721816778183,
    -0.9396819472312927,
    -0.4596095085144043,
    0.06340914964675903,
    0.43918347358703613,
    0.9593913555145264,
    -0.39202776551246643,
    0.5283410549163818,
    0.1223873496055603,
    0.2820311188697815,
    -0.493465781211853,
    0.22516894340515137,
    0.4895794689655304,
    -0.15326538681983948,
    0.22479945421218872,
    0.14108386635780334,
    -0.48863735795021057,
    -0.19405889511108398,
    0.30043673515319824,
    -0.3686177432537079,
    0.048219501972198486,
    -0.016362719237804413,
    -0.3925175070762634,
    -1.083411693572998,
    -0.7147251963615417,
    -0.27083271741867065,
    0.04329670965671539,
    -0.42192089557647705,
    -0.10527411103248596,
    0.04454043507575989,
    0.6121203899383545,
    -0.338593453168869,
    0.20818698406219482,
    0.08186940103769302,
    0.12360988557338715,
    0.15535974502563477,
    0.19810262322425842,
    0.4237495958805084,
    0.10959826409816742,
    0.1803562492132187,
    -0.1509971022605896,
    0.5175096392631531,
    -0.05873002111911774,
    0.002466350793838501,
    -0.07244563102722168,
    -0.239260733127594,
    -0.38536134362220764,
    0.5367721319198608,
    -0.49159881472587585,
    0.05484163761138916,
    -0.4263685941696167,
    -0.26081857085227966,
    0.7113510370254517,
    -0.3035393953323364,
    -0.004166096448898315,
    -0.03115440160036087,
    0.36680686473846436,
    0.3411743640899658,
    -0.004769444465637207,
    -0.31570932269096375,
    0.11218978464603424,
    0.43074190616607666,
    -0.3162773549556732,
    0.22186774015426636,
    0.7249283790588379,
    -0.17806792259216309,
    -0.1632392555475235,
    0.46446508169174194,
    -0.27125781774520874,
    -0.037149012088775635,
    -0.06001099944114685,
    0.16580769419670105,
    0.018526077270507812,
    -0.5912253856658936,
    0.32642662525177,
    0.9071427583694458,
    -0.10325281322002411,
    0.16308456659317017,
    -0.36102786660194397,
    -0.001168474555015564,
    -0.15957659482955933,
    0.1321638822555542,
    0.2832440137863159,
    0.10680143535137177,
    0.981101393699646,
    -0.5253497362136841,
    -0.09712204337120056,
    -0.026539728045463562,
    0.31671851873397827,
    -0.3044092655181885,
    1.0444536209106445,
    -0.19694727659225464,
    -0.7228114008903503,
    -0.2696337103843689,
    1.0768442153930664,
    -0.8844009637832642,
    0.7164110541343689,
