{
  "probe_type": "mean_mass",
  "model_name": "gpt2",
  "layer": 9,
  "explicit_dataset_path": "/Users/michalmraz/code/spar-ai/temporal-awareness/data/raw/temporal_scope_AB_randomized/temporal_scope_explicit_expanded_500.json",
  "adversarial_run_id": "20260322-090107",
  "adversarial_example_count": 190,
  "n_pairs": 500,
  "n_samples": 1190,
  "n_base_samples": 1000,
  "train_size": 990,
  "train_size_base": 800,
  "test_size": 200,
  "train_accuracy": 0.7242424242424242,
  "test_accuracy": 0.805,
  "direction_norm": 25.519874572753906,
  "score_scale": 503.2725830078125,
  "random_state": 42,
  "device": "cpu",
  "created_at": "2026-03-22T16:38:29Z",
  "direction": [
    -0.5342892408370972,
    0.4745476245880127,
    -0.9472806453704834,
    0.25901395082473755,
    -0.24128484725952148,
    1.0823453664779663,
    0.21161365509033203,
    1.7990472316741943,
    0.6629297733306885,
    -0.5052624344825745,
    -0.26498955488204956,
    1.2590175867080688,
    1.2930643558502197,
    0.712295651435852,
    0.19980096817016602,
    -0.06772220134735107,
    -1.1435747146606445,
    0.827879011631012,
    0.26191139221191406,
    -0.9077898263931274,
    -1.8417277336120605,
    0.6185776591300964,
    0.6971874237060547,
    0.9056982398033142,
    -1.1184682846069336,
    0.64412522315979,
    -0.687657356262207,
    0.5656890869140625,
    -0.17216181755065918,
    0.5439274311065674,
    0.36536920070648193,
    -1.3916690349578857,
    0.7734050154685974,
    -1.1771236658096313,
    -1.396189570426941,
    1.0033321380615234,
    -0.6961104869842529,
    0.9918341636657715,
    0.9592498540878296,
    -0.05915045738220215,
    -0.031245455145835876,
    1.2850233316421509,
    1.577512502670288,
    0.9434661865234375,
    0.5991032123565674,
    -0.6644347906112671,
    -0.4850901663303375,
    -1.0550304651260376,
    -0.4686577320098877,
    0.11772002279758453,
    -1.0083390474319458,
    1.2487025260925293,
    0.6314221024513245,
    1.0337133407592773,
    -1.011427879333496,
    0.41971635818481445,
    1.1251862049102783,
    1.405521273612976,
    -0.9503659605979919,
    -0.7762036323547363,
    -0.5789200067520142,
    0.11024332046508789,
    0.14904427528381348,
    -0.41605615615844727,
    -0.3304443359375,
    -0.8159902095794678,
    -1.4981417655944824,
    -1.141325831413269,
    0.04577690362930298,
    0.6945333480834961,
    -1.469046711921692,
    0.7043240070343018,
    1.3136491775512695,
    1.083552360534668,
    0.1571580171585083,
    -1.2639317512512207,
    1.1675772666931152,
    1.4342950582504272,
    0.04383710026741028,
    -0.05000448226928711,
    1.3367195129394531,
    1.7631940841674805,
    -0.0805705189704895,
    1.7850123643875122,
    -0.37223005294799805,
    0.4993138313293457,
    -1.2838207483291626,
    -0.11925363540649414,
    -0.07031381130218506,
    1.1254726648330688,
    0.5671989917755127,
    0.0495525598526001,
    0.7660272121429443,
    -0.05302387475967407,
    0.8680258989334106,
    1.5978565216064453,
    -1.1824986934661865,
    -0.509219765663147,
    1.1176300048828125,
    -1.2913414239883423,
    -0.34788256883621216,
    -0.258316308259964,
    1.6558780670166016,
    1.1098583936691284,
    0.03164392709732056,
    -1.4898360967636108,
    0.7384477853775024,
    0.507828414440155,
    1.9472965002059937,
    -1.1783082485198975,
    -0.4386250972747803,
    0.14000964164733887,
    -1.7226159572601318,
    0.11760330200195312,
    1.1334187984466553,
    -0.9963979721069336,
    0.12403786182403564,
    -0.25096797943115234,
    -1.3474383354187012,
    -0.8403886556625366,
    -0.5405557155609131,
    0.743652880191803,
    -0.23002731800079346,
    0.7202579379081726,
    0.8910645246505737,
    -0.06473779678344727,
    1.0293899774551392,
    -0.2612156867980957,
    -1.3405784368515015,
    0.5245583057403564,
    1.4066815376281738,
    -0.6592118740081787,
    1.2448126077651978,
    -1.5396476984024048,
    -0.4627678692340851,
    0.560400664806366,
    -0.8065453767776489,
    -0.5251212120056152,
    -0.07453270256519318,
    -1.5635052919387817,
    -0.11802434921264648,
    0.02940964698791504,
    1.4151896238327026,
    -0.9499977827072144,
    -0.4804230332374573,
    0.16368389129638672,
    0.6678086519241333,
    -0.4447672367095947,
    1.1140058040618896,
    -0.7876744270324707,
    0.592880368232727,
    -1.3738704919815063,
    0.5810762643814087,
    0.18847480416297913,
    -1.1953027248382568,
    0.4273781180381775,
    -0.938633918762207,
    0.6642587184906006,
    0.6064455509185791,
    0.24673974514007568,
    0.6525387763977051,
    0.7463674545288086,
    -0.929024338722229,
    -0.7961487174034119,
    1.688101887702942,
    -1.4474356174468994,
    0.5089795589447021,
    -0.33355045318603516,
    -1.2434115409851074,
    -0.8265628814697266,
    -0.05205881595611572,
    -0.33812445402145386,
    -1.5769122838974,
    -0.6341676712036133,
    -1.7412757873535156,
    -2.4348812103271484,
    1.3363327980041504,
    0.2237238883972168,
    0.08416581153869629,
    0.05805826187133789,
    -0.3781505227088928,
    -0.02945437654852867,
    0.4803812503814697,
    1.238371729850769,
    0.17820322513580322,
    0.2687253952026367,
    -2.487893581390381,
    -0.01641261577606201,
    -0.9624987244606018,
    -2.088609218597412,
    -0.13584423065185547,
    2.4210004806518555,
    0.20132917165756226,
    0.6209396123886108,
    -0.6040940880775452,
    -1.8464794158935547,
    -1.5270209312438965,
    0.15849559009075165,
    0.5856516361236572,
    2.0212769508361816,
    -0.22425170242786407,
    0.7613639235496521,
    -1.1320862770080566,
    1.0054360628128052,
    -0.9587037563323975,
    0.6265136003494263,
    1.8967905044555664,
    1.3150955438613892,
    0.3979227542877197,
    0.8245041370391846,
    -0.5727126598358154,
    -0.21449899673461914,
    0.6966233253479004,
    -1.363769292831421,
    0.3035750389099121,
    0.4394541382789612,
    -0.10146689414978027,
    -2.2866439819335938,
    -1.9555535316467285,
    -0.8862094879150391,
    -0.035561561584472656,
    -0.8065017461776733,
    -0.5216165781021118,
    -0.13974899053573608,
    0.07258033752441406,
    -0.6358940601348877,
    0.550010085105896,
    -1.223926067352295,
    -0.23752468824386597,
    0.7432072162628174,
    0.12526339292526245,
    1.902948021888733,
    0.3441457748413086,
    -0.050290510058403015,
    -1.7214784622192383,
    1.671313762664795,
    1.137829065322876,
    0.7355796694755554,
    0.7940927147865295,
    -0.2227170467376709,
    -0.8032391667366028,
    0.33260029554367065,
    -0.9331876635551453,
    0.26656484603881836,
    -0.8848893642425537,
    -0.10309022665023804,
    0.3753509521484375,
    -1.5227391719818115,
    0.3677213191986084,
    -0.034455299377441406,
    0.014711380004882812,
    -0.009672701358795166,
    0.051667213439941406,
    -1.5015642642974854,
    -0.3675239086151123,
    1.4709529876708984,
    -1.6255698204040527,
    -0.12384247779846191,
    2.4584240913391113,
    0.43837571144104004,
    0.18023282289505005,
    1.156877040863037,
    -0.7460505962371826,
    0.10996079444885254,
    -0.3120863437652588,
    -0.10821038484573364,
    -0.0015058517456054688,
    -0.8496310114860535,
    -0.44289931654930115,
    1.7834128141403198,
    -0.3664100170135498,
    -0.4063539505004883,
    -1.0189818143844604,
    -0.365095853805542,
    -0.6430772542953491,
    0.7020722031593323,
    0.15694373846054077,
    0.681779146194458,
    1.0791435241699219,
    -0.8517643213272095,
    -0.42617517709732056,
    -0.5265019536018372,
    -1.0230519771575928,
    -0.4164159297943115,
    0.40271592140197754,
    -0.001704573631286621,
    -0.7973538041114807,
    -0.471691370010376,
    0.9347362518310547,
    -1.4469491243362427,
    2.2311267852783203,
    -0.1648615300655365,
    0.17598342895507812,
    0.32312077283859253,
    1.3713483810424805,
    -1.333542823791504,
