{
  "probe_type": "mean_mass",
  "model_name": "gpt2",
  "layer": 6,
  "explicit_dataset_path": "/Users/michalmraz/code/spar-ai/temporal-awareness/data/raw/temporal_scope_AB_randomized/temporal_scope_explicit_expanded_500.json",
  "n_pairs": 500,
  "n_samples": 1000,
  "train_size": 800,
  "test_size": 200,
  "train_accuracy": 0.85875,
  "test_accuracy": 0.875,
  "direction_norm": 21.814477920532227,
  "score_scale": 346.5636291503906,
  "random_state": 42,
  "device": "cpu",
  "created_at": "2026-03-25T21:16:10Z",
  "direction": [
    -0.6780931949615479,
    0.5721032023429871,
    0.2920951247215271,
    0.29024821519851685,
    -0.3748614192008972,
    0.9418128728866577,
    0.01794379949569702,
    1.3687191009521484,
    1.976204752922058,
    -0.059541650116443634,
    -0.360355019569397,
    1.0593234300613403,
    0.2042551040649414,
    -0.027803659439086914,
    0.3114500045776367,
    0.35498952865600586,
    -0.6245891451835632,
    0.5583316683769226,
    0.0228615403175354,
    -0.3832291066646576,
    -1.6222162246704102,
    0.5569093227386475,
    0.7771617770195007,
    -0.25878268480300903,
    -0.6917873024940491,
    0.3981860876083374,
    -0.6967926621437073,
    0.9710676074028015,
    0.27200591564178467,
    0.7939252257347107,
    0.29066377878189087,
    -1.3791650533676147,
    0.3407733142375946,
    -0.47201859951019287,
    -1.3004454374313354,
    0.3509492874145508,
    -0.05329334735870361,
    0.819921612739563,
    0.050540268421173096,
    -0.15383124351501465,
    -0.1259741187095642,
    0.2542939782142639,
    1.653491497039795,
    0.5771710872650146,
    -0.1510448455810547,
    -0.26054680347442627,
    -0.3968600630760193,
    -1.2582311630249023,
    -0.5007887482643127,
    -0.010493963956832886,
    -1.174614429473877,
    0.7022435665130615,
    -0.03693222999572754,
    0.31565701961517334,
    -0.3230886459350586,
    -0.11636102199554443,
    0.5163578391075134,
    2.0369131565093994,
    -1.3728549480438232,
    -0.923142671585083,
    -0.2990477979183197,
    0.7229288816452026,
    0.6073709726333618,
    -0.12683413922786713,
    -0.2456493377685547,
    -1.0069836378097534,
    -0.9099401831626892,
    -1.1019824743270874,
    0.19717252254486084,
    0.5164449214935303,
    -1.459435224533081,
    0.7812342643737793,
    0.6267024278640747,
    0.7462579607963562,
    0.10830321907997131,
    -0.6638785600662231,
    1.3401992321014404,
    1.220960021018982,
    -0.14377228915691376,
    0.7689660787582397,
    1.1344050168991089,
    0.49241429567337036,
    -0.21950799226760864,
    1.5093944072723389,
    -0.39898502826690674,
    0.7828221321105957,
    -0.7795830368995667,
    -0.14658260345458984,
    -0.4281459152698517,
    0.35588109493255615,
    0.6074641942977905,
    -0.011302649974822998,
    0.9762957692146301,
    -0.26464077830314636,
    0.21947839856147766,
    1.2645314931869507,
    -0.9810996055603027,
    0.18040436506271362,
    0.9478325247764587,
    -1.321433663368225,
    0.5335578918457031,
    -0.3454322814941406,
    1.0392742156982422,
    0.7404038906097412,
    -0.5645727515220642,
    -1.3830208778381348,
    0.181982159614563,
    1.1188716888427734,
    1.2867817878723145,
    -0.44278690218925476,
    0.09286880493164062,
    -0.4522193968296051,
    -1.1088776588439941,
    -0.10721325874328613,
    1.2116676568984985,
    -0.5304497480392456,
    -0.21201026439666748,
    -0.18029579520225525,
    -1.121410846710205,
    -1.0066813230514526,
    -0.0626450777053833,
    0.21283046901226044,
    -0.08182042837142944,
    1.1273863315582275,
    0.9548365473747253,
    -0.2513655126094818,
    0.6430056095123291,
    0.6358098983764648,
    -0.7727484703063965,
    -0.09603393077850342,
    1.1048763990402222,
    -1.1722811460494995,
    1.2382432222366333,
    -0.7597202658653259,
    -0.2359025478363037,
    0.20285911858081818,
    -0.7491487264633179,
    -0.5396734476089478,
    0.009691238403320312,
    -0.8287405967712402,
    -0.581092119216919,
    0.32700133323669434,
    1.1848835945129395,
    -0.4914974570274353,
    0.009884193539619446,
    -0.15317347645759583,
    0.4469633102416992,
    -0.5023005604743958,
    1.6135927438735962,
    -0.6001505851745605,
    0.26047003269195557,
    -1.4953051805496216,
    0.42785555124282837,
    0.40097904205322266,
    -1.0923972129821777,
    -0.1554906964302063,
    -1.3720440864562988,
    0.646730363368988,
    -0.15870296955108643,
    0.39997929334640503,
    0.1764981746673584,
    0.3934062719345093,
    -0.807356059551239,
    -0.8435330390930176,
    1.8177473545074463,
    -0.2857377529144287,
    0.9880180954933167,
    0.7958259582519531,
    -0.5422860383987427,
    -0.40908074378967285,
    0.6943697929382324,
    -0.010486960411071777,
    -1.7587257623672485,
    -0.8587083220481873,
    -1.2485721111297607,
    -1.5946292877197266,
    0.5873162746429443,
    -0.31680774688720703,
    -0.49212950468063354,
    0.1625044345855713,
    0.08156353235244751,
    0.09834825992584229,
    -0.43755480647087097,
    0.8841495513916016,
    -0.1928420066833496,
    -0.7223622798919678,
    -2.282846212387085,
    0.16075067222118378,
    -1.169645071029663,
    -1.3024256229400635,
    0.1706150770187378,
    1.3662207126617432,
    0.3574827313423157,
    0.24765129387378693,
    -0.5639532804489136,
    -1.5641740560531616,
    -1.4695018529891968,
    0.6361533403396606,
    0.6298421025276184,
    1.9262419939041138,
    -0.8514536619186401,
    0.4585639238357544,
    -0.6431593894958496,
    0.8291438817977905,
    -0.6946159601211548,
    0.37578487396240234,
    1.5915852785110474,
    1.1592259407043457,
    0.10665726661682129,
    0.6442782282829285,
    -0.586332380771637,
    -0.4076455235481262,
    1.2335448265075684,
    -1.1018052101135254,
    0.1312084197998047,
    0.17507311701774597,
    -0.3526462912559509,
    -2.1050734519958496,
    -1.0133389234542847,
    -0.07326126098632812,
    -0.13674917817115784,
    -0.6259164810180664,
    -0.3176743984222412,
    -0.10688837617635727,
    0.42943066358566284,
    -1.5067293643951416,
    -0.0787554383277893,
    -0.4098150134086609,
    0.5654665231704712,
    0.30029749870300293,
    0.012788912281394005,
    1.30654776096344,
    0.3223617970943451,
    -0.14711511135101318,
    -0.2805043160915375,
    1.3473317623138428,
    0.20508259534835815,
    0.661562979221344,
    -0.005717962980270386,
    -0.6793620586395264,
    -1.1156184673309326,
    0.4786891043186188,
    -0.6209521293640137,
    -0.2053321748971939,
    -0.6127796769142151,
    -0.1790703535079956,
    1.146954894065857,
    -1.3210266828536987,
    0.3074237108230591,
    0.02522331476211548,
    0.06686010956764221,
    0.4853941798210144,
    0.18379676342010498,
    -1.25275719165802,
    -0.5823023319244385,
    1.1349406242370605,
    -0.47049152851104736,
    0.09986919164657593,
    2.0778706073760986,
    -0.000553816556930542,
    -0.04615793377161026,
    1.2246885299682617,
    -0.6005403995513916,
    0.2694704532623291,
    -0.01958543062210083,
    0.12736056745052338,
    -0.02085399627685547,
    -1.061308741569519,
    -0.42706507444381714,
    1.974671483039856,
    -0.2426387518644333,
    -0.04536640644073486,
    -0.5206449627876282,
    0.0762755274772644,
    -0.2205655574798584,
    0.1302778720855713,
    0.14240175485610962,
    0.7324922680854797,
    1.5510380268096924,
    -0.661117672920227,
    -0.26078706979751587,
    -0.2307835817337036,
    0.023591816425323486,
    -0.5507371425628662,
    0.8274540901184082,
    -0.07404236495494843,
    -1.3414390087127686,
    -0.7343907952308655,
    0.9632225036621094,
    -1.5137834548950195,
    1.711087703704834,
    -0.39046138525009155,
    -0.13713183999061584,
    -0.5386285781860352,
    1.5304088592529297,
    -1.7200692892074585,
    -0.035991013050079346,
    -0.6733274459838867,
    -0.7152928709983826,
    0.01267707347869873,
    -0.35857880115509033,
