{
  "model": "bigcode/santacoder",
  "n_layers": 24,
  "d_model": 2048,
  "n_examples": 507,
  "pca_dim": 128,
  "n_boot": 1000,
  "behavioral": {
    "code_return": {
      "n": 507,
      "task_accuracy": 0.34911242603550297,
      "exact_match": 0.34911242603550297,
      "any_valid": 0.34911242603550297
    }
  },
  "behavioral_per_type": {
    "int": 0.73,
    "str": 0.18446601941747573,
    "bool": 0.5865384615384616,
    "list": 0.13725490196078433,
    "float": 0.10204081632653061
  },
  "probing": {
    "layer_0": {
      "probe": 0.6804309842748981,
      "ci_lo": 0.5990092727546866,
      "ci_hi": 0.7197964669738863,
      "bow": 0.49308872063676956,
      "name_only": 0.6804309842748981,
      "name_params": 0.8697922733449814,
      "gap_name": 0.0,
      "gap_name_params": -0.18936128907008332,
      "p_vs_name": 1.0,
      "p_vs_name_params": 1.0,
      "best_pos": 2,
      "valid_boots": 1000
    },
    "layer_6": {
      "probe": 0.8579499126383225,
      "ci_lo": 0.7755074757175597,
      "ci_hi": 0.8820389492185048,
      "bow": 0.7317996505532905,
      "name_only": 0.6666472529605902,
      "name_params": 0.9190642593671132,
      "gap_name": 0.1913026596777323,
      "gap_name_params": -0.06111434672879068,
      "p_vs_name": 0.0,
      "p_vs_name_params": 0.998,
      "best_pos": 6,
      "valid_boots": 1000
    },
    "layer_12": {
      "probe": 0.9111822947000583,
      "ci_lo": 0.8526315789473684,
      "ci_hi": 0.9387832798093857,
      "bow": 0.7317996505532905,
      "name_only": 0.7060764900019414,
      "name_params": 0.9308677926616191,
      "gap_name": 0.2051058046981169,
      "gap_name_params": -0.019685497961560827,
      "p_vs_name": 0.0,
      "p_vs_name_params": 0.949,
      "best_pos": 6,
      "valid_boots": 1000
    },
    "layer_18": {
      "probe": 0.8737914967967384,
      "ci_lo": 0.8031894223349135,
      "ci_hi": 0.8971861958266452,
      "bow": 0.7021937487866433,
      "name_only": 0.7080566880217434,
      "name_params": 0.9269850514463212,
      "gap_name": 0.16573480877499502,
      "gap_name_params": -0.05319355464958275,
      "p_vs_name": 0.0,
      "p_vs_name_params": 0.995,
      "best_pos": 5,
      "valid_boots": 1000
    },
    "layer_22": {
      "probe": 0.8540283440108716,
      "ci_lo": 0.7925531914893617,
      "ci_hi": 0.8860103626943006,
      "bow": 0.6628033391574453,
      "name_only": 0.7100368860415454,
      "name_params": 0.9171423024655407,
      "gap_name": 0.14399145796932622,
      "gap_name_params": -0.06311395845466916,
      "p_vs_name": 0.0,
      "p_vs_name_params": 0.994,
      "best_pos": 4,
      "valid_boots": 1000
    },
    "layer_23": {
      "probe": 0.8561250242671326,
      "ci_lo": 0.7830627705627705,
      "ci_hi": 0.8756636931787831,
      "bow": 0.7021937487866433,
      "name_only": 0.7041351193942924,
      "name_params": 0.9092409240924093,
      "gap_name": 0.15198990487284014,
      "gap_name_params": -0.05311589982527676,
      "p_vs_name": 0.0,
      "p_vs_name_params": 0.998,
      "best_pos": 5,
      "valid_boots": 1000
    }
  },
  "nonsense_L0": {
    "probe": 0.34707823723548825
  },
  "nonsense_L6": {
    "probe": 0.311609396233741
  },
  "nonsense_L12": {
    "probe": 0.3431760823141138
  },
  "nonsense_L18": {
    "probe": 0.3430790137837313
  },
  "nonsense_L22": {
    "probe": 0.31357018054746655
  },
  "nonsense_L23": {
    "probe": 0.3096097845078626
  },
  "cross_task_transfer": {
    "layer_0": {
      "train_acc": 0.7928994082840237,
      "rhyme_pred_distribution": {
        "bool": 0,
        "float": 2,
        "int": 114,
        "list": 0,
        "str": 34
      }
    },
    "layer_6": {
      "train_acc": 0.9960552268244576,
      "rhyme_pred_distribution": {
        "bool": 16,
        "float": 34,
        "int": 4,
        "list": 2,
        "str": 94
      }
    },
    "layer_12": {
      "train_acc": 0.9960552268244576,
      "rhyme_pred_distribution": {
        "bool": 4,
        "float": 84,
        "int": 2,
        "list": 0,
        "str": 60
      }
    },
    "layer_18": {
      "train_acc": 0.9960552268244576,
      "rhyme_pred_distribution": {
        "bool": 0,
        "float": 54,
        "int": 92,
        "list": 0,
        "str": 4
      }
    },
    "layer_22": {
      "train_acc": 0.9960552268244576,
      "rhyme_pred_distribution": {
        "bool": 2,
        "float": 6,
        "int": 140,
        "list": 0,
        "str": 2
      }
    },
    "layer_23": {
      "train_acc": 0.9960552268244576,
      "rhyme_pred_distribution": {
        "bool": 0,
        "float": 34,
        "int": 116,
        "list": 0,
        "str": 0
      }
    }
  },
  "rhyme_behavioral": {
    "rhyme": {
      "n": 90,
      "task_accuracy": 0.08888888888888889,
      "exact_match": 0.011111111111111112,
      "any_valid": 0.08888888888888889
    }
  },
  "steering_fp32": [
    {
      "alpha": 1.0,
      "layer": 0,
      "kl": 0.0006228871643543243,
      "sig": "def add(a, b):",
      "orig_top5": [
        " return",
        " \"\"\"",
        " #",
        " print",
        " '''"
      ],
      "steered_top5": [
        " return",
        " \"\"\"",
        " #",
        " print",
        " '''"
      ]
    },
    {
      "alpha": 1.0,
      "layer": 0,
      "kl": 0.00443270243704319,
      "sig": "def subtract(a, b):",
      "orig_top5": [
        " return",
        " \"\"\"",
        " #",
        " '''",
        "\n"
      ],
      "steered_top5": [
        " return",
        " \"\"\"",
        " #",
        " '''",
        "\n"
      ]
    },
    {
      "alpha": 1.0,
      "layer": 18,
      "kl": 0.02735219895839691,
      "sig": "def add(a, b):",
      "orig_top5": [
        " return",
        " \"\"\"",
        " #",
        " print",
        " '''"
      ],
      "steered_top5": [
        " return",
        " \"\"\"",
        " #",
        " print",
        " '''"
      ]
    },
    {
      "alpha": 1.0,
      "layer": 18,
      "kl": 0.03615189343690872,
      "sig": "def subtract(a, b):",
      "orig_top5": [
        " return",
        " \"\"\"",
        " #",
        " '''",
        "\n"
      ],
      "steered_top5": [
        " return",
        " \"\"\"",
        " #",
        " '''",
        "\n"
      ]
    },
    {
      "alpha": 1.0,
      "layer": 23,
      "kl": 0.08137985318899155,
      "sig": "def add(a, b):",
      "orig_top5": [
        " return",
        " \"\"\"",
        " #",
        " print",
        " '''"
      ],
      "steered_top5": [
        " return",
        " \"\"\"",
        " print",
        " #",
        " '''"
      ]
    },
    {
      "alpha": 1.0,
      "layer": 23,
      "kl": 0.09082472324371338,
      "sig": "def subtract(a, b):",
      "orig_top5": [
        " return",
        " \"\"\"",
        " #",
        " '''",
        "\n"
      ],
      "steered_top5": [
        " \"\"\"",
        " return",
        " #",
        " '''",
        "\n"
      ]
    },
    {
      "alpha": 3.0,
      "layer": 0,
      "kl": 0.002653248142451048,
      "sig": "def add(a, b):",
      "orig_top5": [
        " return",
        " \"\"\"",
        " #",
        " print",
        " '''"
      ],
      "steered_top5": [
        " return",
        " \"\"\"",
        " #",
        " print",
        " '''"
      ]
    },
    {
      "alpha": 3.0,
      "layer": 0,
      "kl": 0.16931407153606415,
      "sig": "def subtract(a, b):",
      "orig_top5": [
        " return",
        " \"\"\"",
        " #",
        " '''",
        "\n"
      ],
      "steered_top5": [
        " return",
        " #",
        " \"\"\"",
        " '''",
        " if"
      ]
    },
    {
      "alpha": 3.0,
      "layer": 18,
      "kl": 0.19093945622444153,
      "sig": "def add(a, b):",
      "orig_top5": [
        " return",
        " \"\"\"",
        " #",
        " print",
        " '''"
      ],