{
  "model": "codellama/CodeLlama-7b-Python-hf",
  "n_layers": 32,
  "d_model": 4096,
  "n_examples": 507,
  "pca_dim": 128,
  "n_boot": 1000,
  "behavioral": {
    "code_return": {
      "n": 507,
      "task_accuracy": 0.40236686390532544,
      "exact_match": 0.40236686390532544,
      "any_valid": 0.40236686390532544
    }
  },
  "behavioral_per_type": {
    "int": 0.75,
    "str": 0.18446601941747573,
    "bool": 0.7980769230769231,
    "list": 0.17647058823529413,
    "float": 0.09183673469387756
  },
  "probing": {
    "layer_0": {
      "probe": 0.6765676567656767,
      "ci_lo": 0.5958521662440746,
      "ci_hi": 0.7194293770139634,
      "bow": 0.7417006406523005,
      "name_only": 0.6292758687633471,
      "name_params": 0.8481459910696951,
      "gap_name": 0.04729178800232958,
      "gap_name_params": -0.17157833430401848,
      "p_vs_name": 0.05800000000000005,
      "p_vs_name_params": 1.0,
      "best_pos": 7,
      "valid_boots": 1000
    },
    "layer_8": {
      "probe": 0.8599689380702775,
      "ci_lo": 0.7860867074102369,
      "ci_hi": 0.8857181677018633,
      "bow": 0.7219569015725101,
      "name_only": 0.7001747233546883,
      "name_params": 0.9349252572316056,
      "gap_name": 0.1597942147155892,
      "gap_name_params": -0.07495631916132806,
      "p_vs_name": 0.0,
      "p_vs_name_params": 1.0,
      "best_pos": 5,
      "valid_boots": 1000
    },
    "layer_16": {
      "probe": 0.8856338575033973,
      "ci_lo": 0.8043422232182877,
      "ci_hi": 0.8979678312002767,
      "bow": 0.6370801786060959,
      "name_only": 0.6508250825082509,
      "name_params": 0.944806833624539,
      "gap_name": 0.2348087749951464,
      "gap_name_params": -0.059172976121141696,
      "p_vs_name": 0.0,
      "p_vs_name_params": 1.0,
      "best_pos": 4,
      "valid_boots": 1000
    },
    "layer_24": {
      "probe": 0.8698116870510579,
      "ci_lo": 0.7956675627240143,
      "ci_hi": 0.8928619174942705,
      "bow": 0.7219569015725101,
      "name_only": 0.6845078625509611,
      "name_params": 0.9191225004853427,
      "gap_name": 0.18530382450009686,
      "gap_name_params": -0.049310813434284784,
      "p_vs_name": 0.0,
      "p_vs_name_params": 0.998,
      "best_pos": 5,
      "valid_boots": 1000
    },
    "layer_30": {
      "probe": 0.8442050087361677,
      "ci_lo": 0.7512373096446701,
      "ci_hi": 0.8532776624328285,
      "bow": 0.7219569015725101,
      "name_only": 0.6804503979809746,
      "name_params": 0.9013977868375074,
      "gap_name": 0.16375461075519304,
      "gap_name_params": -0.057192778101339714,
      "p_vs_name": 0.0,
      "p_vs_name_params": 1.0,
      "best_pos": 5,
      "valid_boots": 1000
    },
    "layer_31": {
      "probe": 0.8243836148320713,
      "ci_lo": 0.7637150220913107,
      "ci_hi": 0.8579428011404133,
      "bow": 0.7219569015725101,
      "name_only": 0.6745292176276452,
      "name_params": 0.9013783731314309,
      "gap_name": 0.14985439720442617,
      "gap_name_params": -0.07699475829935953,
      "p_vs_name": 0.0,
      "p_vs_name_params": 1.0,
      "best_pos": 5,
      "valid_boots": 1000
    }
  },
  "nonsense_L0": {
    "probe": 0.46146379343816735
  },
  "nonsense_L8": {
    "probe": 0.44967967384973784
  },
  "nonsense_L16": {
    "probe": 0.4398369248689574
  },
  "nonsense_L24": {
    "probe": 0.43783731314307894
  },
  "nonsense_L30": {
    "probe": 0.43783731314307894
  },
  "nonsense_L31": {
    "probe": 0.43975927004465154
  },
  "cross_task_transfer": {
    "layer_0": {
      "train_acc": 0.8994082840236687,
      "rhyme_pred_distribution": {
        "bool": 118,
        "float": 32,
        "int": 0,
        "list": 0,
        "str": 0
      }
    },
    "layer_8": {
      "train_acc": 0.9960552268244576,
      "rhyme_pred_distribution": {
        "bool": 0,
        "float": 32,
        "int": 14,
        "list": 30,
        "str": 74
      }
    },
    "layer_16": {
      "train_acc": 0.9960552268244576,
      "rhyme_pred_distribution": {
        "bool": 0,
        "float": 12,
        "int": 0,
        "list": 2,
        "str": 136
      }
    },
    "layer_24": {
      "train_acc": 0.9940828402366864,
      "rhyme_pred_distribution": {
        "bool": 0,
        "float": 60,
        "int": 0,
        "list": 0,
        "str": 90
      }
    },
    "layer_30": {
      "train_acc": 0.9960552268244576,
      "rhyme_pred_distribution": {
        "bool": 0,
        "float": 90,
        "int": 0,
        "list": 0,
        "str": 60
      }
    },
    "layer_31": {
      "train_acc": 0.9960552268244576,
      "rhyme_pred_distribution": {
        "bool": 0,
        "float": 30,
        "int": 0,
        "list": 30,
        "str": 90
      }
    }
  },
  "rhyme_behavioral": {
    "rhyme": {
      "n": 90,
      "task_accuracy": 0.13333333333333333,
      "exact_match": 0.011111111111111112,
      "any_valid": 0.13333333333333333
    }
  }
}