{
  "model": "EleutherAI/pythia-2.8b-deduped",
  "checkpoints": [
    {
      "step": "step0",
      "k1": {
        "n_examples": 536,
        "n_classes": 29,
        "context": 0.6231221876081688,
        "probe": 0.7816199376947041,
        "gap": 0.15849775008653522,
        "best_layer": 31
      },
      "k3": {
        "n_examples": 521,
        "n_classes": 29,
        "context": 0.3781684981684982,
        "probe": 0.5278388278388279,
        "gap": 0.14967032967032967,
        "best_layer": 5
      },
      "k5": {
        "n_examples": 510,
        "n_classes": 29,
        "context": 0.3196078431372549,
        "probe": 0.4137254901960784,
        "gap": 0.09411764705882353,
        "best_layer": 31
      }
    },
    {
      "step": "step512",
      "k1": {
        "n_examples": 1083,
        "n_classes": 29,
        "context": 0.6657236729817375,
        "probe": 0.9483017579791773,
        "gap": 0.28257808499743975,
        "best_layer": 31
      },
      "k3": {
        "n_examples": 1063,
        "n_classes": 29,
        "context": 0.5172955974842767,
        "probe": 0.8108689875099655,
        "gap": 0.29357339002568883,
        "best_layer": 5
      },
      "k5": {
        "n_examples": 1035,
        "n_classes": 29,
        "context": 0.4338164251207729,
        "probe": 0.7265700483091787,
        "gap": 0.2927536231884058,
        "best_layer": 0
      }
    },
    {
      "step": "step4000",
      "k1": {
        "n_examples": 596,
        "n_classes": 20,
        "context": 0.8624229691876749,
        "probe": 0.9395938375350139,
        "gap": 0.077170868347339,
        "best_layer": 26
      },
      "k3": {
        "n_examples": 568,
        "n_classes": 19,
        "context": 0.7730321378667909,
        "probe": 0.8415929203539824,
        "gap": 0.06856078248719144,
        "best_layer": 26
      },
      "k5": {
        "n_examples": 526,
        "n_classes": 16,
        "context": 0.7756154537286613,
        "probe": 0.7907816711590296,
        "gap": 0.01516621743036839,
        "best_layer": 5
      }
    },
    {
      "step": "step32000",
      "k1": {
        "n_examples": 608,
        "n_classes": 22,
        "context": 0.7417965045386804,
        "probe": 0.8765885381384637,
        "gap": 0.1347920335997833,
        "best_layer": 26
      },
      "k3": {
        "n_examples": 582,
        "n_classes": 21,
        "context": 0.6530651340996169,
        "probe": 0.7166519304450338,
        "gap": 0.06358679634541697,
        "best_layer": 21
      },
      "k5": {
        "n_examples": 565,
        "n_classes": 21,
        "context": 0.608849557522124,
        "probe": 0.6672566371681417,
        "gap": 0.05840707964601766,
        "best_layer": 31
      }
    },
    {
      "step": "step143000",
      "k1": {
        "n_examples": 599,
        "n_classes": 17,
        "context": 0.7128711484593837,
        "probe": 0.8948599439775909,
        "gap": 0.18198879551820724,
        "best_layer": 26
      },
      "k3": {
        "n_examples": 572,
        "n_classes": 16,
        "context": 0.5751945080091534,
        "probe": 0.6904347826086956,
        "gap": 0.11524027459954223,
        "best_layer": 31
      },
      "k5": {
        "n_examples": 559,
        "n_classes": 16,
        "context": 0.5527027027027027,
        "probe": 0.5832368082368082,
        "gap": 0.030534105534105516,
        "best_layer": 5
      }
    }
  ]
}