{
  "n_sigs": 100,
  "layer": 14,
  "results": {
    "0": 0.22000000000000003,
    "1": 0.22000000000000003,
    "2": 0.8099999999999999,
    "3": 0.8,
    "5": 0.8,
    "last": 0.9400000000000001
  }
}