{
  "model": "EleutherAI/gpt-j-6b",
  "split": "train=0-24, test=25-49",
  "k1": {
    "k": 1,
    "n_examples": 1256,
    "n_classes": 76,
    "chance_majority": 0.1178343949044586,
    "bigram": 0.21098726114649682,
    "trigram": 0.16003184713375795,
    "token_n_embedding": 0.524710681085183,
    "context_window_embedding": 0.5899576297982672,
    "probe_by_layer": {
      "0": {
        "probe": 0.7022449883007653,
        "gap_vs_trigram": 0.5422131411670074,
        "gap_vs_context": 0.11228735850249816,
        "gap_vs_embedding": 0.17753430721558228
      },
      "4": {
        "probe": 0.7452444191488017,
        "gap_vs_trigram": 0.5852125720150437,
        "gap_vs_context": 0.15528678935053453,
        "gap_vs_embedding": 0.22053373806361865
      },
      "9": {
        "probe": 0.7627395181180041,
        "gap_vs_trigram": 0.6027076709842462,
        "gap_vs_context": 0.17278188831973695,
        "gap_vs_embedding": 0.23802883703282107
      },
      "14": {
        "probe": 0.7929867830266237,
        "gap_vs_trigram": 0.6329549358928658,
        "gap_vs_context": 0.20302915322835657,
        "gap_vs_embedding": 0.2682761019414407
      },
      "18": {
        "probe": 0.8232498577120092,
        "gap_vs_trigram": 0.6632180105782512,
        "gap_vs_context": 0.23329222791374205,
        "gap_vs_embedding": 0.29853917662682616
      },
      "23": {
        "probe": 0.8399797634857397,
        "gap_vs_trigram": 0.6799479163519817,
        "gap_vs_context": 0.2500221336874725,
        "gap_vs_embedding": 0.3152690824005566
      },
      "27": {
        "probe": 0.8439511794093468,
        "gap_vs_trigram": 0.6839193322755889,
        "gap_vs_context": 0.25399354961107967,
        "gap_vs_embedding": 0.3192404983241638
      }
    }
  },
  "k2": {
    "k": 2,
    "n_examples": 1231,
    "n_classes": 74,
    "chance_majority": 0.11941510966693746,
    "bigram": 0.17627944760357434,
    "trigram": 0.1478472786352559,
    "token_n_embedding": 0.41759323261248815,
    "context_window_embedding": 0.4939534577532011,
    "probe_by_layer": {
      "0": {
        "probe": 0.584121654981732,
        "gap_vs_trigram": 0.43627437634647603,
        "gap_vs_context": 0.09016819722853087,
        "gap_vs_embedding": 0.1665284223692438
      },
      "4": {
        "probe": 0.6044336921102005,
        "gap_vs_trigram": 0.45658641347494455,
        "gap_vs_context": 0.11048023435699938,
        "gap_vs_embedding": 0.18684045949771233
      },
      "9": {
        "probe": 0.5914058128435535,
        "gap_vs_trigram": 0.4435585342082976,
        "gap_vs_context": 0.09745235509035244,
        "gap_vs_embedding": 0.17381258023106538
      },
      "14": {
        "probe": 0.6125308581021033,
        "gap_vs_trigram": 0.46468357946684735,
        "gap_vs_context": 0.11857740034890218,
        "gap_vs_embedding": 0.19493762548961513
      },
      "18": {
        "probe": 0.6393436687403311,
        "gap_vs_trigram": 0.4914963901050752,
        "gap_vs_context": 0.14539021098713,
        "gap_vs_embedding": 0.22175043612784295
      },
      "23": {
        "probe": 0.6547809486192028,
        "gap_vs_trigram": 0.5069336699839468,
        "gap_vs_context": 0.16082749086600168,
        "gap_vs_embedding": 0.23718771600671462
      },
      "27": {
        "probe": 0.6482768835785524,
        "gap_vs_trigram": 0.5004296049432965,
        "gap_vs_context": 0.1543234258253513,
        "gap_vs_embedding": 0.23068365096606425
      }
    }
  },
  "k3": {
    "k": 3,
    "n_examples": 1210,
    "n_classes": 73,
    "chance_majority": 0.12148760330578512,
    "bigram": 0.13140495867768595,
    "trigram": 0.11074380165289256,
    "token_n_embedding": 0.37355371900826445,
    "context_window_embedding": 0.456198347107438,
    "probe_by_layer": {
      "0": {
        "probe": 0.5099173553719007,
        "gap_vs_trigram": 0.3991735537190082,
        "gap_vs_context": 0.05371900826446274,
        "gap_vs_embedding": 0.1363636363636363
      },
      "4": {
        "probe": 0.49338842975206615,
        "gap_vs_trigram": 0.3826446280991736,
        "gap_vs_context": 0.03719008264462814,
        "gap_vs_embedding": 0.1198347107438017
      },
      "9": {
        "probe": 0.49504132231404957,
        "gap_vs_trigram": 0.384297520661157,
        "gap_vs_context": 0.03884297520661156,
        "gap_vs_embedding": 0.12148760330578512
      },
      "14": {
        "probe": 0.5066115702479339,
        "gap_vs_trigram": 0.39586776859504136,
        "gap_vs_context": 0.0504132231404959,
        "gap_vs_embedding": 0.13305785123966946
      },
      "18": {
        "probe": 0.5206611570247934,
        "gap_vs_trigram": 0.4099173553719009,
        "gap_vs_context": 0.06446280991735542,
        "gap_vs_embedding": 0.14710743801652898
      },
      "23": {
        "probe": 0.534710743801653,
        "gap_vs_trigram": 0.4239669421487604,
        "gap_vs_context": 0.07851239669421495,
        "gap_vs_embedding": 0.1611570247933885
      },
      "27": {
        "probe": 0.5371900826446281,
        "gap_vs_trigram": 0.42644628099173554,
        "gap_vs_context": 0.08099173553719008,
        "gap_vs_embedding": 0.16363636363636364
      }
    }
  },
  "k5": {
    "k": 5,
    "n_examples": 1174,
    "n_classes": 71,
    "chance_majority": 0.12180579216354344,
    "bigram": 0.09710391822827939,
    "trigram": 0.10988074957410562,
    "token_n_embedding": 0.3049427168576105,
    "context_window_embedding": 0.418206946717585,
    "probe_by_layer": {
      "0": {
        "probe": 0.46845608292416807,
        "gap_vs_trigram": 0.3585753333500624,
        "gap_vs_context": 0.050249136206583056,
        "gap_vs_embedding": 0.16351336606655759
      },
      "4": {
        "probe": 0.4156719403527914,
        "gap_vs_trigram": 0.3057911907786858,
        "gap_vs_context": -0.0025350063647935905,
        "gap_vs_embedding": 0.11072922349518094
      },
      "9": {
        "probe": 0.3764829969085288,
        "gap_vs_trigram": 0.26660224733442317,
        "gap_vs_context": -0.04172394980905619,
        "gap_vs_embedding": 0.07154028005091834
      },
      "14": {
        "probe": 0.37650481905801053,
        "gap_vs_trigram": 0.26662406948390494,
        "gap_vs_context": -0.041702127659574484,
        "gap_vs_embedding": 0.07156210220040005
      },
      "18": {
        "probe": 0.4131296599381706,
        "gap_vs_trigram": 0.303248910364065,
        "gap_vs_context": -0.005077286779414436,
        "gap_vs_embedding": 0.1081869430805601
      },
      "23": {
        "probe": 0.4182469539916348,
        "gap_vs_trigram": 0.30836620441752916,
        "gap_vs_context": 4.000727404979143e-05,
        "gap_vs_embedding": 0.11330423713402432
      },
      "27": {
        "probe": 0.4276086561192944,
        "gap_vs_trigram": 0.3177279065451888,
        "gap_vs_context": 0.009401709401709368,
        "gap_vs_embedding": 0.1226659392616839
      }
    }
  }
}