{
  "model": "EleutherAI/gpt-j-6b",
  "k1": {
    "0": {
      "pca_source_only": 0.04790270538595185,
      "full_dim": 0.020104244229337303,
      "our_probe": 0.6581708229426433
    },
    "4": {
      "pca_source_only": 0.03251427153139737,
      "full_dim": 0.014395631670389675,
      "our_probe": 0.6871645885286783
    },
    "9": {
      "pca_source_only": 0.024571854058078928,
      "full_dim": 0.010920824025812856,
      "our_probe": 0.7421296758104738
    },
    "14": {
      "pca_source_only": 0.020352444775378505,
      "full_dim": 0.010920824025812856,
      "our_probe": 0.7756122194513717
    },
    "18": {
      "pca_source_only": 0.019856043683296104,
      "full_dim": 0.010176222387689253,
      "our_probe": 0.8180835411471321
    },
    "23": {
      "pca_source_only": 0.020104244229337303,
      "full_dim": 0.011169024571854059,
      "our_probe": 0.8540810473815462
    },
    "27": {
      "pca_source_only": 0.03375527426160337,
      "full_dim": 0.01538843385455448,
      "our_probe": 0.8500810473815463
    }
  },
  "k3": {
    "0": {
      "pca_source_only": 0.03997962821492233,
      "full_dim": 0.026737967914438502,
      "our_probe": 0.40908388609179785
    },
    "4": {
      "pca_source_only": 0.04430863254392666,
      "full_dim": 0.023682200152788387,
      "our_probe": 0.40751884706571834
    },
    "9": {
      "pca_source_only": 0.046091163738222564,
      "full_dim": 0.018843901196842372,
      "our_probe": 0.3837635525719918
    },
    "14": {
      "pca_source_only": 0.046091163738222564,
      "full_dim": 0.0213903743315508,
      "our_probe": 0.4002863688430699
    },
    "18": {
      "pca_source_only": 0.04048892284186402,
      "full_dim": 0.012732365673542145,
      "our_probe": 0.4297290817549748
    },
    "23": {
      "pca_source_only": 0.033358798064680416,
      "full_dim": 0.018079959256429846,
      "our_probe": 0.4436759103865313
    },
    "27": {
      "pca_source_only": 0.033358798064680416,
      "full_dim": 0.015533486121721415,
      "our_probe": 0.4121793334931671
    }
  },
  "k5": {
    "0": {
      "pca_source_only": 0.03581699346405229,
      "full_dim": 0.024575163398692812,
      "our_probe": 0.33973333333333333
    },
    "4": {
      "pca_source_only": 0.0392156862745098,
      "full_dim": 0.02065359477124183,
      "our_probe": 0.32480000000000003
    },
    "9": {
      "pca_source_only": 0.036601307189542485,
      "full_dim": 0.02718954248366013,
      "our_probe": 0.29333333333333333
    },
    "14": {
      "pca_source_only": 0.035555555555555556,
      "full_dim": 0.021437908496732026,
      "our_probe": 0.3034666666666667
    },
    "18": {
      "pca_source_only": 0.03607843137254902,
      "full_dim": 0.01803921568627451,
      "our_probe": 0.2869333333333333
    },
    "23": {
      "pca_source_only": 0.038431372549019606,
      "full_dim": 0.023529411764705882,
      "our_probe": 0.2992
    },
    "27": {
      "pca_source_only": 0.0407843137254902,
      "full_dim": 0.019084967320261437,
      "our_probe": 0.3002666666666666
    }
  }
}