{
  "model": "EleutherAI/gpt-j-6b",
  "n_layers": 28,
  "d_model": 4096,
  "k_values": [
    1,
    2,
    3,
    5
  ],
  "n_prompts": 50,
  "k1": {
    "k": 1,
    "n_examples": 2072,
    "n_classes": 46,
    "chance_majority": 0.1361003861003861,
    "chance_uniform": 0.021739130434782608,
    "bigram": 0.7065637065637066,
    "trigram": 0.9198841698841699,
    "token_n_embedding": 0.5395890809615274,
    "context_window_embedding": 0.5241429486060183,
    "probe_by_layer": {
      "0": {
        "probe": 0.6771491764158082,
        "gap_vs_embedding": 0.13756009545428083,
        "gap_vs_context": 0.1530062278097899,
        "gap_vs_bigram": -0.02941453014789841
      },
      "4": {
        "probe": 0.7253989872533613,
        "gap_vs_embedding": 0.18580990629183392,
        "gap_vs_context": 0.20125603864734298,
        "gap_vs_bigram": 0.018835280689654677
      },
      "9": {
        "probe": 0.7504988068214888,
        "gap_vs_embedding": 0.21090972585996148,
        "gap_vs_context": 0.22635585821547055,
        "gap_vs_bigram": 0.043935100257782245
      },
      "14": {
        "probe": 0.791512717536814,
        "gap_vs_embedding": 0.2519236365752866,
        "gap_vs_context": 0.26736976893079567,
        "gap_vs_bigram": 0.08494901097310736
      },
      "18": {
        "probe": 0.8412234445026483,
        "gap_vs_embedding": 0.30163436354112094,
        "gap_vs_context": 0.31708049589663,
        "gap_vs_bigram": 0.1346597379389417
      },
      "23": {
        "probe": 0.8513497468133403,
        "gap_vs_embedding": 0.31176066585181295,
        "gap_vs_context": 0.327206798207322,
        "gap_vs_bigram": 0.1447860402496337
      },
      "27": {
        "probe": 0.8499051277574065,
        "gap_vs_embedding": 0.3103160467958791,
        "gap_vs_context": 0.32576217915138816,
        "gap_vs_bigram": 0.14334142119369986
      }
    }
  },
  "k2": {
    "k": 2,
    "n_examples": 2048,
    "n_classes": 46,
    "chance_majority": 0.1357421875,
    "chance_uniform": 0.021739130434782608,
    "bigram": 0.1357421875,
    "trigram": 0.85498046875,
    "token_n_embedding": 0.4062543979963028,
    "context_window_embedding": 0.4472824855387918,
    "probe_by_layer": {
      "0": {
        "probe": 0.5224783827300375,
        "gap_vs_embedding": 0.11622398473373474,
        "gap_vs_context": 0.07519589719124575,
        "gap_vs_bigram": 0.38673619523003755
      },
      "4": {
        "probe": 0.540525970540879,
        "gap_vs_embedding": 0.13427157254457622,
        "gap_vs_context": 0.09324348500208723,
        "gap_vs_bigram": 0.40478378304087903
      },
      "9": {
        "probe": 0.550779414395611,
        "gap_vs_embedding": 0.14452501639930815,
        "gap_vs_context": 0.10349692885681916,
        "gap_vs_bigram": 0.41503722689561096
      },
      "14": {
        "probe": 0.5761882044248315,
        "gap_vs_embedding": 0.16993380642852873,
        "gap_vs_context": 0.12890571888603974,
        "gap_vs_bigram": 0.44044601692483154
      },
      "18": {
        "probe": 0.5971673922118195,
        "gap_vs_embedding": 0.19091299421551666,
        "gap_vs_context": 0.14988490667302767,
        "gap_vs_bigram": 0.46142520471181947
      },
      "23": {
        "probe": 0.6137801896356372,
        "gap_vs_embedding": 0.20752579163933438,
        "gap_vs_context": 0.1664977040968454,
        "gap_vs_bigram": 0.4780380021356372
      },
      "27": {
        "probe": 0.5952185580535512,
        "gap_vs_embedding": 0.18896416005724836,
        "gap_vs_context": 0.14793607251475938,
        "gap_vs_bigram": 0.45947637055355117
      }
    }
  },
  "k3": {
    "k": 3,
    "n_examples": 2020,
    "n_classes": 46,
    "chance_majority": 0.13663366336633664,
    "chance_uniform": 0.021739130434782608,
    "bigram": 0.13663366336633664,
    "trigram": 0.8356435643564356,
    "token_n_embedding": 0.32574257425742575,
    "context_window_embedding": 0.3886138613861386,
    "probe_by_layer": {
      "0": {
        "probe": 0.4257425742574258,
        "gap_vs_embedding": 0.10000000000000003,
        "gap_vs_context": 0.03712871287128716,
        "gap_vs_bigram": 0.28910891089108914
      },
      "4": {
        "probe": 0.40594059405940597,
        "gap_vs_embedding": 0.08019801980198021,
        "gap_vs_context": 0.017326732673267342,
        "gap_vs_bigram": 0.2693069306930693
      },
      "9": {
        "probe": 0.38613861386138615,
        "gap_vs_embedding": 0.060396039603960394,
        "gap_vs_context": -0.0024752475247524774,
        "gap_vs_bigram": 0.2495049504950495
      },
      "14": {
        "probe": 0.42772277227722777,
        "gap_vs_embedding": 0.10198019801980202,
        "gap_vs_context": 0.039108910891089144,
        "gap_vs_bigram": 0.2910891089108911
      },
      "18": {
        "probe": 0.42871287128712876,
        "gap_vs_embedding": 0.102970297029703,
        "gap_vs_context": 0.040099009900990135,
        "gap_vs_bigram": 0.2920792079207921
      },
      "23": {
        "probe": 0.44702970297029704,
        "gap_vs_embedding": 0.12128712871287128,
        "gap_vs_context": 0.05841584158415841,
        "gap_vs_bigram": 0.3103960396039604
      },
      "27": {
        "probe": 0.42524752475247524,
        "gap_vs_embedding": 0.09950495049504948,
        "gap_vs_context": 0.03663366336633661,
        "gap_vs_bigram": 0.2886138613861386
      }
    }
  },
  "k5": {
    "k": 5,
    "n_examples": 1956,
    "n_classes": 44,
    "chance_majority": 0.13701431492842536,
    "chance_uniform": 0.022727272727272728,
    "bigram": 0.13701431492842536,
    "token_n_embedding": 0.25510334568610055,
    "context_window_embedding": 0.30573359778694087,
    "probe_by_layer": {
      "0": {
        "probe": 0.34764210031838827,
        "gap_vs_embedding": 0.09253875463228772,
        "gap_vs_context": 0.0419085025314474,
        "gap_vs_bigram": 0.2106277853899629
      },
      "4": {
        "probe": 0.3154405240357012,
        "gap_vs_embedding": 0.06033717834960067,
        "gap_vs_context": 0.00970692624876035,
        "gap_vs_bigram": 0.17842620910727586
      },
      "9": {
        "probe": 0.3031643092019416,
        "gap_vs_embedding": 0.04806096351584105,
        "gap_vs_context": -0.002569288584999274,
        "gap_vs_bigram": 0.16614999427351623
      },
      "14": {
        "probe": 0.31236233623884335,
        "gap_vs_embedding": 0.057258990552742806,
        "gap_vs_context": 0.006628738451902483,
        "gap_vs_bigram": 0.175348021310418
      },
      "18": {
        "probe": 0.3261991753223028,
        "gap_vs_embedding": 0.07109582963620226,
        "gap_vs_context": 0.020465577535361934,
        "gap_vs_bigram": 0.18918486039387744
      },
      "23": {
        "probe": 0.34099639855942376,
        "gap_vs_embedding": 0.08589305287332322,
        "gap_vs_context": 0.035262800772482894,
        "gap_vs_bigram": 0.2039820836309984
      },
      "27": {
        "probe": 0.3323072707343807,
        "gap_vs_embedding": 0.07720392504828016,
        "gap_vs_context": 0.02657367294743984,
        "gap_vs_bigram": 0.19529295580595535
      }
    }
  }
}