{
  "model": "EleutherAI/gpt-j-6b",
  "n_layers": 28,
  "d_model": 4096,
  "k1": {
    "n_examples": 2072,
    "n_classes": 46,
    "chance_majority": 0.1361003861003861,
    "chance_uniform": 0.021739130434782608,
    "min_class_size": 10,
    "token_n_embedding": 0.537177114254118,
    "context_window_embedding": 0.5144927536231885,
    "probe_by_layer": {
      "0": {
        "probe": 0.6756999010534893,
        "gap_vs_embedding": 0.13852278679937136,
        "gap_vs_context": 0.16120714743030085,
        "gap_vs_chance": 0.5395995149531032
      },
      "4": {
        "probe": 0.7244339677550783,
        "gap_vs_embedding": 0.18725685350096033,
        "gap_vs_context": 0.20994121413188982,
        "gap_vs_chance": 0.5883335816546922
      },
      "9": {
        "probe": 0.7509760782259474,
        "gap_vs_embedding": 0.2137989639718294,
        "gap_vs_context": 0.2364833246027589,
        "gap_vs_chance": 0.6148756921255613
      },
      "14": {
        "probe": 0.7919958093242536,
        "gap_vs_embedding": 0.25481869507013566,
        "gap_vs_context": 0.27750305570106515,
        "gap_vs_chance": 0.6558954232238675
      },
      "18": {
        "probe": 0.8407380245620162,
        "gap_vs_embedding": 0.3035609103078982,
        "gap_vs_context": 0.3262452709388277,
        "gap_vs_chance": 0.7046376384616301
      },
      "23": {
        "probe": 0.8532809498865026,
        "gap_vs_embedding": 0.31610383563238464,
        "gap_vs_context": 0.33878819626331413,
        "gap_vs_chance": 0.7171805637861165
      },
      "27": {
        "probe": 0.8532867702694837,
        "gap_vs_embedding": 0.3161096560153658,
        "gap_vs_context": 0.33879401664629527,
        "gap_vs_chance": 0.7171863841690976
      }
    }
  },
  "k2": {
    "n_examples": 2048,
    "n_classes": 46,
    "chance_majority": 0.1357421875,
    "chance_uniform": 0.021739130434782608,
    "min_class_size": 10,
    "token_n_embedding": 0.40722881507543685,
    "context_window_embedding": 0.44191066849543803,
    "probe_by_layer": {
      "0": {
        "probe": 0.5141773510644642,
        "gap_vs_embedding": 0.10694853598902732,
        "gap_vs_context": 0.07226668256902613,
        "gap_vs_chance": 0.37843516356446416
      },
      "4": {
        "probe": 0.5405402826644404,
        "gap_vs_embedding": 0.13331146758900358,
        "gap_vs_context": 0.0986296141690024,
        "gap_vs_chance": 0.40479809516444043
      },
      "9": {
        "probe": 0.5498038046395134,
        "gap_vs_embedding": 0.14257498956407655,
        "gap_vs_context": 0.10789313614407536,
        "gap_vs_chance": 0.4140616171395134
      },
      "14": {
        "probe": 0.5805784483272707,
        "gap_vs_embedding": 0.17334963325183383,
        "gap_vs_context": 0.13866777983183265,
        "gap_vs_chance": 0.4448362608272707
      },
      "18": {
        "probe": 0.5996052239251,
        "gap_vs_embedding": 0.19237640884966312,
        "gap_vs_context": 0.15769455542966193,
        "gap_vs_chance": 0.46386303642509996
      },
      "23": {
        "probe": 0.6152447969467469,
        "gap_vs_embedding": 0.2080159818713101,
        "gap_vs_context": 0.1733341284513089,
        "gap_vs_chance": 0.47950260944674694
      },
      "27": {
        "probe": 0.591302999582563,
        "gap_vs_embedding": 0.1840741845071262,
        "gap_vs_context": 0.14939233108712502,
        "gap_vs_chance": 0.45556081208256305
      }
    }
  },
  "k3": {
    "n_examples": 2020,
    "n_classes": 46,
    "chance_majority": 0.13663366336633664,
    "chance_uniform": 0.021739130434782608,
    "min_class_size": 10,
    "token_n_embedding": 0.32821782178217823,
    "context_window_embedding": 0.3792079207920792,
    "probe_by_layer": {
      "0": {
        "probe": 0.42871287128712876,
        "gap_vs_embedding": 0.10049504950495053,
        "gap_vs_context": 0.04950495049504955,
        "gap_vs_chance": 0.2920792079207921
      },
      "4": {
        "probe": 0.40247524752475244,
        "gap_vs_embedding": 0.07425742574257421,
        "gap_vs_context": 0.023267326732673232,
        "gap_vs_chance": 0.2658415841584158
      },
      "9": {
        "probe": 0.38564356435643565,
        "gap_vs_embedding": 0.05742574257425742,
        "gap_vs_context": 0.006435643564356441,
        "gap_vs_chance": 0.249009900990099
      },
      "14": {
        "probe": 0.4301980198019802,
        "gap_vs_embedding": 0.10198019801980196,
        "gap_vs_context": 0.05099009900990098,
        "gap_vs_chance": 0.29356435643564355
      },
      "18": {
        "probe": 0.42970297029702975,
        "gap_vs_embedding": 0.10148514851485152,
        "gap_vs_context": 0.05049504950495054,
        "gap_vs_chance": 0.2930693069306931
      },
      "23": {
        "probe": 0.4475247524752476,
        "gap_vs_embedding": 0.11930693069306936,
        "gap_vs_context": 0.06831683168316838,
        "gap_vs_chance": 0.31089108910891095
      },
      "27": {
        "probe": 0.4262376237623762,
        "gap_vs_embedding": 0.098019801980198,
        "gap_vs_context": 0.047029702970297016,
        "gap_vs_chance": 0.2896039603960396
      }
    }
  }
}