{
  "model": "EleutherAI/gpt-j-6b",
  "code_domain": {
    "k1": {
      "n_examples": 868,
      "n_classes": 7,
      "chance": 0.14285714285714285,
      "classes": [
        "identifier",
        "keyword",
        "number",
        "operator",
        "other",
        "string",
        "whitespace"
      ],
      "return_type_baseline": 0.5103647598166235,
      "context_bow": 0.5737625406949705,
      "ret_plus_bow": 0.5841273005115939,
      "probe_by_layer": {
        "0": {
          "probe": 0.8006710517573582,
          "gap_vs_bow": 0.22690851106238774,
          "gap_vs_combined": 0.2165437512457643
        },
        "4": {
          "probe": 0.8272207826722477,
          "gap_vs_bow": 0.2534582419772773,
          "gap_vs_combined": 0.24309348216065385
        },
        "9": {
          "probe": 0.860580692312803,
          "gap_vs_bow": 0.28681815161783253,
          "gap_vs_combined": 0.2764533918012091
        },
        "14": {
          "probe": 0.8778951564680086,
          "gap_vs_bow": 0.3041326157730382,
          "gap_vs_combined": 0.29376785595641475
        },
        "18": {
          "probe": 0.8917015480698958,
          "gap_vs_bow": 0.3179390073749253,
          "gap_vs_combined": 0.30757424755830187
        },
        "23": {
          "probe": 0.9008969503687462,
          "gap_vs_bow": 0.3271344096737757,
          "gap_vs_combined": 0.3167696498571523
        },
        "27": {
          "probe": 0.8997475250813899,
          "gap_vs_bow": 0.32598498438641943,
          "gap_vs_combined": 0.315620224569796
        }
      }
    },
    "k2": {
      "n_examples": 868,
      "n_classes": 7,
      "chance": 0.14285714285714285,
      "classes": [
        "identifier",
        "keyword",
        "number",
        "operator",
        "other",
        "string",
        "whitespace"
      ],
      "return_type_baseline": 0.5368679821938741,
      "context_bow": 0.6543950568068566,
      "ret_plus_bow": 0.6359444555179058,
      "probe_by_layer": {
        "0": {
          "probe": 0.7442694837552322,
          "gap_vs_bow": 0.08987442694837555,
          "gap_vs_combined": 0.10832502823732637
        },
        "4": {
          "probe": 0.7580958075875357,
          "gap_vs_bow": 0.10370075078067909,
          "gap_vs_combined": 0.1221513520696299
        },
        "9": {
          "probe": 0.7684406351737426,
          "gap_vs_bow": 0.114045578366886,
          "gap_vs_combined": 0.13249617965583682
        },
        "14": {
          "probe": 0.7845923858879809,
          "gap_vs_bow": 0.13019732908112425,
          "gap_vs_combined": 0.14864793037007507
        },
        "18": {
          "probe": 0.7914889376121188,
          "gap_vs_bow": 0.1370938808052622,
          "gap_vs_combined": 0.155544482094213
        },
        "23": {
          "probe": 0.8134077469935553,
          "gap_vs_bow": 0.15901269018669872,
          "gap_vs_combined": 0.17746329147564954
        },
        "27": {
          "probe": 0.8226164374460169,
          "gap_vs_bow": 0.16822138063916026,
          "gap_vs_combined": 0.18667198192811107
        }
      }
    },
    "k3": {
      "n_examples": 744,
      "n_classes": 7,
      "chance": 0.14285714285714285,
      "classes": [
        "identifier",
        "keyword",
        "number",
        "operator",
        "other",
        "string",
        "whitespace"
      ],
      "return_type_baseline": 0.42876836568111737,
      "context_bow": 0.4973335751859242,
      "ret_plus_bow": 0.5873934337021586,
      "probe_by_layer": {
        "0": {
          "probe": 0.6585615817159443,
          "gap_vs_bow": 0.16122800653002006,
          "gap_vs_combined": 0.07116814801378568
        },
        "4": {
          "probe": 0.7029022310901506,
          "gap_vs_bow": 0.2055686559042264,
          "gap_vs_combined": 0.11550879738799202
        },
        "9": {
          "probe": 0.6800925086159986,
          "gap_vs_bow": 0.18275893343007438,
          "gap_vs_combined": 0.09269907491384
        },
        "14": {
          "probe": 0.696236169054961,
          "gap_vs_bow": 0.1989025938690368,
          "gap_vs_combined": 0.10884273535280242
        },
        "18": {
          "probe": 0.7244512969345185,
          "gap_vs_bow": 0.2271177217485943,
          "gap_vs_combined": 0.1370578632323599
        },
        "23": {
          "probe": 0.752693633230546,
          "gap_vs_bow": 0.25536005804462186,
          "gap_vs_combined": 0.16530019952838748
        },
        "27": {
          "probe": 0.7473335751859242,
          "gap_vs_bow": 0.25000000000000006,
          "gap_vs_combined": 0.15994014148376567
        }
      }
    },
    "k5": {
      "n_examples": 620,
      "n_classes": 7,
      "chance": 0.14285714285714285,
      "classes": [
        "identifier",
        "keyword",
        "number",
        "operator",
        "other",
        "string",
        "whitespace"
      ],
      "return_type_baseline": 0.5129032258064516,
      "context_bow": 0.5741935483870968,
      "ret_plus_bow": 0.5854838709677419,
      "probe_by_layer": {
        "0": {
          "probe": 0.6419354838709678,
          "gap_vs_bow": 0.06774193548387097,
          "gap_vs_combined": 0.05645161290322587
        },
        "4": {
          "probe": 0.6564516129032258,
          "gap_vs_bow": 0.08225806451612905,
          "gap_vs_combined": 0.07096774193548394
        },
        "9": {
          "probe": 0.6516129032258065,
          "gap_vs_bow": 0.07741935483870965,
          "gap_vs_combined": 0.06612903225806455
        },
        "14": {
          "probe": 0.6451612903225806,
          "gap_vs_bow": 0.07096774193548383,
          "gap_vs_combined": 0.05967741935483872
        },
        "18": {
          "probe": 0.6822580645161291,
          "gap_vs_bow": 0.10806451612903234,
          "gap_vs_combined": 0.09677419354838723
        },
        "23": {
          "probe": 0.6709677419354839,
          "gap_vs_bow": 0.09677419354838712,
          "gap_vs_combined": 0.08548387096774201
        },
        "27": {
          "probe": 0.682258064516129,
          "gap_vs_bow": 0.10806451612903223,
          "gap_vs_combined": 0.09677419354838712
        }
      }
    }
  },
  "natural_text": {
    "k1": {
      "n_examples": 894,
      "n_classes": 5,
      "chance": 0.2,
      "bow": 0.7874772456217437,
      "classes": [
        "identifier",
        "keyword",
        "operator",
        "other",
        "whitespace"
      ],
      "probe_by_layer": {
        "0": {
          "probe": 0.7170422446801833,
          "gap_bow": -0.07043500094156041
        },
        "4": {
          "probe": 0.7449752055740381,
          "gap_bow": -0.042502040047705636
        },
        "9": {
          "probe": 0.7695687653003579,
          "gap_bow": -0.01790848032138581
        },
        "14": {
          "probe": 0.7561546670014437,
          "gap_bow": -0.03132257862029997
        },
        "18": {
          "probe": 0.7707174690854309,
          "gap_bow": -0.016759776536312776
        },
        "23": {
          "probe": 0.7919527964346242,
          "gap_bow": 0.0044755508128805355
        },
        "27": {
          "probe": 0.7718410645910488,
          "gap_bow": -0.015636181030694862
        }
      }
    },
    "k2": {
      "n_examples": 810,
      "n_classes": 7,
      "chance": 0.14285714285714285,
      "bow": 0.7481481481481482,
      "classes": [
        "identifier",
        "keyword",
        "number",
        "operator",
        "other",
        "string",
        "whitespace"
      ],
      "probe_by_layer": {
        "0": {
          "probe": 0.6333333333333333,
          "gap_bow": -0.11481481481481493
        },
        "4": {
          "probe": 0.6469135802469136,
          "gap_bow": -0.10123456790123464
        },
        "9": {
          "probe": 0.6555555555555556,
          "gap_bow": -0.09259259259259267
        },
        "14": {
          "probe": 0.6641975308641974,