{
  "model": "gpt2-medium",
  "n_layers": 24,
  "d_model": 1024,
  "n_examples": 507,
  "pca_dim": 128,
  "n_boot": 1000,
  "behavioral": {
    "code_return": {
      "n": 507,
      "task_accuracy": 0.0,
      "exact_match": 0.0,
      "any_valid": 0.0
    }
  },
  "behavioral_per_type": {
    "int": 0.0,
    "str": 0.0,
    "bool": 0.0,
    "list": 0.0,
    "float": 0.0
  },
  "probing": {
    "layer_0": {
      "probe": 0.6588235294117648,
      "ci_lo": 0.5846067415730337,
      "ci_hi": 0.7078981311625773,
      "bow": 0.7476800621238594,
      "name_only": 0.6154921374490391,
      "name_params": 0.8046981168705105,
      "gap_name": 0.04333139196272573,
      "gap_name_params": -0.1458745874587457,
      "p_vs_name": 0.17600000000000005,
      "p_vs_name_params": 1.0,
      "best_pos": 10,
      "valid_boots": 1000
    },
    "layer_6": {
      "probe": 0.7613278974956318,
      "ci_lo": 0.6720348647768002,
      "ci_hi": 0.7978156609696547,
      "bow": 0.7456610366919044,
      "name_only": 0.6665695981362842,
      "name_params": 0.8737914967967384,
      "gap_name": 0.09475829935934754,
      "gap_name_params": -0.11246359930110661,
      "p_vs_name": 0.007000000000000006,
      "p_vs_name_params": 0.997,
      "best_pos": 9,
      "valid_boots": 1000
    },
    "layer_12": {
      "probe": 0.7751310425160163,
      "ci_lo": 0.675392670157068,
      "ci_hi": 0.7923497267759563,
      "bow": 0.7496602601436614,
      "name_only": 0.633080955154339,
      "name_params": 0.8540671714230246,
      "gap_name": 0.14205008736167724,
      "gap_name_params": -0.0789361289070083,
      "p_vs_name": 0.006000000000000005,
      "p_vs_name_params": 0.999,
      "best_pos": 7,
      "valid_boots": 1000
    },
    "layer_18": {
      "probe": 0.7671520093185789,
      "ci_lo": 0.6847753429435015,
      "ci_hi": 0.8000261780104713,
      "bow": 0.7476800621238594,
      "name_only": 0.6291788002329646,
      "name_params": 0.8560085420306736,
      "gap_name": 0.13797320908561428,
      "gap_name_params": -0.0888565327120947,
      "p_vs_name": 0.0040000000000000036,
      "p_vs_name_params": 0.995,
      "best_pos": 10,
      "valid_boots": 1000
    },
    "layer_22": {
      "probe": 0.7732090856144437,
      "ci_lo": 0.7112123557556994,
      "ci_hi": 0.8177046020278065,
      "bow": 0.7476800621238594,
      "name_only": 0.6508250825082509,
      "name_params": 0.8757134536983109,
      "gap_name": 0.1223840031061928,
      "gap_name_params": -0.1025043680838672,
      "p_vs_name": 0.0010000000000000009,
      "p_vs_name_params": 0.994,
      "best_pos": 10,
      "valid_boots": 1000
    },
    "layer_23": {
      "probe": 0.7869345758105222,
      "ci_lo": 0.7119565217391305,
      "ci_hi": 0.8260869565217391,
      "bow": 0.7476800621238594,
      "name_only": 0.6489225393127549,
      "name_params": 0.8560085420306736,
      "gap_name": 0.13801203649776728,
      "gap_name_params": -0.06907396622015138,
      "p_vs_name": 0.0,
      "p_vs_name_params": 0.99,
      "best_pos": 10,
      "valid_boots": 1000
    }
  },
  "nonsense_L0": {
    "probe": 0.42603377984857305
  },
  "nonsense_L6": {
    "probe": 0.49689380702776165
  },
  "nonsense_L12": {
    "probe": 0.4772471364783537
  },
  "nonsense_L18": {
    "probe": 0.4753640069889341
  },
  "nonsense_L22": {
    "probe": 0.47332556785090274
  },
  "nonsense_L23": {
    "probe": 0.46946224034168116
  },
  "cross_task_transfer": {
    "layer_0": {
      "train_acc": 0.854043392504931,
      "rhyme_pred_distribution": {
        "bool": 0,
        "float": 90,
        "int": 0,
        "list": 60,
        "str": 0
      }
    },
    "layer_6": {
      "train_acc": 0.9861932938856016,
      "rhyme_pred_distribution": {
        "bool": 60,
        "float": 0,
        "int": 0,
        "list": 60,
        "str": 30
      }
    },
    "layer_12": {
      "train_acc": 0.9881656804733728,
      "rhyme_pred_distribution": {
        "bool": 60,
        "float": 30,
        "int": 60,
        "list": 0,
        "str": 0
      }
    },
    "layer_18": {
      "train_acc": 0.9960552268244576,
      "rhyme_pred_distribution": {
        "bool": 30,
        "float": 30,
        "int": 0,
        "list": 0,
        "str": 90
      }
    },
    "layer_22": {
      "train_acc": 0.9980276134122288,
      "rhyme_pred_distribution": {
        "bool": 82,
        "float": 38,
        "int": 0,
        "list": 0,
        "str": 30
      }
    },
    "layer_23": {
      "train_acc": 0.9980276134122288,
      "rhyme_pred_distribution": {
        "bool": 90,
        "float": 0,
        "int": 0,
        "list": 0,
        "str": 60
      }
    }
  },
  "rhyme_behavioral": {
    "rhyme": {
      "n": 90,
      "task_accuracy": 0.022222222222222223,
      "exact_match": 0.0,
      "any_valid": 0.022222222222222223
    }
  },
  "steering_fp32": [
    {
      "alpha": 1.0,
      "layer": 0,
      "kl": 0.010363309644162655,
      "sig": "def add(a, b):",
      "orig_top5": [
        " ",
        " =",
        "\n",
        "\u00a0",
        " *"
      ],
      "steered_top5": [
        " ",
        " =",
        "\n",
        "\u00a0",
        " \u00a0"
      ]
    },
    {
      "alpha": 1.0,
      "layer": 0,
      "kl": 0.012579281814396381,
      "sig": "def subtract(a, b):",
      "orig_top5": [
        " ",
        " =",
        "\n",
        "\u00a0",
        " x"
      ],
      "steered_top5": [
        " ",
        " =",
        "\n",
        "\u00a0",
        " x"
      ]
    },
    {
      "alpha": 1.0,
      "layer": 18,
      "kl": 0.054070815443992615,
      "sig": "def add(a, b):",
      "orig_top5": [
        " ",
        " =",
        "\n",
        "\u00a0",
        " *"
      ],
      "steered_top5": [
        " ",
        "\n",
        " =",
        "\u00a0",
        " __"
      ]
    },
    {
      "alpha": 1.0,
      "layer": 18,
      "kl": 0.06383634358644485,
      "sig": "def subtract(a, b):",
      "orig_top5": [
        " ",
        " =",
        "\n",
        "\u00a0",
        " x"
      ],
      "steered_top5": [
        " ",
        "\n",
        " =",
        "\u00a0",
        " __"
      ]
    },
    {
      "alpha": 1.0,
      "layer": 23,
      "kl": 0.06370432674884796,
      "sig": "def add(a, b):",
      "orig_top5": [
        " ",
        " =",
        "\n",
        "\u00a0",
        " *"
      ],
      "steered_top5": [
        " ",
        "\n",
        " =",
        "\u00a0",
        " \u00a0"
      ]
    },
    {
      "alpha": 1.0,
      "layer": 23,
      "kl": 0.06793081760406494,
      "sig": "def subtract(a, b):",
      "orig_top5": [
        " ",
        " =",
        "\n",
        "\u00a0",
        " x"
      ],
      "steered_top5": [
        " ",
        "\n",
        " =",
        "\u00a0",
        " \u00a0"
      ]
    },
    {
      "alpha": 3.0,
      "layer": 0,
      "kl": 0.17689895629882812,
      "sig": "def add(a, b):",
      "orig_top5": [
        " ",
        " =",
        "\n",
        "\u00a0",
        " *"
      ],
      "steered_top5": [
        " ",
        "\n",
        " =",
        "\u00a0",
        " if"
      ]
    },
    {
      "alpha": 3.0,
      "layer": 0,
      "kl": 0.12552177906036377,
      "sig": "def subtract(a, b):",
      "orig_top5": [
        " ",
        " =",
        "\n",
        "\u00a0",
        " x"
      ],
      "steered_top5": [
        " ",
        " =",
        "\n",
        "\u00a0",
        " if"
      ]
    },
    {
      "alpha": 3.0,
      "layer": 18,
      "kl": 0.3424844741821289,
      "sig": "def add(a, b):",
      "orig_top5": [
        " ",
        " =",
        "\n",
        "\u00a0",
        " *"
      ],
      "steered_top5": [
        " ",
        "\n",
        "\u00a0",
        " =",
        " __"
      ]
    },
    {
      "alpha": 3.0,
      "layer": 18,
      "kl": 0.3954760432243347,
      "sig": "def subtract(a, b):",