{
  "model": "gpt2",
  "n_layers": 12,
  "d_model": 768,
  "n_examples": 507,
  "pca_dim": 128,
  "n_boot": 1000,
  "behavioral": {
    "code_return": {
      "n": 507,
      "task_accuracy": 0.0,
      "exact_match": 0.0,
      "any_valid": 0.0
    }
  },
  "behavioral_per_type": {
    "int": 0.0,
    "str": 0.0,
    "bool": 0.0,
    "list": 0.0,
    "float": 0.0
  },
  "probing": {
    "layer_0": {
      "probe": 0.6983692486895748,
      "ci_lo": 0.6165712085142137,
      "ci_hi": 0.7384673366834171,
      "bow": 0.7476800621238594,
      "name_only": 0.6369831100757135,
      "name_params": 0.8085808580858085,
      "gap_name": 0.06138613861386133,
      "gap_name_params": -0.11021160939623365,
      "p_vs_name": 0.03400000000000003,
      "p_vs_name_params": 1.0,
      "best_pos": 10,
      "valid_boots": 1000
    },
    "layer_3": {
      "probe": 0.7317219957289846,
      "ci_lo": 0.6649193084402508,
      "ci_hi": 0.7833552631578947,
      "bow": 0.7476800621238594,
      "name_only": 0.6173364395263057,
      "name_params": 0.8265191225004853,
      "gap_name": 0.11438555620267887,
      "gap_name_params": -0.09479712677150076,
      "p_vs_name": 0.0010000000000000009,
      "p_vs_name_params": 0.995,
      "best_pos": 10,
      "valid_boots": 1000
    },
    "layer_6": {
      "probe": 0.7691516210444573,
      "ci_lo": 0.7052565789473684,
      "ci_hi": 0.8196859458463805,
      "bow": 0.7476800621238594,
      "name_only": 0.6172587847019997,
      "name_params": 0.8460298971073577,
      "gap_name": 0.15189283634245765,
      "gap_name_params": -0.07687827606290032,
      "p_vs_name": 0.0,
      "p_vs_name_params": 0.982,
      "best_pos": 10,
      "valid_boots": 1000
    },
    "layer_9": {
      "probe": 0.8028344010871675,
      "ci_lo": 0.6951759076836477,
      "ci_hi": 0.807497205353636,
      "bow": 0.7495437779072024,
      "name_only": 0.6074354494272958,
      "name_params": 0.8422053970102892,
      "gap_name": 0.19539895165987176,
      "gap_name_params": -0.039370995923121654,
      "p_vs_name": 0.0,
      "p_vs_name_params": 0.992,
      "best_pos": 6,
      "valid_boots": 1000
    },
    "layer_10": {
      "probe": 0.7731896719083673,
      "ci_lo": 0.6896506352087115,
      "ci_hi": 0.8064560684369987,
      "bow": 0.7495437779072024,
      "name_only": 0.6093379926227918,
      "name_params": 0.8422442244224422,
      "gap_name": 0.16385167928557554,
      "gap_name_params": -0.06905455251407489,
      "p_vs_name": 0.0,
      "p_vs_name_params": 0.995,
      "best_pos": 6,
      "valid_boots": 1000
    },
    "layer_11": {
      "probe": 0.7909337992622791,
      "ci_lo": 0.7134471145361492,
      "ci_hi": 0.8223567602434305,
      "bow": 0.7495437779072024,
      "name_only": 0.6172005435837702,
      "name_params": 0.8324597165598913,
      "gap_name": 0.17373325567850895,
      "gap_name_params": -0.041525917297612125,
      "p_vs_name": 0.0,
      "p_vs_name_params": 0.965,
      "best_pos": 6,
      "valid_boots": 1000
    }
  },
  "nonsense_L0": {
    "probe": 0.4556396816152203
  },
  "nonsense_L3": {
    "probe": 0.5167346146379344
  },
  "nonsense_L6": {
    "probe": 0.47932440302853807
  },
  "nonsense_L9": {
    "probe": 0.49116676373519697
  },
  "nonsense_L10": {
    "probe": 0.48336245389244803
  },
  "nonsense_L11": {
    "probe": 0.48138225587264605
  },
  "cross_task_transfer": {
    "layer_0": {
      "train_acc": 0.893491124260355,
      "rhyme_pred_distribution": {
        "bool": 120,
        "float": 0,
        "int": 30,
        "list": 0,
        "str": 0
      }
    },
    "layer_3": {
      "train_acc": 0.9743589743589743,
      "rhyme_pred_distribution": {
        "bool": 90,
        "float": 60,
        "int": 0,
        "list": 0,
        "str": 0
      }
    },
    "layer_6": {
      "train_acc": 0.9921104536489151,
      "rhyme_pred_distribution": {
        "bool": 60,
        "float": 0,
        "int": 0,
        "list": 0,
        "str": 90
      }
    },
    "layer_9": {
      "train_acc": 0.9980276134122288,
      "rhyme_pred_distribution": {
        "bool": 66,
        "float": 50,
        "int": 0,
        "list": 34,
        "str": 0
      }
    },
    "layer_10": {
      "train_acc": 0.9980276134122288,
      "rhyme_pred_distribution": {
        "bool": 30,
        "float": 90,
        "int": 0,
        "list": 0,
        "str": 30
      }
    },
    "layer_11": {
      "train_acc": 0.9980276134122288,
      "rhyme_pred_distribution": {
        "bool": 4,
        "float": 30,
        "int": 0,
        "list": 86,
        "str": 30
      }
    }
  },
  "rhyme_behavioral": {
    "rhyme": {
      "n": 90,
      "task_accuracy": 0.022222222222222223,
      "exact_match": 0.011111111111111112,
      "any_valid": 0.022222222222222223
    }
  },
  "steering_fp32": [
    {
      "alpha": 1.0,
      "layer": 0,
      "kl": 0.014183721505105495,
      "sig": "def add(a, b):",
      "orig_top5": [
        " ",
        "\u00a0",
        " =",
        "\n",
        " \u00a0"
      ],
      "steered_top5": [
        " ",
        "\u00a0",
        " =",
        "\n",
        " \u00a0"
      ]
    },
    {
      "alpha": 1.0,
      "layer": 0,
      "kl": 0.020485656335949898,
      "sig": "def subtract(a, b):",
      "orig_top5": [
        " ",
        "\u00a0",
        " =",
        "\n",
        " return"
      ],
      "steered_top5": [
        " ",
        "\u00a0",
        " =",
        " return",
        "\n"
      ]
    },
    {
      "alpha": 1.0,
      "layer": 9,
      "kl": 0.1339481621980667,
      "sig": "def add(a, b):",
      "orig_top5": [
        " ",
        "\u00a0",
        " =",
        "\n",
        " \u00a0"
      ],
      "steered_top5": [
        " ",
        "\u00a0",
        "\n",
        " =",
        " \u00a0"
      ]
    },
    {
      "alpha": 1.0,
      "layer": 9,
      "kl": 0.17071667313575745,
      "sig": "def subtract(a, b):",
      "orig_top5": [
        " ",
        "\u00a0",
        " =",
        "\n",
        " return"
      ],
      "steered_top5": [
        " ",
        "\u00a0",
        "\n",
        " =",
        " return"
      ]
    },
    {
      "alpha": 1.0,
      "layer": 11,
      "kl": 0.0726940780878067,
      "sig": "def add(a, b):",
      "orig_top5": [
        " ",
        "\u00a0",
        " =",
        "\n",
        " \u00a0"
      ],
      "steered_top5": [
        " ",
        "\u00a0",
        "\n",
        " =",
        " return"
      ]
    },
    {
      "alpha": 1.0,
      "layer": 11,
      "kl": 0.07290292531251907,
      "sig": "def subtract(a, b):",
      "orig_top5": [
        " ",
        "\u00a0",
        " =",
        "\n",
        " return"
      ],
      "steered_top5": [
        " ",
        "\n",
        "\u00a0",
        " =",
        " return"
      ]
    },
    {
      "alpha": 3.0,
      "layer": 0,
      "kl": 0.08718369156122208,
      "sig": "def add(a, b):",
      "orig_top5": [
        " ",
        "\u00a0",
        " =",
        "\n",
        " \u00a0"
      ],
      "steered_top5": [
        " ",
        "\u00a0",
        "\n",
        " =",
        " \""
      ]
    },
    {
      "alpha": 3.0,
      "layer": 0,
      "kl": 0.07052822411060333,
      "sig": "def subtract(a, b):",
      "orig_top5": [
        " ",
        "\u00a0",
        " =",
        "\n",
        " return"
      ],
      "steered_top5": [
        " ",
        "\u00a0",
        " =",
        "\n",
        " return"
      ]
    },
    {
      "alpha": 3.0,
      "layer": 9,
      "kl": 1.08913254737854,
      "sig": "def add(a, b):",
      "orig_top5": [
        " ",
        "\u00a0",
        " =",
        "\n",
        " \u00a0"
      ],
      "steered_top5": [
        " ",
        "\n",
        " \"",
        "\u00a0",
        " ."
      ]
    },
    {
      "alpha": 3.0,
      "layer": 9,
      "kl": 0.9551049470901489,
      "sig": "def subtract(a, b):",