{
  "model": "gpt2-xl",
  "n_layers": 48,
  "d_model": 1600,
  "n_examples": 507,
  "pca_dim": 128,
  "n_boot": 1000,
  "behavioral": {
    "code_return": {
      "n": 507,
      "task_accuracy": 0.0,
      "exact_match": 0.0,
      "any_valid": 0.0
    }
  },
  "behavioral_per_type": {
    "int": 0.0,
    "str": 0.0,
    "bool": 0.0,
    "list": 0.0,
    "float": 0.0
  },
  "probing": {
    "layer_0": {
      "probe": 0.749369054552514,
      "ci_lo": 0.6684775342943501,
      "ci_hi": 0.7880513860133425,
      "bow": 0.7476800621238594,
      "name_only": 0.6153756552125802,
      "name_params": 0.8461075519316636,
      "gap_name": 0.13399339933993382,
      "gap_name_params": -0.09673849737914963,
      "p_vs_name": 0.0,
      "p_vs_name_params": 0.998,
      "best_pos": 10,
      "valid_boots": 1000
    },
    "layer_12": {
      "probe": 0.7711318190642593,
      "ci_lo": 0.6781423804226918,
      "ci_hi": 0.7978183474085113,
      "bow": 0.7476800621238594,
      "name_only": 0.6351582217045235,
      "name_params": 0.863909920403805,
      "gap_name": 0.1359735973597358,
      "gap_name_params": -0.09277810133954567,
      "p_vs_name": 0.0010000000000000009,
      "p_vs_name_params": 1.0,
      "best_pos": 10,
      "valid_boots": 1000
    },
    "layer_24": {
      "probe": 0.806658901184236,
      "ci_lo": 0.71875,
      "ci_hi": 0.8333333333333334,
      "bow": 0.7476800621238594,
      "name_only": 0.6645894001164823,
      "name_params": 0.861968549796156,
      "gap_name": 0.14206950106775373,
      "gap_name_params": -0.055309648611920004,
      "p_vs_name": 0.0010000000000000009,
      "p_vs_name_params": 0.993,
      "best_pos": 10,
      "valid_boots": 1000
    },
    "layer_36": {
      "probe": 0.7889341875364007,
      "ci_lo": 0.7235294117647059,
      "ci_hi": 0.8378378378378378,
      "bow": 0.7476800621238594,
      "name_only": 0.6567850902737333,
      "name_params": 0.8738109105028149,
      "gap_name": 0.13214909726266733,
      "gap_name_params": -0.08487672296641424,
      "p_vs_name": 0.0,
      "p_vs_name_params": 0.994,
      "best_pos": 10,
      "valid_boots": 1000
    },
    "layer_46": {
      "probe": 0.8046981168705105,
      "ci_lo": 0.7118455743879473,
      "ci_hi": 0.8235377673796791,
      "bow": 0.7476800621238594,
      "name_only": 0.6746068724519512,
      "name_params": 0.863909920403805,
      "gap_name": 0.13009124441855935,
      "gap_name_params": -0.05921180353329447,
      "p_vs_name": 0.0040000000000000036,
      "p_vs_name_params": 0.997,
      "best_pos": 10,
      "valid_boots": 1000
    },
    "layer_47": {
      "probe": 0.789031256066783,
      "ci_lo": 0.715083047996636,
      "ci_hi": 0.8248768230193141,
      "bow": 0.7476800621238594,
      "name_only": 0.6805086390992041,
      "name_params": 0.8579499126383225,
      "gap_name": 0.10852261696757892,
      "gap_name_params": -0.0689186565715395,
      "p_vs_name": 0.0010000000000000009,
      "p_vs_name_params": 0.994,
      "best_pos": 10,
      "valid_boots": 1000
    }
  },
  "nonsense_L0": {
    "probe": 0.42795573675014553
  },
  "nonsense_L12": {
    "probe": 0.46150262085032023
  },
  "nonsense_L24": {
    "probe": 0.46158027567462623
  },
  "nonsense_L36": {
    "probe": 0.4654241894777713
  },
  "nonsense_L46": {
    "probe": 0.4654241894777713
  },
  "nonsense_L47": {
    "probe": 0.46952048145991065
  },
  "cross_task_transfer": {
    "layer_0": {
      "train_acc": 0.9309664694280079,
      "rhyme_pred_distribution": {
        "bool": 62,
        "float": 0,
        "int": 28,
        "list": 0,
        "str": 60
      }
    },
    "layer_12": {
      "train_acc": 0.9940828402366864,
      "rhyme_pred_distribution": {
        "bool": 90,
        "float": 0,
        "int": 30,
        "list": 0,
        "str": 30
      }
    },
    "layer_24": {
      "train_acc": 0.9980276134122288,
      "rhyme_pred_distribution": {
        "bool": 16,
        "float": 40,
        "int": 0,
        "list": 0,
        "str": 94
      }
    },
    "layer_36": {
      "train_acc": 0.9980276134122288,
      "rhyme_pred_distribution": {
        "bool": 30,
        "float": 60,
        "int": 0,
        "list": 0,
        "str": 60
      }
    },
    "layer_46": {
      "train_acc": 0.9980276134122288,
      "rhyme_pred_distribution": {
        "bool": 30,
        "float": 114,
        "int": 0,
        "list": 4,
        "str": 2
      }
    },
    "layer_47": {
      "train_acc": 0.9980276134122288,
      "rhyme_pred_distribution": {
        "bool": 0,
        "float": 82,
        "int": 0,
        "list": 68,
        "str": 0
      }
    }
  },
  "rhyme_behavioral": {
    "rhyme": {
      "n": 90,
      "task_accuracy": 0.022222222222222223,
      "exact_match": 0.0,
      "any_valid": 0.022222222222222223
    }
  },
  "steering_fp32": [
    {
      "alpha": 1.0,
      "layer": 0,
      "kl": 0.0016632080078125,
      "sig": "def add(a, b):",
      "orig_top5": [
        " ",
        "\u00a0",
        " =",
        "\n",
        " a"
      ],
      "steered_top5": [
        " ",
        "\u00a0",
        " =",
        "\n",
        " a"
      ]
    },
    {
      "alpha": 1.0,
      "layer": 0,
      "kl": 0.002415659837424755,
      "sig": "def subtract(a, b):",
      "orig_top5": [
        " ",
        " a",
        " =",
        "\n",
        "\u00a0"
      ],
      "steered_top5": [
        " ",
        " a",
        " =",
        "\n",
        "\u00a0"
      ]
    },
    {
      "alpha": 1.0,
      "layer": 36,
      "kl": 0.06894342601299286,
      "sig": "def add(a, b):",
      "orig_top5": [
        " ",
        "\u00a0",
        " =",
        "\n",
        " a"
      ],
      "steered_top5": [
        " ",
        "\n",
        "\u00a0",
        " if",
        " \"\"\""
      ]
    },
    {
      "alpha": 1.0,
      "layer": 36,
      "kl": 0.06761974841356277,
      "sig": "def subtract(a, b):",
      "orig_top5": [
        " ",
        " a",
        " =",
        "\n",
        "\u00a0"
      ],
      "steered_top5": [
        " ",
        "\n",
        "\u00a0",
        " if",
        " ="
      ]
    },
    {
      "alpha": 1.0,
      "layer": 47,
      "kl": 0.07677149772644043,
      "sig": "def add(a, b):",
      "orig_top5": [
        " ",
        "\u00a0",
        " =",
        "\n",
        " a"
      ],
      "steered_top5": [
        " ",
        "\n",
        "\u00a0",
        " if",
        " ="
      ]
    },
    {
      "alpha": 1.0,
      "layer": 47,
      "kl": 0.08626113831996918,
      "sig": "def subtract(a, b):",
      "orig_top5": [
        " ",
        " a",
        " =",
        "\n",
        "\u00a0"
      ],
      "steered_top5": [
        " ",
        "\n",
        "\u00a0",
        " =",
        " if"
      ]
    },
    {
      "alpha": 3.0,
      "layer": 0,
      "kl": 0.008253717795014381,
      "sig": "def add(a, b):",
      "orig_top5": [
        " ",
        "\u00a0",
        " =",
        "\n",
        " a"
      ],
      "steered_top5": [
        " ",
        "\u00a0",
        " a",
        " =",
        "\n"
      ]
    },
    {
      "alpha": 3.0,
      "layer": 0,
      "kl": 0.016741344705224037,
      "sig": "def subtract(a, b):",
      "orig_top5": [
        " ",
        " a",
        " =",
        "\n",
        "\u00a0"
      ],
      "steered_top5": [
        " ",
        " a",
        " =",
        "\u00a0",
        "\n"
      ]
    },
    {
      "alpha": 3.0,
      "layer": 36,
      "kl": 0.3338339328765869,
      "sig": "def add(a, b):",
      "orig_top5": [
        " ",
        "\u00a0",
        " =",
        "\n",
        " a"
      ],
      "steered_top5": [
        " ",
        "\n",
        "\u00a0",
        " \"\"\"",
        " \u00a0"
      ]
    },
    {
      "alpha": 3.0,
      "layer": 36,
      "kl": 0.37753358483314514,
      "sig": "def subtract(a, b):",
      "orig_top5": [
        " ",
        " a",
        " =",
        "\n",
        "\u00a0"
      ],