{
  "model": "EleutherAI/gpt-j-6b",
  "free_prose": {
    "domain": "free_prose",
    "n_prompts": 10,
    "k1": {
      "n_examples": 133,
      "n_classes": 9,
      "chance": 0.22556390977443608,
      "context": 0.6173789173789174,
      "best_probe": 0.8347578347578347,
      "best_layer": 23,
      "gap": 0.21737891737891735
    },
    "k3": {
      "n_examples": 128,
      "n_classes": 9,
      "chance": 0.2265625,
      "context": 0.4446153846153845,
      "best_probe": 0.6335384615384616,
      "best_layer": 4,
      "gap": 0.18892307692307708
    }
  },
  "structured_prose": {
    "domain": "structured_prose",
    "n_prompts": 10,
    "k1": {
      "n_examples": 103,
      "n_classes": 5,
      "chance": 0.2815533980582524,
      "context": 0.7285714285714285,
      "best_probe": 0.9419047619047619,
      "best_layer": 27,
      "gap": 0.21333333333333337
    },
    "k3": {
      "n_examples": 100,
      "n_classes": 5,
      "chance": 0.28,
      "context": 0.6199999999999999,
      "best_probe": 0.7300000000000001,
      "best_layer": 4,
      "gap": 0.11000000000000021
    }
  },
  "chain_of_thought": {
    "domain": "chain_of_thought",
    "n_prompts": 10,
    "k1": {
      "n_examples": 122,
      "n_classes": 6,
      "chance": 0.4918032786885246,
      "context": 0.68,
      "best_probe": 0.9833333333333334,
      "best_layer": 27,
      "gap": 0.30333333333333334
    },
    "k3": {
      "n_examples": 118,
      "n_classes": 6,
      "chance": 0.4830508474576271,
      "context": 0.5927536231884057,
      "best_probe": 0.8731884057971016,
      "best_layer": 14,
      "gap": 0.2804347826086958
    }
  },
  "code": {
    "domain": "code",
    "n_prompts": 10,
    "k1": {
      "n_examples": 151,
      "n_classes": 3,
      "chance": 0.695364238410596,
      "context": 0.7683870967741935,
      "best_probe": 0.9933333333333334,
      "best_layer": 27,
      "gap": 0.22494623655913992
    },
    "k3": {
      "n_examples": 145,
      "n_classes": 3,
      "chance": 0.7034482758620689,
      "context": 0.7448275862068965,
      "best_probe": 0.8551724137931034,
      "best_layer": 9,
      "gap": 0.1103448275862069
    }
  },
  "poetry": {
    "domain": "poetry",
    "n_prompts": 10,
    "k1": {
      "n_examples": 91,
      "n_classes": 8,
      "chance": 0.17582417582417584,
      "context": 0.48304093567251466,
      "best_probe": 0.8017543859649123,
      "best_layer": 27,
      "gap": 0.31871345029239767
    },
    "k3": {
      "n_examples": 88,
      "n_classes": 8,
      "chance": 0.18181818181818182,
      "context": 0.4196078431372549,
      "best_probe": 0.40784313725490196,
      "best_layer": 4,
      "gap": -0.011764705882352955
    }
  }
}