{
  "model": "meta-llama/Llama-3.2-1B",
  "n_layers": 16,
  "d_model": 2048,
  "n_examples": 507,
  "pca_dim": 128,
  "n_boot": 1000,
  "behavioral": {
    "code_return": {
      "n": 507,
      "task_accuracy": 0.3155818540433925,
      "exact_match": 0.3155818540433925,
      "any_valid": 0.3155818540433925
    }
  },
  "behavioral_per_type": {
    "int": 0.54,
    "str": 0.18446601941747573,
    "bool": 0.6826923076923077,
    "list": 0.08823529411764706,
    "float": 0.07142857142857142
  },
  "probing": {
    "layer_0": {
      "probe": 0.7179770918268297,
      "ci_lo": 0.632418324918325,
      "ci_hi": 0.748758352376269,
      "bow": 0.5561638516792856,
      "name_only": 0.7179770918268297,
      "name_params": 0.8520675596971461,
      "gap_name": 0.0,
      "gap_name_params": -0.13409046787031642,
      "p_vs_name": 1.0,
      "p_vs_name_params": 1.0,
      "best_pos": 2,
      "valid_boots": 1000
    },
    "layer_4": {
      "probe": 0.8402834401087167,
      "ci_lo": 0.7720136855147556,
      "ci_hi": 0.8691099476439791,
      "bow": 0.7061541448262474,
      "name_only": 0.7179188507086003,
      "name_params": 0.9309648611920016,
      "gap_name": 0.12236458940011641,
      "gap_name_params": -0.09068142108328492,
      "p_vs_name": 0.0030000000000000027,
      "p_vs_name_params": 1.0,
      "best_pos": 3,
      "valid_boots": 1000
    },
    "layer_8": {
      "probe": 0.865851291011454,
      "ci_lo": 0.7783776818055169,
      "ci_hi": 0.8783068783068783,
      "bow": 0.7061541448262474,
      "name_only": 0.7475053387691709,
      "name_params": 0.9369248689574838,
      "gap_name": 0.11834595224228306,
      "gap_name_params": -0.07107357794602986,
      "p_vs_name": 0.0010000000000000009,
      "p_vs_name_params": 1.0,
      "best_pos": 3,
      "valid_boots": 1000
    },
    "layer_12": {
      "probe": 0.8204620462046204,
      "ci_lo": 0.7322333953016732,
      "ci_hi": 0.8461842105263158,
      "bow": 0.7692681032809162,
      "name_only": 0.7218792467482043,
      "name_params": 0.9211026985051447,
      "gap_name": 0.09858279945641613,
      "gap_name_params": -0.10064065230052432,
      "p_vs_name": 0.02200000000000002,
      "p_vs_name_params": 1.0,
      "best_pos": 4,
      "valid_boots": 1000
    },
    "layer_14": {
      "probe": 0.8224228305183459,
      "ci_lo": 0.7277367920038078,
      "ci_hi": 0.8387141577060933,
      "bow": 0.7692681032809162,
      "name_only": 0.7140166957872258,
      "name_params": 0.9013977868375072,
      "gap_name": 0.10840613473112004,
      "gap_name_params": -0.0789749563191613,
      "p_vs_name": 0.02400000000000002,
      "p_vs_name_params": 1.0,
      "best_pos": 4,
      "valid_boots": 1000
    },
    "layer_15": {
      "probe": 0.8106387109299165,
      "ci_lo": 0.7305699481865285,
      "ci_hi": 0.842391304347826,
      "bow": 0.7692681032809162,
      "name_only": 0.7297806251213356,
      "name_params": 0.9033973985633856,
      "gap_name": 0.08085808580858089,
      "gap_name_params": -0.09275868763346917,
      "p_vs_name": 0.02100000000000002,
      "p_vs_name_params": 1.0,
      "best_pos": 4,
      "valid_boots": 1000
    }
  },
  "nonsense_L0": {
    "probe": 0.4535818287711124
  },
  "nonsense_L4": {
    "probe": 0.46344399145796933
  },
  "nonsense_L8": {
    "probe": 0.45956125024267125
  },
  "nonsense_L12": {
    "probe": 0.4654047757716948
  },
  "nonsense_L14": {
    "probe": 0.46948165404775766
  },
  "nonsense_L15": {
    "probe": 0.44764123471170647
  },
  "cross_task_transfer": {
    "layer_0": {
      "train_acc": 0.8757396449704142,
      "rhyme_pred_distribution": {
        "bool": 120,
        "float": 30,
        "int": 0,
        "list": 0,
        "str": 0
      }
    },
    "layer_4": {
      "train_acc": 1.0,
      "rhyme_pred_distribution": {
        "bool": 24,
        "float": 6,
        "int": 120,
        "list": 0,
        "str": 0
      }
    },
    "layer_8": {
      "train_acc": 1.0,
      "rhyme_pred_distribution": {
        "bool": 30,
        "float": 90,
        "int": 30,
        "list": 0,
        "str": 0
      }
    },
    "layer_12": {
      "train_acc": 1.0,
      "rhyme_pred_distribution": {
        "bool": 0,
        "float": 120,
        "int": 30,
        "list": 0,
        "str": 0
      }
    },
    "layer_14": {
      "train_acc": 1.0,
      "rhyme_pred_distribution": {
        "bool": 10,
        "float": 108,
        "int": 0,
        "list": 30,
        "str": 2
      }
    },
    "layer_15": {
      "train_acc": 1.0,
      "rhyme_pred_distribution": {
        "bool": 20,
        "float": 40,
        "int": 90,
        "list": 0,
        "str": 0
      }
    }
  },
  "rhyme_behavioral": {
    "rhyme": {
      "n": 90,
      "task_accuracy": 0.1111111111111111,
      "exact_match": 0.0,
      "any_valid": 0.1111111111111111
    }
  },
  "steering_fp32": [
    {
      "alpha": 1.0,
      "layer": 0,
      "kl": 0.8486169576644897,
      "sig": "def add(a, b):",
      "orig_top5": [
        " \"\"\"",
        " \"\"\"\n",
        " return",
        " c",
        "\treturn"
      ],
      "steered_top5": [
        " \"\"\"",
        " return",
        " if",
        " c",
        " \"\"\"\n"
      ]
    },
    {
      "alpha": 1.0,
      "layer": 0,
      "kl": 1.1952786445617676,
      "sig": "def subtract(a, b):",
      "orig_top5": [
        " \"\"\"",
        " \"\"\"\n",
        " return",
        " c",
        " #"
      ],
      "steered_top5": [
        " \"\"\"",
        " a",
        " c",
        " return",
        " \"\"\"\n"
      ]
    },
    {
      "alpha": 1.0,
      "layer": 12,
      "kl": 14.137717247009277,
      "sig": "def add(a, b):",
      "orig_top5": [
        " \"\"\"",
        " \"\"\"\n",
        " return",
        " c",
        "\treturn"
      ],
      "steered_top5": [
        "201",
        "1",
        "5",
        "202",
        " "
      ]
    },
    {
      "alpha": 1.0,
      "layer": 12,
      "kl": 14.325498580932617,
      "sig": "def subtract(a, b):",
      "orig_top5": [
        " \"\"\"",
        " \"\"\"\n",
        " return",
        " c",
        " #"
      ],
      "steered_top5": [
        "201",
        "202",
        "5",
        "7",
        "1"
      ]
    },
    {
      "alpha": 1.0,
      "layer": 15,
      "kl": 0.1011868491768837,
      "sig": "def add(a, b):",
      "orig_top5": [
        " \"\"\"",
        " \"\"\"\n",
        " return",
        " c",
        "\treturn"
      ],
      "steered_top5": [
        " \"\"\"",
        " \"\"\"\n",
        " return",
        "\t",
        "\treturn"
      ]
    },
    {
      "alpha": 1.0,
      "layer": 15,
      "kl": 0.044373586773872375,
      "sig": "def subtract(a, b):",
      "orig_top5": [
        " \"\"\"",
        " \"\"\"\n",
        " return",
        " c",
        " #"
      ],
      "steered_top5": [
        " \"\"\"",
        " \"\"\"\n",
        "\t",
        " return",
        " #"
      ]
    },
    {
      "alpha": 3.0,
      "layer": 0,
      "kl": 11.629688262939453,
      "sig": "def add(a, b):",
      "orig_top5": [
        " \"\"\"",
        " \"\"\"\n",
        " return",
        " c",
        "\treturn"
      ],
      "steered_top5": [
        "def",
        "Question",
        " ",
        "#",
        "import"
      ]
    },
    {
      "alpha": 3.0,
      "layer": 0,
      "kl": 12.073784828186035,
      "sig": "def subtract(a, b):",
      "orig_top5": [
        " \"\"\"",
        " \"\"\"\n",
        " return",
        " c",
        " #"
      ],
      "steered_top5": [
        "def",
        "Question",
        " ",
        "#",
        "import"
      ]
    },
    {
      "alpha": 3.0,
      "layer": 12,
      "kl": 14.830204010009766,
      "sig": "def add(a, b):",
      "orig_top5": [
        " \"\"\"",
        " \"\"\"\n",
        " return",
        " c",
        "\treturn"
      ],