{
  "model": "meta-llama/Llama-3.2-1B-Instruct",
  "n_layers": 16,
  "d_model": 2048,
  "n_examples": 507,
  "pca_dim": 128,
  "n_boot": 1000,
  "behavioral": {
    "code_return": {
      "n": 507,
      "task_accuracy": 0.10453648915187377,
      "exact_match": 0.10453648915187377,
      "any_valid": 0.10453648915187377
    }
  },
  "behavioral_per_type": {
    "int": 0.17,
    "str": 0.04854368932038835,
    "bool": 0.22115384615384615,
    "list": 0.058823529411764705,
    "float": 0.02040816326530612
  },
  "probing": {
    "layer_0": {
      "probe": 0.7298000388274121,
      "ci_lo": 0.648348887293611,
      "ci_hi": 0.7640537678686982,
      "bow": 0.5561638516792856,
      "name_only": 0.7298000388274121,
      "name_params": 0.8756552125800816,
      "gap_name": 0.0,
      "gap_name_params": -0.14585517375266954,
      "p_vs_name": 1.0,
      "p_vs_name_params": 1.0,
      "best_pos": 2,
      "valid_boots": 1000
    },
    "layer_4": {
      "probe": 0.8126771500679479,
      "ci_lo": 0.7582373271889401,
      "ci_hi": 0.8555570409982174,
      "bow": 0.7061541448262474,
      "name_only": 0.7356435643564356,
      "name_params": 0.9270627062706271,
      "gap_name": 0.07703358571151231,
      "gap_name_params": -0.1143855562026792,
      "p_vs_name": 0.009000000000000008,
      "p_vs_name_params": 1.0,
      "best_pos": 3,
      "valid_boots": 1000
    },
    "layer_8": {
      "probe": 0.8363812851873422,
      "ci_lo": 0.7631511123168747,
      "ci_hi": 0.8670593960127404,
      "bow": 0.7692681032809162,
      "name_only": 0.7355853232382061,
      "name_params": 0.9428460493108133,
      "gap_name": 0.10079596194913609,
      "gap_name_params": -0.10646476412347106,
      "p_vs_name": 0.02100000000000002,
      "p_vs_name_params": 1.0,
      "best_pos": 4,
      "valid_boots": 1000
    },
    "layer_12": {
      "probe": 0.810774606872452,
      "ci_lo": 0.7272610121836927,
      "ci_hi": 0.8342541436464088,
      "bow": 0.7061541448262474,
      "name_only": 0.7731702582022907,
      "name_params": 0.9270821199767034,
      "gap_name": 0.03760434867016127,
      "gap_name_params": -0.11630751310425147,
      "p_vs_name": 0.16300000000000003,
      "p_vs_name_params": 1.0,
      "best_pos": 3,
      "valid_boots": 1000
    },
    "layer_14": {
      "probe": 0.806620073772083,
      "ci_lo": 0.7203881048387097,
      "ci_hi": 0.833355614973262,
      "bow": 0.7692681032809162,
      "name_only": 0.7494272956707435,
      "name_params": 0.9132595612502425,
      "gap_name": 0.05719277810133949,
      "gap_name_params": -0.10663948747815954,
      "p_vs_name": 0.09899999999999998,
      "p_vs_name_params": 1.0,
      "best_pos": 4,
      "valid_boots": 1000
    },
    "layer_15": {
      "probe": 0.8126577363618714,
      "ci_lo": 0.7343573335427136,
      "ci_hi": 0.8449404084651269,
      "bow": 0.7061541448262474,
      "name_only": 0.7415453310036886,
      "name_params": 0.9093185789167153,
      "gap_name": 0.07111240535818286,
      "gap_name_params": -0.09666084255484386,
      "p_vs_name": 0.041000000000000036,
      "p_vs_name_params": 1.0,
      "best_pos": 3,
      "valid_boots": 1000
    }
  },
  "nonsense_L0": {
    "probe": 0.45952242283051836
  },
  "nonsense_L4": {
    "probe": 0.44973791496796733
  },
  "nonsense_L8": {
    "probe": 0.44958260531935546
  },
  "nonsense_L12": {
    "probe": 0.4398369248689574
  },
  "nonsense_L14": {
    "probe": 0.4437779072024849
  },
  "nonsense_L15": {
    "probe": 0.43785672684915544
  },
  "cross_task_transfer": {
    "layer_0": {
      "train_acc": 0.8994082840236687,
      "rhyme_pred_distribution": {
        "bool": 60,
        "float": 30,
        "int": 0,
        "list": 0,
        "str": 60
      }
    },
    "layer_4": {
      "train_acc": 1.0,
      "rhyme_pred_distribution": {
        "bool": 48,
        "float": 10,
        "int": 92,
        "list": 0,
        "str": 0
      }
    },
    "layer_8": {
      "train_acc": 1.0,
      "rhyme_pred_distribution": {
        "bool": 0,
        "float": 150,
        "int": 0,
        "list": 0,
        "str": 0
      }
    },
    "layer_12": {
      "train_acc": 1.0,
      "rhyme_pred_distribution": {
        "bool": 0,
        "float": 120,
        "int": 0,
        "list": 30,
        "str": 0
      }
    },
    "layer_14": {
      "train_acc": 0.9980276134122288,
      "rhyme_pred_distribution": {
        "bool": 0,
        "float": 144,
        "int": 4,
        "list": 0,
        "str": 2
      }
    },
    "layer_15": {
      "train_acc": 1.0,
      "rhyme_pred_distribution": {
        "bool": 0,
        "float": 150,
        "int": 0,
        "list": 0,
        "str": 0
      }
    }
  },
  "rhyme_behavioral": {
    "rhyme": {
      "n": 90,
      "task_accuracy": 0.5111111111111111,
      "exact_match": 0.08888888888888889,
      "any_valid": 0.5111111111111111
    }
  },
  "steering_fp32": [
    {
      "alpha": 1.0,
      "layer": 0,
      "kl": 6.486475944519043,
      "sig": "def add(a, b):",
      "orig_top5": [
        " \"\"\"",
        " \"\"\"\n",
        " return",
        " #",
        " result"
      ],
      "steered_top5": [
        "       ",
        " return",
        " \u00c3",
        "           ",
        " }\n"
      ]
    },
    {
      "alpha": 1.0,
      "layer": 0,
      "kl": 7.094080924987793,
      "sig": "def subtract(a, b):",
      "orig_top5": [
        " \"\"\"\n",
        " \"\"\"",
        " return",
        " #",
        " if"
      ],
      "steered_top5": [
        "       ",
        " \u00c3",
        " return",
        "           ",
        "\t"
      ]
    },
    {
      "alpha": 1.0,
      "layer": 12,
      "kl": 11.858753204345703,
      "sig": "def add(a, b):",
      "orig_top5": [
        " \"\"\"",
        " \"\"\"\n",
        " return",
        " #",
        " result"
      ],
      "steered_top5": [
        "-",
        "\\",
        "1",
        " ",
        "   "
      ]
    },
    {
      "alpha": 1.0,
      "layer": 12,
      "kl": 13.31174373626709,
      "sig": "def subtract(a, b):",
      "orig_top5": [
        " \"\"\"\n",
        " \"\"\"",
        " return",
        " #",
        " if"
      ],
      "steered_top5": [
        "-",
        "1",
        "\"",
        "\\",
        "#"
      ]
    },
    {
      "alpha": 1.0,
      "layer": 15,
      "kl": 0.10488534718751907,
      "sig": "def add(a, b):",
      "orig_top5": [
        " \"\"\"",
        " \"\"\"\n",
        " return",
        " #",
        " result"
      ],
      "steered_top5": [
        " \"\"\"",
        " return",
        " \"\"\"\n",
        " #",
        " try"
      ]
    },
    {
      "alpha": 1.0,
      "layer": 15,
      "kl": 0.09228095412254333,
      "sig": "def subtract(a, b):",
      "orig_top5": [
        " \"\"\"\n",
        " \"\"\"",
        " return",
        " #",
        " if"
      ],
      "steered_top5": [
        " \"\"\"\n",
        " \"\"\"",
        " return",
        " #",
        "\treturn"
      ]
    },
    {
      "alpha": 3.0,
      "layer": 0,
      "kl": 8.292892456054688,
      "sig": "def add(a, b):",
      "orig_top5": [
        " \"\"\"",
        " \"\"\"\n",
        " return",
        " #",
        " result"
      ],
      "steered_top5": [
        "Tags",
        "Title",
        "#",
        "def",
        "The"
      ]
    },
    {
      "alpha": 3.0,
      "layer": 0,
      "kl": 8.650782585144043,
      "sig": "def subtract(a, b):",
      "orig_top5": [
        " \"\"\"\n",
        " \"\"\"",
        " return",
        " #",
        " if"
      ],
      "steered_top5": [
        "Tags",
        "Title",
        "#",
        "def",
        "The"
      ]
    },
    {
      "alpha": 3.0,
      "layer": 12,
      "kl": 14.809789657592773,
      "sig": "def add(a, b):",
      "orig_top5": [
        " \"\"\"",
        " \"\"\"\n",
        " return",
        " #",
        " result"
      ],