{
  "qwen7b_future_lens": {
    "model": "Qwen/Qwen2.5-7B",
    "n_layers": 28,
    "d_model": 3584,
    "k1": {
      "n_examples": 708,
      "n_classes": 14,
      "chance": 0.17796610169491525,
      "context": 0.24577964239336728,
      "probe": 0.8489161921885925,
      "layer": 27,
      "gap": 0.6031365497952252
    },
    "k2": {
      "n_examples": 697,
      "n_classes": 14,
      "chance": 0.1793400286944046,
      "context": 0.21232271325796503,
      "probe": 0.43764645426515936,
      "layer": 23,
      "gap": 0.22532374100719432
    },
    "k3": {
      "n_examples": 672,
      "n_classes": 13,
      "chance": 0.18601190476190477,
      "context": 0.16067440574903263,
      "probe": 0.2663460475400774,
      "layer": 18,
      "gap": 0.10567164179104477
    },
    "k5": {
      "n_examples": 639,
      "n_classes": 12,
      "chance": 0.18309859154929578,
      "context": 0.1236220472440945,
      "probe": 0.17379429133858268,
      "layer": 0,
      "gap": 0.050172244094488186
    }
  },
  "qwen7b_domains": {
    "model": "Qwen/Qwen2.5-7B",
    "free_prose": {
      "k1": {
        "n_examples": 59,
        "n_classes": 5,
        "chance": 0.23728813559322035,
        "context": 0.6787878787878787,
        "probe": 0.9833333333333332,
        "gap": 0.30454545454545445
      },
      "k3": {
        "n_examples": 57,
        "n_classes": 5,
        "chance": 0.24561403508771928,
        "context": 0.35,
        "probe": 0.7393939393939395,
        "gap": 0.3893939393939395
      }
    },
    "structured_prose": {
      "k1": {
        "n_examples": 99,
        "n_classes": 7,
        "chance": 0.23232323232323232,
        "context": 0.4842105263157895,
        "probe": 0.8889473684210527,
        "gap": 0.40473684210526323
      },
      "k3": {
        "n_examples": 96,
        "n_classes": 7,
        "chance": 0.23958333333333334,
        "context": 0.3431578947368421,
        "probe": 0.6573684210526316,
        "gap": 0.3142105263157895
      }
    },
    "chain_of_thought": {
      "k1": {
        "n_examples": 127,
        "n_classes": 9,
        "chance": 0.2283464566929134,
        "context": 0.2913846153846154,
        "probe": 0.9529230769230768,
        "gap": 0.6615384615384614
      },
      "k3": {
        "n_examples": 123,
        "n_classes": 9,
        "chance": 0.23577235772357724,
        "context": 0.17833333333333334,
        "probe": 0.5123333333333333,
        "gap": 0.33399999999999996
      }
    },
    "chain_of_thought_scrambled": {
      "k1": {
        "n_examples": 161,
        "n_classes": 11,
        "chance": 0.18012422360248448,
        "context": 0.390530303030303,
        "probe": 0.9251893939393939,
        "gap": 0.5346590909090909
      },
      "k3": {
        "n_examples": 154,
        "n_classes": 11,
        "chance": 0.18831168831168832,
        "context": 0.2851612903225806,
        "probe": 0.4931182795698925,
        "gap": 0.20795698924731193
      }
    },
    "code": {
      "k1": {
        "n_examples": 80,
        "n_classes": 7,
        "chance": 0.225,
        "context": 0.7,
        "probe": 0.9875,
        "gap": 0.2875000000000001
      },
      "k3": {
        "n_examples": 80,
        "n_classes": 7,
        "chance": 0.225,
        "context": 0.5375,
        "probe": 0.7625,
        "gap": 0.22499999999999998
      }
    },
    "poetry": {
      "k1": {
        "n_examples": 47,
        "n_classes": 3,
        "chance": 0.5531914893617021,
        "context": 0.5155555555555555,
        "probe": 0.8711111111111112,
        "gap": 0.3555555555555556
      }
    }
  },
  "gptj_domains_with_scrambled": {
    "model": "EleutherAI/gpt-j-6b",
    "free_prose": {
      "k1": {
        "n_examples": 133,
        "n_classes": 9,
        "chance": 0.22556390977443608,
        "context": 0.625071225071225,
        "probe": 0.8347578347578347,
        "gap": 0.20968660968660968
      },
      "k3": {
        "n_examples": 128,
        "n_classes": 9,
        "chance": 0.2265625,
        "context": 0.4446153846153845,
        "probe": 0.6335384615384616,
        "gap": 0.18892307692307708
      }
    },
    "structured_prose": {
      "k1": {
        "n_examples": 103,
        "n_classes": 5,
        "chance": 0.2815533980582524,
        "context": 0.7285714285714285,
        "probe": 0.9419047619047619,
        "gap": 0.21333333333333337
      },
      "k3": {
        "n_examples": 100,
        "n_classes": 5,
        "chance": 0.28,
        "context": 0.6199999999999999,
        "probe": 0.72,
        "gap": 0.10000000000000009
      }
    },
    "chain_of_thought": {
      "k1": {
        "n_examples": 122,
        "n_classes": 6,
        "chance": 0.4918032786885246,
        "context": 0.672,
        "probe": 0.9833333333333334,
        "gap": 0.31133333333333335
      },
      "k3": {
        "n_examples": 118,
        "n_classes": 6,
        "chance": 0.4830508474576271,
        "context": 0.5931159420289854,
        "probe": 0.881159420289855,
        "gap": 0.2880434782608696
      }
    },
    "chain_of_thought_scrambled": {
      "k1": {
        "n_examples": 166,
        "n_classes": 11,
        "chance": 0.20481927710843373,
        "context": 0.6684491978609626,
        "probe": 0.9702317290552586,
        "gap": 0.301782531194296
      },
      "k3": {
        "n_examples": 161,
        "n_classes": 11,
        "chance": 0.20496894409937888,
        "context": 0.565530303030303,
        "probe": 0.8573863636363637,
        "gap": 0.2918560606060606
      }
    },
    "code": {
      "k1": {
        "n_examples": 151,
        "n_classes": 3,
        "chance": 0.695364238410596,
        "context": 0.7683870967741935,
        "probe": 0.9933333333333334,
        "gap": 0.22494623655913992
      },
      "k3": {
        "n_examples": 145,
        "n_classes": 3,
        "chance": 0.7034482758620689,
        "context": 0.7448275862068965,
        "probe": 0.8551724137931034,
        "gap": 0.1103448275862069
      }
    },
    "poetry": {
      "k1": {
        "n_examples": 91,
        "n_classes": 8,
        "chance": 0.17582417582417584,
        "context": 0.48304093567251466,
        "probe": 0.8128654970760234,
        "gap": 0.32982456140350874
      },
      "k3": {
        "n_examples": 88,
        "n_classes": 8,
        "chance": 0.18181818181818182,
        "context": 0.4196078431372549,
        "probe": 0.40784313725490196,
        "gap": -0.011764705882352955
      }
    }
  }
}