{
  "gptj_domains_50": {
    "model": "EleutherAI/gpt-j-6b",
    "chain_of_thought": {
      "k1": {
        "n_examples": 847,
        "n_classes": 27,
        "chance": 0.27863046044864226,
        "context": 0.6978071702053604,
        "best_probe": 0.9571133542174266,
        "best_layer": 27,
        "gap": 0.2593061840120662,
        "gap_ci_lo": 0.2370516342521774,
        "gap_ci_hi": 0.3492609191655802,
        "gap_significant": true,
        "per_layer": {
          "0": 0.8162176586610975,
          "4": 0.8571435201299455,
          "9": 0.8720988513748695,
          "14": 0.9043717368604246,
          "18": 0.930332985265112,
          "23": 0.9539598561318018,
          "27": 0.9571133542174266
        }
      },
      "k3": {
        "n_examples": 812,
        "n_classes": 26,
        "chance": 0.2684729064039409,
        "context": 0.5611982125274558,
        "best_probe": 0.7426292004342447,
        "best_layer": 27,
        "gap": 0.1814309879067889,
        "gap_ci_lo": 0.14634698275862076,
        "gap_ci_hi": 0.24384282178217814,
        "gap_significant": true,
        "per_layer": {
          "0": 0.6937413214168497,
          "4": 0.7015829735666137,
          "9": 0.6942033376252872,
          "14": 0.7180135827715923,
          "18": 0.7348178444292963,
          "23": 0.7422101037642959,
          "27": 0.7426292004342447
        }
      },
      "k5": {
        "n_examples": 745,
        "n_classes": 23,
        "chance": 0.2778523489932886,
        "context": 0.5064876957494407,
        "best_probe": 0.6465324384787472,
        "best_layer": 27,
        "gap": 0.14004474272930645,
        "gap_ci_lo": 0.08907149950347569,
        "gap_ci_hi": 0.21615835225516922,
        "gap_significant": true,
        "per_layer": {
          "0": 0.6304250559284116,
          "4": 0.6228187919463087,
          "9": 0.5941834451901566,
          "14": 0.6067114093959732,
          "18": 0.61834451901566,
          "23": 0.6313199105145414,
          "27": 0.6465324384787472
        }
      }
    },
    "chain_of_thought_scrambled": {
      "k1": {
        "n_examples": 867,
        "n_classes": 27,
        "chance": 0.19377162629757785,
        "context": 0.848142980532855,
        "best_probe": 0.9711602772794721,
        "best_layer": 23,
        "gap": 0.1230172967466171,
        "gap_ci_lo": 0.11726762820512823,
        "gap_ci_hi": 0.21208256563795483,
        "gap_significant": true,
        "per_layer": {
          "0": 0.9123380506278652,
          "4": 0.9296525147830709,
          "9": 0.9330985759528714,
          "14": 0.9507851084091866,
          "18": 0.965780789759263,
          "23": 0.9711602772794721,
          "27": 0.9680907137953182
        }
      },
      "k3": {
        "n_examples": 828,
        "n_classes": 26,
        "chance": 0.1932367149758454,
        "context": 0.7665011561397104,
        "best_probe": 0.8393817695022515,
        "best_layer": 27,
        "gap": 0.07288061336254115,
        "gap_ci_lo": 0.04471396738683971,
        "gap_ci_hi": 0.14382103825136608,
        "gap_significant": true,
        "per_layer": {
          "0": 0.8232688329073872,
          "4": 0.8248606547401728,
          "9": 0.8095436290617014,
          "14": 0.829694535718632,
          "18": 0.825678471461604,
          "23": 0.8325520262869661,
          "27": 0.8393817695022515
        }
      },
      "k5": {
        "n_examples": 787,
        "n_classes": 25,
        "chance": 0.193138500635324,
        "context": 0.739498508425381,
        "best_probe": 0.7738181622725685,
        "best_layer": 0,
        "gap": 0.03431965384718749,
        "gap_ci_lo": -0.006814682764767843,
        "gap_ci_hi": 0.08907669876576704,
        "gap_significant": false,
        "per_layer": {
          "0": 0.7738181622725685,
          "4": 0.7700287564836464,
          "9": 0.7285253567685236,
          "14": 0.7365556720148351,
          "18": 0.7429089736354108,
          "23": 0.7509581015345749,
          "27": 0.7522319868848935
        }
      }
    },
    "chain_of_thought_nonmath": {
      "k1": {
        "n_examples": 802,
        "n_classes": 22,
        "chance": 0.16832917705735662,
        "context": 0.8466356107660457,
        "best_probe": 0.9671687370600415,
        "best_layer": 23,
        "gap": 0.12053312629399582,
        "gap_ci_lo": 0.11618417668616986,
        "gap_ci_hi": 0.22040705739552624,
        "gap_significant": true,
        "per_layer": {
          "0": 0.9123317805383024,
          "4": 0.9281030020703934,
          "9": 0.9393167701863354,
          "14": 0.9472153209109729,
          "18": 0.96175983436853,
          "23": 0.9671687370600415,
          "27": 0.9663405797101449
        }
      },
      "k3": {
        "n_examples": 751,
        "n_classes": 20,
        "chance": 0.16245006657789615,
        "context": 0.7012685798381163,
        "best_probe": 0.8313406916850626,
        "best_layer": 27,
        "gap": 0.13007211184694634,
        "gap_ci_lo": 0.08822889610389612,
        "gap_ci_hi": 0.19316666666666668,
        "gap_significant": true,
        "per_layer": {
          "0": 0.788270787343635,
          "4": 0.7887211184694628,
          "9": 0.7860632818248713,
          "14": 0.7971714495952907,
          "18": 0.8109374540103017,
          "23": 0.8300220750551878,
          "27": 0.8313406916850626
        }
      },
      "k5": {
        "n_examples": 713,
        "n_classes": 19,
        "chance": 0.17110799438990182,
        "context": 0.6657769460586362,
        "best_probe": 0.7541055188942513,
        "best_layer": 27,
        "gap": 0.08832857283561502,
        "gap_ci_lo": 0.05353236231756894,
        "gap_ci_hi": 0.17481766011279626,
        "gap_significant": true,
        "per_layer": {
          "0": 0.729826980531206,
          "4": 0.725667290456023,
          "9": 0.6803178042614663,
          "14": 0.6868249121770248,
          "18": 0.7064611444893135,
          "23": 0.7401195049082373,
          "27": 0.7541055188942513
        }
      }
    },
    "free_prose": {
      "k1": {
        "n_examples": 822,
        "n_classes": 25,
        "chance": 0.13503649635036497,
        "context": 0.6030155210643017,
        "best_probe": 0.870219265829022,
        "best_layer": 27,
        "gap": 0.2672037447647203,
        "gap_ci_lo": 0.23294264186954883,
        "gap_ci_hi": 0.3528152629129827,
        "gap_significant": true,
        "per_layer": {
          "0": 0.7509953190440996,
          "4": 0.7761714708056172,
          "9": 0.7858856861295885,
          "14": 0.8077654594727767,
          "18": 0.8499285538309929,
          "23": 0.8645380635624539,
          "27": 0.870219265829022
        }
      },
      "k3": {
        "n_examples": 791,
        "n_classes": 25,
        "chance": 0.12389380530973451,
        "context": 0.44115118223071415,
        "best_probe": 0.539399729320914,
        "best_layer": 27,
        "gap": 0.09824854709019981,
        "gap_ci_lo": 0.044711824123588845,
        "gap_ci_hi": 0.15819025360977412,
        "gap_significant": true,
        "per_layer": {
          "0": 0.5052437438632805,
          "4": 0.4816442427619882,
          "9": 0.4563463630814957,
          "14": 0.4622376137780962,
          "18": 0.50016718414139,
          "23": 0.529267839609373,
          "27": 0.539399729320914
        }
      },
      "k5": {
        "n_examples": 764,
        "n_classes": 25,
        "chance": 0.1243455497382199,
        "context": 0.38262813897488823,
        "best_probe": 0.43541738332760005,
        "best_layer": 0,
        "gap": 0.05278924435271182,
        "gap_ci_lo": 0.0,
        "gap_ci_hi": 0.0913100764693568,
        "gap_significant": false,
        "per_layer": {
          "0": 0.43541738332760005,
          "4": 0.4253669303978902,
          "9": 0.3525054466230937,
          "14": 0.362535833046669,
          "18": 0.38476378855635823,
          "23": 0.4057476206857012,