{
  "model": "pythia-1b",
  "n_layers": 16,
  "d_model": 2048,
  "n_examples": 507,
  "pca_dim": 128,
  "n_boot": 1000,
  "behavioral": {
    "code_return": {
      "n": 507,
      "task_accuracy": 0.35700197238658776,
      "exact_match": 0.35700197238658776,
      "any_valid": 0.35700197238658776
    }
  },
  "behavioral_per_type": {
    "int": 0.7,
    "str": 0.1262135922330097,
    "bool": 0.7403846153846154,
    "list": 0.1568627450980392,
    "float": 0.05102040816326531
  },
  "probing": {
    "layer_0": {
      "probe": 0.7040962919821394,
      "ci_lo": 0.6217067470150934,
      "ci_hi": 0.7434802210587551,
      "bow": 0.7516404581634634,
      "name_only": 0.6448068336245389,
      "name_params": 0.8422442244224422,
      "gap_name": 0.059289458357600466,
      "gap_name_params": -0.13814793244030277,
      "p_vs_name": 0.05900000000000005,
      "p_vs_name_params": 1.0,
      "best_pos": 7,
      "valid_boots": 1000
    },
    "layer_4": {
      "probe": 0.7634051640458163,
      "ci_lo": 0.6649463638896629,
      "ci_hi": 0.7897443181818181,
      "bow": 0.741681226946224,
      "name_only": 0.6411182294700059,
      "name_params": 0.9013977868375072,
      "gap_name": 0.12228693457581041,
      "gap_name_params": -0.1379926227916909,
      "p_vs_name": 0.0040000000000000036,
      "p_vs_name_params": 1.0,
      "best_pos": 5,
      "valid_boots": 1000
    },
    "layer_8": {
      "probe": 0.8226169675791108,
      "ci_lo": 0.7262897628687103,
      "ci_hi": 0.8360655737704918,
      "bow": 0.7516404581634634,
      "name_only": 0.6529023490584352,
      "name_params": 0.9014560279557366,
      "gap_name": 0.1697146185206756,
      "gap_name_params": -0.0788390603766258,
      "p_vs_name": 0.0010000000000000009,
      "p_vs_name_params": 1.0,
      "best_pos": 7,
      "valid_boots": 1000
    },
    "layer_12": {
      "probe": 0.8185789167152009,
      "ci_lo": 0.7437153717304471,
      "ci_hi": 0.8571623731459797,
      "bow": 0.7516404581634634,
      "name_only": 0.6647641234711708,
      "name_params": 0.8796738497379148,
      "gap_name": 0.15381479324403013,
      "gap_name_params": -0.06109493302271396,
      "p_vs_name": 0.0,
      "p_vs_name_params": 0.99,
      "best_pos": 7,
      "valid_boots": 1000
    },
    "layer_14": {
      "probe": 0.8205979421471559,
      "ci_lo": 0.7405353143198447,
      "ci_hi": 0.8508492198409325,
      "bow": 0.7516404581634634,
      "name_only": 0.6587847019996118,
      "name_params": 0.8698311007571344,
      "gap_name": 0.16181324014754406,
      "gap_name_params": -0.04923315860997857,
      "p_vs_name": 0.0,
      "p_vs_name_params": 0.988,
      "best_pos": 7,
      "valid_boots": 1000
    },
    "layer_15": {
      "probe": 0.8146379343816734,
      "ci_lo": 0.7403260292786465,
      "ci_hi": 0.847838299951148,
      "bow": 0.7516404581634634,
      "name_only": 0.6331974373907979,
      "name_params": 0.8560085420306736,
      "gap_name": 0.1814404969908755,
      "gap_name_params": -0.041370607649000135,
      "p_vs_name": 0.0,
      "p_vs_name_params": 0.984,
      "best_pos": 7,
      "valid_boots": 1000
    }
  },
  "nonsense_L0": {
    "probe": 0.44768006212385947
  },
  "nonsense_L4": {
    "probe": 0.44960201902543195
  },
  "nonsense_L8": {
    "probe": 0.4653659483595418
  },
  "nonsense_L12": {
    "probe": 0.4437196660842555
  },
  "nonsense_L14": {
    "probe": 0.42989710735779463
  },
  "nonsense_L15": {
    "probe": 0.43975927004465154
  },
  "cross_task_transfer": {
    "layer_0": {
      "train_acc": 0.9447731755424064,
      "rhyme_pred_distribution": {
        "bool": 60,
        "float": 0,
        "int": 60,
        "list": 0,
        "str": 30
      }
    },
    "layer_4": {
      "train_acc": 0.9960552268244576,
      "rhyme_pred_distribution": {
        "bool": 120,
        "float": 30,
        "int": 0,
        "list": 0,
        "str": 0
      }
    },
    "layer_8": {
      "train_acc": 0.9980276134122288,
      "rhyme_pred_distribution": {
        "bool": 78,
        "float": 12,
        "int": 0,
        "list": 30,
        "str": 30
      }
    },
    "layer_12": {
      "train_acc": 0.9980276134122288,
      "rhyme_pred_distribution": {
        "bool": 0,
        "float": 150,
        "int": 0,
        "list": 0,
        "str": 0
      }
    },
    "layer_14": {
      "train_acc": 0.9980276134122288,
      "rhyme_pred_distribution": {
        "bool": 0,
        "float": 150,
        "int": 0,
        "list": 0,
        "str": 0
      }
    },
    "layer_15": {
      "train_acc": 0.9980276134122288,
      "rhyme_pred_distribution": {
        "bool": 30,
        "float": 70,
        "int": 0,
        "list": 20,
        "str": 30
      }
    }
  },
  "rhyme_behavioral": {
    "rhyme": {
      "n": 90,
      "task_accuracy": 0.08888888888888889,
      "exact_match": 0.0,
      "any_valid": 0.08888888888888889
    }
  },
  "steering_fp32": [
    {
      "alpha": 1.0,
      "layer": 0,
      "kl": 0.07901490479707718,
      "sig": "def add(a, b):",
      "orig_top5": [
        "\"\"\"",
        "return",
        "if",
        "pass",
        "a"
      ],
      "steered_top5": [
        "return",
        "\"\"\"",
        "if",
        "a",
        "pass"
      ]
    },
    {
      "alpha": 1.0,
      "layer": 0,
      "kl": 0.023647651076316833,
      "sig": "def subtract(a, b):",
      "orig_top5": [
        "\"\"\"",
        "return",
        "if",
        "a",
        "pass"
      ],
      "steered_top5": [
        "\"\"\"",
        "return",
        "if",
        "a",
        "pass"
      ]
    },
    {
      "alpha": 1.0,
      "layer": 12,
      "kl": 0.12001103162765503,
      "sig": "def add(a, b):",
      "orig_top5": [
        "\"\"\"",
        "return",
        "if",
        "pass",
        "a"
      ],
      "steered_top5": [
        "\"\"\"",
        "return",
        "pass",
        "if",
        "print"
      ]
    },
    {
      "alpha": 1.0,
      "layer": 12,
      "kl": 0.05285610631108284,
      "sig": "def subtract(a, b):",
      "orig_top5": [
        "\"\"\"",
        "return",
        "if",
        "a",
        "pass"
      ],
      "steered_top5": [
        "\"\"\"",
        "return",
        "if",
        "pass",
        "'''"
      ]
    },
    {
      "alpha": 1.0,
      "layer": 15,
      "kl": 0.06092634052038193,
      "sig": "def add(a, b):",
      "orig_top5": [
        "\"\"\"",
        "return",
        "if",
        "pass",
        "a"
      ],
      "steered_top5": [
        "\"\"\"",
        "return",
        "if",
        "pass",
        "print"
      ]
    },
    {
      "alpha": 1.0,
      "layer": 15,
      "kl": 0.04349588602781296,
      "sig": "def subtract(a, b):",
      "orig_top5": [
        "\"\"\"",
        "return",
        "if",
        "a",
        "pass"
      ],
      "steered_top5": [
        "\"\"\"",
        "return",
        "if",
        "pass",
        "'''"
      ]
    },
    {
      "alpha": 3.0,
      "layer": 0,
      "kl": 0.7045286893844604,
      "sig": "def add(a, b):",
      "orig_top5": [
        "\"\"\"",
        "return",
        "if",
        "pass",
        "a"
      ],
      "steered_top5": [
        "return",
        "a",
        "if",
        "\"\"\"",
        "pass"
      ]
    },
    {
      "alpha": 3.0,
      "layer": 0,
      "kl": 1.1291694641113281,
      "sig": "def subtract(a, b):",
      "orig_top5": [
        "\"\"\"",
        "return",
        "if",
        "a",
        "pass"
      ],
      "steered_top5": [
        "return",
        "if",
        "a",
        "\"\"\"",
        "print"
      ]
    },
    {
      "alpha": 3.0,
      "layer": 12,
      "kl": 0.7150992155075073,
      "sig": "def add(a, b):",
      "orig_top5": [
        "\"\"\"",
        "return",
        "if",
        "pass",
        "a"
      ],
      "steered_top5": [
        "\"\"\"",
        "return",
        "if",
        "#",
        "pass"
      ]
    },
    {
      "alpha": 3.0,