{
  "model": "pythia-410m",
  "n_layers": 24,
  "d_model": 1024,
  "n_examples": 507,
  "pca_dim": 128,
  "n_boot": 1000,
  "behavioral": {
    "code_return": {
      "n": 507,
      "task_accuracy": 0.27613412228796846,
      "exact_match": 0.27613412228796846,
      "any_valid": 0.27613412228796846
    }
  },
  "behavioral_per_type": {
    "int": 0.54,
    "str": 0.11650485436893204,
    "bool": 0.5480769230769231,
    "list": 0.14705882352941177,
    "float": 0.02040816326530612
  },
  "probing": {
    "layer_0": {
      "probe": 0.6391574451562805,
      "ci_lo": 0.5628329918032786,
      "ci_hi": 0.691902286902287,
      "bow": 0.7516404581634634,
      "name_only": 0.6073577946029898,
      "name_params": 0.8303824500097068,
      "gap_name": 0.031799650553290704,
      "gap_name_params": -0.1912250048534263,
      "p_vs_name": 0.19999999999999996,
      "p_vs_name_params": 1.0,
      "best_pos": 7,
      "valid_boots": 1000
    },
    "layer_6": {
      "probe": 0.7712677150067947,
      "ci_lo": 0.6791300611153552,
      "ci_hi": 0.7946015246015246,
      "bow": 0.741681226946224,
      "name_only": 0.6312366530770726,
      "name_params": 0.8915356241506502,
      "gap_name": 0.14003106192972214,
      "gap_name_params": -0.12026790914385554,
      "p_vs_name": 0.0010000000000000009,
      "p_vs_name_params": 1.0,
      "best_pos": 5,
      "valid_boots": 1000
    },
    "layer_12": {
      "probe": 0.806814210832848,
      "ci_lo": 0.7215839232488822,
      "ci_hi": 0.837841612562283,
      "bow": 0.7516404581634634,
      "name_only": 0.6450009706853039,
      "name_params": 0.8915356241506502,
      "gap_name": 0.16181324014754406,
      "gap_name_params": -0.08472141331780225,
      "p_vs_name": 0.0010000000000000009,
      "p_vs_name_params": 0.999,
      "best_pos": 7,
      "valid_boots": 1000
    },
    "layer_18": {
      "probe": 0.7929528246942341,
      "ci_lo": 0.7105227207362669,
      "ci_hi": 0.8228665223665224,
      "bow": 0.7516404581634634,
      "name_only": 0.6666860803727432,
      "name_params": 0.8757328674043874,
      "gap_name": 0.12626674432149088,
      "gap_name_params": -0.08278004271015327,
      "p_vs_name": 0.0010000000000000009,
      "p_vs_name_params": 0.998,
      "best_pos": 7,
      "valid_boots": 1000
    },
    "layer_22": {
      "probe": 0.8047757716948165,
      "ci_lo": 0.72042453618586,
      "ci_hi": 0.8397790055248618,
      "bow": 0.7516404581634634,
      "name_only": 0.6568239176858862,
      "name_params": 0.8776548243059599,
      "gap_name": 0.1479518540089303,
      "gap_name_params": -0.07287905261114336,
      "p_vs_name": 0.0,
      "p_vs_name_params": 0.998,
      "best_pos": 7,
      "valid_boots": 1000
    },
    "layer_23": {
      "probe": 0.808639099204038,
      "ci_lo": 0.7292788904235727,
      "ci_hi": 0.8378378378378378,
      "bow": 0.741681226946224,
      "name_only": 0.642904290429043,
      "name_params": 0.863832265579499,
      "gap_name": 0.16573480877499502,
      "gap_name_params": -0.05519316637546101,
      "p_vs_name": 0.0,
      "p_vs_name_params": 0.994,
      "best_pos": 5,
      "valid_boots": 1000
    }
  },
  "nonsense_L0": {
    "probe": 0.4416618132401475
  },
  "nonsense_L6": {
    "probe": 0.4436031838477965
  },
  "nonsense_L12": {
    "probe": 0.46130848378955547
  },
  "nonsense_L18": {
    "probe": 0.47518928363424573
  },
  "nonsense_L22": {
    "probe": 0.4693457581052223
  },
  "nonsense_L23": {
    "probe": 0.4772277227722772
  },
  "cross_task_transfer": {
    "layer_0": {
      "train_acc": 0.8875739644970414,
      "rhyme_pred_distribution": {
        "bool": 60,
        "float": 0,
        "int": 60,
        "list": 30,
        "str": 0
      }
    },
    "layer_6": {
      "train_acc": 0.9921104536489151,
      "rhyme_pred_distribution": {
        "bool": 44,
        "float": 10,
        "int": 0,
        "list": 0,
        "str": 96
      }
    },
    "layer_12": {
      "train_acc": 0.9940828402366864,
      "rhyme_pred_distribution": {
        "bool": 0,
        "float": 60,
        "int": 30,
        "list": 30,
        "str": 30
      }
    },
    "layer_18": {
      "train_acc": 0.9960552268244576,
      "rhyme_pred_distribution": {
        "bool": 0,
        "float": 120,
        "int": 0,
        "list": 0,
        "str": 30
      }
    },
    "layer_22": {
      "train_acc": 0.9980276134122288,
      "rhyme_pred_distribution": {
        "bool": 0,
        "float": 150,
        "int": 0,
        "list": 0,
        "str": 0
      }
    },
    "layer_23": {
      "train_acc": 0.9980276134122288,
      "rhyme_pred_distribution": {
        "bool": 0,
        "float": 84,
        "int": 30,
        "list": 34,
        "str": 2
      }
    }
  },
  "rhyme_behavioral": {
    "rhyme": {
      "n": 90,
      "task_accuracy": 0.044444444444444446,
      "exact_match": 0.0,
      "any_valid": 0.044444444444444446
    }
  },
  "steering_fp32": [
    {
      "alpha": 1.0,
      "layer": 0,
      "kl": 0.038542523980140686,
      "sig": "def add(a, b):",
      "orig_top5": [
        "return",
        "if",
        "print",
        "\"\"\"",
        "a"
      ],
      "steered_top5": [
        "return",
        "\"\"\"",
        "if",
        "a",
        "print"
      ]
    },
    {
      "alpha": 1.0,
      "layer": 0,
      "kl": 0.027557209134101868,
      "sig": "def subtract(a, b):",
      "orig_top5": [
        "return",
        "if",
        "\"\"\"",
        "a",
        "result"
      ],
      "steered_top5": [
        "return",
        "if",
        "\"\"\"",
        "a",
        "b"
      ]
    },
    {
      "alpha": 1.0,
      "layer": 18,
      "kl": 0.1888343244791031,
      "sig": "def add(a, b):",
      "orig_top5": [
        "return",
        "if",
        "print",
        "\"\"\"",
        "a"
      ],
      "steered_top5": [
        "\"\"\"",
        "return",
        "print",
        "if",
        "assert"
      ]
    },
    {
      "alpha": 1.0,
      "layer": 18,
      "kl": 0.2737950086593628,
      "sig": "def subtract(a, b):",
      "orig_top5": [
        "return",
        "if",
        "\"\"\"",
        "a",
        "result"
      ],
      "steered_top5": [
        "return",
        "\"\"\"",
        "if",
        "'''",
        "print"
      ]
    },
    {
      "alpha": 1.0,
      "layer": 23,
      "kl": 0.10066035389900208,
      "sig": "def add(a, b):",
      "orig_top5": [
        "return",
        "if",
        "print",
        "\"\"\"",
        "a"
      ],
      "steered_top5": [
        "return",
        "\"\"\"",
        "print",
        "if",
        "pass"
      ]
    },
    {
      "alpha": 1.0,
      "layer": 23,
      "kl": 0.12485414743423462,
      "sig": "def subtract(a, b):",
      "orig_top5": [
        "return",
        "if",
        "\"\"\"",
        "a",
        "result"
      ],
      "steered_top5": [
        "return",
        "if",
        "\"\"\"",
        "'''",
        "a"
      ]
    },
    {
      "alpha": 3.0,
      "layer": 0,
      "kl": 0.9872729778289795,
      "sig": "def add(a, b):",
      "orig_top5": [
        "return",
        "if",
        "print",
        "\"\"\"",
        "a"
      ],
      "steered_top5": [
        "def",
        "\"\"\"",
        "if",
        "return",
        "a"
      ]
    },
    {
      "alpha": 3.0,
      "layer": 0,
      "kl": 0.968335747718811,
      "sig": "def subtract(a, b):",
      "orig_top5": [
        "return",
        "if",
        "\"\"\"",
        "a",
        "result"
      ],
      "steered_top5": [
        "def",
        "\"\"\"",
        "if",
        "return",
        "a"
      ]
    },
    {
      "alpha": 3.0,
      "layer": 18,
      "kl": 0.6634174585342407,
      "sig": "def add(a, b):",
      "orig_top5": [
        "return",
        "if",
        "print",
        "\"\"\"",
        "a"
      ],