{
  "model": "pythia-1.4b",
  "n_layers": 24,
  "d_model": 2048,
  "n_examples": 507,
  "pca_dim": 128,
  "n_boot": 1000,
  "behavioral": {
    "code_return": {
      "n": 507,
      "task_accuracy": 0.32938856015779094,
      "exact_match": 0.32938856015779094,
      "any_valid": 0.32938856015779094
    }
  },
  "behavioral_per_type": {
    "int": 0.68,
    "str": 0.1650485436893204,
    "bool": 0.5576923076923077,
    "list": 0.19607843137254902,
    "float": 0.04081632653061224
  },
  "probing": {
    "layer_0": {
      "probe": 0.7023296447291788,
      "ci_lo": 0.602017118322739,
      "ci_hi": 0.7239583333333334,
      "bow": 0.7516404581634634,
      "name_only": 0.6330615414482625,
      "name_params": 0.8362842166569597,
      "gap_name": 0.06926810328091626,
      "gap_name_params": -0.13395457192778093,
      "p_vs_name": 0.13,
      "p_vs_name_params": 1.0,
      "best_pos": 7,
      "valid_boots": 1000
    },
    "layer_6": {
      "probe": 0.800873616773442,
      "ci_lo": 0.7325480560774679,
      "ci_hi": 0.8435754189944135,
      "bow": 0.7516404581634634,
      "name_only": 0.6686468646864687,
      "name_params": 0.8935740632886817,
      "gap_name": 0.13222675208697332,
      "gap_name_params": -0.09270044651523968,
      "p_vs_name": 0.0010000000000000009,
      "p_vs_name_params": 0.999,
      "best_pos": 7,
      "valid_boots": 1000
    },
    "layer_12": {
      "probe": 0.8324791302659678,
      "ci_lo": 0.7593350057081055,
      "ci_hi": 0.8698036317567567,
      "bow": 0.7516404581634634,
      "name_only": 0.6903513880799845,
      "name_params": 0.8995146573480877,
      "gap_name": 0.14212774218598323,
      "gap_name_params": -0.0670355270821199,
      "p_vs_name": 0.0,
      "p_vs_name_params": 0.997,
      "best_pos": 7,
      "valid_boots": 1000
    },
    "layer_18": {
      "probe": 0.812560667831489,
      "ci_lo": 0.7272360703812317,
      "ci_hi": 0.8397845303867403,
      "bow": 0.7516404581634634,
      "name_only": 0.7081343428460493,
      "name_params": 0.8837313143079013,
      "gap_name": 0.10442632498543969,
      "gap_name_params": -0.07117064647641236,
      "p_vs_name": 0.0010000000000000009,
      "p_vs_name_params": 0.998,
      "best_pos": 7,
      "valid_boots": 1000
    },
    "layer_22": {
      "probe": 0.800795961949136,
      "ci_lo": 0.7362355212355213,
      "ci_hi": 0.8402327769595811,
      "bow": 0.741681226946224,
      "name_only": 0.6963308095515435,
      "name_params": 0.8738497379149679,
      "gap_name": 0.10446515239759258,
      "gap_name_params": -0.07305377596583185,
      "p_vs_name": 0.0040000000000000036,
      "p_vs_name_params": 0.998,
      "best_pos": 5,
      "valid_boots": 1000
    },
    "layer_23": {
      "probe": 0.8185206755969714,
      "ci_lo": 0.7405353143198447,
      "ci_hi": 0.8436000231568588,
      "bow": 0.741681226946224,
      "name_only": 0.6885847408270237,
      "name_params": 0.8600077654824305,
      "gap_name": 0.1299359347699477,
      "gap_name_params": -0.04148708988545913,
      "p_vs_name": 0.0010000000000000009,
      "p_vs_name_params": 0.994,
      "best_pos": 5,
      "valid_boots": 1000
    }
  },
  "nonsense_L0": {
    "probe": 0.4318190642593671
  },
  "nonsense_L6": {
    "probe": 0.4417006406523005
  },
  "nonsense_L12": {
    "probe": 0.4456222092797515
  },
  "nonsense_L18": {
    "probe": 0.4101533682780042
  },
  "nonsense_L22": {
    "probe": 0.42793632304406903
  },
  "nonsense_L23": {
    "probe": 0.42789749563191615
  },
  "cross_task_transfer": {
    "layer_0": {
      "train_acc": 0.9546351084812623,
      "rhyme_pred_distribution": {
        "bool": 150,
        "float": 0,
        "int": 0,
        "list": 0,
        "str": 0
      }
    },
    "layer_6": {
      "train_acc": 0.9980276134122288,
      "rhyme_pred_distribution": {
        "bool": 30,
        "float": 30,
        "int": 0,
        "list": 0,
        "str": 90
      }
    },
    "layer_12": {
      "train_acc": 0.9960552268244576,
      "rhyme_pred_distribution": {
        "bool": 0,
        "float": 22,
        "int": 0,
        "list": 0,
        "str": 128
      }
    },
    "layer_18": {
      "train_acc": 0.9980276134122288,
      "rhyme_pred_distribution": {
        "bool": 0,
        "float": 48,
        "int": 0,
        "list": 70,
        "str": 32
      }
    },
    "layer_22": {
      "train_acc": 0.9980276134122288,
      "rhyme_pred_distribution": {
        "bool": 0,
        "float": 0,
        "int": 0,
        "list": 0,
        "str": 150
      }
    },
    "layer_23": {
      "train_acc": 0.9980276134122288,
      "rhyme_pred_distribution": {
        "bool": 32,
        "float": 0,
        "int": 0,
        "list": 14,
        "str": 104
      }
    }
  },
  "rhyme_behavioral": {
    "rhyme": {
      "n": 90,
      "task_accuracy": 0.022222222222222223,
      "exact_match": 0.0,
      "any_valid": 0.022222222222222223
    }
  },
  "steering_fp32": [
    {
      "alpha": 1.0,
      "layer": 0,
      "kl": 0.022362682968378067,
      "sig": "def add(a, b):",
      "orig_top5": [
        "return",
        "a",
        "print",
        "if",
        "\"\"\""
      ],
      "steered_top5": [
        "return",
        "a",
        "print",
        "if",
        "\"\"\""
      ]
    },
    {
      "alpha": 1.0,
      "layer": 0,
      "kl": 0.012500867247581482,
      "sig": "def subtract(a, b):",
      "orig_top5": [
        "return",
        "\"\"\"",
        "if",
        "a",
        "c"
      ],
      "steered_top5": [
        "return",
        "\"\"\"",
        "if",
        "a",
        "c"
      ]
    },
    {
      "alpha": 1.0,
      "layer": 18,
      "kl": 0.11856657266616821,
      "sig": "def add(a, b):",
      "orig_top5": [
        "return",
        "a",
        "print",
        "if",
        "\"\"\""
      ],
      "steered_top5": [
        "return",
        "print",
        "\"\"\"",
        "pass",
        "if"
      ]
    },
    {
      "alpha": 1.0,
      "layer": 18,
      "kl": 0.10975570976734161,
      "sig": "def subtract(a, b):",
      "orig_top5": [
        "return",
        "\"\"\"",
        "if",
        "a",
        "c"
      ],
      "steered_top5": [
        "return",
        "\"\"\"",
        "if",
        "#",
        "c"
      ]
    },
    {
      "alpha": 1.0,
      "layer": 23,
      "kl": 0.14682047069072723,
      "sig": "def add(a, b):",
      "orig_top5": [
        "return",
        "a",
        "print",
        "if",
        "\"\"\""
      ],
      "steered_top5": [
        "return",
        "print",
        "\"\"\"",
        "if",
        "pass"
      ]
    },
    {
      "alpha": 1.0,
      "layer": 23,
      "kl": 0.14003972709178925,
      "sig": "def subtract(a, b):",
      "orig_top5": [
        "return",
        "\"\"\"",
        "if",
        "a",
        "c"
      ],
      "steered_top5": [
        "return",
        "\"\"\"",
        "if",
        "\"",
        "'''"
      ]
    },
    {
      "alpha": 3.0,
      "layer": 0,
      "kl": 0.21376998722553253,
      "sig": "def add(a, b):",
      "orig_top5": [
        "return",
        "a",
        "print",
        "if",
        "\"\"\""
      ],
      "steered_top5": [
        "return",
        "\"\"\"",
        "print",
        "a",
        "pass"
      ]
    },
    {
      "alpha": 3.0,
      "layer": 0,
      "kl": 0.1281987428665161,
      "sig": "def subtract(a, b):",
      "orig_top5": [
        "return",
        "\"\"\"",
        "if",
        "a",
        "c"
      ],
      "steered_top5": [
        "return",
        "\"\"\"",
        "a",
        "if",
        "print"
      ]
    },
    {
      "alpha": 3.0,
      "layer": 18,
      "kl": 0.6015484929084778,
      "sig": "def add(a, b):",
      "orig_top5": [
        "return",
        "a",
        "print",
        "if",
        "\"\"\""
      ],