{
  "model": "pythia-2.8b",
  "n_layers": 32,
  "d_model": 2560,
  "n_examples": 507,
  "pca_dim": 128,
  "n_boot": 1000,
  "behavioral": {
    "code_return": {
      "n": 507,
      "task_accuracy": 0.2465483234714004,
      "exact_match": 0.2465483234714004,
      "any_valid": 0.2465483234714004
    }
  },
  "behavioral_per_type": {
    "int": 0.46,
    "str": 0.11650485436893204,
    "bool": 0.38461538461538464,
    "list": 0.13725490196078433,
    "float": 0.1326530612244898
  },
  "probing": {
    "layer_0": {
      "probe": 0.6864104057464571,
      "ci_lo": 0.6096194017379679,
      "ci_hi": 0.7326472041385724,
      "bow": 0.7516404581634634,
      "name_only": 0.6489419530188314,
      "name_params": 0.8383226557949912,
      "gap_name": 0.03746845272762567,
      "gap_name_params": -0.15191225004853415,
      "p_vs_name": 0.121,
      "p_vs_name_params": 1.0,
      "best_pos": 7,
      "valid_boots": 1000
    },
    "layer_8": {
      "probe": 0.7987575228111046,
      "ci_lo": 0.7173731884057971,
      "ci_hi": 0.8315217391304348,
      "bow": 0.6647447097650943,
      "name_only": 0.6785284410794021,
      "name_params": 0.9072413123665308,
      "gap_name": 0.12022908173170244,
      "gap_name_params": -0.10848378955542626,
      "p_vs_name": 0.0010000000000000009,
      "p_vs_name_params": 1.0,
      "best_pos": 4,
      "valid_boots": 1000
    },
    "layer_16": {
      "probe": 0.8264997087944088,
      "ci_lo": 0.7362355212355213,
      "ci_hi": 0.8547548882681565,
      "bow": 0.7516404581634634,
      "name_only": 0.6765676567656767,
      "name_params": 0.9112211221122113,
      "gap_name": 0.14993205202873217,
      "gap_name_params": -0.08472141331780247,
      "p_vs_name": 0.0,
      "p_vs_name_params": 1.0,
      "best_pos": 7,
      "valid_boots": 1000
    },
    "layer_24": {
      "probe": 0.8205202873228499,
      "ci_lo": 0.7634337860780984,
      "ci_hi": 0.8643281511725293,
      "bow": 0.6647447097650943,
      "name_only": 0.692273344981557,
      "name_params": 0.9033391574451564,
      "gap_name": 0.12824694234129286,
      "gap_name_params": -0.08281887012230649,
      "p_vs_name": 0.0,
      "p_vs_name_params": 1.0,
      "best_pos": 4,
      "valid_boots": 1000
    },
    "layer_30": {
      "probe": 0.8324403028538148,
      "ci_lo": 0.7624309392265194,
      "ci_hi": 0.860474106928794,
      "bow": 0.6647447097650943,
      "name_only": 0.6627256843331392,
      "name_params": 0.9053775965831876,
      "gap_name": 0.1697146185206756,
      "gap_name_params": -0.07293729372937285,
      "p_vs_name": 0.0,
      "p_vs_name_params": 0.996,
      "best_pos": 4,
      "valid_boots": 1000
    },
    "layer_31": {
      "probe": 0.8264608813822558,
      "ci_lo": 0.7433118552935332,
      "ci_hi": 0.8465810359231412,
      "bow": 0.741681226946224,
      "name_only": 0.6805280528052806,
      "name_params": 0.9014172005435837,
      "gap_name": 0.1459328285769752,
      "gap_name_params": -0.07495631916132783,
      "p_vs_name": 0.0,
      "p_vs_name_params": 0.999,
      "best_pos": 5,
      "valid_boots": 1000
    }
  },
  "nonsense_L0": {
    "probe": 0.42987769365171813
  },
  "nonsense_L8": {
    "probe": 0.44768006212385947
  },
  "nonsense_L16": {
    "probe": 0.4654241894777713
  },
  "nonsense_L24": {
    "probe": 0.4556785090273733
  },
  "nonsense_L30": {
    "probe": 0.47134536983110076
  },
  "nonsense_L31": {
    "probe": 0.4555620267909144
  },
  "cross_task_transfer": {
    "layer_0": {
      "train_acc": 0.9447731755424064,
      "rhyme_pred_distribution": {
        "bool": 60,
        "float": 0,
        "int": 0,
        "list": 30,
        "str": 60
      }
    },
    "layer_8": {
      "train_acc": 0.9980276134122288,
      "rhyme_pred_distribution": {
        "bool": 0,
        "float": 120,
        "int": 0,
        "list": 0,
        "str": 30
      }
    },
    "layer_16": {
      "train_acc": 0.9980276134122288,
      "rhyme_pred_distribution": {
        "bool": 6,
        "float": 82,
        "int": 0,
        "list": 32,
        "str": 30
      }
    },
    "layer_24": {
      "train_acc": 0.9980276134122288,
      "rhyme_pred_distribution": {
        "bool": 0,
        "float": 116,
        "int": 0,
        "list": 34,
        "str": 0
      }
    },
    "layer_30": {
      "train_acc": 0.9960552268244576,
      "rhyme_pred_distribution": {
        "bool": 0,
        "float": 130,
        "int": 0,
        "list": 20,
        "str": 0
      }
    },
    "layer_31": {
      "train_acc": 0.9980276134122288,
      "rhyme_pred_distribution": {
        "bool": 0,
        "float": 96,
        "int": 0,
        "list": 14,
        "str": 40
      }
    }
  },
  "rhyme_behavioral": {
    "rhyme": {
      "n": 90,
      "task_accuracy": 0.08888888888888889,
      "exact_match": 0.011111111111111112,
      "any_valid": 0.08888888888888889
    }
  },
  "steering_fp32": [
    {
      "alpha": 1.0,
      "layer": 0,
      "kl": 0.03534306213259697,
      "sig": "def add(a, b):",
      "orig_top5": [
        "return",
        "c",
        "\"\"\"",
        "a",
        "if"
      ],
      "steered_top5": [
        "return",
        "\"\"\"",
        "a",
        "c",
        "print"
      ]
    },
    {
      "alpha": 1.0,
      "layer": 0,
      "kl": 0.01261683739721775,
      "sig": "def subtract(a, b):",
      "orig_top5": [
        "return",
        "\"\"\"",
        "if",
        "c",
        "a"
      ],
      "steered_top5": [
        "return",
        "\"\"\"",
        "if",
        "a",
        "'''"
      ]
    },
    {
      "alpha": 1.0,
      "layer": 24,
      "kl": 0.1102314442396164,
      "sig": "def add(a, b):",
      "orig_top5": [
        "return",
        "c",
        "\"\"\"",
        "a",
        "if"
      ],
      "steered_top5": [
        "return",
        "\"\"\"",
        "print",
        "if",
        "c"
      ]
    },
    {
      "alpha": 1.0,
      "layer": 24,
      "kl": 0.11823702603578568,
      "sig": "def subtract(a, b):",
      "orig_top5": [
        "return",
        "\"\"\"",
        "if",
        "c",
        "a"
      ],
      "steered_top5": [
        "return",
        "\"\"\"",
        "if",
        "'''",
        "c"
      ]
    },
    {
      "alpha": 1.0,
      "layer": 31,
      "kl": 0.1334790587425232,
      "sig": "def add(a, b):",
      "orig_top5": [
        "return",
        "c",
        "\"\"\"",
        "a",
        "if"
      ],
      "steered_top5": [
        "return",
        "\"\"\"",
        "print",
        "c",
        "if"
      ]
    },
    {
      "alpha": 1.0,
      "layer": 31,
      "kl": 0.17100933194160461,
      "sig": "def subtract(a, b):",
      "orig_top5": [
        "return",
        "\"\"\"",
        "if",
        "c",
        "a"
      ],
      "steered_top5": [
        "return",
        "\"\"\"",
        "if",
        "'''",
        "\""
      ]
    },
    {
      "alpha": 3.0,
      "layer": 0,
      "kl": 0.5821184515953064,
      "sig": "def add(a, b):",
      "orig_top5": [
        "return",
        "c",
        "\"\"\"",
        "a",
        "if"
      ],
      "steered_top5": [
        "return",
        "print",
        "\"\"\"",
        "a",
        "if"
      ]
    },
    {
      "alpha": 3.0,
      "layer": 0,
      "kl": 0.1578521579504013,
      "sig": "def subtract(a, b):",
      "orig_top5": [
        "return",
        "\"\"\"",
        "if",
        "c",
        "a"
      ],
      "steered_top5": [
        "return",
        "\"\"\"",
        "if",
        "a",
        "'''"
      ]
    },
    {
      "alpha": 3.0,
      "layer": 24,
      "kl": 0.5194525122642517,
      "sig": "def add(a, b):",
      "orig_top5": [
        "return",
        "c",
        "\"\"\"",
        "a",
        "if"
      ],
      "steered_top5": [
        "return",
        "\"\"\"",
        "print",
        "'''",
        "if"
      ]
    },
    {
      "alpha": 3.0,
      "layer": 24,
      "kl": 0.5675855875015259,