{
  "fix4_k5_remaining": {
    "18": {
      "fl_acc": 0.0044444444444444444,
      "probe_acc": 0.2974656139588413
    },
    "23": {
      "fl_acc": 0.00522875816993464,
      "probe_acc": 0.3139282581226711
    },
    "27": {
      "fl_acc": 0.005751633986928104,
      "probe_acc": 0.3079025520921361
    }
  },
  "fix5_fixed_positions": {
    "step_0": {
      "0": 0.3,
      "1": 0.3,
      "2": 0.6666666666666667,
      "3": 0.5666666666666667,
      "5": 0.5666666666666667
    },
    "step_5": {
      "0": 0.26666666666666666,
      "1": 0.2333333333333333,
      "2": 0.6666666666666667,
      "3": 0.5666666666666667,
      "5": 0.5666666666666667
    },
    "step_10": {
      "0": 0.16666666666666666,
      "1": 0.16666666666666666,
      "2": 0.6666666666666667,
      "3": 0.5666666666666667,
      "5": 0.5666666666666667
    },
    "step_15": {
      "0": 0.2,
      "1": 0.2,
      "2": 0.6666666666666667,
      "3": 0.5666666666666667,
      "5": 0.5666666666666667
    }
  }
}