condition,signed_strength,steering_applied,n_runs,n_tasks,n_trials,success_rate,mean_reward,pass^1,mean_steps,mean_tool_actions,mean_respond_actions,parse_error_rate,unknown_action_rate,tool_error_rate,transfer_to_human_rate,mean_agent_output_tokens,mean_agent_generation_seconds,success_rate_delta_vs_baseline,pass^1_delta_vs_baseline
baseline,0.0,False,165,165,1,0.43636363636363634,0.43636363636363634,0.43636363636363634,16.848484848484848,8.727272727272727,8.121212121212121,0.15151515151515152,0.0,0.5818181818181818,0.2,1101.290909090909,102.66558254270842,0.0,0.0
steer_immediate_minus128,-128.0,True,165,165,1,0.32727272727272727,0.32727272727272727,0.32727272727272727,17.563636363636363,8.957575757575757,8.606060606060606,0.26666666666666666,0.0,0.7636363636363637,0.17575757575757575,1206.0848484848484,109.22291270458336,-0.10909090909090907,-0.10909090909090907
steer_long_term_plus128,128.0,True,165,165,1,0.28484848484848485,0.28484848484848485,0.28484848484848485,16.44242424242424,8.357575757575757,8.084848484848484,0.18787878787878787,0.0,0.6303030303030303,0.3212121212121212,1307.0969696969696,113.36983121525158,-0.1515151515151515,-0.1515151515151515
