{
  "model": "NousResearch/Meta-Llama-3.1-8B-Instruct",
  "max_context": 32768,
  "seed": 42,
  "n_options": 5,
  "cases_completed": 49,
  "correct": 17,
  "accuracy": 0.3469387755102041,
  "hedging_rate": 1.0,
  "mean_entropy": 0.17606559690608914,
  "mean_logprob": -0.07917906308807654,
  "accuracy_by_context_bin": {
    "0%-20%": {
      "count": 10,
      "correct": 2,
      "accuracy": 0.2,
      "mean_entropy": 0.3330455973929931,
      "hedging_rate": 1.0
    },
    "20%-40%": {
      "count": 11,
      "correct": 3,
      "accuracy": 0.2727272727272727,
      "mean_entropy": 0.1683923550008902,
      "hedging_rate": 1.0
    },
    "40%-60%": {
      "count": 10,
      "correct": 6,
      "accuracy": 0.6,
      "mean_entropy": 0.12783230962715572,
      "hedging_rate": 1.0
    },
    "60%-80%": {
      "count": 12,
      "correct": 3,
      "accuracy": 0.25,
      "mean_entropy": 0.12041287475790129,
      "hedging_rate": 1.0
    },
    "80%-100%": {
      "count": 6,
      "correct": 3,
      "accuracy": 0.5,
      "mean_entropy": 0.12019412934871186,
      "hedging_rate": 1.0
    }
  }
}