train_dataset,feature_name,best_lr_explicit_layer,best_lr_explicit_acc,best_lr_implicit_layer,best_lr_implicit_acc,best_wlr_explicit_layer,best_wlr_explicit_acc,best_wlr_implicit_layer,best_wlr_implicit_acc,best_mm_explicit_layer,best_mm_explicit_acc,best_mm_implicit_layer,best_mm_implicit_acc,best_wmm_explicit_layer,best_wmm_explicit_acc,best_wmm_implicit_layer,best_wmm_implicit_acc
explicit_train_only,last_answer_token,18,1.0,22,0.9483333333333334,14,1.0,18,0.9116666666666666,14,0.96,14,0.78,14,1.0,18,0.9116666666666666
explicit_train_only,mean_answer_tokens,18,0.995,18,0.9233333333333333,14,0.99,22,0.8366666666666667,10,0.98,26,0.8833333333333333,26,0.995,22,0.8383333333333334
explicit_train_plus_redteam_20260322-090107,last_answer_token,14,1.0,22,0.9316666666666666,26,1.0,26,0.8566666666666667,14,0.9,14,0.6416666666666667,22,1.0,26,0.885
explicit_train_plus_redteam_20260322-090107,mean_answer_tokens,18,1.0,18,0.9416666666666667,26,0.99,22,0.7883333333333333,14,0.985,26,0.895,18,0.99,22,0.8383333333333334
explicit_train_plus_redteam_20260322-090107_plus_20260403-183445,last_answer_token,18,1.0,18,0.9216666666666666,22,0.985,26,0.89,14,0.875,14,0.6366666666666667,22,0.99,26,0.895
explicit_train_plus_redteam_20260322-090107_plus_20260403-183445,mean_answer_tokens,18,1.0,18,0.9433333333333334,26,0.99,22,0.8383333333333334,10,0.975,26,0.8433333333333334,18,0.99,22,0.8383333333333334
