2026-08-03 23:01:58,980 - INFO - HTTP Request: GET https://huggingface.co/api/datasets/unrulyabstractions/temporal-awareness "HTTP/1.1 200 OK"
2026-08-03 23:01:59,535 - INFO - Syncing /root/temporal-awareness/out/experiments/loc_llama_investment -> unrulyabstractions/temporal-awareness/localization/loc_llama_investment (dataset)
2026-08-03 23:01:59,536 - INFO - Scanned /root/temporal-awareness/out/experiments/loc_llama_investment: 4 files on disk, 4 to upload (14.3 KB)
2026-08-03 23:01:59,681 - INFO - HTTP Request: POST https://huggingface.co/api/datasets/unrulyabstractions/temporal-awareness/preupload/main "HTTP/1.1 200 OK"
2026-08-03 23:02:31,781 - INFO - HTTP Request: POST https://huggingface.co/api/datasets/unrulyabstractions/temporal-awareness/commit/main "HTTP/1.1 200 OK"
2026-08-03 23:02:31,782 - INFO - [commit 1/1] 4 files, 14.3 KB in 32.2s (452.0 B/s) | pass total 4/4 files, 14.3 KB, 32.2s
2026-08-03 23:02:31,782 - INFO - Waiting 120s for new files (done-file RUN_COMPLETE: absent)
2026-08-03 23:04:31,783 - INFO - Scanned /root/temporal-awareness/out/experiments/loc_llama_investment: 4 files on disk, 1 to upload (1.1 KB)
2026-08-03 23:04:32,052 - INFO - HTTP Request: POST https://huggingface.co/api/datasets/unrulyabstractions/temporal-awareness/preupload/main "HTTP/1.1 200 OK"
2026-08-03 23:04:42,183 - INFO - HTTP Request: POST https://huggingface.co/api/datasets/unrulyabstractions/temporal-awareness/commit/main "HTTP/1.1 200 OK"
2026-08-03 23:04:42,185 - INFO - [commit 1/1] 1 files, 1.1 KB in 10.4s (109.0 B/s) | pass total 1/1 files, 1.1 KB, 10.4s
2026-08-03 23:04:42,185 - INFO - Waiting 120s for new files (done-file RUN_COMPLETE: absent)
2026-08-03 23:06:42,186 - INFO - Scanned /root/temporal-awareness/out/experiments/loc_llama_investment: 4 files on disk, 1 to upload (1.1 KB)
2026-08-03 23:06:42,342 - INFO - HTTP Request: POST https://huggingface.co/api/datasets/unrulyabstractions/temporal-awareness/preupload/main "HTTP/1.1 200 OK"
2026-08-03 23:06:54,256 - INFO - HTTP Request: POST https://huggingface.co/api/datasets/unrulyabstractions/temporal-awareness/commit/main "HTTP/1.1 200 OK"
2026-08-03 23:06:54,257 - INFO - [commit 1/1] 1 files, 1.1 KB in 12.1s (97.0 B/s) | pass total 1/1 files, 1.1 KB, 12.1s
2026-08-03 23:06:54,257 - INFO - Waiting 120s for new files (done-file RUN_COMPLETE: absent)
2026-08-03 23:08:54,258 - INFO - Scanned /root/temporal-awareness/out/experiments/loc_llama_investment: 4 files on disk, 1 to upload (1.3 KB)
2026-08-03 23:08:54,695 - INFO - HTTP Request: POST https://huggingface.co/api/datasets/unrulyabstractions/temporal-awareness/preupload/main "HTTP/1.1 200 OK"
2026-08-03 23:09:06,925 - INFO - HTTP Request: POST https://huggingface.co/api/datasets/unrulyabstractions/temporal-awareness/commit/main "HTTP/1.1 200 OK"
2026-08-03 23:09:06,926 - INFO - [commit 1/1] 1 files, 1.3 KB in 12.7s (103.0 B/s) | pass total 1/1 files, 1.3 KB, 12.7s
2026-08-03 23:09:06,926 - INFO - Waiting 120s for new files (done-file RUN_COMPLETE: absent)
2026-08-03 23:11:06,927 - INFO - Scanned /root/temporal-awareness/out/experiments/loc_llama_investment: 4 files on disk, 1 to upload (1.4 KB)
2026-08-03 23:11:07,209 - INFO - HTTP Request: POST https://huggingface.co/api/datasets/unrulyabstractions/temporal-awareness/preupload/main "HTTP/1.1 200 OK"
2026-08-03 23:11:13,234 - INFO - HTTP Request: POST https://huggingface.co/api/datasets/unrulyabstractions/temporal-awareness/commit/main "HTTP/1.1 200 OK"
2026-08-03 23:11:13,235 - INFO - [commit 1/1] 1 files, 1.4 KB in 6.3s (230.0 B/s) | pass total 1/1 files, 1.4 KB, 6.3s
2026-08-03 23:11:13,235 - INFO - Waiting 120s for new files (done-file RUN_COMPLETE: absent)
2026-08-03 23:13:13,236 - INFO - Scanned /root/temporal-awareness/out/experiments/loc_llama_investment: 4 files on disk, 1 to upload (2.0 KB)
2026-08-03 23:13:13,365 - INFO - HTTP Request: POST https://huggingface.co/api/datasets/unrulyabstractions/temporal-awareness/preupload/main "HTTP/1.1 200 OK"
2026-08-03 23:13:26,615 - INFO - HTTP Request: POST https://huggingface.co/api/datasets/unrulyabstractions/temporal-awareness/commit/main "HTTP/1.1 200 OK"
2026-08-03 23:13:26,616 - INFO - [commit 1/1] 1 files, 2.0 KB in 13.4s (152.0 B/s) | pass total 1/1 files, 2.0 KB, 13.4s
2026-08-03 23:13:26,616 - INFO - Waiting 120s for new files (done-file RUN_COMPLETE: absent)
2026-08-03 23:15:26,617 - INFO - Scanned /root/temporal-awareness/out/experiments/loc_llama_investment: 4 files on disk, 1 to upload (2.5 KB)
2026-08-03 23:15:26,825 - INFO - HTTP Request: POST https://huggingface.co/api/datasets/unrulyabstractions/temporal-awareness/preupload/main "HTTP/1.1 200 OK"
2026-08-03 23:15:34,288 - INFO - HTTP Request: POST https://huggingface.co/api/datasets/unrulyabstractions/temporal-awareness/commit/main "HTTP/1.1 200 OK"
2026-08-03 23:15:34,289 - INFO - [commit 1/1] 1 files, 2.5 KB in 7.7s (330.0 B/s) | pass total 1/1 files, 2.5 KB, 7.7s
2026-08-03 23:15:34,289 - INFO - Waiting 120s for new files (done-file RUN_COMPLETE: absent)
2026-08-03 23:17:34,290 - INFO - Scanned /root/temporal-awareness/out/experiments/loc_llama_investment: 4 files on disk, 1 to upload (2.6 KB)
2026-08-03 23:17:34,604 - INFO - HTTP Request: POST https://huggingface.co/api/datasets/unrulyabstractions/temporal-awareness/preupload/main "HTTP/1.1 200 OK"
2026-08-03 23:17:49,131 - INFO - HTTP Request: POST https://huggingface.co/api/datasets/unrulyabstractions/temporal-awareness/commit/main "HTTP/1.1 200 OK"
2026-08-03 23:17:49,132 - INFO - [commit 1/1] 1 files, 2.6 KB in 14.8s (180.0 B/s) | pass total 1/1 files, 2.6 KB, 14.8s
2026-08-03 23:17:49,133 - INFO - Waiting 120s for new files (done-file RUN_COMPLETE: absent)
2026-08-03 23:19:49,133 - INFO - Scanned /root/temporal-awareness/out/experiments/loc_llama_investment: 4 files on disk, 1 to upload (2.8 KB)
2026-08-03 23:19:49,500 - INFO - HTTP Request: POST https://huggingface.co/api/datasets/unrulyabstractions/temporal-awareness/preupload/main "HTTP/1.1 200 OK"
2026-08-03 23:19:56,630 - INFO - HTTP Request: POST https://huggingface.co/api/datasets/unrulyabstractions/temporal-awareness/commit/main "HTTP/1.1 200 OK"
2026-08-03 23:19:56,631 - INFO - [commit 1/1] 1 files, 2.8 KB in 7.5s (376.0 B/s) | pass total 1/1 files, 2.8 KB, 7.5s
2026-08-03 23:19:56,632 - INFO - Waiting 120s for new files (done-file RUN_COMPLETE: absent)
2026-08-03 23:21:56,632 - INFO - Scanned /root/temporal-awareness/out/experiments/loc_llama_investment: 4 files on disk, 1 to upload (2.9 KB)
2026-08-03 23:21:56,951 - INFO - HTTP Request: POST https://huggingface.co/api/datasets/unrulyabstractions/temporal-awareness/preupload/main "HTTP/1.1 200 OK"
2026-08-03 23:22:10,525 - INFO - HTTP Request: POST https://huggingface.co/api/datasets/unrulyabstractions/temporal-awareness/commit/main "HTTP/1.1 200 OK"
2026-08-03 23:22:10,526 - INFO - [commit 1/1] 1 files, 2.9 KB in 13.9s (213.0 B/s) | pass total 1/1 files, 2.9 KB, 13.9s
2026-08-03 23:22:10,526 - INFO - Waiting 120s for new files (done-file RUN_COMPLETE: absent)
2026-08-03 23:24:10,527 - INFO - Scanned /root/temporal-awareness/out/experiments/loc_llama_investment: 4 files on disk, 1 to upload (3.0 KB)
2026-08-03 23:24:10,646 - INFO - HTTP Request: POST https://huggingface.co/api/datasets/unrulyabstractions/temporal-awareness/preupload/main "HTTP/1.1 200 OK"
2026-08-03 23:24:19,573 - INFO - HTTP Request: POST https://huggingface.co/api/datasets/unrulyabstractions/temporal-awareness/commit/main "HTTP/1.1 200 OK"
2026-08-03 23:24:19,575 - INFO - [commit 1/1] 1 files, 3.0 KB in 9.0s (344.0 B/s) | pass total 1/1 files, 3.0 KB, 9.0s
2026-08-03 23:24:19,575 - INFO - Waiting 120s for new files (done-file RUN_COMPLETE: absent)
2026-08-03 23:26:19,576 - INFO - Scanned /root/temporal-awareness/out/experiments/loc_llama_investment: 4 files on disk, 1 to upload (3.1 KB)
2026-08-03 23:26:19,836 - INFO - HTTP Request: POST https://huggingface.co/api/datasets/unrulyabstractions/temporal-awareness/preupload/main "HTTP/1.1 200 OK"
2026-08-03 23:26:27,901 - INFO - HTTP Request: POST https://huggingface.co/api/datasets/unrulyabstractions/temporal-awareness/commit/main "HTTP/1.1 200 OK"
2026-08-03 23:26:27,903 - INFO - [commit 1/1] 1 files, 3.1 KB in 8.3s (377.0 B/s) | pass total 1/1 files, 3.1 KB, 8.3s
2026-08-03 23:26:27,903 - INFO - Waiting 120s for new files (done-file RUN_COMPLETE: absent)
2026-08-03 23:28:27,904 - INFO - Scanned /root/temporal-awareness/out/experiments/loc_llama_investment: 4 files on disk, 1 to upload (3.2 KB)
2026-08-03 23:28:28,225 - INFO - HTTP Request: POST https://huggingface.co/api/datasets/unrulyabstractions/temporal-awareness/preupload/main "HTTP/1.1 200 OK"
2026-08-03 23:28:35,372 - INFO - HTTP Request: POST https://huggingface.co/api/datasets/unrulyabstractions/temporal-awareness/commit/main "HTTP/1.1 200 OK"
2026-08-03 23:28:35,372 - INFO - [commit 1/1] 1 files, 3.2 KB in 7.5s (440.0 B/s) | pass total 1/1 files, 3.2 KB, 7.5s
2026-08-03 23:28:35,373 - INFO - Waiting 120s for new files (done-file RUN_COMPLETE: absent)
2026-08-03 23:30:35,373 - INFO - Scanned /root/temporal-awareness/out/experiments/loc_llama_investment: 4 files on disk, 1 to upload (3.4 KB)
2026-08-03 23:30:35,497 - INFO - HTTP Request: POST https://huggingface.co/api/datasets/unrulyabstractions/temporal-awareness/preupload/main "HTTP/1.1 200 OK"
2026-08-03 23:30:41,935 - INFO - HTTP Request: POST https://huggingface.co/api/datasets/unrulyabstractions/temporal-awareness/commit/main "HTTP/1.1 200 OK"
2026-08-03 23:30:41,937 - INFO - [commit 1/1] 1 files, 3.4 KB in 6.6s (523.0 B/s) | pass total 1/1 files, 3.4 KB, 6.6s
2026-08-03 23:30:41,937 - INFO - Waiting 120s for new files (done-file RUN_COMPLETE: absent)
2026-08-03 23:32:41,938 - INFO - Scanned /root/temporal-awareness/out/experiments/loc_llama_investment: 4 files on disk, 1 to upload (3.4 KB)
2026-08-03 23:32:42,225 - INFO - HTTP Request: POST https://huggingface.co/api/datasets/unrulyabstractions/temporal-awareness/preupload/main "HTTP/1.1 200 OK"
2026-08-03 23:32:47,335 - INFO - HTTP Request: POST https://huggingface.co/api/datasets/unrulyabstractions/temporal-awareness/commit/main "HTTP/1.1 200 OK"
2026-08-03 23:32:47,337 - INFO - [commit 1/1] 1 files, 3.4 KB in 5.4s (641.0 B/s) | pass total 1/1 files, 3.4 KB, 5.4s
2026-08-03 23:32:47,337 - INFO - Waiting 120s for new files (done-file RUN_COMPLETE: absent)
2026-08-03 23:34:47,338 - INFO - Scanned /root/temporal-awareness/out/experiments/loc_llama_investment: 4 files on disk, 1 to upload (3.5 KB)
2026-08-03 23:34:47,512 - INFO - HTTP Request: POST https://huggingface.co/api/datasets/unrulyabstractions/temporal-awareness/preupload/main "HTTP/1.1 200 OK"
2026-08-03 23:34:56,589 - INFO - HTTP Request: POST https://huggingface.co/api/datasets/unrulyabstractions/temporal-awareness/commit/main "HTTP/1.1 200 OK"
2026-08-03 23:34:56,592 - INFO - [commit 1/1] 1 files, 3.5 KB in 9.3s (390.0 B/s) | pass total 1/1 files, 3.5 KB, 9.3s
2026-08-03 23:34:56,592 - INFO - Waiting 120s for new files (done-file RUN_COMPLETE: absent)
2026-08-03 23:36:56,593 - INFO - Scanned /root/temporal-awareness/out/experiments/loc_llama_investment: 4 files on disk, 1 to upload (3.7 KB)
2026-08-03 23:36:56,812 - INFO - HTTP Request: POST https://huggingface.co/api/datasets/unrulyabstractions/temporal-awareness/preupload/main "HTTP/1.1 200 OK"
2026-08-03 23:37:05,636 - INFO - HTTP Request: POST https://huggingface.co/api/datasets/unrulyabstractions/temporal-awareness/commit/main "HTTP/1.1 200 OK"
2026-08-03 23:37:05,637 - INFO - [commit 1/1] 1 files, 3.7 KB in 9.0s (413.0 B/s) | pass total 1/1 files, 3.7 KB, 9.0s
2026-08-03 23:37:05,638 - INFO - Waiting 120s for new files (done-file RUN_COMPLETE: absent)
2026-08-03 23:39:05,638 - INFO - Scanned /root/temporal-awareness/out/experiments/loc_llama_investment: 4 files on disk, 1 to upload (3.8 KB)
2026-08-03 23:39:05,978 - INFO - HTTP Request: POST https://huggingface.co/api/datasets/unrulyabstractions/temporal-awareness/preupload/main "HTTP/1.1 200 OK"
2026-08-03 23:39:11,451 - INFO - HTTP Request: POST https://huggingface.co/api/datasets/unrulyabstractions/temporal-awareness/commit/main "HTTP/1.1 200 OK"
2026-08-03 23:39:11,453 - INFO - [commit 1/1] 1 files, 3.8 KB in 5.8s (668.0 B/s) | pass total 1/1 files, 3.8 KB, 5.8s
2026-08-03 23:39:11,453 - INFO - Waiting 120s for new files (done-file RUN_COMPLETE: absent)
2026-08-03 23:41:11,454 - INFO - Scanned /root/temporal-awareness/out/experiments/loc_llama_investment: 4 files on disk, 1 to upload (3.8 KB)
2026-08-03 23:41:11,627 - INFO - HTTP Request: POST https://huggingface.co/api/datasets/unrulyabstractions/temporal-awareness/preupload/main "HTTP/1.1 200 OK"
2026-08-03 23:41:18,906 - INFO - HTTP Request: POST https://huggingface.co/api/datasets/unrulyabstractions/temporal-awareness/commit/main "HTTP/1.1 200 OK"
2026-08-03 23:41:18,913 - INFO - [commit 1/1] 1 files, 3.8 KB in 7.5s (526.0 B/s) | pass total 1/1 files, 3.8 KB, 7.5s
2026-08-03 23:41:18,914 - INFO - Waiting 120s for new files (done-file RUN_COMPLETE: absent)
2026-08-03 23:43:18,914 - INFO - Scanned /root/temporal-awareness/out/experiments/loc_llama_investment: 4 files on disk, 1 to upload (4.0 KB)
2026-08-03 23:43:19,534 - INFO - HTTP Request: POST https://huggingface.co/api/datasets/unrulyabstractions/temporal-awareness/preupload/main "HTTP/1.1 200 OK"
2026-08-03 23:43:26,753 - INFO - HTTP Request: POST https://huggingface.co/api/datasets/unrulyabstractions/temporal-awareness/commit/main "HTTP/1.1 200 OK"
2026-08-03 23:43:26,762 - INFO - [commit 1/1] 1 files, 4.0 KB in 7.8s (519.0 B/s) | pass total 1/1 files, 4.0 KB, 7.8s
2026-08-03 23:43:26,762 - INFO - Waiting 120s for new files (done-file RUN_COMPLETE: absent)
2026-08-03 23:45:26,763 - INFO - Scanned /root/temporal-awareness/out/experiments/loc_llama_investment: 4 files on disk, 1 to upload (4.1 KB)
2026-08-03 23:45:26,853 - INFO - HTTP Request: POST https://huggingface.co/api/datasets/unrulyabstractions/temporal-awareness/preupload/main "HTTP/1.1 429 Too Many Requests"
HTTP Error 429 thrown while requesting POST https://huggingface.co/api/datasets/unrulyabstractions/temporal-awareness/preupload/main
2026-08-03 23:45:26,854 - WARNING - HTTP Error 429 thrown while requesting POST https://huggingface.co/api/datasets/unrulyabstractions/temporal-awareness/preupload/main
Rate limited. Waiting 60.0s before retry [Retry 1/5].
2026-08-03 23:45:26,854 - WARNING - Rate limited. Waiting 60.0s before retry [Retry 1/5].
2026-08-03 23:46:27,042 - INFO - HTTP Request: POST https://huggingface.co/api/datasets/unrulyabstractions/temporal-awareness/preupload/main "HTTP/1.1 200 OK"
2026-08-03 23:46:46,164 - INFO - HTTP Request: POST https://huggingface.co/api/datasets/unrulyabstractions/temporal-awareness/commit/main "HTTP/1.1 200 OK"
2026-08-03 23:46:46,166 - INFO - [commit 1/1] 1 files, 4.1 KB in 1m19s (53.0 B/s) | pass total 1/1 files, 4.1 KB, 1m19s
2026-08-03 23:46:46,166 - INFO - Waiting 120s for new files (done-file RUN_COMPLETE: absent)
2026-08-03 23:48:46,167 - INFO - Scanned /root/temporal-awareness/out/experiments/loc_llama_investment: 4 files on disk, 1 to upload (4.3 KB)
2026-08-03 23:48:46,315 - INFO - HTTP Request: POST https://huggingface.co/api/datasets/unrulyabstractions/temporal-awareness/preupload/main "HTTP/1.1 429 Too Many Requests"
HTTP Error 429 thrown while requesting POST https://huggingface.co/api/datasets/unrulyabstractions/temporal-awareness/preupload/main
2026-08-03 23:48:46,315 - WARNING - HTTP Error 429 thrown while requesting POST https://huggingface.co/api/datasets/unrulyabstractions/temporal-awareness/preupload/main
Rate limited. Waiting 160.0s before retry [Retry 1/5].
2026-08-03 23:48:46,315 - WARNING - Rate limited. Waiting 160.0s before retry [Retry 1/5].
2026-08-03 23:51:26,430 - INFO - HTTP Request: POST https://huggingface.co/api/datasets/unrulyabstractions/temporal-awareness/preupload/main "HTTP/1.1 200 OK"
2026-08-03 23:51:39,492 - INFO - HTTP Request: POST https://huggingface.co/api/datasets/unrulyabstractions/temporal-awareness/commit/main "HTTP/1.1 200 OK"
2026-08-03 23:51:39,501 - INFO - [commit 1/1] 1 files, 4.3 KB in 2m53s (25.0 B/s) | pass total 1/1 files, 4.3 KB, 2m53s
2026-08-03 23:51:39,501 - INFO - Waiting 120s for new files (done-file RUN_COMPLETE: absent)
2026-08-03 23:53:39,502 - INFO - Scanned /root/temporal-awareness/out/experiments/loc_llama_investment: 4 files on disk, 1 to upload (4.6 KB)
2026-08-03 23:53:39,643 - INFO - HTTP Request: POST https://huggingface.co/api/datasets/unrulyabstractions/temporal-awareness/preupload/main "HTTP/1.1 429 Too Many Requests"
HTTP Error 429 thrown while requesting POST https://huggingface.co/api/datasets/unrulyabstractions/temporal-awareness/preupload/main
2026-08-03 23:53:39,643 - WARNING - HTTP Error 429 thrown while requesting POST https://huggingface.co/api/datasets/unrulyabstractions/temporal-awareness/preupload/main
Rate limited. Waiting 167.0s before retry [Retry 1/5].
2026-08-03 23:53:39,643 - WARNING - Rate limited. Waiting 167.0s before retry [Retry 1/5].
2026-08-03 23:56:26,748 - INFO - HTTP Request: POST https://huggingface.co/api/datasets/unrulyabstractions/temporal-awareness/preupload/main "HTTP/1.1 200 OK"
2026-08-03 23:56:49,876 - INFO - HTTP Request: POST https://huggingface.co/api/datasets/unrulyabstractions/temporal-awareness/commit/main "HTTP/1.1 200 OK"
2026-08-03 23:56:49,879 - INFO - [commit 1/1] 1 files, 4.6 KB in 3m10s (24.0 B/s) | pass total 1/1 files, 4.6 KB, 3m10s
2026-08-03 23:56:49,879 - INFO - Waiting 120s for new files (done-file RUN_COMPLETE: absent)
2026-08-03 23:58:49,880 - INFO - Scanned /root/temporal-awareness/out/experiments/loc_llama_investment: 4 files on disk, 1 to upload (4.9 KB)
2026-08-03 23:58:50,032 - INFO - HTTP Request: POST https://huggingface.co/api/datasets/unrulyabstractions/temporal-awareness/preupload/main "HTTP/1.1 429 Too Many Requests"
HTTP Error 429 thrown while requesting POST https://huggingface.co/api/datasets/unrulyabstractions/temporal-awareness/preupload/main
2026-08-03 23:58:50,033 - WARNING - HTTP Error 429 thrown while requesting POST https://huggingface.co/api/datasets/unrulyabstractions/temporal-awareness/preupload/main
Rate limited. Waiting 157.0s before retry [Retry 1/5].
2026-08-03 23:58:50,033 - WARNING - Rate limited. Waiting 157.0s before retry [Retry 1/5].
2026-08-04 00:01:27,191 - INFO - HTTP Request: POST https://huggingface.co/api/datasets/unrulyabstractions/temporal-awareness/preupload/main "HTTP/1.1 200 OK"
2026-08-04 00:01:32,917 - INFO - HTTP Request: POST https://huggingface.co/api/datasets/unrulyabstractions/temporal-awareness/commit/main "HTTP/1.1 200 OK"
2026-08-04 00:01:32,977 - INFO - [commit 1/1] 1 files, 4.9 KB in 2m43s (30.0 B/s) | pass total 1/1 files, 4.9 KB, 2m43s
2026-08-04 00:01:32,978 - INFO - Waiting 120s for new files (done-file RUN_COMPLETE: absent)
2026-08-04 00:03:32,978 - INFO - Scanned /root/temporal-awareness/out/experiments/loc_llama_investment: 4 files on disk, 1 to upload (5.0 KB)
2026-08-04 00:03:33,147 - INFO - HTTP Request: POST https://huggingface.co/api/datasets/unrulyabstractions/temporal-awareness/preupload/main "HTTP/1.1 200 OK"
2026-08-04 00:03:39,766 - INFO - HTTP Request: POST https://huggingface.co/api/datasets/unrulyabstractions/temporal-awareness/commit/main "HTTP/1.1 200 OK"
2026-08-04 00:03:39,772 - INFO - [commit 1/1] 1 files, 5.0 KB in 6.8s (760.0 B/s) | pass total 1/1 files, 5.0 KB, 6.8s
2026-08-04 00:03:39,772 - INFO - Waiting 120s for new files (done-file RUN_COMPLETE: absent)
2026-08-04 00:05:39,773 - INFO - Scanned /root/temporal-awareness/out/experiments/loc_llama_investment: 4 files on disk, 1 to upload (5.2 KB)
2026-08-04 00:05:39,962 - INFO - HTTP Request: POST https://huggingface.co/api/datasets/unrulyabstractions/temporal-awareness/preupload/main "HTTP/1.1 200 OK"
2026-08-04 00:05:56,965 - INFO - HTTP Request: POST https://huggingface.co/api/datasets/unrulyabstractions/temporal-awareness/commit/main "HTTP/1.1 200 OK"
2026-08-04 00:05:56,969 - INFO - [commit 1/1] 1 files, 5.2 KB in 17.2s (309.0 B/s) | pass total 1/1 files, 5.2 KB, 17.2s
2026-08-04 00:05:56,969 - INFO - Waiting 120s for new files (done-file RUN_COMPLETE: absent)
2026-08-04 00:07:56,970 - INFO - Scanned /root/temporal-awareness/out/experiments/loc_llama_investment: 4 files on disk, 1 to upload (5.3 KB)
2026-08-04 00:07:57,122 - INFO - HTTP Request: POST https://huggingface.co/api/datasets/unrulyabstractions/temporal-awareness/preupload/main "HTTP/1.1 200 OK"
2026-08-04 00:08:02,281 - INFO - HTTP Request: POST https://huggingface.co/api/datasets/unrulyabstractions/temporal-awareness/commit/main "HTTP/1.1 200 OK"
2026-08-04 00:08:02,283 - INFO - [commit 1/1] 1 files, 5.3 KB in 5.3s (1.0 KB/s) | pass total 1/1 files, 5.3 KB, 5.3s
2026-08-04 00:08:02,283 - INFO - Waiting 120s for new files (done-file RUN_COMPLETE: absent)
2026-08-04 00:10:02,284 - INFO - Scanned /root/temporal-awareness/out/experiments/loc_llama_investment: 4 files on disk, 1 to upload (5.4 KB)
2026-08-04 00:10:02,454 - INFO - HTTP Request: POST https://huggingface.co/api/datasets/unrulyabstractions/temporal-awareness/preupload/main "HTTP/1.1 200 OK"
2026-08-04 00:10:14,703 - INFO - HTTP Request: POST https://huggingface.co/api/datasets/unrulyabstractions/temporal-awareness/commit/main "HTTP/1.1 200 OK"
2026-08-04 00:10:14,705 - INFO - [commit 1/1] 1 files, 5.4 KB in 12.4s (442.0 B/s) | pass total 1/1 files, 5.4 KB, 12.4s
2026-08-04 00:10:14,705 - INFO - Waiting 120s for new files (done-file RUN_COMPLETE: absent)
2026-08-04 00:12:14,706 - INFO - Scanned /root/temporal-awareness/out/experiments/loc_llama_investment: 4 files on disk, 1 to upload (5.5 KB)
2026-08-04 00:12:14,828 - INFO - HTTP Request: POST https://huggingface.co/api/datasets/unrulyabstractions/temporal-awareness/preupload/main "HTTP/1.1 200 OK"
2026-08-04 00:12:25,046 - INFO - HTTP Request: POST https://huggingface.co/api/datasets/unrulyabstractions/temporal-awareness/commit/main "HTTP/1.1 200 OK"
2026-08-04 00:12:25,048 - INFO - [commit 1/1] 1 files, 5.5 KB in 10.3s (546.0 B/s) | pass total 1/1 files, 5.5 KB, 10.3s
2026-08-04 00:12:25,048 - INFO - Waiting 120s for new files (done-file RUN_COMPLETE: absent)
2026-08-04 00:14:25,049 - INFO - Scanned /root/temporal-awareness/out/experiments/loc_llama_investment: 4 files on disk, 1 to upload (5.7 KB)
2026-08-04 00:14:25,168 - INFO - HTTP Request: POST https://huggingface.co/api/datasets/unrulyabstractions/temporal-awareness/preupload/main "HTTP/1.1 200 OK"
2026-08-04 00:14:40,331 - INFO - HTTP Request: POST https://huggingface.co/api/datasets/unrulyabstractions/temporal-awareness/commit/main "HTTP/1.1 200 OK"
2026-08-04 00:14:40,333 - INFO - [commit 1/1] 1 files, 5.7 KB in 15.3s (379.0 B/s) | pass total 1/1 files, 5.7 KB, 15.3s
2026-08-04 00:14:40,334 - INFO - Waiting 120s for new files (done-file RUN_COMPLETE: absent)
2026-08-04 00:16:40,334 - INFO - Scanned /root/temporal-awareness/out/experiments/loc_llama_investment: 4 files on disk, 1 to upload (5.8 KB)
2026-08-04 00:16:40,491 - INFO - HTTP Request: POST https://huggingface.co/api/datasets/unrulyabstractions/temporal-awareness/preupload/main "HTTP/1.1 200 OK"
2026-08-04 00:16:48,601 - INFO - HTTP Request: POST https://huggingface.co/api/datasets/unrulyabstractions/temporal-awareness/commit/main "HTTP/1.1 200 OK"
2026-08-04 00:16:48,603 - INFO - [commit 1/1] 1 files, 5.8 KB in 8.3s (719.0 B/s) | pass total 1/1 files, 5.8 KB, 8.3s
2026-08-04 00:16:48,603 - INFO - Waiting 120s for new files (done-file RUN_COMPLETE: absent)
2026-08-04 00:18:48,604 - INFO - Scanned /root/temporal-awareness/out/experiments/loc_llama_investment: 4 files on disk, 1 to upload (6.0 KB)
2026-08-04 00:18:48,790 - INFO - HTTP Request: POST https://huggingface.co/api/datasets/unrulyabstractions/temporal-awareness/preupload/main "HTTP/1.1 200 OK"
2026-08-04 00:18:55,884 - INFO - HTTP Request: POST https://huggingface.co/api/datasets/unrulyabstractions/temporal-awareness/commit/main "HTTP/1.1 200 OK"
2026-08-04 00:18:55,885 - INFO - [commit 1/1] 1 files, 6.0 KB in 7.3s (837.0 B/s) | pass total 1/1 files, 6.0 KB, 7.3s
2026-08-04 00:18:55,885 - INFO - Waiting 120s for new files (done-file RUN_COMPLETE: absent)
2026-08-04 00:20:55,886 - INFO - Scanned /root/temporal-awareness/out/experiments/loc_llama_investment: 4 files on disk, 1 to upload (6.0 KB)
2026-08-04 00:20:56,001 - INFO - HTTP Request: POST https://huggingface.co/api/datasets/unrulyabstractions/temporal-awareness/preupload/main "HTTP/1.1 200 OK"
2026-08-04 00:21:05,253 - INFO - HTTP Request: POST https://huggingface.co/api/datasets/unrulyabstractions/temporal-awareness/commit/main "HTTP/1.1 200 OK"
2026-08-04 00:21:05,264 - INFO - [commit 1/1] 1 files, 6.0 KB in 9.4s (653.0 B/s) | pass total 1/1 files, 6.0 KB, 9.4s
2026-08-04 00:21:05,264 - INFO - Waiting 120s for new files (done-file RUN_COMPLETE: absent)
2026-08-04 00:23:05,265 - INFO - Scanned /root/temporal-awareness/out/experiments/loc_llama_investment: 4 files on disk, 1 to upload (6.1 KB)
2026-08-04 00:23:05,384 - INFO - HTTP Request: POST https://huggingface.co/api/datasets/unrulyabstractions/temporal-awareness/preupload/main "HTTP/1.1 200 OK"
2026-08-04 00:23:14,524 - INFO - HTTP Request: POST https://huggingface.co/api/datasets/unrulyabstractions/temporal-awareness/commit/main "HTTP/1.1 200 OK"
2026-08-04 00:23:14,525 - INFO - [commit 1/1] 1 files, 6.1 KB in 9.3s (678.0 B/s) | pass total 1/1 files, 6.1 KB, 9.3s
2026-08-04 00:23:14,526 - INFO - Waiting 120s for new files (done-file RUN_COMPLETE: absent)
2026-08-04 00:25:14,526 - INFO - Scanned /root/temporal-awareness/out/experiments/loc_llama_investment: 4 files on disk, 1 to upload (6.3 KB)
2026-08-04 00:25:14,707 - INFO - HTTP Request: POST https://huggingface.co/api/datasets/unrulyabstractions/temporal-awareness/preupload/main "HTTP/1.1 200 OK"
2026-08-04 00:25:19,547 - INFO - HTTP Request: POST https://huggingface.co/api/datasets/unrulyabstractions/temporal-awareness/commit/main "HTTP/1.1 200 OK"
2026-08-04 00:25:19,548 - INFO - [commit 1/1] 1 files, 6.3 KB in 5.0s (1.2 KB/s) | pass total 1/1 files, 6.3 KB, 5.0s
2026-08-04 00:25:19,548 - INFO - Waiting 120s for new files (done-file RUN_COMPLETE: absent)
2026-08-04 00:27:19,549 - INFO - Scanned /root/temporal-awareness/out/experiments/loc_llama_investment: 4 files on disk, 1 to upload (6.3 KB)
2026-08-04 00:27:19,719 - INFO - HTTP Request: POST https://huggingface.co/api/datasets/unrulyabstractions/temporal-awareness/preupload/main "HTTP/1.1 200 OK"
2026-08-04 00:27:23,957 - INFO - HTTP Request: POST https://huggingface.co/api/datasets/unrulyabstractions/temporal-awareness/commit/main "HTTP/1.1 200 OK"
2026-08-04 00:27:23,958 - INFO - [commit 1/1] 1 files, 6.3 KB in 4.4s (1.4 KB/s) | pass total 1/1 files, 6.3 KB, 4.4s
2026-08-04 00:27:23,958 - INFO - Waiting 120s for new files (done-file RUN_COMPLETE: absent)
2026-08-04 00:29:23,959 - INFO - Scanned /root/temporal-awareness/out/experiments/loc_llama_investment: 4 files on disk, 1 to upload (6.5 KB)
2026-08-04 00:29:24,142 - INFO - HTTP Request: POST https://huggingface.co/api/datasets/unrulyabstractions/temporal-awareness/preupload/main "HTTP/1.1 200 OK"
2026-08-04 00:29:30,149 - INFO - HTTP Request: POST https://huggingface.co/api/datasets/unrulyabstractions/temporal-awareness/commit/main "HTTP/1.1 200 OK"
2026-08-04 00:29:30,150 - INFO - [commit 1/1] 1 files, 6.5 KB in 6.2s (1.0 KB/s) | pass total 1/1 files, 6.5 KB, 6.2s
2026-08-04 00:29:30,151 - INFO - Waiting 120s for new files (done-file RUN_COMPLETE: absent)
2026-08-04 00:31:30,151 - INFO - Scanned /root/temporal-awareness/out/experiments/loc_llama_investment: 4 files on disk, 1 to upload (15.7 KB)
2026-08-04 00:31:30,403 - INFO - HTTP Request: POST https://huggingface.co/api/datasets/unrulyabstractions/temporal-awareness/preupload/main "HTTP/1.1 200 OK"
2026-08-04 00:31:38,431 - INFO - HTTP Request: POST https://huggingface.co/api/datasets/unrulyabstractions/temporal-awareness/commit/main "HTTP/1.1 200 OK"
2026-08-04 00:31:38,433 - INFO - [commit 1/1] 1 files, 15.7 KB in 8.3s (1.9 KB/s) | pass total 1/1 files, 15.7 KB, 8.3s
2026-08-04 00:31:38,433 - INFO - Waiting 120s for new files (done-file RUN_COMPLETE: absent)
2026-08-04 00:33:38,434 - INFO - Scanned /root/temporal-awareness/out/experiments/loc_llama_investment: 8 files on disk, 5 to upload (157.5 KB)
2026-08-04 00:33:38,547 - INFO - HTTP Request: POST https://huggingface.co/api/datasets/unrulyabstractions/temporal-awareness/preupload/main "HTTP/1.1 200 OK"
2026-08-04 00:33:47,332 - INFO - HTTP Request: POST https://huggingface.co/api/datasets/unrulyabstractions/temporal-awareness/commit/main "HTTP/1.1 200 OK"
2026-08-04 00:33:47,333 - INFO - [commit 1/1] 5 files, 157.5 KB in 8.9s (17.7 KB/s) | pass total 5/5 files, 157.5 KB, 8.9s
2026-08-04 00:33:47,333 - INFO - Waiting 120s for new files (done-file RUN_COMPLETE: absent)
2026-08-04 00:35:47,335 - INFO - Scanned /root/temporal-awareness/out/experiments/loc_llama_investment: 9 files on disk, 2 to upload (323.6 KB)
2026-08-04 00:35:47,512 - INFO - HTTP Request: POST https://huggingface.co/api/datasets/unrulyabstractions/temporal-awareness/preupload/main "HTTP/1.1 200 OK"
2026-08-04 00:35:56,091 - INFO - HTTP Request: POST https://huggingface.co/api/datasets/unrulyabstractions/temporal-awareness/commit/main "HTTP/1.1 200 OK"
2026-08-04 00:35:56,092 - INFO - [commit 1/1] 2 files, 323.6 KB in 8.8s (37.0 KB/s) | pass total 2/2 files, 323.6 KB, 8.8s
2026-08-04 00:35:56,092 - INFO - Waiting 120s for new files (done-file RUN_COMPLETE: absent)
2026-08-04 00:37:56,094 - INFO - Scanned /root/temporal-awareness/out/experiments/loc_llama_investment: 9 files on disk, 1 to upload (30.5 KB)
2026-08-04 00:37:56,202 - INFO - HTTP Request: POST https://huggingface.co/api/datasets/unrulyabstractions/temporal-awareness/preupload/main "HTTP/1.1 200 OK"
2026-08-04 00:38:00,924 - INFO - HTTP Request: POST https://huggingface.co/api/datasets/unrulyabstractions/temporal-awareness/commit/main "HTTP/1.1 200 OK"
2026-08-04 00:38:00,925 - INFO - [commit 1/1] 1 files, 30.5 KB in 4.8s (6.3 KB/s) | pass total 1/1 files, 30.5 KB, 4.8s
2026-08-04 00:38:00,926 - INFO - Waiting 120s for new files (done-file RUN_COMPLETE: absent)
2026-08-04 00:40:00,927 - INFO - Scanned /root/temporal-awareness/out/experiments/loc_llama_investment: 10 files on disk, 2 to upload (332.8 KB)
2026-08-04 00:40:01,048 - INFO - HTTP Request: POST https://huggingface.co/api/datasets/unrulyabstractions/temporal-awareness/preupload/main "HTTP/1.1 200 OK"
2026-08-04 00:40:05,914 - INFO - HTTP Request: POST https://huggingface.co/api/datasets/unrulyabstractions/temporal-awareness/commit/main "HTTP/1.1 200 OK"
2026-08-04 00:40:05,915 - INFO - [commit 1/1] 2 files, 332.8 KB in 5.0s (66.7 KB/s) | pass total 2/2 files, 332.8 KB, 5.0s
2026-08-04 00:40:05,915 - INFO - Waiting 120s for new files (done-file RUN_COMPLETE: absent)
2026-08-04 00:42:05,917 - INFO - Scanned /root/temporal-awareness/out/experiments/loc_llama_investment: 15 files on disk, 6 to upload (475.6 KB)
2026-08-04 00:42:06,085 - INFO - HTTP Request: POST https://huggingface.co/api/datasets/unrulyabstractions/temporal-awareness/preupload/main "HTTP/1.1 200 OK"
2026-08-04 00:42:10,727 - INFO - HTTP Request: POST https://huggingface.co/api/datasets/unrulyabstractions/temporal-awareness/commit/main "HTTP/1.1 200 OK"
2026-08-04 00:42:10,729 - INFO - [commit 1/1] 6 files, 475.6 KB in 4.8s (98.8 KB/s) | pass total 6/6 files, 475.6 KB, 4.8s
2026-08-04 00:42:10,729 - INFO - Waiting 120s for new files (done-file RUN_COMPLETE: absent)
2026-08-04 00:44:10,731 - INFO - Scanned /root/temporal-awareness/out/experiments/loc_llama_investment: 15 files on disk, 1 to upload (45.6 KB)
2026-08-04 00:44:10,851 - INFO - HTTP Request: POST https://huggingface.co/api/datasets/unrulyabstractions/temporal-awareness/preupload/main "HTTP/1.1 200 OK"
2026-08-04 00:44:15,983 - INFO - HTTP Request: POST https://huggingface.co/api/datasets/unrulyabstractions/temporal-awareness/commit/main "HTTP/1.1 200 OK"
2026-08-04 00:44:15,985 - INFO - [commit 1/1] 1 files, 45.6 KB in 5.3s (8.7 KB/s) | pass total 1/1 files, 45.6 KB, 5.3s
2026-08-04 00:44:15,985 - INFO - Waiting 120s for new files (done-file RUN_COMPLETE: absent)
2026-08-04 00:46:15,987 - INFO - Scanned /root/temporal-awareness/out/experiments/loc_llama_investment: 16 files on disk, 2 to upload (347.7 KB)
2026-08-04 00:46:16,112 - INFO - HTTP Request: POST https://huggingface.co/api/datasets/unrulyabstractions/temporal-awareness/preupload/main "HTTP/1.1 200 OK"
2026-08-04 00:46:21,143 - INFO - HTTP Request: POST https://huggingface.co/api/datasets/unrulyabstractions/temporal-awareness/commit/main "HTTP/1.1 200 OK"
2026-08-04 00:46:21,144 - INFO - [commit 1/1] 2 files, 347.7 KB in 5.2s (67.4 KB/s) | pass total 2/2 files, 347.7 KB, 5.2s
2026-08-04 00:46:21,145 - INFO - Waiting 120s for new files (done-file RUN_COMPLETE: absent)
2026-08-04 00:48:21,146 - INFO - Scanned /root/temporal-awareness/out/experiments/loc_llama_investment: 16 files on disk, 1 to upload (54.5 KB)
2026-08-04 00:48:21,317 - INFO - HTTP Request: POST https://huggingface.co/api/datasets/unrulyabstractions/temporal-awareness/preupload/main "HTTP/1.1 200 OK"
2026-08-04 00:48:25,704 - INFO - HTTP Request: POST https://huggingface.co/api/datasets/unrulyabstractions/temporal-awareness/commit/main "HTTP/1.1 200 OK"
2026-08-04 00:48:25,711 - INFO - [commit 1/1] 1 files, 54.5 KB in 4.6s (11.9 KB/s) | pass total 1/1 files, 54.5 KB, 4.6s
2026-08-04 00:48:25,711 - INFO - Waiting 120s for new files (done-file RUN_COMPLETE: absent)
2026-08-04 00:50:25,713 - INFO - Scanned /root/temporal-awareness/out/experiments/loc_llama_investment: 17 files on disk, 2 to upload (356.6 KB)
2026-08-04 00:50:25,836 - INFO - HTTP Request: POST https://huggingface.co/api/datasets/unrulyabstractions/temporal-awareness/preupload/main "HTTP/1.1 200 OK"
2026-08-04 00:50:30,484 - INFO - HTTP Request: POST https://huggingface.co/api/datasets/unrulyabstractions/temporal-awareness/commit/main "HTTP/1.1 200 OK"
2026-08-04 00:50:30,486 - INFO - [commit 1/1] 2 files, 356.6 KB in 4.8s (74.7 KB/s) | pass total 2/2 files, 356.6 KB, 4.8s
2026-08-04 00:50:30,486 - INFO - Waiting 120s for new files (done-file RUN_COMPLETE: absent)
2026-08-04 00:52:30,488 - INFO - Scanned /root/temporal-awareness/out/experiments/loc_llama_investment: 22 files on disk, 6 to upload (499.4 KB)
2026-08-04 00:52:30,662 - INFO - HTTP Request: POST https://huggingface.co/api/datasets/unrulyabstractions/temporal-awareness/preupload/main "HTTP/1.1 200 OK"
2026-08-04 00:52:35,863 - INFO - HTTP Request: POST https://huggingface.co/api/datasets/unrulyabstractions/temporal-awareness/commit/main "HTTP/1.1 200 OK"
2026-08-04 00:52:35,865 - INFO - [commit 1/1] 6 files, 499.4 KB in 5.4s (92.9 KB/s) | pass total 6/6 files, 499.4 KB, 5.4s
2026-08-04 00:52:35,865 - INFO - Waiting 120s for new files (done-file RUN_COMPLETE: absent)
2026-08-04 00:54:35,867 - INFO - Scanned /root/temporal-awareness/out/experiments/loc_llama_investment: 22 files on disk, 1 to upload (69.4 KB)
2026-08-04 00:54:36,029 - INFO - HTTP Request: POST https://huggingface.co/api/datasets/unrulyabstractions/temporal-awareness/preupload/main "HTTP/1.1 200 OK"
2026-08-04 00:54:40,847 - INFO - HTTP Request: POST https://huggingface.co/api/datasets/unrulyabstractions/temporal-awareness/commit/main "HTTP/1.1 200 OK"
2026-08-04 00:54:40,848 - INFO - [commit 1/1] 1 files, 69.4 KB in 5.0s (13.9 KB/s) | pass total 1/1 files, 69.4 KB, 5.0s
2026-08-04 00:54:40,849 - INFO - Waiting 120s for new files (done-file RUN_COMPLETE: absent)
2026-08-04 00:56:40,851 - INFO - Scanned /root/temporal-awareness/out/experiments/loc_llama_investment: 23 files on disk, 2 to upload (371.5 KB)
2026-08-04 00:56:41,018 - INFO - HTTP Request: POST https://huggingface.co/api/datasets/unrulyabstractions/temporal-awareness/preupload/main "HTTP/1.1 200 OK"
2026-08-04 00:56:54,214 - INFO - HTTP Request: POST https://huggingface.co/api/datasets/unrulyabstractions/temporal-awareness/commit/main "HTTP/1.1 200 OK"
2026-08-04 00:56:54,216 - INFO - [commit 1/1] 2 files, 371.5 KB in 13.4s (27.8 KB/s) | pass total 2/2 files, 371.5 KB, 13.4s
2026-08-04 00:56:54,216 - INFO - Waiting 120s for new files (done-file RUN_COMPLETE: absent)
2026-08-04 00:58:54,218 - INFO - Scanned /root/temporal-awareness/out/experiments/loc_llama_investment: 24 files on disk, 2 to upload (377.7 KB)
2026-08-04 00:58:54,331 - INFO - HTTP Request: POST https://huggingface.co/api/datasets/unrulyabstractions/temporal-awareness/preupload/main "HTTP/1.1 200 OK"
2026-08-04 00:59:13,424 - INFO - HTTP Request: POST https://huggingface.co/api/datasets/unrulyabstractions/temporal-awareness/commit/main "HTTP/1.1 200 OK"
2026-08-04 00:59:13,426 - INFO - [commit 1/1] 2 files, 377.7 KB in 19.2s (19.7 KB/s) | pass total 2/2 files, 377.7 KB, 19.2s
2026-08-04 00:59:13,426 - INFO - Waiting 120s for new files (done-file RUN_COMPLETE: absent)
2026-08-04 01:01:13,428 - INFO - Scanned /root/temporal-awareness/out/experiments/loc_llama_investment: 24 files on disk, 1 to upload (84.5 KB)
2026-08-04 01:01:13,549 - INFO - HTTP Request: POST https://huggingface.co/api/datasets/unrulyabstractions/temporal-awareness/preupload/main "HTTP/1.1 200 OK"
2026-08-04 01:01:41,646 - INFO - HTTP Request: POST https://huggingface.co/api/datasets/unrulyabstractions/temporal-awareness/commit/main "HTTP/1.1 200 OK"
2026-08-04 01:01:41,647 - INFO - [commit 1/1] 1 files, 84.5 KB in 28.2s (3.0 KB/s) | pass total 1/1 files, 84.5 KB, 28.2s
2026-08-04 01:01:41,647 - INFO - Waiting 120s for new files (done-file RUN_COMPLETE: absent)
2026-08-04 01:03:41,650 - INFO - Scanned /root/temporal-awareness/out/experiments/loc_llama_investment: 29 files on disk, 6 to upload (523.8 KB)
2026-08-04 01:03:41,844 - INFO - HTTP Request: POST https://huggingface.co/api/datasets/unrulyabstractions/temporal-awareness/preupload/main "HTTP/1.1 200 OK"
2026-08-04 01:04:05,855 - INFO - HTTP Request: POST https://huggingface.co/api/datasets/unrulyabstractions/temporal-awareness/commit/main "HTTP/1.1 200 OK"
2026-08-04 01:04:05,857 - INFO - [commit 1/1] 6 files, 523.8 KB in 24.2s (21.6 KB/s) | pass total 6/6 files, 523.8 KB, 24.2s
2026-08-04 01:04:05,857 - INFO - Waiting 120s for new files (done-file RUN_COMPLETE: absent)
2026-08-04 01:06:05,859 - INFO - Scanned /root/temporal-awareness/out/experiments/loc_llama_investment: 30 files on disk, 2 to upload (393.5 KB)
2026-08-04 01:06:06,015 - INFO - HTTP Request: POST https://huggingface.co/api/datasets/unrulyabstractions/temporal-awareness/preupload/main "HTTP/1.1 200 OK"
2026-08-04 01:06:13,847 - INFO - HTTP Request: POST https://huggingface.co/api/datasets/unrulyabstractions/temporal-awareness/commit/main "HTTP/1.1 200 OK"
2026-08-04 01:06:13,849 - INFO - [commit 1/1] 2 files, 393.5 KB in 8.0s (49.3 KB/s) | pass total 2/2 files, 393.5 KB, 8.0s
2026-08-04 01:06:13,849 - INFO - Waiting 120s for new files (done-file RUN_COMPLETE: absent)
2026-08-04 01:08:13,852 - INFO - Scanned /root/temporal-awareness/out/experiments/loc_llama_investment: 30 files on disk, 1 to upload (100.1 KB)
2026-08-04 01:08:14,144 - INFO - HTTP Request: POST https://huggingface.co/api/datasets/unrulyabstractions/temporal-awareness/preupload/main "HTTP/1.1 200 OK"
2026-08-04 01:08:30,871 - INFO - HTTP Request: POST https://huggingface.co/api/datasets/unrulyabstractions/temporal-awareness/commit/main "HTTP/1.1 200 OK"
2026-08-04 01:08:30,872 - INFO - [commit 1/1] 1 files, 100.1 KB in 17.0s (5.9 KB/s) | pass total 1/1 files, 100.1 KB, 17.0s
2026-08-04 01:08:30,872 - INFO - Waiting 120s for new files (done-file RUN_COMPLETE: absent)
2026-08-04 01:10:30,875 - INFO - Scanned /root/temporal-awareness/out/experiments/loc_llama_investment: 31 files on disk, 2 to upload (402.6 KB)
2026-08-04 01:10:31,301 - INFO - HTTP Request: POST https://huggingface.co/api/datasets/unrulyabstractions/temporal-awareness/preupload/main "HTTP/1.1 200 OK"
2026-08-04 01:10:51,938 - INFO - HTTP Request: POST https://huggingface.co/api/datasets/unrulyabstractions/temporal-awareness/commit/main "HTTP/1.1 200 OK"
2026-08-04 01:10:51,939 - INFO - [commit 1/1] 2 files, 402.6 KB in 21.1s (19.1 KB/s) | pass total 2/2 files, 402.6 KB, 21.1s
2026-08-04 01:10:51,939 - INFO - Waiting 120s for new files (done-file RUN_COMPLETE: absent)
2026-08-04 01:12:51,942 - INFO - Scanned /root/temporal-awareness/out/experiments/loc_llama_investment: 36 files on disk, 6 to upload (545.4 KB)
2026-08-04 01:12:52,383 - INFO - HTTP Request: POST https://huggingface.co/api/datasets/unrulyabstractions/temporal-awareness/preupload/main "HTTP/1.1 200 OK"
2026-08-04 01:13:16,895 - INFO - HTTP Request: POST https://huggingface.co/api/datasets/unrulyabstractions/temporal-awareness/commit/main "HTTP/1.1 200 OK"
2026-08-04 01:13:16,896 - INFO - [commit 1/1] 6 files, 545.4 KB in 25.0s (21.9 KB/s) | pass total 6/6 files, 545.4 KB, 25.0s
2026-08-04 01:13:16,896 - INFO - Waiting 120s for new files (done-file RUN_COMPLETE: absent)
2026-08-04 01:15:16,899 - INFO - Scanned /root/temporal-awareness/out/experiments/loc_llama_investment: 36 files on disk, 1 to upload (115.6 KB)
2026-08-04 01:15:17,140 - INFO - HTTP Request: POST https://huggingface.co/api/datasets/unrulyabstractions/temporal-awareness/preupload/main "HTTP/1.1 200 OK"
2026-08-04 01:15:45,398 - INFO - HTTP Request: POST https://huggingface.co/api/datasets/unrulyabstractions/temporal-awareness/commit/main "HTTP/1.1 200 OK"
2026-08-04 01:15:45,400 - INFO - [commit 1/1] 1 files, 115.6 KB in 28.5s (4.1 KB/s) | pass total 1/1 files, 115.6 KB, 28.5s
2026-08-04 01:15:45,400 - INFO - Waiting 120s for new files (done-file RUN_COMPLETE: absent)
2026-08-04 01:17:45,403 - INFO - Scanned /root/temporal-awareness/out/experiments/loc_llama_investment: 37 files on disk, 2 to upload (417.9 KB)
2026-08-04 01:17:45,565 - INFO - HTTP Request: POST https://huggingface.co/api/datasets/unrulyabstractions/temporal-awareness/preupload/main "HTTP/1.1 200 OK"
2026-08-04 01:17:58,630 - INFO - HTTP Request: POST https://huggingface.co/api/datasets/unrulyabstractions/temporal-awareness/commit/main "HTTP/1.1 200 OK"
2026-08-04 01:17:58,631 - INFO - [commit 1/1] 2 files, 417.9 KB in 13.2s (31.6 KB/s) | pass total 2/2 files, 417.9 KB, 13.2s
2026-08-04 01:17:58,632 - INFO - Waiting 120s for new files (done-file RUN_COMPLETE: absent)
2026-08-04 01:19:58,634 - INFO - Scanned /root/temporal-awareness/out/experiments/loc_llama_investment: 38 files on disk, 2 to upload (423.9 KB)
2026-08-04 01:19:58,748 - INFO - HTTP Request: POST https://huggingface.co/api/datasets/unrulyabstractions/temporal-awareness/preupload/main "HTTP/1.1 200 OK"
2026-08-04 01:20:30,905 - INFO - HTTP Request: POST https://huggingface.co/api/datasets/unrulyabstractions/temporal-awareness/commit/main "HTTP/1.1 200 OK"
2026-08-04 01:20:30,907 - INFO - [commit 1/1] 2 files, 423.9 KB in 32.3s (13.1 KB/s) | pass total 2/2 files, 423.9 KB, 32.3s
2026-08-04 01:20:30,907 - INFO - Waiting 120s for new files (done-file RUN_COMPLETE: absent)
2026-08-04 01:22:30,910 - INFO - Scanned /root/temporal-awareness/out/experiments/loc_llama_investment: 38 files on disk, 1 to upload (131.1 KB)
2026-08-04 01:22:31,593 - INFO - HTTP Request: POST https://huggingface.co/api/datasets/unrulyabstractions/temporal-awareness/preupload/main "HTTP/1.1 200 OK"
2026-08-04 01:22:40,269 - INFO - HTTP Request: POST https://huggingface.co/api/datasets/unrulyabstractions/temporal-awareness/commit/main "HTTP/1.1 200 OK"
2026-08-04 01:22:40,271 - INFO - [commit 1/1] 1 files, 131.1 KB in 9.4s (14.0 KB/s) | pass total 1/1 files, 131.1 KB, 9.4s
2026-08-04 01:22:40,271 - INFO - Waiting 120s for new files (done-file RUN_COMPLETE: absent)
2026-08-04 01:24:40,274 - INFO - Scanned /root/temporal-awareness/out/experiments/loc_llama_investment: 43 files on disk, 6 to upload (570.0 KB)
2026-08-04 01:24:40,453 - INFO - HTTP Request: POST https://huggingface.co/api/datasets/unrulyabstractions/temporal-awareness/preupload/main "HTTP/1.1 200 OK"
2026-08-04 01:24:56,400 - INFO - HTTP Request: POST https://huggingface.co/api/datasets/unrulyabstractions/temporal-awareness/commit/main "HTTP/1.1 200 OK"
2026-08-04 01:24:56,401 - INFO - [commit 1/1] 6 files, 570.0 KB in 16.1s (35.3 KB/s) | pass total 6/6 files, 570.0 KB, 16.1s
2026-08-04 01:24:56,401 - INFO - Waiting 120s for new files (done-file RUN_COMPLETE: absent)
2026-08-04 01:26:56,404 - INFO - Scanned /root/temporal-awareness/out/experiments/loc_llama_investment: 44 files on disk, 2 to upload (439.3 KB)
2026-08-04 01:26:56,522 - INFO - HTTP Request: POST https://huggingface.co/api/datasets/unrulyabstractions/temporal-awareness/preupload/main "HTTP/1.1 200 OK"
2026-08-04 01:27:16,372 - INFO - HTTP Request: POST https://huggingface.co/api/datasets/unrulyabstractions/temporal-awareness/commit/main "HTTP/1.1 200 OK"
2026-08-04 01:27:16,373 - INFO - [commit 1/1] 2 files, 439.3 KB in 20.0s (22.0 KB/s) | pass total 2/2 files, 439.3 KB, 20.0s
2026-08-04 01:27:16,374 - INFO - Waiting 120s for new files (done-file RUN_COMPLETE: absent)
2026-08-04 01:29:16,377 - INFO - Scanned /root/temporal-awareness/out/experiments/loc_llama_investment: 44 files on disk, 1 to upload (145.9 KB)
2026-08-04 01:29:16,581 - INFO - HTTP Request: POST https://huggingface.co/api/datasets/unrulyabstractions/temporal-awareness/preupload/main "HTTP/1.1 200 OK"
2026-08-04 01:29:40,445 - INFO - HTTP Request: POST https://huggingface.co/api/datasets/unrulyabstractions/temporal-awareness/commit/main "HTTP/1.1 200 OK"
2026-08-04 01:29:40,447 - INFO - [commit 1/1] 1 files, 145.9 KB in 24.1s (6.1 KB/s) | pass total 1/1 files, 145.9 KB, 24.1s
2026-08-04 01:29:40,447 - INFO - Waiting 120s for new files (done-file RUN_COMPLETE: absent)
2026-08-04 01:31:40,450 - INFO - Scanned /root/temporal-awareness/out/experiments/loc_llama_investment: 45 files on disk, 2 to upload (448.8 KB)
2026-08-04 01:31:40,617 - INFO - HTTP Request: POST https://huggingface.co/api/datasets/unrulyabstractions/temporal-awareness/preupload/main "HTTP/1.1 200 OK"
2026-08-04 01:31:59,283 - INFO - HTTP Request: POST https://huggingface.co/api/datasets/unrulyabstractions/temporal-awareness/commit/main "HTTP/1.1 200 OK"
2026-08-04 01:31:59,284 - INFO - [commit 1/1] 2 files, 448.8 KB in 18.8s (23.8 KB/s) | pass total 2/2 files, 448.8 KB, 18.8s
2026-08-04 01:31:59,284 - INFO - Waiting 120s for new files (done-file RUN_COMPLETE: absent)
2026-08-04 01:33:59,288 - INFO - Scanned /root/temporal-awareness/out/experiments/loc_llama_investment: 50 files on disk, 6 to upload (591.5 KB)
2026-08-04 01:33:59,434 - INFO - HTTP Request: POST https://huggingface.co/api/datasets/unrulyabstractions/temporal-awareness/preupload/main "HTTP/1.1 200 OK"
2026-08-04 01:34:22,779 - INFO - HTTP Request: POST https://huggingface.co/api/datasets/unrulyabstractions/temporal-awareness/commit/main "HTTP/1.1 200 OK"
2026-08-04 01:34:22,780 - INFO - [commit 1/1] 6 files, 591.5 KB in 23.5s (25.2 KB/s) | pass total 6/6 files, 591.5 KB, 23.5s
2026-08-04 01:34:22,780 - INFO - Waiting 120s for new files (done-file RUN_COMPLETE: absent)
2026-08-04 01:36:22,784 - INFO - Scanned /root/temporal-awareness/out/experiments/loc_llama_investment: 50 files on disk, 1 to upload (161.2 KB)
2026-08-04 01:36:22,937 - INFO - HTTP Request: POST https://huggingface.co/api/datasets/unrulyabstractions/temporal-awareness/preupload/main "HTTP/1.1 200 OK"
2026-08-04 01:36:42,204 - INFO - HTTP Request: POST https://huggingface.co/api/datasets/unrulyabstractions/temporal-awareness/commit/main "HTTP/1.1 200 OK"
2026-08-04 01:36:42,205 - INFO - [commit 1/1] 1 files, 161.2 KB in 19.4s (8.3 KB/s) | pass total 1/1 files, 161.2 KB, 19.4s
2026-08-04 01:36:42,205 - INFO - Waiting 120s for new files (done-file RUN_COMPLETE: absent)
2026-08-04 01:38:42,208 - INFO - Scanned /root/temporal-awareness/out/experiments/loc_llama_investment: 51 files on disk, 2 to upload (462.8 KB)
2026-08-04 01:38:42,381 - INFO - HTTP Request: POST https://huggingface.co/api/datasets/unrulyabstractions/temporal-awareness/preupload/main "HTTP/1.1 200 OK"
2026-08-04 01:39:04,537 - INFO - HTTP Request: POST https://huggingface.co/api/datasets/unrulyabstractions/temporal-awareness/commit/main "HTTP/1.1 200 OK"
2026-08-04 01:39:04,538 - INFO - [commit 1/1] 2 files, 462.8 KB in 22.3s (20.7 KB/s) | pass total 2/2 files, 462.8 KB, 22.3s
2026-08-04 01:39:04,538 - INFO - Waiting 120s for new files (done-file RUN_COMPLETE: absent)
2026-08-04 01:41:04,542 - INFO - Scanned /root/temporal-awareness/out/experiments/loc_llama_investment: 52 files on disk, 2 to upload (468.8 KB)
2026-08-04 01:41:04,734 - INFO - HTTP Request: POST https://huggingface.co/api/datasets/unrulyabstractions/temporal-awareness/preupload/main "HTTP/1.1 200 OK"
2026-08-04 01:41:25,626 - INFO - HTTP Request: POST https://huggingface.co/api/datasets/unrulyabstractions/temporal-awareness/commit/main "HTTP/1.1 200 OK"
2026-08-04 01:41:25,627 - INFO - [commit 1/1] 2 files, 468.8 KB in 21.1s (22.2 KB/s) | pass total 2/2 files, 468.8 KB, 21.1s
2026-08-04 01:41:25,628 - INFO - Waiting 120s for new files (done-file RUN_COMPLETE: absent)
2026-08-04 01:43:25,631 - INFO - Scanned /root/temporal-awareness/out/experiments/loc_llama_investment: 52 files on disk, 1 to upload (176.2 KB)
2026-08-04 01:43:25,942 - INFO - HTTP Request: POST https://huggingface.co/api/datasets/unrulyabstractions/temporal-awareness/preupload/main "HTTP/1.1 200 OK"
2026-08-04 01:43:50,895 - INFO - HTTP Request: POST https://huggingface.co/api/datasets/unrulyabstractions/temporal-awareness/commit/main "HTTP/1.1 200 OK"
2026-08-04 01:43:50,896 - INFO - [commit 1/1] 1 files, 176.2 KB in 25.3s (7.0 KB/s) | pass total 1/1 files, 176.2 KB, 25.3s
2026-08-04 01:43:50,897 - INFO - Waiting 120s for new files (done-file RUN_COMPLETE: absent)
2026-08-04 01:45:50,900 - INFO - Scanned /root/temporal-awareness/out/experiments/loc_llama_investment: 57 files on disk, 6 to upload (614.8 KB)
2026-08-04 01:45:51,217 - INFO - HTTP Request: POST https://huggingface.co/api/datasets/unrulyabstractions/temporal-awareness/preupload/main "HTTP/1.1 200 OK"
2026-08-04 01:46:21,587 - INFO - HTTP Request: POST https://huggingface.co/api/datasets/unrulyabstractions/temporal-awareness/commit/main "HTTP/1.1 200 OK"
2026-08-04 01:46:21,588 - INFO - [commit 1/1] 6 files, 614.8 KB in 30.7s (20.0 KB/s) | pass total 6/6 files, 614.8 KB, 30.7s
2026-08-04 01:46:21,588 - INFO - Waiting 120s for new files (done-file RUN_COMPLETE: absent)
2026-08-04 01:48:21,592 - INFO - Scanned /root/temporal-awareness/out/experiments/loc_llama_investment: 57 files on disk, 1 to upload (185.3 KB)
2026-08-04 01:48:21,962 - INFO - HTTP Request: POST https://huggingface.co/api/datasets/unrulyabstractions/temporal-awareness/preupload/main "HTTP/1.1 200 OK"
2026-08-04 01:48:44,868 - INFO - HTTP Request: POST https://huggingface.co/api/datasets/unrulyabstractions/temporal-awareness/commit/main "HTTP/1.1 200 OK"
2026-08-04 01:48:44,870 - INFO - [commit 1/1] 1 files, 185.3 KB in 23.3s (8.0 KB/s) | pass total 1/1 files, 185.3 KB, 23.3s
2026-08-04 01:48:44,870 - INFO - Waiting 120s for new files (done-file RUN_COMPLETE: absent)
2026-08-04 01:50:44,874 - INFO - Scanned /root/temporal-awareness/out/experiments/loc_llama_investment: 58 files on disk, 2 to upload (487.0 KB)
2026-08-04 01:50:45,056 - INFO - HTTP Request: POST https://huggingface.co/api/datasets/unrulyabstractions/temporal-awareness/preupload/main "HTTP/1.1 200 OK"
2026-08-04 01:50:53,850 - INFO - HTTP Request: POST https://huggingface.co/api/datasets/unrulyabstractions/temporal-awareness/commit/main "HTTP/1.1 200 OK"
2026-08-04 01:50:53,851 - INFO - [commit 1/1] 2 files, 487.0 KB in 9.0s (54.2 KB/s) | pass total 2/2 files, 487.0 KB, 9.0s
2026-08-04 01:50:53,851 - INFO - Waiting 120s for new files (done-file RUN_COMPLETE: absent)
2026-08-04 01:52:53,855 - INFO - Scanned /root/temporal-awareness/out/experiments/loc_llama_investment: 59 files on disk, 2 to upload (492.9 KB)
2026-08-04 01:52:54,077 - INFO - HTTP Request: POST https://huggingface.co/api/datasets/unrulyabstractions/temporal-awareness/preupload/main "HTTP/1.1 200 OK"
2026-08-04 01:53:21,133 - INFO - HTTP Request: POST https://huggingface.co/api/datasets/unrulyabstractions/temporal-awareness/commit/main "HTTP/1.1 200 OK"
2026-08-04 01:53:21,134 - INFO - [commit 1/1] 2 files, 492.9 KB in 27.3s (18.1 KB/s) | pass total 2/2 files, 492.9 KB, 27.3s
2026-08-04 01:53:21,134 - INFO - Waiting 120s for new files (done-file RUN_COMPLETE: absent)
2026-08-04 01:55:21,138 - INFO - Scanned /root/temporal-awareness/out/experiments/loc_llama_investment: 59 files on disk, 1 to upload (199.8 KB)
2026-08-04 01:55:21,243 - INFO - HTTP Request: POST https://huggingface.co/api/datasets/unrulyabstractions/temporal-awareness/preupload/main "HTTP/1.1 200 OK"
2026-08-04 01:55:33,533 - INFO - HTTP Request: POST https://huggingface.co/api/datasets/unrulyabstractions/temporal-awareness/commit/main "HTTP/1.1 200 OK"
2026-08-04 01:55:33,534 - INFO - [commit 1/1] 1 files, 199.8 KB in 12.4s (16.1 KB/s) | pass total 1/1 files, 199.8 KB, 12.4s
2026-08-04 01:55:33,535 - INFO - Waiting 120s for new files (done-file RUN_COMPLETE: absent)
2026-08-04 01:57:33,539 - INFO - Scanned /root/temporal-awareness/out/experiments/loc_llama_investment: 64 files on disk, 6 to upload (637.7 KB)
2026-08-04 01:57:33,650 - INFO - HTTP Request: POST https://huggingface.co/api/datasets/unrulyabstractions/temporal-awareness/preupload/main "HTTP/1.1 200 OK"
2026-08-04 01:57:52,602 - INFO - HTTP Request: POST https://huggingface.co/api/datasets/unrulyabstractions/temporal-awareness/commit/main "HTTP/1.1 200 OK"
2026-08-04 01:57:52,604 - INFO - [commit 1/1] 6 files, 637.7 KB in 19.1s (33.4 KB/s) | pass total 6/6 files, 637.7 KB, 19.1s
2026-08-04 01:57:52,604 - INFO - Waiting 120s for new files (done-file RUN_COMPLETE: absent)
2026-08-04 01:59:52,608 - INFO - Scanned /root/temporal-awareness/out/experiments/loc_llama_investment: 64 files on disk, 1 to upload (208.4 KB)
2026-08-04 01:59:52,787 - INFO - HTTP Request: POST https://huggingface.co/api/datasets/unrulyabstractions/temporal-awareness/preupload/main "HTTP/1.1 200 OK"
2026-08-04 02:00:09,575 - INFO - HTTP Request: POST https://huggingface.co/api/datasets/unrulyabstractions/temporal-awareness/commit/main "HTTP/1.1 200 OK"
2026-08-04 02:00:09,576 - INFO - [commit 1/1] 1 files, 208.4 KB in 17.0s (12.3 KB/s) | pass total 1/1 files, 208.4 KB, 17.0s
2026-08-04 02:00:09,577 - INFO - Waiting 120s for new files (done-file RUN_COMPLETE: absent)
2026-08-04 02:02:09,581 - INFO - Scanned /root/temporal-awareness/out/experiments/loc_llama_investment: 65 files on disk, 2 to upload (509.9 KB)
2026-08-04 02:02:09,708 - INFO - HTTP Request: POST https://huggingface.co/api/datasets/unrulyabstractions/temporal-awareness/preupload/main "HTTP/1.1 200 OK"
2026-08-04 02:02:25,272 - INFO - HTTP Request: POST https://huggingface.co/api/datasets/unrulyabstractions/temporal-awareness/commit/main "HTTP/1.1 200 OK"
2026-08-04 02:02:25,274 - INFO - [commit 1/1] 2 files, 509.9 KB in 15.7s (32.5 KB/s) | pass total 2/2 files, 509.9 KB, 15.7s
2026-08-04 02:02:25,275 - INFO - Waiting 120s for new files (done-file RUN_COMPLETE: absent)
2026-08-04 02:04:25,279 - INFO - Scanned /root/temporal-awareness/out/experiments/loc_llama_investment: 66 files on disk, 2 to upload (515.8 KB)
2026-08-04 02:04:25,397 - INFO - HTTP Request: POST https://huggingface.co/api/datasets/unrulyabstractions/temporal-awareness/preupload/main "HTTP/1.1 200 OK"
2026-08-04 02:04:30,178 - INFO - HTTP Request: POST https://huggingface.co/api/datasets/unrulyabstractions/temporal-awareness/commit/main "HTTP/1.1 200 OK"
2026-08-04 02:04:32,839 - INFO - [commit 1/1] 2 files, 515.8 KB in 7.6s (68.2 KB/s) | pass total 2/2 files, 515.8 KB, 7.6s
2026-08-04 02:04:32,839 - INFO - Waiting 120s for new files (done-file RUN_COMPLETE: absent)
2026-08-04 02:06:32,843 - INFO - Scanned /root/temporal-awareness/out/experiments/loc_llama_investment: 66 files on disk, 1 to upload (222.5 KB)
2026-08-04 02:06:33,009 - INFO - HTTP Request: POST https://huggingface.co/api/datasets/unrulyabstractions/temporal-awareness/preupload/main "HTTP/1.1 200 OK"
2026-08-04 02:06:51,360 - INFO - HTTP Request: POST https://huggingface.co/api/datasets/unrulyabstractions/temporal-awareness/commit/main "HTTP/1.1 200 OK"
2026-08-04 02:06:51,361 - INFO - [commit 1/1] 1 files, 222.5 KB in 18.5s (12.0 KB/s) | pass total 1/1 files, 222.5 KB, 18.5s
2026-08-04 02:06:51,361 - INFO - Waiting 120s for new files (done-file RUN_COMPLETE: absent)
2026-08-04 02:08:51,366 - INFO - Scanned /root/temporal-awareness/out/experiments/loc_llama_investment: 71 files on disk, 6 to upload (661.3 KB)
2026-08-04 02:08:51,527 - INFO - HTTP Request: POST https://huggingface.co/api/datasets/unrulyabstractions/temporal-awareness/preupload/main "HTTP/1.1 200 OK"
2026-08-04 02:09:08,620 - INFO - HTTP Request: POST https://huggingface.co/api/datasets/unrulyabstractions/temporal-awareness/commit/main "HTTP/1.1 200 OK"
2026-08-04 02:09:08,621 - INFO - [commit 1/1] 6 files, 661.3 KB in 17.3s (38.3 KB/s) | pass total 6/6 files, 661.3 KB, 17.3s
2026-08-04 02:09:08,621 - INFO - Waiting 120s for new files (done-file RUN_COMPLETE: absent)
2026-08-04 02:11:08,625 - INFO - Scanned /root/temporal-awareness/out/experiments/loc_llama_investment: 71 files on disk, 1 to upload (231.3 KB)
2026-08-04 02:11:08,798 - INFO - HTTP Request: POST https://huggingface.co/api/datasets/unrulyabstractions/temporal-awareness/preupload/main "HTTP/1.1 200 OK"
2026-08-04 02:11:24,878 - INFO - HTTP Request: POST https://huggingface.co/api/datasets/unrulyabstractions/temporal-awareness/commit/main "HTTP/1.1 200 OK"
2026-08-04 02:11:24,879 - INFO - [commit 1/1] 1 files, 231.3 KB in 16.3s (14.2 KB/s) | pass total 1/1 files, 231.3 KB, 16.3s
2026-08-04 02:11:24,880 - INFO - Waiting 120s for new files (done-file RUN_COMPLETE: absent)
2026-08-04 02:13:24,885 - INFO - Scanned /root/temporal-awareness/out/experiments/loc_llama_investment: 72 files on disk, 2 to upload (532.3 KB)
2026-08-04 02:13:25,057 - INFO - HTTP Request: POST https://huggingface.co/api/datasets/unrulyabstractions/temporal-awareness/preupload/main "HTTP/1.1 200 OK"
2026-08-04 02:13:43,770 - INFO - HTTP Request: POST https://huggingface.co/api/datasets/unrulyabstractions/temporal-awareness/commit/main "HTTP/1.1 200 OK"
2026-08-04 02:13:43,771 - INFO - [commit 1/1] 2 files, 532.3 KB in 18.9s (28.2 KB/s) | pass total 2/2 files, 532.3 KB, 18.9s
2026-08-04 02:13:43,771 - INFO - Waiting 120s for new files (done-file RUN_COMPLETE: absent)
2026-08-04 02:15:43,776 - INFO - Scanned /root/temporal-awareness/out/experiments/loc_llama_investment: 73 files on disk, 2 to upload (538.3 KB)
2026-08-04 02:15:43,892 - INFO - HTTP Request: POST https://huggingface.co/api/datasets/unrulyabstractions/temporal-awareness/preupload/main "HTTP/1.1 200 OK"
2026-08-04 02:15:56,277 - INFO - HTTP Request: POST https://huggingface.co/api/datasets/unrulyabstractions/temporal-awareness/commit/main "HTTP/1.1 200 OK"
2026-08-04 02:15:56,278 - INFO - [commit 1/1] 2 files, 538.3 KB in 12.5s (43.1 KB/s) | pass total 2/2 files, 538.3 KB, 12.5s
2026-08-04 02:15:56,279 - INFO - Waiting 120s for new files (done-file RUN_COMPLETE: absent)
2026-08-04 02:17:56,283 - INFO - Scanned /root/temporal-awareness/out/experiments/loc_llama_investment: 73 files on disk, 1 to upload (245.3 KB)
2026-08-04 02:17:56,463 - INFO - HTTP Request: POST https://huggingface.co/api/datasets/unrulyabstractions/temporal-awareness/preupload/main "HTTP/1.1 200 OK"
2026-08-04 02:18:11,377 - INFO - HTTP Request: POST https://huggingface.co/api/datasets/unrulyabstractions/temporal-awareness/commit/main "HTTP/1.1 200 OK"
2026-08-04 02:18:11,378 - INFO - [commit 1/1] 1 files, 245.3 KB in 15.1s (16.2 KB/s) | pass total 1/1 files, 245.3 KB, 15.1s
2026-08-04 02:18:11,379 - INFO - Waiting 120s for new files (done-file RUN_COMPLETE: absent)
2026-08-04 02:20:11,383 - INFO - Scanned /root/temporal-awareness/out/experiments/loc_llama_investment: 78 files on disk, 6 to upload (683.5 KB)
2026-08-04 02:20:11,507 - INFO - HTTP Request: POST https://huggingface.co/api/datasets/unrulyabstractions/temporal-awareness/preupload/main "HTTP/1.1 200 OK"
2026-08-04 02:20:25,294 - INFO - HTTP Request: POST https://huggingface.co/api/datasets/unrulyabstractions/temporal-awareness/commit/main "HTTP/1.1 200 OK"
2026-08-04 02:20:25,295 - INFO - [commit 1/1] 6 files, 683.5 KB in 13.9s (49.1 KB/s) | pass total 6/6 files, 683.5 KB, 13.9s
2026-08-04 02:20:25,296 - INFO - Waiting 120s for new files (done-file RUN_COMPLETE: absent)
2026-08-04 02:22:25,300 - INFO - Scanned /root/temporal-awareness/out/experiments/loc_llama_investment: 78 files on disk, 1 to upload (253.9 KB)
2026-08-04 02:22:25,563 - INFO - HTTP Request: POST https://huggingface.co/api/datasets/unrulyabstractions/temporal-awareness/preupload/main "HTTP/1.1 200 OK"
2026-08-04 02:22:42,281 - INFO - HTTP Request: POST https://huggingface.co/api/datasets/unrulyabstractions/temporal-awareness/commit/main "HTTP/1.1 200 OK"
2026-08-04 02:22:42,282 - INFO - [commit 1/1] 1 files, 253.9 KB in 17.0s (15.0 KB/s) | pass total 1/1 files, 253.9 KB, 17.0s
2026-08-04 02:22:42,283 - INFO - Waiting 120s for new files (done-file RUN_COMPLETE: absent)
2026-08-04 02:24:42,287 - INFO - Scanned /root/temporal-awareness/out/experiments/loc_llama_investment: 79 files on disk, 2 to upload (555.3 KB)
2026-08-04 02:24:42,451 - INFO - HTTP Request: POST https://huggingface.co/api/datasets/unrulyabstractions/temporal-awareness/preupload/main "HTTP/1.1 200 OK"
2026-08-04 02:24:56,022 - INFO - HTTP Request: POST https://huggingface.co/api/datasets/unrulyabstractions/temporal-awareness/commit/main "HTTP/1.1 200 OK"
2026-08-04 02:24:56,023 - INFO - [commit 1/1] 2 files, 555.3 KB in 13.7s (40.4 KB/s) | pass total 2/2 files, 555.3 KB, 13.7s
2026-08-04 02:24:56,024 - INFO - Waiting 120s for new files (done-file RUN_COMPLETE: absent)
2026-08-04 02:26:56,028 - INFO - Scanned /root/temporal-awareness/out/experiments/loc_llama_investment: 79 files on disk, 1 to upload (262.3 KB)
2026-08-04 02:26:56,140 - INFO - HTTP Request: POST https://huggingface.co/api/datasets/unrulyabstractions/temporal-awareness/preupload/main "HTTP/1.1 200 OK"
2026-08-04 02:27:09,794 - INFO - HTTP Request: POST https://huggingface.co/api/datasets/unrulyabstractions/temporal-awareness/commit/main "HTTP/1.1 200 OK"
2026-08-04 02:27:09,795 - INFO - [commit 1/1] 1 files, 262.3 KB in 13.8s (19.1 KB/s) | pass total 1/1 files, 262.3 KB, 13.8s
2026-08-04 02:27:09,795 - INFO - Waiting 120s for new files (done-file RUN_COMPLETE: absent)
2026-08-04 02:29:09,800 - INFO - Scanned /root/temporal-awareness/out/experiments/loc_llama_investment: 80 files on disk, 2 to upload (563.4 KB)
2026-08-04 02:29:09,993 - INFO - HTTP Request: POST https://huggingface.co/api/datasets/unrulyabstractions/temporal-awareness/preupload/main "HTTP/1.1 200 OK"
2026-08-04 02:29:20,901 - INFO - HTTP Request: POST https://huggingface.co/api/datasets/unrulyabstractions/temporal-awareness/commit/main "HTTP/1.1 200 OK"
2026-08-04 02:29:20,903 - INFO - [commit 1/1] 2 files, 563.4 KB in 11.1s (50.7 KB/s) | pass total 2/2 files, 563.4 KB, 11.1s
2026-08-04 02:29:20,904 - INFO - Waiting 120s for new files (done-file RUN_COMPLETE: absent)
2026-08-04 02:31:20,909 - INFO - Scanned /root/temporal-awareness/out/experiments/loc_llama_investment: 85 files on disk, 6 to upload (705.9 KB)
2026-08-04 02:31:21,105 - INFO - HTTP Request: POST https://huggingface.co/api/datasets/unrulyabstractions/temporal-awareness/preupload/main "HTTP/1.1 200 OK"
2026-08-04 02:31:33,687 - INFO - HTTP Request: POST https://huggingface.co/api/datasets/unrulyabstractions/temporal-awareness/commit/main "HTTP/1.1 200 OK"
2026-08-04 02:31:33,688 - INFO - [commit 1/1] 6 files, 705.9 KB in 12.8s (55.2 KB/s) | pass total 6/6 files, 705.9 KB, 12.8s
2026-08-04 02:31:33,689 - INFO - Waiting 120s for new files (done-file RUN_COMPLETE: absent)
2026-08-04 02:33:33,694 - INFO - Scanned /root/temporal-awareness/out/experiments/loc_llama_investment: 85 files on disk, 1 to upload (276.3 KB)
2026-08-04 02:33:33,865 - INFO - HTTP Request: POST https://huggingface.co/api/datasets/unrulyabstractions/temporal-awareness/preupload/main "HTTP/1.1 200 OK"
2026-08-04 02:33:47,894 - INFO - HTTP Request: POST https://huggingface.co/api/datasets/unrulyabstractions/temporal-awareness/commit/main "HTTP/1.1 200 OK"
2026-08-04 02:33:47,895 - INFO - [commit 1/1] 1 files, 276.3 KB in 14.2s (19.5 KB/s) | pass total 1/1 files, 276.3 KB, 14.2s
2026-08-04 02:33:47,895 - INFO - Waiting 120s for new files (done-file RUN_COMPLETE: absent)
2026-08-04 02:35:47,900 - INFO - Scanned /root/temporal-awareness/out/experiments/loc_llama_investment: 86 files on disk, 2 to upload (577.7 KB)
2026-08-04 02:35:48,075 - INFO - HTTP Request: POST https://huggingface.co/api/datasets/unrulyabstractions/temporal-awareness/preupload/main "HTTP/1.1 200 OK"
2026-08-04 02:35:55,467 - INFO - HTTP Request: POST https://huggingface.co/api/datasets/unrulyabstractions/temporal-awareness/commit/main "HTTP/1.1 200 OK"
2026-08-04 02:35:55,468 - INFO - [commit 1/1] 2 files, 577.7 KB in 7.6s (76.3 KB/s) | pass total 2/2 files, 577.7 KB, 7.6s
2026-08-04 02:35:55,468 - INFO - Waiting 120s for new files (done-file RUN_COMPLETE: absent)
2026-08-04 02:37:55,474 - INFO - Scanned /root/temporal-awareness/out/experiments/loc_llama_investment: 86 files on disk, 1 to upload (284.5 KB)
2026-08-04 02:37:55,594 - INFO - HTTP Request: POST https://huggingface.co/api/datasets/unrulyabstractions/temporal-awareness/preupload/main "HTTP/1.1 200 OK"
2026-08-04 02:38:00,319 - INFO - HTTP Request: POST https://huggingface.co/api/datasets/unrulyabstractions/temporal-awareness/commit/main "HTTP/1.1 200 OK"
2026-08-04 02:38:00,321 - INFO - [commit 1/1] 1 files, 284.5 KB in 4.8s (58.7 KB/s) | pass total 1/1 files, 284.5 KB, 4.9s
2026-08-04 02:38:00,321 - INFO - Waiting 120s for new files (done-file RUN_COMPLETE: absent)
2026-08-04 02:40:00,326 - INFO - Scanned /root/temporal-awareness/out/experiments/loc_llama_investment: 87 files on disk, 2 to upload (585.8 KB)
2026-08-04 02:40:00,498 - INFO - HTTP Request: POST https://huggingface.co/api/datasets/unrulyabstractions/temporal-awareness/preupload/main "HTTP/1.1 200 OK"
2026-08-04 02:40:10,563 - INFO - HTTP Request: POST https://huggingface.co/api/datasets/unrulyabstractions/temporal-awareness/commit/main "HTTP/1.1 200 OK"
2026-08-04 02:40:10,565 - INFO - [commit 1/1] 2 files, 585.8 KB in 10.2s (57.2 KB/s) | pass total 2/2 files, 585.8 KB, 10.2s
2026-08-04 02:40:10,566 - INFO - Waiting 120s for new files (done-file RUN_COMPLETE: absent)
2026-08-04 02:42:10,571 - INFO - Scanned /root/temporal-awareness/out/experiments/loc_llama_investment: 87 files on disk, 1 to upload (292.5 KB)
2026-08-04 02:42:10,753 - INFO - HTTP Request: POST https://huggingface.co/api/datasets/unrulyabstractions/temporal-awareness/preupload/main "HTTP/1.1 200 OK"
2026-08-04 02:42:29,921 - INFO - HTTP Request: POST https://huggingface.co/api/datasets/unrulyabstractions/temporal-awareness/commit/main "HTTP/1.1 200 OK"
2026-08-04 02:42:29,923 - INFO - [commit 1/1] 1 files, 292.5 KB in 19.4s (15.1 KB/s) | pass total 1/1 files, 292.5 KB, 19.4s
2026-08-04 02:42:29,923 - INFO - Waiting 120s for new files (done-file RUN_COMPLETE: absent)
2026-08-04 02:44:29,929 - INFO - Scanned /root/temporal-awareness/out/experiments/loc_llama_investment: 92 files on disk, 6 to upload (731.0 KB)
2026-08-04 02:44:30,133 - INFO - HTTP Request: POST https://huggingface.co/api/datasets/unrulyabstractions/temporal-awareness/preupload/main "HTTP/1.1 200 OK"
2026-08-04 02:44:43,285 - INFO - HTTP Request: POST https://huggingface.co/api/datasets/unrulyabstractions/temporal-awareness/commit/main "HTTP/1.1 200 OK"
2026-08-04 02:44:43,287 - INFO - [commit 1/1] 6 files, 731.0 KB in 13.4s (54.7 KB/s) | pass total 6/6 files, 731.0 KB, 13.4s
2026-08-04 02:44:43,287 - INFO - Waiting 120s for new files (done-file RUN_COMPLETE: absent)
2026-08-04 02:46:43,293 - INFO - Scanned /root/temporal-awareness/out/experiments/loc_llama_investment: 92 files on disk, 1 to upload (300.9 KB)
2026-08-04 02:46:43,428 - INFO - HTTP Request: POST https://huggingface.co/api/datasets/unrulyabstractions/temporal-awareness/preupload/main "HTTP/1.1 200 OK"
2026-08-04 02:46:57,835 - INFO - HTTP Request: POST https://huggingface.co/api/datasets/unrulyabstractions/temporal-awareness/commit/main "HTTP/1.1 200 OK"
2026-08-04 02:46:57,838 - INFO - [commit 1/1] 1 files, 300.9 KB in 14.5s (20.7 KB/s) | pass total 1/1 files, 300.9 KB, 14.5s
2026-08-04 02:46:57,838 - INFO - Waiting 120s for new files (done-file RUN_COMPLETE: absent)
2026-08-04 02:48:57,843 - INFO - Scanned /root/temporal-awareness/out/experiments/loc_llama_investment: 93 files on disk, 2 to upload (602.4 KB)
2026-08-04 02:48:58,116 - INFO - HTTP Request: POST https://huggingface.co/api/datasets/unrulyabstractions/temporal-awareness/preupload/main "HTTP/1.1 200 OK"
2026-08-04 02:49:12,253 - INFO - HTTP Request: POST https://huggingface.co/api/datasets/unrulyabstractions/temporal-awareness/commit/main "HTTP/1.1 200 OK"
2026-08-04 02:49:12,254 - INFO - [commit 1/1] 2 files, 602.4 KB in 14.4s (41.8 KB/s) | pass total 2/2 files, 602.4 KB, 14.4s
2026-08-04 02:49:12,254 - INFO - Waiting 120s for new files (done-file RUN_COMPLETE: absent)
2026-08-04 02:51:12,260 - INFO - Scanned /root/temporal-awareness/out/experiments/loc_llama_investment: 94 files on disk, 2 to upload (608.1 KB)
2026-08-04 02:51:12,583 - INFO - HTTP Request: POST https://huggingface.co/api/datasets/unrulyabstractions/temporal-awareness/preupload/main "HTTP/1.1 200 OK"
2026-08-04 02:51:25,626 - INFO - HTTP Request: POST https://huggingface.co/api/datasets/unrulyabstractions/temporal-awareness/commit/main "HTTP/1.1 200 OK"
2026-08-04 02:51:25,628 - INFO - [commit 1/1] 2 files, 608.1 KB in 13.4s (45.5 KB/s) | pass total 2/2 files, 608.1 KB, 13.4s
2026-08-04 02:51:25,628 - INFO - Waiting 120s for new files (done-file RUN_COMPLETE: absent)
2026-08-04 02:53:25,634 - INFO - Scanned /root/temporal-awareness/out/experiments/loc_llama_investment: 94 files on disk, 1 to upload (314.7 KB)
2026-08-04 02:53:25,750 - INFO - HTTP Request: POST https://huggingface.co/api/datasets/unrulyabstractions/temporal-awareness/preupload/main "HTTP/1.1 200 OK"
2026-08-04 02:53:31,916 - INFO - HTTP Request: POST https://huggingface.co/api/datasets/unrulyabstractions/temporal-awareness/commit/main "HTTP/1.1 200 OK"
2026-08-04 02:53:31,918 - INFO - [commit 1/1] 1 files, 314.7 KB in 6.3s (50.1 KB/s) | pass total 1/1 files, 314.7 KB, 6.3s
2026-08-04 02:53:31,918 - INFO - Waiting 120s for new files (done-file RUN_COMPLETE: absent)
2026-08-04 02:55:31,924 - INFO - Scanned /root/temporal-awareness/out/experiments/loc_llama_investment: 99 files on disk, 6 to upload (753.0 KB)
2026-08-04 02:55:32,159 - INFO - HTTP Request: POST https://huggingface.co/api/datasets/unrulyabstractions/temporal-awareness/preupload/main "HTTP/1.1 200 OK"
2026-08-04 02:55:38,097 - INFO - HTTP Request: POST https://huggingface.co/api/datasets/unrulyabstractions/temporal-awareness/commit/main "HTTP/1.1 200 OK"
2026-08-04 02:55:38,128 - INFO - [commit 1/1] 6 files, 753.0 KB in 6.2s (121.4 KB/s) | pass total 6/6 files, 753.0 KB, 6.2s
2026-08-04 02:55:38,129 - INFO - Waiting 120s for new files (done-file RUN_COMPLETE: absent)
2026-08-04 02:57:38,134 - INFO - Scanned /root/temporal-awareness/out/experiments/loc_llama_investment: 99 files on disk, 1 to upload (322.6 KB)
2026-08-04 02:57:38,250 - INFO - HTTP Request: POST https://huggingface.co/api/datasets/unrulyabstractions/temporal-awareness/preupload/main "HTTP/1.1 200 OK"
2026-08-04 02:57:42,922 - INFO - HTTP Request: POST https://huggingface.co/api/datasets/unrulyabstractions/temporal-awareness/commit/main "HTTP/1.1 200 OK"
2026-08-04 02:57:42,924 - INFO - [commit 1/1] 1 files, 322.6 KB in 4.8s (67.4 KB/s) | pass total 1/1 files, 322.6 KB, 4.8s
2026-08-04 02:57:42,924 - INFO - Waiting 120s for new files (done-file RUN_COMPLETE: absent)
2026-08-04 02:59:42,930 - INFO - Scanned /root/temporal-awareness/out/experiments/loc_llama_investment: 100 files on disk, 2 to upload (623.6 KB)
2026-08-04 02:59:43,044 - INFO - HTTP Request: POST https://huggingface.co/api/datasets/unrulyabstractions/temporal-awareness/preupload/main "HTTP/1.1 200 OK"
2026-08-04 02:59:57,721 - INFO - HTTP Request: POST https://huggingface.co/api/datasets/unrulyabstractions/temporal-awareness/commit/main "HTTP/1.1 200 OK"
2026-08-04 02:59:57,722 - INFO - [commit 1/1] 2 files, 623.6 KB in 14.8s (42.2 KB/s) | pass total 2/2 files, 623.6 KB, 14.8s
2026-08-04 02:59:57,722 - INFO - Waiting 120s for new files (done-file RUN_COMPLETE: absent)
2026-08-04 03:01:57,728 - INFO - Scanned /root/temporal-awareness/out/experiments/loc_llama_investment: 100 files on disk, 1 to upload (330.5 KB)
2026-08-04 03:01:57,904 - INFO - HTTP Request: POST https://huggingface.co/api/datasets/unrulyabstractions/temporal-awareness/preupload/main "HTTP/1.1 200 OK"
2026-08-04 03:02:19,540 - INFO - HTTP Request: POST https://huggingface.co/api/datasets/unrulyabstractions/temporal-awareness/commit/main "HTTP/1.1 200 OK"
2026-08-04 03:02:19,542 - INFO - [commit 1/1] 1 files, 330.5 KB in 21.8s (15.2 KB/s) | pass total 1/1 files, 330.5 KB, 21.8s
2026-08-04 03:02:19,543 - INFO - Waiting 120s for new files (done-file RUN_COMPLETE: absent)
2026-08-04 03:04:19,549 - INFO - Scanned /root/temporal-awareness/out/experiments/loc_llama_investment: 101 files on disk, 2 to upload (632.1 KB)
2026-08-04 03:04:19,748 - INFO - HTTP Request: POST https://huggingface.co/api/datasets/unrulyabstractions/temporal-awareness/preupload/main "HTTP/1.1 200 OK"
2026-08-04 03:04:33,543 - INFO - HTTP Request: POST https://huggingface.co/api/datasets/unrulyabstractions/temporal-awareness/commit/main "HTTP/1.1 200 OK"
2026-08-04 03:04:33,545 - INFO - [commit 1/1] 2 files, 632.1 KB in 14.0s (45.2 KB/s) | pass total 2/2 files, 632.1 KB, 14.0s
2026-08-04 03:04:33,545 - INFO - Waiting 120s for new files (done-file RUN_COMPLETE: absent)
2026-08-04 03:06:33,551 - INFO - Scanned /root/temporal-awareness/out/experiments/loc_llama_investment: 101 files on disk, 1 to upload (338.7 KB)
2026-08-04 03:06:33,996 - INFO - HTTP Request: POST https://huggingface.co/api/datasets/unrulyabstractions/temporal-awareness/preupload/main "HTTP/1.1 200 OK"
2026-08-04 03:06:42,481 - INFO - HTTP Request: POST https://huggingface.co/api/datasets/unrulyabstractions/temporal-awareness/commit/main "HTTP/1.1 200 OK"
2026-08-04 03:06:42,483 - INFO - [commit 1/1] 1 files, 338.7 KB in 8.9s (37.9 KB/s) | pass total 1/1 files, 338.7 KB, 8.9s
2026-08-04 03:06:42,483 - INFO - Waiting 120s for new files (done-file RUN_COMPLETE: absent)
2026-08-04 03:08:42,489 - INFO - Scanned /root/temporal-awareness/out/experiments/loc_llama_investment: 106 files on disk, 6 to upload (776.8 KB)
2026-08-04 03:08:47,873 - INFO - HTTP Request: POST https://huggingface.co/api/datasets/unrulyabstractions/temporal-awareness/preupload/main "HTTP/1.1 200 OK"
2026-08-04 03:09:00,737 - INFO - HTTP Request: POST https://huggingface.co/api/datasets/unrulyabstractions/temporal-awareness/commit/main "HTTP/1.1 200 OK"
2026-08-04 03:09:00,739 - INFO - [commit 1/1] 6 files, 776.8 KB in 18.2s (42.6 KB/s) | pass total 6/6 files, 776.8 KB, 18.3s
2026-08-04 03:09:00,739 - INFO - Waiting 120s for new files (done-file RUN_COMPLETE: absent)
2026-08-04 03:11:00,745 - INFO - Scanned /root/temporal-awareness/out/experiments/loc_llama_investment: 106 files on disk, 1 to upload (346.9 KB)
2026-08-04 03:11:01,175 - INFO - HTTP Request: POST https://huggingface.co/api/datasets/unrulyabstractions/temporal-awareness/preupload/main "HTTP/1.1 200 OK"
2026-08-04 03:11:10,590 - INFO - HTTP Request: POST https://huggingface.co/api/datasets/unrulyabstractions/temporal-awareness/commit/main "HTTP/1.1 200 OK"
2026-08-04 03:11:10,592 - INFO - [commit 1/1] 1 files, 346.9 KB in 9.8s (35.2 KB/s) | pass total 1/1 files, 346.9 KB, 9.9s
2026-08-04 03:11:10,592 - INFO - Waiting 120s for new files (done-file RUN_COMPLETE: absent)
2026-08-04 03:13:10,599 - INFO - Scanned /root/temporal-awareness/out/experiments/loc_llama_investment: 107 files on disk, 2 to upload (648.4 KB)
2026-08-04 03:13:15,967 - INFO - HTTP Request: POST https://huggingface.co/api/datasets/unrulyabstractions/temporal-awareness/preupload/main "HTTP/1.1 200 OK"
2026-08-04 03:13:43,881 - INFO - HTTP Request: POST https://huggingface.co/api/datasets/unrulyabstractions/temporal-awareness/commit/main "HTTP/1.1 200 OK"
2026-08-04 03:13:43,882 - INFO - [commit 1/1] 2 files, 648.4 KB in 33.3s (19.5 KB/s) | pass total 2/2 files, 648.4 KB, 33.3s
2026-08-04 03:13:43,882 - INFO - Waiting 120s for new files (done-file RUN_COMPLETE: absent)
2026-08-04 03:15:43,889 - INFO - Scanned /root/temporal-awareness/out/experiments/loc_llama_investment: 108 files on disk, 2 to upload (654.2 KB)
2026-08-04 03:15:44,070 - INFO - HTTP Request: POST https://huggingface.co/api/datasets/unrulyabstractions/temporal-awareness/preupload/main "HTTP/1.1 200 OK"
2026-08-04 03:16:28,699 - INFO - HTTP Request: POST https://huggingface.co/api/datasets/unrulyabstractions/temporal-awareness/commit/main "HTTP/1.1 200 OK"
2026-08-04 03:16:28,701 - INFO - [commit 1/1] 2 files, 654.2 KB in 44.8s (14.6 KB/s) | pass total 2/2 files, 654.2 KB, 44.8s
2026-08-04 03:16:28,701 - INFO - Waiting 120s for new files (done-file RUN_COMPLETE: absent)
2026-08-04 03:18:28,708 - INFO - Scanned /root/temporal-awareness/out/experiments/loc_llama_investment: 108 files on disk, 1 to upload (361.2 KB)
2026-08-04 03:18:28,962 - INFO - HTTP Request: POST https://huggingface.co/api/datasets/unrulyabstractions/temporal-awareness/preupload/main "HTTP/1.1 200 OK"
2026-08-04 03:18:42,560 - INFO - HTTP Request: POST https://huggingface.co/api/datasets/unrulyabstractions/temporal-awareness/commit/main "HTTP/1.1 200 OK"
2026-08-04 03:18:42,561 - INFO - [commit 1/1] 1 files, 361.2 KB in 13.9s (26.1 KB/s) | pass total 1/1 files, 361.2 KB, 13.9s
2026-08-04 03:18:42,561 - INFO - Waiting 120s for new files (done-file RUN_COMPLETE: absent)
2026-08-04 03:20:42,568 - INFO - Scanned /root/temporal-awareness/out/experiments/loc_llama_investment: 113 files on disk, 6 to upload (792.4 KB)
2026-08-04 03:20:42,752 - INFO - HTTP Request: POST https://huggingface.co/api/datasets/unrulyabstractions/temporal-awareness/preupload/main "HTTP/1.1 200 OK"
2026-08-04 03:20:59,938 - INFO - HTTP Request: POST https://huggingface.co/api/datasets/unrulyabstractions/temporal-awareness/commit/main "HTTP/1.1 200 OK"
2026-08-04 03:20:59,941 - INFO - [commit 1/1] 6 files, 792.4 KB in 17.4s (45.6 KB/s) | pass total 6/6 files, 792.4 KB, 17.4s
2026-08-04 03:20:59,941 - INFO - Waiting 120s for new files (done-file RUN_COMPLETE: absent)
2026-08-04 03:22:59,948 - INFO - Scanned /root/temporal-awareness/out/experiments/loc_llama_investment: 113 files on disk, 1 to upload (369.2 KB)
2026-08-04 03:23:00,087 - INFO - HTTP Request: POST https://huggingface.co/api/datasets/unrulyabstractions/temporal-awareness/preupload/main "HTTP/1.1 200 OK"
2026-08-04 03:23:08,942 - INFO - HTTP Request: POST https://huggingface.co/api/datasets/unrulyabstractions/temporal-awareness/commit/main "HTTP/1.1 200 OK"
2026-08-04 03:23:08,943 - INFO - [commit 1/1] 1 files, 369.2 KB in 9.0s (41.0 KB/s) | pass total 1/1 files, 369.2 KB, 9.0s
2026-08-04 03:23:08,943 - INFO - Waiting 120s for new files (done-file RUN_COMPLETE: absent)
2026-08-04 03:25:08,950 - INFO - Scanned /root/temporal-awareness/out/experiments/loc_llama_investment: 114 files on disk, 2 to upload (670.0 KB)
2026-08-04 03:25:09,181 - INFO - HTTP Request: POST https://huggingface.co/api/datasets/unrulyabstractions/temporal-awareness/preupload/main "HTTP/1.1 200 OK"
2026-08-04 03:25:25,290 - INFO - HTTP Request: POST https://huggingface.co/api/datasets/unrulyabstractions/temporal-awareness/commit/main "HTTP/1.1 200 OK"
2026-08-04 03:25:25,292 - INFO - [commit 1/1] 2 files, 670.0 KB in 16.3s (41.0 KB/s) | pass total 2/2 files, 670.0 KB, 16.3s
2026-08-04 03:25:25,292 - INFO - Waiting 120s for new files (done-file RUN_COMPLETE: absent)
2026-08-04 03:27:25,296 - INFO - Scanned /root/temporal-awareness/out/experiments/loc_llama_investment: 114 files on disk, 1 to upload (376.9 KB)
2026-08-04 03:27:25,419 - INFO - HTTP Request: POST https://huggingface.co/api/datasets/unrulyabstractions/temporal-awareness/preupload/main "HTTP/1.1 200 OK"
2026-08-04 03:27:38,532 - INFO - HTTP Request: POST https://huggingface.co/api/datasets/unrulyabstractions/temporal-awareness/commit/main "HTTP/1.1 200 OK"
2026-08-04 03:27:38,534 - INFO - [commit 1/1] 1 files, 376.9 KB in 13.2s (28.5 KB/s) | pass total 1/1 files, 376.9 KB, 13.2s
2026-08-04 03:27:38,534 - INFO - Waiting 120s for new files (done-file RUN_COMPLETE: absent)
2026-08-04 03:29:38,541 - INFO - Scanned /root/temporal-awareness/out/experiments/loc_llama_investment: 115 files on disk, 2 to upload (677.6 KB)
2026-08-04 03:29:38,687 - INFO - HTTP Request: POST https://huggingface.co/api/datasets/unrulyabstractions/temporal-awareness/preupload/main "HTTP/1.1 200 OK"
2026-08-04 03:29:49,538 - INFO - HTTP Request: POST https://huggingface.co/api/datasets/unrulyabstractions/temporal-awareness/commit/main "HTTP/1.1 200 OK"
2026-08-04 03:29:49,540 - INFO - [commit 1/1] 2 files, 677.6 KB in 11.0s (61.6 KB/s) | pass total 2/2 files, 677.6 KB, 11.0s
2026-08-04 03:29:49,540 - INFO - Waiting 120s for new files (done-file RUN_COMPLETE: absent)
2026-08-04 03:31:49,547 - INFO - Scanned /root/temporal-awareness/out/experiments/loc_llama_investment: 115 files on disk, 1 to upload (384.4 KB)
2026-08-04 03:31:49,789 - INFO - HTTP Request: POST https://huggingface.co/api/datasets/unrulyabstractions/temporal-awareness/preupload/main "HTTP/1.1 200 OK"
2026-08-04 03:32:06,686 - INFO - HTTP Request: POST https://huggingface.co/api/datasets/unrulyabstractions/temporal-awareness/commit/main "HTTP/1.1 200 OK"
2026-08-04 03:32:06,688 - INFO - [commit 1/1] 1 files, 384.4 KB in 17.1s (22.4 KB/s) | pass total 1/1 files, 384.4 KB, 17.1s
2026-08-04 03:32:06,688 - INFO - Waiting 120s for new files (done-file RUN_COMPLETE: absent)
2026-08-04 03:34:06,695 - INFO - Scanned /root/temporal-awareness/out/experiments/loc_llama_investment: 120 files on disk, 6 to upload (815.6 KB)
2026-08-04 03:34:06,915 - INFO - HTTP Request: POST https://huggingface.co/api/datasets/unrulyabstractions/temporal-awareness/preupload/main "HTTP/1.1 200 OK"
2026-08-04 03:34:18,479 - INFO - HTTP Request: POST https://huggingface.co/api/datasets/unrulyabstractions/temporal-awareness/commit/main "HTTP/1.1 200 OK"
2026-08-04 03:34:18,480 - INFO - [commit 1/1] 6 files, 815.6 KB in 11.8s (69.2 KB/s) | pass total 6/6 files, 815.6 KB, 11.8s
2026-08-04 03:34:18,481 - INFO - Waiting 120s for new files (done-file RUN_COMPLETE: absent)
2026-08-04 03:36:18,487 - INFO - Scanned /root/temporal-awareness/out/experiments/loc_llama_investment: 120 files on disk, 1 to upload (392.2 KB)
2026-08-04 03:36:18,620 - INFO - HTTP Request: POST https://huggingface.co/api/datasets/unrulyabstractions/temporal-awareness/preupload/main "HTTP/1.1 200 OK"
2026-08-04 03:36:32,446 - INFO - HTTP Request: POST https://huggingface.co/api/datasets/unrulyabstractions/temporal-awareness/commit/main "HTTP/1.1 200 OK"
2026-08-04 03:36:32,447 - INFO - [commit 1/1] 1 files, 392.2 KB in 14.0s (28.1 KB/s) | pass total 1/1 files, 392.2 KB, 14.0s
2026-08-04 03:36:32,447 - INFO - Waiting 120s for new files (done-file RUN_COMPLETE: absent)
2026-08-04 03:38:32,452 - INFO - Scanned /root/temporal-awareness/out/experiments/loc_llama_investment: 121 files on disk, 2 to upload (693.0 KB)
2026-08-04 03:38:32,788 - INFO - HTTP Request: POST https://huggingface.co/api/datasets/unrulyabstractions/temporal-awareness/preupload/main "HTTP/1.1 200 OK"
2026-08-04 03:38:58,254 - INFO - HTTP Request: POST https://huggingface.co/api/datasets/unrulyabstractions/temporal-awareness/commit/main "HTTP/1.1 200 OK"
2026-08-04 03:38:58,256 - INFO - [commit 1/1] 2 files, 693.0 KB in 25.8s (26.9 KB/s) | pass total 2/2 files, 693.0 KB, 25.8s
2026-08-04 03:38:58,256 - INFO - Waiting 120s for new files (done-file RUN_COMPLETE: absent)
2026-08-04 03:40:58,263 - INFO - Scanned /root/temporal-awareness/out/experiments/loc_llama_investment: 122 files on disk, 2 to upload (698.5 KB)
2026-08-04 03:40:58,506 - INFO - HTTP Request: POST https://huggingface.co/api/datasets/unrulyabstractions/temporal-awareness/preupload/main "HTTP/1.1 200 OK"
2026-08-04 03:41:21,222 - INFO - HTTP Request: POST https://huggingface.co/api/datasets/unrulyabstractions/temporal-awareness/commit/main "HTTP/1.1 200 OK"
2026-08-04 03:41:21,225 - INFO - [commit 1/1] 2 files, 698.5 KB in 23.0s (30.4 KB/s) | pass total 2/2 files, 698.5 KB, 23.0s
2026-08-04 03:41:21,225 - INFO - Waiting 120s for new files (done-file RUN_COMPLETE: absent)
2026-08-04 03:43:21,232 - INFO - Scanned /root/temporal-awareness/out/experiments/loc_llama_investment: 122 files on disk, 1 to upload (405.4 KB)
2026-08-04 03:43:21,582 - INFO - HTTP Request: POST https://huggingface.co/api/datasets/unrulyabstractions/temporal-awareness/preupload/main "HTTP/1.1 200 OK"
2026-08-04 03:43:48,372 - INFO - HTTP Request: POST https://huggingface.co/api/datasets/unrulyabstractions/temporal-awareness/commit/main "HTTP/1.1 200 OK"
2026-08-04 03:43:48,374 - INFO - [commit 1/1] 1 files, 405.4 KB in 27.1s (14.9 KB/s) | pass total 1/1 files, 405.4 KB, 27.1s
2026-08-04 03:43:48,374 - INFO - Waiting 120s for new files (done-file RUN_COMPLETE: absent)
2026-08-04 03:45:48,381 - INFO - Scanned /root/temporal-awareness/out/experiments/loc_llama_investment: 127 files on disk, 6 to upload (836.7 KB)
2026-08-04 03:45:48,616 - INFO - HTTP Request: POST https://huggingface.co/api/datasets/unrulyabstractions/temporal-awareness/preupload/main "HTTP/1.1 200 OK"
2026-08-04 03:46:16,809 - INFO - HTTP Request: POST https://huggingface.co/api/datasets/unrulyabstractions/temporal-awareness/commit/main "HTTP/1.1 200 OK"
2026-08-04 03:46:16,811 - INFO - [commit 1/1] 6 files, 836.7 KB in 28.4s (29.4 KB/s) | pass total 6/6 files, 836.7 KB, 28.4s
2026-08-04 03:46:16,811 - INFO - Waiting 120s for new files (done-file RUN_COMPLETE: absent)
2026-08-04 03:48:16,818 - INFO - Scanned /root/temporal-awareness/out/experiments/loc_llama_investment: 127 files on disk, 1 to upload (413.5 KB)
2026-08-04 03:48:16,936 - INFO - HTTP Request: POST https://huggingface.co/api/datasets/unrulyabstractions/temporal-awareness/preupload/main "HTTP/1.1 200 OK"
2026-08-04 03:48:32,515 - INFO - HTTP Request: POST https://huggingface.co/api/datasets/unrulyabstractions/temporal-awareness/commit/main "HTTP/1.1 200 OK"
2026-08-04 03:48:32,517 - INFO - [commit 1/1] 1 files, 413.5 KB in 15.7s (26.3 KB/s) | pass total 1/1 files, 413.5 KB, 15.7s
2026-08-04 03:48:32,517 - INFO - Waiting 120s for new files (done-file RUN_COMPLETE: absent)
2026-08-04 03:50:32,525 - INFO - Scanned /root/temporal-awareness/out/experiments/loc_llama_investment: 128 files on disk, 2 to upload (714.3 KB)
2026-08-04 03:50:32,688 - INFO - HTTP Request: POST https://huggingface.co/api/datasets/unrulyabstractions/temporal-awareness/preupload/main "HTTP/1.1 200 OK"
2026-08-04 03:50:50,517 - INFO - HTTP Request: POST https://huggingface.co/api/datasets/unrulyabstractions/temporal-awareness/commit/main "HTTP/1.1 200 OK"
2026-08-04 03:50:50,519 - INFO - [commit 1/1] 2 files, 714.3 KB in 18.0s (39.7 KB/s) | pass total 2/2 files, 714.3 KB, 18.0s
2026-08-04 03:50:50,519 - INFO - Waiting 120s for new files (done-file RUN_COMPLETE: absent)
2026-08-04 03:52:50,526 - INFO - Scanned /root/temporal-awareness/out/experiments/loc_llama_investment: 128 files on disk, 1 to upload (421.2 KB)
2026-08-04 03:52:50,904 - INFO - HTTP Request: POST https://huggingface.co/api/datasets/unrulyabstractions/temporal-awareness/preupload/main "HTTP/1.1 200 OK"
2026-08-04 03:53:08,852 - INFO - HTTP Request: POST https://huggingface.co/api/datasets/unrulyabstractions/temporal-awareness/commit/main "HTTP/1.1 200 OK"
2026-08-04 03:53:08,854 - INFO - [commit 1/1] 1 files, 421.2 KB in 18.3s (23.0 KB/s) | pass total 1/1 files, 421.2 KB, 18.3s
2026-08-04 03:53:08,854 - INFO - Waiting 120s for new files (done-file RUN_COMPLETE: absent)
2026-08-04 03:55:08,860 - INFO - Scanned /root/temporal-awareness/out/experiments/loc_llama_investment: 129 files on disk, 2 to upload (722.2 KB)
2026-08-04 03:55:09,137 - INFO - HTTP Request: POST https://huggingface.co/api/datasets/unrulyabstractions/temporal-awareness/preupload/main "HTTP/1.1 200 OK"
2026-08-04 03:55:19,783 - INFO - HTTP Request: POST https://huggingface.co/api/datasets/unrulyabstractions/temporal-awareness/commit/main "HTTP/1.1 200 OK"
2026-08-04 03:55:19,784 - INFO - [commit 1/1] 2 files, 722.2 KB in 10.9s (66.1 KB/s) | pass total 2/2 files, 722.2 KB, 10.9s
2026-08-04 03:55:19,784 - INFO - Waiting 120s for new files (done-file RUN_COMPLETE: absent)
2026-08-04 03:57:19,792 - INFO - Scanned /root/temporal-awareness/out/experiments/loc_llama_investment: 129 files on disk, 1 to upload (428.9 KB)
2026-08-04 03:57:19,992 - INFO - HTTP Request: POST https://huggingface.co/api/datasets/unrulyabstractions/temporal-awareness/preupload/main "HTTP/1.1 200 OK"
2026-08-04 03:57:29,751 - INFO - HTTP Request: POST https://huggingface.co/api/datasets/unrulyabstractions/temporal-awareness/commit/main "HTTP/1.1 200 OK"
2026-08-04 03:57:29,754 - INFO - [commit 1/1] 1 files, 428.9 KB in 10.0s (43.0 KB/s) | pass total 1/1 files, 428.9 KB, 10.0s
2026-08-04 03:57:29,754 - INFO - Waiting 120s for new files (done-file RUN_COMPLETE: absent)
2026-08-04 03:59:29,762 - INFO - Scanned /root/temporal-awareness/out/experiments/loc_llama_investment: 134 files on disk, 6 to upload (866.6 KB)
2026-08-04 03:59:29,939 - INFO - HTTP Request: POST https://huggingface.co/api/datasets/unrulyabstractions/temporal-awareness/preupload/main "HTTP/1.1 200 OK"
2026-08-04 03:59:49,009 - INFO - HTTP Request: POST https://huggingface.co/api/datasets/unrulyabstractions/temporal-awareness/commit/main "HTTP/1.1 200 OK"
2026-08-04 03:59:49,010 - INFO - [commit 1/1] 6 files, 866.6 KB in 19.2s (45.0 KB/s) | pass total 6/6 files, 866.6 KB, 19.3s
2026-08-04 03:59:49,010 - INFO - Waiting 120s for new files (done-file RUN_COMPLETE: absent)
2026-08-04 04:01:49,018 - INFO - Scanned /root/temporal-awareness/out/experiments/loc_llama_investment: 134 files on disk, 1 to upload (436.7 KB)
2026-08-04 04:01:49,152 - INFO - HTTP Request: POST https://huggingface.co/api/datasets/unrulyabstractions/temporal-awareness/preupload/main "HTTP/1.1 200 OK"
2026-08-04 04:01:59,189 - INFO - HTTP Request: POST https://huggingface.co/api/datasets/unrulyabstractions/temporal-awareness/commit/main "HTTP/1.1 200 OK"
2026-08-04 04:01:59,192 - INFO - [commit 1/1] 1 files, 436.7 KB in 10.2s (42.9 KB/s) | pass total 1/1 files, 436.7 KB, 10.2s
2026-08-04 04:01:59,192 - INFO - Waiting 120s for new files (done-file RUN_COMPLETE: absent)
2026-08-04 04:03:59,200 - INFO - Scanned /root/temporal-awareness/out/experiments/loc_llama_investment: 135 files on disk, 2 to upload (737.5 KB)
2026-08-04 04:03:59,388 - INFO - HTTP Request: POST https://huggingface.co/api/datasets/unrulyabstractions/temporal-awareness/preupload/main "HTTP/1.1 200 OK"
2026-08-04 04:04:09,126 - INFO - HTTP Request: POST https://huggingface.co/api/datasets/unrulyabstractions/temporal-awareness/commit/main "HTTP/1.1 200 OK"
2026-08-04 04:04:09,128 - INFO - [commit 1/1] 2 files, 737.5 KB in 9.9s (74.3 KB/s) | pass total 2/2 files, 737.5 KB, 9.9s
2026-08-04 04:04:09,128 - INFO - Waiting 120s for new files (done-file RUN_COMPLETE: absent)
2026-08-04 04:06:09,136 - INFO - Scanned /root/temporal-awareness/out/experiments/loc_llama_investment: 135 files on disk, 1 to upload (444.2 KB)
2026-08-04 04:06:09,273 - INFO - HTTP Request: POST https://huggingface.co/api/datasets/unrulyabstractions/temporal-awareness/preupload/main "HTTP/1.1 200 OK"
2026-08-04 04:06:29,838 - INFO - HTTP Request: POST https://huggingface.co/api/datasets/unrulyabstractions/temporal-awareness/commit/main "HTTP/1.1 200 OK"
2026-08-04 04:06:29,840 - INFO - [commit 1/1] 1 files, 444.2 KB in 20.7s (21.5 KB/s) | pass total 1/1 files, 444.2 KB, 20.7s
2026-08-04 04:06:29,840 - INFO - Waiting 120s for new files (done-file RUN_COMPLETE: absent)
2026-08-04 04:08:29,848 - INFO - Scanned /root/temporal-awareness/out/experiments/loc_llama_investment: 136 files on disk, 2 to upload (745.2 KB)
2026-08-04 04:08:30,135 - INFO - HTTP Request: POST https://huggingface.co/api/datasets/unrulyabstractions/temporal-awareness/preupload/main "HTTP/1.1 200 OK"
2026-08-04 04:08:49,907 - INFO - HTTP Request: POST https://huggingface.co/api/datasets/unrulyabstractions/temporal-awareness/commit/main "HTTP/1.1 200 OK"
2026-08-04 04:08:49,909 - INFO - [commit 1/1] 2 files, 745.2 KB in 20.1s (37.1 KB/s) | pass total 2/2 files, 745.2 KB, 20.1s
2026-08-04 04:08:49,909 - INFO - Waiting 120s for new files (done-file RUN_COMPLETE: absent)
2026-08-04 04:10:49,917 - INFO - Scanned /root/temporal-awareness/out/experiments/loc_llama_investment: 136 files on disk, 1 to upload (452.2 KB)
2026-08-04 04:10:50,103 - INFO - HTTP Request: POST https://huggingface.co/api/datasets/unrulyabstractions/temporal-awareness/preupload/main "HTTP/1.1 200 OK"
2026-08-04 04:11:11,820 - INFO - HTTP Request: POST https://huggingface.co/api/datasets/unrulyabstractions/temporal-awareness/commit/main "HTTP/1.1 200 OK"
2026-08-04 04:11:11,821 - INFO - [commit 1/1] 1 files, 452.2 KB in 21.9s (20.6 KB/s) | pass total 1/1 files, 452.2 KB, 21.9s
2026-08-04 04:11:11,821 - INFO - Waiting 120s for new files (done-file RUN_COMPLETE: absent)
2026-08-04 04:13:11,829 - INFO - Scanned /root/temporal-awareness/out/experiments/loc_llama_investment: 141 files on disk, 6 to upload (890.0 KB)
2026-08-04 04:13:12,014 - INFO - HTTP Request: POST https://huggingface.co/api/datasets/unrulyabstractions/temporal-awareness/preupload/main "HTTP/1.1 200 OK"
2026-08-04 04:13:19,305 - INFO - HTTP Request: POST https://huggingface.co/api/datasets/unrulyabstractions/temporal-awareness/commit/main "HTTP/1.1 200 OK"
2026-08-04 04:13:19,307 - INFO - [commit 1/1] 6 files, 890.0 KB in 7.5s (119.0 KB/s) | pass total 6/6 files, 890.0 KB, 7.5s
2026-08-04 04:13:19,307 - INFO - Waiting 120s for new files (done-file RUN_COMPLETE: absent)
2026-08-04 04:15:19,315 - INFO - Scanned /root/temporal-awareness/out/experiments/loc_llama_investment: 141 files on disk, 1 to upload (459.9 KB)
2026-08-04 04:15:19,507 - INFO - HTTP Request: POST https://huggingface.co/api/datasets/unrulyabstractions/temporal-awareness/preupload/main "HTTP/1.1 200 OK"
2026-08-04 04:15:34,058 - INFO - HTTP Request: POST https://huggingface.co/api/datasets/unrulyabstractions/temporal-awareness/commit/main "HTTP/1.1 200 OK"
2026-08-04 04:15:34,060 - INFO - [commit 1/1] 1 files, 459.9 KB in 14.7s (31.2 KB/s) | pass total 1/1 files, 459.9 KB, 14.8s
2026-08-04 04:15:34,060 - INFO - Waiting 120s for new files (done-file RUN_COMPLETE: absent)
2026-08-04 04:17:34,069 - INFO - Scanned /root/temporal-awareness/out/experiments/loc_llama_investment: 142 files on disk, 2 to upload (760.5 KB)
2026-08-04 04:17:34,335 - INFO - HTTP Request: POST https://huggingface.co/api/datasets/unrulyabstractions/temporal-awareness/preupload/main "HTTP/1.1 200 OK"
2026-08-04 04:17:44,629 - INFO - HTTP Request: POST https://huggingface.co/api/datasets/unrulyabstractions/temporal-awareness/commit/main "HTTP/1.1 200 OK"
2026-08-04 04:17:44,631 - INFO - [commit 1/1] 2 files, 760.5 KB in 10.6s (72.0 KB/s) | pass total 2/2 files, 760.5 KB, 10.6s
2026-08-04 04:17:44,631 - INFO - Waiting 120s for new files (done-file RUN_COMPLETE: absent)
2026-08-04 04:19:44,639 - INFO - Scanned /root/temporal-awareness/out/experiments/loc_llama_investment: 142 files on disk, 1 to upload (467.5 KB)
2026-08-04 04:19:44,761 - INFO - HTTP Request: POST https://huggingface.co/api/datasets/unrulyabstractions/temporal-awareness/preupload/main "HTTP/1.1 200 OK"
2026-08-04 04:19:50,427 - INFO - HTTP Request: POST https://huggingface.co/api/datasets/unrulyabstractions/temporal-awareness/commit/main "HTTP/1.1 200 OK"
2026-08-04 04:19:50,429 - INFO - [commit 1/1] 1 files, 467.5 KB in 5.8s (80.7 KB/s) | pass total 1/1 files, 467.5 KB, 5.8s
2026-08-04 04:19:50,429 - INFO - Waiting 120s for new files (done-file RUN_COMPLETE: absent)
2026-08-04 04:21:50,435 - INFO - Scanned /root/temporal-awareness/out/experiments/loc_llama_investment: 143 files on disk, 2 to upload (767.9 KB)
2026-08-04 04:21:50,621 - INFO - HTTP Request: POST https://huggingface.co/api/datasets/unrulyabstractions/temporal-awareness/preupload/main "HTTP/1.1 200 OK"
2026-08-04 04:21:57,583 - INFO - HTTP Request: POST https://huggingface.co/api/datasets/unrulyabstractions/temporal-awareness/commit/main "HTTP/1.1 200 OK"
2026-08-04 04:21:57,585 - INFO - [commit 1/1] 2 files, 767.9 KB in 7.1s (107.4 KB/s) | pass total 2/2 files, 767.9 KB, 7.2s
2026-08-04 04:21:57,585 - INFO - Waiting 120s for new files (done-file RUN_COMPLETE: absent)
2026-08-04 04:23:57,593 - INFO - Scanned /root/temporal-awareness/out/experiments/loc_llama_investment: 143 files on disk, 1 to upload (474.9 KB)
2026-08-04 04:23:57,770 - INFO - HTTP Request: POST https://huggingface.co/api/datasets/unrulyabstractions/temporal-awareness/preupload/main "HTTP/1.1 200 OK"
2026-08-04 04:24:08,688 - INFO - HTTP Request: POST https://huggingface.co/api/datasets/unrulyabstractions/temporal-awareness/commit/main "HTTP/1.1 200 OK"
2026-08-04 04:24:08,689 - INFO - [commit 1/1] 1 files, 474.9 KB in 11.1s (42.8 KB/s) | pass total 1/1 files, 474.9 KB, 11.1s
2026-08-04 04:24:08,690 - INFO - Waiting 120s for new files (done-file RUN_COMPLETE: absent)
2026-08-04 04:26:08,698 - INFO - Scanned /root/temporal-awareness/out/experiments/loc_llama_investment: 148 files on disk, 6 to upload (911.9 KB)
2026-08-04 04:26:08,824 - INFO - HTTP Request: POST https://huggingface.co/api/datasets/unrulyabstractions/temporal-awareness/preupload/main "HTTP/1.1 200 OK"
2026-08-04 04:26:18,534 - INFO - HTTP Request: POST https://huggingface.co/api/datasets/unrulyabstractions/temporal-awareness/commit/main "HTTP/1.1 200 OK"
2026-08-04 04:26:18,535 - INFO - [commit 1/1] 6 files, 911.9 KB in 9.8s (92.7 KB/s) | pass total 6/6 files, 911.9 KB, 9.8s
2026-08-04 04:26:18,535 - INFO - Waiting 120s for new files (done-file RUN_COMPLETE: absent)
2026-08-04 04:28:18,544 - INFO - Scanned /root/temporal-awareness/out/experiments/loc_llama_investment: 148 files on disk, 1 to upload (482.4 KB)
2026-08-04 04:28:18,675 - INFO - HTTP Request: POST https://huggingface.co/api/datasets/unrulyabstractions/temporal-awareness/preupload/main "HTTP/1.1 200 OK"
2026-08-04 04:28:32,947 - INFO - HTTP Request: POST https://huggingface.co/api/datasets/unrulyabstractions/temporal-awareness/commit/main "HTTP/1.1 200 OK"
2026-08-04 04:28:32,949 - INFO - [commit 1/1] 1 files, 482.4 KB in 14.4s (33.5 KB/s) | pass total 1/1 files, 482.4 KB, 14.4s
2026-08-04 04:28:32,949 - INFO - Waiting 120s for new files (done-file RUN_COMPLETE: absent)
2026-08-04 04:30:32,958 - INFO - Scanned /root/temporal-awareness/out/experiments/loc_llama_investment: 149 files on disk, 2 to upload (783.5 KB)
2026-08-04 04:30:33,110 - INFO - HTTP Request: POST https://huggingface.co/api/datasets/unrulyabstractions/temporal-awareness/preupload/main "HTTP/1.1 200 OK"
2026-08-04 04:30:43,965 - INFO - HTTP Request: POST https://huggingface.co/api/datasets/unrulyabstractions/temporal-awareness/commit/main "HTTP/1.1 200 OK"
2026-08-04 04:30:43,967 - INFO - [commit 1/1] 2 files, 783.5 KB in 11.0s (71.2 KB/s) | pass total 2/2 files, 783.5 KB, 11.0s
2026-08-04 04:30:43,967 - INFO - Waiting 120s for new files (done-file RUN_COMPLETE: absent)
2026-08-04 04:32:43,975 - INFO - Scanned /root/temporal-awareness/out/experiments/loc_llama_investment: 149 files on disk, 1 to upload (489.9 KB)
2026-08-04 04:32:44,157 - INFO - HTTP Request: POST https://huggingface.co/api/datasets/unrulyabstractions/temporal-awareness/preupload/main "HTTP/1.1 200 OK"
2026-08-04 04:32:54,428 - INFO - HTTP Request: POST https://huggingface.co/api/datasets/unrulyabstractions/temporal-awareness/commit/main "HTTP/1.1 200 OK"
2026-08-04 04:32:54,430 - INFO - [commit 1/1] 1 files, 489.9 KB in 10.5s (46.9 KB/s) | pass total 1/1 files, 489.9 KB, 10.5s
2026-08-04 04:32:54,431 - INFO - Waiting 120s for new files (done-file RUN_COMPLETE: absent)
2026-08-04 04:34:54,439 - INFO - Scanned /root/temporal-awareness/out/experiments/loc_llama_investment: 150 files on disk, 2 to upload (791.0 KB)
2026-08-04 04:34:54,586 - INFO - HTTP Request: POST https://huggingface.co/api/datasets/unrulyabstractions/temporal-awareness/preupload/main "HTTP/1.1 200 OK"
2026-08-04 04:35:15,234 - INFO - HTTP Request: POST https://huggingface.co/api/datasets/unrulyabstractions/temporal-awareness/commit/main "HTTP/1.1 200 OK"
2026-08-04 04:35:17,008 - INFO - [commit 1/1] 2 files, 791.0 KB in 22.6s (35.0 KB/s) | pass total 2/2 files, 791.0 KB, 22.6s
2026-08-04 04:35:17,008 - INFO - Waiting 120s for new files (done-file RUN_COMPLETE: absent)
2026-08-04 04:37:17,017 - INFO - Scanned /root/temporal-awareness/out/experiments/loc_llama_investment: 150 files on disk, 1 to upload (497.7 KB)
2026-08-04 04:37:17,204 - INFO - HTTP Request: POST https://huggingface.co/api/datasets/unrulyabstractions/temporal-awareness/preupload/main "HTTP/1.1 200 OK"
2026-08-04 04:37:27,681 - INFO - HTTP Request: POST https://huggingface.co/api/datasets/unrulyabstractions/temporal-awareness/commit/main "HTTP/1.1 200 OK"
2026-08-04 04:37:27,682 - INFO - [commit 1/1] 1 files, 497.7 KB in 10.7s (46.7 KB/s) | pass total 1/1 files, 497.7 KB, 10.7s
2026-08-04 04:37:27,682 - INFO - Waiting 120s for new files (done-file RUN_COMPLETE: absent)
2026-08-04 04:39:27,691 - INFO - Scanned /root/temporal-awareness/out/experiments/loc_llama_investment: 155 files on disk, 6 to upload (935.1 KB)
2026-08-04 04:39:27,910 - INFO - HTTP Request: POST https://huggingface.co/api/datasets/unrulyabstractions/temporal-awareness/preupload/main "HTTP/1.1 200 OK"
2026-08-04 04:39:42,399 - INFO - HTTP Request: POST https://huggingface.co/api/datasets/unrulyabstractions/temporal-awareness/commit/main "HTTP/1.1 200 OK"
2026-08-04 04:39:42,401 - INFO - [commit 1/1] 6 files, 935.1 KB in 14.7s (63.6 KB/s) | pass total 6/6 files, 935.1 KB, 14.7s
2026-08-04 04:39:42,401 - INFO - Waiting 120s for new files (done-file RUN_COMPLETE: absent)
2026-08-04 04:41:42,407 - INFO - Scanned /root/temporal-awareness/out/experiments/loc_llama_investment: 155 files on disk, 1 to upload (505.3 KB)
2026-08-04 04:41:42,523 - INFO - HTTP Request: POST https://huggingface.co/api/datasets/unrulyabstractions/temporal-awareness/preupload/main "HTTP/1.1 200 OK"
2026-08-04 04:41:59,414 - INFO - HTTP Request: POST https://huggingface.co/api/datasets/unrulyabstractions/temporal-awareness/commit/main "HTTP/1.1 200 OK"
2026-08-04 04:41:59,416 - INFO - [commit 1/1] 1 files, 505.3 KB in 17.0s (29.7 KB/s) | pass total 1/1 files, 505.3 KB, 17.0s
2026-08-04 04:41:59,416 - INFO - Waiting 120s for new files (done-file RUN_COMPLETE: absent)
2026-08-04 04:43:59,425 - INFO - Scanned /root/temporal-awareness/out/experiments/loc_llama_investment: 156 files on disk, 2 to upload (806.9 KB)
2026-08-04 04:43:59,598 - INFO - HTTP Request: POST https://huggingface.co/api/datasets/unrulyabstractions/temporal-awareness/preupload/main "HTTP/1.1 200 OK"
2026-08-04 04:44:07,248 - INFO - HTTP Request: POST https://huggingface.co/api/datasets/unrulyabstractions/temporal-awareness/commit/main "HTTP/1.1 200 OK"
2026-08-04 04:44:07,249 - INFO - [commit 1/1] 2 files, 806.9 KB in 7.8s (103.1 KB/s) | pass total 2/2 files, 806.9 KB, 7.8s
2026-08-04 04:44:07,250 - INFO - Waiting 120s for new files (done-file RUN_COMPLETE: absent)
2026-08-04 04:46:07,258 - INFO - Scanned /root/temporal-awareness/out/experiments/loc_llama_investment: 156 files on disk, 1 to upload (512.7 KB)
2026-08-04 04:46:07,395 - INFO - HTTP Request: POST https://huggingface.co/api/datasets/unrulyabstractions/temporal-awareness/preupload/main "HTTP/1.1 200 OK"
2026-08-04 04:46:19,912 - INFO - HTTP Request: POST https://huggingface.co/api/datasets/unrulyabstractions/temporal-awareness/commit/main "HTTP/1.1 200 OK"
2026-08-04 04:46:19,913 - INFO - [commit 1/1] 1 files, 512.7 KB in 12.7s (40.5 KB/s) | pass total 1/1 files, 512.7 KB, 12.7s
2026-08-04 04:46:19,913 - INFO - Waiting 120s for new files (done-file RUN_COMPLETE: absent)
2026-08-04 04:48:19,922 - INFO - Scanned /root/temporal-awareness/out/experiments/loc_llama_investment: 157 files on disk, 2 to upload (814.7 KB)
2026-08-04 04:48:20,108 - INFO - HTTP Request: POST https://huggingface.co/api/datasets/unrulyabstractions/temporal-awareness/preupload/main "HTTP/1.1 200 OK"
2026-08-04 04:48:31,544 - INFO - HTTP Request: POST https://huggingface.co/api/datasets/unrulyabstractions/temporal-awareness/commit/main "HTTP/1.1 200 OK"
2026-08-04 04:48:31,545 - INFO - [commit 1/1] 2 files, 814.7 KB in 11.6s (70.1 KB/s) | pass total 2/2 files, 814.7 KB, 11.6s
2026-08-04 04:48:31,545 - INFO - Waiting 120s for new files (done-file RUN_COMPLETE: absent)
2026-08-04 04:50:31,554 - INFO - Scanned /root/temporal-awareness/out/experiments/loc_llama_investment: 157 files on disk, 1 to upload (520.2 KB)
2026-08-04 04:50:31,666 - INFO - HTTP Request: POST https://huggingface.co/api/datasets/unrulyabstractions/temporal-awareness/preupload/main "HTTP/1.1 200 OK"
2026-08-04 04:50:53,574 - INFO - HTTP Request: POST https://huggingface.co/api/datasets/unrulyabstractions/temporal-awareness/commit/main "HTTP/1.1 200 OK"
2026-08-04 04:50:53,575 - INFO - [commit 1/1] 1 files, 520.2 KB in 22.0s (23.6 KB/s) | pass total 1/1 files, 520.2 KB, 22.0s
2026-08-04 04:50:53,575 - INFO - Waiting 120s for new files (done-file RUN_COMPLETE: absent)
2026-08-04 04:52:53,585 - INFO - Scanned /root/temporal-awareness/out/experiments/loc_llama_investment: 162 files on disk, 6 to upload (958.5 KB)
2026-08-04 04:52:53,788 - INFO - HTTP Request: POST https://huggingface.co/api/datasets/unrulyabstractions/temporal-awareness/preupload/main "HTTP/1.1 200 OK"
2026-08-04 04:53:00,286 - INFO - HTTP Request: POST https://huggingface.co/api/datasets/unrulyabstractions/temporal-awareness/commit/main "HTTP/1.1 200 OK"
2026-08-04 04:53:00,288 - INFO - [commit 1/1] 6 files, 958.5 KB in 6.7s (143.0 KB/s) | pass total 6/6 files, 958.5 KB, 6.7s
2026-08-04 04:53:00,288 - INFO - Waiting 120s for new files (done-file RUN_COMPLETE: absent)
2026-08-04 04:55:00,297 - INFO - Scanned /root/temporal-awareness/out/experiments/loc_llama_investment: 162 files on disk, 1 to upload (527.8 KB)
2026-08-04 04:55:00,413 - INFO - HTTP Request: POST https://huggingface.co/api/datasets/unrulyabstractions/temporal-awareness/preupload/main "HTTP/1.1 200 OK"
2026-08-04 04:55:06,247 - INFO - HTTP Request: POST https://huggingface.co/api/datasets/unrulyabstractions/temporal-awareness/commit/main "HTTP/1.1 200 OK"
2026-08-04 04:55:06,248 - INFO - [commit 1/1] 1 files, 527.8 KB in 6.0s (88.7 KB/s) | pass total 1/1 files, 527.8 KB, 6.0s
2026-08-04 04:55:06,248 - INFO - Waiting 120s for new files (done-file RUN_COMPLETE: absent)
2026-08-04 04:57:06,257 - INFO - Scanned /root/temporal-awareness/out/experiments/loc_llama_investment: 163 files on disk, 2 to upload (828.7 KB)
2026-08-04 04:57:06,555 - INFO - HTTP Request: POST https://huggingface.co/api/datasets/unrulyabstractions/temporal-awareness/preupload/main "HTTP/1.1 200 OK"
2026-08-04 04:57:21,990 - INFO - HTTP Request: POST https://huggingface.co/api/datasets/unrulyabstractions/temporal-awareness/commit/main "HTTP/1.1 200 OK"
2026-08-04 04:57:21,992 - INFO - [commit 1/1] 2 files, 828.7 KB in 15.7s (52.7 KB/s) | pass total 2/2 files, 828.7 KB, 15.7s
2026-08-04 04:57:21,992 - INFO - Waiting 120s for new files (done-file RUN_COMPLETE: absent)
2026-08-04 04:59:22,001 - INFO - Scanned /root/temporal-awareness/out/experiments/loc_llama_investment: 163 files on disk, 1 to upload (535.1 KB)
2026-08-04 04:59:22,149 - INFO - HTTP Request: POST https://huggingface.co/api/datasets/unrulyabstractions/temporal-awareness/preupload/main "HTTP/1.1 200 OK"
2026-08-04 04:59:34,097 - INFO - HTTP Request: POST https://huggingface.co/api/datasets/unrulyabstractions/temporal-awareness/commit/main "HTTP/1.1 200 OK"
2026-08-04 04:59:34,098 - INFO - [commit 1/1] 1 files, 535.1 KB in 12.1s (44.2 KB/s) | pass total 1/1 files, 535.1 KB, 12.1s
2026-08-04 04:59:34,099 - INFO - Waiting 120s for new files (done-file RUN_COMPLETE: absent)
2026-08-04 05:01:34,107 - INFO - Scanned /root/temporal-awareness/out/experiments/loc_llama_investment: 164 files on disk, 2 to upload (836.4 KB)
2026-08-04 05:01:34,317 - INFO - HTTP Request: POST https://huggingface.co/api/datasets/unrulyabstractions/temporal-awareness/preupload/main "HTTP/1.1 200 OK"
2026-08-04 05:01:54,630 - INFO - HTTP Request: POST https://huggingface.co/api/datasets/unrulyabstractions/temporal-awareness/commit/main "HTTP/1.1 200 OK"
2026-08-04 05:01:54,632 - INFO - [commit 1/1] 2 files, 836.4 KB in 20.5s (40.7 KB/s) | pass total 2/2 files, 836.4 KB, 20.5s
2026-08-04 05:01:54,633 - INFO - Waiting 120s for new files (done-file RUN_COMPLETE: absent)
2026-08-04 05:03:54,642 - INFO - Scanned /root/temporal-awareness/out/experiments/loc_llama_investment: 164 files on disk, 1 to upload (542.7 KB)
2026-08-04 05:03:54,828 - INFO - HTTP Request: POST https://huggingface.co/api/datasets/unrulyabstractions/temporal-awareness/preupload/main "HTTP/1.1 200 OK"
2026-08-04 05:04:07,407 - INFO - HTTP Request: POST https://huggingface.co/api/datasets/unrulyabstractions/temporal-awareness/commit/main "HTTP/1.1 200 OK"
2026-08-04 05:04:07,409 - INFO - [commit 1/1] 1 files, 542.7 KB in 12.8s (42.5 KB/s) | pass total 1/1 files, 542.7 KB, 12.8s
2026-08-04 05:04:07,409 - INFO - Waiting 120s for new files (done-file RUN_COMPLETE: absent)
2026-08-04 05:06:07,418 - INFO - Scanned /root/temporal-awareness/out/experiments/loc_llama_investment: 164 files on disk, 1 to upload (544.9 KB)
2026-08-04 05:06:07,556 - INFO - HTTP Request: POST https://huggingface.co/api/datasets/unrulyabstractions/temporal-awareness/preupload/main "HTTP/1.1 200 OK"
2026-08-04 05:06:19,977 - INFO - HTTP Request: POST https://huggingface.co/api/datasets/unrulyabstractions/temporal-awareness/commit/main "HTTP/1.1 200 OK"
2026-08-04 05:06:19,979 - INFO - [commit 1/1] 1 files, 544.9 KB in 12.6s (43.4 KB/s) | pass total 1/1 files, 544.9 KB, 12.6s
2026-08-04 05:06:19,979 - INFO - Waiting 120s for new files (done-file RUN_COMPLETE: absent)
2026-08-04 05:08:19,989 - INFO - Scanned /root/temporal-awareness/out/experiments/loc_llama_investment: 169 files on disk, 6 to upload (982.8 KB)
2026-08-04 05:08:20,121 - INFO - HTTP Request: POST https://huggingface.co/api/datasets/unrulyabstractions/temporal-awareness/preupload/main "HTTP/1.1 200 OK"
2026-08-04 05:08:38,036 - INFO - HTTP Request: POST https://huggingface.co/api/datasets/unrulyabstractions/temporal-awareness/commit/main "HTTP/1.1 200 OK"
2026-08-04 05:08:38,037 - INFO - [commit 1/1] 6 files, 982.8 KB in 18.0s (54.5 KB/s) | pass total 6/6 files, 982.8 KB, 18.1s
2026-08-04 05:08:38,038 - INFO - Waiting 120s for new files (done-file RUN_COMPLETE: absent)
2026-08-04 05:10:38,047 - INFO - Scanned /root/temporal-awareness/out/experiments/loc_llama_investment: 169 files on disk, 1 to upload (552.5 KB)
2026-08-04 05:10:38,189 - INFO - HTTP Request: POST https://huggingface.co/api/datasets/unrulyabstractions/temporal-awareness/preupload/main "HTTP/1.1 200 OK"
2026-08-04 05:10:51,641 - INFO - HTTP Request: POST https://huggingface.co/api/datasets/unrulyabstractions/temporal-awareness/commit/main "HTTP/1.1 200 OK"
2026-08-04 05:10:51,643 - INFO - [commit 1/1] 1 files, 552.5 KB in 13.6s (40.6 KB/s) | pass total 1/1 files, 552.5 KB, 13.6s
2026-08-04 05:10:51,643 - INFO - Waiting 120s for new files (done-file RUN_COMPLETE: absent)
2026-08-04 05:12:51,652 - INFO - Scanned /root/temporal-awareness/out/experiments/loc_llama_investment: 170 files on disk, 2 to upload (853.6 KB)
2026-08-04 05:12:51,835 - INFO - HTTP Request: POST https://huggingface.co/api/datasets/unrulyabstractions/temporal-awareness/preupload/main "HTTP/1.1 200 OK"
2026-08-04 05:13:13,976 - INFO - HTTP Request: POST https://huggingface.co/api/datasets/unrulyabstractions/temporal-awareness/commit/main "HTTP/1.1 200 OK"
2026-08-04 05:13:13,978 - INFO - [commit 1/1] 2 files, 853.6 KB in 22.3s (38.2 KB/s) | pass total 2/2 files, 853.6 KB, 22.3s
2026-08-04 05:13:13,978 - INFO - Waiting 120s for new files (done-file RUN_COMPLETE: absent)
2026-08-04 05:15:13,987 - INFO - Scanned /root/temporal-awareness/out/experiments/loc_llama_investment: 170 files on disk, 1 to upload (560.0 KB)
2026-08-04 05:15:14,181 - INFO - HTTP Request: POST https://huggingface.co/api/datasets/unrulyabstractions/temporal-awareness/preupload/main "HTTP/1.1 200 OK"
2026-08-04 05:15:41,835 - INFO - HTTP Request: POST https://huggingface.co/api/datasets/unrulyabstractions/temporal-awareness/commit/main "HTTP/1.1 200 OK"
2026-08-04 05:15:41,836 - INFO - [commit 1/1] 1 files, 560.0 KB in 27.8s (20.1 KB/s) | pass total 1/1 files, 560.0 KB, 27.9s
2026-08-04 05:15:41,837 - INFO - Waiting 120s for new files (done-file RUN_COMPLETE: absent)
2026-08-04 05:17:41,846 - INFO - Scanned /root/temporal-awareness/out/experiments/loc_llama_investment: 171 files on disk, 2 to upload (861.3 KB)
2026-08-04 05:17:41,983 - INFO - HTTP Request: POST https://huggingface.co/api/datasets/unrulyabstractions/temporal-awareness/preupload/main "HTTP/1.1 200 OK"
2026-08-04 05:17:58,561 - INFO - HTTP Request: POST https://huggingface.co/api/datasets/unrulyabstractions/temporal-awareness/commit/main "HTTP/1.1 200 OK"
2026-08-04 05:17:58,562 - INFO - [commit 1/1] 2 files, 861.3 KB in 16.7s (51.5 KB/s) | pass total 2/2 files, 861.3 KB, 16.7s
2026-08-04 05:17:58,562 - INFO - Waiting 120s for new files (done-file RUN_COMPLETE: absent)
2026-08-04 05:19:58,572 - INFO - Scanned /root/temporal-awareness/out/experiments/loc_llama_investment: 171 files on disk, 1 to upload (567.7 KB)
2026-08-04 05:19:58,753 - INFO - HTTP Request: POST https://huggingface.co/api/datasets/unrulyabstractions/temporal-awareness/preupload/main "HTTP/1.1 200 OK"
2026-08-04 05:20:07,933 - INFO - HTTP Request: POST https://huggingface.co/api/datasets/unrulyabstractions/temporal-awareness/commit/main "HTTP/1.1 200 OK"
2026-08-04 05:20:07,934 - INFO - [commit 1/1] 1 files, 567.7 KB in 9.4s (60.6 KB/s) | pass total 1/1 files, 567.7 KB, 9.4s
2026-08-04 05:20:07,934 - INFO - Waiting 120s for new files (done-file RUN_COMPLETE: absent)
2026-08-04 05:22:07,950 - INFO - Scanned /root/temporal-awareness/out/experiments/loc_llama_investment: 308 files on disk, 138 to upload (47.1 MB)
2026-08-04 05:22:08,316 - INFO - HTTP Request: POST https://huggingface.co/api/datasets/unrulyabstractions/temporal-awareness/preupload/main "HTTP/1.1 200 OK"
2026-08-04 05:22:08,668 - INFO - HTTP Request: POST https://huggingface.co/datasets/unrulyabstractions/temporal-awareness.git/info/lfs/objects/batch "HTTP/1.1 200 OK"
core.png:   0%|          | 0.00/221k [00:00<?, ?B/s]
fork.png:   0%|          | 0.00/260k [00:00<?, ?B/s][A

logits.png:   0%|          | 0.00/341k [00:00<?, ?B/s][A[A


probs.png:   0%|          | 0.00/221k [00:00<?, ?B/s][A[A[A



Upload 120 LFS files:   0%|          | 0/120 [00:00<?, ?it/s][A[A[A[A




trajectory.png:   0%|          | 0.00/237k [00:00<?, ?B/s][A[A[A[A[Acore.png:  89%|████████▉ | 197k/221k [00:00<00:00, 1.92MB/s]


probs.png: 100%|██████████| 221k/221k [00:00<00:00, 1.76MB/s][A[A[A2026-08-04 05:22:08,948 - INFO - HTTP Request: PUT https://hf-hub-lfs-us-east-1.s3-accelerate.amazonaws.com/repos/ef/87/ef870e8dc8265ff802cde7e48a97a6727cc657365929f58754efc9d0b87852b3/90c3bd5b3d2ed218b67c1bb10d23535caac3c85670bcfd94549aec42c268c55c?X-Amz-Algorithm=AWS4-HMAC-SHA256&X-Amz-Content-Sha256=UNSIGNED-PAYLOAD&X-Amz-Credential=AKIA2JU7TKAQOYY2AAUF%2F20260804%2Fus-east-1%2Fs3%2Faws4_request&X-Amz-Date=20260804T052208Z&X-Amz-Expires=900&X-Amz-Signature=69661f04e71954d375bc7c1cb795647f22475ae8137645ba49967363941b030e&X-Amz-SignedHeaders=host&x-amz-checksum-crc32=AAAAAA%3D%3D&x-amz-sdk-checksum-algorithm=CRC32&x-amz-storage-class=INTELLIGENT_TIERING&x-id=PutObject "HTTP/1.1 200 OK"
trajectory.png: 100%|██████████| 237k/237k [00:00<00:00, 1.04MB/s]
2026-08-04 05:22:08,963 - INFO - HTTP Request: PUT https://hf-hub-lfs-us-east-1.s3-accelerate.amazonaws.com/repos/ef/87/ef870e8dc8265ff802cde7e48a97a6727cc657365929f58754efc9d0b87852b3/7ad6604e8c0f186b6a547ca9ac1d8ed22c5d888e8a6977ba3c3145809271134a?X-Amz-Algorithm=AWS4-HMAC-SHA256&X-Amz-Content-Sha256=UNSIGNED-PAYLOAD&X-Amz-Credential=AKIA2JU7TKAQOYY2AAUF%2F20260804%2Fus-east-1%2Fs3%2Faws4_request&X-Amz-Date=20260804T052208Z&X-Amz-Expires=900&X-Amz-Signature=cbc3213ff455b550012d9c92406312c916e04d20535a1fed1409abac0881718c&X-Amz-SignedHeaders=host&x-amz-checksum-crc32=AAAAAA%3D%3D&x-amz-sdk-checksum-algorithm=CRC32&x-amz-storage-class=INTELLIGENT_TIERING&x-id=PutObject "HTTP/1.1 200 OK"
logits.png: 100%|██████████| 341k/341k [00:00<00:00, 1.38MB/s]
2026-08-04 05:22:09,007 - INFO - HTTP Request: PUT https://hf-hub-lfs-us-east-1.s3-accelerate.amazonaws.com/repos/ef/87/ef870e8dc8265ff802cde7e48a97a6727cc657365929f58754efc9d0b87852b3/d330bd5530d08cbfcd4033a177240abf808292159c9d00076c1296932c796bd7?X-Amz-Algorithm=AWS4-HMAC-SHA256&X-Amz-Content-Sha256=UNSIGNED-PAYLOAD&X-Amz-Credential=AKIA2JU7TKAQOYY2AAUF%2F20260804%2Fus-east-1%2Fs3%2Faws4_request&X-Amz-Date=20260804T052208Z&X-Amz-Expires=900&X-Amz-Signature=06a58985489609e852378036c29f419705346a70f075c7339fb4571be7385b78&X-Amz-SignedHeaders=host&x-amz-checksum-crc32=AAAAAA%3D%3D&x-amz-sdk-checksum-algorithm=CRC32&x-amz-storage-class=INTELLIGENT_TIERING&x-id=PutObject "HTTP/1.1 200 OK"
fork.png: 100%|██████████| 260k/260k [00:00<00:00, 890kB/s]
2026-08-04 05:22:09,031 - INFO - HTTP Request: PUT https://hf-hub-lfs-us-east-1.s3-accelerate.amazonaws.com/repos/ef/87/ef870e8dc8265ff802cde7e48a97a6727cc657365929f58754efc9d0b87852b3/be522b15ef656f103f8fda9fa6087a71861cf79d0e5d98b6b8409a93658700f6?X-Amz-Algorithm=AWS4-HMAC-SHA256&X-Amz-Content-Sha256=UNSIGNED-PAYLOAD&X-Amz-Credential=AKIA2JU7TKAQOYY2AAUF%2F20260804%2Fus-east-1%2Fs3%2Faws4_request&X-Amz-Date=20260804T052208Z&X-Amz-Expires=900&X-Amz-Signature=d31878e667ae5035760a8e3cfb6022769044cc4e8ced4a0e27ab8fc739828748&X-Amz-SignedHeaders=host&x-amz-checksum-crc32=AAAAAA%3D%3D&x-amz-sdk-checksum-algorithm=CRC32&x-amz-storage-class=INTELLIGENT_TIERING&x-id=PutObject "HTTP/1.1 200 OK"
probs.png: 100%|██████████| 221k/221k [00:00<00:00, 708kB/s] 
2026-08-04 05:22:09,089 - INFO - HTTP Request: POST https://huggingface.co/datasets/unrulyabstractions/temporal-awareness.git/info/lfs/objects/verify "HTTP/1.1 200 OK"

vocab.png:   0%|          | 0.00/272k [00:00<?, ?B/s][A2026-08-04 05:22:09,096 - INFO - HTTP Request: PUT https://hf-hub-lfs-us-east-1.s3-accelerate.amazonaws.com/repos/ef/87/ef870e8dc8265ff802cde7e48a97a6727cc657365929f58754efc9d0b87852b3/d55e66822ca59e8e384355dcbaa1aa4eaf9cfc33519cfb3ce8921108b215b39a?X-Amz-Algorithm=AWS4-HMAC-SHA256&X-Amz-Content-Sha256=UNSIGNED-PAYLOAD&X-Amz-Credential=AKIA2JU7TKAQOYY2AAUF%2F20260804%2Fus-east-1%2Fs3%2Faws4_request&X-Amz-Date=20260804T052208Z&X-Amz-Expires=900&X-Amz-Signature=a6d86f5c69beb6e6dbf7413a1ad013a73f1175e11d6cb12c48fb56ccefb6174c&X-Amz-SignedHeaders=host&x-amz-checksum-crc32=AAAAAA%3D%3D&x-amz-sdk-checksum-algorithm=CRC32&x-amz-storage-class=INTELLIGENT_TIERING&x-id=PutObject "HTTP/1.1 200 OK"
core.png: 100%|██████████| 221k/221k [00:00<00:00, 578kB/s] 
2026-08-04 05:22:09,114 - INFO - HTTP Request: POST https://huggingface.co/datasets/unrulyabstractions/temporal-awareness.git/info/lfs/objects/verify "HTTP/1.1 200 OK"
core.png:   0%|          | 0.00/226k [00:00<?, ?B/s]2026-08-04 05:22:09,130 - INFO - HTTP Request: POST https://huggingface.co/datasets/unrulyabstractions/temporal-awareness.git/info/lfs/objects/verify "HTTP/1.1 200 OK"


fork.png:   0%|          | 0.00/165k [00:00<?, ?B/s][A[A2026-08-04 05:22:09,216 - INFO - HTTP Request: POST https://huggingface.co/datasets/unrulyabstractions/temporal-awareness.git/info/lfs/objects/verify "HTTP/1.1 200 OK"



logits.png:   0%|          | 0.00/384k [00:00<?, ?B/s][A[A[A2026-08-04 05:22:09,242 - INFO - HTTP Request: POST https://huggingface.co/datasets/unrulyabstractions/temporal-awareness.git/info/lfs/objects/verify "HTTP/1.1 200 OK"




Upload 120 LFS files:   1%|          | 1/120 [00:00<01:02,  1.92it/s][A[A[A[A




probs.png:   0%|          | 0.00/196k [00:00<?, ?B/s][A[A[A[A[A2026-08-04 05:22:09,335 - INFO - HTTP Request: PUT https://hf-hub-lfs-us-east-1.s3-accelerate.amazonaws.com/repos/ef/87/ef870e8dc8265ff802cde7e48a97a6727cc657365929f58754efc9d0b87852b3/f4dc9e97f6a19bf8ac4014797e60b7d7349d7d2f31a5c33735ac4eff2b320a4c?X-Amz-Algorithm=AWS4-HMAC-SHA256&X-Amz-Content-Sha256=UNSIGNED-PAYLOAD&X-Amz-Credential=AKIA2JU7TKAQOYY2AAUF%2F20260804%2Fus-east-1%2Fs3%2Faws4_request&X-Amz-Date=20260804T052208Z&X-Amz-Expires=900&X-Amz-Signature=d0e158cf1665a6eacdf3732428eb8e8df39a7b54cd7556386719e750ec291d0e&X-Amz-SignedHeaders=host&x-amz-checksum-crc32=AAAAAA%3D%3D&x-amz-sdk-checksum-algorithm=CRC32&x-amz-storage-class=INTELLIGENT_TIERING&x-id=PutObject "HTTP/1.1 200 OK"
fork.png: 100%|██████████| 165k/165k [00:00<00:00, 808kB/s]
2026-08-04 05:22:09,354 - INFO - HTTP Request: PUT https://hf-hub-lfs-us-east-1.s3-accelerate.amazonaws.com/repos/ef/87/ef870e8dc8265ff802cde7e48a97a6727cc657365929f58754efc9d0b87852b3/b72302d1f48ed14b00e3f307faff95029f56473e1024091d6e13b800e04505f1?X-Amz-Algorithm=AWS4-HMAC-SHA256&X-Amz-Content-Sha256=UNSIGNED-PAYLOAD&X-Amz-Credential=AKIA2JU7TKAQOYY2AAUF%2F20260804%2Fus-east-1%2Fs3%2Faws4_request&X-Amz-Date=20260804T052208Z&X-Amz-Expires=900&X-Amz-Signature=b2aa4a24c0e049395dc7d7fb20a8bd2766dd78ac051b76a2049dcb463075678a&X-Amz-SignedHeaders=host&x-amz-checksum-crc32=AAAAAA%3D%3D&x-amz-sdk-checksum-algorithm=CRC32&x-amz-storage-class=INTELLIGENT_TIERING&x-id=PutObject "HTTP/1.1 200 OK"
vocab.png: 100%|██████████| 272k/272k [00:00<00:00, 1.03MB/s]
2026-08-04 05:22:09,394 - INFO - HTTP Request: PUT https://hf-hub-lfs-us-east-1.s3-accelerate.amazonaws.com/repos/ef/87/ef870e8dc8265ff802cde7e48a97a6727cc657365929f58754efc9d0b87852b3/42f2f13a48f55b6497976863554af2596041e6d729376002f5cc8cf3a47c40d6?X-Amz-Algorithm=AWS4-HMAC-SHA256&X-Amz-Content-Sha256=UNSIGNED-PAYLOAD&X-Amz-Credential=AKIA2JU7TKAQOYY2AAUF%2F20260804%2Fus-east-1%2Fs3%2Faws4_request&X-Amz-Date=20260804T052208Z&X-Amz-Expires=900&X-Amz-Signature=e633591b76fbcc485941e9873e4e9b9b2cbd63cf62cbb96a558a8a04314bf58e&X-Amz-SignedHeaders=host&x-amz-checksum-crc32=AAAAAA%3D%3D&x-amz-sdk-checksum-algorithm=CRC32&x-amz-storage-class=INTELLIGENT_TIERING&x-id=PutObject "HTTP/1.1 200 OK"
logits.png: 100%|██████████| 384k/384k [00:00<00:00, 2.17MB/s]
2026-08-04 05:22:09,421 - INFO - HTTP Request: PUT https://hf-hub-lfs-us-east-1.s3-accelerate.amazonaws.com/repos/ef/87/ef870e8dc8265ff802cde7e48a97a6727cc657365929f58754efc9d0b87852b3/70a5649d37c954e4503ea4e541fa33c1429305bcb27f0a2c6b5f464edefd185b?X-Amz-Algorithm=AWS4-HMAC-SHA256&X-Amz-Content-Sha256=UNSIGNED-PAYLOAD&X-Amz-Credential=AKIA2JU7TKAQOYY2AAUF%2F20260804%2Fus-east-1%2Fs3%2Faws4_request&X-Amz-Date=20260804T052208Z&X-Amz-Expires=900&X-Amz-Signature=343db6e10f133a0b3486a72bd9b284f0105c16eda5eb06bb775d19274062c6c0&X-Amz-SignedHeaders=host&x-amz-checksum-crc32=AAAAAA%3D%3D&x-amz-sdk-checksum-algorithm=CRC32&x-amz-storage-class=INTELLIGENT_TIERING&x-id=PutObject "HTTP/1.1 200 OK"
core.png: 100%|██████████| 226k/226k [00:00<00:00, 738kB/s]
2026-08-04 05:22:09,467 - INFO - HTTP Request: PUT https://hf-hub-lfs-us-east-1.s3-accelerate.amazonaws.com/repos/ef/87/ef870e8dc8265ff802cde7e48a97a6727cc657365929f58754efc9d0b87852b3/3161f42e4d08e99c094a29fa740403e360103c925889a8addeec6a6a08a83f06?X-Amz-Algorithm=AWS4-HMAC-SHA256&X-Amz-Content-Sha256=UNSIGNED-PAYLOAD&X-Amz-Credential=AKIA2JU7TKAQOYY2AAUF%2F20260804%2Fus-east-1%2Fs3%2Faws4_request&X-Amz-Date=20260804T052208Z&X-Amz-Expires=900&X-Amz-Signature=b2f8efc9fdb48e34639c1fbad19b9441514e5902e972473ae9caf2169649c153&X-Amz-SignedHeaders=host&x-amz-checksum-crc32=AAAAAA%3D%3D&x-amz-sdk-checksum-algorithm=CRC32&x-amz-storage-class=INTELLIGENT_TIERING&x-id=PutObject "HTTP/1.1 200 OK"
probs.png: 100%|██████████| 196k/196k [00:00<00:00, 873kB/s]
2026-08-04 05:22:09,475 - INFO - HTTP Request: POST https://huggingface.co/datasets/unrulyabstractions/temporal-awareness.git/info/lfs/objects/verify "HTTP/1.1 200 OK"




Upload 120 LFS files:   5%|▌         | 6/120 [00:00<00:11,  9.54it/s][A[A[A[Atrajectory.png:   0%|          | 0.00/232k [00:00<?, ?B/s]2026-08-04 05:22:09,479 - INFO - HTTP Request: POST https://huggingface.co/datasets/unrulyabstractions/temporal-awareness.git/info/lfs/objects/verify "HTTP/1.1 200 OK"

vocab.png:   0%|          | 0.00/172k [00:00<?, ?B/s][A2026-08-04 05:22:09,545 - INFO - HTTP Request: POST https://huggingface.co/datasets/unrulyabstractions/temporal-awareness.git/info/lfs/objects/verify "HTTP/1.1 200 OK"


heatmap_layers_colnorm_denoising.png:   0%|          | 0.00/79.9k [00:00<?, ?B/s][A[A2026-08-04 05:22:09,560 - INFO - HTTP Request: POST https://huggingface.co/datasets/unrulyabstractions/temporal-awareness.git/info/lfs/objects/verify "HTTP/1.1 200 OK"



heatmap_layers_colnorm_noising.png:   0%|          | 0.00/79.5k [00:00<?, ?B/s][A[A[A2026-08-04 05:22:09,626 - INFO - HTTP Request: PUT https://hf-hub-lfs-us-east-1.s3-accelerate.amazonaws.com/repos/ef/87/ef870e8dc8265ff802cde7e48a97a6727cc657365929f58754efc9d0b87852b3/a74d432c1a86a7dec12ae7b255efedfb41c528fe7003b82be7629ff1cc5ee498?X-Amz-Algorithm=AWS4-HMAC-SHA256&X-Amz-Content-Sha256=UNSIGNED-PAYLOAD&X-Amz-Credential=AKIA2JU7TKAQOYY2AAUF%2F20260804%2Fus-east-1%2Fs3%2Faws4_request&X-Amz-Date=20260804T052208Z&X-Amz-Expires=900&X-Amz-Signature=015aad538f1360421efbba2b18770e8c25d2dd173f9d3f3e471773bba4ccfa48&X-Amz-SignedHeaders=host&x-amz-checksum-crc32=AAAAAA%3D%3D&x-amz-sdk-checksum-algorithm=CRC32&x-amz-storage-class=INTELLIGENT_TIERING&x-id=PutObject "HTTP/1.1 200 OK"
vocab.png: 100%|██████████| 172k/172k [00:00<00:00, 1.18MB/s]
2026-08-04 05:22:09,652 - INFO - HTTP Request: PUT https://hf-hub-lfs-us-east-1.s3-accelerate.amazonaws.com/repos/ef/87/ef870e8dc8265ff802cde7e48a97a6727cc657365929f58754efc9d0b87852b3/75f96e2907e6bf6a8a33d95c48d1ec022668251ce00383d15b7d05ab90211432?X-Amz-Algorithm=AWS4-HMAC-SHA256&X-Amz-Content-Sha256=UNSIGNED-PAYLOAD&X-Amz-Credential=AKIA2JU7TKAQOYY2AAUF%2F20260804%2Fus-east-1%2Fs3%2Faws4_request&X-Amz-Date=20260804T052208Z&X-Amz-Expires=900&X-Amz-Signature=736eab907fb251d62652c4d2b828469dffccb249e4cef27816d99e886c1465da&X-Amz-SignedHeaders=host&x-amz-checksum-crc32=AAAAAA%3D%3D&x-amz-sdk-checksum-algorithm=CRC32&x-amz-storage-class=INTELLIGENT_TIERING&x-id=PutObject "HTTP/1.1 200 OK"
heatmap_layers_colnorm_denoising.png: 100%|██████████| 79.9k/79.9k [00:00<00:00, 749kB/s]
2026-08-04 05:22:09,671 - INFO - HTTP Request: POST https://huggingface.co/datasets/unrulyabstractions/temporal-awareness.git/info/lfs/objects/verify "HTTP/1.1 200 OK"




Upload 120 LFS files:   8%|▊         | 10/120 [00:00<00:08, 13.00it/s][A[A[A[A
heatmap_layers_denoising.png:   0%|          | 0.00/99.7k [00:00<?, ?B/s][A2026-08-04 05:22:09,676 - INFO - HTTP Request: PUT https://hf-hub-lfs-us-east-1.s3-accelerate.amazonaws.com/repos/ef/87/ef870e8dc8265ff802cde7e48a97a6727cc657365929f58754efc9d0b87852b3/9c319b48634c1379dc08d390cee519aa8c82e27475b0fc4c5e1a0c66512ee7fc?X-Amz-Algorithm=AWS4-HMAC-SHA256&X-Amz-Content-Sha256=UNSIGNED-PAYLOAD&X-Amz-Credential=AKIA2JU7TKAQOYY2AAUF%2F20260804%2Fus-east-1%2Fs3%2Faws4_request&X-Amz-Date=20260804T052208Z&X-Amz-Expires=900&X-Amz-Signature=b12cb7998a132429a592b271c7c872565529abaeb1eec63f6705aaf671d9de81&X-Amz-SignedHeaders=host&x-amz-checksum-crc32=AAAAAA%3D%3D&x-amz-sdk-checksum-algorithm=CRC32&x-amz-storage-class=INTELLIGENT_TIERING&x-id=PutObject "HTTP/1.1 200 OK"
heatmap_layers_colnorm_noising.png: 100%|██████████| 79.5k/79.5k [00:00<00:00, 688kB/s]
2026-08-04 05:22:09,683 - INFO - HTTP Request: PUT https://hf-hub-lfs-us-east-1.s3-accelerate.amazonaws.com/repos/ef/87/ef870e8dc8265ff802cde7e48a97a6727cc657365929f58754efc9d0b87852b3/4076fff5c6ef56bd554bf7a5832ead5ed5b495b2429f1f7f15a338842574c845?X-Amz-Algorithm=AWS4-HMAC-SHA256&X-Amz-Content-Sha256=UNSIGNED-PAYLOAD&X-Amz-Credential=AKIA2JU7TKAQOYY2AAUF%2F20260804%2Fus-east-1%2Fs3%2Faws4_request&X-Amz-Date=20260804T052208Z&X-Amz-Expires=900&X-Amz-Signature=42e4055f5c66bb81da4d751d38c3ee74b383171b8176c29c00a359921bb98417&X-Amz-SignedHeaders=host&x-amz-checksum-crc32=AAAAAA%3D%3D&x-amz-sdk-checksum-algorithm=CRC32&x-amz-storage-class=INTELLIGENT_TIERING&x-id=PutObject "HTTP/1.1 200 OK"
trajectory.png: 100%|██████████| 232k/232k [00:00<00:00, 1.12MB/s]
2026-08-04 05:22:09,777 - INFO - HTTP Request: POST https://huggingface.co/datasets/unrulyabstractions/temporal-awareness.git/info/lfs/objects/verify "HTTP/1.1 200 OK"
heatmap_layers_noising.png:   0%|          | 0.00/96.6k [00:00<?, ?B/s]2026-08-04 05:22:09,791 - INFO - HTTP Request: POST https://huggingface.co/datasets/unrulyabstractions/temporal-awareness.git/info/lfs/objects/verify "HTTP/1.1 200 OK"


attn_vs_mlp_layer.png:   0%|          | 0.00/175k [00:00<?, ?B/s][A[A2026-08-04 05:22:09,817 - INFO - HTTP Request: POST https://huggingface.co/datasets/unrulyabstractions/temporal-awareness.git/info/lfs/objects/verify "HTTP/1.1 200 OK"



attn_vs_mlp_paired.png:   0%|          | 0.00/131k [00:00<?, ?B/s][A[A[A2026-08-04 05:22:09,825 - INFO - HTTP Request: POST https://huggingface.co/datasets/unrulyabstractions/temporal-awareness.git/info/lfs/objects/verify "HTTP/1.1 200 OK"




Upload 120 LFS files:  10%|█         | 12/120 [00:01<00:08, 13.00it/s][A[A[A[A




component_importance_ranked.png:   0%|          | 0.00/121k [00:00<?, ?B/s][A[A[A[A[A2026-08-04 05:22:09,834 - INFO - HTTP Request: PUT https://hf-hub-lfs-us-east-1.s3-accelerate.amazonaws.com/repos/ef/87/ef870e8dc8265ff802cde7e48a97a6727cc657365929f58754efc9d0b87852b3/ab6b8bda69fb6b457a6284a53e0d476c871c7a9244effcce5af0e1f80e53006b?X-Amz-Algorithm=AWS4-HMAC-SHA256&X-Amz-Content-Sha256=UNSIGNED-PAYLOAD&X-Amz-Credential=AKIA2JU7TKAQOYY2AAUF%2F20260804%2Fus-east-1%2Fs3%2Faws4_request&X-Amz-Date=20260804T052208Z&X-Amz-Expires=900&X-Amz-Signature=c837ecbb3e42788226b8e85719c806f58c5f3c0c0313a8b9b2f55f1f5b79a51c&X-Amz-SignedHeaders=host&x-amz-checksum-crc32=AAAAAA%3D%3D&x-amz-sdk-checksum-algorithm=CRC32&x-amz-storage-class=INTELLIGENT_TIERING&x-id=PutObject "HTTP/1.1 200 OK"
heatmap_layers_denoising.png: 100%|██████████| 99.7k/99.7k [00:00<00:00, 612kB/s]
2026-08-04 05:22:09,927 - INFO - HTTP Request: PUT https://hf-hub-lfs-us-east-1.s3-accelerate.amazonaws.com/repos/ef/87/ef870e8dc8265ff802cde7e48a97a6727cc657365929f58754efc9d0b87852b3/7ffe9bfd4b69b168bd5d53937a55671706f233851d7856c1e5c41ddbca36d92c?X-Amz-Algorithm=AWS4-HMAC-SHA256&X-Amz-Content-Sha256=UNSIGNED-PAYLOAD&X-Amz-Credential=AKIA2JU7TKAQOYY2AAUF%2F20260804%2Fus-east-1%2Fs3%2Faws4_request&X-Amz-Date=20260804T052208Z&X-Amz-Expires=900&X-Amz-Signature=35ef4a84da7a3da471eb28851a3917f603057be94d47c992dc361537ade11a60&X-Amz-SignedHeaders=host&x-amz-checksum-crc32=AAAAAA%3D%3D&x-amz-sdk-checksum-algorithm=CRC32&x-amz-storage-class=INTELLIGENT_TIERING&x-id=PutObject "HTTP/1.1 200 OK"
component_importance_ranked.png: 100%|██████████| 121k/121k [00:00<00:00, 1.20MB/s]
2026-08-04 05:22:09,950 - INFO - HTTP Request: PUT https://hf-hub-lfs-us-east-1.s3-accelerate.amazonaws.com/repos/ef/87/ef870e8dc8265ff802cde7e48a97a6727cc657365929f58754efc9d0b87852b3/cac764d0731d0b5e43c73a49d9e83f8e5c75086d9912f1400645e609f9b65ad0?X-Amz-Algorithm=AWS4-HMAC-SHA256&X-Amz-Content-Sha256=UNSIGNED-PAYLOAD&X-Amz-Credential=AKIA2JU7TKAQOYY2AAUF%2F20260804%2Fus-east-1%2Fs3%2Faws4_request&X-Amz-Date=20260804T052208Z&X-Amz-Expires=900&X-Amz-Signature=602cc63b846f3f972635ac96f683a9aaf4ac04ee5629a9d186b4e2af53e5a0a5&X-Amz-SignedHeaders=host&x-amz-checksum-crc32=AAAAAA%3D%3D&x-amz-sdk-checksum-algorithm=CRC32&x-amz-storage-class=INTELLIGENT_TIERING&x-id=PutObject "HTTP/1.1 200 OK"
heatmap_layers_noising.png: 100%|██████████| 96.6k/96.6k [00:00<00:00, 561kB/s]
2026-08-04 05:22:09,974 - INFO - HTTP Request: PUT https://hf-hub-lfs-us-east-1.s3-accelerate.amazonaws.com/repos/ef/87/ef870e8dc8265ff802cde7e48a97a6727cc657365929f58754efc9d0b87852b3/9cafe9b7ee392d932d3e6bdedcaae87244e861e833ae6d058767524b016ad8c5?X-Amz-Algorithm=AWS4-HMAC-SHA256&X-Amz-Content-Sha256=UNSIGNED-PAYLOAD&X-Amz-Credential=AKIA2JU7TKAQOYY2AAUF%2F20260804%2Fus-east-1%2Fs3%2Faws4_request&X-Amz-Date=20260804T052208Z&X-Amz-Expires=900&X-Amz-Signature=e3835afbe51f8d38c960b5453f40167375c49bff7957b3bcf6db2b86486701cd&X-Amz-SignedHeaders=host&x-amz-checksum-crc32=AAAAAA%3D%3D&x-amz-sdk-checksum-algorithm=CRC32&x-amz-storage-class=INTELLIGENT_TIERING&x-id=PutObject "HTTP/1.1 200 OK"
attn_vs_mlp_paired.png: 100%|██████████| 131k/131k [00:00<00:00, 837kB/s]
2026-08-04 05:22:10,020 - INFO - HTTP Request: PUT https://hf-hub-lfs-us-east-1.s3-accelerate.amazonaws.com/repos/ef/87/ef870e8dc8265ff802cde7e48a97a6727cc657365929f58754efc9d0b87852b3/0d732219f7be90dfdbf292ddf679cf3cb911930c2be55a400e72208fc7ebb239?X-Amz-Algorithm=AWS4-HMAC-SHA256&X-Amz-Content-Sha256=UNSIGNED-PAYLOAD&X-Amz-Credential=AKIA2JU7TKAQOYY2AAUF%2F20260804%2Fus-east-1%2Fs3%2Faws4_request&X-Amz-Date=20260804T052208Z&X-Amz-Expires=900&X-Amz-Signature=a542648d52f8775d7e698549ad0139c74fcca07a6d37459d6dc8bc81ee11a0c7&X-Amz-SignedHeaders=host&x-amz-checksum-crc32=AAAAAA%3D%3D&x-amz-sdk-checksum-algorithm=CRC32&x-amz-storage-class=INTELLIGENT_TIERING&x-id=PutObject "HTTP/1.1 200 OK"
attn_vs_mlp_layer.png: 100%|██████████| 175k/175k [00:00<00:00, 767kB/s]
2026-08-04 05:22:10,024 - INFO - HTTP Request: POST https://huggingface.co/datasets/unrulyabstractions/temporal-awareness.git/info/lfs/objects/verify "HTTP/1.1 200 OK"




Upload 120 LFS files:  12%|█▎        | 15/120 [00:01<00:07, 13.67it/s][A[A[A[Acumulative_recovery.png:   0%|          | 0.00/108k [00:00<?, ?B/s]2026-08-04 05:22:10,051 - INFO - HTTP Request: POST https://huggingface.co/datasets/unrulyabstractions/temporal-awareness.git/info/lfs/objects/verify "HTTP/1.1 200 OK"

layer_component_interaction.png:   0%|          | 0.00/306k [00:00<?, ?B/s][A2026-08-04 05:22:10,072 - INFO - HTTP Request: POST https://huggingface.co/datasets/unrulyabstractions/temporal-awareness.git/info/lfs/objects/verify "HTTP/1.1 200 OK"


difference_heatmap_layer.png:   0%|          | 0.00/98.2k [00:00<?, ?B/s][A[A2026-08-04 05:22:10,080 - INFO - HTTP Request: POST https://huggingface.co/datasets/unrulyabstractions/temporal-awareness.git/info/lfs/objects/verify "HTTP/1.1 200 OK"



noise_vs_denoise_per_component_layer.png:   0%|          | 0.00/203k [00:00<?, ?B/s][A[A[A2026-08-04 05:22:10,153 - INFO - HTTP Request: POST https://huggingface.co/datasets/unrulyabstractions/temporal-awareness.git/info/lfs/objects/verify "HTTP/1.1 200 OK"




Upload 120 LFS files:  14%|█▍        | 17/120 [00:01<00:07, 14.09it/s][A[A[A[A




redundancy_gap.png:   0%|          | 0.00/97.1k [00:00<?, ?B/s][A[A[A[A[A2026-08-04 05:22:10,214 - INFO - HTTP Request: PUT https://hf-hub-lfs-us-east-1.s3-accelerate.amazonaws.com/repos/ef/87/ef870e8dc8265ff802cde7e48a97a6727cc657365929f58754efc9d0b87852b3/8e51e9a96651de819305c967ebfa877bdddc06cfd8610a901beabec3049d2ea8?X-Amz-Algorithm=AWS4-HMAC-SHA256&X-Amz-Content-Sha256=UNSIGNED-PAYLOAD&X-Amz-Credential=AKIA2JU7TKAQOYY2AAUF%2F20260804%2Fus-east-1%2Fs3%2Faws4_request&X-Amz-Date=20260804T052208Z&X-Amz-Expires=900&X-Amz-Signature=9bc586e53df364dcb5f37b257dc0180e40dc0f8fb893d56c607ad15c9b62c1a4&X-Amz-SignedHeaders=host&x-amz-checksum-crc32=AAAAAA%3D%3D&x-amz-sdk-checksum-algorithm=CRC32&x-amz-storage-class=INTELLIGENT_TIERING&x-id=PutObject "HTTP/1.1 200 OK"
layer_component_interaction.png: 100%|██████████| 306k/306k [00:00<00:00, 1.88MB/s]
2026-08-04 05:22:10,235 - INFO - HTTP Request: PUT https://hf-hub-lfs-us-east-1.s3-accelerate.amazonaws.com/repos/ef/87/ef870e8dc8265ff802cde7e48a97a6727cc657365929f58754efc9d0b87852b3/666055ff477ebade2b77392ae4897d72f0efb4689c90bf9dcbc06f4fd0c649a2?X-Amz-Algorithm=AWS4-HMAC-SHA256&X-Amz-Content-Sha256=UNSIGNED-PAYLOAD&X-Amz-Credential=AKIA2JU7TKAQOYY2AAUF%2F20260804%2Fus-east-1%2Fs3%2Faws4_request&X-Amz-Date=20260804T052208Z&X-Amz-Expires=900&X-Amz-Signature=d9a724eb4454eaf9559b014ef8babc44b91895acddb6bc10f98667e507ce2fbd&X-Amz-SignedHeaders=host&x-amz-checksum-crc32=AAAAAA%3D%3D&x-amz-sdk-checksum-algorithm=CRC32&x-amz-storage-class=INTELLIGENT_TIERING&x-id=PutObject "HTTP/1.1 200 OK"
difference_heatmap_layer.png: 100%|██████████| 98.2k/98.2k [00:00<00:00, 603kB/s]
2026-08-04 05:22:10,240 - INFO - HTTP Request: PUT https://hf-hub-lfs-us-east-1.s3-accelerate.amazonaws.com/repos/ef/87/ef870e8dc8265ff802cde7e48a97a6727cc657365929f58754efc9d0b87852b3/1ecb8d8fc08b5ede38f0289e836c385332b6825b06def03341f01d355c7229b7?X-Amz-Algorithm=AWS4-HMAC-SHA256&X-Amz-Content-Sha256=UNSIGNED-PAYLOAD&X-Amz-Credential=AKIA2JU7TKAQOYY2AAUF%2F20260804%2Fus-east-1%2Fs3%2Faws4_request&X-Amz-Date=20260804T052208Z&X-Amz-Expires=900&X-Amz-Signature=d0d9b22f344c5ecc4c830058c78e946eef7839061143b5de6dcf8f411bd89112&X-Amz-SignedHeaders=host&x-amz-checksum-crc32=AAAAAA%3D%3D&x-amz-sdk-checksum-algorithm=CRC32&x-amz-storage-class=INTELLIGENT_TIERING&x-id=PutObject "HTTP/1.1 200 OK"
cumulative_recovery.png: 100%|██████████| 108k/108k [00:00<00:00, 503kB/s]
2026-08-04 05:22:10,280 - INFO - HTTP Request: PUT https://hf-hub-lfs-us-east-1.s3-accelerate.amazonaws.com/repos/ef/87/ef870e8dc8265ff802cde7e48a97a6727cc657365929f58754efc9d0b87852b3/3398f5d2401c2324d92c41920f8a1ad915fd2dae3111b6395b5ff95e397d2635?X-Amz-Algorithm=AWS4-HMAC-SHA256&X-Amz-Content-Sha256=UNSIGNED-PAYLOAD&X-Amz-Credential=AKIA2JU7TKAQOYY2AAUF%2F20260804%2Fus-east-1%2Fs3%2Faws4_request&X-Amz-Date=20260804T052208Z&X-Amz-Expires=900&X-Amz-Signature=33ca068073dd8b8d9e581bd2e1f177998faa31d40ffc4c5d2ef591004f57ce86&X-Amz-SignedHeaders=host&x-amz-checksum-crc32=AAAAAA%3D%3D&x-amz-sdk-checksum-algorithm=CRC32&x-amz-storage-class=INTELLIGENT_TIERING&x-id=PutObject "HTTP/1.1 200 OK"
noise_vs_denoise_per_component_layer.png: 100%|██████████| 203k/203k [00:00<00:00, 1.02MB/s]
2026-08-04 05:22:10,293 - INFO - HTTP Request: PUT https://hf-hub-lfs-us-east-1.s3-accelerate.amazonaws.com/repos/ef/87/ef870e8dc8265ff802cde7e48a97a6727cc657365929f58754efc9d0b87852b3/9e1938d983de91029dde77e1b9d5ef9f431531b56cf0be52669069b330915193?X-Amz-Algorithm=AWS4-HMAC-SHA256&X-Amz-Content-Sha256=UNSIGNED-PAYLOAD&X-Amz-Credential=AKIA2JU7TKAQOYY2AAUF%2F20260804%2Fus-east-1%2Fs3%2Faws4_request&X-Amz-Date=20260804T052208Z&X-Amz-Expires=900&X-Amz-Signature=42658600c714e54314ec9b9c60edcd608634864f091e0c241b4d8e05d49bc392&X-Amz-SignedHeaders=host&x-amz-checksum-crc32=AAAAAA%3D%3D&x-amz-sdk-checksum-algorithm=CRC32&x-amz-storage-class=INTELLIGENT_TIERING&x-id=PutObject "HTTP/1.1 200 OK"
redundancy_gap.png: 100%|██████████| 97.1k/97.1k [00:00<00:00, 701kB/s]
2026-08-04 05:22:10,322 - INFO - HTTP Request: POST https://huggingface.co/datasets/unrulyabstractions/temporal-awareness.git/info/lfs/objects/verify "HTTP/1.1 200 OK"




Upload 120 LFS files:  17%|█▋        | 20/120 [00:01<00:06, 15.20it/s][A[A[A[Aredundancy_gap_sorted.png:   0%|          | 0.00/79.8k [00:00<?, ?B/s]2026-08-04 05:22:10,341 - INFO - HTTP Request: POST https://huggingface.co/datasets/unrulyabstractions/temporal-awareness.git/info/lfs/objects/verify "HTTP/1.1 200 OK"

information_flow_diagram.png:   0%|          | 0.00/149k [00:00<?, ?B/s][A2026-08-04 05:22:10,365 - INFO - HTTP Request: POST https://huggingface.co/datasets/unrulyabstractions/temporal-awareness.git/info/lfs/objects/verify "HTTP/1.1 200 OK"


core.png:   0%|          | 0.00/234k [00:00<?, ?B/s][A[A2026-08-04 05:22:10,382 - INFO - HTTP Request: POST https://huggingface.co/datasets/unrulyabstractions/temporal-awareness.git/info/lfs/objects/verify "HTTP/1.1 200 OK"



fork.png:   0%|          | 0.00/265k [00:00<?, ?B/s][A[A[A2026-08-04 05:22:10,437 - INFO - HTTP Request: PUT https://hf-hub-lfs-us-east-1.s3-accelerate.amazonaws.com/repos/ef/87/ef870e8dc8265ff802cde7e48a97a6727cc657365929f58754efc9d0b87852b3/434e00caf4eec5196e09d6a088d797ae1fc2cbf6c4428342cc78013aaa778520?X-Amz-Algorithm=AWS4-HMAC-SHA256&X-Amz-Content-Sha256=UNSIGNED-PAYLOAD&X-Amz-Credential=AKIA2JU7TKAQOYY2AAUF%2F20260804%2Fus-east-1%2Fs3%2Faws4_request&X-Amz-Date=20260804T052208Z&X-Amz-Expires=900&X-Amz-Signature=6d7ebc78f820c2e86c0c42457f7e74bdc7c3b920a572730fd9617d4f67bdf5b9&X-Amz-SignedHeaders=host&x-amz-checksum-crc32=AAAAAA%3D%3D&x-amz-sdk-checksum-algorithm=CRC32&x-amz-storage-class=INTELLIGENT_TIERING&x-id=PutObject "HTTP/1.1 200 OK"
redundancy_gap_sorted.png: 100%|██████████| 79.8k/79.8k [00:00<00:00, 702kB/s]
2026-08-04 05:22:10,451 - INFO - HTTP Request: POST https://huggingface.co/datasets/unrulyabstractions/temporal-awareness.git/info/lfs/objects/verify "HTTP/1.1 200 OK"




Upload 120 LFS files:  20%|██        | 24/120 [00:01<00:05, 19.14it/s][A[A[A[Alogits.png:   0%|          | 0.00/376k [00:00<?, ?B/s]2026-08-04 05:22:10,481 - INFO - HTTP Request: PUT https://hf-hub-lfs-us-east-1.s3-accelerate.amazonaws.com/repos/ef/87/ef870e8dc8265ff802cde7e48a97a6727cc657365929f58754efc9d0b87852b3/7a0b5c1a83c6e41d958da14aa410fcecd92fc68f121482cec835c539371a3a4c?X-Amz-Algorithm=AWS4-HMAC-SHA256&X-Amz-Content-Sha256=UNSIGNED-PAYLOAD&X-Amz-Credential=AKIA2JU7TKAQOYY2AAUF%2F20260804%2Fus-east-1%2Fs3%2Faws4_request&X-Amz-Date=20260804T052208Z&X-Amz-Expires=900&X-Amz-Signature=fb69d4b4e7fabb38c934e16e50b395c88512169d51ea441457fb4dc2e57af384&X-Amz-SignedHeaders=host&x-amz-checksum-crc32=AAAAAA%3D%3D&x-amz-sdk-checksum-algorithm=CRC32&x-amz-storage-class=INTELLIGENT_TIERING&x-id=PutObject "HTTP/1.1 200 OK"
information_flow_diagram.png: 100%|██████████| 149k/149k [00:00<00:00, 1.06MB/s]
2026-08-04 05:22:10,554 - INFO - HTTP Request: PUT https://hf-hub-lfs-us-east-1.s3-accelerate.amazonaws.com/repos/ef/87/ef870e8dc8265ff802cde7e48a97a6727cc657365929f58754efc9d0b87852b3/10123bf98c40f85f7aa3404b96b153825875b783106874f3d26b8a81f3ec462b?X-Amz-Algorithm=AWS4-HMAC-SHA256&X-Amz-Content-Sha256=UNSIGNED-PAYLOAD&X-Amz-Credential=AKIA2JU7TKAQOYY2AAUF%2F20260804%2Fus-east-1%2Fs3%2Faws4_request&X-Amz-Date=20260804T052208Z&X-Amz-Expires=900&X-Amz-Signature=6106484c76816a6a5ec1c3ce312bcb770447e4b0149a152a61dd3f99f5480ff8&X-Amz-SignedHeaders=host&x-amz-checksum-crc32=AAAAAA%3D%3D&x-amz-sdk-checksum-algorithm=CRC32&x-amz-storage-class=INTELLIGENT_TIERING&x-id=PutObject "HTTP/1.1 200 OK"
core.png: 100%|██████████| 234k/234k [00:00<00:00, 1.23MB/s]
2026-08-04 05:22:10,598 - INFO - HTTP Request: POST https://huggingface.co/datasets/unrulyabstractions/temporal-awareness.git/info/lfs/objects/verify "HTTP/1.1 200 OK"

probs.png:   0%|          | 0.00/320k [00:00<?, ?B/s][A2026-08-04 05:22:10,601 - INFO - HTTP Request: POST https://huggingface.co/datasets/unrulyabstractions/temporal-awareness.git/info/lfs/objects/verify "HTTP/1.1 200 OK"


trajectory.png:   0%|          | 0.00/275k [00:00<?, ?B/s][A[A2026-08-04 05:22:10,618 - INFO - HTTP Request: PUT https://hf-hub-lfs-us-east-1.s3-accelerate.amazonaws.com/repos/ef/87/ef870e8dc8265ff802cde7e48a97a6727cc657365929f58754efc9d0b87852b3/4c40e052bfd3bb323f62784fd9a45f1f63f435de440454481c0be40a829b8c94?X-Amz-Algorithm=AWS4-HMAC-SHA256&X-Amz-Content-Sha256=UNSIGNED-PAYLOAD&X-Amz-Credential=AKIA2JU7TKAQOYY2AAUF%2F20260804%2Fus-east-1%2Fs3%2Faws4_request&X-Amz-Date=20260804T052208Z&X-Amz-Expires=900&X-Amz-Signature=165fd488f58319024014593102183dcbc4b67e059a17de28cd47ea0de3682575&X-Amz-SignedHeaders=host&x-amz-checksum-crc32=AAAAAA%3D%3D&x-amz-sdk-checksum-algorithm=CRC32&x-amz-storage-class=INTELLIGENT_TIERING&x-id=PutObject "HTTP/1.1 200 OK"
fork.png: 100%|██████████| 265k/265k [00:00<00:00, 1.13MB/s]
2026-08-04 05:22:10,625 - INFO - HTTP Request: POST https://huggingface.co/datasets/unrulyabstractions/temporal-awareness.git/info/lfs/objects/verify "HTTP/1.1 200 OK"




Upload 120 LFS files:  22%|██▎       | 27/120 [00:01<00:05, 18.54it/s][A[A[A[A


vocab.png:   0%|          | 0.00/272k [00:00<?, ?B/s][A[A[A2026-08-04 05:22:10,717 - INFO - HTTP Request: POST https://huggingface.co/datasets/unrulyabstractions/temporal-awareness.git/info/lfs/objects/verify "HTTP/1.1 200 OK"





core.png:   0%|          | 0.00/243k [00:00<?, ?B/s][A[A[A[A[A2026-08-04 05:22:10,723 - INFO - HTTP Request: PUT https://hf-hub-lfs-us-east-1.s3-accelerate.amazonaws.com/repos/ef/87/ef870e8dc8265ff802cde7e48a97a6727cc657365929f58754efc9d0b87852b3/f82feb32fc8ff0e7934cda2131537a699f43f8bc7076efdb41d177056cbcaf94?X-Amz-Algorithm=AWS4-HMAC-SHA256&X-Amz-Content-Sha256=UNSIGNED-PAYLOAD&X-Amz-Credential=AKIA2JU7TKAQOYY2AAUF%2F20260804%2Fus-east-1%2Fs3%2Faws4_request&X-Amz-Date=20260804T052208Z&X-Amz-Expires=900&X-Amz-Signature=eb870644fb4f16ea33aca19f9a10ba1bfe69df889d65550f453f4cb3252fe9dd&X-Amz-SignedHeaders=host&x-amz-checksum-crc32=AAAAAA%3D%3D&x-amz-sdk-checksum-algorithm=CRC32&x-amz-storage-class=INTELLIGENT_TIERING&x-id=PutObject "HTTP/1.1 200 OK"
logits.png: 100%|██████████| 376k/376k [00:00<00:00, 1.38MB/s]
2026-08-04 05:22:10,765 - INFO - HTTP Request: PUT https://hf-hub-lfs-us-east-1.s3-accelerate.amazonaws.com/repos/ef/87/ef870e8dc8265ff802cde7e48a97a6727cc657365929f58754efc9d0b87852b3/ace2d572cd31ee9381d36c1de1613d1060cde834dee8ba0926639b38bf8e31b9?X-Amz-Algorithm=AWS4-HMAC-SHA256&X-Amz-Content-Sha256=UNSIGNED-PAYLOAD&X-Amz-Credential=AKIA2JU7TKAQOYY2AAUF%2F20260804%2Fus-east-1%2Fs3%2Faws4_request&X-Amz-Date=20260804T052208Z&X-Amz-Expires=900&X-Amz-Signature=944d7f4c0be8c1c91e477ab5fdf8e1c3583be54761677b51aceb1c7001496055&X-Amz-SignedHeaders=host&x-amz-checksum-crc32=AAAAAA%3D%3D&x-amz-sdk-checksum-algorithm=CRC32&x-amz-storage-class=INTELLIGENT_TIERING&x-id=PutObject "HTTP/1.1 200 OK"
2026-08-04 05:22:10,766 - INFO - HTTP Request: PUT https://hf-hub-lfs-us-east-1.s3-accelerate.amazonaws.com/repos/ef/87/ef870e8dc8265ff802cde7e48a97a6727cc657365929f58754efc9d0b87852b3/06acdb35cd2f18c008705233cd6f74772a924f06d2850603e1515dc3fc6324db?X-Amz-Algorithm=AWS4-HMAC-SHA256&X-Amz-Content-Sha256=UNSIGNED-PAYLOAD&X-Amz-Credential=AKIA2JU7TKAQOYY2AAUF%2F20260804%2Fus-east-1%2Fs3%2Faws4_request&X-Amz-Date=20260804T052208Z&X-Amz-Expires=900&X-Amz-Signature=8f4b1b0561a140196c0cfcfad9fd94b95d6c89a3b62802fc81971eb06e6e5495&X-Amz-SignedHeaders=host&x-amz-checksum-crc32=AAAAAA%3D%3D&x-amz-sdk-checksum-algorithm=CRC32&x-amz-storage-class=INTELLIGENT_TIERING&x-id=PutObject "HTTP/1.1 200 OK"
trajectory.png: 100%|██████████| 275k/275k [00:00<00:00, 1.67MB/s]2026-08-04 05:22:10,767 - INFO - HTTP Request: PUT https://hf-hub-lfs-us-east-1.s3-accelerate.amazonaws.com/repos/ef/87/ef870e8dc8265ff802cde7e48a97a6727cc657365929f58754efc9d0b87852b3/1f32aa9173043afd3a34a10f1e534599a43bd62708e4f5fd0760c6a5c95eb45b?X-Amz-Algorithm=AWS4-HMAC-SHA256&X-Amz-Content-Sha256=UNSIGNED-PAYLOAD&X-Amz-Credential=AKIA2JU7TKAQOYY2AAUF%2F20260804%2Fus-east-1%2Fs3%2Faws4_request&X-Amz-Date=20260804T052208Z&X-Amz-Expires=900&X-Amz-Signature=fd76e2a3a786ddda7b896c8c519a56f8b301e693be584560b0d283f4ec01ae6c&X-Amz-SignedHeaders=host&x-amz-checksum-crc32=AAAAAA%3D%3D&x-amz-sdk-checksum-algorithm=CRC32&x-amz-storage-class=INTELLIGENT_TIERING&x-id=PutObject "HTTP/1.1 200 OK"

vocab.png: 100%|██████████| 272k/272k [00:00<00:00, 1.90MB/s]
probs.png: 100%|██████████| 320k/320k [00:00<00:00, 1.86MB/s]
2026-08-04 05:22:10,843 - INFO - HTTP Request: POST https://huggingface.co/datasets/unrulyabstractions/temporal-awareness.git/info/lfs/objects/verify "HTTP/1.1 200 OK"
fork.png:   0%|          | 0.00/179k [00:00<?, ?B/s]2026-08-04 05:22:10,846 - INFO - HTTP Request: PUT https://hf-hub-lfs-us-east-1.s3-accelerate.amazonaws.com/repos/ef/87/ef870e8dc8265ff802cde7e48a97a6727cc657365929f58754efc9d0b87852b3/686bcb5545f361aa41dcb857227e901e07d4f6b9a442b4b6d826790259dbec0d?X-Amz-Algorithm=AWS4-HMAC-SHA256&X-Amz-Content-Sha256=UNSIGNED-PAYLOAD&X-Amz-Credential=AKIA2JU7TKAQOYY2AAUF%2F20260804%2Fus-east-1%2Fs3%2Faws4_request&X-Amz-Date=20260804T052208Z&X-Amz-Expires=900&X-Amz-Signature=c9b01b2d4e33b69893043d97c6c16250ebdf5225d287697e4a5b0c7a7812d37f&X-Amz-SignedHeaders=host&x-amz-checksum-crc32=AAAAAA%3D%3D&x-amz-sdk-checksum-algorithm=CRC32&x-amz-storage-class=INTELLIGENT_TIERING&x-id=PutObject "HTTP/1.1 200 OK"
core.png: 100%|██████████| 243k/243k [00:00<00:00, 1.89MB/s]
2026-08-04 05:22:10,895 - INFO - HTTP Request: POST https://huggingface.co/datasets/unrulyabstractions/temporal-awareness.git/info/lfs/objects/verify "HTTP/1.1 200 OK"

logits.png:   0%|          | 0.00/386k [00:00<?, ?B/s][A2026-08-04 05:22:10,907 - INFO - HTTP Request: POST https://huggingface.co/datasets/unrulyabstractions/temporal-awareness.git/info/lfs/objects/verify "HTTP/1.1 200 OK"


probs.png:   0%|          | 0.00/236k [00:00<?, ?B/s][A[A2026-08-04 05:22:10,919 - INFO - HTTP Request: POST https://huggingface.co/datasets/unrulyabstractions/temporal-awareness.git/info/lfs/objects/verify "HTTP/1.1 200 OK"




Upload 120 LFS files:  24%|██▍       | 29/120 [00:02<00:06, 13.38it/s][A[A[A[A


trajectory.png:   0%|          | 0.00/259k [00:00<?, ?B/s][A[A[A2026-08-04 05:22:10,924 - INFO - HTTP Request: POST https://huggingface.co/datasets/unrulyabstractions/temporal-awareness.git/info/lfs/objects/verify "HTTP/1.1 200 OK"





vocab.png:   0%|          | 0.00/175k [00:00<?, ?B/s][A[A[A[A[A2026-08-04 05:22:10,973 - INFO - HTTP Request: PUT https://hf-hub-lfs-us-east-1.s3-accelerate.amazonaws.com/repos/ef/87/ef870e8dc8265ff802cde7e48a97a6727cc657365929f58754efc9d0b87852b3/b6ddd8dc19a2d217d7a1649dc3edfccb9cbd1e3c6028e862312fca4ba14b534f?X-Amz-Algorithm=AWS4-HMAC-SHA256&X-Amz-Content-Sha256=UNSIGNED-PAYLOAD&X-Amz-Credential=AKIA2JU7TKAQOYY2AAUF%2F20260804%2Fus-east-1%2Fs3%2Faws4_request&X-Amz-Date=20260804T052208Z&X-Amz-Expires=900&X-Amz-Signature=c58a4aa0a25e23465fe7d847a68c3b20f1fbc8cad0ec166e50eac326fe095327&X-Amz-SignedHeaders=host&x-amz-checksum-crc32=AAAAAA%3D%3D&x-amz-sdk-checksum-algorithm=CRC32&x-amz-storage-class=INTELLIGENT_TIERING&x-id=PutObject "HTTP/1.1 200 OK"
fork.png: 100%|██████████| 179k/179k [00:00<00:00, 1.39MB/s]
2026-08-04 05:22:11,040 - INFO - HTTP Request: PUT https://hf-hub-lfs-us-east-1.s3-accelerate.amazonaws.com/repos/ef/87/ef870e8dc8265ff802cde7e48a97a6727cc657365929f58754efc9d0b87852b3/35f22f1bb47434fc0c7a866a7c6d0a9e94e7534f70cda540f5d5a2443972ed78?X-Amz-Algorithm=AWS4-HMAC-SHA256&X-Amz-Content-Sha256=UNSIGNED-PAYLOAD&X-Amz-Credential=AKIA2JU7TKAQOYY2AAUF%2F20260804%2Fus-east-1%2Fs3%2Faws4_request&X-Amz-Date=20260804T052208Z&X-Amz-Expires=900&X-Amz-Signature=324d703b88ae6b9e683f7275acdc83220cacc06663a9332f1d921efefebcc158&X-Amz-SignedHeaders=host&x-amz-checksum-crc32=AAAAAA%3D%3D&x-amz-sdk-checksum-algorithm=CRC32&x-amz-storage-class=INTELLIGENT_TIERING&x-id=PutObject "HTTP/1.1 200 OK"
2026-08-04 05:22:11,040 - INFO - HTTP Request: PUT https://hf-hub-lfs-us-east-1.s3-accelerate.amazonaws.com/repos/ef/87/ef870e8dc8265ff802cde7e48a97a6727cc657365929f58754efc9d0b87852b3/0bf32166cd80e95d4ea9a53b30227e6da664093032a5390c36f9bd57473484ca?X-Amz-Algorithm=AWS4-HMAC-SHA256&X-Amz-Content-Sha256=UNSIGNED-PAYLOAD&X-Amz-Credential=AKIA2JU7TKAQOYY2AAUF%2F20260804%2Fus-east-1%2Fs3%2Faws4_request&X-Amz-Date=20260804T052208Z&X-Amz-Expires=900&X-Amz-Signature=7c78c555408447ce9e6fc18a0c1e12b0ecbef2200d4a7ae77cf5523c58eb2606&X-Amz-SignedHeaders=host&x-amz-checksum-crc32=AAAAAA%3D%3D&x-amz-sdk-checksum-algorithm=CRC32&x-amz-storage-class=INTELLIGENT_TIERING&x-id=PutObject "HTTP/1.1 200 OK"
probs.png: 100%|██████████| 236k/236k [00:00<00:00, 1.77MB/s]
logits.png: 100%|██████████| 386k/386k [00:00<00:00, 2.64MB/s]
2026-08-04 05:22:11,083 - INFO - HTTP Request: POST https://huggingface.co/datasets/unrulyabstractions/temporal-awareness.git/info/lfs/objects/verify "HTTP/1.1 200 OK"




Upload 120 LFS files:  28%|██▊       | 34/120 [00:02<00:04, 17.80it/s][A[A[A[Acore.png:   0%|          | 0.00/176k [00:00<?, ?B/s]2026-08-04 05:22:11,100 - INFO - HTTP Request: PUT https://hf-hub-lfs-us-east-1.s3-accelerate.amazonaws.com/repos/ef/87/ef870e8dc8265ff802cde7e48a97a6727cc657365929f58754efc9d0b87852b3/71eaf3f3a0000b0f71ecd9e87ac2d2dd273777bd4cdb65c03de5ba89ea1c747b?X-Amz-Algorithm=AWS4-HMAC-SHA256&X-Amz-Content-Sha256=UNSIGNED-PAYLOAD&X-Amz-Credential=AKIA2JU7TKAQOYY2AAUF%2F20260804%2Fus-east-1%2Fs3%2Faws4_request&X-Amz-Date=20260804T052208Z&X-Amz-Expires=900&X-Amz-Signature=9aaf70473f2666ec9677021016f59e2a2939ddeadf43daae2d63d28df7bdf687&X-Amz-SignedHeaders=host&x-amz-checksum-crc32=AAAAAA%3D%3D&x-amz-sdk-checksum-algorithm=CRC32&x-amz-storage-class=INTELLIGENT_TIERING&x-id=PutObject "HTTP/1.1 200 OK"
trajectory.png: 100%|██████████| 259k/259k [00:00<00:00, 1.43MB/s]
2026-08-04 05:22:11,128 - INFO - HTTP Request: PUT https://hf-hub-lfs-us-east-1.s3-accelerate.amazonaws.com/repos/ef/87/ef870e8dc8265ff802cde7e48a97a6727cc657365929f58754efc9d0b87852b3/315670a819f57ca98c6c8c58276045ae21d6112b8d52644d5c4561a877ebec54?X-Amz-Algorithm=AWS4-HMAC-SHA256&X-Amz-Content-Sha256=UNSIGNED-PAYLOAD&X-Amz-Credential=AKIA2JU7TKAQOYY2AAUF%2F20260804%2Fus-east-1%2Fs3%2Faws4_request&X-Amz-Date=20260804T052208Z&X-Amz-Expires=900&X-Amz-Signature=4cd0a86f351bb7783e1ece35626cdaf77c2789c20e6d0acc63361784bb8ba637&X-Amz-SignedHeaders=host&x-amz-checksum-crc32=AAAAAA%3D%3D&x-amz-sdk-checksum-algorithm=CRC32&x-amz-storage-class=INTELLIGENT_TIERING&x-id=PutObject "HTTP/1.1 200 OK"
vocab.png: 100%|██████████| 175k/175k [00:00<00:00, 857kB/s]
2026-08-04 05:22:11,175 - INFO - HTTP Request: POST https://huggingface.co/datasets/unrulyabstractions/temporal-awareness.git/info/lfs/objects/verify "HTTP/1.1 200 OK"

fork.png:   0%|          | 0.00/185k [00:00<?, ?B/s][A2026-08-04 05:22:11,206 - INFO - HTTP Request: POST https://huggingface.co/datasets/unrulyabstractions/temporal-awareness.git/info/lfs/objects/verify "HTTP/1.1 200 OK"


logits.png:   0%|          | 0.00/282k [00:00<?, ?B/s][A[A2026-08-04 05:22:11,240 - INFO - HTTP Request: POST https://huggingface.co/datasets/unrulyabstractions/temporal-awareness.git/info/lfs/objects/verify "HTTP/1.1 200 OK"




Upload 120 LFS files:  31%|███       | 37/120 [00:02<00:04, 18.17it/s][A[A[A[A


probs.png:   0%|          | 0.00/179k [00:00<?, ?B/s][A[A[A2026-08-04 05:22:11,258 - INFO - HTTP Request: PUT https://hf-hub-lfs-us-east-1.s3-accelerate.amazonaws.com/repos/ef/87/ef870e8dc8265ff802cde7e48a97a6727cc657365929f58754efc9d0b87852b3/2a600f672913b9da6fc5dc3fc56462898a904fe4cc7b5ca26639c3bce2128bd9?X-Amz-Algorithm=AWS4-HMAC-SHA256&X-Amz-Content-Sha256=UNSIGNED-PAYLOAD&X-Amz-Credential=AKIA2JU7TKAQOYY2AAUF%2F20260804%2Fus-east-1%2Fs3%2Faws4_request&X-Amz-Date=20260804T052208Z&X-Amz-Expires=900&X-Amz-Signature=d354435e2fa2671c04307f6a2f0687dc45ad0f9ece8c6cdf07ab8f8cce1ea3fd&X-Amz-SignedHeaders=host&x-amz-checksum-crc32=AAAAAA%3D%3D&x-amz-sdk-checksum-algorithm=CRC32&x-amz-storage-class=INTELLIGENT_TIERING&x-id=PutObject "HTTP/1.1 200 OK"
core.png: 100%|██████████| 176k/176k [00:00<00:00, 1.01MB/s]
2026-08-04 05:22:11,272 - INFO - HTTP Request: PUT https://hf-hub-lfs-us-east-1.s3-accelerate.amazonaws.com/repos/ef/87/ef870e8dc8265ff802cde7e48a97a6727cc657365929f58754efc9d0b87852b3/fb27689e08bcf58ffb7b3fb9fb1c643839e31c2da64847db568080f5b8f5bf94?X-Amz-Algorithm=AWS4-HMAC-SHA256&X-Amz-Content-Sha256=UNSIGNED-PAYLOAD&X-Amz-Credential=AKIA2JU7TKAQOYY2AAUF%2F20260804%2Fus-east-1%2Fs3%2Faws4_request&X-Amz-Date=20260804T052208Z&X-Amz-Expires=900&X-Amz-Signature=407dc366440c3ef6670965ea68b9a75c71b734d01f471558b7ed8b9bfada00cf&X-Amz-SignedHeaders=host&x-amz-checksum-crc32=AAAAAA%3D%3D&x-amz-sdk-checksum-algorithm=CRC32&x-amz-storage-class=INTELLIGENT_TIERING&x-id=PutObject "HTTP/1.1 200 OK"
fork.png: 100%|██████████| 185k/185k [00:00<00:00, 1.91MB/s]
2026-08-04 05:22:11,277 - INFO - HTTP Request: POST https://huggingface.co/datasets/unrulyabstractions/temporal-awareness.git/info/lfs/objects/verify "HTTP/1.1 200 OK"
trajectory.png:   0%|          | 0.00/214k [00:00<?, ?B/s]2026-08-04 05:22:11,324 - INFO - HTTP Request: PUT https://hf-hub-lfs-us-east-1.s3-accelerate.amazonaws.com/repos/ef/87/ef870e8dc8265ff802cde7e48a97a6727cc657365929f58754efc9d0b87852b3/d080785b34059937399e516bdf3c182aa925deac1a2da1bfa82bad439842480b?X-Amz-Algorithm=AWS4-HMAC-SHA256&X-Amz-Content-Sha256=UNSIGNED-PAYLOAD&X-Amz-Credential=AKIA2JU7TKAQOYY2AAUF%2F20260804%2Fus-east-1%2Fs3%2Faws4_request&X-Amz-Date=20260804T052208Z&X-Amz-Expires=900&X-Amz-Signature=6dcbc7ae45583ec30ac422ba5acabf9ffdcad57cad0088f942883dad52df5d33&X-Amz-SignedHeaders=host&x-amz-checksum-crc32=AAAAAA%3D%3D&x-amz-sdk-checksum-algorithm=CRC32&x-amz-storage-class=INTELLIGENT_TIERING&x-id=PutObject "HTTP/1.1 200 OK"
logits.png: 100%|██████████| 282k/282k [00:00<00:00, 2.40MB/s]
2026-08-04 05:22:11,375 - INFO - HTTP Request: POST https://huggingface.co/datasets/unrulyabstractions/temporal-awareness.git/info/lfs/objects/verify "HTTP/1.1 200 OK"

vocab.png:   0%|          | 0.00/197k [00:00<?, ?B/s][A2026-08-04 05:22:11,398 - INFO - HTTP Request: POST https://huggingface.co/datasets/unrulyabstractions/temporal-awareness.git/info/lfs/objects/verify "HTTP/1.1 200 OK"




Upload 120 LFS files:  32%|███▎      | 39/120 [00:02<00:04, 16.65it/s][A[A[A[A

core.png:   0%|          | 0.00/168k [00:00<?, ?B/s][A[A2026-08-04 05:22:11,414 - INFO - HTTP Request: POST https://huggingface.co/datasets/unrulyabstractions/temporal-awareness.git/info/lfs/objects/verify "HTTP/1.1 200 OK"





fork.png:   0%|          | 0.00/202k [00:00<?, ?B/s][A[A[A[A[A2026-08-04 05:22:11,438 - INFO - HTTP Request: PUT https://hf-hub-lfs-us-east-1.s3-accelerate.amazonaws.com/repos/ef/87/ef870e8dc8265ff802cde7e48a97a6727cc657365929f58754efc9d0b87852b3/fd3786b3d35c5b2e8a60c17bccfea1ba70b1936a9679b8665cfb046739afcf41?X-Amz-Algorithm=AWS4-HMAC-SHA256&X-Amz-Content-Sha256=UNSIGNED-PAYLOAD&X-Amz-Credential=AKIA2JU7TKAQOYY2AAUF%2F20260804%2Fus-east-1%2Fs3%2Faws4_request&X-Amz-Date=20260804T052208Z&X-Amz-Expires=900&X-Amz-Signature=afbd526367e5e62de2a64b66a977184e25b81ac6adc13c606acc8886677d0e66&X-Amz-SignedHeaders=host&x-amz-checksum-crc32=AAAAAA%3D%3D&x-amz-sdk-checksum-algorithm=CRC32&x-amz-storage-class=INTELLIGENT_TIERING&x-id=PutObject "HTTP/1.1 200 OK"
trajectory.png: 100%|██████████| 214k/214k [00:00<00:00, 1.33MB/s]
2026-08-04 05:22:11,474 - INFO - HTTP Request: PUT https://hf-hub-lfs-us-east-1.s3-accelerate.amazonaws.com/repos/ef/87/ef870e8dc8265ff802cde7e48a97a6727cc657365929f58754efc9d0b87852b3/7beb092a489e34e611eda76252d2e0c5d51cbd6d100ab4dc803b934e8cde5d1a?X-Amz-Algorithm=AWS4-HMAC-SHA256&X-Amz-Content-Sha256=UNSIGNED-PAYLOAD&X-Amz-Credential=AKIA2JU7TKAQOYY2AAUF%2F20260804%2Fus-east-1%2Fs3%2Faws4_request&X-Amz-Date=20260804T052208Z&X-Amz-Expires=900&X-Amz-Signature=af37df795b269390163d870c40533126bba09b9a3d8e52296aeece251617682c&X-Amz-SignedHeaders=host&x-amz-checksum-crc32=AAAAAA%3D%3D&x-amz-sdk-checksum-algorithm=CRC32&x-amz-storage-class=INTELLIGENT_TIERING&x-id=PutObject "HTTP/1.1 200 OK"
vocab.png: 100%|██████████| 197k/197k [00:00<00:00, 2.00MB/s]
2026-08-04 05:22:11,482 - INFO - HTTP Request: PUT https://hf-hub-lfs-us-east-1.s3-accelerate.amazonaws.com/repos/ef/87/ef870e8dc8265ff802cde7e48a97a6727cc657365929f58754efc9d0b87852b3/b59e23a63fcfbcd75b13028be00cdfcbc9ff6fcbda8d7f92c341d4efb3559f05?X-Amz-Algorithm=AWS4-HMAC-SHA256&X-Amz-Content-Sha256=UNSIGNED-PAYLOAD&X-Amz-Credential=AKIA2JU7TKAQOYY2AAUF%2F20260804%2Fus-east-1%2Fs3%2Faws4_request&X-Amz-Date=20260804T052208Z&X-Amz-Expires=900&X-Amz-Signature=975b6111acdaf095ae28c816f0b9ad6c92889ad6f5de251d77160e9f1adffe34&X-Amz-SignedHeaders=host&x-amz-checksum-crc32=AAAAAA%3D%3D&x-amz-sdk-checksum-algorithm=CRC32&x-amz-storage-class=INTELLIGENT_TIERING&x-id=PutObject "HTTP/1.1 200 OK"
probs.png: 100%|██████████| 179k/179k [00:00<00:00, 743kB/s]
2026-08-04 05:22:11,513 - INFO - HTTP Request: PUT https://hf-hub-lfs-us-east-1.s3-accelerate.amazonaws.com/repos/ef/87/ef870e8dc8265ff802cde7e48a97a6727cc657365929f58754efc9d0b87852b3/f05fcf31116942acd437db8c3dd59bf546c4d419911bbf2d795ec9cac5724915?X-Amz-Algorithm=AWS4-HMAC-SHA256&X-Amz-Content-Sha256=UNSIGNED-PAYLOAD&X-Amz-Credential=AKIA2JU7TKAQOYY2AAUF%2F20260804%2Fus-east-1%2Fs3%2Faws4_request&X-Amz-Date=20260804T052208Z&X-Amz-Expires=900&X-Amz-Signature=ac2dcf642005c7f6d2cc2f6cb59918b2ac1412e13d1486678835b9d6044e2c9a&X-Amz-SignedHeaders=host&x-amz-checksum-crc32=AAAAAA%3D%3D&x-amz-sdk-checksum-algorithm=CRC32&x-amz-storage-class=INTELLIGENT_TIERING&x-id=PutObject "HTTP/1.1 200 OK"
fork.png: 100%|██████████| 202k/202k [00:00<00:00, 2.04MB/s]
2026-08-04 05:22:11,522 - INFO - HTTP Request: PUT https://hf-hub-lfs-us-east-1.s3-accelerate.amazonaws.com/repos/ef/87/ef870e8dc8265ff802cde7e48a97a6727cc657365929f58754efc9d0b87852b3/220489b773036bda68e3568194be9c375c1df9053d61a63ec23311bded035526?X-Amz-Algorithm=AWS4-HMAC-SHA256&X-Amz-Content-Sha256=UNSIGNED-PAYLOAD&X-Amz-Credential=AKIA2JU7TKAQOYY2AAUF%2F20260804%2Fus-east-1%2Fs3%2Faws4_request&X-Amz-Date=20260804T052208Z&X-Amz-Expires=900&X-Amz-Signature=79c9bc12ab027c113135e88057b698297a9c83205c26e7108e6655f32e164ebb&X-Amz-SignedHeaders=host&x-amz-checksum-crc32=AAAAAA%3D%3D&x-amz-sdk-checksum-algorithm=CRC32&x-amz-storage-class=INTELLIGENT_TIERING&x-id=PutObject "HTTP/1.1 200 OK"
core.png: 100%|██████████| 168k/168k [00:00<00:00, 1.36MB/s]
2026-08-04 05:22:11,556 - INFO - HTTP Request: POST https://huggingface.co/datasets/unrulyabstractions/temporal-awareness.git/info/lfs/objects/verify "HTTP/1.1 200 OK"
logits.png:   0%|          | 0.00/276k [00:00<?, ?B/s]2026-08-04 05:22:11,582 - INFO - HTTP Request: POST https://huggingface.co/datasets/unrulyabstractions/temporal-awareness.git/info/lfs/objects/verify "HTTP/1.1 200 OK"

probs.png:   0%|          | 0.00/180k [00:00<?, ?B/s][A2026-08-04 05:22:11,612 - INFO - HTTP Request: POST https://huggingface.co/datasets/unrulyabstractions/temporal-awareness.git/info/lfs/objects/verify "HTTP/1.1 200 OK"


trajectory.png:   0%|          | 0.00/206k [00:00<?, ?B/s][A[A2026-08-04 05:22:11,622 - INFO - HTTP Request: POST https://huggingface.co/datasets/unrulyabstractions/temporal-awareness.git/info/lfs/objects/verify "HTTP/1.1 200 OK"



vocab.png:   0%|          | 0.00/217k [00:00<?, ?B/s][A[A[A2026-08-04 05:22:11,684 - INFO - HTTP Request: PUT https://hf-hub-lfs-us-east-1.s3-accelerate.amazonaws.com/repos/ef/87/ef870e8dc8265ff802cde7e48a97a6727cc657365929f58754efc9d0b87852b3/7bb26b1052c67dc7f61bac674f6e757aca741bc697b2a7edca67cf8877e937c0?X-Amz-Algorithm=AWS4-HMAC-SHA256&X-Amz-Content-Sha256=UNSIGNED-PAYLOAD&X-Amz-Credential=AKIA2JU7TKAQOYY2AAUF%2F20260804%2Fus-east-1%2Fs3%2Faws4_request&X-Amz-Date=20260804T052208Z&X-Amz-Expires=900&X-Amz-Signature=c7e2de9550d05468363306fd7024c194d95cb8a5589dac10ebab960f326a6b76&X-Amz-SignedHeaders=host&x-amz-checksum-crc32=AAAAAA%3D%3D&x-amz-sdk-checksum-algorithm=CRC32&x-amz-storage-class=INTELLIGENT_TIERING&x-id=PutObject "HTTP/1.1 200 OK"
probs.png: 100%|██████████| 180k/180k [00:00<00:00, 1.78MB/s]
2026-08-04 05:22:11,712 - INFO - HTTP Request: PUT https://hf-hub-lfs-us-east-1.s3-accelerate.amazonaws.com/repos/ef/87/ef870e8dc8265ff802cde7e48a97a6727cc657365929f58754efc9d0b87852b3/d960bed83c91eeeae01c1510ecb66de9d12eb9bcee9266645abb67e283742155?X-Amz-Algorithm=AWS4-HMAC-SHA256&X-Amz-Content-Sha256=UNSIGNED-PAYLOAD&X-Amz-Credential=AKIA2JU7TKAQOYY2AAUF%2F20260804%2Fus-east-1%2Fs3%2Faws4_request&X-Amz-Date=20260804T052208Z&X-Amz-Expires=900&X-Amz-Signature=98fae70383553f9021cfa887d62e4bd5c1a7ce33fd799d186ac4b0b515d97089&X-Amz-SignedHeaders=host&x-amz-checksum-crc32=AAAAAA%3D%3D&x-amz-sdk-checksum-algorithm=CRC32&x-amz-storage-class=INTELLIGENT_TIERING&x-id=PutObject "HTTP/1.1 200 OK"
logits.png: 100%|██████████| 276k/276k [00:00<00:00, 1.77MB/s]
2026-08-04 05:22:11,746 - INFO - HTTP Request: PUT https://hf-hub-lfs-us-east-1.s3-accelerate.amazonaws.com/repos/ef/87/ef870e8dc8265ff802cde7e48a97a6727cc657365929f58754efc9d0b87852b3/dd6bca0494f7c4e1f2d8bea90f6a06193c3e5efadcafa4692cfbe9f26e5d7665?X-Amz-Algorithm=AWS4-HMAC-SHA256&X-Amz-Content-Sha256=UNSIGNED-PAYLOAD&X-Amz-Credential=AKIA2JU7TKAQOYY2AAUF%2F20260804%2Fus-east-1%2Fs3%2Faws4_request&X-Amz-Date=20260804T052208Z&X-Amz-Expires=900&X-Amz-Signature=1c0ddc4d3b3b4f2ffe7a5b5990a575990af5ec866dccf3eabab81467cce12e55&X-Amz-SignedHeaders=host&x-amz-checksum-crc32=AAAAAA%3D%3D&x-amz-sdk-checksum-algorithm=CRC32&x-amz-storage-class=INTELLIGENT_TIERING&x-id=PutObject "HTTP/1.1 200 OK"
trajectory.png: 100%|██████████| 206k/206k [00:00<00:00, 1.54MB/s]
2026-08-04 05:22:11,764 - INFO - HTTP Request: POST https://huggingface.co/datasets/unrulyabstractions/temporal-awareness.git/info/lfs/objects/verify "HTTP/1.1 200 OK"




Upload 120 LFS files:  35%|███▌      | 42/120 [00:03<00:06, 12.64it/s][A[A[A[Acombined.png:   0%|          | 0.00/54.3k [00:00<?, ?B/s]2026-08-04 05:22:11,783 - INFO - HTTP Request: POST https://huggingface.co/datasets/unrulyabstractions/temporal-awareness.git/info/lfs/objects/verify "HTTP/1.1 200 OK"

core.png:   0%|          | 0.00/110k [00:00<?, ?B/s][A2026-08-04 05:22:11,816 - INFO - HTTP Request: POST https://huggingface.co/datasets/unrulyabstractions/temporal-awareness.git/info/lfs/objects/verify "HTTP/1.1 200 OK"


fork.png:   0%|          | 0.00/93.8k [00:00<?, ?B/s][A[A2026-08-04 05:22:11,850 - INFO - HTTP Request: POST https://huggingface.co/datasets/unrulyabstractions/temporal-awareness.git/info/lfs/objects/verify "HTTP/1.1 200 OK"





logits.png:   0%|          | 0.00/158k [00:00<?, ?B/s][A[A[A[A[A2026-08-04 05:22:11,877 - INFO - HTTP Request: PUT https://hf-hub-lfs-us-east-1.s3-accelerate.amazonaws.com/repos/ef/87/ef870e8dc8265ff802cde7e48a97a6727cc657365929f58754efc9d0b87852b3/1296e8beff00003edf544a825663c2498b552595d7e0e569fe57efa4c21389d8?X-Amz-Algorithm=AWS4-HMAC-SHA256&X-Amz-Content-Sha256=UNSIGNED-PAYLOAD&X-Amz-Credential=AKIA2JU7TKAQOYY2AAUF%2F20260804%2Fus-east-1%2Fs3%2Faws4_request&X-Amz-Date=20260804T052208Z&X-Amz-Expires=900&X-Amz-Signature=59054e01a90e0b73002e6988d45bf2d251cdabd441ba50200227f2c1bd91c8aa&X-Amz-SignedHeaders=host&x-amz-checksum-crc32=AAAAAA%3D%3D&x-amz-sdk-checksum-algorithm=CRC32&x-amz-storage-class=INTELLIGENT_TIERING&x-id=PutObject "HTTP/1.1 200 OK"
core.png: 100%|██████████| 110k/110k [00:00<00:00, 1.17MB/s]
2026-08-04 05:22:11,886 - INFO - HTTP Request: PUT https://hf-hub-lfs-us-east-1.s3-accelerate.amazonaws.com/repos/ef/87/ef870e8dc8265ff802cde7e48a97a6727cc657365929f58754efc9d0b87852b3/0fd525dc278e138e8eb6b04914a9a70b8ce0798cf30b74dfcbd3f84317660999?X-Amz-Algorithm=AWS4-HMAC-SHA256&X-Amz-Content-Sha256=UNSIGNED-PAYLOAD&X-Amz-Credential=AKIA2JU7TKAQOYY2AAUF%2F20260804%2Fus-east-1%2Fs3%2Faws4_request&X-Amz-Date=20260804T052208Z&X-Amz-Expires=900&X-Amz-Signature=0ed8d674c5d26c63166e96582873794e4882f6bab1f1b77921c2f447fbff71d7&X-Amz-SignedHeaders=host&x-amz-checksum-crc32=AAAAAA%3D%3D&x-amz-sdk-checksum-algorithm=CRC32&x-amz-storage-class=INTELLIGENT_TIERING&x-id=PutObject "HTTP/1.1 200 OK"
combined.png: 100%|██████████| 54.3k/54.3k [00:00<00:00, 449kB/s]
2026-08-04 05:22:11,921 - INFO - HTTP Request: PUT https://hf-hub-lfs-us-east-1.s3-accelerate.amazonaws.com/repos/ef/87/ef870e8dc8265ff802cde7e48a97a6727cc657365929f58754efc9d0b87852b3/37846c87080fd498690a7395564c785152c673ef1f3da369f3ed1231c830e721?X-Amz-Algorithm=AWS4-HMAC-SHA256&X-Amz-Content-Sha256=UNSIGNED-PAYLOAD&X-Amz-Credential=AKIA2JU7TKAQOYY2AAUF%2F20260804%2Fus-east-1%2Fs3%2Faws4_request&X-Amz-Date=20260804T052208Z&X-Amz-Expires=900&X-Amz-Signature=b790257be4912cdba8b86f47372c61896d3e3d3a0c02dab130a892c2fbf604aa&X-Amz-SignedHeaders=host&x-amz-checksum-crc32=AAAAAA%3D%3D&x-amz-sdk-checksum-algorithm=CRC32&x-amz-storage-class=INTELLIGENT_TIERING&x-id=PutObject "HTTP/1.1 200 OK"
fork.png: 100%|██████████| 93.8k/93.8k [00:00<00:00, 902kB/s]
2026-08-04 05:22:11,970 - INFO - HTTP Request: PUT https://hf-hub-lfs-us-east-1.s3-accelerate.amazonaws.com/repos/ef/87/ef870e8dc8265ff802cde7e48a97a6727cc657365929f58754efc9d0b87852b3/5cf79e62b5febc2a2e7c1fcc1ea506b3e7e7d706cf9a322e69ca439668525ebd?X-Amz-Algorithm=AWS4-HMAC-SHA256&X-Amz-Content-Sha256=UNSIGNED-PAYLOAD&X-Amz-Credential=AKIA2JU7TKAQOYY2AAUF%2F20260804%2Fus-east-1%2Fs3%2Faws4_request&X-Amz-Date=20260804T052208Z&X-Amz-Expires=900&X-Amz-Signature=1e6f36f965d5c30d9138069f1db8ea6ab4226f3f63eaf76a23d201ab519e799b&X-Amz-SignedHeaders=host&x-amz-checksum-crc32=AAAAAA%3D%3D&x-amz-sdk-checksum-algorithm=CRC32&x-amz-storage-class=INTELLIGENT_TIERING&x-id=PutObject "HTTP/1.1 200 OK"
vocab.png: 100%|██████████| 217k/217k [00:00<00:00, 625kB/s]
2026-08-04 05:22:11,976 - INFO - HTTP Request: POST https://huggingface.co/datasets/unrulyabstractions/temporal-awareness.git/info/lfs/objects/verify "HTTP/1.1 200 OK"
probs.png:   0%|          | 0.00/101k [00:00<?, ?B/s]2026-08-04 05:22:12,026 - INFO - HTTP Request: POST https://huggingface.co/datasets/unrulyabstractions/temporal-awareness.git/info/lfs/objects/verify "HTTP/1.1 200 OK"

trajectory.png:   0%|          | 0.00/110k [00:00<?, ?B/s]2026-08-04 05:22:12,027 - INFO - HTTP Request: POST https://huggingface.co/datasets/unrulyabstractions/temporal-awareness.git/info/lfs/objects/verify "HTTP/1.1 200 OK"
[A

vocab.png:   0%|          | 0.00/100k [00:00<?, ?B/s][A[A2026-08-04 05:22:12,052 - INFO - HTTP Request: PUT https://hf-hub-lfs-us-east-1.s3-accelerate.amazonaws.com/repos/ef/87/ef870e8dc8265ff802cde7e48a97a6727cc657365929f58754efc9d0b87852b3/6580b4a1b0be0e7b5d37df4f42a69653760aad19b064c16e45a680db4e0a35bc?X-Amz-Algorithm=AWS4-HMAC-SHA256&X-Amz-Content-Sha256=UNSIGNED-PAYLOAD&X-Amz-Credential=AKIA2JU7TKAQOYY2AAUF%2F20260804%2Fus-east-1%2Fs3%2Faws4_request&X-Amz-Date=20260804T052208Z&X-Amz-Expires=900&X-Amz-Signature=1e32c764ecd9cc1fbfdcbaff25e2bcb58fc245f6075248de05e719746b598873&X-Amz-SignedHeaders=host&x-amz-checksum-crc32=AAAAAA%3D%3D&x-amz-sdk-checksum-algorithm=CRC32&x-amz-storage-class=INTELLIGENT_TIERING&x-id=PutObject "HTTP/1.1 200 OK"
logits.png: 100%|██████████| 158k/158k [00:00<00:00, 783kB/s]
2026-08-04 05:22:12,087 - INFO - HTTP Request: POST https://huggingface.co/datasets/unrulyabstractions/temporal-awareness.git/info/lfs/objects/verify "HTTP/1.1 200 OK"




Upload 120 LFS files:  42%|████▏     | 50/120 [00:03<00:04, 17.17it/s][A[A[A[A


combined.png:   0%|          | 0.00/54.3k [00:00<?, ?B/s][A[A[A2026-08-04 05:22:12,121 - INFO - HTTP Request: PUT https://hf-hub-lfs-us-east-1.s3-accelerate.amazonaws.com/repos/ef/87/ef870e8dc8265ff802cde7e48a97a6727cc657365929f58754efc9d0b87852b3/b168977656b71b85c6e70d1b8d8b5b850d99462f333f49f10396edc487e88a26?X-Amz-Algorithm=AWS4-HMAC-SHA256&X-Amz-Content-Sha256=UNSIGNED-PAYLOAD&X-Amz-Credential=AKIA2JU7TKAQOYY2AAUF%2F20260804%2Fus-east-1%2Fs3%2Faws4_request&X-Amz-Date=20260804T052208Z&X-Amz-Expires=900&X-Amz-Signature=b4e5d5f321dffb7e35cfa3013b3032d104b807b5fe18f41675f52d1b4b5ce93b&X-Amz-SignedHeaders=host&x-amz-checksum-crc32=AAAAAA%3D%3D&x-amz-sdk-checksum-algorithm=CRC32&x-amz-storage-class=INTELLIGENT_TIERING&x-id=PutObject "HTTP/1.1 200 OK"
vocab.png: 100%|██████████| 100k/100k [00:00<00:00, 1.09MB/s]
2026-08-04 05:22:12,136 - INFO - HTTP Request: PUT https://hf-hub-lfs-us-east-1.s3-accelerate.amazonaws.com/repos/ef/87/ef870e8dc8265ff802cde7e48a97a6727cc657365929f58754efc9d0b87852b3/99e4e51fc6a7d31f3d308f1231d8bf426cc391e721aebf636fedb2ef2fd2fe30?X-Amz-Algorithm=AWS4-HMAC-SHA256&X-Amz-Content-Sha256=UNSIGNED-PAYLOAD&X-Amz-Credential=AKIA2JU7TKAQOYY2AAUF%2F20260804%2Fus-east-1%2Fs3%2Faws4_request&X-Amz-Date=20260804T052208Z&X-Amz-Expires=900&X-Amz-Signature=405a053edbd871f01096b61f5b662dcc8fb13c22eec24efe7bc62253c0cabc65&X-Amz-SignedHeaders=host&x-amz-checksum-crc32=AAAAAA%3D%3D&x-amz-sdk-checksum-algorithm=CRC32&x-amz-storage-class=INTELLIGENT_TIERING&x-id=PutObject "HTTP/1.1 200 OK"
probs.png: 100%|██████████| 101k/101k [00:00<00:00, 633kB/s]
2026-08-04 05:22:12,151 - INFO - HTTP Request: POST https://huggingface.co/datasets/unrulyabstractions/temporal-awareness.git/info/lfs/objects/verify "HTTP/1.1 200 OK"
core.png:   0%|          | 0.00/106k [00:00<?, ?B/s]2026-08-04 05:22:12,209 - INFO - HTTP Request: POST https://huggingface.co/datasets/unrulyabstractions/temporal-awareness.git/info/lfs/objects/verify "HTTP/1.1 200 OK"




Upload 120 LFS files:  46%|████▌     | 55/120 [00:03<00:03, 21.18it/s][A[A[A[A

fork.png:   0%|          | 0.00/99.0k [00:00<?, ?B/s][A[A2026-08-04 05:22:12,226 - INFO - HTTP Request: PUT https://hf-hub-lfs-us-east-1.s3-accelerate.amazonaws.com/repos/ef/87/ef870e8dc8265ff802cde7e48a97a6727cc657365929f58754efc9d0b87852b3/8ce9fd6162e4f9d58d14f3c288fab6c813262a43f4bb88fc715523447acca6c0?X-Amz-Algorithm=AWS4-HMAC-SHA256&X-Amz-Content-Sha256=UNSIGNED-PAYLOAD&X-Amz-Credential=AKIA2JU7TKAQOYY2AAUF%2F20260804%2Fus-east-1%2Fs3%2Faws4_request&X-Amz-Date=20260804T052208Z&X-Amz-Expires=900&X-Amz-Signature=b2be13d40a925ee166eef9e4b5c0acfb4631011e9d984469b1506883a9524b73&X-Amz-SignedHeaders=host&x-amz-checksum-crc32=AAAAAA%3D%3D&x-amz-sdk-checksum-algorithm=CRC32&x-amz-storage-class=INTELLIGENT_TIERING&x-id=PutObject "HTTP/1.1 200 OK"
trajectory.png: 100%|██████████| 110k/110k [00:00<00:00, 551kB/s]
2026-08-04 05:22:12,271 - INFO - HTTP Request: PUT https://hf-hub-lfs-us-east-1.s3-accelerate.amazonaws.com/repos/ef/87/ef870e8dc8265ff802cde7e48a97a6727cc657365929f58754efc9d0b87852b3/babe6f5db52446b492517453e6175ea734c6a01a358d16051a2eef6e8fc2e493?X-Amz-Algorithm=AWS4-HMAC-SHA256&X-Amz-Content-Sha256=UNSIGNED-PAYLOAD&X-Amz-Credential=AKIA2JU7TKAQOYY2AAUF%2F20260804%2Fus-east-1%2Fs3%2Faws4_request&X-Amz-Date=20260804T052208Z&X-Amz-Expires=900&X-Amz-Signature=ed6a334fca8fd21f3c1921c8d738f5e666d0a744d86c60283b42ccbb274e3ba7&X-Amz-SignedHeaders=host&x-amz-checksum-crc32=AAAAAA%3D%3D&x-amz-sdk-checksum-algorithm=CRC32&x-amz-storage-class=INTELLIGENT_TIERING&x-id=PutObject "HTTP/1.1 200 OK"
core.png: 100%|██████████| 106k/106k [00:00<00:00, 882kB/s]
2026-08-04 05:22:12,305 - INFO - HTTP Request: PUT https://hf-hub-lfs-us-east-1.s3-accelerate.amazonaws.com/repos/ef/87/ef870e8dc8265ff802cde7e48a97a6727cc657365929f58754efc9d0b87852b3/eb855c29beb2af9f4cf0b8fc1abd5ad4edb1fa2ebbc3df53df9e648ba334108f?X-Amz-Algorithm=AWS4-HMAC-SHA256&X-Amz-Content-Sha256=UNSIGNED-PAYLOAD&X-Amz-Credential=AKIA2JU7TKAQOYY2AAUF%2F20260804%2Fus-east-1%2Fs3%2Faws4_request&X-Amz-Date=20260804T052208Z&X-Amz-Expires=900&X-Amz-Signature=5197e8fa0f288806ee0e99e85439311b7a092cdf854d1222c968a87eace0ec77&X-Amz-SignedHeaders=host&x-amz-checksum-crc32=AAAAAA%3D%3D&x-amz-sdk-checksum-algorithm=CRC32&x-amz-storage-class=INTELLIGENT_TIERING&x-id=PutObject "HTTP/1.1 200 OK"
fork.png: 100%|██████████| 99.0k/99.0k [00:00<00:00, 1.04MB/s]
2026-08-04 05:22:12,311 - INFO - HTTP Request: PUT https://hf-hub-lfs-us-east-1.s3-accelerate.amazonaws.com/repos/ef/87/ef870e8dc8265ff802cde7e48a97a6727cc657365929f58754efc9d0b87852b3/c35e67e71e63038d3ad7bb50fac421236db151acd551b0e73289deec3665c751?X-Amz-Algorithm=AWS4-HMAC-SHA256&X-Amz-Content-Sha256=UNSIGNED-PAYLOAD&X-Amz-Credential=AKIA2JU7TKAQOYY2AAUF%2F20260804%2Fus-east-1%2Fs3%2Faws4_request&X-Amz-Date=20260804T052208Z&X-Amz-Expires=900&X-Amz-Signature=66c037a2b3030fd561be41bca5fdce17275a26ccd2c155415a5edd7c849eba8b&X-Amz-SignedHeaders=host&x-amz-checksum-crc32=AAAAAA%3D%3D&x-amz-sdk-checksum-algorithm=CRC32&x-amz-storage-class=INTELLIGENT_TIERING&x-id=PutObject "HTTP/1.1 200 OK"
combined.png: 100%|██████████| 54.3k/54.3k [00:00<00:00, 243kB/s]
2026-08-04 05:22:12,351 - INFO - HTTP Request: POST https://huggingface.co/datasets/unrulyabstractions/temporal-awareness.git/info/lfs/objects/verify "HTTP/1.1 200 OK"
logits.png:   0%|          | 0.00/161k [00:00<?, ?B/s]2026-08-04 05:22:12,402 - INFO - HTTP Request: POST https://huggingface.co/datasets/unrulyabstractions/temporal-awareness.git/info/lfs/objects/verify "HTTP/1.1 200 OK"

probs.png:   0%|          | 0.00/107k [00:00<?, ?B/s][A2026-08-04 05:22:12,416 - INFO - HTTP Request: POST https://huggingface.co/datasets/unrulyabstractions/temporal-awareness.git/info/lfs/objects/verify "HTTP/1.1 200 OK"


trajectory.png:   0%|          | 0.00/117k [00:00<?, ?B/s][A[A2026-08-04 05:22:12,428 - INFO - HTTP Request: POST https://huggingface.co/datasets/unrulyabstractions/temporal-awareness.git/info/lfs/objects/verify "HTTP/1.1 200 OK"



vocab.png:   0%|          | 0.00/107k [00:00<?, ?B/s][A[A[A2026-08-04 05:22:12,443 - INFO - HTTP Request: POST https://huggingface.co/datasets/unrulyabstractions/temporal-awareness.git/info/lfs/objects/verify "HTTP/1.1 200 OK"




Upload 120 LFS files:  48%|████▊     | 58/120 [00:03<00:03, 18.54it/s][A[A[A[A




combined.png:   0%|          | 0.00/52.7k [00:00<?, ?B/s][A[A[A[A[A2026-08-04 05:22:12,496 - INFO - HTTP Request: PUT https://hf-hub-lfs-us-east-1.s3-accelerate.amazonaws.com/repos/ef/87/ef870e8dc8265ff802cde7e48a97a6727cc657365929f58754efc9d0b87852b3/3a8ada42636cc9aafaffaaae634a9d0952c810e42508e9d3d01fec6f10947227?X-Amz-Algorithm=AWS4-HMAC-SHA256&X-Amz-Content-Sha256=UNSIGNED-PAYLOAD&X-Amz-Credential=AKIA2JU7TKAQOYY2AAUF%2F20260804%2Fus-east-1%2Fs3%2Faws4_request&X-Amz-Date=20260804T052208Z&X-Amz-Expires=900&X-Amz-Signature=6df6f088faf15ae978b6d19de91f3e0c128de5ec640a1b5e5ba0347bd6d27f0c&X-Amz-SignedHeaders=host&x-amz-checksum-crc32=AAAAAA%3D%3D&x-amz-sdk-checksum-algorithm=CRC32&x-amz-storage-class=INTELLIGENT_TIERING&x-id=PutObject "HTTP/1.1 200 OK"
probs.png: 100%|██████████| 107k/107k [00:00<00:00, 1.14MB/s]
2026-08-04 05:22:12,511 - INFO - HTTP Request: PUT https://hf-hub-lfs-us-east-1.s3-accelerate.amazonaws.com/repos/ef/87/ef870e8dc8265ff802cde7e48a97a6727cc657365929f58754efc9d0b87852b3/be3121458bef97517ee6eab651bfb086ebace7b8850fe0f79c6b2ba0d5b04e73?X-Amz-Algorithm=AWS4-HMAC-SHA256&X-Amz-Content-Sha256=UNSIGNED-PAYLOAD&X-Amz-Credential=AKIA2JU7TKAQOYY2AAUF%2F20260804%2Fus-east-1%2Fs3%2Faws4_request&X-Amz-Date=20260804T052208Z&X-Amz-Expires=900&X-Amz-Signature=f98af612f5d566f56c045cc3df6de9c2c81888ea3f3c3ab525976062df9d4c15&X-Amz-SignedHeaders=host&x-amz-checksum-crc32=AAAAAA%3D%3D&x-amz-sdk-checksum-algorithm=CRC32&x-amz-storage-class=INTELLIGENT_TIERING&x-id=PutObject "HTTP/1.1 200 OK"
trajectory.png: 100%|██████████| 117k/117k [00:00<00:00, 1.23MB/s]
2026-08-04 05:22:12,525 - INFO - HTTP Request: PUT https://hf-hub-lfs-us-east-1.s3-accelerate.amazonaws.com/repos/ef/87/ef870e8dc8265ff802cde7e48a97a6727cc657365929f58754efc9d0b87852b3/7f5e32f7eb74b73e3c06cc2acee45a1079ffecbeb2a8943fa4c76406f2aaa3d8?X-Amz-Algorithm=AWS4-HMAC-SHA256&X-Amz-Content-Sha256=UNSIGNED-PAYLOAD&X-Amz-Credential=AKIA2JU7TKAQOYY2AAUF%2F20260804%2Fus-east-1%2Fs3%2Faws4_request&X-Amz-Date=20260804T052208Z&X-Amz-Expires=900&X-Amz-Signature=b36f23dc65231cfc5eb0e6737e08db8598d5d21b1c0a10b280021b2279f27db9&X-Amz-SignedHeaders=host&x-amz-checksum-crc32=AAAAAA%3D%3D&x-amz-sdk-checksum-algorithm=CRC32&x-amz-storage-class=INTELLIGENT_TIERING&x-id=PutObject "HTTP/1.1 200 OK"
logits.png: 100%|██████████| 161k/161k [00:00<00:00, 926kB/s]
2026-08-04 05:22:12,556 - INFO - HTTP Request: PUT https://hf-hub-lfs-us-east-1.s3-accelerate.amazonaws.com/repos/ef/87/ef870e8dc8265ff802cde7e48a97a6727cc657365929f58754efc9d0b87852b3/7039c2d64b9f8bcc4df343a62d643e8b810e0a019050de47b0a5b68e751b1f40?X-Amz-Algorithm=AWS4-HMAC-SHA256&X-Amz-Content-Sha256=UNSIGNED-PAYLOAD&X-Amz-Credential=AKIA2JU7TKAQOYY2AAUF%2F20260804%2Fus-east-1%2Fs3%2Faws4_request&X-Amz-Date=20260804T052208Z&X-Amz-Expires=900&X-Amz-Signature=c9b5a4e143da1349d29fc8f6875d0bedc557afabf19a5c970c6511f25289a46c&X-Amz-SignedHeaders=host&x-amz-checksum-crc32=AAAAAA%3D%3D&x-amz-sdk-checksum-algorithm=CRC32&x-amz-storage-class=INTELLIGENT_TIERING&x-id=PutObject "HTTP/1.1 200 OK"
combined.png: 100%|██████████| 52.7k/52.7k [00:00<00:00, 470kB/s]
2026-08-04 05:22:12,594 - INFO - HTTP Request: POST https://huggingface.co/datasets/unrulyabstractions/temporal-awareness.git/info/lfs/objects/verify "HTTP/1.1 200 OK"
core.png:   0%|          | 0.00/214k [00:00<?, ?B/s]2026-08-04 05:22:12,621 - INFO - HTTP Request: POST https://huggingface.co/datasets/unrulyabstractions/temporal-awareness.git/info/lfs/objects/verify "HTTP/1.1 200 OK"
2026-08-04 05:22:12,622 - INFO - HTTP Request: POST https://huggingface.co/datasets/unrulyabstractions/temporal-awareness.git/info/lfs/objects/verify "HTTP/1.1 200 OK"

fork.png:   0%|          | 0.00/247k [00:00<?, ?B/s][A



Upload 120 LFS files:  51%|█████     | 61/120 [00:03<00:03, 18.05it/s][A[A[A[A

logits.png:   0%|          | 0.00/324k [00:00<?, ?B/s][A[A2026-08-04 05:22:12,655 - INFO - HTTP Request: POST https://huggingface.co/datasets/unrulyabstractions/temporal-awareness.git/info/lfs/objects/verify "HTTP/1.1 200 OK"





probs.png:   0%|          | 0.00/214k [00:00<?, ?B/s][A[A[A[A[A2026-08-04 05:22:12,679 - INFO - HTTP Request: PUT https://hf-hub-lfs-us-east-1.s3-accelerate.amazonaws.com/repos/ef/87/ef870e8dc8265ff802cde7e48a97a6727cc657365929f58754efc9d0b87852b3/4d7b800e77b5281a10dd5118d819ceef4d90b4db4f0c22d1a4ae2916c1cd34e9?X-Amz-Algorithm=AWS4-HMAC-SHA256&X-Amz-Content-Sha256=UNSIGNED-PAYLOAD&X-Amz-Credential=AKIA2JU7TKAQOYY2AAUF%2F20260804%2Fus-east-1%2Fs3%2Faws4_request&X-Amz-Date=20260804T052208Z&X-Amz-Expires=900&X-Amz-Signature=cc9d46ff17879f68895c00da678ec58d97d0cacf4f7cdde0a3a4d4bdc85ce4de&X-Amz-SignedHeaders=host&x-amz-checksum-crc32=AAAAAA%3D%3D&x-amz-sdk-checksum-algorithm=CRC32&x-amz-storage-class=INTELLIGENT_TIERING&x-id=PutObject "HTTP/1.1 200 OK"
vocab.png: 100%|██████████| 107k/107k [00:00<00:00, 428kB/s]
2026-08-04 05:22:12,727 - INFO - HTTP Request: PUT https://hf-hub-lfs-us-east-1.s3-accelerate.amazonaws.com/repos/ef/87/ef870e8dc8265ff802cde7e48a97a6727cc657365929f58754efc9d0b87852b3/2a7ab240ffae3545c48ac9d2ea7b264b57e7762e6e65e0404382e23217683141?X-Amz-Algorithm=AWS4-HMAC-SHA256&X-Amz-Content-Sha256=UNSIGNED-PAYLOAD&X-Amz-Credential=AKIA2JU7TKAQOYY2AAUF%2F20260804%2Fus-east-1%2Fs3%2Faws4_request&X-Amz-Date=20260804T052208Z&X-Amz-Expires=900&X-Amz-Signature=a2dc71cb9031bf10393cfadacaa478286c9a5bc36d521ff91d78ee5ebd07127f&X-Amz-SignedHeaders=host&x-amz-checksum-crc32=AAAAAA%3D%3D&x-amz-sdk-checksum-algorithm=CRC32&x-amz-storage-class=INTELLIGENT_TIERING&x-id=PutObject "HTTP/1.1 200 OK"
fork.png: 100%|██████████| 247k/247k [00:00<00:00, 2.37MB/s]
2026-08-04 05:22:12,761 - INFO - HTTP Request: PUT https://hf-hub-lfs-us-east-1.s3-accelerate.amazonaws.com/repos/ef/87/ef870e8dc8265ff802cde7e48a97a6727cc657365929f58754efc9d0b87852b3/1cb55c61535b9220c31b3727638ed5a7f0bc929b4df01e16c8be594b883bb6b3?X-Amz-Algorithm=AWS4-HMAC-SHA256&X-Amz-Content-Sha256=UNSIGNED-PAYLOAD&X-Amz-Credential=AKIA2JU7TKAQOYY2AAUF%2F20260804%2Fus-east-1%2Fs3%2Faws4_request&X-Amz-Date=20260804T052208Z&X-Amz-Expires=900&X-Amz-Signature=c00ac6cca11c124587dc7b218470f67c5515333a76f470c38596693cac976b8b&X-Amz-SignedHeaders=host&x-amz-checksum-crc32=AAAAAA%3D%3D&x-amz-sdk-checksum-algorithm=CRC32&x-amz-storage-class=INTELLIGENT_TIERING&x-id=PutObject "HTTP/1.1 200 OK"
probs.png: 100%|██████████| 214k/214k [00:00<00:00, 2.01MB/s]
2026-08-04 05:22:12,776 - INFO - HTTP Request: POST https://huggingface.co/datasets/unrulyabstractions/temporal-awareness.git/info/lfs/objects/verify "HTTP/1.1 200 OK"




Upload 120 LFS files:  53%|█████▎    | 64/120 [00:04<00:03, 18.43it/s][A[A[A[A
trajectory.png:   0%|          | 0.00/232k [00:00<?, ?B/s][A2026-08-04 05:22:12,785 - INFO - HTTP Request: PUT https://hf-hub-lfs-us-east-1.s3-accelerate.amazonaws.com/repos/ef/87/ef870e8dc8265ff802cde7e48a97a6727cc657365929f58754efc9d0b87852b3/a56398580bc6d725eedd352c94d1b8355eca8648fcc047ad720588c385fbb376?X-Amz-Algorithm=AWS4-HMAC-SHA256&X-Amz-Content-Sha256=UNSIGNED-PAYLOAD&X-Amz-Credential=AKIA2JU7TKAQOYY2AAUF%2F20260804%2Fus-east-1%2Fs3%2Faws4_request&X-Amz-Date=20260804T052208Z&X-Amz-Expires=900&X-Amz-Signature=0767237e54e232f8584faad0a37a590d130738324780412a9097699f23669192&X-Amz-SignedHeaders=host&x-amz-checksum-crc32=AAAAAA%3D%3D&x-amz-sdk-checksum-algorithm=CRC32&x-amz-storage-class=INTELLIGENT_TIERING&x-id=PutObject "HTTP/1.1 200 OK"
logits.png: 100%|██████████| 324k/324k [00:00<00:00, 2.01MB/s]
2026-08-04 05:22:12,805 - INFO - HTTP Request: PUT https://hf-hub-lfs-us-east-1.s3-accelerate.amazonaws.com/repos/ef/87/ef870e8dc8265ff802cde7e48a97a6727cc657365929f58754efc9d0b87852b3/2fece257434e96d6e85b22fb730291a5b5fc3d7f94daa508e86a7ba473fbf56a?X-Amz-Algorithm=AWS4-HMAC-SHA256&X-Amz-Content-Sha256=UNSIGNED-PAYLOAD&X-Amz-Credential=AKIA2JU7TKAQOYY2AAUF%2F20260804%2Fus-east-1%2Fs3%2Faws4_request&X-Amz-Date=20260804T052208Z&X-Amz-Expires=900&X-Amz-Signature=f3f998506ae9d5ddddfa94ce55160849aafa21f27ab06d77b76570b03247712b&X-Amz-SignedHeaders=host&x-amz-checksum-crc32=AAAAAA%3D%3D&x-amz-sdk-checksum-algorithm=CRC32&x-amz-storage-class=INTELLIGENT_TIERING&x-id=PutObject "HTTP/1.1 200 OK"
core.png: 100%|██████████| 214k/214k [00:00<00:00, 1.02MB/s]
2026-08-04 05:22:12,836 - INFO - HTTP Request: POST https://huggingface.co/datasets/unrulyabstractions/temporal-awareness.git/info/lfs/objects/verify "HTTP/1.1 200 OK"
vocab.png:   0%|          | 0.00/259k [00:00<?, ?B/s]2026-08-04 05:22:12,878 - INFO - HTTP Request: POST https://huggingface.co/datasets/unrulyabstractions/temporal-awareness.git/info/lfs/objects/verify "HTTP/1.1 200 OK"


combined.png:   0%|          | 0.00/52.6k [00:00<?, ?B/s][A[A2026-08-04 05:22:12,897 - INFO - HTTP Request: POST https://huggingface.co/datasets/unrulyabstractions/temporal-awareness.git/info/lfs/objects/verify "HTTP/1.1 200 OK"



core.png:   0%|          | 0.00/223k [00:00<?, ?B/s][A[A[A2026-08-04 05:22:12,932 - INFO - HTTP Request: POST https://huggingface.co/datasets/unrulyabstractions/temporal-awareness.git/info/lfs/objects/verify "HTTP/1.1 200 OK"




Upload 120 LFS files:  55%|█████▌    | 66/120 [00:04<00:03, 17.00it/s][A[A[A[A




fork.png:   0%|          | 0.00/162k [00:00<?, ?B/s][A[A[A[A[A2026-08-04 05:22:12,965 - INFO - HTTP Request: PUT https://hf-hub-lfs-us-east-1.s3-accelerate.amazonaws.com/repos/ef/87/ef870e8dc8265ff802cde7e48a97a6727cc657365929f58754efc9d0b87852b3/5cccb6857ae6c7e48e7ed3e3044e6baf6f577223030cbcebe5f5fc64738b9276?X-Amz-Algorithm=AWS4-HMAC-SHA256&X-Amz-Content-Sha256=UNSIGNED-PAYLOAD&X-Amz-Credential=AKIA2JU7TKAQOYY2AAUF%2F20260804%2Fus-east-1%2Fs3%2Faws4_request&X-Amz-Date=20260804T052208Z&X-Amz-Expires=900&X-Amz-Signature=bb59285711781c39b5f7e424742725f3f0677e6e1ce3db71fc6c862ff1c7ba61&X-Amz-SignedHeaders=host&x-amz-checksum-crc32=AAAAAA%3D%3D&x-amz-sdk-checksum-algorithm=CRC32&x-amz-storage-class=INTELLIGENT_TIERING&x-id=PutObject "HTTP/1.1 200 OK"
combined.png: 100%|██████████| 52.6k/52.6k [00:00<00:00, 609kB/s]
2026-08-04 05:22:13,007 - INFO - HTTP Request: PUT https://hf-hub-lfs-us-east-1.s3-accelerate.amazonaws.com/repos/ef/87/ef870e8dc8265ff802cde7e48a97a6727cc657365929f58754efc9d0b87852b3/cace600d43f7dd93c1b823f13d29d3b6038f455e5125c393728d8e97e11291f1?X-Amz-Algorithm=AWS4-HMAC-SHA256&X-Amz-Content-Sha256=UNSIGNED-PAYLOAD&X-Amz-Credential=AKIA2JU7TKAQOYY2AAUF%2F20260804%2Fus-east-1%2Fs3%2Faws4_request&X-Amz-Date=20260804T052208Z&X-Amz-Expires=900&X-Amz-Signature=f40edb996b89cea3af1f183c57b4a251ba158e3ab7cb09605beb3fcf3a2120f1&X-Amz-SignedHeaders=host&x-amz-checksum-crc32=AAAAAA%3D%3D&x-amz-sdk-checksum-algorithm=CRC32&x-amz-storage-class=INTELLIGENT_TIERING&x-id=PutObject "HTTP/1.1 200 OK"
trajectory.png: 100%|██████████| 232k/232k [00:00<00:00, 1.01MB/s]
2026-08-04 05:22:13,067 - INFO - HTTP Request: PUT https://hf-hub-lfs-us-east-1.s3-accelerate.amazonaws.com/repos/ef/87/ef870e8dc8265ff802cde7e48a97a6727cc657365929f58754efc9d0b87852b3/35c426833fe9fc19d9f60c165295ac63ccb21a7a21d85347809aaefa7976b788?X-Amz-Algorithm=AWS4-HMAC-SHA256&X-Amz-Content-Sha256=UNSIGNED-PAYLOAD&X-Amz-Credential=AKIA2JU7TKAQOYY2AAUF%2F20260804%2Fus-east-1%2Fs3%2Faws4_request&X-Amz-Date=20260804T052208Z&X-Amz-Expires=900&X-Amz-Signature=5c0cbf4a402f05de2f055e526dc93bcb4557397fbfc3bb3d8cfffe801c39e53a&X-Amz-SignedHeaders=host&x-amz-checksum-crc32=AAAAAA%3D%3D&x-amz-sdk-checksum-algorithm=CRC32&x-amz-storage-class=INTELLIGENT_TIERING&x-id=PutObject "HTTP/1.1 200 OK"
fork.png: 100%|██████████| 162k/162k [00:00<00:00, 1.20MB/s]
2026-08-04 05:22:13,077 - INFO - HTTP Request: POST https://huggingface.co/datasets/unrulyabstractions/temporal-awareness.git/info/lfs/objects/verify "HTTP/1.1 200 OK"




Upload 120 LFS files:  58%|█████▊    | 70/120 [00:04<00:02, 19.69it/s][A[A[A[A
logits.png:   0%|          | 0.00/375k [00:00<?, ?B/s][A2026-08-04 05:22:13,098 - INFO - HTTP Request: PUT https://hf-hub-lfs-us-east-1.s3-accelerate.amazonaws.com/repos/ef/87/ef870e8dc8265ff802cde7e48a97a6727cc657365929f58754efc9d0b87852b3/58eac3f5ca403d40b8c8195cdf8c6041f27efa09cb657ff82e83cbee9fa99725?X-Amz-Algorithm=AWS4-HMAC-SHA256&X-Amz-Content-Sha256=UNSIGNED-PAYLOAD&X-Amz-Credential=AKIA2JU7TKAQOYY2AAUF%2F20260804%2Fus-east-1%2Fs3%2Faws4_request&X-Amz-Date=20260804T052208Z&X-Amz-Expires=900&X-Amz-Signature=138f37d5a6dec93752a47a59ba46c3920df618f7d1c5834b343a353c70e01edf&X-Amz-SignedHeaders=host&x-amz-checksum-crc32=AAAAAA%3D%3D&x-amz-sdk-checksum-algorithm=CRC32&x-amz-storage-class=INTELLIGENT_TIERING&x-id=PutObject "HTTP/1.1 200 OK"
vocab.png: 100%|██████████| 259k/259k [00:00<00:00, 992kB/s]
2026-08-04 05:22:13,122 - INFO - HTTP Request: PUT https://hf-hub-lfs-us-east-1.s3-accelerate.amazonaws.com/repos/ef/87/ef870e8dc8265ff802cde7e48a97a6727cc657365929f58754efc9d0b87852b3/66fbd9cbbf6951fe7fe8a872c5b58147c74ed27af4350306305f6e95e30dac60?X-Amz-Algorithm=AWS4-HMAC-SHA256&X-Amz-Content-Sha256=UNSIGNED-PAYLOAD&X-Amz-Credential=AKIA2JU7TKAQOYY2AAUF%2F20260804%2Fus-east-1%2Fs3%2Faws4_request&X-Amz-Date=20260804T052208Z&X-Amz-Expires=900&X-Amz-Signature=299429af83e351b68a5da6d1ca3334f240393ad6a4eb44cf34a6e78e0720b242&X-Amz-SignedHeaders=host&x-amz-checksum-crc32=AAAAAA%3D%3D&x-amz-sdk-checksum-algorithm=CRC32&x-amz-storage-class=INTELLIGENT_TIERING&x-id=PutObject "HTTP/1.1 200 OK"
core.png: 100%|██████████| 223k/223k [00:00<00:00, 994kB/s]
2026-08-04 05:22:13,141 - INFO - HTTP Request: POST https://huggingface.co/datasets/unrulyabstractions/temporal-awareness.git/info/lfs/objects/verify "HTTP/1.1 200 OK"
probs.png:   0%|          | 0.00/193k [00:00<?, ?B/s]2026-08-04 05:22:13,189 - INFO - HTTP Request: PUT https://hf-hub-lfs-us-east-1.s3-accelerate.amazonaws.com/repos/ef/87/ef870e8dc8265ff802cde7e48a97a6727cc657365929f58754efc9d0b87852b3/5a30db6b1c37d6d57a30ba732910172ec920686867a2f1667f8228a2238f4d75?X-Amz-Algorithm=AWS4-HMAC-SHA256&X-Amz-Content-Sha256=UNSIGNED-PAYLOAD&X-Amz-Credential=AKIA2JU7TKAQOYY2AAUF%2F20260804%2Fus-east-1%2Fs3%2Faws4_request&X-Amz-Date=20260804T052208Z&X-Amz-Expires=900&X-Amz-Signature=e90e0e33c2d7c80646a76835981055d710a720738e66a513ea66bb03ebfa4f4a&X-Amz-SignedHeaders=host&x-amz-checksum-crc32=AAAAAA%3D%3D&x-amz-sdk-checksum-algorithm=CRC32&x-amz-storage-class=INTELLIGENT_TIERING&x-id=PutObject "HTTP/1.1 200 OK"
logits.png: 100%|██████████| 375k/375k [00:00<00:00, 3.36MB/s]
2026-08-04 05:22:13,205 - INFO - HTTP Request: POST https://huggingface.co/datasets/unrulyabstractions/temporal-awareness.git/info/lfs/objects/verify "HTTP/1.1 200 OK"

trajectory.png:   0%|          | 0.00/228k [00:00<?, ?B/s][A2026-08-04 05:22:13,215 - INFO - HTTP Request: POST https://huggingface.co/datasets/unrulyabstractions/temporal-awareness.git/info/lfs/objects/verify "HTTP/1.1 200 OK"


vocab.png:   0%|          | 0.00/170k [00:00<?, ?B/s][A[A2026-08-04 05:22:13,268 - INFO - HTTP Request: POST https://huggingface.co/datasets/unrulyabstractions/temporal-awareness.git/info/lfs/objects/verify "HTTP/1.1 200 OK"




Upload 120 LFS files:  61%|██████    | 73/120 [00:04<00:02, 18.37it/s][A[A[A[A


heatmap_layers_colnorm_denoising.png:   0%|          | 0.00/79.8k [00:00<?, ?B/s][A[A[A2026-08-04 05:22:13,293 - INFO - HTTP Request: POST https://huggingface.co/datasets/unrulyabstractions/temporal-awareness.git/info/lfs/objects/verify "HTTP/1.1 200 OK"





heatmap_layers_colnorm_noising.png:   0%|          | 0.00/79.5k [00:00<?, ?B/s][A[A[A[A[A2026-08-04 05:22:13,314 - INFO - HTTP Request: PUT https://hf-hub-lfs-us-east-1.s3-accelerate.amazonaws.com/repos/ef/87/ef870e8dc8265ff802cde7e48a97a6727cc657365929f58754efc9d0b87852b3/cff1553028bd89191ddedd1b714d8da5552044bc1de31bd4c36ac3f0dd624e33?X-Amz-Algorithm=AWS4-HMAC-SHA256&X-Amz-Content-Sha256=UNSIGNED-PAYLOAD&X-Amz-Credential=AKIA2JU7TKAQOYY2AAUF%2F20260804%2Fus-east-1%2Fs3%2Faws4_request&X-Amz-Date=20260804T052208Z&X-Amz-Expires=900&X-Amz-Signature=ebc39a72db8d11db70037cb16f622894ff576ca3b86d3be707923016dbddc1a2&X-Amz-SignedHeaders=host&x-amz-checksum-crc32=AAAAAA%3D%3D&x-amz-sdk-checksum-algorithm=CRC32&x-amz-storage-class=INTELLIGENT_TIERING&x-id=PutObject "HTTP/1.1 200 OK"
probs.png: 100%|██████████| 193k/193k [00:00<00:00, 1.12MB/s]
2026-08-04 05:22:13,325 - INFO - HTTP Request: PUT https://hf-hub-lfs-us-east-1.s3-accelerate.amazonaws.com/repos/ef/87/ef870e8dc8265ff802cde7e48a97a6727cc657365929f58754efc9d0b87852b3/82cd6864486e612048e0d8ec1bac4d5b6cfc78d16698cdefec08223421d2917e?X-Amz-Algorithm=AWS4-HMAC-SHA256&X-Amz-Content-Sha256=UNSIGNED-PAYLOAD&X-Amz-Credential=AKIA2JU7TKAQOYY2AAUF%2F20260804%2Fus-east-1%2Fs3%2Faws4_request&X-Amz-Date=20260804T052208Z&X-Amz-Expires=900&X-Amz-Signature=c4e8bfc595410480247c7078a542760aa93a1fbafc8a0b9bad741b06bd6cf93a&X-Amz-SignedHeaders=host&x-amz-checksum-crc32=AAAAAA%3D%3D&x-amz-sdk-checksum-algorithm=CRC32&x-amz-storage-class=INTELLIGENT_TIERING&x-id=PutObject "HTTP/1.1 200 OK"
vocab.png: 100%|██████████| 170k/170k [00:00<00:00, 1.55MB/s]
2026-08-04 05:22:13,355 - INFO - HTTP Request: PUT https://hf-hub-lfs-us-east-1.s3-accelerate.amazonaws.com/repos/ef/87/ef870e8dc8265ff802cde7e48a97a6727cc657365929f58754efc9d0b87852b3/8e77072336a7f6632df2e0e974c171b8ad557482b55653899976702c02841d4d?X-Amz-Algorithm=AWS4-HMAC-SHA256&X-Amz-Content-Sha256=UNSIGNED-PAYLOAD&X-Amz-Credential=AKIA2JU7TKAQOYY2AAUF%2F20260804%2Fus-east-1%2Fs3%2Faws4_request&X-Amz-Date=20260804T052208Z&X-Amz-Expires=900&X-Amz-Signature=0cb477e21c30b850c6ff376ddc5e35702846b691841a69cbb4d8701817e73a59&X-Amz-SignedHeaders=host&x-amz-checksum-crc32=AAAAAA%3D%3D&x-amz-sdk-checksum-algorithm=CRC32&x-amz-storage-class=INTELLIGENT_TIERING&x-id=PutObject "HTTP/1.1 200 OK"
trajectory.png: 100%|██████████| 228k/228k [00:00<00:00, 1.53MB/s]
2026-08-04 05:22:13,398 - INFO - HTTP Request: POST https://huggingface.co/datasets/unrulyabstractions/temporal-awareness.git/info/lfs/objects/verify "HTTP/1.1 200 OK"
heatmap_layers_denoising.png:   0%|          | 0.00/100k [00:00<?, ?B/s]2026-08-04 05:22:13,445 - INFO - HTTP Request: PUT https://hf-hub-lfs-us-east-1.s3-accelerate.amazonaws.com/repos/ef/87/ef870e8dc8265ff802cde7e48a97a6727cc657365929f58754efc9d0b87852b3/699968bc75fe605c32bc0f85aed98cdbade216ff505ec7d1560f8f7d75cf8b6a?X-Amz-Algorithm=AWS4-HMAC-SHA256&X-Amz-Content-Sha256=UNSIGNED-PAYLOAD&X-Amz-Credential=AKIA2JU7TKAQOYY2AAUF%2F20260804%2Fus-east-1%2Fs3%2Faws4_request&X-Amz-Date=20260804T052208Z&X-Amz-Expires=900&X-Amz-Signature=d28f1549411461712fe71b3af732751fc43b675a72125b9517ca0f4a6fc9b6a7&X-Amz-SignedHeaders=host&x-amz-checksum-crc32=AAAAAA%3D%3D&x-amz-sdk-checksum-algorithm=CRC32&x-amz-storage-class=INTELLIGENT_TIERING&x-id=PutObject "HTTP/1.1 200 OK"
heatmap_layers_colnorm_noising.png: 100%|██████████| 79.5k/79.5k [00:00<00:00, 525kB/s]
2026-08-04 05:22:13,454 - INFO - HTTP Request: POST https://huggingface.co/datasets/unrulyabstractions/temporal-awareness.git/info/lfs/objects/verify "HTTP/1.1 200 OK"




Upload 120 LFS files:  63%|██████▎   | 76/120 [00:04<00:02, 17.71it/s][A[A[A[A
heatmap_layers_noising.png:   0%|          | 0.00/97.8k [00:00<?, ?B/s][A2026-08-04 05:22:13,487 - INFO - HTTP Request: PUT https://hf-hub-lfs-us-east-1.s3-accelerate.amazonaws.com/repos/ef/87/ef870e8dc8265ff802cde7e48a97a6727cc657365929f58754efc9d0b87852b3/b03e1191f31306a03ae18ae5a75fc3e82d8662818edaf44b08daaa37512c15b0?X-Amz-Algorithm=AWS4-HMAC-SHA256&X-Amz-Content-Sha256=UNSIGNED-PAYLOAD&X-Amz-Credential=AKIA2JU7TKAQOYY2AAUF%2F20260804%2Fus-east-1%2Fs3%2Faws4_request&X-Amz-Date=20260804T052208Z&X-Amz-Expires=900&X-Amz-Signature=24235c62498588ceb30ee83d52496891788d1524900bcf8580b168fad1bcf74e&X-Amz-SignedHeaders=host&x-amz-checksum-crc32=AAAAAA%3D%3D&x-amz-sdk-checksum-algorithm=CRC32&x-amz-storage-class=INTELLIGENT_TIERING&x-id=PutObject "HTTP/1.1 200 OK"
heatmap_layers_colnorm_denoising.png: 100%|██████████| 79.8k/79.8k [00:00<00:00, 366kB/s]
2026-08-04 05:22:13,499 - INFO - HTTP Request: POST https://huggingface.co/datasets/unrulyabstractions/temporal-awareness.git/info/lfs/objects/verify "HTTP/1.1 200 OK"


attn_vs_mlp_layer.png:   0%|          | 0.00/176k [00:00<?, ?B/s][A[A2026-08-04 05:22:13,520 - INFO - HTTP Request: POST https://huggingface.co/datasets/unrulyabstractions/temporal-awareness.git/info/lfs/objects/verify "HTTP/1.1 200 OK"



attn_vs_mlp_paired.png:   0%|          | 0.00/132k [00:00<?, ?B/s][A[A[A2026-08-04 05:22:13,559 - INFO - HTTP Request: PUT https://hf-hub-lfs-us-east-1.s3-accelerate.amazonaws.com/repos/ef/87/ef870e8dc8265ff802cde7e48a97a6727cc657365929f58754efc9d0b87852b3/ef99474e7ba865a462adc19401094367793b4665ef5300d2e948ed2ca5196456?X-Amz-Algorithm=AWS4-HMAC-SHA256&X-Amz-Content-Sha256=UNSIGNED-PAYLOAD&X-Amz-Credential=AKIA2JU7TKAQOYY2AAUF%2F20260804%2Fus-east-1%2Fs3%2Faws4_request&X-Amz-Date=20260804T052208Z&X-Amz-Expires=900&X-Amz-Signature=aa68986fd625030bd66fa1d6902f2a2448b4c773ee7bbc2c58c0694fcdd9f5d5&X-Amz-SignedHeaders=host&x-amz-checksum-crc32=AAAAAA%3D%3D&x-amz-sdk-checksum-algorithm=CRC32&x-amz-storage-class=INTELLIGENT_TIERING&x-id=PutObject "HTTP/1.1 200 OK"
heatmap_layers_noising.png: 100%|██████████| 97.8k/97.8k [00:00<00:00, 936kB/s]
2026-08-04 05:22:13,584 - INFO - HTTP Request: POST https://huggingface.co/datasets/unrulyabstractions/temporal-awareness.git/info/lfs/objects/verify "HTTP/1.1 200 OK"




Upload 120 LFS files:  66%|██████▌   | 79/120 [00:04<00:02, 18.97it/s][A[A[A[A
component_importance_ranked.png:   0%|          | 0.00/122k [00:00<?, ?B/s][A2026-08-04 05:22:13,603 - INFO - HTTP Request: PUT https://hf-hub-lfs-us-east-1.s3-accelerate.amazonaws.com/repos/ef/87/ef870e8dc8265ff802cde7e48a97a6727cc657365929f58754efc9d0b87852b3/1f5948abf62482f012f108eee64a3f250148015c3b05d1823b47601479071499?X-Amz-Algorithm=AWS4-HMAC-SHA256&X-Amz-Content-Sha256=UNSIGNED-PAYLOAD&X-Amz-Credential=AKIA2JU7TKAQOYY2AAUF%2F20260804%2Fus-east-1%2Fs3%2Faws4_request&X-Amz-Date=20260804T052208Z&X-Amz-Expires=900&X-Amz-Signature=2dd780e350462b465a6c01d49605fa484110959912bf215a2e955205a9f2bf32&X-Amz-SignedHeaders=host&x-amz-checksum-crc32=AAAAAA%3D%3D&x-amz-sdk-checksum-algorithm=CRC32&x-amz-storage-class=INTELLIGENT_TIERING&x-id=PutObject "HTTP/1.1 200 OK"
heatmap_layers_denoising.png: 100%|██████████| 100k/100k [00:00<00:00, 491kB/s]
2026-08-04 05:22:13,633 - INFO - HTTP Request: POST https://huggingface.co/datasets/unrulyabstractions/temporal-awareness.git/info/lfs/objects/verify "HTTP/1.1 200 OK"
cumulative_recovery.png:   0%|          | 0.00/108k [00:00<?, ?B/s]2026-08-04 05:22:13,656 - INFO - HTTP Request: PUT https://hf-hub-lfs-us-east-1.s3-accelerate.amazonaws.com/repos/ef/87/ef870e8dc8265ff802cde7e48a97a6727cc657365929f58754efc9d0b87852b3/92f31f0447b32af82bd49174d006349dd0709f1f949050600d874b9f07a4b333?X-Amz-Algorithm=AWS4-HMAC-SHA256&X-Amz-Content-Sha256=UNSIGNED-PAYLOAD&X-Amz-Credential=AKIA2JU7TKAQOYY2AAUF%2F20260804%2Fus-east-1%2Fs3%2Faws4_request&X-Amz-Date=20260804T052208Z&X-Amz-Expires=900&X-Amz-Signature=c94ae89d9c11771c997514c30c6264f8c713b7f9c8f677b589f395458ed28856&X-Amz-SignedHeaders=host&x-amz-checksum-crc32=AAAAAA%3D%3D&x-amz-sdk-checksum-algorithm=CRC32&x-amz-storage-class=INTELLIGENT_TIERING&x-id=PutObject "HTTP/1.1 200 OK"
attn_vs_mlp_layer.png: 100%|██████████| 176k/176k [00:00<00:00, 1.12MB/s]
2026-08-04 05:22:13,711 - INFO - HTTP Request: PUT https://hf-hub-lfs-us-east-1.s3-accelerate.amazonaws.com/repos/ef/87/ef870e8dc8265ff802cde7e48a97a6727cc657365929f58754efc9d0b87852b3/c5d5fb2a317e7e7a9e4b4535bfad25f966a9643064e7c25f9c2fe885dcdf0a17?X-Amz-Algorithm=AWS4-HMAC-SHA256&X-Amz-Content-Sha256=UNSIGNED-PAYLOAD&X-Amz-Credential=AKIA2JU7TKAQOYY2AAUF%2F20260804%2Fus-east-1%2Fs3%2Faws4_request&X-Amz-Date=20260804T052208Z&X-Amz-Expires=900&X-Amz-Signature=618d28b1a855500cd41ff17d97ab44da94b41638cdb7dc04c3d4d2b6d5348b52&X-Amz-SignedHeaders=host&x-amz-checksum-crc32=AAAAAA%3D%3D&x-amz-sdk-checksum-algorithm=CRC32&x-amz-storage-class=INTELLIGENT_TIERING&x-id=PutObject "HTTP/1.1 200 OK"
attn_vs_mlp_paired.png: 100%|██████████| 132k/132k [00:00<00:00, 691kB/s]
2026-08-04 05:22:13,721 - INFO - HTTP Request: PUT https://hf-hub-lfs-us-east-1.s3-accelerate.amazonaws.com/repos/ef/87/ef870e8dc8265ff802cde7e48a97a6727cc657365929f58754efc9d0b87852b3/67aa8c2790c12233794378a4ecbec77b864d23af159c18a31956a92c37d29d6a?X-Amz-Algorithm=AWS4-HMAC-SHA256&X-Amz-Content-Sha256=UNSIGNED-PAYLOAD&X-Amz-Credential=AKIA2JU7TKAQOYY2AAUF%2F20260804%2Fus-east-1%2Fs3%2Faws4_request&X-Amz-Date=20260804T052208Z&X-Amz-Expires=900&X-Amz-Signature=308017da01c7d3f2d696569bc3b632543fbac8043fe066a9bf34de977ed542ee&X-Amz-SignedHeaders=host&x-amz-checksum-crc32=AAAAAA%3D%3D&x-amz-sdk-checksum-algorithm=CRC32&x-amz-storage-class=INTELLIGENT_TIERING&x-id=PutObject "HTTP/1.1 200 OK"
component_importance_ranked.png: 100%|██████████| 122k/122k [00:00<00:00, 896kB/s]
2026-08-04 05:22:13,734 - INFO - HTTP Request: POST https://huggingface.co/datasets/unrulyabstractions/temporal-awareness.git/info/lfs/objects/verify "HTTP/1.1 200 OK"

layer_component_interaction.png:   0%|          | 0.00/306k [00:00<?, ?B/s][A2026-08-04 05:22:13,743 - INFO - HTTP Request: POST https://huggingface.co/datasets/unrulyabstractions/temporal-awareness.git/info/lfs/objects/verify "HTTP/1.1 200 OK"




Upload 120 LFS files:  68%|██████▊   | 81/120 [00:05<00:02, 17.09it/s][A[A[A[A

difference_heatmap_layer.png:   0%|          | 0.00/97.3k [00:00<?, ?B/s][A[A2026-08-04 05:22:13,777 - INFO - HTTP Request: PUT https://hf-hub-lfs-us-east-1.s3-accelerate.amazonaws.com/repos/ef/87/ef870e8dc8265ff802cde7e48a97a6727cc657365929f58754efc9d0b87852b3/499f4d148964fce4cc010c930485abbcc55eece189401e74a1ae8b079cc7c734?X-Amz-Algorithm=AWS4-HMAC-SHA256&X-Amz-Content-Sha256=UNSIGNED-PAYLOAD&X-Amz-Credential=AKIA2JU7TKAQOYY2AAUF%2F20260804%2Fus-east-1%2Fs3%2Faws4_request&X-Amz-Date=20260804T052208Z&X-Amz-Expires=900&X-Amz-Signature=96be7ae0374ed8edb6f2f43978e0ebad17dd547a63f461d2a5b9e6f2a5ce4931&X-Amz-SignedHeaders=host&x-amz-checksum-crc32=AAAAAA%3D%3D&x-amz-sdk-checksum-algorithm=CRC32&x-amz-storage-class=INTELLIGENT_TIERING&x-id=PutObject "HTTP/1.1 200 OK"
cumulative_recovery.png: 100%|██████████| 108k/108k [00:00<00:00, 751kB/s]
2026-08-04 05:22:13,822 - INFO - HTTP Request: POST https://huggingface.co/datasets/unrulyabstractions/temporal-awareness.git/info/lfs/objects/verify "HTTP/1.1 200 OK"
noise_vs_denoise_per_component_layer.png:   0%|          | 0.00/202k [00:00<?, ?B/s]2026-08-04 05:22:13,836 - INFO - HTTP Request: POST https://huggingface.co/datasets/unrulyabstractions/temporal-awareness.git/info/lfs/objects/verify "HTTP/1.1 200 OK"



redundancy_gap.png:   0%|          | 0.00/97.3k [00:00<?, ?B/s][A[A[A2026-08-04 05:22:13,847 - INFO - HTTP Request: PUT https://hf-hub-lfs-us-east-1.s3-accelerate.amazonaws.com/repos/ef/87/ef870e8dc8265ff802cde7e48a97a6727cc657365929f58754efc9d0b87852b3/9d352d89034311a9cab14caf4487b1b9a86d559b032eb43d08abe26e40085d04?X-Amz-Algorithm=AWS4-HMAC-SHA256&X-Amz-Content-Sha256=UNSIGNED-PAYLOAD&X-Amz-Credential=AKIA2JU7TKAQOYY2AAUF%2F20260804%2Fus-east-1%2Fs3%2Faws4_request&X-Amz-Date=20260804T052208Z&X-Amz-Expires=900&X-Amz-Signature=a71e6aca73062f5bea2d15d548455ca7fc8f8929dfd74fdd4b8b6d564a5a3e9c&X-Amz-SignedHeaders=host&x-amz-checksum-crc32=AAAAAA%3D%3D&x-amz-sdk-checksum-algorithm=CRC32&x-amz-storage-class=INTELLIGENT_TIERING&x-id=PutObject "HTTP/1.1 200 OK"
difference_heatmap_layer.png: 100%|██████████| 97.3k/97.3k [00:00<00:00, 946kB/s]
2026-08-04 05:22:13,878 - INFO - HTTP Request: POST https://huggingface.co/datasets/unrulyabstractions/temporal-awareness.git/info/lfs/objects/verify "HTTP/1.1 200 OK"




Upload 120 LFS files:  72%|███████▏  | 86/120 [00:05<00:01, 22.35it/s][A[A[A[A

redundancy_gap_sorted.png:   0%|          | 0.00/80.2k [00:00<?, ?B/s][A[A2026-08-04 05:22:13,913 - INFO - HTTP Request: PUT https://hf-hub-lfs-us-east-1.s3-accelerate.amazonaws.com/repos/ef/87/ef870e8dc8265ff802cde7e48a97a6727cc657365929f58754efc9d0b87852b3/76e0357fdcb9be745682150bb7da8d08ca0fa7b8d0147812c616219983aab3d0?X-Amz-Algorithm=AWS4-HMAC-SHA256&X-Amz-Content-Sha256=UNSIGNED-PAYLOAD&X-Amz-Credential=AKIA2JU7TKAQOYY2AAUF%2F20260804%2Fus-east-1%2Fs3%2Faws4_request&X-Amz-Date=20260804T052208Z&X-Amz-Expires=900&X-Amz-Signature=5dfaadb6b1031b452564591f8eb5f873bcf42e7e84c8e51e5f1040e688be4561&X-Amz-SignedHeaders=host&x-amz-checksum-crc32=AAAAAA%3D%3D&x-amz-sdk-checksum-algorithm=CRC32&x-amz-storage-class=INTELLIGENT_TIERING&x-id=PutObject "HTTP/1.1 200 OK"
layer_component_interaction.png: 100%|██████████| 306k/306k [00:00<00:00, 1.71MB/s]
2026-08-04 05:22:13,957 - INFO - HTTP Request: PUT https://hf-hub-lfs-us-east-1.s3-accelerate.amazonaws.com/repos/ef/87/ef870e8dc8265ff802cde7e48a97a6727cc657365929f58754efc9d0b87852b3/9e9bafb58636c5f68489823f34798bf0548a42cfb36ccd9c6ec8f1eff48a2eb6?X-Amz-Algorithm=AWS4-HMAC-SHA256&X-Amz-Content-Sha256=UNSIGNED-PAYLOAD&X-Amz-Credential=AKIA2JU7TKAQOYY2AAUF%2F20260804%2Fus-east-1%2Fs3%2Faws4_request&X-Amz-Date=20260804T052208Z&X-Amz-Expires=900&X-Amz-Signature=74272e019d61fd422eae3d45b60c3b355856527503d8a7524d4d462d6b443bbe&X-Amz-SignedHeaders=host&x-amz-checksum-crc32=AAAAAA%3D%3D&x-amz-sdk-checksum-algorithm=CRC32&x-amz-storage-class=INTELLIGENT_TIERING&x-id=PutObject "HTTP/1.1 200 OK"
redundancy_gap.png: 100%|██████████| 97.3k/97.3k [00:00<00:00, 806kB/s]
2026-08-04 05:22:13,962 - INFO - HTTP Request: POST https://huggingface.co/datasets/unrulyabstractions/temporal-awareness.git/info/lfs/objects/verify "HTTP/1.1 200 OK"

information_flow_diagram.png:   0%|          | 0.00/149k [00:00<?, ?B/s][A2026-08-04 05:22:13,988 - INFO - HTTP Request: PUT https://hf-hub-lfs-us-east-1.s3-accelerate.amazonaws.com/repos/ef/87/ef870e8dc8265ff802cde7e48a97a6727cc657365929f58754efc9d0b87852b3/392f5b9db67961cd62a25e7caa4afb0b2001a582a8cb5fba23a00e00233e345d?X-Amz-Algorithm=AWS4-HMAC-SHA256&X-Amz-Content-Sha256=UNSIGNED-PAYLOAD&X-Amz-Credential=AKIA2JU7TKAQOYY2AAUF%2F20260804%2Fus-east-1%2Fs3%2Faws4_request&X-Amz-Date=20260804T052208Z&X-Amz-Expires=900&X-Amz-Signature=f237006d3f233fbf63cb7252659813d3c15b140af11dbe9ce17bebbef434c5da&X-Amz-SignedHeaders=host&x-amz-checksum-crc32=AAAAAA%3D%3D&x-amz-sdk-checksum-algorithm=CRC32&x-amz-storage-class=INTELLIGENT_TIERING&x-id=PutObject "HTTP/1.1 200 OK"
redundancy_gap_sorted.png: 100%|██████████| 80.2k/80.2k [00:00<00:00, 732kB/s]
2026-08-04 05:22:14,015 - INFO - HTTP Request: POST https://huggingface.co/datasets/unrulyabstractions/temporal-awareness.git/info/lfs/objects/verify "HTTP/1.1 200 OK"


combined.png:   0%|          | 0.00/53.0k [00:00<?, ?B/s][A[A2026-08-04 05:22:14,016 - INFO - HTTP Request: PUT https://hf-hub-lfs-us-east-1.s3-accelerate.amazonaws.com/repos/ef/87/ef870e8dc8265ff802cde7e48a97a6727cc657365929f58754efc9d0b87852b3/8795c4de42d534552f73e1a2860f5ccb8e59bbf1bbc6da38cf1eae3d509dce92?X-Amz-Algorithm=AWS4-HMAC-SHA256&X-Amz-Content-Sha256=UNSIGNED-PAYLOAD&X-Amz-Credential=AKIA2JU7TKAQOYY2AAUF%2F20260804%2Fus-east-1%2Fs3%2Faws4_request&X-Amz-Date=20260804T052208Z&X-Amz-Expires=900&X-Amz-Signature=48c5ba5adc556473169081a4ab7851bbeb9b600cd51b1cfb477c5385ac46956d&X-Amz-SignedHeaders=host&x-amz-checksum-crc32=AAAAAA%3D%3D&x-amz-sdk-checksum-algorithm=CRC32&x-amz-storage-class=INTELLIGENT_TIERING&x-id=PutObject "HTTP/1.1 200 OK"
noise_vs_denoise_per_component_layer.png: 100%|██████████| 202k/202k [00:00<00:00, 1.04MB/s]
2026-08-04 05:22:14,035 - INFO - HTTP Request: POST https://huggingface.co/datasets/unrulyabstractions/temporal-awareness.git/info/lfs/objects/verify "HTTP/1.1 200 OK"
core.png:   0%|          | 0.00/229k [00:00<?, ?B/s]2026-08-04 05:22:14,062 - INFO - HTTP Request: POST https://huggingface.co/datasets/unrulyabstractions/temporal-awareness.git/info/lfs/objects/verify "HTTP/1.1 200 OK"



fork.png:   0%|          | 0.00/256k [00:00<?, ?B/s][A[A[A2026-08-04 05:22:14,109 - INFO - HTTP Request: PUT https://hf-hub-lfs-us-east-1.s3-accelerate.amazonaws.com/repos/ef/87/ef870e8dc8265ff802cde7e48a97a6727cc657365929f58754efc9d0b87852b3/7a0b5c1a83c6e41d958da14aa410fcecd92fc68f121482cec835c539371a3a4c?X-Amz-Algorithm=AWS4-HMAC-SHA256&X-Amz-Content-Sha256=UNSIGNED-PAYLOAD&X-Amz-Credential=AKIA2JU7TKAQOYY2AAUF%2F20260804%2Fus-east-1%2Fs3%2Faws4_request&X-Amz-Date=20260804T052208Z&X-Amz-Expires=900&X-Amz-Signature=fb69d4b4e7fabb38c934e16e50b395c88512169d51ea441457fb4dc2e57af384&X-Amz-SignedHeaders=host&x-amz-checksum-crc32=AAAAAA%3D%3D&x-amz-sdk-checksum-algorithm=CRC32&x-amz-storage-class=INTELLIGENT_TIERING&x-id=PutObject "HTTP/1.1 200 OK"
information_flow_diagram.png: 100%|██████████| 149k/149k [00:00<00:00, 1.02MB/s]
2026-08-04 05:22:14,120 - INFO - HTTP Request: POST https://huggingface.co/datasets/unrulyabstractions/temporal-awareness.git/info/lfs/objects/verify "HTTP/1.1 200 OK"




Upload 120 LFS files:  74%|███████▍  | 89/120 [00:05<00:01, 18.33it/s][A[A[A[A
logits.png:   0%|          | 0.00/360k [00:00<?, ?B/s][A2026-08-04 05:22:14,160 - INFO - HTTP Request: PUT https://hf-hub-lfs-us-east-1.s3-accelerate.amazonaws.com/repos/ef/87/ef870e8dc8265ff802cde7e48a97a6727cc657365929f58754efc9d0b87852b3/e3c00f5ac55764cdca1aedcbe35925859467d9b243f15096c718d1e282fe1975?X-Amz-Algorithm=AWS4-HMAC-SHA256&X-Amz-Content-Sha256=UNSIGNED-PAYLOAD&X-Amz-Credential=AKIA2JU7TKAQOYY2AAUF%2F20260804%2Fus-east-1%2Fs3%2Faws4_request&X-Amz-Date=20260804T052208Z&X-Amz-Expires=900&X-Amz-Signature=20d327443d9c196aebf9814783447156479a7389e6403f34218f5f16f65d01f7&X-Amz-SignedHeaders=host&x-amz-checksum-crc32=AAAAAA%3D%3D&x-amz-sdk-checksum-algorithm=CRC32&x-amz-storage-class=INTELLIGENT_TIERING&x-id=PutObject "HTTP/1.1 200 OK"
combined.png: 100%|██████████| 53.0k/53.0k [00:00<00:00, 365kB/s]
2026-08-04 05:22:14,163 - INFO - HTTP Request: POST https://huggingface.co/datasets/unrulyabstractions/temporal-awareness.git/info/lfs/objects/verify "HTTP/1.1 200 OK"


probs.png:   0%|          | 0.00/311k [00:00<?, ?B/s][A[A2026-08-04 05:22:14,229 - INFO - HTTP Request: PUT https://hf-hub-lfs-us-east-1.s3-accelerate.amazonaws.com/repos/ef/87/ef870e8dc8265ff802cde7e48a97a6727cc657365929f58754efc9d0b87852b3/6ca677ffaa068b8656207c7065c1a6c7796711e851ab191414aaae3db1898cb1?X-Amz-Algorithm=AWS4-HMAC-SHA256&X-Amz-Content-Sha256=UNSIGNED-PAYLOAD&X-Amz-Credential=AKIA2JU7TKAQOYY2AAUF%2F20260804%2Fus-east-1%2Fs3%2Faws4_request&X-Amz-Date=20260804T052208Z&X-Amz-Expires=900&X-Amz-Signature=dcfa53b32ffa7b9cc3e4482053d82adddd67d85401cce7afc0abdd77d093bc59&X-Amz-SignedHeaders=host&x-amz-checksum-crc32=AAAAAA%3D%3D&x-amz-sdk-checksum-algorithm=CRC32&x-amz-storage-class=INTELLIGENT_TIERING&x-id=PutObject "HTTP/1.1 200 OK"
core.png: 100%|██████████| 229k/229k [00:00<00:00, 1.18MB/s]
2026-08-04 05:22:14,247 - INFO - HTTP Request: PUT https://hf-hub-lfs-us-east-1.s3-accelerate.amazonaws.com/repos/ef/87/ef870e8dc8265ff802cde7e48a97a6727cc657365929f58754efc9d0b87852b3/09e2b76d93f2109228e2769ed46cab8339d125f5a844be295108555aaf300894?X-Amz-Algorithm=AWS4-HMAC-SHA256&X-Amz-Content-Sha256=UNSIGNED-PAYLOAD&X-Amz-Credential=AKIA2JU7TKAQOYY2AAUF%2F20260804%2Fus-east-1%2Fs3%2Faws4_request&X-Amz-Date=20260804T052208Z&X-Amz-Expires=900&X-Amz-Signature=ba41b80c77bc1e77652148200ee4436b08260081681070f7d18fd5568f62e655&X-Amz-SignedHeaders=host&x-amz-checksum-crc32=AAAAAA%3D%3D&x-amz-sdk-checksum-algorithm=CRC32&x-amz-storage-class=INTELLIGENT_TIERING&x-id=PutObject "HTTP/1.1 200 OK"
logits.png: 100%|██████████| 360k/360k [00:00<00:00, 2.86MB/s]
2026-08-04 05:22:14,270 - INFO - HTTP Request: PUT https://hf-hub-lfs-us-east-1.s3-accelerate.amazonaws.com/repos/ef/87/ef870e8dc8265ff802cde7e48a97a6727cc657365929f58754efc9d0b87852b3/a138c8eea6c4255645d09fde3f500133cac3d4e37169fde2fdf69e38f9de2e5e?X-Amz-Algorithm=AWS4-HMAC-SHA256&X-Amz-Content-Sha256=UNSIGNED-PAYLOAD&X-Amz-Credential=AKIA2JU7TKAQOYY2AAUF%2F20260804%2Fus-east-1%2Fs3%2Faws4_request&X-Amz-Date=20260804T052208Z&X-Amz-Expires=900&X-Amz-Signature=51fbfa6e271909ef32bf3c2f4861e7847cfdb804710886b853cbe86a2835a322&X-Amz-SignedHeaders=host&x-amz-checksum-crc32=AAAAAA%3D%3D&x-amz-sdk-checksum-algorithm=CRC32&x-amz-storage-class=INTELLIGENT_TIERING&x-id=PutObject "HTTP/1.1 200 OK"
fork.png: 100%|██████████| 256k/256k [00:00<00:00, 1.23MB/s]
2026-08-04 05:22:14,296 - INFO - HTTP Request: POST https://huggingface.co/datasets/unrulyabstractions/temporal-awareness.git/info/lfs/objects/verify "HTTP/1.1 200 OK"




Upload 120 LFS files:  78%|███████▊  | 93/120 [00:05<00:01, 19.64it/s][A[A[A[Atrajectory.png:   0%|          | 0.00/267k [00:00<?, ?B/s]2026-08-04 05:22:14,325 - INFO - HTTP Request: POST https://huggingface.co/datasets/unrulyabstractions/temporal-awareness.git/info/lfs/objects/verify "HTTP/1.1 200 OK"

vocab.png:   0%|          | 0.00/261k [00:00<?, ?B/s][A2026-08-04 05:22:14,330 - INFO - HTTP Request: POST https://huggingface.co/datasets/unrulyabstractions/temporal-awareness.git/info/lfs/objects/verify "HTTP/1.1 200 OK"



combined.png:   0%|          | 0.00/52.8k [00:00<?, ?B/s][A[A[A2026-08-04 05:22:14,339 - INFO - HTTP Request: PUT https://hf-hub-lfs-us-east-1.s3-accelerate.amazonaws.com/repos/ef/87/ef870e8dc8265ff802cde7e48a97a6727cc657365929f58754efc9d0b87852b3/917377ab1494a0fdf389327f14d86bb6e234a118c101cd3f94e15c52d9053d66?X-Amz-Algorithm=AWS4-HMAC-SHA256&X-Amz-Content-Sha256=UNSIGNED-PAYLOAD&X-Amz-Credential=AKIA2JU7TKAQOYY2AAUF%2F20260804%2Fus-east-1%2Fs3%2Faws4_request&X-Amz-Date=20260804T052208Z&X-Amz-Expires=900&X-Amz-Signature=7c1cc890d8999c1cabcc056f229b525b5a2bd15808c68c0ccb64974351afe1b3&X-Amz-SignedHeaders=host&x-amz-checksum-crc32=AAAAAA%3D%3D&x-amz-sdk-checksum-algorithm=CRC32&x-amz-storage-class=INTELLIGENT_TIERING&x-id=PutObject "HTTP/1.1 200 OK"
probs.png: 100%|██████████| 311k/311k [00:00<00:00, 1.77MB/s]
2026-08-04 05:22:14,404 - INFO - HTTP Request: POST https://huggingface.co/datasets/unrulyabstractions/temporal-awareness.git/info/lfs/objects/verify "HTTP/1.1 200 OK"




Upload 120 LFS files:  80%|████████  | 96/120 [00:05<00:01, 21.30it/s][A[A[A[A

core.png:   0%|          | 0.00/241k [00:00<?, ?B/s][A[A2026-08-04 05:22:14,438 - INFO - HTTP Request: PUT https://hf-hub-lfs-us-east-1.s3-accelerate.amazonaws.com/repos/ef/87/ef870e8dc8265ff802cde7e48a97a6727cc657365929f58754efc9d0b87852b3/4c1b1c456166a4aa7c1cda3d6d7f4b47468ef8aee71dcb2dee63f023b4b7898b?X-Amz-Algorithm=AWS4-HMAC-SHA256&X-Amz-Content-Sha256=UNSIGNED-PAYLOAD&X-Amz-Credential=AKIA2JU7TKAQOYY2AAUF%2F20260804%2Fus-east-1%2Fs3%2Faws4_request&X-Amz-Date=20260804T052208Z&X-Amz-Expires=900&X-Amz-Signature=2a5f9a51ecb15178423366b3f9902cc554032e84c5d9abd1fca7df328c1387c8&X-Amz-SignedHeaders=host&x-amz-checksum-crc32=AAAAAA%3D%3D&x-amz-sdk-checksum-algorithm=CRC32&x-amz-storage-class=INTELLIGENT_TIERING&x-id=PutObject "HTTP/1.1 200 OK"
trajectory.png: 100%|██████████| 267k/267k [00:00<00:00, 1.88MB/s]
2026-08-04 05:22:14,450 - INFO - HTTP Request: PUT https://hf-hub-lfs-us-east-1.s3-accelerate.amazonaws.com/repos/ef/87/ef870e8dc8265ff802cde7e48a97a6727cc657365929f58754efc9d0b87852b3/f062a9b84d93f580ce24a59afd9c6b74130026c88eeff537d4362d0342d5d143?X-Amz-Algorithm=AWS4-HMAC-SHA256&X-Amz-Content-Sha256=UNSIGNED-PAYLOAD&X-Amz-Credential=AKIA2JU7TKAQOYY2AAUF%2F20260804%2Fus-east-1%2Fs3%2Faws4_request&X-Amz-Date=20260804T052208Z&X-Amz-Expires=900&X-Amz-Signature=14c4ee736075c2c53c741d5fe1f5266243409153e49d466f65173dec02db3916&X-Amz-SignedHeaders=host&x-amz-checksum-crc32=AAAAAA%3D%3D&x-amz-sdk-checksum-algorithm=CRC32&x-amz-storage-class=INTELLIGENT_TIERING&x-id=PutObject "HTTP/1.1 200 OK"
combined.png: 100%|██████████| 52.8k/52.8k [00:00<00:00, 440kB/s]
2026-08-04 05:22:14,473 - INFO - HTTP Request: POST https://huggingface.co/datasets/unrulyabstractions/temporal-awareness.git/info/lfs/objects/verify "HTTP/1.1 200 OK"
fork.png:   0%|          | 0.00/178k [00:00<?, ?B/s]2026-08-04 05:22:14,509 - INFO - HTTP Request: PUT https://hf-hub-lfs-us-east-1.s3-accelerate.amazonaws.com/repos/ef/87/ef870e8dc8265ff802cde7e48a97a6727cc657365929f58754efc9d0b87852b3/a6edeab59b24c536ec938362ae872d292d7c0ebb2fc098549c940bb8a82bfb23?X-Amz-Algorithm=AWS4-HMAC-SHA256&X-Amz-Content-Sha256=UNSIGNED-PAYLOAD&X-Amz-Credential=AKIA2JU7TKAQOYY2AAUF%2F20260804%2Fus-east-1%2Fs3%2Faws4_request&X-Amz-Date=20260804T052208Z&X-Amz-Expires=900&X-Amz-Signature=9bab36445084690d7fd5d9a30cf23aa5ca3b753eadfd56ec22f038cb928dc7ce&X-Amz-SignedHeaders=host&x-amz-checksum-crc32=AAAAAA%3D%3D&x-amz-sdk-checksum-algorithm=CRC32&x-amz-storage-class=INTELLIGENT_TIERING&x-id=PutObject "HTTP/1.1 200 OK"
2026-08-04 05:22:14,510 - INFO - HTTP Request: POST https://huggingface.co/datasets/unrulyabstractions/temporal-awareness.git/info/lfs/objects/verify "HTTP/1.1 200 OK"
vocab.png: 100%|██████████| 261k/261k [00:00<00:00, 1.41MB/s]

logits.png:   0%|          | 0.00/378k [00:00<?, ?B/s][A2026-08-04 05:22:14,552 - INFO - HTTP Request: POST https://huggingface.co/datasets/unrulyabstractions/temporal-awareness.git/info/lfs/objects/verify "HTTP/1.1 200 OK"



probs.png:   0%|          | 0.00/235k [00:00<?, ?B/s][A[A[A2026-08-04 05:22:14,593 - INFO - HTTP Request: PUT https://hf-hub-lfs-us-east-1.s3-accelerate.amazonaws.com/repos/ef/87/ef870e8dc8265ff802cde7e48a97a6727cc657365929f58754efc9d0b87852b3/f8f267dbf9e8117945a02ae88230d88cedc3a594c24d273ba3ca12bfa4ce259f?X-Amz-Algorithm=AWS4-HMAC-SHA256&X-Amz-Content-Sha256=UNSIGNED-PAYLOAD&X-Amz-Credential=AKIA2JU7TKAQOYY2AAUF%2F20260804%2Fus-east-1%2Fs3%2Faws4_request&X-Amz-Date=20260804T052208Z&X-Amz-Expires=900&X-Amz-Signature=c453c1eaf54ddbaafc73492df06cced2db05f0cefd1c5512935dd9d7551109c7&X-Amz-SignedHeaders=host&x-amz-checksum-crc32=AAAAAA%3D%3D&x-amz-sdk-checksum-algorithm=CRC32&x-amz-storage-class=INTELLIGENT_TIERING&x-id=PutObject "HTTP/1.1 200 OK"
core.png: 100%|██████████| 241k/241k [00:00<00:00, 1.28MB/s]
2026-08-04 05:22:14,627 - INFO - HTTP Request: PUT https://hf-hub-lfs-us-east-1.s3-accelerate.amazonaws.com/repos/ef/87/ef870e8dc8265ff802cde7e48a97a6727cc657365929f58754efc9d0b87852b3/bb3414b24063a099fb0d1570f0b0db18709058fd9ad23ce7bf37b5275ab9cf17?X-Amz-Algorithm=AWS4-HMAC-SHA256&X-Amz-Content-Sha256=UNSIGNED-PAYLOAD&X-Amz-Credential=AKIA2JU7TKAQOYY2AAUF%2F20260804%2Fus-east-1%2Fs3%2Faws4_request&X-Amz-Date=20260804T052208Z&X-Amz-Expires=900&X-Amz-Signature=8314368496c09d35a03634b6c2898b8b016cebc47f9de5760aeb6e757a6e4f90&X-Amz-SignedHeaders=host&x-amz-checksum-crc32=AAAAAA%3D%3D&x-amz-sdk-checksum-algorithm=CRC32&x-amz-storage-class=INTELLIGENT_TIERING&x-id=PutObject "HTTP/1.1 200 OK"
logits.png: 100%|██████████| 378k/378k [00:00<00:00, 3.29MB/s]
2026-08-04 05:22:14,632 - INFO - HTTP Request: PUT https://hf-hub-lfs-us-east-1.s3-accelerate.amazonaws.com/repos/ef/87/ef870e8dc8265ff802cde7e48a97a6727cc657365929f58754efc9d0b87852b3/6a88b56fe85eef629ca2dded9bbc1310cc4d97ef4b52551dd8f31c8ca5d72268?X-Amz-Algorithm=AWS4-HMAC-SHA256&X-Amz-Content-Sha256=UNSIGNED-PAYLOAD&X-Amz-Credential=AKIA2JU7TKAQOYY2AAUF%2F20260804%2Fus-east-1%2Fs3%2Faws4_request&X-Amz-Date=20260804T052208Z&X-Amz-Expires=900&X-Amz-Signature=910e0ad0c260a8e452c1ac267cccb37e0f725df6b56ab675f6b863160f55a441&X-Amz-SignedHeaders=host&x-amz-checksum-crc32=AAAAAA%3D%3D&x-amz-sdk-checksum-algorithm=CRC32&x-amz-storage-class=INTELLIGENT_TIERING&x-id=PutObject "HTTP/1.1 200 OK"
fork.png: 100%|██████████| 178k/178k [00:00<00:00, 1.13MB/s]
2026-08-04 05:22:14,669 - INFO - HTTP Request: POST https://huggingface.co/datasets/unrulyabstractions/temporal-awareness.git/info/lfs/objects/verify "HTTP/1.1 200 OK"
trajectory.png:   0%|          | 0.00/254k [00:00<?, ?B/s]2026-08-04 05:22:14,709 - INFO - HTTP Request: POST https://huggingface.co/datasets/unrulyabstractions/temporal-awareness.git/info/lfs/objects/verify "HTTP/1.1 200 OK"

vocab.png:   0%|          | 0.00/174k [00:00<?, ?B/s][A2026-08-04 05:22:14,714 - INFO - HTTP Request: PUT https://hf-hub-lfs-us-east-1.s3-accelerate.amazonaws.com/repos/ef/87/ef870e8dc8265ff802cde7e48a97a6727cc657365929f58754efc9d0b87852b3/18ceb2e96774ec4f72ab06bcc6b19353dc67f501847f11812005a0de284742c3?X-Amz-Algorithm=AWS4-HMAC-SHA256&X-Amz-Content-Sha256=UNSIGNED-PAYLOAD&X-Amz-Credential=AKIA2JU7TKAQOYY2AAUF%2F20260804%2Fus-east-1%2Fs3%2Faws4_request&X-Amz-Date=20260804T052208Z&X-Amz-Expires=900&X-Amz-Signature=58cd40e713db4c21f820077aa11f5f091e76856193d0a50a0801de2e51ca0f52&X-Amz-SignedHeaders=host&x-amz-checksum-crc32=AAAAAA%3D%3D&x-amz-sdk-checksum-algorithm=CRC32&x-amz-storage-class=INTELLIGENT_TIERING&x-id=PutObject "HTTP/1.1 200 OK"
probs.png: 100%|██████████| 235k/235k [00:00<00:00, 1.45MB/s]
2026-08-04 05:22:14,740 - INFO - HTTP Request: POST https://huggingface.co/datasets/unrulyabstractions/temporal-awareness.git/info/lfs/objects/verify "HTTP/1.1 200 OK"


combined.png:   0%|          | 0.00/54.0k [00:00<?, ?B/s][A[A2026-08-04 05:22:14,788 - INFO - HTTP Request: POST https://huggingface.co/datasets/unrulyabstractions/temporal-awareness.git/info/lfs/objects/verify "HTTP/1.1 200 OK"




Upload 120 LFS files:  82%|████████▎ | 99/120 [00:06<00:01, 14.41it/s][A[A[A[A


core.png:   0%|          | 0.00/173k [00:00<?, ?B/s][A[A[A2026-08-04 05:22:14,809 - INFO - HTTP Request: PUT https://hf-hub-lfs-us-east-1.s3-accelerate.amazonaws.com/repos/ef/87/ef870e8dc8265ff802cde7e48a97a6727cc657365929f58754efc9d0b87852b3/3f71ba929ce29190eaa5a24ac6cf2197c50ecd8033852671bdc03d6db71b7294?X-Amz-Algorithm=AWS4-HMAC-SHA256&X-Amz-Content-Sha256=UNSIGNED-PAYLOAD&X-Amz-Credential=AKIA2JU7TKAQOYY2AAUF%2F20260804%2Fus-east-1%2Fs3%2Faws4_request&X-Amz-Date=20260804T052208Z&X-Amz-Expires=900&X-Amz-Signature=dd35bf0505407f3bcdf936e69811abf3116ef0543994238b6e3c582fd3ca70e2&X-Amz-SignedHeaders=host&x-amz-checksum-crc32=AAAAAA%3D%3D&x-amz-sdk-checksum-algorithm=CRC32&x-amz-storage-class=INTELLIGENT_TIERING&x-id=PutObject "HTTP/1.1 200 OK"
vocab.png: 100%|██████████| 174k/174k [00:00<00:00, 1.75MB/s]
2026-08-04 05:22:14,821 - INFO - HTTP Request: PUT https://hf-hub-lfs-us-east-1.s3-accelerate.amazonaws.com/repos/ef/87/ef870e8dc8265ff802cde7e48a97a6727cc657365929f58754efc9d0b87852b3/20088130113b1c7c4d773c08ef15e6882c81fe0805fef436368df73b0f5b39f3?X-Amz-Algorithm=AWS4-HMAC-SHA256&X-Amz-Content-Sha256=UNSIGNED-PAYLOAD&X-Amz-Credential=AKIA2JU7TKAQOYY2AAUF%2F20260804%2Fus-east-1%2Fs3%2Faws4_request&X-Amz-Date=20260804T052208Z&X-Amz-Expires=900&X-Amz-Signature=d6275f7cb94428507edddcb6a8dd10eeb71a6ff96e8a6934381c2109193ce628&X-Amz-SignedHeaders=host&x-amz-checksum-crc32=AAAAAA%3D%3D&x-amz-sdk-checksum-algorithm=CRC32&x-amz-storage-class=INTELLIGENT_TIERING&x-id=PutObject "HTTP/1.1 200 OK"
trajectory.png: 100%|██████████| 254k/254k [00:00<00:00, 1.66MB/s]
2026-08-04 05:22:14,842 - INFO - HTTP Request: PUT https://hf-hub-lfs-us-east-1.s3-accelerate.amazonaws.com/repos/ef/87/ef870e8dc8265ff802cde7e48a97a6727cc657365929f58754efc9d0b87852b3/edd40f0484e367eaebf1912fdbe118be4d81b249b7d59df2ec0d564898617a0d?X-Amz-Algorithm=AWS4-HMAC-SHA256&X-Amz-Content-Sha256=UNSIGNED-PAYLOAD&X-Amz-Credential=AKIA2JU7TKAQOYY2AAUF%2F20260804%2Fus-east-1%2Fs3%2Faws4_request&X-Amz-Date=20260804T052208Z&X-Amz-Expires=900&X-Amz-Signature=2f9a16ebef0a17f3e8b611e93ca48c2be5194477d058fbda9c535bfbd7aa7f3b&X-Amz-SignedHeaders=host&x-amz-checksum-crc32=AAAAAA%3D%3D&x-amz-sdk-checksum-algorithm=CRC32&x-amz-storage-class=INTELLIGENT_TIERING&x-id=PutObject "HTTP/1.1 200 OK"
combined.png: 100%|██████████| 54.0k/54.0k [00:00<00:00, 533kB/s]
2026-08-04 05:22:14,866 - INFO - HTTP Request: POST https://huggingface.co/datasets/unrulyabstractions/temporal-awareness.git/info/lfs/objects/verify "HTTP/1.1 200 OK"
fork.png:   0%|          | 0.00/181k [00:00<?, ?B/s]2026-08-04 05:22:14,893 - INFO - HTTP Request: POST https://huggingface.co/datasets/unrulyabstractions/temporal-awareness.git/info/lfs/objects/verify "HTTP/1.1 200 OK"




Upload 120 LFS files:  88%|████████▊ | 105/120 [00:06<00:00, 21.50it/s][A[A[A[A
logits.png:   0%|          | 0.00/275k [00:00<?, ?B/s][A2026-08-04 05:22:14,925 - INFO - HTTP Request: POST https://huggingface.co/datasets/unrulyabstractions/temporal-awareness.git/info/lfs/objects/verify "HTTP/1.1 200 OK"


probs.png:   0%|          | 0.00/176k [00:00<?, ?B/s][A[A2026-08-04 05:22:14,946 - INFO - HTTP Request: POST https://huggingface.co/datasets/unrulyabstractions/temporal-awareness.git/info/lfs/objects/verify "HTTP/1.1 200 OK"





trajectory.png:   0%|          | 0.00/209k [00:00<?, ?B/s][A[A[A[A[A2026-08-04 05:22:14,984 - INFO - HTTP Request: PUT https://hf-hub-lfs-us-east-1.s3-accelerate.amazonaws.com/repos/ef/87/ef870e8dc8265ff802cde7e48a97a6727cc657365929f58754efc9d0b87852b3/66eda51da8453920dd1b8d23bd9b5534224b14fc001aac8db1fb467ce8280e7d?X-Amz-Algorithm=AWS4-HMAC-SHA256&X-Amz-Content-Sha256=UNSIGNED-PAYLOAD&X-Amz-Credential=AKIA2JU7TKAQOYY2AAUF%2F20260804%2Fus-east-1%2Fs3%2Faws4_request&X-Amz-Date=20260804T052208Z&X-Amz-Expires=900&X-Amz-Signature=9dc72758807abe2f2cf88cde73ce8df7665bc41c38b5af09a6e674be6fb2df89&X-Amz-SignedHeaders=host&x-amz-checksum-crc32=AAAAAA%3D%3D&x-amz-sdk-checksum-algorithm=CRC32&x-amz-storage-class=INTELLIGENT_TIERING&x-id=PutObject "HTTP/1.1 200 OK"
logits.png: 100%|██████████| 275k/275k [00:00<00:00, 3.06MB/s]
2026-08-04 05:22:14,995 - INFO - HTTP Request: PUT https://hf-hub-lfs-us-east-1.s3-accelerate.amazonaws.com/repos/ef/87/ef870e8dc8265ff802cde7e48a97a6727cc657365929f58754efc9d0b87852b3/9f14cde7a8f77abac106eb49719506edfa158538eff668b9172876ea83cd991a?X-Amz-Algorithm=AWS4-HMAC-SHA256&X-Amz-Content-Sha256=UNSIGNED-PAYLOAD&X-Amz-Credential=AKIA2JU7TKAQOYY2AAUF%2F20260804%2Fus-east-1%2Fs3%2Faws4_request&X-Amz-Date=20260804T052208Z&X-Amz-Expires=900&X-Amz-Signature=6acfda48d72dea52865588908801c430ee4095febc448e7d74e4a0d08d90216a&X-Amz-SignedHeaders=host&x-amz-checksum-crc32=AAAAAA%3D%3D&x-amz-sdk-checksum-algorithm=CRC32&x-amz-storage-class=INTELLIGENT_TIERING&x-id=PutObject "HTTP/1.1 200 OK"
fork.png: 100%|██████████| 181k/181k [00:00<00:00, 1.40MB/s]
2026-08-04 05:22:15,025 - INFO - HTTP Request: PUT https://hf-hub-lfs-us-east-1.s3-accelerate.amazonaws.com/repos/ef/87/ef870e8dc8265ff802cde7e48a97a6727cc657365929f58754efc9d0b87852b3/74165185dd87ba3fa52d0808d4d57a36175b637227db89498192a062c7835b48?X-Amz-Algorithm=AWS4-HMAC-SHA256&X-Amz-Content-Sha256=UNSIGNED-PAYLOAD&X-Amz-Credential=AKIA2JU7TKAQOYY2AAUF%2F20260804%2Fus-east-1%2Fs3%2Faws4_request&X-Amz-Date=20260804T052208Z&X-Amz-Expires=900&X-Amz-Signature=386f65544e908301c8b8028dd48680b960fa9424e257d31dc97fb941b4ef9b48&X-Amz-SignedHeaders=host&x-amz-checksum-crc32=AAAAAA%3D%3D&x-amz-sdk-checksum-algorithm=CRC32&x-amz-storage-class=INTELLIGENT_TIERING&x-id=PutObject "HTTP/1.1 200 OK"
core.png: 100%|██████████| 173k/173k [00:00<00:00, 733kB/s]
2026-08-04 05:22:15,038 - INFO - HTTP Request: PUT https://hf-hub-lfs-us-east-1.s3-accelerate.amazonaws.com/repos/ef/87/ef870e8dc8265ff802cde7e48a97a6727cc657365929f58754efc9d0b87852b3/863dbb06498a7e3c69f68fb0332f1f23c05d669f8dd0ce243b3bd14877a07e7c?X-Amz-Algorithm=AWS4-HMAC-SHA256&X-Amz-Content-Sha256=UNSIGNED-PAYLOAD&X-Amz-Credential=AKIA2JU7TKAQOYY2AAUF%2F20260804%2Fus-east-1%2Fs3%2Faws4_request&X-Amz-Date=20260804T052208Z&X-Amz-Expires=900&X-Amz-Signature=987da679e0d03ca0193325e9b9d5ad84afcebdbd6b6549811f9f03d175575639&X-Amz-SignedHeaders=host&x-amz-checksum-crc32=AAAAAA%3D%3D&x-amz-sdk-checksum-algorithm=CRC32&x-amz-storage-class=INTELLIGENT_TIERING&x-id=PutObject "HTTP/1.1 200 OK"
probs.png: 100%|██████████| 176k/176k [00:00<00:00, 1.57MB/s]
2026-08-04 05:22:15,088 - INFO - HTTP Request: POST https://huggingface.co/datasets/unrulyabstractions/temporal-awareness.git/info/lfs/objects/verify "HTTP/1.1 200 OK"
vocab.png:   0%|          | 0.00/192k [00:00<?, ?B/s]2026-08-04 05:22:15,099 - INFO - HTTP Request: POST https://huggingface.co/datasets/unrulyabstractions/temporal-awareness.git/info/lfs/objects/verify "HTTP/1.1 200 OK"

combined.png:   0%|          | 0.00/53.9k [00:00<?, ?B/s][A2026-08-04 05:22:15,103 - INFO - HTTP Request: POST https://huggingface.co/datasets/unrulyabstractions/temporal-awareness.git/info/lfs/objects/verify "HTTP/1.1 200 OK"




Upload 120 LFS files:  91%|█████████ | 109/120 [00:06<00:00, 20.74it/s][A[A[A[A

core.png:   0%|          | 0.00/166k [00:00<?, ?B/s][A[A2026-08-04 05:22:15,105 - INFO - HTTP Request: PUT https://hf-hub-lfs-us-east-1.s3-accelerate.amazonaws.com/repos/ef/87/ef870e8dc8265ff802cde7e48a97a6727cc657365929f58754efc9d0b87852b3/0a220d0839aefdfed04f8a494fdcdb8275e515873921657a954aee2548188a3a?X-Amz-Algorithm=AWS4-HMAC-SHA256&X-Amz-Content-Sha256=UNSIGNED-PAYLOAD&X-Amz-Credential=AKIA2JU7TKAQOYY2AAUF%2F20260804%2Fus-east-1%2Fs3%2Faws4_request&X-Amz-Date=20260804T052208Z&X-Amz-Expires=900&X-Amz-Signature=a9a40088333807ac2a95109db6227e48278c0b6e6ee16e90390d5705fc24d7bb&X-Amz-SignedHeaders=host&x-amz-checksum-crc32=AAAAAA%3D%3D&x-amz-sdk-checksum-algorithm=CRC32&x-amz-storage-class=INTELLIGENT_TIERING&x-id=PutObject "HTTP/1.1 200 OK"
trajectory.png: 100%|██████████| 209k/209k [00:00<00:00, 1.31MB/s]
2026-08-04 05:22:15,135 - INFO - HTTP Request: POST https://huggingface.co/datasets/unrulyabstractions/temporal-awareness.git/info/lfs/objects/verify "HTTP/1.1 200 OK"



fork.png:   0%|          | 0.00/198k [00:00<?, ?B/s][A[A[A2026-08-04 05:22:15,190 - INFO - HTTP Request: PUT https://hf-hub-lfs-us-east-1.s3-accelerate.amazonaws.com/repos/ef/87/ef870e8dc8265ff802cde7e48a97a6727cc657365929f58754efc9d0b87852b3/ec5f150e7e37dc9b8911ad53864293e4d844880baec92c0deea4a2c4cbf712bd?X-Amz-Algorithm=AWS4-HMAC-SHA256&X-Amz-Content-Sha256=UNSIGNED-PAYLOAD&X-Amz-Credential=AKIA2JU7TKAQOYY2AAUF%2F20260804%2Fus-east-1%2Fs3%2Faws4_request&X-Amz-Date=20260804T052208Z&X-Amz-Expires=900&X-Amz-Signature=48bf666d439e34843177664007aa4c53e0d7af953ab9d3838ac24427996cbec3&X-Amz-SignedHeaders=host&x-amz-checksum-crc32=AAAAAA%3D%3D&x-amz-sdk-checksum-algorithm=CRC32&x-amz-storage-class=INTELLIGENT_TIERING&x-id=PutObject "HTTP/1.1 200 OK"
combined.png: 100%|██████████| 53.9k/53.9k [00:00<00:00, 594kB/s]
2026-08-04 05:22:15,197 - INFO - HTTP Request: PUT https://hf-hub-lfs-us-east-1.s3-accelerate.amazonaws.com/repos/ef/87/ef870e8dc8265ff802cde7e48a97a6727cc657365929f58754efc9d0b87852b3/6337819bd3fd03f68bef7fddc91f503368c11007d46a3abc2c2616830329defa?X-Amz-Algorithm=AWS4-HMAC-SHA256&X-Amz-Content-Sha256=UNSIGNED-PAYLOAD&X-Amz-Credential=AKIA2JU7TKAQOYY2AAUF%2F20260804%2Fus-east-1%2Fs3%2Faws4_request&X-Amz-Date=20260804T052208Z&X-Amz-Expires=900&X-Amz-Signature=390653be9b689d3566bc86f4cf9bb3cdfb7b3d1e7a3c99e9e46cc0995203dbfe&X-Amz-SignedHeaders=host&x-amz-checksum-crc32=AAAAAA%3D%3D&x-amz-sdk-checksum-algorithm=CRC32&x-amz-storage-class=INTELLIGENT_TIERING&x-id=PutObject "HTTP/1.1 200 OK"
core.png: 100%|██████████| 166k/166k [00:00<00:00, 1.77MB/s]
2026-08-04 05:22:15,204 - INFO - HTTP Request: POST https://huggingface.co/datasets/unrulyabstractions/temporal-awareness.git/info/lfs/objects/verify "HTTP/1.1 200 OK"




Upload 120 LFS files:  93%|█████████▎| 112/120 [00:06<00:00, 22.34it/s][A[A[A[A
logits.png:   0%|          | 0.00/262k [00:00<?, ?B/s][A2026-08-04 05:22:15,265 - INFO - HTTP Request: PUT https://hf-hub-lfs-us-east-1.s3-accelerate.amazonaws.com/repos/ef/87/ef870e8dc8265ff802cde7e48a97a6727cc657365929f58754efc9d0b87852b3/d75260a14079d9cfb44c23b3ecb305b8159660261b9467d6e43057e187eb724a?X-Amz-Algorithm=AWS4-HMAC-SHA256&X-Amz-Content-Sha256=UNSIGNED-PAYLOAD&X-Amz-Credential=AKIA2JU7TKAQOYY2AAUF%2F20260804%2Fus-east-1%2Fs3%2Faws4_request&X-Amz-Date=20260804T052208Z&X-Amz-Expires=900&X-Amz-Signature=752bce7b1a2a9b031fd8d18e0c06a05cb11004f4a549a98374bea49ef9c7c5e9&X-Amz-SignedHeaders=host&x-amz-checksum-crc32=AAAAAA%3D%3D&x-amz-sdk-checksum-algorithm=CRC32&x-amz-storage-class=INTELLIGENT_TIERING&x-id=PutObject "HTTP/1.1 200 OK"
fork.png: 100%|██████████| 198k/198k [00:00<00:00, 1.53MB/s]
2026-08-04 05:22:15,268 - INFO - HTTP Request: PUT https://hf-hub-lfs-us-east-1.s3-accelerate.amazonaws.com/repos/ef/87/ef870e8dc8265ff802cde7e48a97a6727cc657365929f58754efc9d0b87852b3/2c44f02f88abd856a5e369e398fe16fbe52072720d716a6b9bc73cf43e1da97b?X-Amz-Algorithm=AWS4-HMAC-SHA256&X-Amz-Content-Sha256=UNSIGNED-PAYLOAD&X-Amz-Credential=AKIA2JU7TKAQOYY2AAUF%2F20260804%2Fus-east-1%2Fs3%2Faws4_request&X-Amz-Date=20260804T052208Z&X-Amz-Expires=900&X-Amz-Signature=60637e1a03049600086833cbe7cb4ce2079ebc0b125f623d6a94ed5bcdc19ffe&X-Amz-SignedHeaders=host&x-amz-checksum-crc32=AAAAAA%3D%3D&x-amz-sdk-checksum-algorithm=CRC32&x-amz-storage-class=INTELLIGENT_TIERING&x-id=PutObject "HTTP/1.1 200 OK"
vocab.png: 100%|██████████| 192k/192k [00:00<00:00, 1.07MB/s]
2026-08-04 05:22:15,276 - INFO - HTTP Request: POST https://huggingface.co/datasets/unrulyabstractions/temporal-awareness.git/info/lfs/objects/verify "HTTP/1.1 200 OK"
probs.png:   0%|          | 0.00/178k [00:00<?, ?B/s]2026-08-04 05:22:15,312 - INFO - HTTP Request: POST https://huggingface.co/datasets/unrulyabstractions/temporal-awareness.git/info/lfs/objects/verify "HTTP/1.1 200 OK"


trajectory.png:   0%|          | 0.00/203k [00:00<?, ?B/s][A[A2026-08-04 05:22:15,351 - INFO - HTTP Request: PUT https://hf-hub-lfs-us-east-1.s3-accelerate.amazonaws.com/repos/ef/87/ef870e8dc8265ff802cde7e48a97a6727cc657365929f58754efc9d0b87852b3/6a4bc99de30b7d9ab5e301353116d587d6abe4d568a72f22a4605065461e5970?X-Amz-Algorithm=AWS4-HMAC-SHA256&X-Amz-Content-Sha256=UNSIGNED-PAYLOAD&X-Amz-Credential=AKIA2JU7TKAQOYY2AAUF%2F20260804%2Fus-east-1%2Fs3%2Faws4_request&X-Amz-Date=20260804T052208Z&X-Amz-Expires=900&X-Amz-Signature=0e7bdf9e1ffa1d9fb49903bd328fa14cd1902c46644ef48c178dbd683cf39a30&X-Amz-SignedHeaders=host&x-amz-checksum-crc32=AAAAAA%3D%3D&x-amz-sdk-checksum-algorithm=CRC32&x-amz-storage-class=INTELLIGENT_TIERING&x-id=PutObject "HTTP/1.1 200 OK"
logits.png: 100%|██████████| 262k/262k [00:00<00:00, 1.79MB/s]
2026-08-04 05:22:15,368 - INFO - HTTP Request: POST https://huggingface.co/datasets/unrulyabstractions/temporal-awareness.git/info/lfs/objects/verify "HTTP/1.1 200 OK"
2026-08-04 05:22:15,370 - INFO - HTTP Request: POST https://huggingface.co/datasets/unrulyabstractions/temporal-awareness.git/info/lfs/objects/verify "HTTP/1.1 200 OK"




Upload 120 LFS files:  96%|█████████▌| 115/120 [00:06<00:00, 21.09it/s][A[A[A[A
vocab.png:   0%|          | 0.00/212k [00:00<?, ?B/s][A2026-08-04 05:22:15,432 - INFO - HTTP Request: PUT https://hf-hub-lfs-us-east-1.s3-accelerate.amazonaws.com/repos/ef/87/ef870e8dc8265ff802cde7e48a97a6727cc657365929f58754efc9d0b87852b3/9b7bcadc20f2ffc2b415e7702b99b3e5748d7acb149e250134a283d2415cc7e0?X-Amz-Algorithm=AWS4-HMAC-SHA256&X-Amz-Content-Sha256=UNSIGNED-PAYLOAD&X-Amz-Credential=AKIA2JU7TKAQOYY2AAUF%2F20260804%2Fus-east-1%2Fs3%2Faws4_request&X-Amz-Date=20260804T052208Z&X-Amz-Expires=900&X-Amz-Signature=de541171b72810141af1e8e0ee2ec664f364be3005f0e25b51ef8b36b49d0fb9&X-Amz-SignedHeaders=host&x-amz-checksum-crc32=AAAAAA%3D%3D&x-amz-sdk-checksum-algorithm=CRC32&x-amz-storage-class=INTELLIGENT_TIERING&x-id=PutObject "HTTP/1.1 200 OK"
probs.png: 100%|██████████| 178k/178k [00:00<00:00, 1.14MB/s]
2026-08-04 05:22:15,453 - INFO - HTTP Request: POST https://huggingface.co/datasets/unrulyabstractions/temporal-awareness.git/info/lfs/objects/verify "HTTP/1.1 200 OK"
2026-08-04 05:22:15,464 - INFO - HTTP Request: PUT https://hf-hub-lfs-us-east-1.s3-accelerate.amazonaws.com/repos/ef/87/ef870e8dc8265ff802cde7e48a97a6727cc657365929f58754efc9d0b87852b3/d19ce8bd1ece36fee79ccf015847d3137c96f8f7ac8a445646d823a36be49326?X-Amz-Algorithm=AWS4-HMAC-SHA256&X-Amz-Content-Sha256=UNSIGNED-PAYLOAD&X-Amz-Credential=AKIA2JU7TKAQOYY2AAUF%2F20260804%2Fus-east-1%2Fs3%2Faws4_request&X-Amz-Date=20260804T052208Z&X-Amz-Expires=900&X-Amz-Signature=7815bfeece16a666a45ef3ca431597cdf3d4f4ada92a1e5ab47e8bee3421b1c7&X-Amz-SignedHeaders=host&x-amz-checksum-crc32=AAAAAA%3D%3D&x-amz-sdk-checksum-algorithm=CRC32&x-amz-storage-class=INTELLIGENT_TIERING&x-id=PutObject "HTTP/1.1 200 OK"
trajectory.png: 100%|██████████| 203k/203k [00:00<00:00, 1.34MB/s]
2026-08-04 05:22:15,533 - INFO - HTTP Request: PUT https://hf-hub-lfs-us-east-1.s3-accelerate.amazonaws.com/repos/ef/87/ef870e8dc8265ff802cde7e48a97a6727cc657365929f58754efc9d0b87852b3/9126b3938b1e9decf1f5b5d3063f28cf0ffd316c5f7031a03cece9dd4fb096de?X-Amz-Algorithm=AWS4-HMAC-SHA256&X-Amz-Content-Sha256=UNSIGNED-PAYLOAD&X-Amz-Credential=AKIA2JU7TKAQOYY2AAUF%2F20260804%2Fus-east-1%2Fs3%2Faws4_request&X-Amz-Date=20260804T052208Z&X-Amz-Expires=900&X-Amz-Signature=1f71da2e2f16e9c0373aceb1b502c3b0eedc9d13a9e91a01945905dd7dd3171a&X-Amz-SignedHeaders=host&x-amz-checksum-crc32=AAAAAA%3D%3D&x-amz-sdk-checksum-algorithm=CRC32&x-amz-storage-class=INTELLIGENT_TIERING&x-id=PutObject "HTTP/1.1 200 OK"
vocab.png: 100%|██████████| 212k/212k [00:00<00:00, 1.30MB/s]
2026-08-04 05:22:15,543 - INFO - HTTP Request: POST https://huggingface.co/datasets/unrulyabstractions/temporal-awareness.git/info/lfs/objects/verify "HTTP/1.1 200 OK"
2026-08-04 05:22:15,563 - INFO - HTTP Request: POST https://huggingface.co/datasets/unrulyabstractions/temporal-awareness.git/info/lfs/objects/verify "HTTP/1.1 200 OK"




Upload 120 LFS files:  98%|█████████▊| 118/120 [00:06<00:00, 19.25it/s][A[A[A[A2026-08-04 05:22:15,672 - INFO - HTTP Request: POST https://huggingface.co/datasets/unrulyabstractions/temporal-awareness.git/info/lfs/objects/verify "HTTP/1.1 200 OK"
Upload 120 LFS files: 100%|██████████| 120/120 [00:06<00:00, 17.26it/s]
2026-08-04 05:22:39,462 - INFO - HTTP Request: POST https://huggingface.co/api/datasets/unrulyabstractions/temporal-awareness/commit/main "HTTP/1.1 200 OK"
2026-08-04 05:22:39,466 - INFO - [commit 1/1] 138 files, 47.1 MB in 31.5s (1.5 MB/s) | pass total 138/138 files, 47.1 MB, 31.5s
2026-08-04 05:22:39,467 - INFO - Waiting 120s for new files (done-file RUN_COMPLETE: absent)
2026-08-04 05:24:39,484 - INFO - Scanned /root/temporal-awareness/out/experiments/loc_llama_investment: 364 files on disk, 57 to upload (5.9 MB)
2026-08-04 05:24:39,665 - INFO - HTTP Request: POST https://huggingface.co/api/datasets/unrulyabstractions/temporal-awareness/preupload/main "HTTP/1.1 200 OK"
2026-08-04 05:24:39,787 - INFO - HTTP Request: POST https://huggingface.co/datasets/unrulyabstractions/temporal-awareness.git/info/lfs/objects/batch "HTTP/1.1 200 OK"
core.png:   0%|          | 0.00/141k [00:00<?, ?B/s]
combined.png:   0%|          | 0.00/53.2k [00:00<?, ?B/s][A

fork.png:   0%|          | 0.00/114k [00:00<?, ?B/s][A[A


Upload 41 LFS files:   0%|          | 0/41 [00:00<?, ?it/s][A[A[A



probs.png:   0%|          | 0.00/131k [00:00<?, ?B/s][A[A[A[A




logits.png:   0%|          | 0.00/192k [00:00<?, ?B/s][A[A[A[A[Acore.png: 100%|██████████| 141k/141k [00:00<00:00, 1.38MB/s]



probs.png: 100%|██████████| 131k/131k [00:00<00:00, 1.30MB/s][A[A[A[A2026-08-04 05:24:40,015 - INFO - HTTP Request: PUT https://hf-hub-lfs-us-east-1.s3-accelerate.amazonaws.com/repos/ef/87/ef870e8dc8265ff802cde7e48a97a6727cc657365929f58754efc9d0b87852b3/65a550c3cb716383b4cd3a06fac38ff1d85fd88da964aea9ef32728a6bbdb1f6?X-Amz-Algorithm=AWS4-HMAC-SHA256&X-Amz-Content-Sha256=UNSIGNED-PAYLOAD&X-Amz-Credential=AKIA2JU7TKAQOYY2AAUF%2F20260804%2Fus-east-1%2Fs3%2Faws4_request&X-Amz-Date=20260804T052439Z&X-Amz-Expires=900&X-Amz-Signature=6b434372e8cdc898ecf2ccd3826aab9217ae1b049a402830017c3f613fa7cc9d&X-Amz-SignedHeaders=host&x-amz-checksum-crc32=AAAAAA%3D%3D&x-amz-sdk-checksum-algorithm=CRC32&x-amz-storage-class=INTELLIGENT_TIERING&x-id=PutObject "HTTP/1.1 200 OK"
logits.png: 100%|██████████| 192k/192k [00:00<00:00, 926kB/s]
2026-08-04 05:24:40,048 - INFO - HTTP Request: PUT https://hf-hub-lfs-us-east-1.s3-accelerate.amazonaws.com/repos/ef/87/ef870e8dc8265ff802cde7e48a97a6727cc657365929f58754efc9d0b87852b3/4f06b16635062d6bde557c41e1e9eba78980df9dce3561b2997308eb10dfa568?X-Amz-Algorithm=AWS4-HMAC-SHA256&X-Amz-Content-Sha256=UNSIGNED-PAYLOAD&X-Amz-Credential=AKIA2JU7TKAQOYY2AAUF%2F20260804%2Fus-east-1%2Fs3%2Faws4_request&X-Amz-Date=20260804T052439Z&X-Amz-Expires=900&X-Amz-Signature=23f28d01164bcac5c4bb9b2c454a050227270d7a2c9a7fa94024798b6aed24b3&X-Amz-SignedHeaders=host&x-amz-checksum-crc32=AAAAAA%3D%3D&x-amz-sdk-checksum-algorithm=CRC32&x-amz-storage-class=INTELLIGENT_TIERING&x-id=PutObject "HTTP/1.1 200 OK"
combined.png: 100%|██████████| 53.2k/53.2k [00:00<00:00, 219kB/s]
2026-08-04 05:24:40,094 - INFO - HTTP Request: PUT https://hf-hub-lfs-us-east-1.s3-accelerate.amazonaws.com/repos/ef/87/ef870e8dc8265ff802cde7e48a97a6727cc657365929f58754efc9d0b87852b3/21b172aebb671c6f61d8e884dd42d03563286997bce0a528e64241d5c6905b5a?X-Amz-Algorithm=AWS4-HMAC-SHA256&X-Amz-Content-Sha256=UNSIGNED-PAYLOAD&X-Amz-Credential=AKIA2JU7TKAQOYY2AAUF%2F20260804%2Fus-east-1%2Fs3%2Faws4_request&X-Amz-Date=20260804T052439Z&X-Amz-Expires=900&X-Amz-Signature=b9ca24064ec7fde754696e56594c160298c1bc1996662adfa653b2f660a3361e&X-Amz-SignedHeaders=host&x-amz-checksum-crc32=AAAAAA%3D%3D&x-amz-sdk-checksum-algorithm=CRC32&x-amz-storage-class=INTELLIGENT_TIERING&x-id=PutObject "HTTP/1.1 200 OK"
core.png: 100%|██████████| 141k/141k [00:00<00:00, 480kB/s] 
2026-08-04 05:24:40,125 - INFO - HTTP Request: POST https://huggingface.co/datasets/unrulyabstractions/temporal-awareness.git/info/lfs/objects/verify "HTTP/1.1 200 OK"
trajectory.png:   0%|          | 0.00/130k [00:00<?, ?B/s]2026-08-04 05:24:40,140 - INFO - HTTP Request: PUT https://hf-hub-lfs-us-east-1.s3-accelerate.amazonaws.com/repos/ef/87/ef870e8dc8265ff802cde7e48a97a6727cc657365929f58754efc9d0b87852b3/9607de57c8873c6479d499c48ad1a55197b83bd785b3e87858e67e35a3342f12?X-Amz-Algorithm=AWS4-HMAC-SHA256&X-Amz-Content-Sha256=UNSIGNED-PAYLOAD&X-Amz-Credential=AKIA2JU7TKAQOYY2AAUF%2F20260804%2Fus-east-1%2Fs3%2Faws4_request&X-Amz-Date=20260804T052439Z&X-Amz-Expires=900&X-Amz-Signature=ccf1f54d3f8c1e5097df76475ba6d4d776ce7934a92473940afe7dc6c5460d40&X-Amz-SignedHeaders=host&x-amz-checksum-crc32=AAAAAA%3D%3D&x-amz-sdk-checksum-algorithm=CRC32&x-amz-storage-class=INTELLIGENT_TIERING&x-id=PutObject "HTTP/1.1 200 OK"
probs.png: 100%|██████████| 131k/131k [00:00<00:00, 393kB/s] 
2026-08-04 05:24:40,175 - INFO - HTTP Request: PUT https://hf-hub-lfs-us-east-1.s3-accelerate.amazonaws.com/repos/ef/87/ef870e8dc8265ff802cde7e48a97a6727cc657365929f58754efc9d0b87852b3/1fe72eb8c4a014c90dbca780ba595af3870be2a43c2d902803a7382b7b283291?X-Amz-Algorithm=AWS4-HMAC-SHA256&X-Amz-Content-Sha256=UNSIGNED-PAYLOAD&X-Amz-Credential=AKIA2JU7TKAQOYY2AAUF%2F20260804%2Fus-east-1%2Fs3%2Faws4_request&X-Amz-Date=20260804T052439Z&X-Amz-Expires=900&X-Amz-Signature=da9ed59ee400541f384d6b0bfe2b4be49fb295a5ebc8792a64d593f20cdae47d&X-Amz-SignedHeaders=host&x-amz-checksum-crc32=AAAAAA%3D%3D&x-amz-sdk-checksum-algorithm=CRC32&x-amz-storage-class=INTELLIGENT_TIERING&x-id=PutObject "HTTP/1.1 200 OK"
fork.png: 100%|██████████| 114k/114k [00:00<00:00, 310kB/s]
2026-08-04 05:24:40,264 - INFO - HTTP Request: POST https://huggingface.co/datasets/unrulyabstractions/temporal-awareness.git/info/lfs/objects/verify "HTTP/1.1 200 OK"



Upload 41 LFS files:   2%|▏         | 1/41 [00:00<00:18,  2.19it/s][A[A[A
vocab.png:   0%|          | 0.00/120k [00:00<?, ?B/s][A2026-08-04 05:24:40,269 - INFO - HTTP Request: POST https://huggingface.co/datasets/unrulyabstractions/temporal-awareness.git/info/lfs/objects/verify "HTTP/1.1 200 OK"


combined.png:   0%|          | 0.00/53.1k [00:00<?, ?B/s][A[A2026-08-04 05:24:40,304 - INFO - HTTP Request: POST https://huggingface.co/datasets/unrulyabstractions/temporal-awareness.git/info/lfs/objects/verify "HTTP/1.1 200 OK"




core.png:   0%|          | 0.00/140k [00:00<?, ?B/s][A[A[A[A2026-08-04 05:24:40,317 - INFO - HTTP Request: POST https://huggingface.co/datasets/unrulyabstractions/temporal-awareness.git/info/lfs/objects/verify "HTTP/1.1 200 OK"





fork.png:   0%|          | 0.00/94.2k [00:00<?, ?B/s][A[A[A[A[A2026-08-04 05:24:40,326 - INFO - HTTP Request: PUT https://hf-hub-lfs-us-east-1.s3-accelerate.amazonaws.com/repos/ef/87/ef870e8dc8265ff802cde7e48a97a6727cc657365929f58754efc9d0b87852b3/bd4949a85505032a44deeaaebf3eca542d15f1bef094918609b871d553c32106?X-Amz-Algorithm=AWS4-HMAC-SHA256&X-Amz-Content-Sha256=UNSIGNED-PAYLOAD&X-Amz-Credential=AKIA2JU7TKAQOYY2AAUF%2F20260804%2Fus-east-1%2Fs3%2Faws4_request&X-Amz-Date=20260804T052439Z&X-Amz-Expires=900&X-Amz-Signature=951ac8a71e0371324e44beef8050de4338d0c128f38d38b36a2287bcd71e980a&X-Amz-SignedHeaders=host&x-amz-checksum-crc32=AAAAAA%3D%3D&x-amz-sdk-checksum-algorithm=CRC32&x-amz-storage-class=INTELLIGENT_TIERING&x-id=PutObject "HTTP/1.1 200 OK"
trajectory.png: 100%|██████████| 130k/130k [00:00<00:00, 644kB/s]
2026-08-04 05:24:40,439 - INFO - HTTP Request: POST https://huggingface.co/datasets/unrulyabstractions/temporal-awareness.git/info/lfs/objects/verify "HTTP/1.1 200 OK"



Upload 41 LFS files:  15%|█▍        | 6/41 [00:00<00:03, 11.51it/s][A[A[Alogits.png:   0%|          | 0.00/202k [00:00<?, ?B/s]2026-08-04 05:24:40,448 - INFO - HTTP Request: PUT https://hf-hub-lfs-us-east-1.s3-accelerate.amazonaws.com/repos/ef/87/ef870e8dc8265ff802cde7e48a97a6727cc657365929f58754efc9d0b87852b3/2b5ffaa086455b157a48b535ead3fed2c0f413a1622c7ac0ecb0a46128a84ab9?X-Amz-Algorithm=AWS4-HMAC-SHA256&X-Amz-Content-Sha256=UNSIGNED-PAYLOAD&X-Amz-Credential=AKIA2JU7TKAQOYY2AAUF%2F20260804%2Fus-east-1%2Fs3%2Faws4_request&X-Amz-Date=20260804T052439Z&X-Amz-Expires=900&X-Amz-Signature=0a9d3fe19f6999822ec4c148c5a9eae2db3b5265c009e792e8891d381d80b5a2&X-Amz-SignedHeaders=host&x-amz-checksum-crc32=AAAAAA%3D%3D&x-amz-sdk-checksum-algorithm=CRC32&x-amz-storage-class=INTELLIGENT_TIERING&x-id=PutObject "HTTP/1.1 200 OK"
vocab.png: 100%|██████████| 120k/120k [00:00<00:00, 654kB/s]
2026-08-04 05:24:40,467 - INFO - HTTP Request: PUT https://hf-hub-lfs-us-east-1.s3-accelerate.amazonaws.com/repos/ef/87/ef870e8dc8265ff802cde7e48a97a6727cc657365929f58754efc9d0b87852b3/88d40811c1ea04ba56217e27e21755b88eaa42f3ad0008dc9b26a4ce3cf66380?X-Amz-Algorithm=AWS4-HMAC-SHA256&X-Amz-Content-Sha256=UNSIGNED-PAYLOAD&X-Amz-Credential=AKIA2JU7TKAQOYY2AAUF%2F20260804%2Fus-east-1%2Fs3%2Faws4_request&X-Amz-Date=20260804T052439Z&X-Amz-Expires=900&X-Amz-Signature=8f9f45e35ce8994fbbc5864e6a7ebc58dc3c28cb2ddef699bbc3e5d0b432728c&X-Amz-SignedHeaders=host&x-amz-checksum-crc32=AAAAAA%3D%3D&x-amz-sdk-checksum-algorithm=CRC32&x-amz-storage-class=INTELLIGENT_TIERING&x-id=PutObject "HTTP/1.1 200 OK"
core.png: 100%|██████████| 140k/140k [00:00<00:00, 858kB/s]
2026-08-04 05:24:40,473 - INFO - HTTP Request: PUT https://hf-hub-lfs-us-east-1.s3-accelerate.amazonaws.com/repos/ef/87/ef870e8dc8265ff802cde7e48a97a6727cc657365929f58754efc9d0b87852b3/577b48c9ea6d7cfff9470a7b68cac9119cc693a0476e1f737281c42b4c983d7a?X-Amz-Algorithm=AWS4-HMAC-SHA256&X-Amz-Content-Sha256=UNSIGNED-PAYLOAD&X-Amz-Credential=AKIA2JU7TKAQOYY2AAUF%2F20260804%2Fus-east-1%2Fs3%2Faws4_request&X-Amz-Date=20260804T052439Z&X-Amz-Expires=900&X-Amz-Signature=7dda3853591134ea1fa9b492f4a2d535ff9fbe6f8dda43e7d4b6bbf06e4fb93d&X-Amz-SignedHeaders=host&x-amz-checksum-crc32=AAAAAA%3D%3D&x-amz-sdk-checksum-algorithm=CRC32&x-amz-storage-class=INTELLIGENT_TIERING&x-id=PutObject "HTTP/1.1 200 OK"
combined.png: 100%|██████████| 53.1k/53.1k [00:00<00:00, 261kB/s]
2026-08-04 05:24:40,545 - INFO - HTTP Request: PUT https://hf-hub-lfs-us-east-1.s3-accelerate.amazonaws.com/repos/ef/87/ef870e8dc8265ff802cde7e48a97a6727cc657365929f58754efc9d0b87852b3/f730483306afb7d092fcd60ae9cfe8ee81662d19ea9a7d5361f94785a48d80a9?X-Amz-Algorithm=AWS4-HMAC-SHA256&X-Amz-Content-Sha256=UNSIGNED-PAYLOAD&X-Amz-Credential=AKIA2JU7TKAQOYY2AAUF%2F20260804%2Fus-east-1%2Fs3%2Faws4_request&X-Amz-Date=20260804T052439Z&X-Amz-Expires=900&X-Amz-Signature=75e0ccfad2b2d72ccc6eaa0cde047f16a7c98868a738485ebffbd31ad70ac023&X-Amz-SignedHeaders=host&x-amz-checksum-crc32=AAAAAA%3D%3D&x-amz-sdk-checksum-algorithm=CRC32&x-amz-storage-class=INTELLIGENT_TIERING&x-id=PutObject "HTTP/1.1 200 OK"
fork.png: 100%|██████████| 94.2k/94.2k [00:00<00:00, 413kB/s]
2026-08-04 05:24:40,602 - INFO - HTTP Request: POST https://huggingface.co/datasets/unrulyabstractions/temporal-awareness.git/info/lfs/objects/verify "HTTP/1.1 200 OK"

probs.png:   0%|          | 0.00/116k [00:00<?, ?B/s][A2026-08-04 05:24:40,606 - INFO - HTTP Request: POST https://huggingface.co/datasets/unrulyabstractions/temporal-awareness.git/info/lfs/objects/verify "HTTP/1.1 200 OK"


trajectory.png:   0%|          | 0.00/128k [00:00<?, ?B/s][A[A2026-08-04 05:24:40,618 - INFO - HTTP Request: POST https://huggingface.co/datasets/unrulyabstractions/temporal-awareness.git/info/lfs/objects/verify "HTTP/1.1 200 OK"
2026-08-04 05:24:40,619 - INFO - HTTP Request: POST https://huggingface.co/datasets/unrulyabstractions/temporal-awareness.git/info/lfs/objects/verify "HTTP/1.1 200 OK"



Upload 41 LFS files:  20%|█▉        | 8/41 [00:00<00:02, 11.37it/s][A[A[A



vocab.png:   0%|          | 0.00/100k [00:00<?, ?B/s][A[A[A[A




heatmap_layers_colnorm_denoising.png:   0%|          | 0.00/80.0k [00:00<?, ?B/s][A[A[A[A[A2026-08-04 05:24:40,637 - INFO - HTTP Request: PUT https://hf-hub-lfs-us-east-1.s3-accelerate.amazonaws.com/repos/ef/87/ef870e8dc8265ff802cde7e48a97a6727cc657365929f58754efc9d0b87852b3/f57536b2087d101753b79414449adc68a89b1ec65eb8e3c3fedbf5a4ee8d68ba?X-Amz-Algorithm=AWS4-HMAC-SHA256&X-Amz-Content-Sha256=UNSIGNED-PAYLOAD&X-Amz-Credential=AKIA2JU7TKAQOYY2AAUF%2F20260804%2Fus-east-1%2Fs3%2Faws4_request&X-Amz-Date=20260804T052439Z&X-Amz-Expires=900&X-Amz-Signature=75173d5b8c970140be9ffbaa34d103f9d1c30ca975c1e47cb779589a06c19d34&X-Amz-SignedHeaders=host&x-amz-checksum-crc32=AAAAAA%3D%3D&x-amz-sdk-checksum-algorithm=CRC32&x-amz-storage-class=INTELLIGENT_TIERING&x-id=PutObject "HTTP/1.1 200 OK"
logits.png: 100%|██████████| 202k/202k [00:00<00:00, 1.02MB/s]
2026-08-04 05:24:40,752 - INFO - HTTP Request: PUT https://hf-hub-lfs-us-east-1.s3-accelerate.amazonaws.com/repos/ef/87/ef870e8dc8265ff802cde7e48a97a6727cc657365929f58754efc9d0b87852b3/5871af80a1c5c0860a3eaae523b60991658e8c7af4d07e3fe2e99114c5f66358?X-Amz-Algorithm=AWS4-HMAC-SHA256&X-Amz-Content-Sha256=UNSIGNED-PAYLOAD&X-Amz-Credential=AKIA2JU7TKAQOYY2AAUF%2F20260804%2Fus-east-1%2Fs3%2Faws4_request&X-Amz-Date=20260804T052439Z&X-Amz-Expires=900&X-Amz-Signature=208beeac932bb8531f4bef29119ffaa7cc47d892b6868794d697e8023140617b&X-Amz-SignedHeaders=host&x-amz-checksum-crc32=AAAAAA%3D%3D&x-amz-sdk-checksum-algorithm=CRC32&x-amz-storage-class=INTELLIGENT_TIERING&x-id=PutObject "HTTP/1.1 200 OK"
heatmap_layers_colnorm_denoising.png: 100%|██████████| 80.0k/80.0k [00:00<00:00, 614kB/s]
2026-08-04 05:24:40,764 - INFO - HTTP Request: PUT https://hf-hub-lfs-us-east-1.s3-accelerate.amazonaws.com/repos/ef/87/ef870e8dc8265ff802cde7e48a97a6727cc657365929f58754efc9d0b87852b3/0204ef8602352fa8baaa2d92a630b0737b6fa17a521695649fb702de2c4dee49?X-Amz-Algorithm=AWS4-HMAC-SHA256&X-Amz-Content-Sha256=UNSIGNED-PAYLOAD&X-Amz-Credential=AKIA2JU7TKAQOYY2AAUF%2F20260804%2Fus-east-1%2Fs3%2Faws4_request&X-Amz-Date=20260804T052439Z&X-Amz-Expires=900&X-Amz-Signature=458c702d5852d7d2b2ac3af5d928989515d3ef26b4223b1a0782f9904b8ce397&X-Amz-SignedHeaders=host&x-amz-checksum-crc32=AAAAAA%3D%3D&x-amz-sdk-checksum-algorithm=CRC32&x-amz-storage-class=INTELLIGENT_TIERING&x-id=PutObject "HTTP/1.1 200 OK"
trajectory.png: 100%|██████████| 128k/128k [00:00<00:00, 810kB/s]
2026-08-04 05:24:40,766 - INFO - HTTP Request: PUT https://hf-hub-lfs-us-east-1.s3-accelerate.amazonaws.com/repos/ef/87/ef870e8dc8265ff802cde7e48a97a6727cc657365929f58754efc9d0b87852b3/554e29349c3eba0a5607bc4f2b3aaf213f208e450308cbcf405295d6744a2c92?X-Amz-Algorithm=AWS4-HMAC-SHA256&X-Amz-Content-Sha256=UNSIGNED-PAYLOAD&X-Amz-Credential=AKIA2JU7TKAQOYY2AAUF%2F20260804%2Fus-east-1%2Fs3%2Faws4_request&X-Amz-Date=20260804T052439Z&X-Amz-Expires=900&X-Amz-Signature=b36b3f99740acfa7a4c9119e8141e5013eed2f5f5088da5a11a429e33b7eea7a&X-Amz-SignedHeaders=host&x-amz-checksum-crc32=AAAAAA%3D%3D&x-amz-sdk-checksum-algorithm=CRC32&x-amz-storage-class=INTELLIGENT_TIERING&x-id=PutObject "HTTP/1.1 200 OK"
probs.png: 100%|██████████| 116k/116k [00:00<00:00, 710kB/s]
2026-08-04 05:24:40,774 - INFO - HTTP Request: PUT https://hf-hub-lfs-us-east-1.s3-accelerate.amazonaws.com/repos/ef/87/ef870e8dc8265ff802cde7e48a97a6727cc657365929f58754efc9d0b87852b3/d980e05bf396d1ba2affbcacd5085c203dd30c7dd37ae1c8f951ac8054b93e0f?X-Amz-Algorithm=AWS4-HMAC-SHA256&X-Amz-Content-Sha256=UNSIGNED-PAYLOAD&X-Amz-Credential=AKIA2JU7TKAQOYY2AAUF%2F20260804%2Fus-east-1%2Fs3%2Faws4_request&X-Amz-Date=20260804T052439Z&X-Amz-Expires=900&X-Amz-Signature=3127ca1bbcb83e24f312c543be734b465f7b56062925e00da8a2936966ff3b31&X-Amz-SignedHeaders=host&x-amz-checksum-crc32=AAAAAA%3D%3D&x-amz-sdk-checksum-algorithm=CRC32&x-amz-storage-class=INTELLIGENT_TIERING&x-id=PutObject "HTTP/1.1 200 OK"
vocab.png: 100%|██████████| 100k/100k [00:00<00:00, 654kB/s]
2026-08-04 05:24:40,791 - INFO - HTTP Request: POST https://huggingface.co/datasets/unrulyabstractions/temporal-awareness.git/info/lfs/objects/verify "HTTP/1.1 200 OK"



Upload 41 LFS files:  27%|██▋       | 11/41 [00:00<00:02, 13.30it/s][A[A[Aheatmap_layers_colnorm_noising.png:   0%|          | 0.00/79.6k [00:00<?, ?B/s]2026-08-04 05:24:40,874 - INFO - HTTP Request: POST https://huggingface.co/datasets/unrulyabstractions/temporal-awareness.git/info/lfs/objects/verify "HTTP/1.1 200 OK"

heatmap_layers_denoising.png:   0%|          | 0.00/99.6k [00:00<?, ?B/s][A2026-08-04 05:24:40,892 - INFO - HTTP Request: POST https://huggingface.co/datasets/unrulyabstractions/temporal-awareness.git/info/lfs/objects/verify "HTTP/1.1 200 OK"



Upload 41 LFS files:  32%|███▏      | 13/41 [00:01<00:01, 14.70it/s][A[A[A

heatmap_layers_noising.png:   0%|          | 0.00/97.7k [00:00<?, ?B/s][A[A2026-08-04 05:24:40,900 - INFO - HTTP Request: POST https://huggingface.co/datasets/unrulyabstractions/temporal-awareness.git/info/lfs/objects/verify "HTTP/1.1 200 OK"




attn_vs_mlp_layer.png:   0%|          | 0.00/174k [00:00<?, ?B/s][A[A[A[A2026-08-04 05:24:40,938 - INFO - HTTP Request: PUT https://hf-hub-lfs-us-east-1.s3-accelerate.amazonaws.com/repos/ef/87/ef870e8dc8265ff802cde7e48a97a6727cc657365929f58754efc9d0b87852b3/8bac6c9ef28c7c3ef616e1609030cd23ce38b2be06184fe378a3e4a31b7d5a3d?X-Amz-Algorithm=AWS4-HMAC-SHA256&X-Amz-Content-Sha256=UNSIGNED-PAYLOAD&X-Amz-Credential=AKIA2JU7TKAQOYY2AAUF%2F20260804%2Fus-east-1%2Fs3%2Faws4_request&X-Amz-Date=20260804T052439Z&X-Amz-Expires=900&X-Amz-Signature=fbf04ce6d4fc9f07ff777ae5272f5e1bba29b2a1440f3fa7340f888b17cdb7b7&X-Amz-SignedHeaders=host&x-amz-checksum-crc32=AAAAAA%3D%3D&x-amz-sdk-checksum-algorithm=CRC32&x-amz-storage-class=INTELLIGENT_TIERING&x-id=PutObject "HTTP/1.1 200 OK"
heatmap_layers_colnorm_noising.png: 100%|██████████| 79.6k/79.6k [00:00<00:00, 547kB/s]
2026-08-04 05:24:40,954 - INFO - HTTP Request: POST https://huggingface.co/datasets/unrulyabstractions/temporal-awareness.git/info/lfs/objects/verify "HTTP/1.1 200 OK"
attn_vs_mlp_paired.png:   0%|          | 0.00/131k [00:00<?, ?B/s]2026-08-04 05:24:41,009 - INFO - HTTP Request: PUT https://hf-hub-lfs-us-east-1.s3-accelerate.amazonaws.com/repos/ef/87/ef870e8dc8265ff802cde7e48a97a6727cc657365929f58754efc9d0b87852b3/554a9ffc1873081ed7d904686b773e124bbd75c8b8a7c7433d293bb6d1b72bdb?X-Amz-Algorithm=AWS4-HMAC-SHA256&X-Amz-Content-Sha256=UNSIGNED-PAYLOAD&X-Amz-Credential=AKIA2JU7TKAQOYY2AAUF%2F20260804%2Fus-east-1%2Fs3%2Faws4_request&X-Amz-Date=20260804T052439Z&X-Amz-Expires=900&X-Amz-Signature=1f35ca202900fc00c1bc70512dbb8b203d00ac3fe677e9b479b954a73fde829a&X-Amz-SignedHeaders=host&x-amz-checksum-crc32=AAAAAA%3D%3D&x-amz-sdk-checksum-algorithm=CRC32&x-amz-storage-class=INTELLIGENT_TIERING&x-id=PutObject "HTTP/1.1 200 OK"
heatmap_layers_denoising.png: 100%|██████████| 99.6k/99.6k [00:00<00:00, 739kB/s]
2026-08-04 05:24:41,019 - INFO - HTTP Request: POST https://huggingface.co/datasets/unrulyabstractions/temporal-awareness.git/info/lfs/objects/verify "HTTP/1.1 200 OK"



Upload 41 LFS files:  39%|███▉      | 16/41 [00:01<00:01, 17.12it/s][A[A[A
component_importance_ranked.png:   0%|          | 0.00/121k [00:00<?, ?B/s][A2026-08-04 05:24:41,026 - INFO - HTTP Request: PUT https://hf-hub-lfs-us-east-1.s3-accelerate.amazonaws.com/repos/ef/87/ef870e8dc8265ff802cde7e48a97a6727cc657365929f58754efc9d0b87852b3/5c99572470ee55c164bc1510344cba6a75339a0fe9fec6f0e0e5ae078cb2fbb0?X-Amz-Algorithm=AWS4-HMAC-SHA256&X-Amz-Content-Sha256=UNSIGNED-PAYLOAD&X-Amz-Credential=AKIA2JU7TKAQOYY2AAUF%2F20260804%2Fus-east-1%2Fs3%2Faws4_request&X-Amz-Date=20260804T052439Z&X-Amz-Expires=900&X-Amz-Signature=d0bd8f70148e0560cc8c33eb47cc22ea538144a666f8186b44d0736dfadf6ca7&X-Amz-SignedHeaders=host&x-amz-checksum-crc32=AAAAAA%3D%3D&x-amz-sdk-checksum-algorithm=CRC32&x-amz-storage-class=INTELLIGENT_TIERING&x-id=PutObject "HTTP/1.1 200 OK"
attn_vs_mlp_layer.png: 100%|██████████| 174k/174k [00:00<00:00, 1.38MB/s]
2026-08-04 05:24:41,032 - INFO - HTTP Request: PUT https://hf-hub-lfs-us-east-1.s3-accelerate.amazonaws.com/repos/ef/87/ef870e8dc8265ff802cde7e48a97a6727cc657365929f58754efc9d0b87852b3/cce8432fa0630fbce351620ed40ee212862500c0965361ca5a38d2995d61dfd4?X-Amz-Algorithm=AWS4-HMAC-SHA256&X-Amz-Content-Sha256=UNSIGNED-PAYLOAD&X-Amz-Credential=AKIA2JU7TKAQOYY2AAUF%2F20260804%2Fus-east-1%2Fs3%2Faws4_request&X-Amz-Date=20260804T052439Z&X-Amz-Expires=900&X-Amz-Signature=4332426d6295084ae60ee76e1ad34dc5b1e1580ad0aa8a5ef0b1ffe92440565f&X-Amz-SignedHeaders=host&x-amz-checksum-crc32=AAAAAA%3D%3D&x-amz-sdk-checksum-algorithm=CRC32&x-amz-storage-class=INTELLIGENT_TIERING&x-id=PutObject "HTTP/1.1 200 OK"
heatmap_layers_noising.png: 100%|██████████| 97.7k/97.7k [00:00<00:00, 698kB/s]
2026-08-04 05:24:41,119 - INFO - HTTP Request: PUT https://hf-hub-lfs-us-east-1.s3-accelerate.amazonaws.com/repos/ef/87/ef870e8dc8265ff802cde7e48a97a6727cc657365929f58754efc9d0b87852b3/c4ae82c0ae550c2b7656f577c996e8aa03207b361d0233c799aad3ddcb92b2f2?X-Amz-Algorithm=AWS4-HMAC-SHA256&X-Amz-Content-Sha256=UNSIGNED-PAYLOAD&X-Amz-Credential=AKIA2JU7TKAQOYY2AAUF%2F20260804%2Fus-east-1%2Fs3%2Faws4_request&X-Amz-Date=20260804T052439Z&X-Amz-Expires=900&X-Amz-Signature=fc3d6633533532c1f5e9c7d1b8076ef346348b5700e8d3cfbcebd72a1f7f8d0a&X-Amz-SignedHeaders=host&x-amz-checksum-crc32=AAAAAA%3D%3D&x-amz-sdk-checksum-algorithm=CRC32&x-amz-storage-class=INTELLIGENT_TIERING&x-id=PutObject "HTTP/1.1 200 OK"
attn_vs_mlp_paired.png: 100%|██████████| 131k/131k [00:00<00:00, 797kB/s]
2026-08-04 05:24:41,135 - INFO - HTTP Request: POST https://huggingface.co/datasets/unrulyabstractions/temporal-awareness.git/info/lfs/objects/verify "HTTP/1.1 200 OK"
cumulative_recovery.png:   0%|          | 0.00/101k [00:00<?, ?B/s]2026-08-04 05:24:41,146 - INFO - HTTP Request: POST https://huggingface.co/datasets/unrulyabstractions/temporal-awareness.git/info/lfs/objects/verify "HTTP/1.1 200 OK"


layer_component_interaction.png:   0%|          | 0.00/272k [00:00<?, ?B/s][A[A2026-08-04 05:24:41,160 - INFO - HTTP Request: POST https://huggingface.co/datasets/unrulyabstractions/temporal-awareness.git/info/lfs/objects/verify "HTTP/1.1 200 OK"



Upload 41 LFS files:  44%|████▍     | 18/41 [00:01<00:01, 16.24it/s][A[A[A



difference_heatmap_layer.png:   0%|          | 0.00/103k [00:00<?, ?B/s][A[A[A[A2026-08-04 05:24:41,184 - INFO - HTTP Request: PUT https://hf-hub-lfs-us-east-1.s3-accelerate.amazonaws.com/repos/ef/87/ef870e8dc8265ff802cde7e48a97a6727cc657365929f58754efc9d0b87852b3/e250a5728d3de03bd4d7e5409d03fffa09f431c902f8d2b95618bfec10a8e94b?X-Amz-Algorithm=AWS4-HMAC-SHA256&X-Amz-Content-Sha256=UNSIGNED-PAYLOAD&X-Amz-Credential=AKIA2JU7TKAQOYY2AAUF%2F20260804%2Fus-east-1%2Fs3%2Faws4_request&X-Amz-Date=20260804T052439Z&X-Amz-Expires=900&X-Amz-Signature=1a4df9c86aebf3692f032118ebfd698721d03b4e0f1a82346c85c4f308a7f5d9&X-Amz-SignedHeaders=host&x-amz-checksum-crc32=AAAAAA%3D%3D&x-amz-sdk-checksum-algorithm=CRC32&x-amz-storage-class=INTELLIGENT_TIERING&x-id=PutObject "HTTP/1.1 200 OK"
component_importance_ranked.png: 100%|██████████| 121k/121k [00:00<00:00, 738kB/s]
2026-08-04 05:24:41,284 - INFO - HTTP Request: PUT https://hf-hub-lfs-us-east-1.s3-accelerate.amazonaws.com/repos/ef/87/ef870e8dc8265ff802cde7e48a97a6727cc657365929f58754efc9d0b87852b3/edc50920a94952723086fa2449d6e873e8f52b326a0ed795d8b8ae1052a039b4?X-Amz-Algorithm=AWS4-HMAC-SHA256&X-Amz-Content-Sha256=UNSIGNED-PAYLOAD&X-Amz-Credential=AKIA2JU7TKAQOYY2AAUF%2F20260804%2Fus-east-1%2Fs3%2Faws4_request&X-Amz-Date=20260804T052439Z&X-Amz-Expires=900&X-Amz-Signature=9c9c5c5b2a39ec7b17ab7c5bd611dc2f4cf6db96c5adcb672ae474e49c2cc654&X-Amz-SignedHeaders=host&x-amz-checksum-crc32=AAAAAA%3D%3D&x-amz-sdk-checksum-algorithm=CRC32&x-amz-storage-class=INTELLIGENT_TIERING&x-id=PutObject "HTTP/1.1 200 OK"
cumulative_recovery.png: 100%|██████████| 101k/101k [00:00<00:00, 678kB/s]
2026-08-04 05:24:41,291 - INFO - HTTP Request: POST https://huggingface.co/datasets/unrulyabstractions/temporal-awareness.git/info/lfs/objects/verify "HTTP/1.1 200 OK"



Upload 41 LFS files:  49%|████▉     | 20/41 [00:01<00:01, 15.98it/s][A[A[A2026-08-04 05:24:41,292 - INFO - HTTP Request: POST https://huggingface.co/datasets/unrulyabstractions/temporal-awareness.git/info/lfs/objects/verify "HTTP/1.1 200 OK"
noise_vs_denoise_per_component_layer.png:   0%|          | 0.00/209k [00:00<?, ?B/s]
redundancy_gap.png:   0%|          | 0.00/95.9k [00:00<?, ?B/s][A2026-08-04 05:24:41,345 - INFO - HTTP Request: PUT https://hf-hub-lfs-us-east-1.s3-accelerate.amazonaws.com/repos/ef/87/ef870e8dc8265ff802cde7e48a97a6727cc657365929f58754efc9d0b87852b3/183876f7c7b1fafb7dd8351b1944de0ea0d90031686982acebca027f008c89cd?X-Amz-Algorithm=AWS4-HMAC-SHA256&X-Amz-Content-Sha256=UNSIGNED-PAYLOAD&X-Amz-Credential=AKIA2JU7TKAQOYY2AAUF%2F20260804%2Fus-east-1%2Fs3%2Faws4_request&X-Amz-Date=20260804T052439Z&X-Amz-Expires=900&X-Amz-Signature=7045b4a3a204dc6bd92d41ccaa348b6a853a456e9c899e631164dd475d3ff076&X-Amz-SignedHeaders=host&x-amz-checksum-crc32=AAAAAA%3D%3D&x-amz-sdk-checksum-algorithm=CRC32&x-amz-storage-class=INTELLIGENT_TIERING&x-id=PutObject "HTTP/1.1 200 OK"
difference_heatmap_layer.png: 100%|██████████| 103k/103k [00:00<00:00, 556kB/s]
2026-08-04 05:24:41,419 - INFO - HTTP Request: PUT https://hf-hub-lfs-us-east-1.s3-accelerate.amazonaws.com/repos/ef/87/ef870e8dc8265ff802cde7e48a97a6727cc657365929f58754efc9d0b87852b3/044efa8c9914af94b3f8f499e6a7d028796b31a2957ef7f3185a3ab5fe7c095b?X-Amz-Algorithm=AWS4-HMAC-SHA256&X-Amz-Content-Sha256=UNSIGNED-PAYLOAD&X-Amz-Credential=AKIA2JU7TKAQOYY2AAUF%2F20260804%2Fus-east-1%2Fs3%2Faws4_request&X-Amz-Date=20260804T052439Z&X-Amz-Expires=900&X-Amz-Signature=0a1631109f03922e84ae8126898b1798c475cd1b36d28a221ea8c85aae6961c5&X-Amz-SignedHeaders=host&x-amz-checksum-crc32=AAAAAA%3D%3D&x-amz-sdk-checksum-algorithm=CRC32&x-amz-storage-class=INTELLIGENT_TIERING&x-id=PutObject "HTTP/1.1 200 OK"
redundancy_gap.png: 100%|██████████| 95.9k/95.9k [00:00<00:00, 768kB/s]
2026-08-04 05:24:41,422 - INFO - HTTP Request: PUT https://hf-hub-lfs-us-east-1.s3-accelerate.amazonaws.com/repos/ef/87/ef870e8dc8265ff802cde7e48a97a6727cc657365929f58754efc9d0b87852b3/f8853ddcd9599cb0bd0172cc7d80a99d08115512ffa857f9620fe12e4bb6a25c?X-Amz-Algorithm=AWS4-HMAC-SHA256&X-Amz-Content-Sha256=UNSIGNED-PAYLOAD&X-Amz-Credential=AKIA2JU7TKAQOYY2AAUF%2F20260804%2Fus-east-1%2Fs3%2Faws4_request&X-Amz-Date=20260804T052439Z&X-Amz-Expires=900&X-Amz-Signature=c8b837f63e0cf0f2b2cc349fc83b0efd0141331cc73b92744cff8f2a5e69d8cb&X-Amz-SignedHeaders=host&x-amz-checksum-crc32=AAAAAA%3D%3D&x-amz-sdk-checksum-algorithm=CRC32&x-amz-storage-class=INTELLIGENT_TIERING&x-id=PutObject "HTTP/1.1 200 OK"
layer_component_interaction.png: 100%|██████████| 272k/272k [00:00<00:00, 989kB/s]
2026-08-04 05:24:41,427 - INFO - HTTP Request: POST https://huggingface.co/datasets/unrulyabstractions/temporal-awareness.git/info/lfs/objects/verify "HTTP/1.1 200 OK"



Upload 41 LFS files:  54%|█████▎    | 22/41 [00:01<00:01, 15.58it/s][A[A[A
redundancy_gap_sorted.png:   0%|          | 0.00/82.1k [00:00<?, ?B/s][A2026-08-04 05:24:41,450 - INFO - HTTP Request: PUT https://hf-hub-lfs-us-east-1.s3-accelerate.amazonaws.com/repos/ef/87/ef870e8dc8265ff802cde7e48a97a6727cc657365929f58754efc9d0b87852b3/7dcb7c9c0c182d18d47957ef584a505b0925cd095c9a75bfc1d4338ca4f640ed?X-Amz-Algorithm=AWS4-HMAC-SHA256&X-Amz-Content-Sha256=UNSIGNED-PAYLOAD&X-Amz-Credential=AKIA2JU7TKAQOYY2AAUF%2F20260804%2Fus-east-1%2Fs3%2Faws4_request&X-Amz-Date=20260804T052439Z&X-Amz-Expires=900&X-Amz-Signature=9b9491dc15f2056784f152c3d7b475832bca53639dc87a7120fc62a4bf9d6f0b&X-Amz-SignedHeaders=host&x-amz-checksum-crc32=AAAAAA%3D%3D&x-amz-sdk-checksum-algorithm=CRC32&x-amz-storage-class=INTELLIGENT_TIERING&x-id=PutObject "HTTP/1.1 200 OK"
noise_vs_denoise_per_component_layer.png: 100%|██████████| 209k/209k [00:00<00:00, 1.33MB/s]
2026-08-04 05:24:41,469 - INFO - HTTP Request: POST https://huggingface.co/datasets/unrulyabstractions/temporal-awareness.git/info/lfs/objects/verify "HTTP/1.1 200 OK"
combined.png:   0%|          | 0.00/53.8k [00:00<?, ?B/s]2026-08-04 05:24:41,501 - INFO - HTTP Request: POST https://huggingface.co/datasets/unrulyabstractions/temporal-awareness.git/info/lfs/objects/verify "HTTP/1.1 200 OK"


core.png:   0%|          | 0.00/123k [00:00<?, ?B/s][A[A2026-08-04 05:24:41,551 - INFO - HTTP Request: POST https://huggingface.co/datasets/unrulyabstractions/temporal-awareness.git/info/lfs/objects/verify "HTTP/1.1 200 OK"




fork.png:   0%|          | 0.00/124k [00:00<?, ?B/s][A[A[A[A2026-08-04 05:24:41,553 - INFO - HTTP Request: PUT https://hf-hub-lfs-us-east-1.s3-accelerate.amazonaws.com/repos/ef/87/ef870e8dc8265ff802cde7e48a97a6727cc657365929f58754efc9d0b87852b3/a230f0a837b7ca0ba999226b5af924a75f6d0e75928444f472a9459848622513?X-Amz-Algorithm=AWS4-HMAC-SHA256&X-Amz-Content-Sha256=UNSIGNED-PAYLOAD&X-Amz-Credential=AKIA2JU7TKAQOYY2AAUF%2F20260804%2Fus-east-1%2Fs3%2Faws4_request&X-Amz-Date=20260804T052439Z&X-Amz-Expires=900&X-Amz-Signature=66b87ddae332b1092f49708d3361b5f1c0918bae4a230206c400fca47b286dfc&X-Amz-SignedHeaders=host&x-amz-checksum-crc32=AAAAAA%3D%3D&x-amz-sdk-checksum-algorithm=CRC32&x-amz-storage-class=INTELLIGENT_TIERING&x-id=PutObject "HTTP/1.1 200 OK"
redundancy_gap_sorted.png: 100%|██████████| 82.1k/82.1k [00:00<00:00, 652kB/s]
2026-08-04 05:24:41,573 - INFO - HTTP Request: POST https://huggingface.co/datasets/unrulyabstractions/temporal-awareness.git/info/lfs/objects/verify "HTTP/1.1 200 OK"



Upload 41 LFS files:  61%|██████    | 25/41 [00:01<00:00, 17.16it/s][A[A[A
logits.png:   0%|          | 0.00/210k [00:00<?, ?B/s][A2026-08-04 05:24:41,599 - INFO - HTTP Request: PUT https://hf-hub-lfs-us-east-1.s3-accelerate.amazonaws.com/repos/ef/87/ef870e8dc8265ff802cde7e48a97a6727cc657365929f58754efc9d0b87852b3/c5ef841c03cd69206a4243bdac79cb3a8a3c088be9346782611d55d0e166020a?X-Amz-Algorithm=AWS4-HMAC-SHA256&X-Amz-Content-Sha256=UNSIGNED-PAYLOAD&X-Amz-Credential=AKIA2JU7TKAQOYY2AAUF%2F20260804%2Fus-east-1%2Fs3%2Faws4_request&X-Amz-Date=20260804T052439Z&X-Amz-Expires=900&X-Amz-Signature=d0f09298def2b986db3a697feffb20c3d211d0a7ea1a364465075953aa7a2279&X-Amz-SignedHeaders=host&x-amz-checksum-crc32=AAAAAA%3D%3D&x-amz-sdk-checksum-algorithm=CRC32&x-amz-storage-class=INTELLIGENT_TIERING&x-id=PutObject "HTTP/1.1 200 OK"
combined.png: 100%|██████████| 53.8k/53.8k [00:00<00:00, 414kB/s]
2026-08-04 05:24:41,646 - INFO - HTTP Request: POST https://huggingface.co/datasets/unrulyabstractions/temporal-awareness.git/info/lfs/objects/verify "HTTP/1.1 200 OK"
probs.png:   0%|          | 0.00/161k [00:00<?, ?B/s]2026-08-04 05:24:41,654 - INFO - HTTP Request: PUT https://hf-hub-lfs-us-east-1.s3-accelerate.amazonaws.com/repos/ef/87/ef870e8dc8265ff802cde7e48a97a6727cc657365929f58754efc9d0b87852b3/b05e3437af64b823d8a487e22b2fb39937b4734d7b0b2ad3c2e423f0826f5a80?X-Amz-Algorithm=AWS4-HMAC-SHA256&X-Amz-Content-Sha256=UNSIGNED-PAYLOAD&X-Amz-Credential=AKIA2JU7TKAQOYY2AAUF%2F20260804%2Fus-east-1%2Fs3%2Faws4_request&X-Amz-Date=20260804T052439Z&X-Amz-Expires=900&X-Amz-Signature=b2f6c4e1943e003ad22dbd446bed1d2535674322dd0061c87e0a920ed591e4ee&X-Amz-SignedHeaders=host&x-amz-checksum-crc32=AAAAAA%3D%3D&x-amz-sdk-checksum-algorithm=CRC32&x-amz-storage-class=INTELLIGENT_TIERING&x-id=PutObject "HTTP/1.1 200 OK"
fork.png: 100%|██████████| 124k/124k [00:00<00:00, 1.22MB/s]
2026-08-04 05:24:41,744 - INFO - HTTP Request: PUT https://hf-hub-lfs-us-east-1.s3-accelerate.amazonaws.com/repos/ef/87/ef870e8dc8265ff802cde7e48a97a6727cc657365929f58754efc9d0b87852b3/165766b8b42589754a7182cd4271213d7164ce9516b2fb7bc58564fe93d4689f?X-Amz-Algorithm=AWS4-HMAC-SHA256&X-Amz-Content-Sha256=UNSIGNED-PAYLOAD&X-Amz-Credential=AKIA2JU7TKAQOYY2AAUF%2F20260804%2Fus-east-1%2Fs3%2Faws4_request&X-Amz-Date=20260804T052439Z&X-Amz-Expires=900&X-Amz-Signature=16e07499617be7d255cc90d7e9673fe2dca8d25c2213670b3f6ed059f19c02f4&X-Amz-SignedHeaders=host&x-amz-checksum-crc32=AAAAAA%3D%3D&x-amz-sdk-checksum-algorithm=CRC32&x-amz-storage-class=INTELLIGENT_TIERING&x-id=PutObject "HTTP/1.1 200 OK"
core.png: 100%|██████████| 123k/123k [00:00<00:00, 506kB/s]
2026-08-04 05:24:41,755 - INFO - HTTP Request: POST https://huggingface.co/datasets/unrulyabstractions/temporal-awareness.git/info/lfs/objects/verify "HTTP/1.1 200 OK"
2026-08-04 05:24:41,756 - INFO - HTTP Request: POST https://huggingface.co/datasets/unrulyabstractions/temporal-awareness.git/info/lfs/objects/verify "HTTP/1.1 200 OK"


trajectory.png:   0%|          | 0.00/141k [00:00<?, ?B/s][A[A


Upload 41 LFS files:  68%|██████▊   | 28/41 [00:01<00:00, 16.83it/s][A[A[A



vocab.png:   0%|          | 0.00/122k [00:00<?, ?B/s][A[A[A[A2026-08-04 05:24:41,780 - INFO - HTTP Request: PUT https://hf-hub-lfs-us-east-1.s3-accelerate.amazonaws.com/repos/ef/87/ef870e8dc8265ff802cde7e48a97a6727cc657365929f58754efc9d0b87852b3/6f827c604be4221a69869c6d18c8792ef3d22dd2fbc117b777a6ea08805b90c5?X-Amz-Algorithm=AWS4-HMAC-SHA256&X-Amz-Content-Sha256=UNSIGNED-PAYLOAD&X-Amz-Credential=AKIA2JU7TKAQOYY2AAUF%2F20260804%2Fus-east-1%2Fs3%2Faws4_request&X-Amz-Date=20260804T052439Z&X-Amz-Expires=900&X-Amz-Signature=75d7eecd23878f29590957a996683482b15cba2ff601c8e79c96e4b2a40dc59f&X-Amz-SignedHeaders=host&x-amz-checksum-crc32=AAAAAA%3D%3D&x-amz-sdk-checksum-algorithm=CRC32&x-amz-storage-class=INTELLIGENT_TIERING&x-id=PutObject "HTTP/1.1 200 OK"
probs.png: 100%|██████████| 161k/161k [00:00<00:00, 1.20MB/s]
2026-08-04 05:24:41,792 - INFO - HTTP Request: PUT https://hf-hub-lfs-us-east-1.s3-accelerate.amazonaws.com/repos/ef/87/ef870e8dc8265ff802cde7e48a97a6727cc657365929f58754efc9d0b87852b3/be7b3efcb8b16fdbb83e8a53cdf2f7e823e7fcbe340ac01764dddd06ab0f914b?X-Amz-Algorithm=AWS4-HMAC-SHA256&X-Amz-Content-Sha256=UNSIGNED-PAYLOAD&X-Amz-Credential=AKIA2JU7TKAQOYY2AAUF%2F20260804%2Fus-east-1%2Fs3%2Faws4_request&X-Amz-Date=20260804T052439Z&X-Amz-Expires=900&X-Amz-Signature=e44e29706060867ae150cbe2c3016e4297e64f2dc1a55cffa787585558d083fe&X-Amz-SignedHeaders=host&x-amz-checksum-crc32=AAAAAA%3D%3D&x-amz-sdk-checksum-algorithm=CRC32&x-amz-storage-class=INTELLIGENT_TIERING&x-id=PutObject "HTTP/1.1 200 OK"
logits.png: 100%|██████████| 210k/210k [00:00<00:00, 962kB/s]
2026-08-04 05:24:41,862 - INFO - HTTP Request: PUT https://hf-hub-lfs-us-east-1.s3-accelerate.amazonaws.com/repos/ef/87/ef870e8dc8265ff802cde7e48a97a6727cc657365929f58754efc9d0b87852b3/c0259aac6afb339cdc2c1e4fa8d6843cbc9286dc3ce813ace34be622dd0fca1a?X-Amz-Algorithm=AWS4-HMAC-SHA256&X-Amz-Content-Sha256=UNSIGNED-PAYLOAD&X-Amz-Credential=AKIA2JU7TKAQOYY2AAUF%2F20260804%2Fus-east-1%2Fs3%2Faws4_request&X-Amz-Date=20260804T052439Z&X-Amz-Expires=900&X-Amz-Signature=7bbbaa765d8143f6fab632f6b28e057bf7c0183f368747fe7bf728addc7a4d00&X-Amz-SignedHeaders=host&x-amz-checksum-crc32=AAAAAA%3D%3D&x-amz-sdk-checksum-algorithm=CRC32&x-amz-storage-class=INTELLIGENT_TIERING&x-id=PutObject "HTTP/1.1 200 OK"
vocab.png: 100%|██████████| 122k/122k [00:00<00:00, 1.17MB/s]
2026-08-04 05:24:41,881 - INFO - HTTP Request: POST https://huggingface.co/datasets/unrulyabstractions/temporal-awareness.git/info/lfs/objects/verify "HTTP/1.1 200 OK"



Upload 41 LFS files:  73%|███████▎  | 30/41 [00:02<00:00, 16.65it/s][A[A[Acombined.png:   0%|          | 0.00/53.7k [00:00<?, ?B/s]2026-08-04 05:24:41,895 - INFO - HTTP Request: POST https://huggingface.co/datasets/unrulyabstractions/temporal-awareness.git/info/lfs/objects/verify "HTTP/1.1 200 OK"

core.png:   0%|          | 0.00/151k [00:00<?, ?B/s][A2026-08-04 05:24:41,924 - INFO - HTTP Request: POST https://huggingface.co/datasets/unrulyabstractions/temporal-awareness.git/info/lfs/objects/verify "HTTP/1.1 200 OK"




fork.png:   0%|          | 0.00/143k [00:00<?, ?B/s][A[A[A[A2026-08-04 05:24:41,947 - INFO - HTTP Request: PUT https://hf-hub-lfs-us-east-1.s3-accelerate.amazonaws.com/repos/ef/87/ef870e8dc8265ff802cde7e48a97a6727cc657365929f58754efc9d0b87852b3/48ad25467e12fcd8e3930c1b3ee5797f567ef9b730691d9ee54d6ada89832f99?X-Amz-Algorithm=AWS4-HMAC-SHA256&X-Amz-Content-Sha256=UNSIGNED-PAYLOAD&X-Amz-Credential=AKIA2JU7TKAQOYY2AAUF%2F20260804%2Fus-east-1%2Fs3%2Faws4_request&X-Amz-Date=20260804T052439Z&X-Amz-Expires=900&X-Amz-Signature=b6a5a7be0f57c87b3959e293be427e8add439041c023f063368545110d60ca5d&X-Amz-SignedHeaders=host&x-amz-checksum-crc32=AAAAAA%3D%3D&x-amz-sdk-checksum-algorithm=CRC32&x-amz-storage-class=INTELLIGENT_TIERING&x-id=PutObject "HTTP/1.1 200 OK"
trajectory.png: 100%|██████████| 141k/141k [00:00<00:00, 741kB/s]
2026-08-04 05:24:41,978 - INFO - HTTP Request: POST https://huggingface.co/datasets/unrulyabstractions/temporal-awareness.git/info/lfs/objects/verify "HTTP/1.1 200 OK"


logits.png:   0%|          | 0.00/214k [00:00<?, ?B/s][A[A2026-08-04 05:24:41,996 - INFO - HTTP Request: PUT https://hf-hub-lfs-us-east-1.s3-accelerate.amazonaws.com/repos/ef/87/ef870e8dc8265ff802cde7e48a97a6727cc657365929f58754efc9d0b87852b3/e2eb97b5f2ffb14aba3ec7c5413af974a9f2e51d93b464e961d1a8c81b44c647?X-Amz-Algorithm=AWS4-HMAC-SHA256&X-Amz-Content-Sha256=UNSIGNED-PAYLOAD&X-Amz-Credential=AKIA2JU7TKAQOYY2AAUF%2F20260804%2Fus-east-1%2Fs3%2Faws4_request&X-Amz-Date=20260804T052439Z&X-Amz-Expires=900&X-Amz-Signature=009a351b5e0cb7bec9d1bff5e44b772ee2b21c6f6ee47124665381d7745d5646&X-Amz-SignedHeaders=host&x-amz-checksum-crc32=AAAAAA%3D%3D&x-amz-sdk-checksum-algorithm=CRC32&x-amz-storage-class=INTELLIGENT_TIERING&x-id=PutObject "HTTP/1.1 200 OK"
combined.png: 100%|██████████| 53.7k/53.7k [00:00<00:00, 472kB/s]
2026-08-04 05:24:42,027 - INFO - HTTP Request: POST https://huggingface.co/datasets/unrulyabstractions/temporal-awareness.git/info/lfs/objects/verify "HTTP/1.1 200 OK"



Upload 41 LFS files:  80%|████████  | 33/41 [00:02<00:00, 17.84it/s][A[A[Aprobs.png:   0%|          | 0.00/180k [00:00<?, ?B/s]2026-08-04 05:24:42,035 - INFO - HTTP Request: PUT https://hf-hub-lfs-us-east-1.s3-accelerate.amazonaws.com/repos/ef/87/ef870e8dc8265ff802cde7e48a97a6727cc657365929f58754efc9d0b87852b3/cb0176c8c8e0a636dbeddbe26f42d47521554da12bce21da9bb724b636175163?X-Amz-Algorithm=AWS4-HMAC-SHA256&X-Amz-Content-Sha256=UNSIGNED-PAYLOAD&X-Amz-Credential=AKIA2JU7TKAQOYY2AAUF%2F20260804%2Fus-east-1%2Fs3%2Faws4_request&X-Amz-Date=20260804T052439Z&X-Amz-Expires=900&X-Amz-Signature=b434f3c6e6b8af4c544772e66c6b70aaed114cab2e50bad6c97b824d44df2438&X-Amz-SignedHeaders=host&x-amz-checksum-crc32=AAAAAA%3D%3D&x-amz-sdk-checksum-algorithm=CRC32&x-amz-storage-class=INTELLIGENT_TIERING&x-id=PutObject "HTTP/1.1 200 OK"
core.png: 100%|██████████| 151k/151k [00:00<00:00, 1.08MB/s]
2026-08-04 05:24:42,067 - INFO - HTTP Request: PUT https://hf-hub-lfs-us-east-1.s3-accelerate.amazonaws.com/repos/ef/87/ef870e8dc8265ff802cde7e48a97a6727cc657365929f58754efc9d0b87852b3/22a98ec417588fb0faaa9c494e956ae4c86b2ad2ab3659600cce2165e6f5616c?X-Amz-Algorithm=AWS4-HMAC-SHA256&X-Amz-Content-Sha256=UNSIGNED-PAYLOAD&X-Amz-Credential=AKIA2JU7TKAQOYY2AAUF%2F20260804%2Fus-east-1%2Fs3%2Faws4_request&X-Amz-Date=20260804T052439Z&X-Amz-Expires=900&X-Amz-Signature=31cad111f969280c4aed8d2cae542dfa09162ebbb2e24c750abd84d467f560cc&X-Amz-SignedHeaders=host&x-amz-checksum-crc32=AAAAAA%3D%3D&x-amz-sdk-checksum-algorithm=CRC32&x-amz-storage-class=INTELLIGENT_TIERING&x-id=PutObject "HTTP/1.1 200 OK"
fork.png: 100%|██████████| 143k/143k [00:00<00:00, 999kB/s]
2026-08-04 05:24:42,096 - INFO - HTTP Request: POST https://huggingface.co/datasets/unrulyabstractions/temporal-awareness.git/info/lfs/objects/verify "HTTP/1.1 200 OK"

trajectory.png:   0%|          | 0.00/184k [00:00<?, ?B/s][A2026-08-04 05:24:42,113 - INFO - HTTP Request: POST https://huggingface.co/datasets/unrulyabstractions/temporal-awareness.git/info/lfs/objects/verify "HTTP/1.1 200 OK"




vocab.png:   0%|          | 0.00/149k [00:00<?, ?B/s][A[A[A[A2026-08-04 05:24:42,118 - INFO - HTTP Request: PUT https://hf-hub-lfs-us-east-1.s3-accelerate.amazonaws.com/repos/ef/87/ef870e8dc8265ff802cde7e48a97a6727cc657365929f58754efc9d0b87852b3/f63dbf4305370436baf3d3445bf1febeabe7968c9afd5a3f2016e27e2d1bac4e?X-Amz-Algorithm=AWS4-HMAC-SHA256&X-Amz-Content-Sha256=UNSIGNED-PAYLOAD&X-Amz-Credential=AKIA2JU7TKAQOYY2AAUF%2F20260804%2Fus-east-1%2Fs3%2Faws4_request&X-Amz-Date=20260804T052439Z&X-Amz-Expires=900&X-Amz-Signature=84460ff23356983b1f62416e026e292b68c2aa0536356cb9c9bc527fead78a5e&X-Amz-SignedHeaders=host&x-amz-checksum-crc32=AAAAAA%3D%3D&x-amz-sdk-checksum-algorithm=CRC32&x-amz-storage-class=INTELLIGENT_TIERING&x-id=PutObject "HTTP/1.1 200 OK"
logits.png: 100%|██████████| 214k/214k [00:00<00:00, 1.53MB/s]
2026-08-04 05:24:42,164 - INFO - HTTP Request: POST https://huggingface.co/datasets/unrulyabstractions/temporal-awareness.git/info/lfs/objects/verify "HTTP/1.1 200 OK"



Upload 41 LFS files:  90%|█████████ | 37/41 [00:02<00:00, 21.11it/s][A[A[A2026-08-04 05:24:42,167 - INFO - HTTP Request: PUT https://hf-hub-lfs-us-east-1.s3-accelerate.amazonaws.com/repos/ef/87/ef870e8dc8265ff802cde7e48a97a6727cc657365929f58754efc9d0b87852b3/890feb2c9c6f9043de9d9b7bed8fabd218a0d6dad4e85abee221d94312a0cc6c?X-Amz-Algorithm=AWS4-HMAC-SHA256&X-Amz-Content-Sha256=UNSIGNED-PAYLOAD&X-Amz-Credential=AKIA2JU7TKAQOYY2AAUF%2F20260804%2Fus-east-1%2Fs3%2Faws4_request&X-Amz-Date=20260804T052439Z&X-Amz-Expires=900&X-Amz-Signature=68414d2bd8087ec51b2c53e14ea976ba6115e651a678210d0dfc9c50f383a09c&X-Amz-SignedHeaders=host&x-amz-checksum-crc32=AAAAAA%3D%3D&x-amz-sdk-checksum-algorithm=CRC32&x-amz-storage-class=INTELLIGENT_TIERING&x-id=PutObject "HTTP/1.1 200 OK"
probs.png: 100%|██████████| 180k/180k [00:00<00:00, 1.29MB/s]
2026-08-04 05:24:42,190 - INFO - HTTP Request: POST https://huggingface.co/datasets/unrulyabstractions/temporal-awareness.git/info/lfs/objects/verify "HTTP/1.1 200 OK"
2026-08-04 05:24:42,251 - INFO - HTTP Request: PUT https://hf-hub-lfs-us-east-1.s3-accelerate.amazonaws.com/repos/ef/87/ef870e8dc8265ff802cde7e48a97a6727cc657365929f58754efc9d0b87852b3/ddad0c5898ebe6a16a292c3ead2af94b7dd67c1deeae6064bb6c04ecda51413f?X-Amz-Algorithm=AWS4-HMAC-SHA256&X-Amz-Content-Sha256=UNSIGNED-PAYLOAD&X-Amz-Credential=AKIA2JU7TKAQOYY2AAUF%2F20260804%2Fus-east-1%2Fs3%2Faws4_request&X-Amz-Date=20260804T052439Z&X-Amz-Expires=900&X-Amz-Signature=ad831c08d31dcc1f4cc86d9a9aecfc311ef63b1e5e231ab50ecdf3002b4ade83&X-Amz-SignedHeaders=host&x-amz-checksum-crc32=AAAAAA%3D%3D&x-amz-sdk-checksum-algorithm=CRC32&x-amz-storage-class=INTELLIGENT_TIERING&x-id=PutObject "HTTP/1.1 200 OK"
vocab.png: 100%|██████████| 149k/149k [00:00<00:00, 1.09MB/s]
2026-08-04 05:24:42,267 - INFO - HTTP Request: POST https://huggingface.co/datasets/unrulyabstractions/temporal-awareness.git/info/lfs/objects/verify "HTTP/1.1 200 OK"
2026-08-04 05:24:42,272 - INFO - HTTP Request: PUT https://hf-hub-lfs-us-east-1.s3-accelerate.amazonaws.com/repos/ef/87/ef870e8dc8265ff802cde7e48a97a6727cc657365929f58754efc9d0b87852b3/7f378220168053ab29fba6565cd44ebc48bfb48454c01408463b748c2da98588?X-Amz-Algorithm=AWS4-HMAC-SHA256&X-Amz-Content-Sha256=UNSIGNED-PAYLOAD&X-Amz-Credential=AKIA2JU7TKAQOYY2AAUF%2F20260804%2Fus-east-1%2Fs3%2Faws4_request&X-Amz-Date=20260804T052439Z&X-Amz-Expires=900&X-Amz-Signature=e253caf1e2667437fd41cd65111f2789867f41db820969e787dd8737d8e362aa&X-Amz-SignedHeaders=host&x-amz-checksum-crc32=AAAAAA%3D%3D&x-amz-sdk-checksum-algorithm=CRC32&x-amz-storage-class=INTELLIGENT_TIERING&x-id=PutObject "HTTP/1.1 200 OK"
trajectory.png: 100%|██████████| 184k/184k [00:00<00:00, 1.05MB/s]
2026-08-04 05:24:42,370 - INFO - HTTP Request: POST https://huggingface.co/datasets/unrulyabstractions/temporal-awareness.git/info/lfs/objects/verify "HTTP/1.1 200 OK"
2026-08-04 05:24:42,420 - INFO - HTTP Request: POST https://huggingface.co/datasets/unrulyabstractions/temporal-awareness.git/info/lfs/objects/verify "HTTP/1.1 200 OK"



Upload 41 LFS files:  98%|█████████▊| 40/41 [00:02<00:00, 17.03it/s][A[A[AUpload 41 LFS files: 100%|██████████| 41/41 [00:02<00:00, 15.69it/s]
2026-08-04 05:24:58,911 - INFO - HTTP Request: POST https://huggingface.co/api/datasets/unrulyabstractions/temporal-awareness/commit/main "HTTP/1.1 200 OK"
2026-08-04 05:24:58,914 - INFO - [commit 1/1] 57 files, 5.9 MB in 19.4s (309.4 KB/s) | pass total 57/57 files, 5.9 MB, 19.4s
2026-08-04 05:24:58,914 - INFO - Waiting 120s for new files (done-file RUN_COMPLETE: present)
2026-08-04 05:26:58,932 - INFO - Scanned /root/temporal-awareness/out/experiments/loc_llama_investment: 364 files on disk, 0 to upload (0.0 B)
2026-08-04 05:26:58,932 - INFO - RUN_COMPLETE is present and nothing is pending; the run is fully synced
2026-08-04 05:26:58,932 - INFO - Done: 531 files, 115.9 MB in 6h24m59s -> unrulyabstractions/temporal-awareness/localization/loc_llama_investment
2026-08-04 05:27:00,103 - INFO - HTTP Request: GET https://huggingface.co/api/datasets/unrulyabstractions/temporal-awareness "HTTP/1.1 200 OK"
2026-08-04 05:27:00,337 - INFO - Syncing /root/temporal-awareness/out/experiments/loc_llama_investment -> unrulyabstractions/temporal-awareness/localization/loc_llama_investment (dataset)
2026-08-04 05:27:00,347 - INFO - Scanned /root/temporal-awareness/out/experiments/loc_llama_investment: 364 files on disk, 0 to upload (0.0 B)
2026-08-04 05:27:00,347 - INFO - Done: 0 files, 0.0 B in 0.0s -> unrulyabstractions/temporal-awareness/localization/loc_llama_investment
2026-08-04 05:27:00,491 - INFO - HTTP Request: GET https://huggingface.co/api/datasets/unrulyabstractions/temporal-awareness/tree/main/localization%2Floc_llama_investment?recursive=true&expand=false "HTTP/1.1 200 OK"
2026-08-04 05:27:00,512 - INFO - Verify unrulyabstractions/temporal-awareness/localization/loc_llama_investment: 364 local, 364 remote, 0 missing, 0 size-mismatched
