layer,probe1_correct_acc,probe1_correct_std,probe1_correct_auc,probe2_fill_acc,probe2_fill_auc,probe3_source_acc,probe3_source_auc,mean_cosine_sim,cosine_fill_corr,cosine_correct,cosine_incorrect
0,0.45568628907203673,0.09680478534355508,0.4692058682058682,0.9498039245605469,0.9971428571428571,0.5498039305210114,0.7428511142730713,0.9916356,-0.7890081093535541,0.99176407,0.99149674
7,0.6494117856025696,0.08819955177592702,0.661008177008177,0.9882352948188782,0.9971428571428571,0.5505882501602173,0.688293668627739,0.82737863,-0.8223678713962895,0.8295493,0.8250318
14,0.6494117796421051,0.09775960657559915,0.6706762866762868,0.9615686297416687,1.0,0.5631372630596161,0.6998917877674102,0.8464536,-0.8490708290453267,0.849305,0.8433709
21,0.6141176581382751,0.1536053999884532,0.6771192881192881,0.896470594406128,0.9728571428571428,0.5364705979824066,0.6867364287376404,0.8278271,-0.7302488113486856,0.8317138,0.8236252
27,0.625882375240326,0.11687589701710595,0.6627436267436269,0.8698039293289185,0.9561038961038962,0.5564706027507782,0.8216390013694763,0.79624516,-0.6558820984462024,0.8011905,0.7908988
