case,context_fill,context_tokens,seq_len,layer,head,correct,pathology,attention_entropy,frac_system,frac_early_cases,frac_recent_cases,frac_current_query,peak_relative
0,0.0083,34,210,0,0,False,Guillain-Barré syndrome,5.346647262573242,0.1372530162334442,0.0,0.0,0.8627470135688782,0.3349282296650718
0,0.0083,34,210,0,1,False,Guillain-Barré syndrome,1.9580751657485962,0.016606654971837997,0.0,0.0,0.9833932518959045,0.9952153110047847
0,0.0083,34,210,0,2,False,Guillain-Barré syndrome,4.558799743652344,0.14740729331970215,0.0,0.0,0.8525927066802979,0.8421052631578947
0,0.0083,34,210,0,3,False,Guillain-Barré syndrome,4.014327526092529,0.17859138548374176,0.0,0.0,0.8214086294174194,0.2631578947368421
0,0.0083,34,210,0,4,False,Guillain-Barré syndrome,3.604832172393799,0.00218376936390996,0.0,0.0,0.997816264629364,0.9808612440191388
0,0.0083,34,210,0,5,False,Guillain-Barré syndrome,4.532370090484619,0.06649277359247208,0.0,0.0,0.9335072040557861,0.9043062200956937
0,0.0083,34,210,0,6,False,Guillain-Barré syndrome,5.346641540527344,0.1375298649072647,0.0,0.0,0.8624701499938965,0.23444976076555024
0,0.0083,34,210,0,7,False,Guillain-Barré syndrome,4.833432197570801,0.14602622389793396,0.0,0.0,0.8539738655090332,0.2583732057416268
0,0.0083,34,210,0,8,False,Guillain-Barré syndrome,2.9865288734436035,0.270033597946167,0.0,0.0,0.7299663424491882,0.08133971291866028
0,0.0083,34,210,0,9,False,Guillain-Barré syndrome,3.999767780303955,0.019256308674812317,0.0,0.0,0.9807436466217041,0.9665071770334929
0,0.0083,34,210,0,10,False,Guillain-Barré syndrome,4.870729446411133,0.13532835245132446,0.0,0.0,0.8646715879440308,0.07177033492822966
0,0.0083,34,210,0,11,False,Guillain-Barré syndrome,2.9582204818725586,0.2983299493789673,0.0,0.0,0.7016699314117432,0.08133971291866028
0,0.0083,34,210,0,12,False,Guillain-Barré syndrome,5.3470916748046875,0.13813459873199463,0.0,0.0,0.8618654012680054,0.7894736842105263
0,0.0083,34,210,0,13,False,Guillain-Barré syndrome,2.7361435890197754,0.014854086562991142,0.0,0.0,0.9851457476615906,0.9665071770334929
0,0.0083,34,210,0,14,False,Guillain-Barré syndrome,3.889634847640991,0.19294597208499908,0.0,0.0,0.8070539832115173,0.4019138755980861
0,0.0083,34,210,0,15,False,Guillain-Barré syndrome,1.8982913494110107,0.0007668439066037536,0.0,0.0,0.9992332458496094,0.9760765550239234
0,0.0083,34,210,0,16,False,Guillain-Barré syndrome,4.095900058746338,0.17800317704677582,0.0,0.0,0.8219969272613525,0.8421052631578947
0,0.0083,34,210,0,17,False,Guillain-Barré syndrome,3.224691867828369,0.26720815896987915,0.0,0.0,0.7327918410301208,0.08133971291866028
0,0.0083,34,210,0,18,False,Guillain-Barré syndrome,3.479029893875122,0.28324559330940247,0.0,0.0,0.7167545557022095,0.08133971291866028
0,0.0083,34,210,0,19,False,Guillain-Barré syndrome,5.320957183837891,0.13709448277950287,0.0,0.0,0.8629055619239807,0.631578947368421
0,0.0083,34,210,0,20,False,Guillain-Barré syndrome,5.28635835647583,0.12698116898536682,0.0,0.0,0.8730188012123108,0.430622009569378
0,0.0083,34,210,0,21,False,Guillain-Barré syndrome,3.236168146133423,0.03426134213805199,0.0,0.0,0.9657385349273682,0.9712918660287081
0,0.0083,34,210,0,22,False,Guillain-Barré syndrome,5.317976474761963,0.13618525862693787,0.0,0.0,0.8638147711753845,0.7894736842105263
0,0.0083,34,210,0,23,False,Guillain-Barré syndrome,5.3011345863342285,0.13812851905822754,0.0,0.0,0.8618714809417725,0.9043062200956937
0,0.0083,34,210,0,24,False,Guillain-Barré syndrome,3.712143659591675,0.012760834768414497,0.0,0.0,0.9872392416000366,0.9808612440191388
0,0.0083,34,210,0,25,False,Guillain-Barré syndrome,5.3470869064331055,0.13794991374015808,0.0,0.0,0.8620501160621643,0.4258373205741627
0,0.0083,34,210,0,26,False,Guillain-Barré syndrome,5.254949569702148,0.10136163234710693,0.0,0.0,0.8986383080482483,0.9665071770334929
0,0.0083,34,210,0,27,False,Guillain-Barré syndrome,4.630282878875732,0.16869711875915527,0.0,0.0,0.8313028812408447,0.08133971291866028
0,0.0083,34,210,0,28,False,Guillain-Barré syndrome,4.837991714477539,0.09866183251142502,0.0,0.0,0.9013382196426392,0.8038277511961722
0,0.0083,34,210,0,29,False,Guillain-Barré syndrome,5.2024149894714355,0.14863745868206024,0.0,0.0,0.8513625264167786,0.7894736842105263
0,0.0083,34,210,0,30,False,Guillain-Barré syndrome,2.725050926208496,0.6575686931610107,0.0,0.0,0.34243136644363403,0.0
0,0.0083,34,210,0,31,False,Guillain-Barré syndrome,2.292447328567505,0.0158984512090683,0.0,0.0,0.9841015338897705,0.9665071770334929
0,0.0083,34,210,8,0,False,Guillain-Barré syndrome,4.05495023727417,0.352546364068985,0.0,0.0,0.6474536061286926,0.1722488038277512
0,0.0083,34,210,8,1,False,Guillain-Barré syndrome,3.3225467205047607,0.6341953873634338,0.0,0.0,0.3658044934272766,0.014354066985645933
0,0.0083,34,210,8,2,False,Guillain-Barré syndrome,2.7361483573913574,0.16733422875404358,0.0,0.0,0.832665741443634,1.0
0,0.0083,34,210,8,3,False,Guillain-Barré syndrome,2.865485668182373,0.1672671139240265,0.0,0.0,0.8327329158782959,0.9808612440191388
0,0.0083,34,210,8,4,False,Guillain-Barré syndrome,1.805461049079895,0.19578801095485687,0.0,0.0,0.8042118549346924,1.0
0,0.0083,34,210,8,5,False,Guillain-Barré syndrome,4.03057861328125,0.6024706959724426,0.0,0.0,0.39752933382987976,0.014354066985645933
0,0.0083,34,210,8,6,False,Guillain-Barré syndrome,3.4252562522888184,0.30957162380218506,0.0,0.0,0.6904283761978149,1.0
0,0.0083,34,210,8,7,False,Guillain-Barré syndrome,2.8011674880981445,0.46803614497184753,0.0,0.0,0.5319638848304749,0.1722488038277512
0,0.0083,34,210,8,8,False,Guillain-Barré syndrome,2.5608410835266113,0.08204086124897003,0.0,0.0,0.9179589748382568,1.0
0,0.0083,34,210,8,9,False,Guillain-Barré syndrome,2.7461724281311035,0.2857615649700165,0.0,0.0,0.7142384648323059,0.1722488038277512
0,0.0083,34,210,8,10,False,Guillain-Barré syndrome,2.9417331218719482,0.288551390171051,0.0,0.0,0.7114486694335938,0.1722488038277512
0,0.0083,34,210,8,11,False,Guillain-Barré syndrome,2.880531072616577,0.25006556510925293,0.0,0.0,0.7499344944953918,0.9760765550239234
0,0.0083,34,210,8,12,False,Guillain-Barré syndrome,2.89213228225708,0.3095986545085907,0.0,0.0,0.6904013156890869,0.1722488038277512
0,0.0083,34,210,8,13,False,Guillain-Barré syndrome,3.6604504585266113,0.24104316532611847,0.0,0.0,0.7589569091796875,0.9760765550239234
0,0.0083,34,210,8,14,False,Guillain-Barré syndrome,2.8920087814331055,0.3428505063056946,0.0,0.0,0.6571494340896606,0.1722488038277512
0,0.0083,34,210,8,15,False,Guillain-Barré syndrome,3.084780693054199,0.10411424934864044,0.0,0.0,0.8958857655525208,0.9904306220095693
0,0.0083,34,210,8,16,False,Guillain-Barré syndrome,3.3136801719665527,0.35358500480651855,0.0,0.0,0.6464149355888367,0.014354066985645933
0,0.0083,34,210,8,17,False,Guillain-Barré syndrome,5.258242130279541,0.180913507938385,0.0,0.0,0.8190865516662598,0.0
0,0.0083,34,210,8,18,False,Guillain-Barré syndrome,3.687649965286255,0.5880883932113647,0.0,0.0,0.4119115471839905,0.10526315789473684
0,0.0083,34,210,8,19,False,Guillain-Barré syndrome,3.643233299255371,0.3132433295249939,0.0,0.0,0.6867567300796509,0.1722488038277512
0,0.0083,34,210,8,20,False,Guillain-Barré syndrome,2.8826680183410645,0.3052669167518616,0.0,0.0,0.6947330832481384,0.1722488038277512
0,0.0083,34,210,8,21,False,Guillain-Barré syndrome,4.13414192199707,0.4187714755535126,0.0,0.0,0.5812286734580994,0.1722488038277512
0,0.0083,34,210,8,22,False,Guillain-Barré syndrome,2.214859962463379,0.35308772325515747,0.0,0.0,0.6469123363494873,0.1722488038277512
0,0.0083,34,210,8,23,False,Guillain-Barré syndrome,2.149653911590576,0.8540605306625366,0.0,0.0,0.14593957364559174,0.014354066985645933
0,0.0083,34,210,8,24,False,Guillain-Barré syndrome,3.2888808250427246,0.27514827251434326,0.0,0.0,0.7248517870903015,0.1722488038277512
0,0.0083,34,210,8,25,False,Guillain-Barré syndrome,2.8756601810455322,0.11358913034200668,0.0,0.0,0.8864108324050903,0.9760765550239234
0,0.0083,34,210,8,26,False,Guillain-Barré syndrome,2.5067667961120605,0.3357677161693573,0.0,0.0,0.6642322540283203,0.1722488038277512
0,0.0083,34,210,8,27,False,Guillain-Barré syndrome,5.312727451324463,0.15143170952796936,0.0,0.0,0.8485682606697083,0.0
0,0.0083,34,210,8,28,False,Guillain-Barré syndrome,2.876615524291992,0.05631396546959877,0.0,0.0,0.9436860680580139,0.9043062200956937
0,0.0083,34,210,8,29,False,Guillain-Barré syndrome,3.654876470565796,0.18803207576274872,0.0,0.0,0.8119679093360901,0.1722488038277512
0,0.0083,34,210,8,30,False,Guillain-Barré syndrome,5.3233137130737305,0.1409408301115036,0.0,0.0,0.8590591549873352,0.4019138755980861
0,0.0083,34,210,8,31,False,Guillain-Barré syndrome,3.1615965366363525,0.3002004325389862,0.0,0.0,0.6997995376586914,0.1722488038277512
0,0.0083,34,210,16,0,False,Guillain-Barré syndrome,2.443415880203247,0.1626923680305481,0.0,0.0,0.8373075723648071,0.9665071770334929
0,0.0083,34,210,16,1,False,Guillain-Barré syndrome,3.693526268005371,0.2255920022726059,0.0,0.0,0.7744079828262329,0.9282296650717703
0,0.0083,34,210,16,2,False,Guillain-Barré syndrome,3.1303324699401855,0.106165811419487,0.0,0.0,0.8938341736793518,0.9665071770334929
0,0.0083,34,210,16,3,False,Guillain-Barré syndrome,2.625685214996338,0.5382251143455505,0.0,0.0,0.4617748260498047,0.009569377990430622
0,0.0083,34,210,16,4,False,Guillain-Barré syndrome,3.173117160797119,0.3403061628341675,0.0,0.0,0.659693717956543,0.9665071770334929
0,0.0083,34,210,16,5,False,Guillain-Barré syndrome,3.4260928630828857,0.5666928887367249,0.0,0.0,0.43330714106559753,0.009569377990430622
0,0.0083,34,210,16,6,False,Guillain-Barré syndrome,3.5505945682525635,0.24953895807266235,0.0,0.0,0.7504611015319824,0.9330143540669856
0,0.0083,34,210,16,7,False,Guillain-Barré syndrome,3.628288745880127,0.4554023742675781,0.0,0.0,0.5445976853370667,0.0
0,0.0083,34,210,16,8,False,Guillain-Barré syndrome,4.035366058349609,0.360381543636322,0.0,0.0,0.6396185159683228,0.9665071770334929
0,0.0083,34,210,16,9,False,Guillain-Barré syndrome,2.634516716003418,0.5634959936141968,0.0,0.0,0.43650421500205994,0.009569377990430622
0,0.0083,34,210,16,10,False,Guillain-Barré syndrome,3.284573554992676,0.46290335059165955,0.0,0.0,0.5370966196060181,0.009569377990430622
0,0.0083,34,210,16,11,False,Guillain-Barré syndrome,3.0700695514678955,0.28976428508758545,0.0,0.0,0.7102356553077698,0.9665071770334929
0,0.0083,34,210,16,12,False,Guillain-Barré syndrome,3.9177961349487305,0.2170606255531311,0.0,0.0,0.7829393744468689,0.9665071770334929
0,0.0083,34,210,16,13,False,Guillain-Barré syndrome,4.178389072418213,0.3110310137271881,0.0,0.0,0.688969075679779,0.9856459330143541
0,0.0083,34,210,16,14,False,Guillain-Barré syndrome,2.4580116271972656,0.5629476308822632,0.0,0.0,0.4370523691177368,0.009569377990430622
0,0.0083,34,210,16,15,False,Guillain-Barré syndrome,4.937539100646973,0.23631227016448975,0.0,0.0,0.7636877298355103,0.009569377990430622
0,0.0083,34,210,16,16,False,Guillain-Barré syndrome,3.380918502807617,0.09078948944807053,0.0,0.0,0.9092104434967041,0.9665071770334929
0,0.0083,34,210,16,17,False,Guillain-Barré syndrome,3.8014638423919678,0.2339635044336319,0.0,0.0,0.7660365104675293,0.009569377990430622
0,0.0083,34,210,16,18,False,Guillain-Barré syndrome,0.5189980268478394,0.9968570470809937,0.0,0.0,0.003142822766676545,0.1291866028708134
0,0.0083,34,210,16,19,False,Guillain-Barré syndrome,3.9491004943847656,0.4731934368610382,0.0,0.0,0.5268065929412842,0.9090909090909091
0,0.0083,34,210,16,20,False,Guillain-Barré syndrome,2.720543384552002,0.5417581796646118,0.0,0.0,0.45824185013771057,0.009569377990430622
0,0.0083,34,210,16,21,False,Guillain-Barré syndrome,3.900139331817627,0.5283066034317017,0.0,0.0,0.4716934263706207,0.1339712918660287
0,0.0083,34,210,16,22,False,Guillain-Barré syndrome,2.893871545791626,0.06864326447248459,0.0,0.0,0.9313567876815796,0.9665071770334929
0,0.0083,34,210,16,23,False,Guillain-Barré syndrome,3.0269834995269775,0.3324776589870453,0.0,0.0,0.6675223112106323,0.009569377990430622
0,0.0083,34,210,16,24,False,Guillain-Barré syndrome,3.6190524101257324,0.41148680448532104,0.0,0.0,0.588513195514679,0.9186602870813397
0,0.0083,34,210,16,25,False,Guillain-Barré syndrome,4.044092655181885,0.47610411047935486,0.0,0.0,0.5238958597183228,0.10526315789473684
0,0.0083,34,210,16,26,False,Guillain-Barré syndrome,4.199345588684082,0.33826547861099243,0.0,0.0,0.6617345213890076,0.009569377990430622
0,0.0083,34,210,16,27,False,Guillain-Barré syndrome,4.104391574859619,0.29647624492645264,0.0,0.0,0.7035237550735474,0.9856459330143541
0,0.0083,34,210,16,28,False,Guillain-Barré syndrome,2.5442631244659424,0.5010395646095276,0.0,0.0,0.4989605247974396,0.009569377990430622
0,0.0083,34,210,16,29,False,Guillain-Barré syndrome,3.3257832527160645,0.48551037907600403,0.0,0.0,0.5144897103309631,0.009569377990430622
0,0.0083,34,210,16,30,False,Guillain-Barré syndrome,3.2079429626464844,0.3800897002220154,0.0,0.0,0.6199102997779846,0.13875598086124402
0,0.0083,34,210,16,31,False,Guillain-Barré syndrome,3.9314117431640625,0.21232753992080688,0.0,0.0,0.7876724004745483,0.9282296650717703
0,0.0083,34,210,24,0,False,Guillain-Barré syndrome,2.033797025680542,0.49351969361305237,0.0,0.0,0.50648033618927,0.019138755980861243
0,0.0083,34,210,24,1,False,Guillain-Barré syndrome,1.8392739295959473,0.5030273199081421,0.0,0.0,0.49697285890579224,0.019138755980861243
0,0.0083,34,210,24,2,False,Guillain-Barré syndrome,3.121168851852417,0.24750064313411713,0.0,0.0,0.7524993419647217,0.9282296650717703
0,0.0083,34,210,24,3,False,Guillain-Barré syndrome,3.8936221599578857,0.33549240231513977,0.0,0.0,0.6645076274871826,0.14354066985645933
0,0.0083,34,210,24,4,False,Guillain-Barré syndrome,2.2889983654022217,0.4146263599395752,0.0,0.0,0.5853736400604248,0.019138755980861243
0,0.0083,34,210,24,5,False,Guillain-Barré syndrome,2.716306447982788,0.4340621829032898,0.0,0.0,0.5659378170967102,0.019138755980861243
0,0.0083,34,210,24,6,False,Guillain-Barré syndrome,2.649447441101074,0.4920763671398163,0.0,0.0,0.5079236030578613,0.009569377990430622
0,0.0083,34,210,24,7,False,Guillain-Barré syndrome,2.418961763381958,0.40401506423950195,0.0,0.0,0.5959851145744324,0.019138755980861243
0,0.0083,34,210,24,8,False,Guillain-Barré syndrome,1.6536810398101807,0.5164246559143066,0.0,0.0,0.48357531428337097,0.019138755980861243
0,0.0083,34,210,24,9,False,Guillain-Barré syndrome,2.407317876815796,0.48448535799980164,0.0,0.0,0.5155145525932312,0.019138755980861243
0,0.0083,34,210,24,10,False,Guillain-Barré syndrome,3.0872602462768555,0.17785485088825226,0.0,0.0,0.8221450448036194,0.937799043062201
0,0.0083,34,210,24,11,False,Guillain-Barré syndrome,2.5549066066741943,0.4623488485813141,0.0,0.0,0.5376510620117188,0.019138755980861243
0,0.0083,34,210,24,12,False,Guillain-Barré syndrome,2.142256259918213,0.5477225184440613,0.0,0.0,0.4522775709629059,0.019138755980861243
0,0.0083,34,210,24,13,False,Guillain-Barré syndrome,2.4692647457122803,0.39023807644844055,0.0,0.0,0.6097620129585266,0.019138755980861243
0,0.0083,34,210,24,14,False,Guillain-Barré syndrome,2.667464017868042,0.5260418057441711,0.0,0.0,0.4739581346511841,0.019138755980861243
0,0.0083,34,210,24,15,False,Guillain-Barré syndrome,3.476001739501953,0.3494184613227844,0.0,0.0,0.6505815386772156,0.009569377990430622
0,0.0083,34,210,24,16,False,Guillain-Barré syndrome,2.9764652252197266,0.38822999596595764,0.0,0.0,0.6117700338363647,0.009569377990430622
0,0.0083,34,210,24,17,False,Guillain-Barré syndrome,2.9794929027557373,0.4185112416744232,0.0,0.0,0.581488847732544,0.009569377990430622
0,0.0083,34,210,24,18,False,Guillain-Barré syndrome,2.4464099407196045,0.47348397970199585,0.0,0.0,0.5265159606933594,0.019138755980861243
0,0.0083,34,210,24,19,False,Guillain-Barré syndrome,2.9560704231262207,0.4084954559803009,0.0,0.0,0.5915045738220215,0.14354066985645933
0,0.0083,34,210,24,20,False,Guillain-Barré syndrome,2.2359352111816406,0.47728657722473145,0.0,0.0,0.5227133631706238,0.009569377990430622
0,0.0083,34,210,24,21,False,Guillain-Barré syndrome,1.9596024751663208,0.7672332525253296,0.0,0.0,0.2327667623758316,0.009569377990430622
0,0.0083,34,210,24,22,False,Guillain-Barré syndrome,3.642662286758423,0.2084648609161377,0.0,0.0,0.7915351986885071,0.9282296650717703
0,0.0083,34,210,24,23,False,Guillain-Barré syndrome,3.784228563308716,0.23885461688041687,0.0,0.0,0.7611454725265503,0.9856459330143541
0,0.0083,34,210,24,24,False,Guillain-Barré syndrome,3.970158815383911,0.2233768105506897,0.0,0.0,0.7766232490539551,0.14354066985645933
0,0.0083,34,210,24,25,False,Guillain-Barré syndrome,3.422483444213867,0.3111095428466797,0.0,0.0,0.6888904571533203,0.15311004784688995
0,0.0083,34,210,24,26,False,Guillain-Barré syndrome,2.8144350051879883,0.35844314098358154,0.0,0.0,0.6415567994117737,0.14354066985645933
0,0.0083,34,210,24,27,False,Guillain-Barré syndrome,2.3440985679626465,0.39958927035331726,0.0,0.0,0.6004107594490051,0.019138755980861243
0,0.0083,34,210,24,28,False,Guillain-Barré syndrome,2.4888553619384766,0.49175694584846497,0.0,0.0,0.5082430839538574,0.019138755980861243
0,0.0083,34,210,24,29,False,Guillain-Barré syndrome,0.9688194394111633,0.01951412297785282,0.0,0.0,0.9804858565330505,0.9425837320574163
0,0.0083,34,210,24,30,False,Guillain-Barré syndrome,3.404557228088379,0.2258116602897644,0.0,0.0,0.7741883397102356,1.0
0,0.0083,34,210,24,31,False,Guillain-Barré syndrome,1.7802085876464844,0.5783207416534424,0.0,0.0,0.4216792583465576,0.019138755980861243
0,0.0083,34,210,31,0,False,Guillain-Barré syndrome,1.9360759258270264,0.030555278062820435,0.0,0.0,0.969444751739502,0.9760765550239234
0,0.0083,34,210,31,1,False,Guillain-Barré syndrome,3.420079231262207,0.2297443151473999,0.0,0.0,0.7702556848526001,0.16267942583732056
0,0.0083,34,210,31,2,False,Guillain-Barré syndrome,2.4459824562072754,0.46369224786758423,0.0,0.0,0.5363077521324158,0.009569377990430622
0,0.0083,34,210,31,3,False,Guillain-Barré syndrome,3.2235865592956543,0.4009341299533844,0.0,0.0,0.5990658402442932,0.14354066985645933
0,0.0083,34,210,31,4,False,Guillain-Barré syndrome,2.1508312225341797,0.335629403591156,0.0,0.0,0.6643705368041992,0.9856459330143541
0,0.0083,34,210,31,5,False,Guillain-Barré syndrome,1.534057855606079,0.09756111353635788,0.0,0.0,0.9024389982223511,1.0
0,0.0083,34,210,31,6,False,Guillain-Barré syndrome,2.3756284713745117,0.40426501631736755,0.0,0.0,0.5957350134849548,0.0
0,0.0083,34,210,31,7,False,Guillain-Barré syndrome,2.4266276359558105,0.49559298157691956,0.0,0.0,0.5044069290161133,0.009569377990430622
0,0.0083,34,210,31,8,False,Guillain-Barré syndrome,1.854905128479004,0.5879493951797485,0.0,0.0,0.41205066442489624,0.009569377990430622
0,0.0083,34,210,31,9,False,Guillain-Barré syndrome,3.049386739730835,0.22156845033168793,0.0,0.0,0.7784315347671509,1.0
0,0.0083,34,210,31,10,False,Guillain-Barré syndrome,3.4353749752044678,0.12484603375196457,0.0,0.0,0.8751539587974548,0.4019138755980861
0,0.0083,34,210,31,11,False,Guillain-Barré syndrome,2.937973737716675,0.4119592607021332,0.0,0.0,0.5880407691001892,0.009569377990430622
0,0.0083,34,210,31,12,False,Guillain-Barré syndrome,2.3640408515930176,0.4430299699306488,0.0,0.0,0.5569700598716736,0.009569377990430622
0,0.0083,34,210,31,13,False,Guillain-Barré syndrome,2.5615835189819336,0.27815645933151245,0.0,0.0,0.7218434810638428,0.14354066985645933
0,0.0083,34,210,31,14,False,Guillain-Barré syndrome,3.629340887069702,0.28515854477882385,0.0,0.0,0.7148414850234985,0.9856459330143541
0,0.0083,34,210,31,15,False,Guillain-Barré syndrome,2.861233949661255,0.4467073082923889,0.0,0.0,0.5532927513122559,0.009569377990430622
0,0.0083,34,210,31,16,False,Guillain-Barré syndrome,3.1141839027404785,0.44518283009529114,0.0,0.0,0.5548170804977417,0.009569377990430622
0,0.0083,34,210,31,17,False,Guillain-Barré syndrome,3.1912617683410645,0.2885006070137024,0.0,0.0,0.7114993929862976,0.9760765550239234
0,0.0083,34,210,31,18,False,Guillain-Barré syndrome,2.8839151859283447,0.43987715244293213,0.0,0.0,0.5601227879524231,0.009569377990430622
0,0.0083,34,210,31,19,False,Guillain-Barré syndrome,2.2733235359191895,0.4495478570461273,0.0,0.0,0.5504521727561951,0.019138755980861243
0,0.0083,34,210,31,20,False,Guillain-Barré syndrome,3.8922863006591797,0.292536199092865,0.0,0.0,0.7074637413024902,0.009569377990430622
0,0.0083,34,210,31,21,False,Guillain-Barré syndrome,3.2333335876464844,0.41465285420417786,0.0,0.0,0.5853472948074341,0.16267942583732056
0,0.0083,34,210,31,22,False,Guillain-Barré syndrome,2.1146223545074463,0.4420146942138672,0.0,0.0,0.5579853057861328,0.15311004784688995
0,0.0083,34,210,31,23,False,Guillain-Barré syndrome,3.06306529045105,0.4139392673969269,0.0,0.0,0.5860607624053955,0.009569377990430622
0,0.0083,34,210,31,24,False,Guillain-Barré syndrome,2.3752999305725098,0.4771893322467804,0.0,0.0,0.5228108167648315,0.019138755980861243
0,0.0083,34,210,31,25,False,Guillain-Barré syndrome,0.23818150162696838,0.004074404947459698,0.0,0.0,0.9959256052970886,1.0
0,0.0083,34,210,31,26,False,Guillain-Barré syndrome,2.2474350929260254,0.40656161308288574,0.0,0.0,0.5934383273124695,0.019138755980861243
0,0.0083,34,210,31,27,False,Guillain-Barré syndrome,3.1450819969177246,0.3939918279647827,0.0,0.0,0.6060081720352173,0.009569377990430622
0,0.0083,34,210,31,28,False,Guillain-Barré syndrome,2.4540462493896484,0.49935415387153625,0.0,0.0,0.5006458163261414,0.009569377990430622
0,0.0083,34,210,31,29,False,Guillain-Barré syndrome,2.3374149799346924,0.4969259202480316,0.0,0.0,0.5030741095542908,0.009569377990430622
0,0.0083,34,210,31,30,False,Guillain-Barré syndrome,2.634876012802124,0.47316423058509827,0.0,0.0,0.5268357396125793,0.009569377990430622
0,0.0083,34,210,31,31,False,Guillain-Barré syndrome,2.5460195541381836,0.4473710358142853,0.0,0.0,0.5526289343833923,0.009569377990430622
1,0.053,217,677,0,0,True,Panic attack,6.517177104949951,0.042567647993564606,0.13440579175949097,0.13608704507350922,0.6869394779205322,0.665680473372781
1,0.053,217,677,0,1,True,Panic attack,1.9881412982940674,1.3192476217227522e-05,0.00016379526641685516,0.0006558067398145795,0.9991671442985535,0.9985207100591716
1,0.053,217,677,0,2,True,Panic attack,5.6312713623046875,0.055598340928554535,0.10549002885818481,0.12280365079641342,0.716107964515686,0.9068047337278107
1,0.053,217,677,0,3,True,Panic attack,5.292983055114746,0.053182292729616165,0.11350971460342407,0.13954664766788483,0.6937614679336548,0.9068047337278107
1,0.053,217,677,0,4,True,Panic attack,3.7493700981140137,0.0002135744725819677,0.00023139467521104962,0.0005205850466154516,0.9990344047546387,0.9940828402366864
1,0.053,217,677,0,5,True,Panic attack,4.968434810638428,0.0066312989220023155,0.012445586733520031,0.013049923814833164,0.9678731560707092,0.9260355029585798
1,0.053,217,677,0,6,True,Panic attack,6.517241954803467,0.04252852872014046,0.13437920808792114,0.1358988881111145,0.6871933341026306,0.5236686390532544
1,0.053,217,677,0,7,True,Panic attack,5.9058756828308105,0.02704262174665928,0.12027812004089355,0.07777805626392365,0.774901270866394,0.75
1,0.053,217,677,0,8,True,Panic attack,4.100234508514404,0.11902394145727158,0.16203851997852325,0.15907041728496552,0.5598671436309814,0.02514792899408284
1,0.053,217,677,0,9,True,Panic attack,4.279496669769287,0.0018133167177438736,0.0011065152939409018,0.005236294586211443,0.9918439388275146,0.9896449704142012
1,0.053,217,677,0,10,True,Panic attack,6.112580299377441,0.0471528023481369,0.14770658314228058,0.12998083233833313,0.675159752368927,0.2588757396449704
1,0.053,217,677,0,11,True,Panic attack,3.9785304069519043,0.1381104588508606,0.1660270392894745,0.15730807185173035,0.5385543704032898,0.02514792899408284
1,0.053,217,677,0,12,True,Panic attack,6.517659664154053,0.042792536318302155,0.1344178169965744,0.13585659861564636,0.6869330406188965,0.8905325443786982
1,0.053,217,677,0,13,True,Panic attack,2.891002893447876,0.0006765715079382062,0.0015938285505399108,0.0009143801871687174,0.9968152046203613,0.9896449704142012
1,0.053,217,677,0,14,True,Panic attack,5.030956745147705,0.027010386809706688,0.05946056544780731,0.0913400650024414,0.8221889138221741,0.9068047337278107
1,0.053,217,677,0,15,True,Panic attack,2.1144065856933594,0.0001294399844482541,0.00032643755548633635,0.0018152082338929176,0.9977288842201233,0.992603550295858
1,0.053,217,677,0,16,True,Panic attack,5.188612937927246,0.06445072591304779,0.0904710441827774,0.09573870152235031,0.7493395209312439,0.9068047337278107
1,0.053,217,677,0,17,True,Panic attack,4.4100565910339355,0.10543239116668701,0.13805080950260162,0.15224236249923706,0.6042745113372803,0.038461538461538464
1,0.053,217,677,0,18,True,Panic attack,4.6929168701171875,0.11836939305067062,0.1542586088180542,0.14603570103645325,0.5813363194465637,0.02514792899408284
1,0.053,217,677,0,19,True,Panic attack,6.493908882141113,0.040579330176115036,0.132735013961792,0.13781575858592987,0.688869833946228,0.3905325443786982
1,0.053,217,677,0,20,True,Panic attack,6.461569786071777,0.04291984438896179,0.1383010596036911,0.13383916020393372,0.684939980506897,0.3905325443786982
1,0.053,217,677,0,21,True,Panic attack,4.194535255432129,0.005871789064258337,0.015736181288957596,0.03647725284099579,0.9419147968292236,0.9911242603550295
1,0.053,217,677,0,22,True,Panic attack,6.487977981567383,0.04162522032856941,0.130721777677536,0.13563081622123718,0.6920222043991089,0.2440828402366864
1,0.053,217,677,0,23,True,Panic attack,6.490682601928711,0.03999832272529602,0.1213003545999527,0.1328812539577484,0.7058200836181641,0.9896449704142012
1,0.053,217,677,0,24,True,Panic attack,4.110815525054932,0.0066405427642166615,0.011255582794547081,0.024655530229210854,0.957448422908783,0.9940828402366864
1,0.053,217,677,0,25,True,Panic attack,6.517651081085205,0.04279226064682007,0.13442863523960114,0.13594932854175568,0.6868296265602112,0.39349112426035504
1,0.053,217,677,0,26,True,Panic attack,6.300987720489502,0.020906297490000725,0.06581419706344604,0.07363277673721313,0.8396468758583069,0.9896449704142012
1,0.053,217,677,0,27,True,Panic attack,5.861075401306152,0.053433608263731,0.12080026417970657,0.13150611519813538,0.6942600011825562,0.9068047337278107
1,0.053,217,677,0,28,True,Panic attack,5.745436191558838,0.00787572655826807,0.029040254652500153,0.05029032379388809,0.9127936363220215,0.9467455621301775
1,0.053,217,677,0,29,True,Panic attack,6.371903896331787,0.04712573438882828,0.14348645508289337,0.1255529522895813,0.683834969997406,0.4171597633136095
1,0.053,217,677,0,30,True,Panic attack,5.13871955871582,0.11881276965141296,0.06993415206670761,0.27814874053001404,0.5331043601036072,0.3121301775147929
1,0.053,217,677,0,31,True,Panic attack,2.52630615234375,0.0005458706873469055,0.0016199426027014852,0.0034459903836250305,0.9943881630897522,0.9896449704142012
1,0.053,217,677,8,0,True,Panic attack,4.88683557510376,0.1823052167892456,0.177479088306427,0.11669003963470459,0.5235256552696228,0.05325443786982249
1,0.053,217,677,8,1,True,Panic attack,4.459840774536133,0.3302941620349884,0.15106502175331116,0.1303892731666565,0.3882516622543335,0.004437869822485207
1,0.053,217,677,8,2,True,Panic attack,2.6248059272766113,0.08766566962003708,0.13018041849136353,0.05237717926502228,0.7297767400741577,1.0
1,0.053,217,677,8,3,True,Panic attack,3.0999834537506104,0.11490914970636368,0.19685424864292145,0.03928022086620331,0.6489564776420593,0.05325443786982249
1,0.053,217,677,8,4,True,Panic attack,1.944678783416748,0.0859384685754776,0.12270189821720123,0.5877221822738647,0.20363754034042358,0.3091715976331361
1,0.053,217,677,8,5,True,Panic attack,4.648530006408691,0.40607160329818726,0.17437070608139038,0.16142499446868896,0.2581326961517334,0.0
1,0.053,217,677,8,6,True,Panic attack,3.8580105304718018,0.13676585257053375,0.1739177405834198,0.3463762402534485,0.34294015169143677,0.3091715976331361
1,0.053,217,677,8,7,True,Panic attack,3.238173246383667,0.30111968517303467,0.36649322509765625,0.1668185591697693,0.1655685007572174,0.05325443786982249
1,0.053,217,677,8,8,True,Panic attack,3.2090749740600586,0.04218410700559616,0.03975175321102142,0.0854293555021286,0.8326348066329956,0.992603550295858
1,0.053,217,677,8,9,True,Panic attack,4.183861255645752,0.1528368443250656,0.26550376415252686,0.22063612937927246,0.3610232174396515,0.05325443786982249
1,0.053,217,677,8,10,True,Panic attack,5.042882919311523,0.057190168648958206,0.11818864196538925,0.25531941652297974,0.5693017840385437,0.3121301775147929
1,0.053,217,677,8,11,True,Panic attack,3.2214956283569336,0.18885719776153564,0.19088274240493774,0.0994843915104866,0.5207756757736206,0.992603550295858
1,0.053,217,677,8,12,True,Panic attack,3.5722384452819824,0.18914419412612915,0.20346730947494507,0.11183975636959076,0.49554872512817383,0.9911242603550295
1,0.053,217,677,8,13,True,Panic attack,4.386852264404297,0.12853561341762543,0.10961644351482391,0.11272472143173218,0.6491231322288513,0.992603550295858
1,0.053,217,677,8,14,True,Panic attack,3.56396746635437,0.26529988646507263,0.3979245722293854,0.12016425281763077,0.21661144495010376,0.05325443786982249
1,0.053,217,677,8,15,True,Panic attack,3.0180373191833496,0.047337789088487625,0.09178106486797333,0.030743516981601715,0.8301375508308411,0.9970414201183432
1,0.053,217,677,8,16,True,Panic attack,4.260771751403809,0.15405775606632233,0.14570733904838562,0.08251841366291046,0.6177164912223816,0.9911242603550295
1,0.053,217,677,8,17,True,Panic attack,6.447449684143066,0.05356375128030777,0.1302526593208313,0.1369469165802002,0.6792367100715637,0.08136094674556213
1,0.053,217,677,8,18,True,Panic attack,4.888487339019775,0.13619038462638855,0.0881481021642685,0.34908923506736755,0.4265722632408142,0.30029585798816566
1,0.053,217,677,8,19,True,Panic attack,4.71920108795166,0.14876757562160492,0.16621999442577362,0.219809889793396,0.46520256996154785,0.05325443786982249
1,0.053,217,677,8,20,True,Panic attack,3.575096368789673,0.22062762081623077,0.34605568647384644,0.10398030281066895,0.3293364644050598,0.05325443786982249
1,0.053,217,677,8,21,True,Panic attack,5.089685440063477,0.17574159801006317,0.12762102484703064,0.07998711615800858,0.6166502833366394,0.05325443786982249
1,0.053,217,677,8,22,True,Panic attack,3.052175760269165,0.251359224319458,0.4596827030181885,0.13031665980815887,0.15864136815071106,0.05325443786982249
1,0.053,217,677,8,23,True,Panic attack,3.2063074111938477,0.6526991128921509,0.06637197732925415,0.0819815918803215,0.1989472210407257,0.004437869822485207
1,0.053,217,677,8,24,True,Panic attack,3.6731998920440674,0.20465941727161407,0.28792041540145874,0.07347174733877182,0.43394842743873596,0.05325443786982249
1,0.053,217,677,8,25,True,Panic attack,3.1334238052368164,0.0981806144118309,0.11747927963733673,0.04339561611413956,0.740944504737854,0.992603550295858
1,0.053,217,677,8,26,True,Panic attack,3.069685220718384,0.21528998017311096,0.38971495628356934,0.13952621817588806,0.2554687261581421,0.05325443786982249
1,0.053,217,677,8,27,True,Panic attack,6.500197887420654,0.04629267752170563,0.13095349073410034,0.13665631413459778,0.6860975027084351,0.0
1,0.053,217,677,8,28,True,Panic attack,2.8264293670654297,0.008231531828641891,0.008672613650560379,0.01633213274180889,0.9667637348175049,0.9260355029585798
1,0.053,217,677,8,29,True,Panic attack,4.240993022918701,0.06959842145442963,0.15549790859222412,0.0392417348921299,0.7356619834899902,0.05325443786982249
1,0.053,217,677,8,30,True,Panic attack,6.484336853027344,0.04758499190211296,0.1316910833120346,0.13480059802532196,0.6859233975410461,0.9260355029585798
1,0.053,217,677,8,31,True,Panic attack,4.0425214767456055,0.2127610146999359,0.39102888107299805,0.13286037743091583,0.2633498013019562,0.05325443786982249
1,0.053,217,677,16,0,True,Panic attack,3.035414218902588,0.009696118533611298,0.004618598613888025,0.04458067938685417,0.9411045908927917,0.9556213017751479
1,0.053,217,677,16,1,True,Panic attack,3.3369789123535156,0.030513618141412735,0.009857806377112865,0.004513050429522991,0.955115556716919,0.9718934911242604
1,0.053,217,677,16,2,True,Panic attack,4.532073020935059,0.05463990941643715,0.02253437042236328,0.074208565056324,0.8486171364784241,0.9467455621301775
1,0.053,217,677,16,3,True,Panic attack,3.301097869873047,0.4223536550998688,0.11184775084257126,0.04499634727835655,0.42080220580101013,0.0029585798816568047
1,0.053,217,677,16,4,True,Panic attack,4.303430557250977,0.07331304997205734,0.03732457011938095,0.022291846573352814,0.8670705556869507,0.9748520710059172
1,0.053,217,677,16,5,True,Panic attack,3.646697998046875,0.4111667573451996,0.11258634179830551,0.06569804251194,0.4105488657951355,0.005917159763313609
1,0.053,217,677,16,6,True,Panic attack,4.871305465698242,0.16163191199302673,0.06972615420818329,0.11248970031738281,0.6561522483825684,0.0029585798816568047
1,0.053,217,677,16,7,True,Panic attack,4.707425594329834,0.2682085931301117,0.09352372586727142,0.13140201568603516,0.5068656802177429,0.0
1,0.053,217,677,16,8,True,Panic attack,4.7737884521484375,0.12317215651273727,0.03856125473976135,0.02783612720668316,0.8104304075241089,0.9467455621301775
1,0.053,217,677,16,9,True,Panic attack,2.9084742069244385,0.4577067494392395,0.1659804731607437,0.07614199817180634,0.30017077922821045,0.005917159763313609
1,0.053,217,677,16,10,True,Panic attack,3.9795308113098145,0.3560141921043396,0.17141424119472504,0.12006814777851105,0.35250329971313477,0.0029585798816568047
1,0.053,217,677,16,11,True,Panic attack,4.154892921447754,0.22964048385620117,0.09038743376731873,0.0645473450422287,0.6154247522354126,0.0029585798816568047
1,0.053,217,677,16,12,True,Panic attack,4.288123607635498,0.2268257439136505,0.09331036359071732,0.08125530928373337,0.5986085534095764,0.0029585798816568047
1,0.053,217,677,16,13,True,Panic attack,4.257070541381836,0.2505575716495514,0.15452171862125397,0.1263275146484375,0.4685930907726288,0.005917159763313609
1,0.053,217,677,16,14,True,Panic attack,3.0087530612945557,0.4560586214065552,0.16371740400791168,0.1019415631890297,0.2782824635505676,0.005917159763313609
1,0.053,217,677,16,15,True,Panic attack,6.02056884765625,0.1328366994857788,0.16523845493793488,0.1432075798511505,0.5587171912193298,0.0029585798816568047
1,0.053,217,677,16,16,True,Panic attack,4.565138816833496,0.057604920119047165,0.04221751540899277,0.02429111860692501,0.8758865594863892,0.3328402366863905
1,0.053,217,677,16,17,True,Panic attack,4.4223856925964355,0.24405565857887268,0.08264011144638062,0.03233754262328148,0.6409666538238525,0.0029585798816568047
1,0.053,217,677,16,18,True,Panic attack,3.164778709411621,0.7001031637191772,0.015089367516338825,0.03404231742024422,0.25076523423194885,0.04142011834319527
1,0.053,217,677,16,19,True,Panic attack,4.5387187004089355,0.3375001847743988,0.0946277305483818,0.053912967443466187,0.5139590501785278,0.005917159763313609
1,0.053,217,677,16,20,True,Panic attack,3.128652811050415,0.46524691581726074,0.14817701280117035,0.06890640407800674,0.3176696002483368,0.0029585798816568047
1,0.053,217,677,16,21,True,Panic attack,4.905492782592773,0.21804632246494293,0.09190839529037476,0.05789656564593315,0.6321487426757812,0.0029585798816568047
1,0.053,217,677,16,22,True,Panic attack,4.1859354972839355,0.055288173258304596,0.041718170046806335,0.01827901042997837,0.884714663028717,0.9748520710059172
1,0.053,217,677,16,23,True,Panic attack,3.3246986865997314,0.2623266279697418,0.12904846668243408,0.06755945831537247,0.5410653352737427,1.0
1,0.053,217,677,16,24,True,Panic attack,3.034902811050415,0.042047664523124695,0.012168584391474724,0.011924210004508495,0.9338595867156982,0.9748520710059172
1,0.053,217,677,16,25,True,Panic attack,4.397212982177734,0.10873621702194214,0.016391290351748466,0.015451721847057343,0.8594207763671875,0.6331360946745562
1,0.053,217,677,16,26,True,Panic attack,4.929637432098389,0.17938509583473206,0.07592159509658813,0.045698318630456924,0.6989949345588684,0.0029585798816568047
1,0.053,217,677,16,27,True,Panic attack,5.047959327697754,0.13137902319431305,0.06200726330280304,0.08181452751159668,0.7247992753982544,0.9955621301775148
1,0.053,217,677,16,28,True,Panic attack,3.247882127761841,0.34842270612716675,0.2396581768989563,0.1319092959165573,0.28000980615615845,0.0029585798816568047
1,0.053,217,677,16,29,True,Panic attack,4.02796745300293,0.3712017238140106,0.15457721054553986,0.1339537650346756,0.3402673006057739,0.0029585798816568047
1,0.053,217,677,16,30,True,Panic attack,3.7906277179718018,0.22539159655570984,0.061519425362348557,0.039357129484415054,0.673731803894043,0.9748520710059172
1,0.053,217,677,16,31,True,Panic attack,4.869483947753906,0.08002221584320068,0.03880920633673668,0.026217561215162277,0.8549509644508362,0.9748520710059172
1,0.053,217,677,24,0,True,Panic attack,2.734132766723633,0.30075007677078247,0.21167072653770447,0.11469270288944244,0.3728865385055542,0.005917159763313609
1,0.053,217,677,24,1,True,Panic attack,2.5280938148498535,0.29287365078926086,0.20343591272830963,0.08509040623903275,0.4185999631881714,0.005917159763313609
1,0.053,217,677,24,2,True,Panic attack,3.9915690422058105,0.1900133490562439,0.13567090034484863,0.19261007010936737,0.4817056953907013,0.04437869822485207
1,0.053,217,677,24,3,True,Panic attack,4.220303535461426,0.25446775555610657,0.17425577342510223,0.09536705166101456,0.47590941190719604,0.04437869822485207
1,0.053,217,677,24,4,True,Panic attack,3.0252037048339844,0.2923310101032257,0.22385698556900024,0.1352558135986328,0.3485562205314636,0.005917159763313609
1,0.053,217,677,24,5,True,Panic attack,3.4794321060180664,0.3012276291847229,0.20223364233970642,0.13602712750434875,0.36051157116889954,0.005917159763313609
1,0.053,217,677,24,6,True,Panic attack,3.458461046218872,0.2852902412414551,0.1968706101179123,0.1569063365459442,0.3609328269958496,0.005917159763313609
1,0.053,217,677,24,7,True,Panic attack,2.935997724533081,0.29975491762161255,0.21647612750530243,0.13629932701587677,0.347469687461853,0.005917159763313609
1,0.053,217,677,24,8,True,Panic attack,2.2791738510131836,0.3330925405025482,0.19874820113182068,0.11139990389347076,0.3567592203617096,0.005917159763313609
1,0.053,217,677,24,9,True,Panic attack,2.363687753677368,0.3447583019733429,0.28712552785873413,0.11943692713975906,0.24867931008338928,0.005917159763313609
1,0.053,217,677,24,10,True,Panic attack,3.9398388862609863,0.17525087296962738,0.13764549791812897,0.1562647968530655,0.5308387279510498,0.04437869822485207
1,0.053,217,677,24,11,True,Panic attack,2.673276424407959,0.313693642616272,0.24223089218139648,0.11254716664552689,0.33152836561203003,0.005917159763313609
1,0.053,217,677,24,12,True,Panic attack,2.434218406677246,0.4258115291595459,0.2358274757862091,0.09786380082368851,0.24049723148345947,0.005917159763313609
1,0.053,217,677,24,13,True,Panic attack,3.031895875930786,0.2660331130027771,0.21040651202201843,0.1551857739686966,0.36837464570999146,0.047337278106508875
1,0.053,217,677,24,14,True,Panic attack,2.4079699516296387,0.37139663100242615,0.25431394577026367,0.1329600214958191,0.2413293421268463,0.005917159763313609
1,0.053,217,677,24,15,True,Panic attack,3.923977851867676,0.2435259222984314,0.19193030893802643,0.15851181745529175,0.40603190660476685,0.047337278106508875
1,0.053,217,677,24,16,True,Panic attack,3.1433322429656982,0.29591989517211914,0.22516991198062897,0.13199669122695923,0.3469134271144867,0.005917159763313609
1,0.053,217,677,24,17,True,Panic attack,3.8571252822875977,0.21682371199131012,0.12680889666080475,0.08948950469493866,0.5668777823448181,0.0029585798816568047
1,0.053,217,677,24,18,True,Panic attack,3.1476118564605713,0.31588470935821533,0.20967255532741547,0.1448586881160736,0.329584002494812,0.005917159763313609
1,0.053,217,677,24,19,True,Panic attack,4.186893939971924,0.15759453177452087,0.15510137379169464,0.06455643475055695,0.6227477192878723,0.04437869822485207
1,0.053,217,677,24,20,True,Panic attack,2.9483916759490967,0.3534892797470093,0.19459524750709534,0.1456109583377838,0.3063045144081116,0.0029585798816568047
1,0.053,217,677,24,21,True,Panic attack,2.925881862640381,0.5928663611412048,0.11596366763114929,0.07130936533212662,0.21986085176467896,0.0029585798816568047
1,0.053,217,677,24,22,True,Panic attack,4.188326358795166,0.06634586304426193,0.10188397765159607,0.3955262005329132,0.4362439215183258,0.3106508875739645
1,0.053,217,677,24,23,True,Panic attack,1.4765512943267822,0.00883559975773096,0.007121207658201456,0.027209192514419556,0.9568339586257935,0.9689349112426036
1,0.053,217,677,24,24,True,Panic attack,3.6338279247283936,0.04594481736421585,0.04893004149198532,0.05184675753116608,0.853278398513794,0.9718934911242604
1,0.053,217,677,24,25,True,Panic attack,3.0216193199157715,0.23454377055168152,0.2187923789024353,0.17282649874687195,0.37383735179901123,0.047337278106508875
1,0.053,217,677,24,26,True,Panic attack,2.9855942726135254,0.2508434057235718,0.24079929292201996,0.14833174645900726,0.36002546548843384,0.047337278106508875
1,0.053,217,677,24,27,True,Panic attack,2.512765407562256,0.31446513533592224,0.23147669434547424,0.147031769156456,0.30702629685401917,0.005917159763313609
1,0.053,217,677,24,28,True,Panic attack,2.536675453186035,0.4466967284679413,0.190603107213974,0.0693850889801979,0.29331520199775696,0.005917159763313609
1,0.053,217,677,24,29,True,Panic attack,2.406449317932129,0.33124223351478577,0.24492637813091278,0.1318824589252472,0.2919488549232483,0.005917159763313609
1,0.053,217,677,24,30,True,Panic attack,2.897991180419922,0.3282777667045593,0.22141776978969574,0.1354491263628006,0.31485530734062195,0.005917159763313609
1,0.053,217,677,24,31,True,Panic attack,2.4449288845062256,0.3402414917945862,0.17156332731246948,0.053568389266729355,0.4346266984939575,0.005917159763313609
1,0.053,217,677,31,0,True,Panic attack,1.623995304107666,0.015423519536852837,0.021826324984431267,0.01943904347717762,0.9433112144470215,1.0
1,0.053,217,677,31,1,True,Panic attack,3.9913330078125,0.19478178024291992,0.15524347126483917,0.08601792901754379,0.5639568567276001,0.0029585798816568047
1,0.053,217,677,31,2,True,Panic attack,2.7132174968719482,0.3097388446331024,0.24579854309558868,0.15660476684570312,0.2878578305244446,0.047337278106508875
1,0.053,217,677,31,3,True,Panic attack,2.9321329593658447,0.1996135711669922,0.4316903054714203,0.06854688376188278,0.30014923214912415,0.04437869822485207
1,0.053,217,677,31,4,True,Panic attack,2.6750998497009277,0.19737623631954193,0.1508176624774933,0.18928903341293335,0.46251702308654785,0.9955621301775148
1,0.053,217,677,31,5,True,Panic attack,2.6255929470062256,0.16438959538936615,0.09606041014194489,0.043824777007102966,0.69572514295578,1.0
1,0.053,217,677,31,6,True,Panic attack,2.5272281169891357,0.23439793288707733,0.0679996907711029,0.14985711872577667,0.547745406627655,0.9955621301775148
1,0.053,217,677,31,7,True,Panic attack,3.118870973587036,0.3670039176940918,0.22032634913921356,0.11542292684316635,0.2972468137741089,0.0029585798816568047
1,0.053,217,677,31,8,True,Panic attack,2.5315322875976562,0.3564856946468353,0.22204066812992096,0.1362093687057495,0.28526419401168823,0.0029585798816568047
1,0.053,217,677,31,9,True,Panic attack,3.02605938911438,0.11139518767595291,0.05828959494829178,0.027873335406184196,0.8024418950080872,1.0
1,0.053,217,677,31,10,True,Panic attack,4.320035934448242,0.17001664638519287,0.16024449467658997,0.08289435505867004,0.5868445634841919,0.8284023668639053
1,0.053,217,677,31,11,True,Panic attack,3.5070953369140625,0.2936885356903076,0.19485902786254883,0.10934124141931534,0.40211114287376404,0.0029585798816568047
1,0.053,217,677,31,12,True,Panic attack,2.618210554122925,0.26805371046066284,0.2423524111509323,0.17090903222560883,0.3186848759651184,0.047337278106508875
1,0.053,217,677,31,13,True,Panic attack,3.317016124725342,0.10482843965291977,0.3143977224826813,0.17535388469696045,0.4054200053215027,0.04437869822485207
1,0.053,217,677,31,14,True,Panic attack,3.131354331970215,0.20376430451869965,0.182928666472435,0.21728835999965668,0.39601871371269226,0.9955621301775148
1,0.053,217,677,31,15,True,Panic attack,3.3013036251068115,0.2986592650413513,0.2200593650341034,0.0843980461359024,0.3968833088874817,0.0029585798816568047
1,0.053,217,677,31,16,True,Panic attack,4.574504852294922,0.13775597512722015,0.08795329183340073,0.07460786402225494,0.6996828317642212,0.9718934911242604
1,0.053,217,677,31,17,True,Panic attack,3.978830099105835,0.13703320920467377,0.12336476892232895,0.05133463069796562,0.6882674098014832,1.0
1,0.053,217,677,31,18,True,Panic attack,3.0104894638061523,0.3277938961982727,0.28344017267227173,0.11687219142913818,0.27189382910728455,0.04437869822485207
1,0.053,217,677,31,19,True,Panic attack,2.739609718322754,0.2906271815299988,0.22603708505630493,0.16121722757816315,0.32211852073669434,0.047337278106508875
1,0.053,217,677,31,20,True,Panic attack,2.9238736629486084,0.42500802874565125,0.18404345214366913,0.07464107871055603,0.3163074851036072,0.005917159763313609
1,0.053,217,677,31,21,True,Panic attack,4.025058746337891,0.26042476296424866,0.20634746551513672,0.08671790361404419,0.44650983810424805,0.0029585798816568047
1,0.053,217,677,31,22,True,Panic attack,2.663865327835083,0.26707521080970764,0.2155991494655609,0.15740232169628143,0.3599233031272888,0.047337278106508875
1,0.053,217,677,31,23,True,Panic attack,2.9794423580169678,0.307944655418396,0.27274835109710693,0.13375264406204224,0.28555428981781006,0.04437869822485207
1,0.053,217,677,31,24,True,Panic attack,2.782463550567627,0.35127386450767517,0.23760253190994263,0.11382407695055008,0.2972995638847351,0.005917159763313609
1,0.053,217,677,31,25,True,Panic attack,0.0725388303399086,0.0007135611376725137,0.0006441716686822474,0.0006634480087086558,0.9979788064956665,1.0
1,0.053,217,677,31,26,True,Panic attack,2.824216365814209,0.2522619068622589,0.23571521043777466,0.16877701878547668,0.34324589371681213,0.047337278106508875
1,0.053,217,677,31,27,True,Panic attack,4.1017746925354,0.24463634192943573,0.15170487761497498,0.13200651109218597,0.4716522693634033,0.0029585798816568047
1,0.053,217,677,31,28,True,Panic attack,3.217123031616211,0.3549894392490387,0.21736910939216614,0.11199749261140823,0.31564396619796753,0.0029585798816568047
1,0.053,217,677,31,29,True,Panic attack,2.7564516067504883,0.3269985318183899,0.26383715867996216,0.12869498133659363,0.2804693579673767,0.005917159763313609
1,0.053,217,677,31,30,True,Panic attack,2.803257703781128,0.32607629895210266,0.2809819281101227,0.128016859292984,0.26492494344711304,0.047337278106508875
1,0.053,217,677,31,31,True,Panic attack,3.165931224822998,0.26748791337013245,0.1659662425518036,0.10124669969081879,0.465299129486084,0.9437869822485208
2,0.167,684,976,0,0,False,Viral pharyngitis,6.882943153381348,0.02950674667954445,0.3334168493747711,0.33227014541625977,0.30480626225471497,0.17333333333333334
2,0.167,684,976,0,1,False,Viral pharyngitis,2.0074515342712402,0.00010918309999397025,0.0026709837839007378,0.0011658570729196072,0.9960538148880005,0.9989743589743589
2,0.167,684,976,0,2,False,Viral pharyngitis,5.85533332824707,0.0310527253895998,0.21332088112831116,0.24637863039970398,0.5092477798461914,0.9271794871794872
2,0.167,684,976,0,3,False,Viral pharyngitis,5.713127136230469,0.0286747757345438,0.2919405698776245,0.28678905963897705,0.3925955593585968,0.8041025641025641
2,0.167,684,976,0,4,False,Viral pharyngitis,3.8161449432373047,2.2725194867234677e-05,0.0003374230582267046,0.006669098511338234,0.9929707050323486,0.9958974358974358
2,0.167,684,976,0,5,False,Viral pharyngitis,5.144075870513916,0.002909658942371607,0.0481281653046608,0.07021757960319519,0.8787446022033691,0.9507692307692308
2,0.167,684,976,0,6,False,Viral pharyngitis,6.883089542388916,0.02977236546576023,0.33325645327568054,0.33288174867630005,0.30408939719200134,0.3343589743589744
2,0.167,684,976,0,7,False,Viral pharyngitis,6.323447227478027,0.012401541694998741,0.2258588820695877,0.3186860680580139,0.4430534839630127,0.7374358974358974
2,0.167,684,976,0,8,False,Viral pharyngitis,4.4473042488098145,0.0805290937423706,0.3736203610897064,0.2256723791360855,0.32017818093299866,0.017435897435897435
2,0.167,684,976,0,9,False,Viral pharyngitis,4.2698445320129395,0.0006454262183979154,0.002290937351062894,0.02173921838402748,0.9753243327140808,0.9928205128205129
2,0.167,684,976,0,10,False,Viral pharyngitis,6.55103874206543,0.034440647810697556,0.32668471336364746,0.33008331060409546,0.3087913691997528,0.7374358974358974
2,0.167,684,976,0,11,False,Viral pharyngitis,4.298439025878906,0.09432900696992874,0.37907642126083374,0.2099728137254715,0.3166215717792511,0.017435897435897435
2,0.167,684,976,0,12,False,Viral pharyngitis,6.883451461791992,0.029675574973225594,0.3329695463180542,0.3330168128013611,0.30433809757232666,0.9076923076923077
2,0.167,684,976,0,13,False,Viral pharyngitis,2.918741226196289,0.0009162417845800519,0.008361570537090302,0.006261780392378569,0.9844603538513184,0.9928205128205129
2,0.167,684,976,0,14,False,Viral pharyngitis,5.100101947784424,0.004948349203914404,0.09260710328817368,0.21967341005802155,0.6827711462974548,0.9271794871794872
2,0.167,684,976,0,15,False,Viral pharyngitis,2.2272822856903076,0.00030085735488682985,0.0036199348978698254,0.01993419975042343,0.9761450290679932,0.9948717948717949
2,0.167,684,976,0,16,False,Viral pharyngitis,5.525959014892578,0.061455484479665756,0.32267922163009644,0.1915273368358612,0.4243379235267639,0.9271794871794872
2,0.167,684,976,0,17,False,Viral pharyngitis,4.805537223815918,0.06919030100107193,0.3390439450740814,0.24375267326831818,0.3480130136013031,0.18051282051282053
2,0.167,684,976,0,18,False,Viral pharyngitis,5.0606160163879395,0.08131174743175507,0.3554491698741913,0.24939678609371185,0.3138423264026642,0.017435897435897435
2,0.167,684,976,0,19,False,Viral pharyngitis,6.856394290924072,0.028249401599168777,0.33524712920188904,0.33257821202278137,0.30392521619796753,0.24205128205128204
2,0.167,684,976,0,20,False,Viral pharyngitis,6.824124813079834,0.028939643874764442,0.33392590284347534,0.33423513174057007,0.30289924144744873,0.4256410256410256
2,0.167,684,976,0,21,False,Viral pharyngitis,4.534687519073486,0.002230866579338908,0.03747672960162163,0.11782700568437576,0.8424654603004456,0.9938461538461538
2,0.167,684,976,0,22,False,Viral pharyngitis,6.853094100952148,0.028925420716404915,0.3278592824935913,0.33764806389808655,0.3055673837661743,0.008205128205128205
2,0.167,684,976,0,23,False,Viral pharyngitis,6.857211112976074,0.02670297585427761,0.3051198720932007,0.33070456981658936,0.3374726474285126,0.9928205128205129
2,0.167,684,976,0,24,False,Viral pharyngitis,4.17820405960083,0.002725302241742611,0.01161450520157814,0.059909846633672714,0.925750195980072,0.9958974358974358
2,0.167,684,976,0,25,False,Viral pharyngitis,6.883441925048828,0.02970331534743309,0.33305978775024414,0.33296409249305725,0.3042728304862976,0.39179487179487177
2,0.167,684,976,0,26,False,Viral pharyngitis,6.650266170501709,0.02061460167169571,0.2043798714876175,0.23496903479099274,0.5400363802909851,0.9928205128205129
2,0.167,684,976,0,27,False,Viral pharyngitis,6.206122398376465,0.03790074214339256,0.3303834795951843,0.2694546580314636,0.36226120591163635,0.8041025641025641
2,0.167,684,976,0,28,False,Viral pharyngitis,5.879508018493652,0.004093793220818043,0.054145798087120056,0.18045903742313385,0.7613013982772827,0.9682051282051282
2,0.167,684,976,0,29,False,Viral pharyngitis,6.729367256164551,0.03494586795568466,0.34020134806632996,0.3146266043186188,0.31022629141807556,0.5856410256410256
2,0.167,684,976,0,30,False,Viral pharyngitis,5.282589912414551,0.04252741113305092,0.22969239950180054,0.4473024010658264,0.28047776222229004,0.6953846153846154
2,0.167,684,976,0,31,False,Viral pharyngitis,2.5375795364379883,0.00022988465207163244,0.004262848291546106,0.01675381511449814,0.978753387928009,0.9928205128205129
2,0.167,684,976,8,0,False,Viral pharyngitis,5.04246187210083,0.141412615776062,0.34055930376052856,0.20771294832229614,0.31031516194343567,0.036923076923076927
2,0.167,684,976,8,1,False,Viral pharyngitis,4.804118633270264,0.2268228530883789,0.2925888001918793,0.18157008290290833,0.29901835322380066,0.036923076923076927
2,0.167,684,976,8,2,False,Viral pharyngitis,2.526862144470215,0.06798601150512695,0.14436332881450653,0.058805979788303375,0.7288447618484497,1.0
2,0.167,684,976,8,3,False,Viral pharyngitis,3.1888375282287598,0.09053226560354233,0.20660465955734253,0.04903947934508324,0.6538235545158386,0.9948717948717949
2,0.167,684,976,8,4,False,Viral pharyngitis,1.748302698135376,0.011066161096096039,0.21149608492851257,0.6642109751701355,0.11322684586048126,0.6933333333333334
2,0.167,684,976,8,5,False,Viral pharyngitis,4.667291641235352,0.3925114870071411,0.3727949559688568,0.12853343784809113,0.10616019368171692,0.0
2,0.167,684,976,8,6,False,Viral pharyngitis,4.041412830352783,0.08705397695302963,0.3363122045993805,0.3783210217952728,0.19831284880638123,0.6933333333333334
2,0.167,684,976,8,7,False,Viral pharyngitis,3.123023271560669,0.2029082328081131,0.5289422273635864,0.1580321490764618,0.11011742055416107,0.036923076923076927
2,0.167,684,976,8,8,False,Viral pharyngitis,3.898451089859009,0.03499339893460274,0.0964050441980362,0.39327892661094666,0.4753226637840271,0.6933333333333334
2,0.167,684,976,8,9,False,Viral pharyngitis,5.196869373321533,0.09683436155319214,0.38368868827819824,0.2867518961429596,0.23272505402565002,0.6953846153846154
2,0.167,684,976,8,10,False,Viral pharyngitis,5.214201927185059,0.01446462795138359,0.17259928584098816,0.4348706901073456,0.378065288066864,0.6953846153846154
2,0.167,684,976,8,11,False,Viral pharyngitis,3.3093409538269043,0.14706121385097504,0.2648158669471741,0.09852849692106247,0.4895944595336914,0.9948717948717949
2,0.167,684,976,8,12,False,Viral pharyngitis,3.758646249771118,0.12338300049304962,0.2973368763923645,0.13143053650856018,0.4478496015071869,0.9938461538461538
2,0.167,684,976,8,13,False,Viral pharyngitis,4.734589576721191,0.09487856179475784,0.24839964509010315,0.15005022287368774,0.5066716074943542,0.9948717948717949
2,0.167,684,976,8,14,False,Viral pharyngitis,3.7233498096466064,0.215206116437912,0.5158806443214417,0.15131591260433197,0.117597296833992,0.036923076923076927
2,0.167,684,976,8,15,False,Viral pharyngitis,2.840425729751587,0.04041362926363945,0.08965112268924713,0.034619592130184174,0.8353155851364136,0.9938461538461538
2,0.167,684,976,8,16,False,Viral pharyngitis,4.085812091827393,0.09194818139076233,0.1599685549736023,0.2514801025390625,0.49660322070121765,0.6994871794871795
2,0.167,684,976,8,17,False,Viral pharyngitis,6.834231853485107,0.03239761292934418,0.3163624107837677,0.3335363566875458,0.31770360469818115,0.1835897435897436
2,0.167,684,976,8,18,False,Viral pharyngitis,3.983717441558838,0.04209396243095398,0.08293630182743073,0.511695146560669,0.36327460408210754,0.6933333333333334
2,0.167,684,976,8,19,False,Viral pharyngitis,5.156605243682861,0.08331389725208282,0.2933502197265625,0.20458900928497314,0.41874682903289795,0.7035897435897436
2,0.167,684,976,8,20,False,Viral pharyngitis,3.9716312885284424,0.21302247047424316,0.36080560088157654,0.09472762048244476,0.3314443528652191,0.036923076923076927
2,0.167,684,976,8,21,False,Viral pharyngitis,5.388392448425293,0.1356126070022583,0.20396749675273895,0.17823025584220886,0.4821896553039551,0.036923076923076927
2,0.167,684,976,8,22,False,Viral pharyngitis,3.7222392559051514,0.17504854500293732,0.5288224816322327,0.17214715480804443,0.12398174405097961,0.036923076923076927
2,0.167,684,976,8,23,False,Viral pharyngitis,4.24500036239624,0.3995440602302551,0.20745861530303955,0.20238028466701508,0.19061705470085144,0.003076923076923077
2,0.167,684,976,8,24,False,Viral pharyngitis,3.6120104789733887,0.18414513766765594,0.32948124408721924,0.10241852700710297,0.38395509123802185,0.036923076923076927
2,0.167,684,976,8,25,False,Viral pharyngitis,3.290302038192749,0.10974771529436111,0.18706130981445312,0.06911889463663101,0.6340720057487488,1.0
2,0.167,684,976,8,26,False,Viral pharyngitis,3.337085247039795,0.18859994411468506,0.43859004974365234,0.14311622083187103,0.22969383001327515,0.036923076923076927
2,0.167,684,976,8,27,False,Viral pharyngitis,6.862911701202393,0.03356226906180382,0.3317565619945526,0.3279929757118225,0.30668824911117554,0.0
2,0.167,684,976,8,28,False,Viral pharyngitis,3.2422616481781006,0.007172254379838705,0.015630755573511124,0.058320604264736176,0.9188764095306396,0.9928205128205129
2,0.167,684,976,8,29,False,Viral pharyngitis,4.291893005371094,0.06031293794512749,0.21401840448379517,0.12169548869132996,0.6039731502532959,0.036923076923076927
2,0.167,684,976,8,30,False,Viral pharyngitis,6.840295314788818,0.029532603919506073,0.3315267562866211,0.33352363109588623,0.30541712045669556,0.09743589743589744
2,0.167,684,976,8,31,False,Viral pharyngitis,4.313711166381836,0.16179080307483673,0.5399657487869263,0.15585219860076904,0.14239133894443512,0.036923076923076927
2,0.167,684,976,16,0,False,Viral pharyngitis,3.4925551414489746,0.024188688024878502,0.04325893148779869,0.07295498251914978,0.8595973253250122,0.9876923076923076
2,0.167,684,976,16,1,False,Viral pharyngitis,2.889216423034668,0.008162089623510838,0.01215483620762825,0.003919239621609449,0.9757639169692993,0.9671794871794872
2,0.167,684,976,16,2,False,Viral pharyngitis,4.068505764007568,0.036997657269239426,0.07056532055139542,0.0662473738193512,0.8261898159980774,0.8728205128205129
2,0.167,684,976,16,3,False,Viral pharyngitis,3.319606065750122,0.3545067310333252,0.14874444901943207,0.05705096945166588,0.4396977722644806,0.0020512820512820513
2,0.167,684,976,16,4,False,Viral pharyngitis,3.879549026489258,0.09243316203355789,0.0592077374458313,0.026750870048999786,0.8216081857681274,0.961025641025641
2,0.167,684,976,16,5,False,Viral pharyngitis,4.283968448638916,0.31185391545295715,0.20760978758335114,0.10833865404129028,0.37219756841659546,0.0041025641025641026
2,0.167,684,976,16,6,False,Viral pharyngitis,5.041329383850098,0.16797886788845062,0.18182337284088135,0.12185017764568329,0.5283476114273071,0.0020512820512820513
2,0.167,684,976,16,7,False,Viral pharyngitis,5.159359931945801,0.21979369223117828,0.24064549803733826,0.27826422452926636,0.26129648089408875,0.0
2,0.167,684,976,16,8,False,Viral pharyngitis,5.128182888031006,0.13751645386219025,0.16874292492866516,0.07141169905662537,0.6223289370536804,0.0
2,0.167,684,976,16,9,False,Viral pharyngitis,3.3138794898986816,0.3495045304298401,0.30339398980140686,0.12494887411594391,0.22215257585048676,0.0041025641025641026
2,0.167,684,976,16,10,False,Viral pharyngitis,3.7345030307769775,0.3499928414821625,0.32844191789627075,0.1584165245294571,0.1631486415863037,0.0041025641025641026
2,0.167,684,976,16,11,False,Viral pharyngitis,3.885387897491455,0.2852203845977783,0.2418518364429474,0.08843778818845749,0.38448983430862427,0.0041025641025641026
2,0.167,684,976,16,12,False,Viral pharyngitis,4.705714702606201,0.20090442895889282,0.16868643462657928,0.10238432139158249,0.5280247926712036,0.0020512820512820513
2,0.167,684,976,16,13,False,Viral pharyngitis,4.328019618988037,0.210837721824646,0.32019683718681335,0.15827210247516632,0.3106934428215027,0.0041025641025641026
2,0.167,684,976,16,14,False,Viral pharyngitis,3.3990862369537354,0.39181631803512573,0.3181021511554718,0.13857132196426392,0.15151022374629974,0.0041025641025641026
2,0.167,684,976,16,15,False,Viral pharyngitis,6.455367088317871,0.09057702124118805,0.35743412375450134,0.2853001654148102,0.26668864488601685,0.0020512820512820513
2,0.167,684,976,16,16,False,Viral pharyngitis,4.755782604217529,0.07757352292537689,0.09986661374568939,0.0345669686794281,0.7879930138587952,0.9928205128205129
2,0.167,684,976,16,17,False,Viral pharyngitis,4.243041038513184,0.10385817289352417,0.0816911906003952,0.023075196892023087,0.7913753986358643,0.8717948717948718
2,0.167,684,976,16,18,False,Viral pharyngitis,2.772625684738159,0.7418410778045654,0.06368996202945709,0.046361293643713,0.1481076180934906,0.027692307692307693
2,0.167,684,976,16,19,False,Viral pharyngitis,4.71121883392334,0.2810218930244446,0.14754745364189148,0.08842867612838745,0.48300206661224365,0.0041025641025641026
2,0.167,684,976,16,20,False,Viral pharyngitis,3.1980719566345215,0.4123533070087433,0.27456575632095337,0.09506551176309586,0.2180154174566269,0.0020512820512820513
2,0.167,684,976,16,21,False,Viral pharyngitis,4.205432415008545,0.3358123302459717,0.27730506658554077,0.06722673773765564,0.31965598464012146,0.0041025641025641026
2,0.167,684,976,16,22,False,Viral pharyngitis,3.1940622329711914,0.026051122695207596,0.02381102368235588,0.008440399542450905,0.941697359085083,0.9917948717948718
2,0.167,684,976,16,23,False,Viral pharyngitis,3.6734237670898438,0.24616579711437225,0.2591177821159363,0.08532601594924927,0.4093904495239258,1.0
2,0.167,684,976,16,24,False,Viral pharyngitis,3.9043824672698975,0.07660301774740219,0.07647627592086792,0.021795790642499924,0.825124979019165,0.9928205128205129
2,0.167,684,976,16,25,False,Viral pharyngitis,4.349081993103027,0.0724114328622818,0.03343523293733597,0.029256729409098625,0.8648966550827026,0.9671794871794872
2,0.167,684,976,16,26,False,Viral pharyngitis,4.855324745178223,0.13332772254943848,0.10534946620464325,0.044394150376319885,0.7169287204742432,0.9928205128205129
2,0.167,684,976,16,27,False,Viral pharyngitis,5.410393714904785,0.1072879284620285,0.14202170073986053,0.1514851450920105,0.5992052555084229,0.9969230769230769
2,0.167,684,976,16,28,False,Viral pharyngitis,3.7202398777008057,0.31373944878578186,0.37935489416122437,0.14791719615459442,0.15898849070072174,0.0041025641025641026
2,0.167,684,976,16,29,False,Viral pharyngitis,4.361575126647949,0.2977762520313263,0.3502187132835388,0.16109183430671692,0.19091317057609558,0.0020512820512820513
2,0.167,684,976,16,30,False,Viral pharyngitis,4.0616455078125,0.17644688487052917,0.07317442446947098,0.04483867809176445,0.7055399417877197,0.961025641025641
2,0.167,684,976,16,31,False,Viral pharyngitis,4.411646842956543,0.03410724923014641,0.036000411957502365,0.019628968089818954,0.9102632999420166,0.9917948717948718
2,0.167,684,976,24,0,False,Viral pharyngitis,2.7356371879577637,0.19735778868198395,0.3804033398628235,0.16653679311275482,0.25570201873779297,0.0041025641025641026
2,0.167,684,976,24,1,False,Viral pharyngitis,2.8665709495544434,0.20609141886234283,0.353929340839386,0.18255065381526947,0.25742843747138977,0.0041025641025641026
2,0.167,684,976,24,2,False,Viral pharyngitis,3.8293673992156982,0.18040971457958221,0.3689732849597931,0.1433056890964508,0.3073112964630127,0.03076923076923077
2,0.167,684,976,24,3,False,Viral pharyngitis,4.285589694976807,0.17178231477737427,0.21308523416519165,0.08123989403247833,0.5338925123214722,0.0020512820512820513
2,0.167,684,976,24,4,False,Viral pharyngitis,3.1035659313201904,0.23228314518928528,0.4315192401409149,0.14315535128116608,0.1930423229932785,0.03282051282051282
2,0.167,684,976,24,5,False,Viral pharyngitis,4.095550537109375,0.21584828197956085,0.3863353133201599,0.15653371810913086,0.24128277599811554,0.0041025641025641026
2,0.167,684,976,24,6,False,Viral pharyngitis,3.672091484069824,0.21850524842739105,0.42205625772476196,0.15315735340118408,0.20628118515014648,0.0041025641025641026
2,0.167,684,976,24,7,False,Viral pharyngitis,3.2645344734191895,0.23064561188220978,0.4033733904361725,0.15059489011764526,0.21538609266281128,0.0041025641025641026
2,0.167,684,976,24,8,False,Viral pharyngitis,2.8296961784362793,0.24271421134471893,0.38761022686958313,0.1615486443042755,0.20812690258026123,0.0041025641025641026
2,0.167,684,976,24,9,False,Viral pharyngitis,2.529937505722046,0.25146356225013733,0.46833106875419617,0.1416235715150833,0.1385817676782608,0.03282051282051282
2,0.167,684,976,24,10,False,Viral pharyngitis,4.3476786613464355,0.1409752368927002,0.29103684425354004,0.15007027983665466,0.4179176092147827,0.03076923076923077
2,0.167,684,976,24,11,False,Viral pharyngitis,2.9962024688720703,0.2310275286436081,0.4124305844306946,0.15993881225585938,0.19660300016403198,0.0041025641025641026
2,0.167,684,976,24,12,False,Viral pharyngitis,2.6327641010284424,0.2938525676727295,0.4226970672607422,0.12463824450969696,0.158812016248703,0.0041025641025641026
2,0.167,684,976,24,13,False,Viral pharyngitis,3.3400814533233643,0.2050626277923584,0.4260292053222656,0.15741051733493805,0.21149758994579315,0.03282051282051282
2,0.167,684,976,24,14,False,Viral pharyngitis,2.633563995361328,0.2844266891479492,0.4854249656200409,0.10683757066726685,0.12331078946590424,0.0041025641025641026
2,0.167,684,976,24,15,False,Viral pharyngitis,4.42032527923584,0.16763713955879211,0.3415057361125946,0.19546207785606384,0.29539498686790466,0.03282051282051282
2,0.167,684,976,24,16,False,Viral pharyngitis,3.376676321029663,0.2404802143573761,0.41536054015159607,0.11448128521442413,0.22967804968357086,0.0041025641025641026
2,0.167,684,976,24,17,False,Viral pharyngitis,3.6953887939453125,0.1791459619998932,0.27629026770591736,0.09601728618144989,0.448546439409256,0.9907692307692307
2,0.167,684,976,24,18,False,Viral pharyngitis,3.3111233711242676,0.26074403524398804,0.4003430902957916,0.13858643174171448,0.20032645761966705,0.0041025641025641026
2,0.167,684,976,24,19,False,Viral pharyngitis,4.103653907775879,0.09946493059396744,0.19092880189418793,0.05120451748371124,0.6584018468856812,0.9876923076923076
2,0.167,684,976,24,20,False,Viral pharyngitis,3.135859966278076,0.3251551389694214,0.39974868297576904,0.12837977707386017,0.1467163860797882,0.0020512820512820513
2,0.167,684,976,24,21,False,Viral pharyngitis,3.2185428142547607,0.5959063768386841,0.174544557929039,0.12068045139312744,0.10886852443218231,0.0020512820512820513
2,0.167,684,976,24,22,False,Viral pharyngitis,4.315256118774414,0.04269809275865555,0.3078500032424927,0.3761225938796997,0.27332931756973267,0.6943589743589743
2,0.167,684,976,24,23,False,Viral pharyngitis,2.313023567199707,0.052374258637428284,0.09381037950515747,0.07102221250534058,0.7827930450439453,0.9784615384615385
2,0.167,684,976,24,24,False,Viral pharyngitis,1.5900813341140747,0.008209969848394394,0.03433503583073616,0.07286227494478226,0.8845926523208618,0.9620512820512821
2,0.167,684,976,24,25,False,Viral pharyngitis,3.102699041366577,0.18401473760604858,0.4522770941257477,0.16084755957126617,0.20286040008068085,0.03282051282051282
2,0.167,684,976,24,26,False,Viral pharyngitis,3.3365252017974854,0.18469810485839844,0.4390963613986969,0.1648029088973999,0.21140256524085999,0.03282051282051282
2,0.167,684,976,24,27,False,Viral pharyngitis,2.888796329498291,0.26056644320487976,0.435084730386734,0.14012545347213745,0.16422343254089355,0.0041025641025641026
2,0.167,684,976,24,28,False,Viral pharyngitis,2.6994497776031494,0.4007531404495239,0.3389706313610077,0.10010422766208649,0.1601720005273819,0.0041025641025641026
2,0.167,684,976,24,29,False,Viral pharyngitis,2.6216278076171875,0.27177712321281433,0.4558587372303009,0.1268017590045929,0.14556218683719635,0.0041025641025641026
2,0.167,684,976,24,30,False,Viral pharyngitis,3.256460666656494,0.22746294736862183,0.40756550431251526,0.13891083002090454,0.2260606586933136,0.0041025641025641026
2,0.167,684,976,24,31,False,Viral pharyngitis,2.6063497066497803,0.24135887622833252,0.32746827602386475,0.1577063947916031,0.27346640825271606,0.0041025641025641026
2,0.167,684,976,31,0,False,Viral pharyngitis,1.8002848625183105,0.018157484009861946,0.05360177904367447,0.02600472792983055,0.9022359848022461,1.0
2,0.167,684,976,31,1,False,Viral pharyngitis,3.8354177474975586,0.21516986191272736,0.34644174575805664,0.09497389942407608,0.3434145748615265,0.0020512820512820513
2,0.167,684,976,31,2,False,Viral pharyngitis,2.9723427295684814,0.24340492486953735,0.49534517526626587,0.12249784916639328,0.1387520283460617,0.21333333333333335
2,0.167,684,976,31,3,False,Viral pharyngitis,3.1093130111694336,0.17277221381664276,0.6038536429405212,0.10227464139461517,0.12109961360692978,0.03076923076923077
2,0.167,684,976,31,4,False,Viral pharyngitis,2.953479051589966,0.15614980459213257,0.38582706451416016,0.2164914906024933,0.2415316104888916,0.9969230769230769
2,0.167,684,976,31,5,False,Viral pharyngitis,3.2033746242523193,0.16636928915977478,0.20754078030586243,0.05799160152673721,0.5680983662605286,1.0
2,0.167,684,976,31,6,False,Viral pharyngitis,3.0800909996032715,0.21115471422672272,0.2437307983636856,0.27918392419815063,0.2659304440021515,0.0
2,0.167,684,976,31,7,False,Viral pharyngitis,3.2236099243164062,0.3475086987018585,0.4235553443431854,0.08623985946178436,0.14269597828388214,0.0020512820512820513
2,0.167,684,976,31,8,False,Viral pharyngitis,2.8552587032318115,0.2463034838438034,0.44499924778938293,0.1438005119562149,0.1648966670036316,0.03076923076923077
2,0.167,684,976,31,9,False,Viral pharyngitis,3.806290626525879,0.11166194081306458,0.1387714445590973,0.07358382642269135,0.6759827733039856,1.0
2,0.167,684,976,31,10,False,Viral pharyngitis,3.7477777004241943,0.2118799239397049,0.42951786518096924,0.07232771813869476,0.2862745523452759,0.03282051282051282
2,0.167,684,976,31,11,False,Viral pharyngitis,3.549654960632324,0.3034153878688812,0.3886035680770874,0.09286361932754517,0.21511724591255188,0.0020512820512820513
2,0.167,684,976,31,12,False,Viral pharyngitis,2.768012523651123,0.174630805850029,0.5017735958099365,0.1706559956073761,0.1529395431280136,0.03282051282051282
2,0.167,684,976,31,13,False,Viral pharyngitis,3.833505392074585,0.05302158370614052,0.5739772319793701,0.20443448424339294,0.16856665909290314,0.03076923076923077
2,0.167,684,976,31,14,False,Viral pharyngitis,3.1818816661834717,0.16871501505374908,0.42322155833244324,0.1696559488773346,0.23840749263763428,0.03282051282051282
2,0.167,684,976,31,15,False,Viral pharyngitis,3.2506275177001953,0.2647823989391327,0.3853929936885834,0.09787657111883163,0.2519480288028717,0.0041025641025641026
2,0.167,684,976,31,16,False,Viral pharyngitis,4.32665491104126,0.19533194601535797,0.2541978061199188,0.10690051317214966,0.44356968998908997,0.9907692307692307
2,0.167,684,976,31,17,False,Viral pharyngitis,4.596933841705322,0.11133750528097153,0.18913428485393524,0.0863882303237915,0.6131400465965271,1.0
2,0.167,684,976,31,18,False,Viral pharyngitis,3.3423590660095215,0.23366610705852509,0.4893738627433777,0.10092917084693909,0.17603084444999695,0.03076923076923077
2,0.167,684,976,31,19,False,Viral pharyngitis,3.098001003265381,0.21828386187553406,0.4528139531612396,0.151159405708313,0.17774273455142975,0.03282051282051282
2,0.167,684,976,31,20,False,Viral pharyngitis,3.206803560256958,0.3445877730846405,0.3484804332256317,0.0716082751750946,0.23532360792160034,0.0041025641025641026
2,0.167,684,976,31,21,False,Viral pharyngitis,3.5295138359069824,0.32704368233680725,0.3857996165752411,0.09613220393657684,0.19102463126182556,0.0041025641025641026
2,0.167,684,976,31,22,False,Viral pharyngitis,3.021209716796875,0.20045112073421478,0.3906082212924957,0.1731424629688263,0.23579812049865723,0.03282051282051282
2,0.167,684,976,31,23,False,Viral pharyngitis,3.338989019393921,0.23715277016162872,0.47248542308807373,0.11365580558776855,0.17670592665672302,0.21333333333333335
2,0.167,684,976,31,24,False,Viral pharyngitis,3.0777127742767334,0.2631853520870209,0.43060001730918884,0.12354554235935211,0.1826690286397934,0.03282051282051282
2,0.167,684,976,31,25,False,Viral pharyngitis,0.0737466812133789,0.000604288128670305,0.001807075459510088,0.0010760221630334854,0.9965124726295471,1.0
2,0.167,684,976,31,26,False,Viral pharyngitis,3.1369805335998535,0.17541509866714478,0.47502076625823975,0.1652461290359497,0.18431799113750458,0.21333333333333335
2,0.167,684,976,31,27,False,Viral pharyngitis,3.969508171081543,0.2105926275253296,0.31611204147338867,0.09673332422971725,0.3765619397163391,0.0020512820512820513
2,0.167,684,976,31,28,False,Viral pharyngitis,3.025865077972412,0.3267093896865845,0.4314715564250946,0.09631737321615219,0.14550170302391052,0.0041025641025641026
2,0.167,684,976,31,29,False,Viral pharyngitis,3.080673933029175,0.24170410633087158,0.472904771566391,0.1187485009431839,0.1666426658630371,0.03282051282051282
2,0.167,684,976,31,30,False,Viral pharyngitis,3.3708913326263428,0.25054195523262024,0.45061635971069336,0.1188637837767601,0.17997798323631287,0.0041025641025641026
2,0.167,684,976,31,31,False,Viral pharyngitis,3.120844841003418,0.2511497437953949,0.4356594681739807,0.13889461755752563,0.17429614067077637,0.03282051282051282
3,0.24,983,1239,0,0,True,Atrial fibrillation,7.121582508087158,0.023252051323652267,0.38283318281173706,0.38363558053970337,0.21027930080890656,0.6437802907915994
3,0.24,983,1239,0,1,True,Atrial fibrillation,2.059993028640747,0.00014954074868001044,0.009290263056755066,0.0055395164526999,0.9850205779075623,0.9991922455573505
3,0.24,983,1239,0,2,True,Atrial fibrillation,6.034413814544678,0.03079267218708992,0.20700907707214355,0.38845619559288025,0.37374210357666016,0.9555735056542811
3,0.24,983,1239,0,3,True,Atrial fibrillation,5.9774088859558105,0.019349509850144386,0.3047344386577606,0.45704805850982666,0.21886804699897766,0.9555735056542811
3,0.24,983,1239,0,4,True,Atrial fibrillation,3.7402610778808594,8.04269511718303e-05,0.00019779136346187443,0.02713761292397976,0.9725841283798218,0.9967689822294022
3,0.24,983,1239,0,5,True,Atrial fibrillation,5.204814910888672,0.0003851783403661102,0.03829959034919739,0.10791213810443878,0.8534030914306641,0.9660743134087237
3,0.24,983,1239,0,6,True,Atrial fibrillation,7.1216325759887695,0.02340896800160408,0.38217583298683167,0.3836900591850281,0.2107251137495041,0.05654281098546042
3,0.24,983,1239,0,7,True,Atrial fibrillation,6.487217426300049,0.009636927396059036,0.2249356359243393,0.3780832886695862,0.3873441517353058,0.821486268174475
3,0.24,983,1239,0,8,True,Atrial fibrillation,4.653536319732666,0.06800878793001175,0.390275239944458,0.3896822929382324,0.15203355252742767,0.013731825525040387
3,0.24,983,1239,0,9,True,Atrial fibrillation,4.260745525360107,0.00029347202507779,0.0008897074731066823,0.05121857300400734,0.947598397731781,0.994345718901454
3,0.24,983,1239,0,10,True,Atrial fibrillation,6.813023567199707,0.028912756592035294,0.36881646513938904,0.38866645097732544,0.21360436081886292,0.21567043618739903
3,0.24,983,1239,0,11,True,Atrial fibrillation,4.497447967529297,0.07985678315162659,0.388725221157074,0.3783636689186096,0.15305429697036743,0.9297253634894992
3,0.24,983,1239,0,12,True,Atrial fibrillation,7.122048854827881,0.023385584354400635,0.3825429379940033,0.3832720220088959,0.2107994109392166,0.8982229402261712
3,0.24,983,1239,0,13,True,Atrial fibrillation,3.0582668781280518,0.0002569807111285627,0.014422097243368626,0.009065570309758186,0.9762552976608276,0.994345718901454
3,0.24,983,1239,0,14,True,Atrial fibrillation,5.193403244018555,0.001432602060958743,0.05403319001197815,0.440597802400589,0.5039365291595459,0.9297253634894992
3,0.24,983,1239,0,15,True,Atrial fibrillation,2.19779372215271,0.0002789146965369582,0.004368854686617851,0.02652047947049141,0.9688317179679871,0.9959612277867528
3,0.24,983,1239,0,16,True,Atrial fibrillation,5.8021559715271,0.05359158292412758,0.4426964819431305,0.2756413519382477,0.22807058691978455,0.9555735056542811
3,0.24,983,1239,0,17,True,Atrial fibrillation,5.011276721954346,0.05818384885787964,0.3676217794418335,0.4069674611091614,0.1672269105911255,0.6260096930533118
3,0.24,983,1239,0,18,True,Atrial fibrillation,5.322543144226074,0.0657675564289093,0.3698951005935669,0.3868129253387451,0.17752446234226227,0.6260096930533118
3,0.24,983,1239,0,19,True,Atrial fibrillation,7.094601154327393,0.02251320518553257,0.3840961754322052,0.38124847412109375,0.21214213967323303,0.3432956381260097
3,0.24,983,1239,0,20,True,Atrial fibrillation,7.0645222663879395,0.02166946791112423,0.3833438754081726,0.3841812312602997,0.21080535650253296,0.07269789983844911
3,0.24,983,1239,0,21,True,Atrial fibrillation,4.52304220199585,0.0015053506940603256,0.020586561411619186,0.20893578231334686,0.7689722776412964,0.9951534733441034
3,0.24,983,1239,0,22,True,Atrial fibrillation,7.091867923736572,0.02277844399213791,0.3831334710121155,0.38700780272483826,0.20708021521568298,0.3069466882067851
3,0.24,983,1239,0,23,True,Atrial fibrillation,7.096754550933838,0.020829033106565475,0.34490859508514404,0.39440929889678955,0.239853173494339,0.994345718901454
3,0.24,983,1239,0,24,True,Atrial fibrillation,4.210630893707275,0.0025240201503038406,0.006073953118175268,0.09442752599716187,0.8969745635986328,0.9967689822294022
3,0.24,983,1239,0,25,True,Atrial fibrillation,7.122035980224609,0.02339060604572296,0.3826504051685333,0.3833311200141907,0.21062783896923065,0.308562197092084
3,0.24,983,1239,0,26,True,Atrial fibrillation,6.903393745422363,0.016225077211856842,0.28302493691444397,0.28897225856781006,0.4117778539657593,0.994345718901454
3,0.24,983,1239,0,27,True,Atrial fibrillation,6.452418327331543,0.02321087196469307,0.3698338270187378,0.3929951786994934,0.21396011114120483,0.9297253634894992
3,0.24,983,1239,0,28,True,Atrial fibrillation,5.98137092590332,0.0036491313949227333,0.04014435037970543,0.27304720878601074,0.6831594109535217,0.9733441033925686
3,0.24,983,1239,0,29,True,Atrial fibrillation,6.968924522399902,0.025662356987595558,0.3871952295303345,0.3808062672615051,0.2063361406326294,0.6760904684975767
3,0.24,983,1239,0,30,True,Atrial fibrillation,5.364135265350342,0.017029767856001854,0.20077477395534515,0.59544837474823,0.18674705922603607,0.7891760904684976
3,0.24,983,1239,0,31,True,Atrial fibrillation,2.653841495513916,0.00025057789753191173,0.004697337746620178,0.02264772728085518,0.9724044799804688,0.994345718901454
3,0.24,983,1239,8,0,True,Atrial fibrillation,4.872335433959961,0.10678644478321075,0.33210983872413635,0.31298959255218506,0.24811410903930664,0.029079159935379646
3,0.24,983,1239,8,1,True,Atrial fibrillation,4.800634384155273,0.20106157660484314,0.24192628264427185,0.34662961959838867,0.21038244664669037,0.029079159935379646
3,0.24,983,1239,8,2,True,Atrial fibrillation,2.6976284980773926,0.060340672731399536,0.13391278684139252,0.09522475302219391,0.710521936416626,1.0
3,0.24,983,1239,8,3,True,Atrial fibrillation,3.2280964851379395,0.07955104112625122,0.16949039697647095,0.08973769843578339,0.6612207889556885,0.9967689822294022
3,0.24,983,1239,8,4,True,Atrial fibrillation,1.8506414890289307,0.015851594507694244,0.03922795504331589,0.8352810144424438,0.10963940620422363,0.7875605815831987
3,0.24,983,1239,8,5,True,Atrial fibrillation,4.886848449707031,0.40259090065956116,0.3042829632759094,0.20987069606781006,0.08325537294149399,0.0
3,0.24,983,1239,8,6,True,Atrial fibrillation,4.345760345458984,0.04082806408405304,0.1628693789243698,0.6492303013801575,0.1470722109079361,0.5460420032310178
3,0.24,983,1239,8,7,True,Atrial fibrillation,3.021979570388794,0.14688287675380707,0.5093886256217957,0.25275444984436035,0.09097404032945633,0.029079159935379646
3,0.24,983,1239,8,8,True,Atrial fibrillation,4.309771537780762,0.02836425043642521,0.08524378389120102,0.4393405616283417,0.447051465511322,0.9959612277867528
3,0.24,983,1239,8,9,True,Atrial fibrillation,5.787569999694824,0.06791052222251892,0.3483574688434601,0.3877907991409302,0.19594115018844604,0.7891760904684976
3,0.24,983,1239,8,10,True,Atrial fibrillation,5.203956127166748,0.006361536681652069,0.11761420965194702,0.5667451024055481,0.309279203414917,0.7891760904684976
3,0.24,983,1239,8,11,True,Atrial fibrillation,3.409247636795044,0.11619801074266434,0.2425755262374878,0.15939155220985413,0.48183488845825195,0.9959612277867528
3,0.24,983,1239,8,12,True,Atrial fibrillation,3.7658488750457764,0.11042304337024689,0.2898239493370056,0.18736156821250916,0.41239139437675476,0.029079159935379646
3,0.24,983,1239,8,13,True,Atrial fibrillation,4.7966766357421875,0.05396581068634987,0.18900783360004425,0.27721357345581055,0.47981271147727966,0.9959612277867528
3,0.24,983,1239,8,14,True,Atrial fibrillation,3.971709728240967,0.193831205368042,0.4834311604499817,0.23440684378147125,0.08833076059818268,0.029079159935379646
3,0.24,983,1239,8,15,True,Atrial fibrillation,2.7915492057800293,0.02799963764846325,0.06266838312149048,0.04259881377220154,0.8667330741882324,0.9951534733441034
3,0.24,983,1239,8,16,True,Atrial fibrillation,4.146028518676758,0.0720415785908699,0.1434093564748764,0.2411317527294159,0.5434171557426453,0.7940226171243941
3,0.24,983,1239,8,17,True,Atrial fibrillation,7.066523551940918,0.023145634680986404,0.3491290211677551,0.40202653408050537,0.2256988286972046,0.49515347334410337
3,0.24,983,1239,8,18,True,Atrial fibrillation,4.133002758026123,0.02680654637515545,0.06434303522109985,0.6197928786277771,0.28905752301216125,0.7875605815831987
3,0.24,983,1239,8,19,True,Atrial fibrillation,5.305544853210449,0.06659431010484695,0.1798432469367981,0.3519517481327057,0.40161070227622986,0.7956381260096931
3,0.24,983,1239,8,20,True,Atrial fibrillation,4.1304779052734375,0.15917739272117615,0.38323935866355896,0.18547463417053223,0.27210867404937744,0.029079159935379646
3,0.24,983,1239,8,21,True,Atrial fibrillation,5.40496826171875,0.0804133415222168,0.2057100385427475,0.2605040371417999,0.45337262749671936,0.029079159935379646
3,0.24,983,1239,8,22,True,Atrial fibrillation,4.009849548339844,0.15466538071632385,0.47827428579330444,0.27340659499168396,0.09365386515855789,0.029079159935379646
3,0.24,983,1239,8,23,True,Atrial fibrillation,4.4511919021606445,0.3475964069366455,0.19203388690948486,0.2743830382823944,0.18598677217960358,0.0024232633279483036
3,0.24,983,1239,8,24,True,Atrial fibrillation,3.7499732971191406,0.1429043859243393,0.3187617063522339,0.15388935804367065,0.38444453477859497,0.029079159935379646
3,0.24,983,1239,8,25,True,Atrial fibrillation,3.3316478729248047,0.07044536620378494,0.1853862702846527,0.12288157641887665,0.6212867498397827,0.9959612277867528
3,0.24,983,1239,8,26,True,Atrial fibrillation,3.494300127029419,0.17354530096054077,0.3842533230781555,0.23702077567577362,0.20518043637275696,0.029079159935379646
3,0.24,983,1239,8,27,True,Atrial fibrillation,7.107562065124512,0.026138555258512497,0.3773359954357147,0.3828420341014862,0.21368347108364105,0.0
3,0.24,983,1239,8,28,True,Atrial fibrillation,3.2470955848693848,0.012897424399852753,0.017875254154205322,0.080232173204422,0.8889951705932617,0.9660743134087237
3,0.24,983,1239,8,29,True,Atrial fibrillation,4.264947891235352,0.06482819467782974,0.19119174778461456,0.1408924162387848,0.6030876636505127,0.029079159935379646
3,0.24,983,1239,8,30,True,Atrial fibrillation,7.084847927093506,0.02428949624300003,0.38284605741500854,0.3821350932121277,0.21072936058044434,0.0210016155088853
3,0.24,983,1239,8,31,True,Atrial fibrillation,4.365971088409424,0.1601610630750656,0.5225948095321655,0.22211340069770813,0.0951308161020279,0.029079159935379646
3,0.24,983,1239,16,0,True,Atrial fibrillation,3.415170192718506,0.007481453940272331,0.019838282838463783,0.08657436817884445,0.8861058354377747,0.9741518578352181
3,0.24,983,1239,16,1,True,Atrial fibrillation,3.371729850769043,0.0052760024555027485,0.01935267634689808,0.029449425637722015,0.9459218382835388,0.8909531502423264
3,0.24,983,1239,16,2,True,Atrial fibrillation,4.325876235961914,0.014606389217078686,0.040765341371297836,0.11295396834611893,0.8316742181777954,0.9063004846526656
3,0.24,983,1239,16,3,True,Atrial fibrillation,3.3304154872894287,0.3437480330467224,0.14413227140903473,0.10517755150794983,0.4069421887397766,0.0016155088852988692
3,0.24,983,1239,16,4,True,Atrial fibrillation,4.066092491149902,0.018654346466064453,0.040315136313438416,0.051362715661525726,0.889667809009552,0.9935379644588045
3,0.24,983,1239,16,5,True,Atrial fibrillation,4.632959365844727,0.184200257062912,0.17164331674575806,0.13929347693920135,0.5048629641532898,0.0032310177705977385
3,0.24,983,1239,16,6,True,Atrial fibrillation,4.6754469871521,0.1394372582435608,0.18676775693893433,0.18366125226020813,0.49013376235961914,0.9733441033925686
3,0.24,983,1239,16,7,True,Atrial fibrillation,5.3425092697143555,0.18978925049304962,0.26042473316192627,0.321674108505249,0.2281118929386139,0.0
3,0.24,983,1239,16,8,True,Atrial fibrillation,5.068151473999023,0.04215233400464058,0.08861799538135529,0.09250956028699875,0.7767199873924255,0.9733441033925686
3,0.24,983,1239,16,9,True,Atrial fibrillation,3.3704118728637695,0.3268117904663086,0.2973024547100067,0.2010175734758377,0.1748681664466858,0.0032310177705977385
3,0.24,983,1239,16,10,True,Atrial fibrillation,3.537017345428467,0.3373548090457916,0.3269784152507782,0.2301490306854248,0.10551764816045761,0.0032310177705977385
3,0.24,983,1239,16,11,True,Atrial fibrillation,4.025234699249268,0.20199789106845856,0.27619239687919617,0.11018679291009903,0.41162288188934326,0.0032310177705977385
3,0.24,983,1239,16,12,True,Atrial fibrillation,4.419244289398193,0.08100289106369019,0.12224908918142319,0.08238164335489273,0.7143664956092834,0.9733441033925686
3,0.24,983,1239,16,13,True,Atrial fibrillation,4.0232625007629395,0.1895272433757782,0.37321823835372925,0.23621883988380432,0.20103560388088226,0.0032310177705977385
3,0.24,983,1239,16,14,True,Atrial fibrillation,3.243567943572998,0.3716353178024292,0.2977959215641022,0.22754643857479095,0.10302234441041946,0.0032310177705977385
3,0.24,983,1239,16,15,True,Atrial fibrillation,6.79316520690918,0.06521272659301758,0.37746280431747437,0.3454142212867737,0.21191027760505676,0.0016155088852988692
3,0.24,983,1239,16,16,True,Atrial fibrillation,4.6844706535339355,0.03366732969880104,0.08161965012550354,0.054775308817625046,0.8299376964569092,0.9063004846526656
3,0.24,983,1239,16,17,True,Atrial fibrillation,4.163829803466797,0.05618291348218918,0.05320749804377556,0.05436660721898079,0.8362430334091187,0.8933764135702746
3,0.24,983,1239,16,18,True,Atrial fibrillation,5.141452312469482,0.22980301082134247,0.1837230771780014,0.16497230529785156,0.4215015769004822,0.021809369951534735
3,0.24,983,1239,16,19,True,Atrial fibrillation,4.714634895324707,0.1785549521446228,0.13963979482650757,0.1571967452764511,0.5246084928512573,0.0032310177705977385
3,0.24,983,1239,16,20,True,Atrial fibrillation,3.1623620986938477,0.38790804147720337,0.27712759375572205,0.169620081782341,0.16534429788589478,0.0016155088852988692
3,0.24,983,1239,16,21,True,Atrial fibrillation,4.496889114379883,0.1479441225528717,0.2769220471382141,0.11748500913381577,0.45764875411987305,0.0032310177705977385
3,0.24,983,1239,16,22,True,Atrial fibrillation,3.834860324859619,0.03369801864027977,0.047723978757858276,0.03166629374027252,0.8869117498397827,0.9935379644588045
3,0.24,983,1239,16,23,True,Atrial fibrillation,3.70771861076355,0.19131305813789368,0.2382204830646515,0.14327983558177948,0.4271865487098694,1.0
3,0.24,983,1239,16,24,True,Atrial fibrillation,3.9711341857910156,0.0500517375767231,0.10266102850437164,0.03821578621864319,0.80907142162323,0.994345718901454
3,0.24,983,1239,16,25,True,Atrial fibrillation,4.7910475730896,0.0335211306810379,0.04454565420746803,0.09253065288066864,0.8294025659561157,0.8933764135702746
3,0.24,983,1239,16,26,True,Atrial fibrillation,5.079065322875977,0.08425582200288773,0.10231128334999084,0.08329576998949051,0.7301371097564697,0.0032310177705977385
3,0.24,983,1239,16,27,True,Atrial fibrillation,5.428154468536377,0.09521117061376572,0.12454208731651306,0.22768928110599518,0.5525574088096619,0.9975767366720517
3,0.24,983,1239,16,28,True,Atrial fibrillation,3.6608338356018066,0.23373547196388245,0.41846582293510437,0.2261570245027542,0.12164173275232315,0.0032310177705977385
3,0.24,983,1239,16,29,True,Atrial fibrillation,4.174840450286865,0.2849229574203491,0.3472689688205719,0.2360701858997345,0.13173791766166687,0.0016155088852988692
3,0.24,983,1239,16,30,True,Atrial fibrillation,4.107147693634033,0.1460944265127182,0.10462717711925507,0.09764064848423004,0.6516377925872803,0.994345718901454
3,0.24,983,1239,16,31,True,Atrial fibrillation,4.775028705596924,0.021810106933116913,0.04243897274136543,0.03995806723833084,0.8957929015159607,0.8933764135702746
3,0.24,983,1239,24,0,True,Atrial fibrillation,2.892106056213379,0.1672968715429306,0.3432759642601013,0.3247342109680176,0.1646929234266281,0.025848142164781908
3,0.24,983,1239,24,1,True,Atrial fibrillation,3.1014926433563232,0.16930627822875977,0.31428706645965576,0.3385688066482544,0.17783790826797485,0.5452342487883683
3,0.24,983,1239,24,2,True,Atrial fibrillation,3.7189197540283203,0.13362187147140503,0.4195026755332947,0.23880602419376373,0.20806948840618134,0.024232633279483037
3,0.24,983,1239,24,3,True,Atrial fibrillation,4.0702805519104,0.18474507331848145,0.33820271492004395,0.1553211808204651,0.32173100113868713,0.0032310177705977385
3,0.24,983,1239,24,4,True,Atrial fibrillation,3.130291223526001,0.18904146552085876,0.3997226357460022,0.2852621376514435,0.12597370147705078,0.0032310177705977385
3,0.24,983,1239,24,5,True,Atrial fibrillation,3.7756240367889404,0.20340952277183533,0.4134458005428314,0.2354978621006012,0.1476467251777649,0.0032310177705977385
3,0.24,983,1239,24,6,True,Atrial fibrillation,3.666776418685913,0.1857335865497589,0.4215761423110962,0.24436219036579132,0.1483280062675476,0.025848142164781908
3,0.24,983,1239,24,7,True,Atrial fibrillation,3.3759825229644775,0.1990123838186264,0.3903660476207733,0.250913143157959,0.15970826148986816,0.0032310177705977385
3,0.24,983,1239,24,8,True,Atrial fibrillation,2.8183298110961914,0.1966474950313568,0.32831645011901855,0.33405110239982605,0.14098487794399261,0.0032310177705977385
3,0.24,983,1239,24,9,True,Atrial fibrillation,2.9295334815979004,0.14088474214076996,0.45924586057662964,0.27887070178985596,0.12099866569042206,0.025848142164781908
3,0.24,983,1239,24,10,True,Atrial fibrillation,4.337194442749023,0.1561913937330246,0.3012233078479767,0.21591630578041077,0.3266690671443939,0.0016155088852988692
3,0.24,983,1239,24,11,True,Atrial fibrillation,3.3459789752960205,0.17858101427555084,0.3774864077568054,0.2990661859512329,0.1448664367198944,0.025848142164781908
3,0.24,983,1239,24,12,True,Atrial fibrillation,2.766970634460449,0.2454775720834732,0.4038453996181488,0.2610940933227539,0.08958297967910767,0.0032310177705977385
3,0.24,983,1239,24,13,True,Atrial fibrillation,3.33341383934021,0.16162563860416412,0.42119404673576355,0.2632148861885071,0.15396542847156525,0.025848142164781908
3,0.24,983,1239,24,14,True,Atrial fibrillation,2.7743091583251953,0.22600509226322174,0.49322113394737244,0.20561692118644714,0.0751568078994751,0.0032310177705977385
3,0.24,983,1239,24,15,True,Atrial fibrillation,4.266547679901123,0.15414869785308838,0.3776887059211731,0.26579222083091736,0.20237022638320923,0.025848142164781908
3,0.24,983,1239,24,16,True,Atrial fibrillation,3.2520761489868164,0.2022808939218521,0.4540111720561981,0.20721207559108734,0.13649585843086243,0.1680129240710824
3,0.24,983,1239,24,17,True,Atrial fibrillation,3.7924976348876953,0.16818290948867798,0.2988121211528778,0.17058509588241577,0.36241981387138367,0.0032310177705977385
3,0.24,983,1239,24,18,True,Atrial fibrillation,3.355776071548462,0.205791637301445,0.3883715271949768,0.2625548243522644,0.14328213036060333,0.0032310177705977385
3,0.24,983,1239,24,19,True,Atrial fibrillation,4.257416248321533,0.09488581120967865,0.24006099998950958,0.1139974296092987,0.5510557293891907,0.9894991922455574
3,0.24,983,1239,24,20,True,Atrial fibrillation,3.155740976333618,0.2780107259750366,0.39240410923957825,0.2222823202610016,0.10730282962322235,0.0032310177705977385
3,0.24,983,1239,24,21,True,Atrial fibrillation,3.2776966094970703,0.5848025679588318,0.20065937936306,0.1309385597705841,0.0835995152592659,0.0016155088852988692
3,0.24,983,1239,24,22,True,Atrial fibrillation,5.056534767150879,0.045684292912483215,0.2747993767261505,0.3534305989742279,0.32608574628829956,0.7883683360258481
3,0.24,983,1239,24,23,True,Atrial fibrillation,2.781954050064087,0.03965955600142479,0.0834086611866951,0.12187032401561737,0.7550615072250366,0.9846526655896607
3,0.24,983,1239,24,24,True,Atrial fibrillation,4.324212074279785,0.0542023591697216,0.16648393869400024,0.2183614820241928,0.5609521865844727,0.9741518578352181
3,0.24,983,1239,24,25,True,Atrial fibrillation,3.1092920303344727,0.14021126925945282,0.4467785656452179,0.28099143505096436,0.1320188045501709,0.025848142164781908
3,0.24,983,1239,24,26,True,Atrial fibrillation,3.330432415008545,0.16126689314842224,0.4272019863128662,0.2682112455368042,0.14331988990306854,0.025848142164781908
3,0.24,983,1239,24,27,True,Atrial fibrillation,3.0192346572875977,0.21448230743408203,0.4045751392841339,0.2594805061817169,0.12146209180355072,0.0032310177705977385
3,0.24,983,1239,24,28,True,Atrial fibrillation,2.490222454071045,0.38365641236305237,0.3336760103702545,0.19757793843746185,0.0850895345211029,0.0032310177705977385
3,0.24,983,1239,24,29,True,Atrial fibrillation,2.928738594055176,0.19336847960948944,0.41458243131637573,0.2779279351234436,0.11412109434604645,0.025848142164781908
3,0.24,983,1239,24,30,True,Atrial fibrillation,3.2587718963623047,0.21166564524173737,0.38492852449417114,0.25190624594688416,0.15149955451488495,0.0032310177705977385
3,0.24,983,1239,24,31,True,Atrial fibrillation,2.7771763801574707,0.20120024681091309,0.27540427446365356,0.3411732316017151,0.18222229182720184,0.0032310177705977385
3,0.24,983,1239,31,0,True,Atrial fibrillation,1.4670798778533936,0.008977100253105164,0.043176181614398956,0.038065988570451736,0.9097806811332703,1.0
3,0.24,983,1239,31,1,True,Atrial fibrillation,3.8883578777313232,0.19429686665534973,0.38426464796066284,0.18205152451992035,0.2393869161605835,0.1680129240710824
3,0.24,983,1239,31,2,True,Atrial fibrillation,3.092435836791992,0.18543323874473572,0.4905615746974945,0.21809490025043488,0.10591018944978714,0.1680129240710824
3,0.24,983,1239,31,3,True,Atrial fibrillation,3.2180824279785156,0.15355655550956726,0.6202866435050964,0.1256205141544342,0.10053618997335434,0.024232633279483037
3,0.24,983,1239,31,4,True,Atrial fibrillation,3.1952130794525146,0.13076207041740417,0.35579752922058105,0.29981428384780884,0.21362611651420593,0.9975767366720517
3,0.24,983,1239,31,5,True,Atrial fibrillation,3.5154531002044678,0.15755638480186462,0.2293591946363449,0.12039916217327118,0.4926851987838745,1.0
3,0.24,983,1239,31,6,True,Atrial fibrillation,2.992877721786499,0.24221964180469513,0.2222491353750229,0.2849743962287903,0.25055670738220215,0.0
3,0.24,983,1239,31,7,True,Atrial fibrillation,3.2949509620666504,0.28134334087371826,0.44626903533935547,0.171494260430336,0.10089325904846191,0.0016155088852988692
3,0.24,983,1239,31,8,True,Atrial fibrillation,3.014435052871704,0.2050144374370575,0.45359599590301514,0.20327863097190857,0.1381109356880188,0.024232633279483037
3,0.24,983,1239,31,9,True,Atrial fibrillation,3.470543146133423,0.09998808056116104,0.1435101181268692,0.10002180933952332,0.6564800143241882,1.0
3,0.24,983,1239,31,10,True,Atrial fibrillation,3.907702922821045,0.1630919724702835,0.38021260499954224,0.17303171753883362,0.283663809299469,0.025848142164781908
3,0.24,983,1239,31,11,True,Atrial fibrillation,3.1315624713897705,0.29406291246414185,0.4296369254589081,0.1669529676437378,0.10934726148843765,0.0032310177705977385
3,0.24,983,1239,31,12,True,Atrial fibrillation,2.920933485031128,0.1053638681769371,0.4724944233894348,0.32488948106765747,0.09725213050842285,0.1680129240710824
3,0.24,983,1239,31,13,True,Atrial fibrillation,3.592711925506592,0.01736818253993988,0.5897226929664612,0.24995717406272888,0.14295203983783722,0.172859450726979
3,0.24,983,1239,31,14,True,Atrial fibrillation,3.3229286670684814,0.1244715005159378,0.39815789461135864,0.30368611216545105,0.17368453741073608,0.025848142164781908
3,0.24,983,1239,31,15,True,Atrial fibrillation,3.1930019855499268,0.22111806273460388,0.41795584559440613,0.2216951996088028,0.1392308622598648,0.0032310177705977385
3,0.24,983,1239,31,16,True,Atrial fibrillation,4.222801685333252,0.22973360121250153,0.3273886442184448,0.21951475739479065,0.22336307168006897,0.0032310177705977385
3,0.24,983,1239,31,17,True,Atrial fibrillation,4.835693836212158,0.08041553944349289,0.16071367263793945,0.14495837688446045,0.6139124631881714,1.0
3,0.24,983,1239,31,18,True,Atrial fibrillation,3.2217800617218018,0.18396307528018951,0.5113857984542847,0.19456972181797028,0.1100812554359436,0.1680129240710824
3,0.24,983,1239,31,19,True,Atrial fibrillation,3.1742501258850098,0.17685259878635406,0.43491172790527344,0.2691211402416229,0.11911444365978241,0.025848142164781908
3,0.24,983,1239,31,20,True,Atrial fibrillation,3.2391550540924072,0.2810158133506775,0.33161720633506775,0.21270164847373962,0.17466527223587036,0.0032310177705977385
3,0.24,983,1239,31,21,True,Atrial fibrillation,3.6195826530456543,0.27384090423583984,0.38792914152145386,0.17844323813915253,0.15978668630123138,0.0032310177705977385
3,0.24,983,1239,31,22,True,Atrial fibrillation,3.1617534160614014,0.18378855288028717,0.38279175758361816,0.28303250670433044,0.1503872573375702,0.0032310177705977385
3,0.24,983,1239,31,23,True,Atrial fibrillation,3.1808571815490723,0.20033909380435944,0.4680282473564148,0.22260455787181854,0.10902807861566544,0.1680129240710824
3,0.24,983,1239,31,24,True,Atrial fibrillation,3.1102890968322754,0.20368370413780212,0.43687954545021057,0.2346276044845581,0.12480919063091278,0.025848142164781908
3,0.24,983,1239,31,25,True,Atrial fibrillation,0.10315549373626709,0.0007351954700425267,0.0031290159095078707,0.0023987272288650274,0.993736982345581,1.0
3,0.24,983,1239,31,26,True,Atrial fibrillation,3.3383829593658447,0.12971685826778412,0.453667551279068,0.26450541615486145,0.1521102637052536,0.1680129240710824
3,0.24,983,1239,31,27,True,Atrial fibrillation,3.999460458755493,0.21138599514961243,0.3626727759838104,0.21044285595417023,0.2154984027147293,0.0016155088852988692
3,0.24,983,1239,31,28,True,Atrial fibrillation,3.1193201541900635,0.26119428873062134,0.42699331045150757,0.20493406057357788,0.10687831789255142,0.0032310177705977385
3,0.24,983,1239,31,29,True,Atrial fibrillation,3.137077569961548,0.17393316328525543,0.4591067433357239,0.2529293894767761,0.11403070390224457,0.025848142164781908
3,0.24,983,1239,31,30,True,Atrial fibrillation,3.1611363887786865,0.20910555124282837,0.4739215672016144,0.21263831853866577,0.10433458536863327,0.025848142164781908
3,0.24,983,1239,31,31,True,Atrial fibrillation,3.2238991260528564,0.17458949983119965,0.4212135374546051,0.21885915100574493,0.18533775210380554,0.1680129240710824
4,0.3042,1246,1780,0,0,True,Pneumonia,7.483877182006836,0.016178907826542854,0.34043991565704346,0.3401861786842346,0.30319494009017944,0.03934794828555368
4,0.3042,1246,1780,0,1,True,Pneumonia,2.1287765502929688,1.3547784760703507e-07,0.007353917695581913,0.01171251479536295,0.9809333086013794,0.9994378864530635
4,0.3042,1246,1780,0,2,True,Pneumonia,6.1822829246521,0.016476623713970184,0.13530640304088593,0.2598452568054199,0.5883716940879822,0.9600899381675099
4,0.3042,1246,1780,0,3,True,Pneumonia,6.330613136291504,0.007620595395565033,0.1971142590045929,0.3139401376247406,0.4813249707221985,0.8442945474985947
4,0.3042,1246,1780,0,4,True,Pneumonia,3.812713146209717,0.0004046284593641758,0.0013075226452201605,0.0013261912390589714,0.9969615936279297,0.9977515458122541
4,0.3042,1246,1780,0,5,True,Pneumonia,5.316260814666748,0.002096363576129079,0.019575277343392372,0.06768237799406052,0.9106459021568298,0.9735806632939854
4,0.3042,1246,1780,0,6,True,Pneumonia,7.483960151672363,0.016294943168759346,0.3408171832561493,0.3403643071651459,0.30252355337142944,0.25295109612141653
4,0.3042,1246,1780,0,7,True,Pneumonia,6.766013145446777,0.0032829404808580875,0.13499149680137634,0.29521045088768005,0.5665150880813599,0.8819561551433389
4,0.3042,1246,1780,0,8,True,Pneumonia,5.009246826171875,0.040989600121974945,0.3038233518600464,0.25762590765953064,0.39756107330322266,0.00955593029792018
4,0.3042,1246,1780,0,9,True,Pneumonia,4.240434646606445,0.0001553515758132562,0.00020469028095249087,0.006123790983110666,0.993516206741333,0.9960652051714446
4,0.3042,1246,1780,0,10,True,Pneumonia,7.169425964355469,0.023468250408768654,0.34368693828582764,0.3286672532558441,0.3041776120662689,0.06464305789769534
4,0.3042,1246,1780,0,11,True,Pneumonia,4.85275936126709,0.046061232686042786,0.29225632548332214,0.24828599393367767,0.4133963882923126,0.17987633501967398
4,0.3042,1246,1780,0,12,True,Pneumonia,7.4843549728393555,0.016306808218359947,0.3404303789138794,0.34037601947784424,0.3028867840766907,0.9494097807757167
4,0.3042,1246,1780,0,13,True,Pneumonia,2.9479174613952637,1.9634910131571814e-05,0.0011402617674320936,0.01722346618771553,0.9816166162490845,0.9960652051714446
4,0.3042,1246,1780,0,14,True,Pneumonia,5.060637950897217,8.900804095901549e-05,0.007812555879354477,0.0968002900481224,0.895298182964325,0.9533445756042721
4,0.3042,1246,1780,0,15,True,Pneumonia,2.336796283721924,0.014067682437598705,0.009580519050359726,0.0054129925556480885,0.9709387421607971,0.9971894322653176
4,0.3042,1246,1780,0,16,True,Pneumonia,6.072355270385742,0.02167341485619545,0.2680881917476654,0.306674063205719,0.4035642445087433,0.9662731871838112
4,0.3042,1246,1780,0,17,True,Pneumonia,5.3707990646362305,0.0355469174683094,0.2971150279045105,0.2732788324356079,0.39405930042266846,0.6649803260258572
4,0.3042,1246,1780,0,18,True,Pneumonia,5.610743522644043,0.04085313528776169,0.2983205318450928,0.2836046516895294,0.37722164392471313,0.3462619449128724
4,0.3042,1246,1780,0,19,True,Pneumonia,7.457055568695068,0.0156340841203928,0.34068888425827026,0.33930695056915283,0.30437004566192627,0.6486790331646992
4,0.3042,1246,1780,0,20,True,Pneumonia,7.4242658615112305,0.015654250979423523,0.3410704433917999,0.34066537022590637,0.302609920501709,0.3552557616638561
4,0.3042,1246,1780,0,21,True,Pneumonia,4.499983310699463,0.000533617043402046,0.007123981136828661,0.07704248279333115,0.9152998924255371,0.9966273187183811
4,0.3042,1246,1780,0,22,True,Pneumonia,7.454116344451904,0.015743158757686615,0.3395095467567444,0.3408896327018738,0.303857684135437,0.21360314783586284
4,0.3042,1246,1780,0,23,True,Pneumonia,7.4607954025268555,0.014424439519643784,0.30280691385269165,0.33984166383743286,0.3429270088672638,0.9960652051714446
4,0.3042,1246,1780,0,24,True,Pneumonia,4.217115879058838,0.001759599894285202,0.0029651345685124397,0.043261099606752396,0.9520142078399658,0.9977515458122541
4,0.3042,1246,1780,0,25,True,Pneumonia,7.484341621398926,0.016325850039720535,0.3404778242111206,0.34037500619888306,0.3028213381767273,0.04328274311410905
4,0.3042,1246,1780,0,26,True,Pneumonia,7.206815719604492,0.009059187956154346,0.16893287003040314,0.29691416025161743,0.5250938534736633,0.9960652051714446
4,0.3042,1246,1780,0,27,True,Pneumonia,6.7580671310424805,0.013043440878391266,0.22785133123397827,0.35736849904060364,0.4017367660999298,0.9533445756042721
4,0.3042,1246,1780,0,28,True,Pneumonia,6.050382137298584,0.00429960060864687,0.019894076511263847,0.09932143986225128,0.8764849305152893,0.9803260258572232
4,0.3042,1246,1780,0,29,True,Pneumonia,7.329883098602295,0.018849467858672142,0.3291674852371216,0.33901041746139526,0.31297266483306885,0.2057335581787521
4,0.3042,1246,1780,0,30,True,Pneumonia,6.371959209442139,0.003436508821323514,0.1296839714050293,0.45984524488449097,0.407034307718277,0.6970207982012366
4,0.3042,1246,1780,0,31,True,Pneumonia,2.6695921421051025,0.0003526679938659072,0.008308986201882362,0.006938219536095858,0.9844001531600952,0.9960652051714446
4,0.3042,1246,1780,8,0,True,Pneumonia,5.422299861907959,0.05540759116411209,0.20096035301685333,0.39041227102279663,0.35321977734565735,0.02023608768971332
4,0.3042,1246,1780,8,1,True,Pneumonia,5.339988708496094,0.12003640085458755,0.1780804544687271,0.39665502309799194,0.30522820353507996,0.02023608768971332
4,0.3042,1246,1780,8,2,True,Pneumonia,2.6842901706695557,0.053256627172231674,0.1387781798839569,0.12128331512212753,0.6866819858551025,1.0
4,0.3042,1246,1780,8,3,True,Pneumonia,3.3993349075317383,0.06049193814396858,0.16157332062721252,0.11617531627416611,0.6617593169212341,0.9971894322653176
4,0.3042,1246,1780,8,4,True,Pneumonia,2.9319119453430176,0.012012943625450134,0.04990825802087784,0.8221442103385925,0.11593472212553024,0.5480607082630692
4,0.3042,1246,1780,8,5,True,Pneumonia,5.4103827476501465,0.2702242434024811,0.3153867721557617,0.3025423586368561,0.11184655129909515,0.0
4,0.3042,1246,1780,8,6,True,Pneumonia,4.500620365142822,0.024859784170985222,0.07425364851951599,0.7113745808601379,0.18951201438903809,0.6958965711073637
4,0.3042,1246,1780,8,7,True,Pneumonia,3.154320478439331,0.10745392739772797,0.4968442916870117,0.30855920910835266,0.08714251220226288,0.02023608768971332
4,0.3042,1246,1780,8,8,True,Pneumonia,5.015672206878662,0.024233568459749222,0.08364605903625488,0.37495091557502747,0.5171693563461304,0.9971894322653176
4,0.3042,1246,1780,8,9,True,Pneumonia,6.497159957885742,0.04454308748245239,0.28472965955734253,0.37932366132736206,0.2914036214351654,0.9994378864530635
4,0.3042,1246,1780,8,10,True,Pneumonia,6.4833083152771,0.005817572586238384,0.12030524760484695,0.3465433120727539,0.5273338556289673,0.9994378864530635
4,0.3042,1246,1780,8,11,True,Pneumonia,3.5591089725494385,0.11620479077100754,0.21834979951381683,0.19127419590950012,0.4741712212562561,0.9971894322653176
4,0.3042,1246,1780,8,12,True,Pneumonia,3.933645009994507,0.10255713760852814,0.2525915503501892,0.26040735840797424,0.384443998336792,0.9966273187183811
4,0.3042,1246,1780,8,13,True,Pneumonia,4.9590935707092285,0.018592393025755882,0.11172396689653397,0.3546563982963562,0.5150272250175476,0.9758291174817313
4,0.3042,1246,1780,8,14,True,Pneumonia,4.1310906410217285,0.188065767288208,0.437020480632782,0.26785895228385925,0.107054702937603,0.02023608768971332
4,0.3042,1246,1780,8,15,True,Pneumonia,3.016507148742676,0.04652053490281105,0.09915728121995926,0.036778464913368225,0.817543625831604,0.9966273187183811
4,0.3042,1246,1780,8,16,True,Pneumonia,4.800359725952148,0.08203848451375961,0.19138380885124207,0.34588387608528137,0.38069379329681396,0.02023608768971332
4,0.3042,1246,1780,8,17,True,Pneumonia,7.429888725280762,0.012506149709224701,0.2814321517944336,0.3498591482639313,0.356202632188797,0.6666666666666666
4,0.3042,1246,1780,8,18,True,Pneumonia,5.043663501739502,0.04623904824256897,0.0658513531088829,0.5571317076683044,0.3307779133319855,0.6925238898257448
4,0.3042,1246,1780,8,19,True,Pneumonia,5.645351409912109,0.036378782242536545,0.1352127343416214,0.4877200424671173,0.3406883478164673,0.02023608768971332
4,0.3042,1246,1780,8,20,True,Pneumonia,4.481454849243164,0.11911878734827042,0.27576032280921936,0.27178582549095154,0.3333350121974945,0.02023608768971332
4,0.3042,1246,1780,8,21,True,Pneumonia,5.896930694580078,0.036658354103565216,0.12902943789958954,0.2875943183898926,0.5467178821563721,0.02023608768971332
4,0.3042,1246,1780,8,22,True,Pneumonia,4.360458850860596,0.11954884231090546,0.42214471101760864,0.33310043811798096,0.12520591914653778,0.02023608768971332
4,0.3042,1246,1780,8,23,True,Pneumonia,4.863718032836914,0.19818991422653198,0.17273953557014465,0.3850058317184448,0.24406476318836212,0.3794266441821248
4,0.3042,1246,1780,8,24,True,Pneumonia,4.149919509887695,0.12052623927593231,0.2687934637069702,0.191558375954628,0.41912195086479187,0.02023608768971332
4,0.3042,1246,1780,8,25,True,Pneumonia,3.3922975063323975,0.05716544762253761,0.13577182590961456,0.1492185741662979,0.6578441262245178,0.9971894322653176
4,0.3042,1246,1780,8,26,True,Pneumonia,3.606065273284912,0.1219698116183281,0.3880833387374878,0.2789342701435089,0.2110123485326767,0.02023608768971332
4,0.3042,1246,1780,8,27,True,Pneumonia,7.466856479644775,0.018240148201584816,0.33553606271743774,0.3420836329460144,0.3041401207447052,0.0
4,0.3042,1246,1780,8,28,True,Pneumonia,3.1987760066986084,0.0076116411946713924,0.02125205099582672,0.024531032890081406,0.9466053247451782,0.9735806632939854
4,0.3042,1246,1780,8,29,True,Pneumonia,4.561598777770996,0.06226436048746109,0.14472651481628418,0.09095066040754318,0.7020584940910339,0.9971894322653176
4,0.3042,1246,1780,8,30,True,Pneumonia,7.449508190155029,0.016598809510469437,0.3380661904811859,0.3387635052204132,0.30657151341438293,0.05340078695896571
4,0.3042,1246,1780,8,31,True,Pneumonia,4.770535469055176,0.12796886265277863,0.4760367274284363,0.25612711906433105,0.1398671567440033,0.02023608768971332
4,0.3042,1246,1780,16,0,True,Pneumonia,2.912895679473877,0.0016920070629566908,0.013533692806959152,0.03895910829305649,0.9458152055740356,0.9893198426082068
4,0.3042,1246,1780,16,1,True,Pneumonia,3.817279815673828,0.006382947787642479,0.032326094806194305,0.07768134027719498,0.8836096525192261,0.9921304103428893
4,0.3042,1246,1780,16,2,True,Pneumonia,4.75346565246582,0.05414269492030144,0.21411220729351044,0.13731306791305542,0.5944319367408752,0.9752670039347948
4,0.3042,1246,1780,16,3,True,Pneumonia,3.4920036792755127,0.27257779240608215,0.12473316490650177,0.14955925941467285,0.4531298279762268,0.0011242270938729624
4,0.3042,1246,1780,16,4,True,Pneumonia,4.618581295013428,0.07088512182235718,0.06838502734899521,0.052211955189704895,0.8085178136825562,0.9921304103428893
4,0.3042,1246,1780,16,5,True,Pneumonia,4.708260536193848,0.1694808304309845,0.18390139937400818,0.23658151924610138,0.4100362956523895,0.0022484541877459247
4,0.3042,1246,1780,16,6,True,Pneumonia,5.364980220794678,0.0809992253780365,0.17842704057693481,0.2920035421848297,0.44857022166252136,0.0022484541877459247
4,0.3042,1246,1780,16,7,True,Pneumonia,5.778738021850586,0.15478035807609558,0.21233674883842468,0.3033936023712158,0.32948917150497437,0.0
4,0.3042,1246,1780,16,8,True,Pneumonia,5.706369400024414,0.05430443957448006,0.14122167229652405,0.15381483733654022,0.6506590843200684,0.9803260258572232
4,0.3042,1246,1780,16,9,True,Pneumonia,3.6731951236724854,0.22618253529071808,0.24982231855392456,0.33008867502212524,0.19390647113323212,0.0022484541877459247
4,0.3042,1246,1780,16,10,True,Pneumonia,4.0191192626953125,0.26006606221199036,0.2770625352859497,0.3155345320701599,0.14733675122261047,0.0022484541877459247
4,0.3042,1246,1780,16,11,True,Pneumonia,4.0612077713012695,0.14020012319087982,0.2889273166656494,0.22571949660778046,0.3451530337333679,0.3794266441821248
4,0.3042,1246,1780,16,12,True,Pneumonia,4.9118757247924805,0.0632539615035057,0.176837757229805,0.18943023681640625,0.5704780220985413,0.9803260258572232
4,0.3042,1246,1780,16,13,True,Pneumonia,4.502978324890137,0.11651637405157089,0.2664101719856262,0.3663434684276581,0.25072991847991943,0.3794266441821248
4,0.3042,1246,1780,16,14,True,Pneumonia,3.7805702686309814,0.277200847864151,0.2735931873321533,0.3200453817844391,0.12916047871112823,0.0022484541877459247
4,0.3042,1246,1780,16,15,True,Pneumonia,7.049158573150635,0.05264656990766525,0.3152469992637634,0.3277098536491394,0.3043966293334961,0.0011242270938729624
4,0.3042,1246,1780,16,16,True,Pneumonia,5.389713287353516,0.02641744539141655,0.12662628293037415,0.1280348300933838,0.7189214825630188,0.9218662169758292
4,0.3042,1246,1780,16,17,True,Pneumonia,4.235432147979736,0.014995877631008625,0.02368631772696972,0.025753868743777275,0.9355639219284058,0.7886453063518831
4,0.3042,1246,1780,16,18,True,Pneumonia,5.6363606452941895,0.17251712083816528,0.19544517993927002,0.17684197425842285,0.45519572496414185,0.01517706576728499
4,0.3042,1246,1780,16,19,True,Pneumonia,4.812130451202393,0.1864803433418274,0.15643242001533508,0.3348570764064789,0.3222302198410034,0.3794266441821248
4,0.3042,1246,1780,16,20,True,Pneumonia,3.4285528659820557,0.28956618905067444,0.25425249338150024,0.2655535042285919,0.19062787294387817,0.0011242270938729624
4,0.3042,1246,1780,16,21,True,Pneumonia,4.816863536834717,0.11595376580953598,0.2951522469520569,0.28473779559135437,0.3041560649871826,0.3794266441821248
4,0.3042,1246,1780,16,22,True,Pneumonia,4.284789085388184,0.024830807000398636,0.05751883611083031,0.04338223487138748,0.8742680549621582,0.9921304103428893
4,0.3042,1246,1780,16,23,True,Pneumonia,3.8242690563201904,0.13803443312644958,0.20104897022247314,0.2415352314710617,0.41938138008117676,1.0
4,0.3042,1246,1780,16,24,True,Pneumonia,4.481210708618164,0.043343618512153625,0.12216350436210632,0.0977611094713211,0.7367318272590637,0.9926925238898258
4,0.3042,1246,1780,16,25,True,Pneumonia,5.036350250244141,0.060615286231040955,0.0815248116850853,0.14956218004226685,0.7082977890968323,0.9218662169758292
4,0.3042,1246,1780,16,26,True,Pneumonia,5.4367475509643555,0.08409489691257477,0.13202275335788727,0.16153638064861298,0.6223459243774414,0.9977515458122541
4,0.3042,1246,1780,16,27,True,Pneumonia,5.845896244049072,0.05282905697822571,0.10284419357776642,0.2860272526741028,0.5582994818687439,1.0
4,0.3042,1246,1780,16,28,True,Pneumonia,4.0793280601501465,0.11845429986715317,0.3456849753856659,0.36380669474601746,0.1720540076494217,0.11691961776278809
4,0.3042,1246,1780,16,29,True,Pneumonia,4.669132709503174,0.23655152320861816,0.2826613187789917,0.315255731344223,0.16553129255771637,0.0011242270938729624
4,0.3042,1246,1780,16,30,True,Pneumonia,4.192536354064941,0.1585836112499237,0.1361004263162613,0.13085903227329254,0.5744569301605225,0.0022484541877459247
4,0.3042,1246,1780,16,31,True,Pneumonia,5.341644287109375,0.027713818475604057,0.07477381080389023,0.10534606873989105,0.7921664118766785,0.9926925238898258
4,0.3042,1246,1780,24,0,True,Pneumonia,2.9918837547302246,0.12918899953365326,0.29051706194877625,0.45025426149368286,0.13003960251808167,0.3794266441821248
4,0.3042,1246,1780,24,1,True,Pneumonia,3.2393405437469482,0.1180172711610794,0.2541772127151489,0.47360286116600037,0.15420271456241608,0.3794266441821248
4,0.3042,1246,1780,24,2,True,Pneumonia,4.317090034484863,0.08845597505569458,0.32495561242103577,0.3818213641643524,0.20476703345775604,0.016863406408094434
4,0.3042,1246,1780,24,3,True,Pneumonia,4.299741268157959,0.1272365152835846,0.2814432978630066,0.25075575709342957,0.3405643701553345,0.11691961776278809
4,0.3042,1246,1780,24,4,True,Pneumonia,3.3317949771881104,0.11711624264717102,0.31758448481559753,0.43375250697135925,0.1315467804670334,0.3794266441821248
4,0.3042,1246,1780,24,5,True,Pneumonia,3.870595932006836,0.15718196332454681,0.3358699381351471,0.36009541153907776,0.14685271680355072,0.017987633501967398
4,0.3042,1246,1780,24,6,True,Pneumonia,4.002382755279541,0.09913043677806854,0.3424980640411377,0.40674737095832825,0.15162405371665955,0.11691961776278809
4,0.3042,1246,1780,24,7,True,Pneumonia,3.683321475982666,0.1578821986913681,0.31656232476234436,0.3653736114501953,0.160181924700737,0.0022484541877459247
4,0.3042,1246,1780,24,8,True,Pneumonia,3.0461134910583496,0.1334746778011322,0.28167006373405457,0.4612148702144623,0.12364036589860916,0.3794266441821248
4,0.3042,1246,1780,24,9,True,Pneumonia,3.0199763774871826,0.07046572118997574,0.3267282247543335,0.5059047341346741,0.0969013050198555,0.3794266441821248
4,0.3042,1246,1780,24,10,True,Pneumonia,4.53566837310791,0.14961659908294678,0.28680869936943054,0.2881607115268707,0.27541404962539673,0.0022484541877459247
4,0.3042,1246,1780,24,11,True,Pneumonia,3.3126707077026367,0.09693371504545212,0.3024942874908447,0.4736589193344116,0.12691310048103333,0.3794266441821248
4,0.3042,1246,1780,24,12,True,Pneumonia,2.9400527477264404,0.16228681802749634,0.34071627259254456,0.4190824031829834,0.07791450619697571,0.3794266441821248
4,0.3042,1246,1780,24,13,True,Pneumonia,3.5346179008483887,0.10953276604413986,0.31546667218208313,0.4179183840751648,0.15708214044570923,0.017987633501967398
4,0.3042,1246,1780,24,14,True,Pneumonia,2.912717580795288,0.12468190491199493,0.357808381319046,0.4457146227359772,0.07179511338472366,0.3794266441821248
4,0.3042,1246,1780,24,15,True,Pneumonia,4.337072849273682,0.08712679147720337,0.3685475289821625,0.3662385642528534,0.178087055683136,0.017987633501967398
4,0.3042,1246,1780,24,16,True,Pneumonia,3.8632850646972656,0.1423090398311615,0.37030544877052307,0.3304443955421448,0.15694111585617065,0.11691961776278809
4,0.3042,1246,1780,24,17,True,Pneumonia,4.039220809936523,0.11823103576898575,0.24628187716007233,0.26564666628837585,0.36984044313430786,0.9893198426082068
4,0.3042,1246,1780,24,18,True,Pneumonia,3.5216987133026123,0.15454979240894318,0.3204971253871918,0.37621188163757324,0.14874106645584106,0.0022484541877459247
4,0.3042,1246,1780,24,19,True,Pneumonia,4.3867597579956055,0.05908060818910599,0.2211647629737854,0.165156289935112,0.5545982718467712,0.9932546374367622
4,0.3042,1246,1780,24,20,True,Pneumonia,3.362764358520508,0.22591333091259003,0.3322133719921112,0.33285248279571533,0.10902076959609985,0.0022484541877459247
4,0.3042,1246,1780,24,21,True,Pneumonia,3.3770124912261963,0.5963801145553589,0.15947124361991882,0.13137903809547424,0.11276986449956894,0.0011242270938729624
4,0.3042,1246,1780,24,22,True,Pneumonia,5.079543590545654,0.019251111894845963,0.22707724571228027,0.4251135587692261,0.3285580277442932,0.38055087127599774
4,0.3042,1246,1780,24,23,True,Pneumonia,1.0120351314544678,0.0011950889602303505,0.009163125418126583,0.05620219185948372,0.9334396719932556,0.9893198426082068
4,0.3042,1246,1780,24,24,True,Pneumonia,3.582308292388916,0.024694979190826416,0.10290682315826416,0.17224271595478058,0.70015549659729,0.9808881394041596
4,0.3042,1246,1780,24,25,True,Pneumonia,3.4233953952789307,0.07132662087678909,0.2898876667022705,0.4830136299133301,0.15577200055122375,0.3794266441821248
4,0.3042,1246,1780,24,26,True,Pneumonia,3.6208574771881104,0.08177117258310318,0.3325275778770447,0.41814276576042175,0.167558491230011,0.11691961776278809
4,0.3042,1246,1780,24,27,True,Pneumonia,3.1473259925842285,0.14378634095191956,0.32648026943206787,0.4188004732131958,0.1109328418970108,0.3794266441821248
4,0.3042,1246,1780,24,28,True,Pneumonia,2.7361035346984863,0.30939048528671265,0.26382121443748474,0.3442656397819519,0.08252271264791489,0.0022484541877459247
4,0.3042,1246,1780,24,29,True,Pneumonia,3.2006659507751465,0.11529314517974854,0.337552011013031,0.4362490177154541,0.1109057366847992,0.3794266441821248
4,0.3042,1246,1780,24,30,True,Pneumonia,3.4558253288269043,0.15528224408626556,0.32651960849761963,0.38468265533447266,0.13351546227931976,0.017987633501967398
4,0.3042,1246,1780,24,31,True,Pneumonia,2.8507583141326904,0.18596644699573517,0.23677219450473785,0.4529925584793091,0.12426866590976715,0.0022484541877459247
4,0.3042,1246,1780,31,0,True,Pneumonia,1.236606478691101,0.0035797306336462498,0.03616887331008911,0.030406344681978226,0.9298450946807861,1.0
4,0.3042,1246,1780,31,1,True,Pneumonia,4.569262504577637,0.12121980637311935,0.29563450813293457,0.25936323404312134,0.32378241419792175,0.11691961776278809
4,0.3042,1246,1780,31,2,True,Pneumonia,3.498109817504883,0.09111978113651276,0.3531202971935272,0.40994274616241455,0.14581719040870667,0.11691961776278809
4,0.3042,1246,1780,31,3,True,Pneumonia,3.368539571762085,0.12816599011421204,0.5570069551467896,0.19643151760101318,0.11839534342288971,0.016863406408094434
4,0.3042,1246,1780,31,4,True,Pneumonia,3.4098451137542725,0.06618084013462067,0.2548615336418152,0.48365747928619385,0.19529998302459717,0.12141652613827993
4,0.3042,1246,1780,31,5,True,Pneumonia,3.7571892738342285,0.12617942690849304,0.19956651329994202,0.17743459343910217,0.4968194365501404,1.0
4,0.3042,1246,1780,31,6,True,Pneumonia,3.272575616836548,0.20701566338539124,0.12436560541391373,0.31305012106895447,0.3555685877799988,0.0
4,0.3042,1246,1780,31,7,True,Pneumonia,3.6386818885803223,0.19237969815731049,0.3698100745677948,0.257339209318161,0.1804710328578949,0.0022484541877459247
4,0.3042,1246,1780,31,8,True,Pneumonia,3.337865114212036,0.15382076799869537,0.35754507780075073,0.3252732753753662,0.16336095333099365,0.016863406408094434
4,0.3042,1246,1780,31,9,True,Pneumonia,2.91446590423584,0.04801960662007332,0.10047838091850281,0.0925191193819046,0.7589830160140991,1.0
4,0.3042,1246,1780,31,10,True,Pneumonia,4.31291389465332,0.08128878474235535,0.3134036064147949,0.34705615043640137,0.258251428604126,0.11691961776278809
4,0.3042,1246,1780,31,11,True,Pneumonia,3.6587777137756348,0.21181164681911469,0.37048834562301636,0.2817418575286865,0.13595809042453766,0.0022484541877459247
4,0.3042,1246,1780,31,12,True,Pneumonia,3.107002019882202,0.024204835295677185,0.23616205155849457,0.6110524535179138,0.12858067452907562,0.3794266441821248
4,0.3042,1246,1780,31,13,True,Pneumonia,3.7427830696105957,0.0020252454560250044,0.23030658066272736,0.5388036966323853,0.22886458039283752,0.3827993254637437
4,0.3042,1246,1780,31,14,True,Pneumonia,3.479609251022339,0.04777589812874794,0.25504735112190247,0.509589672088623,0.18758703768253326,0.3794266441821248
4,0.3042,1246,1780,31,15,True,Pneumonia,3.789508104324341,0.12241452932357788,0.31927135586738586,0.3989606499671936,0.15935353934764862,0.3794266441821248
4,0.3042,1246,1780,31,16,True,Pneumonia,4.874980449676514,0.12809738516807556,0.22252582013607025,0.24736520648002625,0.4020116329193115,0.0022484541877459247
4,0.3042,1246,1780,31,17,True,Pneumonia,5.037849426269531,0.049647752195596695,0.12360230088233948,0.1443099081516266,0.6824400424957275,1.0
4,0.3042,1246,1780,31,18,True,Pneumonia,3.550034761428833,0.0828731581568718,0.3654661178588867,0.4121789038181305,0.1394818127155304,0.11691961776278809
4,0.3042,1246,1780,31,19,True,Pneumonia,3.4111855030059814,0.10589621961116791,0.34070053696632385,0.43641969561576843,0.11698350310325623,0.3794266441821248
4,0.3042,1246,1780,31,20,True,Pneumonia,3.3796634674072266,0.217210590839386,0.2706131041049957,0.34757545590400696,0.16460087895393372,0.0022484541877459247
4,0.3042,1246,1780,31,21,True,Pneumonia,4.124298572540283,0.19674605131149292,0.32158467173576355,0.26965054869651794,0.21201880276203156,0.0022484541877459247
4,0.3042,1246,1780,31,22,True,Pneumonia,3.403954267501831,0.12969858944416046,0.3172301948070526,0.4120103120803833,0.14106079936027527,0.017987633501967398
4,0.3042,1246,1780,31,23,True,Pneumonia,3.41019868850708,0.11809246242046356,0.3951640725135803,0.382293701171875,0.10444977134466171,0.11691961776278809
4,0.3042,1246,1780,31,24,True,Pneumonia,3.284135341644287,0.1372828483581543,0.3419211804866791,0.4117632508277893,0.10903263092041016,0.3794266441821248
4,0.3042,1246,1780,31,25,True,Pneumonia,0.0644083023071289,0.00016081336070783436,0.0011463552946224809,0.0012918257853016257,0.9974009394645691,1.0
4,0.3042,1246,1780,31,26,True,Pneumonia,3.6308813095092773,0.07500886917114258,0.3286885619163513,0.43382999300956726,0.16247254610061646,0.11691961776278809
4,0.3042,1246,1780,31,27,True,Pneumonia,4.422065734863281,0.1699173003435135,0.32888126373291016,0.316189706325531,0.1850118190050125,0.0022484541877459247
4,0.3042,1246,1780,31,28,True,Pneumonia,3.40036678314209,0.19342878460884094,0.37729185819625854,0.3189157247543335,0.11036360263824463,0.0022484541877459247
4,0.3042,1246,1780,31,29,True,Pneumonia,3.4868717193603516,0.09203753620386124,0.3340819478034973,0.44948187470436096,0.12439863383769989,0.3794266441821248
4,0.3042,1246,1780,31,30,True,Pneumonia,3.4963536262512207,0.12364546209573746,0.35784924030303955,0.39381828904151917,0.12468705326318741,0.017987633501967398
4,0.3042,1246,1780,31,31,True,Pneumonia,3.4355616569519043,0.1447446197271347,0.34214136004447937,0.3795737028121948,0.13354036211967468,0.11691961776278809
5,0.4363,1787,2367,0,0,True,Pneumonia,7.7688679695129395,0.01216390822082758,0.37013766169548035,0.37019410729408264,0.2475043535232544,0.5684699915469146
5,0.4363,1787,2367,0,1,True,Pneumonia,2.1253976821899414,2.5428221306356136e-08,4.537203858490102e-05,0.019267326220870018,0.9806873202323914,0.9995773457311918
5,0.4363,1787,2367,0,2,True,Pneumonia,6.321971893310547,0.011615194380283356,0.12242816388607025,0.32187148928642273,0.5440850257873535,0.9683009298393914
5,0.4363,1787,2367,0,3,True,Pneumonia,6.612947463989258,0.004024555906653404,0.1767767369747162,0.3796999454498291,0.4394987225532532,0.9636517328825022
5,0.4363,1787,2367,0,4,True,Pneumonia,3.9863038063049316,0.0011449005687609315,0.02995339035987854,0.0006214561290107667,0.9682803750038147,0.9983093829247676
5,0.4363,1787,2367,0,5,True,Pneumonia,5.452772617340088,0.0010157488286495209,0.040818385779857635,0.06079629808664322,0.8973695635795593,0.9822485207100592
5,0.4363,1787,2367,0,6,True,Pneumonia,7.7689714431762695,0.012178836390376091,0.3699319064617157,0.3705410957336426,0.2473481148481369,0.5752324598478444
5,0.4363,1787,2367,0,7,True,Pneumonia,7.02856969833374,0.0029734899289906025,0.10500524938106537,0.3417549431324005,0.5502662658691406,0.9010989010989011
5,0.4363,1787,2367,0,8,True,Pneumonia,5.3048295974731445,0.02937076985836029,0.3211447298526764,0.3721940517425537,0.2772905230522156,0.007185122569737954
5,0.4363,1787,2367,0,9,True,Pneumonia,4.243161678314209,0.0001256380055565387,0.00036884305882267654,0.0037041958421468735,0.9958013296127319,0.9970414201183432
5,0.4363,1787,2367,0,10,True,Pneumonia,7.5013017654418945,0.0178335253149271,0.3907177448272705,0.3452191650867462,0.24622957408428192,0.2599323753169907
5,0.4363,1787,2367,0,11,True,Pneumonia,5.141012191772461,0.032875075936317444,0.3065226078033447,0.37553125619888306,0.2850710153579712,0.07565511411665257
5,0.4363,1787,2367,0,12,True,Pneumonia,7.769367218017578,0.012253397144377232,0.37015658617019653,0.3704480528831482,0.2471420168876648,0.16060862214708369
5,0.4363,1787,2367,0,13,True,Pneumonia,3.080106019973755,1.800646168703679e-05,0.0014173160307109356,0.01614992506802082,0.982414722442627,0.9970414201183432
5,0.4363,1787,2367,0,14,True,Pneumonia,5.204481601715088,8.262802293756977e-05,0.0023884137626737356,0.11239223182201385,0.8851367831230164,0.9636517328825022
5,0.4363,1787,2367,0,15,True,Pneumonia,2.3947572708129883,0.0001352371764369309,0.0244916845113039,0.01103130541741848,0.9643417596817017,0.9978867286559594
5,0.4363,1787,2367,0,16,True,Pneumonia,6.391426086425781,0.023159349337220192,0.32763537764549255,0.3727589249610901,0.2764464020729065,0.9683009298393914
5,0.4363,1787,2367,0,17,True,Pneumonia,5.670226097106934,0.025626616552472115,0.31792697310447693,0.36436766386032104,0.2920787036418915,0.716821639898563
5,0.4363,1787,2367,0,18,True,Pneumonia,5.889020919799805,0.02884388342499733,0.3174164295196533,0.378064900636673,0.2756747603416443,0.6022823330515639
5,0.4363,1787,2367,0,19,True,Pneumonia,7.7453413009643555,0.013223856687545776,0.3669308125972748,0.369057834148407,0.250787615776062,0.48520710059171596
5,0.4363,1787,2367,0,20,True,Pneumonia,7.709338188171387,0.01187644712626934,0.3705902099609375,0.37195098400115967,0.24558240175247192,0.20583262890955198
5,0.4363,1787,2367,0,21,True,Pneumonia,4.5491042137146,0.0003725897113326937,0.0057986024767160416,0.05958857387304306,0.9342403411865234,0.9974640743871513
5,0.4363,1787,2367,0,22,True,Pneumonia,7.739485263824463,0.01181926392018795,0.3683752417564392,0.37141916155815125,0.24838633835315704,0.4323753169907016
5,0.4363,1787,2367,0,23,True,Pneumonia,7.745400905609131,0.01117837242782116,0.33032557368278503,0.36636003851890564,0.2921360731124878,0.9970414201183432
5,0.4363,1787,2367,0,24,True,Pneumonia,4.23107385635376,0.0012268740683794022,0.003504000836983323,0.025441039353609085,0.9698280096054077,0.9983093829247676
5,0.4363,1787,2367,0,25,True,Pneumonia,7.76934814453125,0.01223879773169756,0.37012678384780884,0.37048402428627014,0.2471504807472229,0.4708368554522401
5,0.4363,1787,2367,0,26,True,Pneumonia,7.524581432342529,0.013476715423166752,0.26914989948272705,0.29438650608062744,0.4229868948459625,0.9970414201183432
5,0.4363,1787,2367,0,27,True,Pneumonia,6.975372314453125,0.006047998555004597,0.210233673453331,0.4220372438430786,0.36168116331100464,0.9636517328825022
5,0.4363,1787,2367,0,28,True,Pneumonia,6.107994079589844,0.00423889746889472,0.02251155488193035,0.08784317225217819,0.8854064345359802,0.9868977176669484
5,0.4363,1787,2367,0,29,True,Pneumonia,7.611901760101318,0.011919187381863594,0.35904139280319214,0.3694404661655426,0.25959882140159607,0.9788672865595942
5,0.4363,1787,2367,0,30,True,Pneumonia,6.716436386108398,0.001787165878340602,0.09954787790775299,0.4587610065937042,0.43990394473075867,0.7527472527472527
5,0.4363,1787,2367,0,31,True,Pneumonia,2.7772388458251953,0.0002071147901006043,0.014588860794901848,0.009577239863574505,0.9756266474723816,0.9970414201183432
5,0.4363,1787,2367,8,0,True,Pneumonia,5.314730167388916,0.03890831395983696,0.2443876564502716,0.4248509407043457,0.291853129863739,0.015215553677092139
5,0.4363,1787,2367,8,1,True,Pneumonia,5.52931547164917,0.07809481024742126,0.25223463773727417,0.3708314299583435,0.2988390326499939,0.7527472527472527
5,0.4363,1787,2367,8,2,True,Pneumonia,2.6542789936065674,0.050477977842092514,0.15599662065505981,0.09337296336889267,0.7001523971557617,1.0
5,0.4363,1787,2367,8,3,True,Pneumonia,3.5243918895721436,0.04808436706662178,0.1636762171983719,0.1307011842727661,0.6575381755828857,0.9978867286559594
5,0.4363,1787,2367,8,4,True,Pneumonia,3.248877763748169,0.009991460479795933,0.07299546897411346,0.8121350407600403,0.10487811267375946,0.7519019442096365
5,0.4363,1787,2367,8,5,True,Pneumonia,5.766998291015625,0.17096254229545593,0.4162018895149231,0.3276433050632477,0.08519232273101807,0.0
5,0.4363,1787,2367,8,6,True,Pneumonia,4.747498989105225,0.037291206419467926,0.12225759029388428,0.625247061252594,0.215204119682312,0.7519019442096365
5,0.4363,1787,2367,8,7,True,Pneumonia,3.2445878982543945,0.11610038578510284,0.5608326196670532,0.23888294398784637,0.08418387174606323,0.015215553677092139
5,0.4363,1787,2367,8,8,True,Pneumonia,5.339973449707031,0.015890996903181076,0.10530705749988556,0.3476438820362091,0.5311580896377563,1.0
5,0.4363,1787,2367,8,9,True,Pneumonia,7.022231101989746,0.030537744984030724,0.3307034969329834,0.4157710075378418,0.22298766672611237,0.9995773457311918
5,0.4363,1787,2367,8,10,True,Pneumonia,6.801231384277344,0.005391799379140139,0.1455279439687729,0.34362372756004333,0.5054565668106079,0.9995773457311918
5,0.4363,1787,2367,8,11,True,Pneumonia,3.600822687149048,0.08993886411190033,0.2681840658187866,0.16880066692829132,0.47307637333869934,0.9978867286559594
5,0.4363,1787,2367,8,12,True,Pneumonia,4.0499982833862305,0.06422663480043411,0.28200820088386536,0.2582564353942871,0.39550870656967163,0.9974640743871513
5,0.4363,1787,2367,8,13,True,Pneumonia,5.191306114196777,0.00919588003307581,0.12152484804391861,0.3522188663482666,0.517060399055481,0.9978867286559594
5,0.4363,1787,2367,8,14,True,Pneumonia,4.356663703918457,0.1626867800951004,0.48436158895492554,0.26182985305786133,0.09112179279327393,0.015215553677092139
5,0.4363,1787,2367,8,15,True,Pneumonia,3.0023629665374756,0.03838836029171944,0.12893296778202057,0.027773622423410416,0.8049049973487854,0.9974640743871513
5,0.4363,1787,2367,8,16,True,Pneumonia,4.812963008880615,0.09059511125087738,0.25199663639068604,0.31403881311416626,0.3433694541454315,0.9995773457311918
5,0.4363,1787,2367,8,17,True,Pneumonia,7.697170257568359,0.008660674095153809,0.292705774307251,0.38776475191116333,0.3108688294887543,0.716821639898563
5,0.4363,1787,2367,8,18,True,Pneumonia,5.4123854637146,0.05259140953421593,0.153012216091156,0.4730491042137146,0.321347177028656,0.7493660185967879
5,0.4363,1787,2367,8,19,True,Pneumonia,5.717782974243164,0.04738319665193558,0.19549167156219482,0.4609872102737427,0.29613789916038513,0.7527472527472527
5,0.4363,1787,2367,8,20,True,Pneumonia,4.682936191558838,0.10803992301225662,0.29715943336486816,0.2676346004009247,0.32716596126556396,0.015215553677092139
5,0.4363,1787,2367,8,21,True,Pneumonia,6.121123313903809,0.01937183365225792,0.13975560665130615,0.34057027101516724,0.5003023147583008,0.41166525781910396
5,0.4363,1787,2367,8,22,True,Pneumonia,4.617671966552734,0.10348039120435715,0.483445942401886,0.29925107955932617,0.11382259428501129,0.015215553677092139
5,0.4363,1787,2367,8,23,True,Pneumonia,4.966527938842773,0.17820030450820923,0.21275091171264648,0.3803197145462036,0.2287290096282959,0.001267962806424345
5,0.4363,1787,2367,8,24,True,Pneumonia,4.295956134796143,0.07436754554510117,0.34524205327033997,0.2050979733467102,0.37529245018959045,0.015215553677092139
5,0.4363,1787,2367,8,25,True,Pneumonia,3.4613606929779053,0.039054024964571,0.17825712263584137,0.12838898599147797,0.654299795627594,0.9978867286559594
5,0.4363,1787,2367,8,26,True,Pneumonia,3.7414684295654297,0.09770207107067108,0.4202193021774292,0.26853224635124207,0.21354641020298004,0.015215553677092139
5,0.4363,1787,2367,8,27,True,Pneumonia,7.751383304595947,0.013967317529022694,0.3662956953048706,0.37142789363861084,0.24830907583236694,0.0
5,0.4363,1787,2367,8,28,True,Pneumonia,3.3005919456481934,0.0053823343478143215,0.024122115224599838,0.030929826200008392,0.9395657777786255,0.9822485207100592
5,0.4363,1787,2367,8,29,True,Pneumonia,4.703217506408691,0.04466507211327553,0.17327746748924255,0.0792580395936966,0.702799379825592,0.9978867286559594
5,0.4363,1787,2367,8,30,True,Pneumonia,7.735596656799316,0.013073528185486794,0.3704662024974823,0.3677596151828766,0.24870064854621887,0.5
5,0.4363,1787,2367,8,31,True,Pneumonia,4.870209217071533,0.1233561784029007,0.5289934277534485,0.23866312205791473,0.10898730158805847,0.015215553677092139
5,0.4363,1787,2367,16,0,True,Pneumonia,3.3815367221832275,0.0010951595613732934,0.03597693145275116,0.13517668843269348,0.8277512788772583,0.9919695688926459
5,0.4363,1787,2367,16,1,True,Pneumonia,3.903517723083496,0.0019663460552692413,0.042209845036268234,0.07433426380157471,0.8814895153045654,0.9911242603550295
5,0.4363,1787,2367,16,2,True,Pneumonia,4.871146202087402,0.009476023726165295,0.1527172029018402,0.17577967047691345,0.6620269417762756,0.9835164835164835
5,0.4363,1787,2367,16,3,True,Pneumonia,3.6291890144348145,0.21133311092853546,0.22382156550884247,0.13077743351459503,0.4340680241584778,0.9991546914623838
5,0.4363,1787,2367,16,4,True,Pneumonia,4.851499557495117,0.02352399006485939,0.10349006205797195,0.10981053113937378,0.7631753087043762,0.9868977176669484
5,0.4363,1787,2367,16,5,True,Pneumonia,4.914556980133057,0.08082432299852371,0.3088550269603729,0.22059586644172668,0.38972482085227966,0.2852916314454776
5,0.4363,1787,2367,16,6,True,Pneumonia,5.60890007019043,0.03478989005088806,0.22602586448192596,0.3222191035747528,0.41696518659591675,0.2852916314454776
5,0.4363,1787,2367,16,7,True,Pneumonia,6.160189628601074,0.13303051888942719,0.2440306842327118,0.3512006103992462,0.27173811197280884,0.0
5,0.4363,1787,2367,16,8,True,Pneumonia,5.701106071472168,0.019073346629738808,0.1909928321838379,0.17091383039951324,0.6190200448036194,0.9894336432797971
5,0.4363,1787,2367,16,9,True,Pneumonia,3.8677830696105957,0.11749622225761414,0.36647412180900574,0.2893284857273102,0.22670114040374756,0.2852916314454776
5,0.4363,1787,2367,16,10,True,Pneumonia,4.215382099151611,0.20356422662734985,0.37855637073516846,0.290188729763031,0.1276906579732895,0.0016906170752324597
5,0.4363,1787,2367,16,11,True,Pneumonia,4.16133451461792,0.0859140008687973,0.36758923530578613,0.2254406362771988,0.32105615735054016,0.2852916314454776
5,0.4363,1787,2367,16,12,True,Pneumonia,4.965075969696045,0.02031901478767395,0.23548737168312073,0.2302534133195877,0.5139402151107788,0.2852916314454776
5,0.4363,1787,2367,16,13,True,Pneumonia,4.645631790161133,0.044270556420087814,0.3404041826725006,0.3914528489112854,0.22387243807315826,0.2852916314454776
5,0.4363,1787,2367,16,14,True,Pneumonia,3.735633611679077,0.17272834479808807,0.4203077554702759,0.29087960720062256,0.1160842776298523,0.2852916314454776
5,0.4363,1787,2367,16,15,True,Pneumonia,7.416410446166992,0.034285787492990494,0.3482944369316101,0.3942117691040039,0.22320792078971863,0.0008453085376162299
5,0.4363,1787,2367,16,16,True,Pneumonia,5.184162139892578,0.008474433794617653,0.09119188785552979,0.08852345496416092,0.8118101358413696,0.7658495350803043
5,0.4363,1787,2367,16,17,True,Pneumonia,4.535966873168945,0.006818419322371483,0.037436556071043015,0.06289029866456985,0.8928547501564026,0.7789518174133558
5,0.4363,1787,2367,16,18,True,Pneumonia,5.944856643676758,0.06536982953548431,0.22722822427749634,0.23265664279460907,0.47474533319473267,0.7717666948436179
5,0.4363,1787,2367,16,19,True,Pneumonia,4.837972640991211,0.05555952340364456,0.2649053931236267,0.27335596084594727,0.4061791002750397,0.2852916314454776
5,0.4363,1787,2367,16,20,True,Pneumonia,3.724052906036377,0.21617524325847626,0.3586679995059967,0.2209610939025879,0.20419572293758392,0.0016906170752324597
5,0.4363,1787,2367,16,21,True,Pneumonia,4.723211288452148,0.0324481837451458,0.33469051122665405,0.3271859288215637,0.30567532777786255,0.2852916314454776
5,0.4363,1787,2367,16,22,True,Pneumonia,3.891737699508667,0.0034159317146986723,0.030455786734819412,0.05090218037366867,0.9152260422706604,0.9911242603550295
5,0.4363,1787,2367,16,23,True,Pneumonia,4.095004558563232,0.07209707051515579,0.30377310514450073,0.2524155378341675,0.371714323759079,1.0
5,0.4363,1787,2367,16,24,True,Pneumonia,4.598685264587402,0.015540726482868195,0.1559322625398636,0.11583404242992401,0.7126929759979248,0.9835164835164835
5,0.4363,1787,2367,16,25,True,Pneumonia,5.005762100219727,0.015610923990607262,0.06038833409547806,0.18386128544807434,0.7401394844055176,0.7789518174133558
5,0.4363,1787,2367,16,26,True,Pneumonia,5.57258939743042,0.03629238158464432,0.1860627382993698,0.1995033323764801,0.5781415700912476,0.2852916314454776
5,0.4363,1787,2367,16,27,True,Pneumonia,6.175782203674316,0.032806310802698135,0.14838552474975586,0.2823966145515442,0.536411464214325,1.0
5,0.4363,1787,2367,16,28,True,Pneumonia,4.625019073486328,0.052535530179739,0.40836217999458313,0.37280571460723877,0.1662966012954712,0.41166525781910396
5,0.4363,1787,2367,16,29,True,Pneumonia,4.863901138305664,0.2149941772222519,0.3586222529411316,0.28859394788742065,0.13778957724571228,0.0008453085376162299
5,0.4363,1787,2367,16,30,True,Pneumonia,4.766241073608398,0.08366366475820541,0.21119681000709534,0.17159141600131989,0.5335480570793152,0.2852916314454776
5,0.4363,1787,2367,16,31,True,Pneumonia,5.186753749847412,0.007754841353744268,0.06968089938163757,0.11457511782646179,0.8079891800880432,0.9868977176669484
5,0.4363,1787,2367,24,0,True,Pneumonia,3.276546001434326,0.08376162499189377,0.4278898239135742,0.34727364778518677,0.14107488095760345,0.2852916314454776
5,0.4363,1787,2367,24,1,True,Pneumonia,3.3486366271972656,0.07011456787586212,0.3717088997364044,0.37622082233428955,0.18195562064647675,0.2852916314454776
5,0.4363,1787,2367,24,2,True,Pneumonia,4.3802947998046875,0.08257634937763214,0.38149452209472656,0.33482640981674194,0.20110273361206055,0.08791208791208792
5,0.4363,1787,2367,24,3,True,Pneumonia,4.428712844848633,0.07903221994638443,0.3164195418357849,0.21751560270786285,0.3870326578617096,0.9843617920540998
5,0.4363,1787,2367,24,4,True,Pneumonia,3.5477547645568848,0.05771122872829437,0.4031904339790344,0.39233773946762085,0.14676053822040558,0.2852916314454776
5,0.4363,1787,2367,24,5,True,Pneumonia,4.156073570251465,0.09781094640493393,0.40831267833709717,0.33720436692237854,0.15667204558849335,0.2852916314454776
5,0.4363,1787,2367,24,6,True,Pneumonia,4.373099327087402,0.038658298552036285,0.3695945739746094,0.4233952462673187,0.16835185885429382,0.41166525781910396
5,0.4363,1787,2367,24,7,True,Pneumonia,3.7912378311157227,0.12058078497648239,0.395221471786499,0.3316371440887451,0.15256063640117645,0.013524936601859678
5,0.4363,1787,2367,24,8,True,Pneumonia,3.220712900161743,0.0684470385313034,0.39813533425331116,0.386364609003067,0.14705297350883484,0.2852916314454776
5,0.4363,1787,2367,24,9,True,Pneumonia,3.1547152996063232,0.019726023077964783,0.3731163740158081,0.4793125092983246,0.12784512341022491,0.41166525781910396
5,0.4363,1787,2367,24,10,True,Pneumonia,4.41205358505249,0.11088304221630096,0.3709903955459595,0.22520363330841064,0.2929229736328125,0.9911242603550295
5,0.4363,1787,2367,24,11,True,Pneumonia,3.638747453689575,0.055473692715168,0.38160520792007446,0.41036468744277954,0.15255634486675262,0.2852916314454776
5,0.4363,1787,2367,24,12,True,Pneumonia,3.187990188598633,0.08309348672628403,0.4274905323982239,0.3854343891143799,0.1039816290140152,0.2852916314454776
5,0.4363,1787,2367,24,13,True,Pneumonia,3.7398173809051514,0.05246272683143616,0.3722113370895386,0.4123302698135376,0.16299572587013245,0.41166525781910396
5,0.4363,1787,2367,24,14,True,Pneumonia,3.189239501953125,0.049155090004205704,0.43652692437171936,0.4210387170314789,0.09327921271324158,0.2852916314454776
5,0.4363,1787,2367,24,15,True,Pneumonia,4.486202239990234,0.03528117015957832,0.38087669014930725,0.40515416860580444,0.17868804931640625,0.41166525781910396
5,0.4363,1787,2367,24,16,True,Pneumonia,3.8649179935455322,0.08300480991601944,0.44259241223335266,0.3431507349014282,0.1312519907951355,0.08791208791208792
5,0.4363,1787,2367,24,17,True,Pneumonia,4.228686332702637,0.0798434466123581,0.2963309586048126,0.23589494824409485,0.38793063163757324,0.0016906170752324597
5,0.4363,1787,2367,24,18,True,Pneumonia,3.872112274169922,0.08734343200922012,0.40741562843322754,0.3445267677307129,0.16071417927742004,0.2852916314454776
5,0.4363,1787,2367,24,19,True,Pneumonia,4.353747844696045,0.02014949545264244,0.1632539927959442,0.14191383123397827,0.6746827363967896,0.9843617920540998
5,0.4363,1787,2367,24,20,True,Pneumonia,3.5360100269317627,0.1930799037218094,0.4335077106952667,0.2786487936973572,0.09476353228092194,0.0016906170752324597
5,0.4363,1787,2367,24,21,True,Pneumonia,3.6075358390808105,0.5858637690544128,0.15236005187034607,0.15400506556034088,0.107771135866642,0.0008453085376162299
5,0.4363,1787,2367,24,22,True,Pneumonia,5.406933307647705,0.007739374414086342,0.2654518485069275,0.38829347491264343,0.3385153114795685,0.7523245984784447
5,0.4363,1787,2367,24,23,True,Pneumonia,2.5329854488372803,0.027668433263897896,0.09817448258399963,0.13054916262626648,0.7436079382896423,0.9919695688926459
5,0.4363,1787,2367,24,24,True,Pneumonia,3.5280418395996094,0.028958607465028763,0.15208420157432556,0.15755856037139893,0.6613986492156982,0.9873203719357565
5,0.4363,1787,2367,24,25,True,Pneumonia,3.530275821685791,0.032603632658720016,0.3406396210193634,0.4582863450050354,0.16847047209739685,0.41166525781910396
5,0.4363,1787,2367,24,26,True,Pneumonia,3.6658267974853516,0.03262566030025482,0.38135164976119995,0.42893028259277344,0.15709234774112701,0.41166525781910396
5,0.4363,1787,2367,24,27,True,Pneumonia,3.279245376586914,0.09147781878709793,0.4229782819747925,0.3706355094909668,0.1149083822965622,0.2852916314454776
5,0.4363,1787,2367,24,28,True,Pneumonia,3.092108726501465,0.22429794073104858,0.40147486329078674,0.2593885362148285,0.1148386299610138,0.2852916314454776
5,0.4363,1787,2367,24,29,True,Pneumonia,3.4352869987487793,0.08507699519395828,0.41177669167518616,0.3794492781162262,0.1236969530582428,0.41166525781910396
5,0.4363,1787,2367,24,30,True,Pneumonia,3.72694730758667,0.11386512219905853,0.4291359782218933,0.32943132519721985,0.12756769359111786,0.2852916314454776
5,0.4363,1787,2367,24,31,True,Pneumonia,3.1918563842773438,0.15370067954063416,0.37130415439605713,0.31152960658073425,0.16346541047096252,0.0016906170752324597
5,0.4363,1787,2367,31,0,True,Pneumonia,1.1899938583374023,0.0010507768020033836,0.035749051719903946,0.038390301167964935,0.924809992313385,1.0
5,0.4363,1787,2367,31,1,True,Pneumonia,4.5391526222229,0.0866629034280777,0.3851369619369507,0.2805168628692627,0.2476833164691925,0.08791208791208792
5,0.4363,1787,2367,31,2,True,Pneumonia,3.778613805770874,0.058513350784778595,0.4022262394428253,0.40250837802886963,0.13675205409526825,0.41166525781910396
5,0.4363,1787,2367,31,3,True,Pneumonia,3.539790630340576,0.10182034969329834,0.5565560460090637,0.25021082162857056,0.09141278266906738,0.01267962806424345
5,0.4363,1787,2367,31,4,True,Pneumonia,3.5873782634735107,0.03023732826113701,0.3057575225830078,0.4753989577293396,0.1886061429977417,0.2852916314454776
5,0.4363,1787,2367,31,5,True,Pneumonia,3.7616965770721436,0.07453780621290207,0.23912344872951508,0.17906855046749115,0.5072702765464783,1.0
5,0.4363,1787,2367,31,6,True,Pneumonia,3.642604351043701,0.18188245594501495,0.12509700655937195,0.35231274366378784,0.3407077491283417,0.0
5,0.4363,1787,2367,31,7,True,Pneumonia,3.9255106449127197,0.12973497807979584,0.46887439489364624,0.28361451625823975,0.11777614057064056,0.08791208791208792
5,0.4363,1787,2367,31,8,True,Pneumonia,3.5441465377807617,0.13915887475013733,0.36685776710510254,0.3557543456554413,0.13822899758815765,0.41420118343195267
5,0.4363,1787,2367,31,9,True,Pneumonia,2.8393747806549072,0.03342580050230026,0.1211666390299797,0.08431412279605865,0.7610934376716614,1.0
5,0.4363,1787,2367,31,10,True,Pneumonia,4.588408946990967,0.03392184153199196,0.34055837988853455,0.34625425934791565,0.27926546335220337,0.41166525781910396
5,0.4363,1787,2367,31,11,True,Pneumonia,4.001765727996826,0.12307452410459518,0.4322832524776459,0.2634470462799072,0.1811952441930771,0.013524936601859678
5,0.4363,1787,2367,31,12,True,Pneumonia,3.1640727519989014,0.00379050406627357,0.2241850644350052,0.6104462146759033,0.16157828271389008,0.5228233305156382
5,0.4363,1787,2367,31,13,True,Pneumonia,3.954514741897583,0.0007805122877471149,0.13309243321418762,0.648400068283081,0.21772713959217072,0.41420118343195267
5,0.4363,1787,2367,31,14,True,Pneumonia,3.667186737060547,0.014827405102550983,0.2627049684524536,0.5225862264633179,0.19988135993480682,0.41166525781910396
5,0.4363,1787,2367,31,15,True,Pneumonia,3.9717977046966553,0.05364886298775673,0.38637155294418335,0.41060540080070496,0.14937421679496765,0.2852916314454776
5,0.4363,1787,2367,31,16,True,Pneumonia,4.837645053863525,0.08009352535009384,0.2143505960702896,0.18995149433612823,0.5156043767929077,0.9885883347421809
5,0.4363,1787,2367,31,17,True,Pneumonia,5.211732387542725,0.03469589352607727,0.17267143726348877,0.16700616478919983,0.6256265640258789,1.0
5,0.4363,1787,2367,31,18,True,Pneumonia,3.7003018856048584,0.023460017517209053,0.39465779066085815,0.42740654945373535,0.15447558462619781,0.2852916314454776
5,0.4363,1787,2367,31,19,True,Pneumonia,3.6658284664154053,0.053374603390693665,0.4136884808540344,0.41027238965034485,0.12266440689563751,0.41166525781910396
5,0.4363,1787,2367,31,20,True,Pneumonia,3.5005972385406494,0.14155738055706024,0.4129640758037567,0.27646657824516296,0.16901198029518127,0.2852916314454776
5,0.4363,1787,2367,31,21,True,Pneumonia,4.353707313537598,0.11977654695510864,0.35282260179519653,0.23691359162330627,0.29048722982406616,0.9767540152155537
5,0.4363,1787,2367,31,22,True,Pneumonia,3.6290032863616943,0.070286825299263,0.4173092842102051,0.3729809522628784,0.1394229382276535,0.2852916314454776
5,0.4363,1787,2367,31,23,True,Pneumonia,3.563438892364502,0.04471234604716301,0.4247775077819824,0.4078769087791443,0.12263336777687073,0.2852916314454776
5,0.4363,1787,2367,31,24,True,Pneumonia,3.506394386291504,0.10273734480142593,0.4270118772983551,0.36002328991889954,0.11022750288248062,0.2852916314454776
5,0.4363,1787,2367,31,25,True,Pneumonia,0.11228075623512268,0.00027019710978493094,0.002326146699488163,0.0022286318708211184,0.9951750040054321,1.0
5,0.4363,1787,2367,31,26,True,Pneumonia,3.9211819171905518,0.04527965933084488,0.35120558738708496,0.4287852644920349,0.17472951114177704,0.41166525781910396
5,0.4363,1787,2367,31,27,True,Pneumonia,4.458013534545898,0.1166553720831871,0.3628711402416229,0.27101895213127136,0.249454528093338,0.9881656804733728
5,0.4363,1787,2367,31,28,True,Pneumonia,3.55252742767334,0.13158410787582397,0.4802621603012085,0.28404369950294495,0.10411006212234497,0.2852916314454776
5,0.4363,1787,2367,31,29,True,Pneumonia,3.5952887535095215,0.0363321378827095,0.3956605792045593,0.43537139892578125,0.13263598084449768,0.41166525781910396
5,0.4363,1787,2367,31,30,True,Pneumonia,3.7859609127044678,0.056455500423908234,0.3929453194141388,0.4056086242198944,0.14499050378799438,0.2852916314454776
5,0.4363,1787,2367,31,31,True,Pneumonia,3.714024782180786,0.11785104125738144,0.4110766053199768,0.3059452772140503,0.16512705385684967,0.08791208791208792
6,0.5796,2374,2741,0,0,False,Chronic rhinosinusitis,7.915556907653809,0.010502658784389496,0.42672866582870483,0.4268554151058197,0.13591328263282776,0.16423357664233576
6,0.5796,2374,2741,0,1,False,Chronic rhinosinusitis,2.0697288513183594,4.124123734072782e-05,0.0002731054264586419,0.014038912020623684,0.9856466054916382,0.9996350364963503
6,0.5796,2374,2741,0,2,False,Chronic rhinosinusitis,6.37884521484375,0.00832592137157917,0.1308148354291916,0.4901007413864136,0.3707584738731384,0.9821167883211679
6,0.5796,2374,2741,0,3,False,Chronic rhinosinusitis,6.780165672302246,0.0035787001252174377,0.18834909796714783,0.5504413843154907,0.25763067603111267,0.92007299270073
6,0.5796,2374,2741,0,4,False,Chronic rhinosinusitis,4.132133960723877,0.0024373973719775677,0.054622769355773926,0.005199736449867487,0.9377402067184448,0.9985401459854014
6,0.5796,2374,2741,0,5,False,Chronic rhinosinusitis,5.578141212463379,0.0012670832220464945,0.06843429803848267,0.0956481546163559,0.8346505165100098,0.9832116788321168
6,0.5796,2374,2741,0,6,False,Chronic rhinosinusitis,7.915678024291992,0.01053921040147543,0.4270230233669281,0.4268893897533417,0.1355484426021576,0.2083941605839416
6,0.5796,2374,2741,0,7,False,Chronic rhinosinusitis,7.1311821937561035,0.003278926946222782,0.1274997889995575,0.46889352798461914,0.4003276526927948,0.9259124087591241
6,0.5796,2374,2741,0,8,False,Chronic rhinosinusitis,5.434820175170898,0.02434510365128517,0.3445354402065277,0.5011160373687744,0.13000349700450897,0.42007299270072995
6,0.5796,2374,2741,0,9,False,Chronic rhinosinusitis,4.246488571166992,0.0001412704586982727,0.0005332421278581023,0.009848076850175858,0.9894773960113525,0.9974452554744525
6,0.5796,2374,2741,0,10,False,Chronic rhinosinusitis,7.661044120788574,0.017237819731235504,0.47442197799682617,0.37844759225845337,0.12989257276058197,0.372992700729927
6,0.5796,2374,2741,0,11,False,Chronic rhinosinusitis,5.275813102722168,0.028405316174030304,0.3341391682624817,0.504738986492157,0.13271650671958923,0.5372262773722628
6,0.5796,2374,2741,0,12,False,Chronic rhinosinusitis,7.916065692901611,0.01057006511837244,0.4270135760307312,0.4266909658908844,0.13572537899017334,0.3014598540145985
6,0.5796,2374,2741,0,13,False,Chronic rhinosinusitis,2.970360040664673,2.355963079025969e-05,0.0018719639629125595,0.020445652306079865,0.9776588678359985,0.9974452554744525
6,0.5796,2374,2741,0,14,False,Chronic rhinosinusitis,5.199199676513672,0.00012353081547189504,0.0030660866759717464,0.30282872915267944,0.6939815878868103,0.9726277372262774
6,0.5796,2374,2741,0,15,False,Chronic rhinosinusitis,2.379746437072754,5.1158924179617316e-05,0.019740460440516472,0.02995890937745571,0.950249433517456,0.9981751824817519
6,0.5796,2374,2741,0,16,False,Chronic rhinosinusitis,6.5166168212890625,0.014449399895966053,0.35882627964019775,0.4600103199481964,0.16671405732631683,0.9821167883211679
6,0.5796,2374,2741,0,17,False,Chronic rhinosinusitis,5.81437349319458,0.022352486848831177,0.34988537430763245,0.4917483329772949,0.13601376116275787,0.7273722627737226
6,0.5796,2374,2741,0,18,False,Chronic rhinosinusitis,6.042993068695068,0.024717118591070175,0.3571559488773346,0.4848732352256775,0.13325370848178864,0.6273722627737226
6,0.5796,2374,2741,0,19,False,Chronic rhinosinusitis,7.891627311706543,0.009919979609549046,0.42731761932373047,0.4264706075191498,0.1362917125225067,0.4302919708029197
6,0.5796,2374,2741,0,20,False,Chronic rhinosinusitis,7.857809543609619,0.009921262972056866,0.4263441264629364,0.42700156569480896,0.13673296570777893,0.7948905109489051
6,0.5796,2374,2741,0,21,False,Chronic rhinosinusitis,4.671370029449463,0.0004291142395231873,0.007386162411421537,0.1301555037498474,0.8620293140411377,0.9978102189781022
6,0.5796,2374,2741,0,22,False,Chronic rhinosinusitis,7.88665246963501,0.010239805094897747,0.4238367974758148,0.43075940012931824,0.13516396284103394,0.5072992700729927
6,0.5796,2374,2741,0,23,False,Chronic rhinosinusitis,7.891144752502441,0.010086155496537685,0.386284738779068,0.4335649609565735,0.17006416618824005,0.9974452554744525
6,0.5796,2374,2741,0,24,False,Chronic rhinosinusitis,4.198535442352295,0.0012147057568654418,0.004185959231108427,0.07288815081119537,0.9217112064361572,0.9985401459854014
6,0.5796,2374,2741,0,25,False,Chronic rhinosinusitis,7.916046142578125,0.01056385412812233,0.4269182085990906,0.4267982542514801,0.1357196718454361,0.3302919708029197
6,0.5796,2374,2741,0,26,False,Chronic rhinosinusitis,7.673256874084473,0.005565691273659468,0.3201855421066284,0.3601490259170532,0.3140997886657715,0.9974452554744525
6,0.5796,2374,2741,0,27,False,Chronic rhinosinusitis,7.104491710662842,0.005732590798288584,0.22274526953697205,0.5584351420402527,0.2130870521068573,0.9631386861313869
6,0.5796,2374,2741,0,28,False,Chronic rhinosinusitis,6.1508684158325195,0.0034436716232448816,0.031036075204610825,0.20458060503005981,0.7609395980834961,0.9872262773722628
6,0.5796,2374,2741,0,29,False,Chronic rhinosinusitis,7.759112358093262,0.011264484375715256,0.4112164080142975,0.4354982376098633,0.14202088117599487,0.6704379562043795
6,0.5796,2374,2741,0,30,False,Chronic rhinosinusitis,6.430886745452881,0.0013383871410042048,0.10102588683366776,0.6280680298805237,0.26956772804260254,0.8642335766423358
6,0.5796,2374,2741,0,31,False,Chronic rhinosinusitis,2.860146999359131,8.512602653354406e-05,0.014289826154708862,0.02100234106183052,0.9646227955818176,0.9974452554744525
6,0.5796,2374,2741,8,0,False,Chronic rhinosinusitis,5.771108627319336,0.03853198140859604,0.22620032727718353,0.44880279898643494,0.2864648997783661,0.013138686131386862
6,0.5796,2374,2741,8,1,False,Chronic rhinosinusitis,5.363794326782227,0.06398326903581619,0.3123316764831543,0.3803786039352417,0.2433064728975296,0.65
6,0.5796,2374,2741,8,2,False,Chronic rhinosinusitis,2.843794822692871,0.04844958335161209,0.13077428936958313,0.11492457240819931,0.7058516144752502,1.0
6,0.5796,2374,2741,8,3,False,Chronic rhinosinusitis,3.8531177043914795,0.052350882440805435,0.1969243735074997,0.17507602274417877,0.5756486654281616,0.9981751824817519
6,0.5796,2374,2741,8,4,False,Chronic rhinosinusitis,1.724982738494873,0.001928324461914599,0.027707893401384354,0.8900772929191589,0.08028651773929596,0.8635036496350365
6,0.5796,2374,2741,8,5,False,Chronic rhinosinusitis,5.6277756690979,0.18521393835544586,0.4793061912059784,0.2688663899898529,0.06661342084407806,0.0
6,0.5796,2374,2741,8,6,False,Chronic rhinosinusitis,4.913204669952393,0.035534217953681946,0.15164126455783844,0.6668893098831177,0.14593523740768433,0.8635036496350365
6,0.5796,2374,2741,8,7,False,Chronic rhinosinusitis,3.503368377685547,0.11050667613744736,0.5543753504753113,0.2551751732826233,0.07994280010461807,0.013138686131386862
6,0.5796,2374,2741,8,8,False,Chronic rhinosinusitis,5.0658183097839355,0.014303471893072128,0.10088036954402924,0.4175719618797302,0.46724429726600647,0.9981751824817519
6,0.5796,2374,2741,8,9,False,Chronic rhinosinusitis,7.161777973175049,0.0255918949842453,0.3768535554409027,0.4305466115474701,0.1670079380273819,0.9996350364963503
6,0.5796,2374,2741,8,10,False,Chronic rhinosinusitis,6.475603103637695,0.004227953962981701,0.14751526713371277,0.47052404284477234,0.3777327537536621,0.8642335766423358
6,0.5796,2374,2741,8,11,False,Chronic rhinosinusitis,3.7091848850250244,0.08275460451841354,0.26751643419265747,0.1847558319568634,0.4649731516838074,0.9981751824817519
6,0.5796,2374,2741,8,12,False,Chronic rhinosinusitis,4.275980472564697,0.048843272030353546,0.29441335797309875,0.25000351667404175,0.4067399501800537,0.9978102189781022
6,0.5796,2374,2741,8,13,False,Chronic rhinosinusitis,5.19048547744751,0.0031540184281766415,0.12250067293643951,0.31236210465431213,0.5619831681251526,0.9846715328467154
6,0.5796,2374,2741,8,14,False,Chronic rhinosinusitis,4.478464603424072,0.1437450647354126,0.5266537070274353,0.2634420394897461,0.06615915894508362,0.013138686131386862
6,0.5796,2374,2741,8,15,False,Chronic rhinosinusitis,3.3108372688293457,0.043985188007354736,0.1561107337474823,0.0425543487071991,0.7573496699333191,0.9978102189781022
6,0.5796,2374,2741,8,16,False,Chronic rhinosinusitis,4.785640716552734,0.04102805629372597,0.2085832953453064,0.3205498158931732,0.4298388361930847,0.8656934306569343
6,0.5796,2374,2741,8,17,False,Chronic rhinosinusitis,7.853837013244629,0.008179981261491776,0.35504692792892456,0.4649515151977539,0.17182160913944244,0.7273722627737226
6,0.5796,2374,2741,8,18,False,Chronic rhinosinusitis,4.716438293457031,0.009232952259480953,0.14529508352279663,0.548367440700531,0.29710453748703003,0.8635036496350365
6,0.5796,2374,2741,8,19,False,Chronic rhinosinusitis,5.8714518547058105,0.030855057761073112,0.19525623321533203,0.36159756779670715,0.41229116916656494,0.8671532846715329
6,0.5796,2374,2741,8,20,False,Chronic rhinosinusitis,4.675902843475342,0.07871310412883759,0.3262999951839447,0.2581593990325928,0.3368275761604309,0.013138686131386862
6,0.5796,2374,2741,8,21,False,Chronic rhinosinusitis,5.842323303222656,0.015939753502607346,0.14139674603939056,0.37156784534454346,0.4710957109928131,0.9974452554744525
6,0.5796,2374,2741,8,22,False,Chronic rhinosinusitis,5.3604536056518555,0.06964736431837082,0.48271557688713074,0.32839128375053406,0.11924586445093155,0.013138686131386862
6,0.5796,2374,2741,8,23,False,Chronic rhinosinusitis,4.920526504516602,0.08797798305749893,0.22384221851825714,0.45324841141700745,0.2349313646554947,0.6489051094890511
6,0.5796,2374,2741,8,24,False,Chronic rhinosinusitis,4.536312580108643,0.06865053623914719,0.3501822352409363,0.24051833152770996,0.340648889541626,0.013138686131386862
6,0.5796,2374,2741,8,25,False,Chronic rhinosinusitis,3.600477933883667,0.03092726692557335,0.18547411262989044,0.20162037014961243,0.5819783806800842,0.9981751824817519
6,0.5796,2374,2741,8,26,False,Chronic rhinosinusitis,4.0766425132751465,0.10158975422382355,0.38621318340301514,0.29623764753341675,0.21595944464206696,0.013138686131386862
6,0.5796,2374,2741,8,27,False,Chronic rhinosinusitis,7.896003723144531,0.012605475261807442,0.4244851768016815,0.42540740966796875,0.13750191032886505,0.0
6,0.5796,2374,2741,8,28,False,Chronic rhinosinusitis,3.4380910396575928,0.004252979531884193,0.021651066839694977,0.08700485527515411,0.8870911002159119,0.9832116788321168
6,0.5796,2374,2741,8,29,False,Chronic rhinosinusitis,4.985804080963135,0.052043162286281586,0.22546058893203735,0.12998361885547638,0.5925126671791077,0.013138686131386862
6,0.5796,2374,2741,8,30,False,Chronic rhinosinusitis,7.887299537658691,0.011840851046144962,0.423987478017807,0.4279480576515198,0.1362236589193344,0.22846715328467154
6,0.5796,2374,2741,8,31,False,Chronic rhinosinusitis,5.2493133544921875,0.1146126389503479,0.5519983768463135,0.24863888323307037,0.08475007116794586,0.013138686131386862
6,0.5796,2374,2741,16,0,False,Chronic rhinosinusitis,3.156920909881592,0.0007379137678071856,0.020712075755000114,0.05418550968170166,0.9243645071983337,0.993065693430657
6,0.5796,2374,2741,16,1,False,Chronic rhinosinusitis,4.380239963531494,0.0017203049501404166,0.05631714686751366,0.06017475202679634,0.8817877173423767,0.9861313868613139
6,0.5796,2374,2741,16,2,False,Chronic rhinosinusitis,4.715786933898926,0.008225942961871624,0.1274193525314331,0.12904703617095947,0.7353075742721558,0.9843065693430657
6,0.5796,2374,2741,16,3,False,Chronic rhinosinusitis,3.671347141265869,0.13522931933403015,0.25413253903388977,0.1134461835026741,0.4971919357776642,0.9992700729927008
6,0.5796,2374,2741,16,4,False,Chronic rhinosinusitis,4.617124080657959,0.010184282436966896,0.08139292895793915,0.05832640081644058,0.8500964641571045,0.9843065693430657
6,0.5796,2374,2741,16,5,False,Chronic rhinosinusitis,4.929842472076416,0.027022728696465492,0.3624322712421417,0.23712536692619324,0.37341952323913574,0.24635036496350365
6,0.5796,2374,2741,16,6,False,Chronic rhinosinusitis,5.339972972869873,0.011401347815990448,0.17338384687900543,0.2551557421684265,0.560059130191803,0.9952554744525547
6,0.5796,2374,2741,16,7,False,Chronic rhinosinusitis,6.097006797790527,0.15536990761756897,0.28381091356277466,0.3889840543270111,0.17183512449264526,0.0
6,0.5796,2374,2741,16,8,False,Chronic rhinosinusitis,5.523772239685059,0.006274799350649118,0.14055132865905762,0.13315178453922272,0.7200221419334412,0.9905109489051095
6,0.5796,2374,2741,16,9,False,Chronic rhinosinusitis,3.73008394241333,0.07681545615196228,0.44996178150177,0.29920268058776855,0.17402006685733795,0.24635036496350365
6,0.5796,2374,2741,16,10,False,Chronic rhinosinusitis,4.265199184417725,0.16418752074241638,0.45611846446990967,0.2893887460231781,0.09030527621507645,0.00145985401459854
6,0.5796,2374,2741,16,11,False,Chronic rhinosinusitis,4.267738342285156,0.03626713901758194,0.35907649993896484,0.26859521865844727,0.33606117963790894,0.24635036496350365
6,0.5796,2374,2741,16,12,False,Chronic rhinosinusitis,5.392560958862305,0.011281688697636127,0.254334032535553,0.2226180136203766,0.511766254901886,0.9868613138686131
6,0.5796,2374,2741,16,13,False,Chronic rhinosinusitis,4.786371231079102,0.013823538087308407,0.36668330430984497,0.42101430892944336,0.19847889244556427,0.3554744525547445
6,0.5796,2374,2741,16,14,False,Chronic rhinosinusitis,4.137337684631348,0.11461594700813293,0.48732277750968933,0.2858032286167145,0.11225812882184982,0.24635036496350365
6,0.5796,2374,2741,16,15,False,Chronic rhinosinusitis,7.50970458984375,0.03644377365708351,0.3928430676460266,0.4098610579967499,0.1608520895242691,0.00072992700729927
6,0.5796,2374,2741,16,16,False,Chronic rhinosinusitis,5.6471428871154785,0.014315987005829811,0.2235085666179657,0.13511939346790314,0.6270560622215271,0.9368613138686132
6,0.5796,2374,2741,16,17,False,Chronic rhinosinusitis,4.557358741760254,0.005528293550014496,0.0628083348274231,0.05505676195025444,0.8766066431999207,0.9368613138686132
6,0.5796,2374,2741,16,18,False,Chronic rhinosinusitis,5.063570499420166,0.19624769687652588,0.16423694789409637,0.1713542640209198,0.46816107630729675,0.009854014598540146
6,0.5796,2374,2741,16,19,False,Chronic rhinosinusitis,5.17806339263916,0.0404198132455349,0.2723442018032074,0.2571317255496979,0.4301043152809143,0.24635036496350365
6,0.5796,2374,2741,16,20,False,Chronic rhinosinusitis,3.6957950592041016,0.17738564312458038,0.44231393933296204,0.19856099784374237,0.1817394644021988,0.00145985401459854
6,0.5796,2374,2741,16,21,False,Chronic rhinosinusitis,4.75590181350708,0.023087795823812485,0.37373659014701843,0.35857051610946655,0.24460506439208984,0.6489051094890511
6,0.5796,2374,2741,16,22,False,Chronic rhinosinusitis,4.218842029571533,0.0023219608701765537,0.03567713871598244,0.03873931244015694,0.9232614636421204,0.997080291970803
6,0.5796,2374,2741,16,23,False,Chronic rhinosinusitis,4.015929222106934,0.03346861153841019,0.3567107319831848,0.28372621536254883,0.32609444856643677,1.0
6,0.5796,2374,2741,16,24,False,Chronic rhinosinusitis,4.624644756317139,0.008728645741939545,0.19335344433784485,0.1957026869058609,0.6022151708602905,0.9843065693430657
6,0.5796,2374,2741,16,25,False,Chronic rhinosinusitis,5.045501232147217,0.010769123211503029,0.05921924114227295,0.10234470665454865,0.8276669383049011,0.9368613138686132
6,0.5796,2374,2741,16,26,False,Chronic rhinosinusitis,5.402170181274414,0.018484164029359818,0.20388545095920563,0.1481766253709793,0.6294538378715515,0.9985401459854014
6,0.5796,2374,2741,16,27,False,Chronic rhinosinusitis,6.0137152671813965,0.019435331225395203,0.1526535600423813,0.2472158670425415,0.5806953310966492,1.0
6,0.5796,2374,2741,16,28,False,Chronic rhinosinusitis,4.44962215423584,0.031315162777900696,0.4542456269264221,0.38667699694633484,0.12776222825050354,0.3554744525547445
6,0.5796,2374,2741,16,29,False,Chronic rhinosinusitis,4.908549785614014,0.18422934412956238,0.4294741153717041,0.2725001573562622,0.11379645019769669,0.00145985401459854
6,0.5796,2374,2741,16,30,False,Chronic rhinosinusitis,4.5013837814331055,0.02456670254468918,0.19005218148231506,0.11846885085105896,0.6669122576713562,0.9974452554744525
6,0.5796,2374,2741,16,31,False,Chronic rhinosinusitis,5.2168145179748535,0.003193527227267623,0.08726818114519119,0.08326547592878342,0.8262727856636047,0.997080291970803
6,0.5796,2374,2741,24,0,False,Chronic rhinosinusitis,3.4629361629486084,0.05423632636666298,0.49165165424346924,0.3468641936779022,0.1072477400302887,0.24635036496350365
6,0.5796,2374,2741,24,1,False,Chronic rhinosinusitis,3.483652114868164,0.06460611522197723,0.4331405460834503,0.366671621799469,0.13558170199394226,0.24635036496350365
6,0.5796,2374,2741,24,2,False,Chronic rhinosinusitis,4.586799621582031,0.03927059471607208,0.376793771982193,0.294552743434906,0.28938281536102295,0.9948905109489051
6,0.5796,2374,2741,24,3,False,Chronic rhinosinusitis,4.73924446105957,0.047153886407613754,0.3146554231643677,0.23159176111221313,0.406598836183548,0.9850364963503649
6,0.5796,2374,2741,24,4,False,Chronic rhinosinusitis,3.5429961681365967,0.03607715293765068,0.483532190322876,0.38106563687324524,0.09932500869035721,0.24635036496350365
6,0.5796,2374,2741,24,5,False,Chronic rhinosinusitis,4.058838844299316,0.059500496834516525,0.47705918550491333,0.34109973907470703,0.12234053760766983,0.24635036496350365
6,0.5796,2374,2741,24,6,False,Chronic rhinosinusitis,4.1719794273376465,0.018937401473522186,0.38995009660720825,0.4610692858695984,0.13004332780838013,0.6489051094890511
6,0.5796,2374,2741,24,7,False,Chronic rhinosinusitis,3.9546539783477783,0.09895724058151245,0.44597890973091125,0.33204686641693115,0.12301696836948395,0.01167883211678832
6,0.5796,2374,2741,24,8,False,Chronic rhinosinusitis,3.222947597503662,0.03569899499416351,0.4865517318248749,0.37345102429389954,0.10429829359054565,0.24635036496350365
6,0.5796,2374,2741,24,9,False,Chronic rhinosinusitis,3.3211169242858887,0.004803745076060295,0.3710412085056305,0.5150370001792908,0.10911804437637329,0.6489051094890511
6,0.5796,2374,2741,24,10,False,Chronic rhinosinusitis,4.907257556915283,0.07195577770471573,0.42903417348861694,0.23523686826229095,0.263773113489151,0.07591240875912408
6,0.5796,2374,2741,24,11,False,Chronic rhinosinusitis,3.742264747619629,0.02670418843626976,0.43762126564979553,0.4015592336654663,0.13411535322666168,0.24635036496350365
6,0.5796,2374,2741,24,12,False,Chronic rhinosinusitis,3.2682301998138428,0.049945056438446045,0.4896218478679657,0.3822779953479767,0.07815514504909515,0.6489051094890511
6,0.5796,2374,2741,24,13,False,Chronic rhinosinusitis,3.753474235534668,0.031457796692848206,0.4517124593257904,0.40034186840057373,0.11648791283369064,0.3554744525547445
6,0.5796,2374,2741,24,14,False,Chronic rhinosinusitis,3.3052988052368164,0.020203081890940666,0.4624623656272888,0.4440437853336334,0.07329083979129791,0.3554744525547445
6,0.5796,2374,2741,24,15,False,Chronic rhinosinusitis,4.693992614746094,0.018136026337742805,0.41983065009117126,0.407492995262146,0.15454037487506866,0.6489051094890511
6,0.5796,2374,2741,24,16,False,Chronic rhinosinusitis,4.215287685394287,0.053904082626104355,0.4851086437702179,0.3391352593898773,0.12185199558734894,0.3554744525547445
6,0.5796,2374,2741,24,17,False,Chronic rhinosinusitis,4.400525093078613,0.03948882967233658,0.32402634620666504,0.22924721240997314,0.40723758935928345,0.9908759124087592
6,0.5796,2374,2741,24,18,False,Chronic rhinosinusitis,3.8305983543395996,0.057381004095077515,0.4815419018268585,0.33986976742744446,0.1212073490023613,0.24635036496350365
6,0.5796,2374,2741,24,19,False,Chronic rhinosinusitis,4.5852437019348145,0.009251605719327927,0.16499336063861847,0.16207446157932281,0.6636806130409241,0.9948905109489051
6,0.5796,2374,2741,24,20,False,Chronic rhinosinusitis,3.653613805770874,0.15441583096981049,0.49875351786613464,0.2668561339378357,0.07997454702854156,0.00145985401459854
6,0.5796,2374,2741,24,21,False,Chronic rhinosinusitis,3.572373628616333,0.5944361686706543,0.17748385667800903,0.16610051691532135,0.06197946146130562,0.00072992700729927
6,0.5796,2374,2741,24,22,False,Chronic rhinosinusitis,5.601632118225098,0.007906055077910423,0.3533594608306885,0.32326409220695496,0.3154703378677368,0.9850364963503649
6,0.5796,2374,2741,24,23,False,Chronic rhinosinusitis,2.685804605484009,0.020132554695010185,0.12541311979293823,0.0983637273311615,0.7560906410217285,0.993065693430657
6,0.5796,2374,2741,24,24,False,Chronic rhinosinusitis,3.9268507957458496,0.023465244099497795,0.1742629110813141,0.15861740708351135,0.643654465675354,0.9875912408759124
6,0.5796,2374,2741,24,25,False,Chronic rhinosinusitis,3.5669517517089844,0.01459768507629633,0.38642221689224243,0.47504541277885437,0.12393457442522049,0.6489051094890511
6,0.5796,2374,2741,24,26,False,Chronic rhinosinusitis,3.7938876152038574,0.01641981117427349,0.42963773012161255,0.4372328221797943,0.11670957505702972,0.45145985401459854
6,0.5796,2374,2741,24,27,False,Chronic rhinosinusitis,3.4988152980804443,0.053850457072257996,0.49448275566101074,0.3579096496105194,0.09375718235969543,0.24635036496350365
6,0.5796,2374,2741,24,28,False,Chronic rhinosinusitis,3.0517072677612305,0.16165640950202942,0.5045400857925415,0.2708236873149872,0.06297972053289413,0.24635036496350365
6,0.5796,2374,2741,24,29,False,Chronic rhinosinusitis,3.5674686431884766,0.0648067444562912,0.46077701449394226,0.3717350363731384,0.10268118232488632,0.6489051094890511
6,0.5796,2374,2741,24,30,False,Chronic rhinosinusitis,3.7237236499786377,0.09439109265804291,0.4944078326225281,0.3058032989501953,0.10539785027503967,0.24635036496350365
6,0.5796,2374,2741,24,31,False,Chronic rhinosinusitis,3.287153482437134,0.1424660086631775,0.48077160120010376,0.2615489065647125,0.11521343886852264,0.00145985401459854
6,0.5796,2374,2741,31,0,False,Chronic rhinosinusitis,1.47561514377594,0.0006452856468968093,0.04819208011031151,0.04358557239174843,0.9075769782066345,1.0
6,0.5796,2374,2741,31,1,False,Chronic rhinosinusitis,4.7490081787109375,0.033146388828754425,0.3826274871826172,0.24658244848251343,0.33764365315437317,0.9937956204379562
6,0.5796,2374,2741,31,2,False,Chronic rhinosinusitis,3.878772020339966,0.028284473344683647,0.44563770294189453,0.40727755427360535,0.1188003197312355,0.45145985401459854
6,0.5796,2374,2741,31,3,False,Chronic rhinosinusitis,3.7944741249084473,0.08743473142385483,0.5909736156463623,0.23491233587265015,0.0866793617606163,0.010948905109489052
6,0.5796,2374,2741,31,4,False,Chronic rhinosinusitis,3.6881816387176514,0.01955132931470871,0.37715017795562744,0.4646841585636139,0.13861437141895294,0.9989051094890511
6,0.5796,2374,2741,31,5,False,Chronic rhinosinusitis,3.4668970108032227,0.05305372178554535,0.22997479140758514,0.14014294743537903,0.5768285989761353,1.0
6,0.5796,2374,2741,31,6,False,Chronic rhinosinusitis,3.8657455444335938,0.2091294825077057,0.1961347758769989,0.4022311270236969,0.19250452518463135,0.0
6,0.5796,2374,2741,31,7,False,Chronic rhinosinusitis,4.325604438781738,0.07391871511936188,0.5130024552345276,0.2941156327724457,0.1189630851149559,0.3554744525547445
6,0.5796,2374,2741,31,8,False,Chronic rhinosinusitis,3.657151937484741,0.14380863308906555,0.42677900195121765,0.3150414228439331,0.11437087506055832,0.010948905109489052
6,0.5796,2374,2741,31,9,False,Chronic rhinosinusitis,2.784186601638794,0.020864998921751976,0.12547238171100616,0.085797980427742,0.7678647041320801,1.0
6,0.5796,2374,2741,31,10,False,Chronic rhinosinusitis,4.579273223876953,0.01705332100391388,0.3439174294471741,0.3386593759059906,0.30036982893943787,0.6489051094890511
6,0.5796,2374,2741,31,11,False,Chronic rhinosinusitis,4.327266693115234,0.07984941452741623,0.5044456124305725,0.2825349271297455,0.133170023560524,0.3554744525547445
6,0.5796,2374,2741,31,12,False,Chronic rhinosinusitis,3.1684458255767822,0.001021940028294921,0.2366044670343399,0.6446792483329773,0.11769422888755798,0.6489051094890511
6,0.5796,2374,2741,31,13,False,Chronic rhinosinusitis,3.9528934955596924,0.0007357030408456922,0.12481732666492462,0.7061495184898376,0.1682974100112915,0.6248175182481752
6,0.5796,2374,2741,31,14,False,Chronic rhinosinusitis,3.631561040878296,0.0055471742525696754,0.2845313549041748,0.5411478877067566,0.16877366602420807,0.9989051094890511
6,0.5796,2374,2741,31,15,False,Chronic rhinosinusitis,4.392043113708496,0.02443839982151985,0.40816521644592285,0.30983060598373413,0.25756585597991943,0.3554744525547445
6,0.5796,2374,2741,31,16,False,Chronic rhinosinusitis,5.2991132736206055,0.08172008395195007,0.35560593008995056,0.2785293757915497,0.28414463996887207,0.9916058394160584
6,0.5796,2374,2741,31,17,False,Chronic rhinosinusitis,5.5187225341796875,0.02139917016029358,0.18189047276973724,0.20018844306468964,0.5965219736099243,1.0
6,0.5796,2374,2741,31,18,False,Chronic rhinosinusitis,3.635807991027832,0.005800527520477772,0.38636040687561035,0.4868108630180359,0.12102829664945602,0.3554744525547445
6,0.5796,2374,2741,31,19,False,Chronic rhinosinusitis,3.7555742263793945,0.031098080798983574,0.4723924994468689,0.40067729353904724,0.09583210945129395,0.3554744525547445
6,0.5796,2374,2741,31,20,False,Chronic rhinosinusitis,3.5067803859710693,0.09912444651126862,0.4874737560749054,0.2854391932487488,0.1279626041650772,0.24635036496350365
6,0.5796,2374,2741,31,21,False,Chronic rhinosinusitis,4.9304280281066895,0.08282048255205154,0.44192302227020264,0.28337380290031433,0.19188274443149567,0.24635036496350365
6,0.5796,2374,2741,31,22,False,Chronic rhinosinusitis,3.7091445922851562,0.04472123086452484,0.47642165422439575,0.36618727445602417,0.11266981810331345,0.24635036496350365
6,0.5796,2374,2741,31,23,False,Chronic rhinosinusitis,3.7221193313598633,0.018046122044324875,0.4431818723678589,0.43090328574180603,0.1078687310218811,0.3554744525547445
6,0.5796,2374,2741,31,24,False,Chronic rhinosinusitis,3.5778119564056396,0.08582495898008347,0.4985513687133789,0.338598370552063,0.07702526450157166,0.24635036496350365
6,0.5796,2374,2741,31,25,False,Chronic rhinosinusitis,0.10074559599161148,0.00017920600657816976,0.0027676206082105637,0.0021290762815624475,0.9949239492416382,1.0
6,0.5796,2374,2741,31,26,False,Chronic rhinosinusitis,4.011717796325684,0.024961963295936584,0.36146804690361023,0.46337220072746277,0.15019777417182922,0.6489051094890511
6,0.5796,2374,2741,31,27,False,Chronic rhinosinusitis,4.9959282875061035,0.07913470268249512,0.4548843204975128,0.29808107018470764,0.16789978742599487,0.24635036496350365
6,0.5796,2374,2741,31,28,False,Chronic rhinosinusitis,3.7044577598571777,0.07095952332019806,0.498140811920166,0.33297544717788696,0.09792422503232956,0.3554744525547445
6,0.5796,2374,2741,31,29,False,Chronic rhinosinusitis,3.6917505264282227,0.018384112045168877,0.428240567445755,0.4469458758831024,0.10642942041158676,0.6489051094890511
6,0.5796,2374,2741,31,30,False,Chronic rhinosinusitis,3.708331346511841,0.030822109431028366,0.4442252218723297,0.42055681347846985,0.10439584404230118,0.6489051094890511
6,0.5796,2374,2741,31,31,False,Chronic rhinosinusitis,3.763904094696045,0.08672667294740677,0.4826658368110657,0.33554476499557495,0.09506268054246902,0.07591240875912408
7,0.6709,2748,3039,0,0,False,URTI,8.01875114440918,0.009472355246543884,0.4463575780391693,0.44667744636535645,0.09749256074428558,0.13298222514812377
7,0.6709,2748,3039,0,1,False,URTI,2.125422477722168,8.33879312267527e-05,0.0005626055062748492,0.018524568527936935,0.9808294773101807,0.999670836076366
7,0.6709,2748,3039,0,2,False,URTI,6.45078706741333,0.008060313761234283,0.14411623775959015,0.5222828984260559,0.32554057240486145,0.9812376563528638
7,0.6709,2748,3039,0,3,False,URTI,6.896273136138916,0.0036365496926009655,0.1969747394323349,0.5963060259819031,0.20308266580104828,0.9368005266622779
7,0.6709,2748,3039,0,4,False,URTI,4.192850112915039,0.0002777098270598799,0.0644056648015976,0.008136080577969551,0.9271805286407471,0.9986833443054641
7,0.6709,2748,3039,0,5,False,URTI,5.602365970611572,0.00018067698692902923,0.06196478009223938,0.12955361604690552,0.8083008527755737,0.9855167873601053
7,0.6709,2748,3039,0,6,False,URTI,8.018878936767578,0.009454604238271713,0.4464624226093292,0.44658371806144714,0.09749937057495117,0.28604344963791967
7,0.6709,2748,3039,0,7,False,URTI,7.222575664520264,0.004755115136504173,0.1406574547290802,0.5223081707954407,0.3322792053222656,0.9381171823568137
7,0.6709,2748,3039,0,8,False,URTI,5.54638671875,0.02188762277364731,0.37049606442451477,0.5172755718231201,0.09034077823162079,0.25806451612903225
7,0.6709,2748,3039,0,9,False,URTI,4.261446475982666,0.00021928510977886617,0.0008342200890183449,0.02485017478466034,0.974096417427063,0.9976958525345622
7,0.6709,2748,3039,0,10,False,URTI,7.760739803314209,0.017049556598067284,0.4972509741783142,0.3892064690589905,0.09649298340082169,0.4660961158657011
7,0.6709,2748,3039,0,11,False,URTI,5.376987457275391,0.026164637878537178,0.3607756495475769,0.5229723453521729,0.09008748084306717,0.37886767610269917
7,0.6709,2748,3039,0,12,False,URTI,8.019271850585938,0.009532236494123936,0.4466099739074707,0.4464108645915985,0.09744694828987122,0.3495720868992758
7,0.6709,2748,3039,0,13,False,URTI,3.0778989791870117,0.00028053350979462266,0.002672108355909586,0.021642791107296944,0.9754044413566589,0.9976958525345622
7,0.6709,2748,3039,0,14,False,URTI,5.213686466217041,0.00013846743968315423,0.004049411043524742,0.3843192756175995,0.6114928126335144,0.9812376563528638
7,0.6709,2748,3039,0,15,False,URTI,2.400907039642334,1.0441120139148552e-05,0.014195241034030914,0.035796716809272766,0.9499975442886353,0.9983541803818301
7,0.6709,2748,3039,0,16,False,URTI,6.614723205566406,0.022798312827944756,0.38205087184906006,0.46533316373825073,0.1298176497220993,0.9812376563528638
7,0.6709,2748,3039,0,17,False,URTI,5.923588752746582,0.020163340494036674,0.3703840970993042,0.5081427097320557,0.10130985081195831,0.7504937458854509
7,0.6709,2748,3039,0,18,False,URTI,6.142311096191406,0.0224995706230402,0.3810346722602844,0.5019852519035339,0.09448053687810898,0.5065832784726794
7,0.6709,2748,3039,0,19,False,URTI,7.994770526885986,0.009288975037634373,0.4444471001625061,0.4491131901741028,0.09715070575475693,0.19387755102040816
7,0.6709,2748,3039,0,20,False,URTI,7.95979642868042,0.00878375954926014,0.44546303153038025,0.448566198348999,0.09718688577413559,0.23666886109282423
7,0.6709,2748,3039,0,21,False,URTI,4.75043249130249,0.0005046785227023065,0.009268231689929962,0.18945273756980896,0.800774335861206,0.9980250164581962
7,0.6709,2748,3039,0,22,False,URTI,7.990035057067871,0.009160054847598076,0.44301220774650574,0.4500991702079773,0.09772852808237076,0.5289664252797893
7,0.6709,2748,3039,0,23,False,URTI,7.993959426879883,0.009626992978155613,0.4077695310115814,0.45780080556869507,0.12480276077985764,0.9976958525345622
7,0.6709,2748,3039,0,24,False,URTI,4.267033100128174,0.0010648315073922276,0.0062040723860263824,0.08953442424535751,0.9031966924667358,0.9986833443054641
7,0.6709,2748,3039,0,25,False,URTI,8.019254684448242,0.009561185725033283,0.44659245014190674,0.4464365541934967,0.09740982949733734,0.46576695194206713
7,0.6709,2748,3039,0,26,False,URTI,7.775397300720215,0.009518714621663094,0.3445550799369812,0.3837162256240845,0.26221007108688354,0.9976958525345622
7,0.6709,2748,3039,0,27,False,URTI,7.188920974731445,0.004180904012173414,0.221869558095932,0.5983591079711914,0.17559044063091278,0.9368005266622779
7,0.6709,2748,3039,0,28,False,URTI,6.176344871520996,0.0034909876994788647,0.039825424551963806,0.2513543367385864,0.7053292989730835,0.989137590520079
7,0.6709,2748,3039,0,29,False,URTI,7.8620405197143555,0.009503385983407497,0.42811712622642517,0.4581030309200287,0.10427644848823547,0.869651086240948
7,0.6709,2748,3039,0,30,False,URTI,6.239715099334717,0.0012318615335971117,0.09208784997463226,0.6979077458381653,0.20877251029014587,0.9025674786043449
7,0.6709,2748,3039,0,31,False,URTI,2.8328001499176025,9.64859573286958e-05,0.014268823899328709,0.027277452871203423,0.9583572149276733,0.9976958525345622
7,0.6709,2748,3039,8,0,False,URTI,5.652329444885254,0.04282045364379883,0.3058052062988281,0.44498300552368164,0.2063913643360138,0.01184990125082291
7,0.6709,2748,3039,8,1,False,URTI,5.456912994384766,0.05483485013246536,0.348471462726593,0.37687888741493225,0.2198147475719452,0.5862409479921
7,0.6709,2748,3039,8,2,False,URTI,3.033259391784668,0.04113848879933357,0.1309254765510559,0.14223968982696533,0.6856963038444519,1.0
7,0.6709,2748,3039,8,3,False,URTI,4.001855850219727,0.0492325983941555,0.2272503674030304,0.17614606022834778,0.547370970249176,0.9986833443054641
7,0.6709,2748,3039,8,4,False,URTI,1.9281266927719116,0.004334977362304926,0.02529425546526909,0.9123350977897644,0.05803558975458145,0.901909150757077
7,0.6709,2748,3039,8,5,False,URTI,5.774557113647461,0.18983104825019836,0.5151720643043518,0.24464981257915497,0.05034710466861725,0.0
7,0.6709,2748,3039,8,6,False,URTI,5.335118293762207,0.04661989584565163,0.1866217851638794,0.6242673993110657,0.14249089360237122,0.901909150757077
7,0.6709,2748,3039,8,7,False,URTI,3.5681917667388916,0.10874892771244049,0.5806922316551208,0.2333994209766388,0.07715944200754166,0.01184990125082291
7,0.6709,2748,3039,8,8,False,URTI,4.990285396575928,0.009197788313031197,0.07978180795907974,0.45993584394454956,0.45108455419540405,0.9983541803818301
7,0.6709,2748,3039,8,9,False,URTI,7.220434665679932,0.02227855660021305,0.3896387219429016,0.4663107395172119,0.12177200615406036,0.999670836076366
7,0.6709,2748,3039,8,10,False,URTI,6.129944801330566,0.0033374354243278503,0.13092702627182007,0.5689302086830139,0.29680532217025757,0.9025674786043449
7,0.6709,2748,3039,8,11,False,URTI,3.876188039779663,0.07438414543867111,0.25718656182289124,0.22120968997478485,0.447219580411911,0.9983541803818301
7,0.6709,2748,3039,8,12,False,URTI,4.384157180786133,0.024223579093813896,0.29338017106056213,0.2753157913684845,0.4070805013179779,0.9980250164581962
7,0.6709,2748,3039,8,13,False,URTI,5.232297897338867,0.0031353135127574205,0.12038230895996094,0.36767303943634033,0.5088092684745789,0.9976958525345622
7,0.6709,2748,3039,8,14,False,URTI,4.494611740112305,0.1601308286190033,0.5429161787033081,0.2483786791563034,0.04857432469725609,0.01184990125082291
7,0.6709,2748,3039,8,15,False,URTI,3.111436367034912,0.02795744687318802,0.11628483235836029,0.036203090101480484,0.8195546269416809,0.9980250164581962
7,0.6709,2748,3039,8,16,False,URTI,4.809929370880127,0.04402508586645126,0.25474873185157776,0.36598312854766846,0.33524295687675476,0.9045424621461488
7,0.6709,2748,3039,8,17,False,URTI,7.952702045440674,0.007973841391503811,0.38044053316116333,0.4885673522949219,0.1230182945728302,0.7504937458854509
7,0.6709,2748,3039,8,18,False,URTI,4.643421173095703,0.007765179965645075,0.12031099945306778,0.586151659488678,0.2857721447944641,0.901909150757077
7,0.6709,2748,3039,8,19,False,URTI,6.030628204345703,0.019177915528416634,0.202207550406456,0.3838985562324524,0.3947159945964813,0.9052007899934167
7,0.6709,2748,3039,8,20,False,URTI,4.731717109680176,0.07415418326854706,0.3358117938041687,0.26931747794151306,0.3207164406776428,0.01184990125082291
7,0.6709,2748,3039,8,21,False,URTI,5.837131977081299,0.009234261699020863,0.15190157294273376,0.37998202443122864,0.4588821530342102,0.5852534562211982
7,0.6709,2748,3039,8,22,False,URTI,5.431217670440674,0.06665860861539841,0.5186026096343994,0.32312437891960144,0.09161441028118134,0.01184990125082291
7,0.6709,2748,3039,8,23,False,URTI,4.925211429595947,0.05854110047221184,0.2276288866996765,0.4948957562446594,0.2189342975616455,0.7784726793943384
7,0.6709,2748,3039,8,24,False,URTI,4.581287384033203,0.043041907250881195,0.35066723823547363,0.28452497720718384,0.32176581025123596,0.01184990125082291
7,0.6709,2748,3039,8,25,False,URTI,3.777599811553955,0.0303583275526762,0.21252605319023132,0.2284775674343109,0.5286381244659424,0.9983541803818301
7,0.6709,2748,3039,8,26,False,URTI,4.186054229736328,0.08313960582017899,0.4087476432323456,0.3170457184314728,0.19106705486774445,0.01184990125082291
7,0.6709,2748,3039,8,27,False,URTI,7.99831485748291,0.011812297627329826,0.4428257346153259,0.44491836428642273,0.10044363141059875,0.0
7,0.6709,2748,3039,8,28,False,URTI,3.4365222454071045,0.004445614758878946,0.020615901798009872,0.07748999446630478,0.8974485993385315,0.9855167873601053
7,0.6709,2748,3039,8,29,False,URTI,4.927707672119141,0.05535166338086128,0.24688783288002014,0.15283918380737305,0.5449212789535522,0.01184990125082291
7,0.6709,2748,3039,8,30,False,URTI,7.987740993499756,0.009561894461512566,0.4471893608570099,0.448136568069458,0.09511221945285797,0.041474654377880185
7,0.6709,2748,3039,8,31,False,URTI,5.26524543762207,0.10333872586488724,0.5876814126968384,0.24757102131843567,0.06140880659222603,0.01184990125082291
7,0.6709,2748,3039,16,0,False,URTI,3.144819736480713,0.0003409713681321591,0.02192903310060501,0.07075610756874084,0.9069739580154419,0.9937458854509545
7,0.6709,2748,3039,16,1,False,URTI,3.270353078842163,0.0006481806049123406,0.07587523013353348,0.07278847694396973,0.850688099861145,0.9888084265964451
7,0.6709,2748,3039,16,2,False,URTI,5.052505970001221,0.0072685107588768005,0.18019461631774902,0.30673032999038696,0.505806565284729,0.9865042791310072
7,0.6709,2748,3039,16,3,False,URTI,3.7051920890808105,0.09045498073101044,0.28139352798461914,0.12236959487199783,0.5057818293571472,0.9993416721527321
7,0.6709,2748,3039,16,4,False,URTI,3.962217330932617,0.00639257812872529,0.08928236365318298,0.07944665849208832,0.8248783349990845,0.989137590520079
7,0.6709,2748,3039,16,5,False,URTI,4.9928765296936035,0.018378417938947678,0.36771801114082336,0.25583401322364807,0.35806959867477417,0.3206056616194865
7,0.6709,2748,3039,16,6,False,URTI,5.509339809417725,0.009064572863280773,0.21098455786705017,0.34586840867996216,0.43408238887786865,0.9963791968400263
7,0.6709,2748,3039,16,7,False,URTI,6.219621658325195,0.14609187841415405,0.2987396717071533,0.41856056451797485,0.13660797476768494,0.0
7,0.6709,2748,3039,16,8,False,URTI,5.331641674041748,0.004662686493247747,0.14697669446468353,0.16229236125946045,0.6860682368278503,0.989137590520079
7,0.6709,2748,3039,16,9,False,URTI,3.9129133224487305,0.04746440052986145,0.4694288372993469,0.29466965794563293,0.1884370744228363,0.22218564845292957
7,0.6709,2748,3039,16,10,False,URTI,4.2599711418151855,0.12530647218227386,0.5025851726531982,0.2925584316253662,0.07954982668161392,0.22218564845292957
7,0.6709,2748,3039,16,11,False,URTI,4.222204208374023,0.024743949994444847,0.42739394307136536,0.25592169165611267,0.2919403910636902,1.0
7,0.6709,2748,3039,16,12,False,URTI,4.711547374725342,0.005265873856842518,0.20763912796974182,0.1841069459915161,0.6029880046844482,0.9953917050691244
7,0.6709,2748,3039,16,13,False,URTI,4.496537685394287,0.006244078278541565,0.3951044976711273,0.44696053862571716,0.15169081091880798,0.5852534562211982
7,0.6709,2748,3039,16,14,False,URTI,4.269038200378418,0.07797399908304214,0.5156703591346741,0.3046683967113495,0.10168712586164474,0.22218564845292957
7,0.6709,2748,3039,16,15,False,URTI,7.6280927658081055,0.03240928426384926,0.40647435188293457,0.45496848225593567,0.10614781081676483,0.0006583278472679394
7,0.6709,2748,3039,16,16,False,URTI,5.390070915222168,0.0033877124078571796,0.1777891367673874,0.1116689071059227,0.7071542739868164,0.9986833443054641
7,0.6709,2748,3039,16,17,False,URTI,4.40618371963501,0.002834176179021597,0.06181707605719566,0.06700780987739563,0.8683409094810486,0.912771560236998
7,0.6709,2748,3039,16,18,False,URTI,5.80620813369751,0.1016540676355362,0.32096031308174133,0.3062661588191986,0.27111944556236267,0.009216589861751152
7,0.6709,2748,3039,16,19,False,URTI,5.04641580581665,0.011962132528424263,0.27984046936035156,0.31503596901893616,0.39316144585609436,0.5852534562211982
7,0.6709,2748,3039,16,20,False,URTI,3.855522394180298,0.12337478995323181,0.4902818202972412,0.21150974929332733,0.17483361065387726,0.22218564845292957
7,0.6709,2748,3039,16,21,False,URTI,5.248323440551758,0.012506869621574879,0.3112783432006836,0.3587539494037628,0.317460834980011,0.5852534562211982
7,0.6709,2748,3039,16,22,False,URTI,4.030216693878174,0.0027058457490056753,0.060359466820955276,0.08352679014205933,0.8534079790115356,0.9888084265964451
7,0.6709,2748,3039,16,23,False,URTI,4.070859432220459,0.017690148204565048,0.3505750894546509,0.27535906434059143,0.35637563467025757,1.0
7,0.6709,2748,3039,16,24,False,URTI,4.471423625946045,0.0026385653764009476,0.1057765781879425,0.10915253311395645,0.7824322581291199,0.989137590520079
7,0.6709,2748,3039,16,25,False,URTI,4.563655853271484,0.015039842575788498,0.07579599320888519,0.11092640459537506,0.7982377409934998,0.9888084265964451
7,0.6709,2748,3039,16,26,False,URTI,5.576567649841309,0.009004411287605762,0.21795731782913208,0.1687995344400406,0.604238748550415,0.912771560236998
7,0.6709,2748,3039,16,27,False,URTI,5.727842330932617,0.010684204287827015,0.1366894245147705,0.234974205493927,0.617652177810669,1.0
7,0.6709,2748,3039,16,28,False,URTI,4.8537139892578125,0.02256770059466362,0.47840312123298645,0.386025995016098,0.1130031943321228,0.5852534562211982
7,0.6709,2748,3039,16,29,False,URTI,4.9755730628967285,0.1785779893398285,0.46410608291625977,0.26238036155700684,0.09493567049503326,0.0013166556945358788
7,0.6709,2748,3039,16,30,False,URTI,4.471700668334961,0.02644418552517891,0.26008352637290955,0.17043133080005646,0.5430409908294678,0.989137590520079
7,0.6709,2748,3039,16,31,False,URTI,4.937941551208496,0.001233298215083778,0.07640860229730606,0.07477729767560959,0.8475807905197144,0.989137590520079
7,0.6709,2748,3039,24,0,False,URTI,3.5549795627593994,0.045501671731472015,0.5404155850410461,0.3174852728843689,0.09659745544195175,0.5878867676102699
7,0.6709,2748,3039,24,1,False,URTI,3.922853708267212,0.05305891111493111,0.43594783544540405,0.38244518637657166,0.12854813039302826,0.5852534562211982
7,0.6709,2748,3039,24,2,False,URTI,4.921332836151123,0.03012402541935444,0.41950827836990356,0.3643759489059448,0.1859918236732483,0.587228439763002
7,0.6709,2748,3039,24,3,False,URTI,4.8108086585998535,0.03589601442217827,0.31297606229782104,0.21219444274902344,0.4389335513114929,0.9871626069782752
7,0.6709,2748,3039,24,4,False,URTI,3.716775894165039,0.024039508774876595,0.5092790126800537,0.3709889352321625,0.0956927090883255,0.5852534562211982
7,0.6709,2748,3039,24,5,False,URTI,4.270862579345703,0.033698953688144684,0.5037577152252197,0.3416750133037567,0.12086831778287888,0.22218564845292957
7,0.6709,2748,3039,24,6,False,URTI,4.585757255554199,0.01108654122799635,0.4108829200267792,0.4504181742668152,0.12761233747005463,0.5852534562211982
7,0.6709,2748,3039,24,7,False,URTI,4.254578590393066,0.0811375081539154,0.4784105122089386,0.3206583857536316,0.11979366838932037,0.0013166556945358788
7,0.6709,2748,3039,24,8,False,URTI,3.5473334789276123,0.022573452442884445,0.4942847788333893,0.37240728735923767,0.1107344999909401,0.5852534562211982
7,0.6709,2748,3039,24,9,False,URTI,3.4098029136657715,0.002924512140452862,0.40329062938690186,0.4957784116268158,0.09800642728805542,0.5852534562211982
7,0.6709,2748,3039,24,10,False,URTI,4.8819260597229,0.060308657586574554,0.4473095238208771,0.2119508683681488,0.2804308831691742,0.0684660961158657
7,0.6709,2748,3039,24,11,False,URTI,3.8173155784606934,0.018947547301650047,0.4718095660209656,0.39686158299446106,0.11238132417201996,0.5852534562211982
7,0.6709,2748,3039,24,12,False,URTI,3.505601644515991,0.023253098130226135,0.5003622174263,0.3797721862792969,0.09661253541707993,0.5852534562211982
7,0.6709,2748,3039,24,13,False,URTI,4.057772159576416,0.02258199453353882,0.491300493478775,0.3693029582500458,0.11681461334228516,0.40717577353522055
7,0.6709,2748,3039,24,14,False,URTI,3.341001272201538,0.01590372808277607,0.49918755888938904,0.4225631356239319,0.06234557554125786,0.5852534562211982
7,0.6709,2748,3039,24,15,False,URTI,4.693289279937744,0.008112763985991478,0.4182348847389221,0.42484134435653687,0.14881104230880737,0.5852534562211982
7,0.6709,2748,3039,24,16,False,URTI,4.298436164855957,0.036216557025909424,0.52057945728302,0.31788554787635803,0.12531855702400208,0.40717577353522055
7,0.6709,2748,3039,24,17,False,URTI,4.644814968109131,0.02697448804974556,0.32540860772132874,0.2054246962070465,0.4421922564506531,0.989466754443713
7,0.6709,2748,3039,24,18,False,URTI,4.303986072540283,0.03807453438639641,0.49562373757362366,0.34232383966445923,0.12397787719964981,0.3206056616194865
7,0.6709,2748,3039,24,19,False,URTI,4.532694339752197,0.0070523666217923164,0.15076537430286407,0.16239510476589203,0.6797870397567749,0.9937458854509545
7,0.6709,2748,3039,24,20,False,URTI,3.825138807296753,0.14297719299793243,0.5546718239784241,0.23676788806915283,0.06558305025100708,0.0013166556945358788
7,0.6709,2748,3039,24,21,False,URTI,4.169299125671387,0.5365866422653198,0.18621796369552612,0.21871352195739746,0.05848190188407898,0.0006583278472679394
7,0.6709,2748,3039,24,22,False,URTI,5.578232765197754,0.00735285971313715,0.2857031226158142,0.35790562629699707,0.34903842210769653,0.9871626069782752
7,0.6709,2748,3039,24,23,False,URTI,2.312199354171753,0.01825149543583393,0.13997267186641693,0.09687024354934692,0.7449054718017578,0.9937458854509545
7,0.6709,2748,3039,24,24,False,URTI,2.914461135864258,0.009951313026249409,0.12101420015096664,0.13907955586910248,0.7299549579620361,0.989466754443713
7,0.6709,2748,3039,24,25,False,URTI,3.807586908340454,0.008433353155851364,0.3920707702636719,0.4800640642642975,0.11943177878856659,0.5852534562211982
7,0.6709,2748,3039,24,26,False,URTI,3.937673330307007,0.010432803072035313,0.44051095843315125,0.4461117684841156,0.10294444859027863,0.5852534562211982
7,0.6709,2748,3039,24,27,False,URTI,3.530202865600586,0.038418106734752655,0.5292752981185913,0.34667184948921204,0.0856347605586052,0.5852534562211982
7,0.6709,2748,3039,24,28,False,URTI,3.1699154376983643,0.09275981783866882,0.5331982374191284,0.3092186450958252,0.06482332944869995,0.22218564845292957
7,0.6709,2748,3039,24,29,False,URTI,3.915093421936035,0.0516265332698822,0.495209664106369,0.3437056839466095,0.10945818573236465,0.5852534562211982
7,0.6709,2748,3039,24,30,False,URTI,3.9372076988220215,0.06738816946744919,0.5370038151741028,0.2983168065547943,0.0972912460565567,0.3206056616194865
7,0.6709,2748,3039,24,31,False,URTI,3.495011568069458,0.11946408450603485,0.5147020220756531,0.23352240025997162,0.13231141865253448,0.0013166556945358788
7,0.6709,2748,3039,31,0,False,URTI,1.5497843027114868,0.0001719138235785067,0.03985017538070679,0.0575091727077961,0.9024688005447388,1.0
7,0.6709,2748,3039,31,1,False,URTI,4.849381923675537,0.02347046323120594,0.4628528654575348,0.3101159334182739,0.20356078445911407,0.587228439763002
7,0.6709,2748,3039,31,2,False,URTI,3.84748911857605,0.016419129446148872,0.4694676995277405,0.42547115683555603,0.08864203840494156,0.5852534562211982
7,0.6709,2748,3039,31,3,False,URTI,3.952286720275879,0.07058412581682205,0.5928678512573242,0.2717578113079071,0.0647902637720108,0.3225806451612903
7,0.6709,2748,3039,31,4,False,URTI,3.8104515075683594,0.015176813118159771,0.4262060523033142,0.43843895196914673,0.12017812579870224,0.999012508229098
7,0.6709,2748,3039,31,5,False,URTI,3.9572479724884033,0.05697000026702881,0.3001610338687897,0.176938995718956,0.4659299850463867,1.0
7,0.6709,2748,3039,31,6,False,URTI,3.9714272022247314,0.18349342048168182,0.19121219217777252,0.4315899610519409,0.19370438158512115,0.0
7,0.6709,2748,3039,31,7,False,URTI,4.316924571990967,0.05440957844257355,0.5479154586791992,0.3019397258758545,0.09573535621166229,0.40717577353522055
7,0.6709,2748,3039,31,8,False,URTI,3.7452809810638428,0.1045307144522667,0.4501887857913971,0.34800776839256287,0.09727268666028976,0.009874917709019092
7,0.6709,2748,3039,31,9,False,URTI,2.9847447872161865,0.015286966226994991,0.14399775862693787,0.10630811750888824,0.7344072461128235,1.0
7,0.6709,2748,3039,31,10,False,URTI,4.574194431304932,0.008360113017261028,0.42886418104171753,0.3779325485229492,0.18484310805797577,0.5852534562211982
7,0.6709,2748,3039,31,11,False,URTI,4.274982929229736,0.05591089650988579,0.5376855134963989,0.29834264516830444,0.10806089639663696,0.40717577353522055
7,0.6709,2748,3039,31,12,False,URTI,3.2661283016204834,0.0004861088818870485,0.2539919316768646,0.6439384818077087,0.10158351063728333,0.5852534562211982
7,0.6709,2748,3039,31,13,False,URTI,4.108565807342529,0.0008455877541564405,0.14653967320919037,0.7253813147544861,0.12723341584205627,0.5635286372613562
7,0.6709,2748,3039,31,14,False,URTI,3.639312267303467,0.0026082475669682026,0.29977768659591675,0.5600360631942749,0.13757804036140442,0.9009216589861752
7,0.6709,2748,3039,31,15,False,URTI,3.919728994369507,0.00931070651859045,0.4837387204170227,0.42048153281211853,0.08646906912326813,0.5852534562211982
7,0.6709,2748,3039,31,16,False,URTI,5.154799938201904,0.06767776608467102,0.37598589062690735,0.2637360394001007,0.2926003336906433,0.9904542462146149
7,0.6709,2748,3039,31,17,False,URTI,5.530151844024658,0.01502759288996458,0.1851956993341446,0.2018892616033554,0.597887396812439,1.0
7,0.6709,2748,3039,31,18,False,URTI,3.7301852703094482,0.0024212475400418043,0.3968464732170105,0.4877612292766571,0.11297102272510529,0.5852534562211982
7,0.6709,2748,3039,31,19,False,URTI,3.8957924842834473,0.021024132147431374,0.5187247395515442,0.3738047480583191,0.08644639700651169,0.5852534562211982
7,0.6709,2748,3039,31,20,False,URTI,3.5801432132720947,0.06787300109863281,0.5359936952590942,0.2743275463581085,0.12180588394403458,0.22218564845292957
7,0.6709,2748,3039,31,21,False,URTI,4.923351287841797,0.06581021100282669,0.4760008454322815,0.2848762571811676,0.17331276834011078,0.22218564845292957
7,0.6709,2748,3039,31,22,False,URTI,3.8503363132476807,0.03125997632741928,0.5045121908187866,0.3670625686645508,0.09716527163982391,0.5852534562211982
7,0.6709,2748,3039,31,23,False,URTI,3.6733968257904053,0.00767139159142971,0.4418976306915283,0.4647381901741028,0.08569267392158508,0.5852534562211982
7,0.6709,2748,3039,31,24,False,URTI,3.7408108711242676,0.06825456768274307,0.5430688858032227,0.32130157947540283,0.06737498939037323,0.5852534562211982
7,0.6709,2748,3039,31,25,False,URTI,0.05018169432878494,0.00014591221406590194,0.0014603064628317952,0.0010920934146270156,0.9973015785217285,1.0
7,0.6709,2748,3039,31,26,False,URTI,4.126873970031738,0.016808997839689255,0.41887643933296204,0.4488846957683563,0.11542987078428268,0.5852534562211982
7,0.6709,2748,3039,31,27,False,URTI,4.927783966064453,0.06049790233373642,0.49070632457733154,0.27789542078971863,0.1709004044532776,0.990125082290981
7,0.6709,2748,3039,31,28,False,URTI,3.7325620651245117,0.057926591485738754,0.551439642906189,0.3182371258735657,0.07239663600921631,0.5852534562211982
7,0.6709,2748,3039,31,29,False,URTI,3.664191722869873,0.009167056530714035,0.44951632618904114,0.45461738109588623,0.08669919520616531,0.5852534562211982
7,0.6709,2748,3039,31,30,False,URTI,3.833927631378174,0.02004147320985794,0.46510010957717896,0.42346957325935364,0.09138882905244827,0.5852534562211982
7,0.6709,2748,3039,31,31,False,URTI,3.9087226390838623,0.05099351704120636,0.522359311580658,0.34014591574668884,0.08650118112564087,0.5852534562211982
8,0.7437,3046,3323,0,0,False,Viral pharyngitis,8.108095169067383,0.008661112748086452,0.45307132601737976,0.45335811376571655,0.08490946888923645,0.3431667670078266
8,0.7437,3046,3323,0,1,False,Viral pharyngitis,2.1178297996520996,5.639314622385427e-06,0.0011731487466022372,0.01646101102232933,0.9823601841926575,0.9996989765201686
8,0.7437,3046,3323,0,2,False,Viral pharyngitis,6.495547771453857,0.0067535159178078175,0.1448666900396347,0.5300288796424866,0.31835097074508667,0.9777242624924745
8,0.7437,3046,3323,0,3,False,Viral pharyngitis,7.001526832580566,0.00399817293509841,0.2031971961259842,0.6033927798271179,0.18941187858581543,0.9503311258278145
8,0.7437,3046,3323,0,4,False,Viral pharyngitis,4.210402965545654,0.00015177763998508453,0.06075386330485344,0.014583881944417953,0.9245105981826782,0.9987959060806743
8,0.7437,3046,3323,0,5,False,Viral pharyngitis,5.618990421295166,0.0007031800923869014,0.059061210602521896,0.14840668439865112,0.791828989982605,0.9846478025285972
8,0.7437,3046,3323,0,6,False,Viral pharyngitis,8.108220100402832,0.008705368265509605,0.4532036781311035,0.45325660705566406,0.08483438193798065,0.5990367248645394
8,0.7437,3046,3323,0,7,False,Viral pharyngitis,7.26596212387085,0.00431086216121912,0.157799631357193,0.5057311654090881,0.33215829730033875,0.9307645996387718
8,0.7437,3046,3323,0,8,False,Viral pharyngitis,5.632932662963867,0.019919810816645622,0.4256300926208496,0.4668556749820709,0.08759447187185287,0.2721252257676099
8,0.7437,3046,3323,0,9,False,Viral pharyngitis,4.311302185058594,0.00044751630048267543,0.0020981167908757925,0.036607932299375534,0.9608464241027832,0.99789283564118
8,0.7437,3046,3323,0,10,False,Viral pharyngitis,7.83047342300415,0.01823059283196926,0.5224342346191406,0.38600724935531616,0.0733279287815094,0.49729078868151716
8,0.7437,3046,3323,0,11,False,Viral pharyngitis,5.461416721343994,0.02373894862830639,0.42120295763015747,0.46411797404289246,0.09094013273715973,0.854003612281758
8,0.7437,3046,3323,0,12,False,Viral pharyngitis,8.108612060546875,0.008723923936486244,0.4532080292701721,0.45321011543273926,0.08485797047615051,0.4184226369656833
8,0.7437,3046,3323,0,13,False,Viral pharyngitis,3.1298749446868896,0.0010619086679071188,0.01086012925952673,0.025273382663726807,0.9628046751022339,0.99789283564118
8,0.7437,3046,3323,0,14,False,Viral pharyngitis,5.173349380493164,0.00022021593758836389,0.0050020404160022736,0.3870655298233032,0.6077122092247009,0.9668874172185431
8,0.7437,3046,3323,0,15,False,Viral pharyngitis,2.4049603939056396,0.00018880818970501423,0.007590316701680422,0.045882001519203186,0.9463387727737427,0.9984948826008428
8,0.7437,3046,3323,0,16,False,Viral pharyngitis,6.7233805656433105,0.020285410806536674,0.4522227942943573,0.4123716950416565,0.11512011289596558,0.9777242624924745
8,0.7437,3046,3323,0,17,False,Viral pharyngitis,6.008856773376465,0.01837766356766224,0.4157957434654236,0.4732353985309601,0.09259122610092163,0.7552679108970499
8,0.7437,3046,3323,0,18,False,Viral pharyngitis,6.245536804199219,0.01997717097401619,0.4220174551010132,0.464682012796402,0.09332337975502014,0.6863335340156532
8,0.7437,3046,3323,0,19,False,Viral pharyngitis,8.083210945129395,0.008461806923151016,0.451716810464859,0.45459720492362976,0.08522418141365051,0.039735099337748346
8,0.7437,3046,3323,0,20,False,Viral pharyngitis,8.049532890319824,0.008470810949802399,0.45340338349342346,0.4523829221725464,0.08574292063713074,0.34557495484647804
8,0.7437,3046,3323,0,21,False,Viral pharyngitis,4.777270793914795,0.0007545261178165674,0.012215069495141506,0.21021346747875214,0.7768169045448303,0.9981938591210114
8,0.7437,3046,3323,0,22,False,Viral pharyngitis,8.080037117004395,0.008364933542907238,0.45054948329925537,0.4565636217594147,0.08452194929122925,0.5806742925948224
8,0.7437,3046,3323,0,23,False,Viral pharyngitis,8.083624839782715,0.009280970320105553,0.42027992010116577,0.46287983655929565,0.10755925625562668,0.99789283564118
8,0.7437,3046,3323,0,24,False,Viral pharyngitis,4.266888618469238,0.0014702390180900693,0.004973907023668289,0.09396617114543915,0.8995897173881531,0.9987959060806743
8,0.7437,3046,3323,0,25,False,Viral pharyngitis,8.108592987060547,0.008714579977095127,0.4531952738761902,0.453274667263031,0.08481549471616745,0.2724262492474413
8,0.7437,3046,3323,0,26,False,Viral pharyngitis,7.884145736694336,0.007085210178047419,0.37511807680130005,0.3828985095024109,0.23489826917648315,0.99789283564118
8,0.7437,3046,3323,0,27,False,Viral pharyngitis,7.266654014587402,0.004507926292717457,0.22366230189800262,0.6102237105369568,0.16160613298416138,0.9476219145093318
8,0.7437,3046,3323,0,28,False,Viral pharyngitis,6.269069194793701,0.003886590711772442,0.054970838129520416,0.272280216217041,0.6688624024391174,0.9909692956050572
8,0.7437,3046,3323,0,29,False,Viral pharyngitis,7.9535346031188965,0.00960836373269558,0.43240249156951904,0.4653874337673187,0.0926017016172409,0.8783865141481035
8,0.7437,3046,3323,0,30,False,Viral pharyngitis,6.228631973266602,0.0012451467337086797,0.09060880541801453,0.729071855545044,0.17907419800758362,0.9151113786875377
8,0.7437,3046,3323,0,31,False,Viral pharyngitis,2.7819647789001465,0.00017712972476147115,0.01475225668400526,0.03702449053525925,0.9480461478233337,0.99789283564118
8,0.7437,3046,3323,8,0,False,Viral pharyngitis,5.592667102813721,0.04110979288816452,0.2668676972389221,0.45792680978775024,0.23409564793109894,0.010836845273931367
8,0.7437,3046,3323,8,1,False,Viral pharyngitis,5.496612548828125,0.04124210402369499,0.2958449721336365,0.43801701068878174,0.22489595413208008,0.5361228175797712
8,0.7437,3046,3323,8,2,False,Viral pharyngitis,3.052398443222046,0.03888559341430664,0.11919121444225311,0.16746234893798828,0.674460768699646,1.0
8,0.7437,3046,3323,8,3,False,Viral pharyngitis,4.157972812652588,0.036726176738739014,0.2234889268875122,0.19591408967971802,0.5438708066940308,0.9984948826008428
8,0.7437,3046,3323,8,4,False,Viral pharyngitis,2.4268593788146973,0.0030763940885663033,0.043852511793375015,0.8823855519294739,0.07068561017513275,0.9145093317278747
8,0.7437,3046,3323,8,5,False,Viral pharyngitis,5.857532501220703,0.12289928644895554,0.49584802985191345,0.31788522005081177,0.06336748600006104,0.010836845273931367
8,0.7437,3046,3323,8,6,False,Viral pharyngitis,5.490614891052246,0.022379709407687187,0.192234069108963,0.6652507781982422,0.12013548612594604,0.9145093317278747
8,0.7437,3046,3323,8,7,False,Viral pharyngitis,3.5520646572113037,0.061954475939273834,0.5578545331954956,0.3025549650192261,0.07763597369194031,0.010836845273931367
8,0.7437,3046,3323,8,8,False,Viral pharyngitis,5.10604190826416,0.0073094964027404785,0.06848973035812378,0.506887674331665,0.4173131585121155,0.9984948826008428
8,0.7437,3046,3323,8,9,False,Viral pharyngitis,7.380807876586914,0.018790317699313164,0.3791426718235016,0.48249325156211853,0.11957381665706635,0.9996989765201686
8,0.7437,3046,3323,8,10,False,Viral pharyngitis,6.304147243499756,0.0035283146426081657,0.13990630209445953,0.5789093971252441,0.2776559591293335,0.9151113786875377
8,0.7437,3046,3323,8,11,False,Viral pharyngitis,3.8639955520629883,0.05686135217547417,0.2274380922317505,0.2780148386955261,0.43768566846847534,0.9984948826008428
8,0.7437,3046,3323,8,12,False,Viral pharyngitis,4.34853982925415,0.012994435615837574,0.2634987235069275,0.3423430621623993,0.38116374611854553,0.9981938591210114
8,0.7437,3046,3323,8,13,False,Viral pharyngitis,5.190429210662842,0.0038804979994893074,0.09238719195127487,0.4096723198890686,0.4940599203109741,0.9858518964479229
8,0.7437,3046,3323,8,14,False,Viral pharyngitis,4.527640342712402,0.1470082849264145,0.5374644994735718,0.2748527228832245,0.04067452251911163,0.010836845273931367
8,0.7437,3046,3323,8,15,False,Viral pharyngitis,3.1654820442199707,0.024697110056877136,0.12389283627271652,0.04460400715470314,0.806806206703186,0.9981938591210114
8,0.7437,3046,3323,8,16,False,Viral pharyngitis,4.8954548835754395,0.036791831254959106,0.2429802417755127,0.38015565276145935,0.3400723338127136,0.9169175195665262
8,0.7437,3046,3323,8,17,False,Viral pharyngitis,8.044565200805664,0.008171964436769485,0.39723512530326843,0.4893142282962799,0.10527865588665009,0.7944009632751354
8,0.7437,3046,3323,8,18,False,Viral pharyngitis,4.757984638214111,0.002968569053336978,0.08630827069282532,0.6393206119537354,0.2714025676250458,0.9145093317278747
8,0.7437,3046,3323,8,19,False,Viral pharyngitis,6.10646915435791,0.014098990708589554,0.17793673276901245,0.4080897271633148,0.39987456798553467,0.917519566526189
8,0.7437,3046,3323,8,20,False,Viral pharyngitis,4.848127841949463,0.06115218251943588,0.2640783488750458,0.36706870794296265,0.3077007234096527,0.010836845273931367
8,0.7437,3046,3323,8,21,False,Viral pharyngitis,5.853846549987793,0.007301050703972578,0.11898934096097946,0.41325679421424866,0.4604528248310089,0.7119205298013245
8,0.7437,3046,3323,8,22,False,Viral pharyngitis,5.610095500946045,0.06031724810600281,0.47466832399368286,0.37904226779937744,0.08597217500209808,0.010836845273931367
8,0.7437,3046,3323,8,23,False,Viral pharyngitis,4.976784706115723,0.04693280905485153,0.17099285125732422,0.5771991610527039,0.2048751711845398,0.8254063816977725
8,0.7437,3046,3323,8,24,False,Viral pharyngitis,4.563344478607178,0.025987990200519562,0.2925869822502136,0.3722870349884033,0.3091379702091217,1.0
8,0.7437,3046,3323,8,25,False,Viral pharyngitis,3.692674398422241,0.021519700065255165,0.17497575283050537,0.2598404288291931,0.5436640977859497,0.9984948826008428
8,0.7437,3046,3323,8,26,False,Viral pharyngitis,4.304734706878662,0.0599295012652874,0.3784038722515106,0.3887333273887634,0.17293331027030945,0.010836845273931367
8,0.7437,3046,3323,8,27,False,Viral pharyngitis,8.085580825805664,0.010894723236560822,0.44818711280822754,0.45378342270851135,0.0871347039937973,0.0
8,0.7437,3046,3323,8,28,False,Viral pharyngitis,3.54853892326355,0.004548261407762766,0.025331053882837296,0.08606470376253128,0.884056031703949,0.99789283564118
8,0.7437,3046,3323,8,29,False,Viral pharyngitis,4.92405366897583,0.04491174966096878,0.23098354041576385,0.17133164405822754,0.5527730584144592,0.9984948826008428
8,0.7437,3046,3323,8,30,False,Viral pharyngitis,8.07615852355957,0.009560130536556244,0.45460420846939087,0.45116370916366577,0.08467195183038712,0.056893437688139675
8,0.7437,3046,3323,8,31,False,Viral pharyngitis,5.243103504180908,0.10791198164224625,0.5700266361236572,0.26621145009994507,0.05585002154111862,0.010836845273931367
8,0.7437,3046,3323,16,0,False,Viral pharyngitis,2.628936290740967,0.00028493235004134476,0.014690620824694633,0.026950061321258545,0.9580743908882141,0.9930764599638772
8,0.7437,3046,3323,16,1,False,Viral pharyngitis,4.465579509735107,0.0036750284489244223,0.12104962766170502,0.18257364630699158,0.6927016973495483,0.9897652016857315
8,0.7437,3046,3323,16,2,False,Viral pharyngitis,4.885771751403809,0.008400057442486286,0.16005392372608185,0.17168927192687988,0.6598567962646484,0.9855508729680915
8,0.7437,3046,3323,16,3,False,Viral pharyngitis,3.856113910675049,0.057135965675115585,0.2892245948314667,0.18214599788188934,0.4714934229850769,0.9993979530403372
8,0.7437,3046,3323,16,4,False,Viral pharyngitis,4.706092834472656,0.03228580206632614,0.1139872670173645,0.13155528903007507,0.7221716046333313,0.9909692956050572
8,0.7437,3046,3323,16,5,False,Viral pharyngitis,5.173581600189209,0.008726723492145538,0.23375892639160156,0.26965951919555664,0.4878547787666321,0.535219747140277
8,0.7437,3046,3323,16,6,False,Viral pharyngitis,5.247381210327148,0.015223199501633644,0.20466062426567078,0.37679675221443176,0.40331941843032837,0.535219747140277
8,0.7437,3046,3323,16,7,False,Viral pharyngitis,6.1361985206604,0.15438008308410645,0.28853899240493774,0.43153664469718933,0.12554430961608887,0.0
8,0.7437,3046,3323,16,8,False,Viral pharyngitis,5.395717144012451,0.005286846309900284,0.15267588198184967,0.14743922650814056,0.6945980787277222,0.9879590608067429
8,0.7437,3046,3323,16,9,False,Viral pharyngitis,3.8888063430786133,0.02813260816037655,0.3974166810512543,0.4104675352573395,0.16398310661315918,0.535219747140277
8,0.7437,3046,3323,16,10,False,Viral pharyngitis,4.2735443115234375,0.10066813230514526,0.4617420434951782,0.3687334358692169,0.06885643303394318,0.20319084888621314
8,0.7437,3046,3323,16,11,False,Viral pharyngitis,4.242105484008789,0.014053656719624996,0.3175280690193176,0.31479117274284363,0.35362708568573,1.0
8,0.7437,3046,3323,16,12,False,Viral pharyngitis,4.695355415344238,0.003619685536250472,0.16483978927135468,0.2044086903333664,0.6271317601203918,0.9897652016857315
8,0.7437,3046,3323,16,13,False,Viral pharyngitis,4.612061500549316,0.004322954919189215,0.2927967607975006,0.5455189347267151,0.15736135840415955,0.535219747140277
8,0.7437,3046,3323,16,14,False,Viral pharyngitis,4.189987659454346,0.05295797437429428,0.4533502161502838,0.40968167781829834,0.08401011675596237,0.20319084888621314
8,0.7437,3046,3323,16,15,False,Viral pharyngitis,7.763660907745361,0.02798793837428093,0.4011448919773102,0.46131443977355957,0.10955274850130081,0.0006020469596628537
8,0.7437,3046,3323,16,16,False,Viral pharyngitis,5.4593892097473145,0.0034165121614933014,0.13147097826004028,0.19008947908878326,0.6750229597091675,0.9325707405177603
8,0.7437,3046,3323,16,17,False,Viral pharyngitis,4.282693862915039,0.0028212976176291704,0.08021783828735352,0.0826035737991333,0.8343573808670044,0.9274533413606262
8,0.7437,3046,3323,16,18,False,Viral pharyngitis,5.187502384185791,0.2045746147632599,0.2555117607116699,0.3031480610370636,0.236765518784523,0.008428657435279952
8,0.7437,3046,3323,16,19,False,Viral pharyngitis,4.959176063537598,0.010308471508324146,0.1967313438653946,0.378225713968277,0.41473448276519775,0.535219747140277
8,0.7437,3046,3323,16,20,False,Viral pharyngitis,3.8413543701171875,0.10044559091329575,0.46309199929237366,0.2881426215171814,0.1483197957277298,0.20319084888621314
8,0.7437,3046,3323,16,21,False,Viral pharyngitis,5.197736740112305,0.02435113675892353,0.1954195350408554,0.43869882822036743,0.3415305018424988,0.7119205298013245
8,0.7437,3046,3323,16,22,False,Viral pharyngitis,4.583113670349121,0.0027887828182429075,0.07309844344854355,0.09183185547590256,0.8322808742523193,0.9975918121613486
8,0.7437,3046,3323,16,23,False,Viral pharyngitis,3.9786713123321533,0.010699587874114513,0.2870178520679474,0.3828268051147461,0.31945571303367615,1.0
8,0.7437,3046,3323,16,24,False,Viral pharyngitis,4.636895179748535,0.0064003681764006615,0.10544414073228836,0.2433977574110031,0.6447577476501465,0.9855508729680915
8,0.7437,3046,3323,16,25,False,Viral pharyngitis,5.183337688446045,0.012851467356085777,0.1244882196187973,0.1237371414899826,0.738923192024231,0.99789283564118
8,0.7437,3046,3323,16,26,False,Viral pharyngitis,5.518918037414551,0.005374806467443705,0.17058655619621277,0.20778925716876984,0.6162493228912354,0.9876580373269115
8,0.7437,3046,3323,16,27,False,Viral pharyngitis,5.947381973266602,0.009261194616556168,0.1604822725057602,0.30967605113983154,0.5205804705619812,1.0
8,0.7437,3046,3323,16,28,False,Viral pharyngitis,4.896056175231934,0.019413363188505173,0.3954053819179535,0.4817884564399719,0.10339284688234329,0.535219747140277
8,0.7437,3046,3323,16,29,False,Viral pharyngitis,4.852941036224365,0.16526426374912262,0.4547034800052643,0.29856741428375244,0.08146479725837708,0.0012040939193257074
8,0.7437,3046,3323,16,30,False,Viral pharyngitis,4.650263786315918,0.03739531338214874,0.2303130030632019,0.26418358087539673,0.46810805797576904,0.535219747140277
8,0.7437,3046,3323,16,31,False,Viral pharyngitis,5.148715019226074,0.0013831191463395953,0.09274055063724518,0.13095441460609436,0.7749218940734863,0.9957856712823601
8,0.7437,3046,3323,24,0,False,Viral pharyngitis,3.557988405227661,0.04429648816585541,0.42389383912086487,0.43674543499946594,0.09506428241729736,0.5376279349789284
8,0.7437,3046,3323,24,1,False,Viral pharyngitis,3.9281694889068604,0.049585286527872086,0.37655338644981384,0.44453391432762146,0.1293274611234665,0.5376279349789284
8,0.7437,3046,3323,24,2,False,Viral pharyngitis,4.648975372314453,0.018176306039094925,0.3155442774295807,0.41765058040618896,0.2486288696527481,0.9882600842865743
8,0.7437,3046,3323,24,3,False,Viral pharyngitis,4.839988708496094,0.030003413558006287,0.30029505491256714,0.3267534077167511,0.34294822812080383,0.9861529199277543
8,0.7437,3046,3323,24,4,False,Viral pharyngitis,3.969381332397461,0.013842216692864895,0.3847045600414276,0.49784839153289795,0.1036047711968422,0.535219747140277
8,0.7437,3046,3323,24,5,False,Viral pharyngitis,4.219671726226807,0.016749242320656776,0.4178321063518524,0.455068439245224,0.11035027354955673,0.29319686935580974
8,0.7437,3046,3323,24,6,False,Viral pharyngitis,4.681008338928223,0.006575855892151594,0.3183733820915222,0.5538761019706726,0.1211746484041214,0.7119205298013245
8,0.7437,3046,3323,24,7,False,Viral pharyngitis,4.242715835571289,0.07536467164754868,0.4213002920150757,0.396648108959198,0.10668694972991943,0.535219747140277
8,0.7437,3046,3323,24,8,False,Viral pharyngitis,3.496377944946289,0.015240109525620937,0.3800399601459503,0.506657600402832,0.09806236624717712,0.535219747140277
8,0.7437,3046,3323,24,9,False,Viral pharyngitis,3.4771885871887207,0.0012019500136375427,0.22156988084316254,0.6670303344726562,0.11019790172576904,0.535219747140277
8,0.7437,3046,3323,24,10,False,Viral pharyngitis,4.797822952270508,0.044500045478343964,0.48371049761772156,0.33540457487106323,0.13638484477996826,0.535219747140277
8,0.7437,3046,3323,24,11,False,Viral pharyngitis,4.011122703552246,0.011319584213197231,0.3400411307811737,0.5297259092330933,0.11891335994005203,0.535219747140277
8,0.7437,3046,3323,24,12,False,Viral pharyngitis,3.4782023429870605,0.008558369241654873,0.40501487255096436,0.5084975361824036,0.07792922109365463,0.535219747140277
8,0.7437,3046,3323,24,13,False,Viral pharyngitis,4.019094944000244,0.012016694992780685,0.37621286511421204,0.501683235168457,0.11008709669113159,0.535219747140277
8,0.7437,3046,3323,24,14,False,Viral pharyngitis,3.3124165534973145,0.005198501516133547,0.29353851079940796,0.6341268420219421,0.06713615357875824,0.535219747140277
8,0.7437,3046,3323,24,15,False,Viral pharyngitis,4.925353050231934,0.005033623892813921,0.3085898160934448,0.5369278192520142,0.14944879710674286,0.535219747140277
8,0.7437,3046,3323,24,16,False,Viral pharyngitis,4.596214771270752,0.02632114291191101,0.4105681777000427,0.4545690715312958,0.10854163020849228,0.535219747140277
8,0.7437,3046,3323,24,17,False,Viral pharyngitis,4.144179344177246,0.012006121687591076,0.19624829292297363,0.20197972655296326,0.5897658467292786,0.9906682721252258
8,0.7437,3046,3323,24,18,False,Viral pharyngitis,4.131752014160156,0.025350067764520645,0.4197995662689209,0.447447806596756,0.10740258544683456,0.535219747140277
8,0.7437,3046,3323,24,19,False,Viral pharyngitis,4.737337112426758,0.009635021910071373,0.1651327908039093,0.26082760095596313,0.5644046068191528,0.9957856712823601
8,0.7437,3046,3323,24,20,False,Viral pharyngitis,3.9174301624298096,0.10580487549304962,0.5058541297912598,0.31951406598091125,0.06882695853710175,0.0012040939193257074
8,0.7437,3046,3323,24,21,False,Viral pharyngitis,3.9041011333465576,0.5594419240951538,0.19126838445663452,0.19951996207237244,0.04976963624358177,0.0006020469596628537
8,0.7437,3046,3323,24,22,False,Viral pharyngitis,5.614375114440918,0.007502502296119928,0.2318614423274994,0.39907750487327576,0.36155855655670166,0.9861529199277543
8,0.7437,3046,3323,24,23,False,Viral pharyngitis,2.759113311767578,0.014789330773055553,0.15524569153785706,0.15163706243038177,0.6783278584480286,0.9930764599638772
8,0.7437,3046,3323,24,24,False,Viral pharyngitis,1.9651243686676025,0.004305494017899036,0.08964353799819946,0.10361605882644653,0.802435040473938,0.9882600842865743
8,0.7437,3046,3323,24,25,False,Viral pharyngitis,3.806351661682129,0.005734904203563929,0.27386048436164856,0.6086112856864929,0.11179327964782715,0.7119205298013245
8,0.7437,3046,3323,24,26,False,Viral pharyngitis,3.986997127532959,0.007384568452835083,0.3248542249202728,0.5756316781044006,0.09212962538003922,0.535219747140277
8,0.7437,3046,3323,24,27,False,Viral pharyngitis,3.684354305267334,0.020875152200460434,0.41408389806747437,0.48253658413887024,0.08250432461500168,0.535219747140277
8,0.7437,3046,3323,24,28,False,Viral pharyngitis,3.16910982131958,0.054450035095214844,0.4029410481452942,0.48245975375175476,0.060149185359478,0.5376279349789284
8,0.7437,3046,3323,24,29,False,Viral pharyngitis,3.9199180603027344,0.03602074086666107,0.42453432083129883,0.4451465904712677,0.09429816901683807,0.7119205298013245
8,0.7437,3046,3323,24,30,False,Viral pharyngitis,4.05368709564209,0.05849144235253334,0.4865535497665405,0.3566682040691376,0.09828688204288483,0.20319084888621314
8,0.7437,3046,3323,24,31,False,Viral pharyngitis,3.6701557636260986,0.10246451944112778,0.46753111481666565,0.30130693316459656,0.12869733572006226,0.20319084888621314
8,0.7437,3046,3323,31,0,False,Viral pharyngitis,0.929806649684906,7.457666652044281e-05,0.019143350422382355,0.039276134222745895,0.9415059089660645,1.0
8,0.7437,3046,3323,31,1,False,Viral pharyngitis,5.214949131011963,0.015009417198598385,0.36909136176109314,0.3394813537597656,0.27641797065734863,0.9614689945815773
8,0.7437,3046,3323,31,2,False,Viral pharyngitis,4.033687591552734,0.00883962120860815,0.36357381939888,0.5230832695960999,0.10450318455696106,0.535219747140277
8,0.7437,3046,3323,31,3,False,Viral pharyngitis,4.117810249328613,0.06060352548956871,0.5123693346977234,0.359173983335495,0.0678531676530838,0.2950030102347983
8,0.7437,3046,3323,31,4,False,Viral pharyngitis,3.919010639190674,0.00840446911752224,0.3216438293457031,0.5451565980911255,0.12479507178068161,0.9990969295605057
8,0.7437,3046,3323,31,5,False,Viral pharyngitis,3.524841070175171,0.041315462440252304,0.20287443697452545,0.18068645894527435,0.5751236081123352,1.0
8,0.7437,3046,3323,31,6,False,Viral pharyngitis,3.9433045387268066,0.1979605257511139,0.19520100951194763,0.4529065191745758,0.15393182635307312,0.0
8,0.7437,3046,3323,31,7,False,Viral pharyngitis,4.370328426361084,0.03627806529402733,0.391118586063385,0.37172648310661316,0.200876846909523,0.9867549668874173
8,0.7437,3046,3323,31,8,False,Viral pharyngitis,3.85844087600708,0.1010257825255394,0.4279933571815491,0.3879333734512329,0.08304748684167862,0.009030704394942806
8,0.7437,3046,3323,31,9,False,Viral pharyngitis,2.398559331893921,0.008273139595985413,0.11400136351585388,0.11540180444717407,0.7623237371444702,1.0
8,0.7437,3046,3323,31,10,False,Viral pharyngitis,4.505474090576172,0.004084126092493534,0.28410711884498596,0.4937696158885956,0.21803905069828033,0.7119205298013245
8,0.7437,3046,3323,31,11,False,Viral pharyngitis,4.449007034301758,0.03319722041487694,0.4387747347354889,0.390730619430542,0.13729730248451233,0.535219747140277
8,0.7437,3046,3323,31,12,False,Viral pharyngitis,3.360960006713867,0.0003455225669313222,0.1367223858833313,0.7650892734527588,0.09784269332885742,0.7119205298013245
8,0.7437,3046,3323,31,13,False,Viral pharyngitis,4.392009735107422,0.0012243278324604034,0.11043068766593933,0.7462461590766907,0.1420988291501999,0.713726670680313
8,0.7437,3046,3323,31,14,False,Viral pharyngitis,3.7805027961730957,0.001237264834344387,0.18165341019630432,0.6439496278762817,0.17315970361232758,0.9990969295605057
8,0.7437,3046,3323,31,15,False,Viral pharyngitis,4.246110916137695,0.004922213964164257,0.3076215088367462,0.458030641078949,0.22942569851875305,0.535219747140277
8,0.7437,3046,3323,31,16,False,Viral pharyngitis,5.458817481994629,0.05869279429316521,0.3801567852497101,0.3694224953651428,0.1917279064655304,0.535219747140277
8,0.7437,3046,3323,31,17,False,Viral pharyngitis,5.429680347442627,0.012423369102180004,0.17695850133895874,0.23862507939338684,0.5719929933547974,1.0
8,0.7437,3046,3323,31,18,False,Viral pharyngitis,3.7562360763549805,0.0012620100751519203,0.23000194132328033,0.6598559617996216,0.10888013243675232,0.535219747140277
8,0.7437,3046,3323,31,19,False,Viral pharyngitis,3.9530181884765625,0.01124237198382616,0.40758180618286133,0.4971542954444885,0.08402153104543686,0.535219747140277
8,0.7437,3046,3323,31,20,False,Viral pharyngitis,3.995175838470459,0.047544773668050766,0.41782206296920776,0.37214574217796326,0.16248740255832672,0.535219747140277
8,0.7437,3046,3323,31,21,False,Viral pharyngitis,5.097559452056885,0.0474567711353302,0.41976645588874817,0.3787193298339844,0.15405753254890442,0.535219747140277
8,0.7437,3046,3323,31,22,False,Viral pharyngitis,3.9266345500946045,0.021253429353237152,0.39976590871810913,0.49183475971221924,0.0871458500623703,0.535219747140277
8,0.7437,3046,3323,31,23,False,Viral pharyngitis,3.7412519454956055,0.003780563361942768,0.3047211170196533,0.6140057444572449,0.07749263197183609,0.535219747140277
8,0.7437,3046,3323,31,24,False,Viral pharyngitis,3.821702480316162,0.050301600247621536,0.4686713218688965,0.4187328517436981,0.06229422613978386,0.535219747140277
8,0.7437,3046,3323,31,25,False,Viral pharyngitis,0.04817923903465271,2.8831162126152776e-05,0.0014997933758422732,0.0010044738883152604,0.9974668622016907,1.0
8,0.7437,3046,3323,31,26,False,Viral pharyngitis,4.039792537689209,0.006662975996732712,0.29188621044158936,0.5968736410140991,0.1045771911740303,0.7119205298013245
8,0.7437,3046,3323,31,27,False,Viral pharyngitis,5.216371536254883,0.04182836040854454,0.451984703540802,0.34584954380989075,0.16033734381198883,0.9867549668874173
8,0.7437,3046,3323,31,28,False,Viral pharyngitis,3.8930702209472656,0.04352685809135437,0.4395199120044708,0.4417828321456909,0.07517038285732269,0.535219747140277
8,0.7437,3046,3323,31,29,False,Viral pharyngitis,3.816859245300293,0.004347080830484629,0.3023720979690552,0.6053999066352844,0.08788096904754639,0.7119205298013245
8,0.7437,3046,3323,31,30,False,Viral pharyngitis,3.8587467670440674,0.01246186438947916,0.33414313197135925,0.5680736899375916,0.08532129973173141,0.535219747140277
8,0.7437,3046,3323,31,31,False,Viral pharyngitis,3.983915328979492,0.025905201211571693,0.437300443649292,0.4364776015281677,0.10031673312187195,0.535219747140277
9,0.813,3330,3559,0,0,True,Acute COPD exacerbation / infection,8.17671012878418,0.008087659254670143,0.4629579782485962,0.4632799029350281,0.06567440927028656,0.3684654300168634
9,0.813,3330,3559,0,1,True,Acute COPD exacerbation / infection,2.0800702571868896,9.258191312255803e-06,0.0009247552370652556,0.03499634191393852,0.9640696048736572,0.9997189432265318
9,0.813,3330,3559,0,2,True,Acute COPD exacerbation / infection,6.576837539672852,0.006938651669770479,0.1402473747730255,0.6050900220870972,0.24772386252880096,0.9828555368184373
9,0.813,3330,3559,0,3,True,Acute COPD exacerbation / infection,7.1099443435668945,0.004627188201993704,0.2158530205488205,0.6558246612548828,0.12369516491889954,0.9654300168634065
9,0.813,3330,3559,0,4,True,Acute COPD exacerbation / infection,4.178964614868164,0.0025249659083783627,0.0716002807021141,0.03478113189339638,0.8910936117172241,0.9988757729061271
9,0.813,3330,3559,0,5,True,Acute COPD exacerbation / infection,5.686795234680176,0.0013263300061225891,0.0633842870593071,0.1849852353334427,0.750304102897644,0.9865092748735245
9,0.813,3330,3559,0,6,True,Acute COPD exacerbation / infection,8.176837921142578,0.008078737184405327,0.4630131125450134,0.46318578720092773,0.06572242081165314,0.7178189994378864
9,0.813,3330,3559,0,7,True,Acute COPD exacerbation / infection,7.382134914398193,0.0066780634224414825,0.195756733417511,0.5677269101142883,0.22983840107917786,0.9432265317594154
9,0.813,3330,3559,0,8,True,Acute COPD exacerbation / infection,5.689544200897217,0.018977895379066467,0.42915812134742737,0.508366048336029,0.043497856706380844,0.2540753232152895
9,0.813,3330,3559,0,9,True,Acute COPD exacerbation / infection,4.348015785217285,0.000763842137530446,0.007823179475963116,0.06244269758462906,0.928970217704773,0.9980326025857224
9,0.813,3330,3559,0,10,True,Acute COPD exacerbation / infection,7.876582622528076,0.01981181837618351,0.5625402927398682,0.36707550287246704,0.05057230219244957,0.014896008993816752
9,0.813,3330,3559,0,11,True,Acute COPD exacerbation / infection,5.513926029205322,0.022650303319096565,0.4233495891094208,0.5115360021591187,0.04246415197849274,0.7490163012928611
9,0.813,3330,3559,0,12,True,Acute COPD exacerbation / infection,8.17722225189209,0.008151602931320667,0.4630204141139984,0.46302035450935364,0.06580759584903717,0.440415964024733
9,0.813,3330,3559,0,13,True,Acute COPD exacerbation / infection,3.0438895225524902,0.0003591274726204574,0.012141415849328041,0.029548045247793198,0.9579514861106873,0.9980326025857224
9,0.813,3330,3559,0,14,True,Acute COPD exacerbation / infection,5.25823974609375,0.0005789728020317852,0.00914214737713337,0.5571545958518982,0.43312424421310425,0.9828555368184373
9,0.813,3330,3559,0,15,True,Acute COPD exacerbation / infection,2.4343783855438232,0.0004894175217486918,0.006192194297909737,0.05053945258259773,0.9427788853645325,0.9985947161326588
9,0.813,3330,3559,0,16,True,Acute COPD exacerbation / infection,6.803722858428955,0.013073348440229893,0.48693907260894775,0.42948615550994873,0.07050149142742157,0.983698707138842
9,0.813,3330,3559,0,17,True,Acute COPD exacerbation / infection,6.070763111114502,0.01753811724483967,0.4254370927810669,0.5050143599510193,0.05201040953397751,0.7417088251826869
9,0.813,3330,3559,0,18,True,Acute COPD exacerbation / infection,6.30703067779541,0.018813561648130417,0.4243902564048767,0.5072361826896667,0.049560144543647766,0.5803822372119168
9,0.813,3330,3559,0,19,True,Acute COPD exacerbation / infection,8.15269660949707,0.007612979505211115,0.4629307985305786,0.4635068476200104,0.06594932079315186,0.33136593591905567
9,0.813,3330,3559,0,20,True,Acute COPD exacerbation / infection,8.119878768920898,0.008213933557271957,0.4617605209350586,0.46433454751968384,0.06569109112024307,0.8010118043844857
9,0.813,3330,3559,0,21,True,Acute COPD exacerbation / infection,4.8085222244262695,0.0012922784080728889,0.019639188423752785,0.2694409489631653,0.7096275687217712,0.9983136593591906
9,0.813,3330,3559,0,22,True,Acute COPD exacerbation / infection,8.149094581604004,0.007749918382614851,0.45984897017478943,0.4668603539466858,0.0655408650636673,0.5986509274873525
9,0.813,3330,3559,0,23,True,Acute COPD exacerbation / infection,8.151896476745605,0.009036063216626644,0.4367486238479614,0.46950021386146545,0.0847150981426239,0.9980326025857224
9,0.813,3330,3559,0,24,True,Acute COPD exacerbation / infection,4.214871406555176,0.001973605714738369,0.006690809968858957,0.11654525995254517,0.8747904300689697,0.9988757729061271
9,0.813,3330,3559,0,25,True,Acute COPD exacerbation / infection,8.177204132080078,0.008131478913128376,0.463047057390213,0.4630596935749054,0.06576172262430191,0.31309724564362
9,0.813,3330,3559,0,26,True,Acute COPD exacerbation / infection,7.959566116333008,0.005502056796103716,0.3906603455543518,0.41411176323890686,0.18972593545913696,0.9980326025857224
9,0.813,3330,3559,0,27,True,Acute COPD exacerbation / infection,7.348081588745117,0.0055018276907503605,0.2243976593017578,0.6580750346183777,0.11202540248632431,0.9654300168634065
9,0.813,3330,3559,0,28,True,Acute COPD exacerbation / infection,6.39366340637207,0.009977943263947964,0.08159733563661575,0.32815712690353394,0.5802676677703857,0.991849353569421
9,0.813,3330,3559,0,29,True,Acute COPD exacerbation / infection,8.024538040161133,0.00838566292077303,0.441434383392334,0.4815911054611206,0.06858890503644943,0.8909499718943227
9,0.813,3330,3559,0,30,True,Acute COPD exacerbation / infection,6.124810218811035,0.0012878389097750187,0.08783947676420212,0.7752650380134583,0.13560763001441956,0.9342327150084317
9,0.813,3330,3559,0,31,True,Acute COPD exacerbation / infection,2.830634117126465,0.0006061936146579683,0.012916331179440022,0.04429852217435837,0.9421787261962891,0.9980326025857224
9,0.813,3330,3559,8,0,True,Acute COPD exacerbation / infection,5.628674507141113,0.030599445104599,0.23347902297973633,0.47063541412353516,0.2652861177921295,0.01011804384485666
9,0.813,3330,3559,8,1,True,Acute COPD exacerbation / infection,5.326086044311523,0.044619228690862656,0.2854422926902771,0.5018432140350342,0.16809533536434174,0.5005621135469365
9,0.813,3330,3559,8,2,True,Acute COPD exacerbation / infection,3.1154608726501465,0.034490104764699936,0.10497194528579712,0.18182727694511414,0.6787106394767761,1.0
9,0.813,3330,3559,8,3,True,Acute COPD exacerbation / infection,4.307130336761475,0.03485720604658127,0.22523701190948486,0.22191384434700012,0.517991840839386,0.9988757729061271
9,0.813,3330,3559,8,4,True,Acute COPD exacerbation / infection,2.3565800189971924,0.008889858610928059,0.03758017718791962,0.8891430497169495,0.06438683718442917,0.9336706014614953
9,0.813,3330,3559,8,5,True,Acute COPD exacerbation / infection,6.061554908752441,0.0860154777765274,0.44536852836608887,0.39820539951324463,0.07041055709123611,0.01011804384485666
9,0.813,3330,3559,8,6,True,Acute COPD exacerbation / infection,5.65874719619751,0.016833893954753876,0.17013868689537048,0.7007445096969604,0.11228298395872116,0.8538504777965149
9,0.813,3330,3559,8,7,True,Acute COPD exacerbation / infection,3.676229953765869,0.07680019736289978,0.5376337170600891,0.3044522702693939,0.0811137706041336,0.01011804384485666
9,0.813,3330,3559,8,8,True,Acute COPD exacerbation / infection,5.136946678161621,0.007361119147390127,0.05464710667729378,0.5169446468353271,0.421047180891037,0.9985947161326588
9,0.813,3330,3559,8,9,True,Acute COPD exacerbation / infection,7.225577354431152,0.017825070768594742,0.3563312888145447,0.5085369348526001,0.11730668693780899,0.9333895446880269
9,0.813,3330,3559,8,10,True,Acute COPD exacerbation / infection,6.190311431884766,0.004029306583106518,0.1351296454668045,0.5940165519714355,0.26682454347610474,0.9342327150084317
9,0.813,3330,3559,8,11,True,Acute COPD exacerbation / infection,4.021331787109375,0.04996034502983093,0.1931103616952896,0.3290202021598816,0.42790910601615906,0.9985947161326588
9,0.813,3330,3559,8,12,True,Acute COPD exacerbation / infection,4.365095615386963,0.0077644167467951775,0.2055366337299347,0.37971797585487366,0.4069809317588806,0.9983136593591906
9,0.813,3330,3559,8,13,True,Acute COPD exacerbation / infection,5.20538854598999,0.00441419892013073,0.07807601243257523,0.3948906362056732,0.5226191878318787,0.9876335019673974
9,0.813,3330,3559,8,14,True,Acute COPD exacerbation / infection,4.736800670623779,0.1250445395708084,0.5150113701820374,0.3195662200450897,0.04037795588374138,0.01011804384485666
9,0.813,3330,3559,8,15,True,Acute COPD exacerbation / infection,3.2631969451904297,0.018707647919654846,0.11563583463430405,0.06663496792316437,0.7990215420722961,0.9983136593591906
9,0.813,3330,3559,8,16,True,Acute COPD exacerbation / infection,4.77094841003418,0.026436537504196167,0.16897942125797272,0.38968199491500854,0.41490209102630615,0.9359190556492412
9,0.813,3330,3559,8,17,True,Acute COPD exacerbation / infection,8.108377456665039,0.00858866237103939,0.41270431876182556,0.4953923523426056,0.08331455290317535,0.83867341202923
9,0.813,3330,3559,8,18,True,Acute COPD exacerbation / infection,4.592679500579834,0.005679906811565161,0.05994658172130585,0.6618045568466187,0.2725689709186554,0.9336706014614953
9,0.813,3330,3559,8,19,True,Acute COPD exacerbation / infection,5.928483963012695,0.013679327443242073,0.129216268658638,0.375448077917099,0.4816562533378601,0.9406970207982013
9,0.813,3330,3559,8,20,True,Acute COPD exacerbation / infection,4.955847263336182,0.051107678562402725,0.21808040142059326,0.42007285356521606,0.31073907017707825,0.01011804384485666
9,0.813,3330,3559,8,21,True,Acute COPD exacerbation / infection,5.824672222137451,0.007247843313962221,0.11488325893878937,0.45662710070610046,0.4212417006492615,0.664699269252389
9,0.813,3330,3559,8,22,True,Acute COPD exacerbation / infection,5.621838092803955,0.0637889951467514,0.4667355418205261,0.3979838192462921,0.07149163633584976,0.01011804384485666
9,0.813,3330,3559,8,23,True,Acute COPD exacerbation / infection,5.052066326141357,0.0301502775400877,0.13366377353668213,0.6248369812965393,0.2113490104675293,0.9342327150084317
9,0.813,3330,3559,8,24,True,Acute COPD exacerbation / infection,4.583988189697266,0.019063245505094528,0.2187185138463974,0.4395691454410553,0.32264918088912964,1.0
9,0.813,3330,3559,8,25,True,Acute COPD exacerbation / infection,3.7826335430145264,0.012280343100428581,0.14119145274162292,0.2938498854637146,0.5526782274246216,0.9985947161326588
9,0.813,3330,3559,8,26,True,Acute COPD exacerbation / infection,4.42878532409668,0.05193376913666725,0.32564324140548706,0.44426771998405457,0.17815521359443665,0.01011804384485666
9,0.813,3330,3559,8,27,True,Acute COPD exacerbation / infection,8.14738941192627,0.010143987834453583,0.4550750255584717,0.46657153964042664,0.06820948421955109,0.0
9,0.813,3330,3559,8,28,True,Acute COPD exacerbation / infection,3.6283774375915527,0.005422297399491072,0.0257224403321743,0.10477598011493683,0.8640792965888977,0.9865092748735245
9,0.813,3330,3559,8,29,True,Acute COPD exacerbation / infection,5.061061859130859,0.04604899510741234,0.24370761215686798,0.1913602203130722,0.5188831686973572,0.9985947161326588
9,0.813,3330,3559,8,30,True,Acute COPD exacerbation / infection,8.143960952758789,0.009186940267682076,0.4641668498516083,0.4609659016132355,0.06568038463592529,0.1759415401911186
9,0.813,3330,3559,8,31,True,Acute COPD exacerbation / infection,5.4968342781066895,0.09687556326389313,0.5451158285140991,0.30536535382270813,0.05264315754175186,0.01011804384485666
9,0.813,3330,3559,16,0,True,Acute COPD exacerbation / infection,3.450399875640869,0.0002974173694383353,0.015190402045845985,0.07020419090986252,0.9143080711364746,0.9921304103428893
9,0.813,3330,3559,16,1,True,Acute COPD exacerbation / infection,4.31717586517334,0.0002865336136892438,0.045600175857543945,0.08008535206317902,0.8740278482437134,0.9915682967959528
9,0.813,3330,3559,16,2,True,Acute COPD exacerbation / infection,4.379859924316406,0.0026881094090640545,0.07570859044790268,0.11527024209499359,0.8063329458236694,0.9949409780775716
9,0.813,3330,3559,16,3,True,Acute COPD exacerbation / infection,3.7206993103027344,0.029654966667294502,0.24715834856033325,0.19759616255760193,0.5255904197692871,0.9994378864530635
9,0.813,3330,3559,16,4,True,Acute COPD exacerbation / infection,3.665130853652954,0.00263544381596148,0.03859923779964447,0.06635074317455292,0.8924144506454468,0.9955030916245081
9,0.813,3330,3559,16,5,True,Acute COPD exacerbation / infection,4.8314971923828125,0.006529211066663265,0.16777028143405914,0.3815666735172272,0.4441339075565338,0.9952220348510399
9,0.813,3330,3559,16,6,True,Acute COPD exacerbation / infection,5.233580589294434,0.0037468119990080595,0.10486406087875366,0.2681935727596283,0.6231955885887146,0.9898819561551433
9,0.813,3330,3559,16,7,True,Acute COPD exacerbation / infection,6.299776077270508,0.14320211112499237,0.30085882544517517,0.44025737047195435,0.1156817227602005,0.0
9,0.813,3330,3559,16,8,True,Acute COPD exacerbation / infection,5.330778121948242,0.0031040385365486145,0.09036076813936234,0.2087995707988739,0.697735607624054,0.9898819561551433
9,0.813,3330,3559,16,9,True,Acute COPD exacerbation / infection,3.905316114425659,0.014860691502690315,0.31533801555633545,0.5236889123916626,0.14611227810382843,0.49971894322653176
9,0.813,3330,3559,16,10,True,Acute COPD exacerbation / infection,4.377750396728516,0.07749458402395248,0.42892107367515564,0.4315979778766632,0.06198641657829285,0.1897133220910624
9,0.813,3330,3559,16,11,True,Acute COPD exacerbation / infection,4.251429557800293,0.006843213923275471,0.19105470180511475,0.4027436077594757,0.39935848116874695,1.0
9,0.813,3330,3559,16,12,True,Acute COPD exacerbation / infection,4.633896827697754,0.0007862893398851156,0.11737710237503052,0.22235308587551117,0.6594834923744202,0.9896008993816751
9,0.813,3330,3559,16,13,True,Acute COPD exacerbation / infection,4.449574947357178,0.002959256060421467,0.21359460055828094,0.6625532507896423,0.1208929568529129,0.49971894322653176
9,0.813,3330,3559,16,14,True,Acute COPD exacerbation / infection,4.3989033699035645,0.03877167031168938,0.39192405343055725,0.47367316484451294,0.0956311747431755,0.49971894322653176
9,0.813,3330,3559,16,15,True,Acute COPD exacerbation / infection,7.858346462249756,0.02542821690440178,0.3958964943885803,0.47098541259765625,0.10768987238407135,0.0005621135469364812
9,0.813,3330,3559,16,16,True,Acute COPD exacerbation / infection,5.099050521850586,0.001359588815830648,0.06984744220972061,0.16748809814453125,0.7613048553466797,0.9952220348510399
9,0.813,3330,3559,16,17,True,Acute COPD exacerbation / infection,4.305420398712158,0.001088775577954948,0.058691591024398804,0.10670632123947144,0.8335133194923401,0.9952220348510399
9,0.813,3330,3559,16,18,True,Acute COPD exacerbation / infection,5.1981329917907715,0.031095260754227638,0.24345016479492188,0.45665690302848816,0.26879769563674927,0.664699269252389
9,0.813,3330,3559,16,19,True,Acute COPD exacerbation / infection,5.04863166809082,0.00549909844994545,0.17097415030002594,0.4801788926124573,0.34334784746170044,0.49971894322653176
9,0.813,3330,3559,16,20,True,Acute COPD exacerbation / infection,3.915908098220825,0.08073632419109344,0.4161270558834076,0.3483634889125824,0.15477316081523895,0.1897133220910624
9,0.813,3330,3559,16,21,True,Acute COPD exacerbation / infection,4.918937683105469,0.00748255243524909,0.12706950306892395,0.534059464931488,0.3313884735107422,0.664699269252389
9,0.813,3330,3559,16,22,True,Acute COPD exacerbation / infection,2.8349456787109375,0.00014575247769244015,0.013069159351289272,0.027950624004006386,0.9588342905044556,0.9955030916245081
9,0.813,3330,3559,16,23,True,Acute COPD exacerbation / infection,3.97286057472229,0.004169285297393799,0.1993909776210785,0.39632847905158997,0.40011119842529297,1.0
9,0.813,3330,3559,16,24,True,Acute COPD exacerbation / infection,3.9113364219665527,0.0005659058806486428,0.02926284447312355,0.10328160971403122,0.8668895959854126,0.9963462619449128
9,0.813,3330,3559,16,25,True,Acute COPD exacerbation / infection,4.628974437713623,0.003204641630873084,0.05583423376083374,0.08068260550498962,0.8602784872055054,0.9960652051714446
9,0.813,3330,3559,16,26,True,Acute COPD exacerbation / infection,5.304551124572754,0.0015175348380580544,0.09616726636886597,0.19303490221500397,0.7092803120613098,0.9949409780775716
9,0.813,3330,3559,16,27,True,Acute COPD exacerbation / infection,5.853743553161621,0.007908354513347149,0.14707107841968536,0.3068959414958954,0.5381245613098145,1.0
9,0.813,3330,3559,16,28,True,Acute COPD exacerbation / infection,5.019321441650391,0.011616629548370838,0.34148794412612915,0.552575945854187,0.09431947022676468,0.664699269252389
9,0.813,3330,3559,16,29,True,Acute COPD exacerbation / infection,4.919975280761719,0.1640326976776123,0.4126352071762085,0.3481203317642212,0.07521167397499084,0.0005621135469364812
9,0.813,3330,3559,16,30,True,Acute COPD exacerbation / infection,4.458484172821045,0.005827748216688633,0.09927237778902054,0.2402830868959427,0.6546168327331543,0.9963462619449128
9,0.813,3330,3559,16,31,True,Acute COPD exacerbation / infection,4.201817512512207,0.0002486996818333864,0.033323220908641815,0.06422220915555954,0.9022058248519897,0.9949409780775716
9,0.813,3330,3559,24,0,True,Acute COPD exacerbation / infection,3.6495120525360107,0.03825027495622635,0.39067378640174866,0.4912361204624176,0.07983975112438202,0.5019673974142776
9,0.813,3330,3559,24,1,True,Acute COPD exacerbation / infection,3.964909076690674,0.04155833274126053,0.3362826406955719,0.512190580368042,0.10996852070093155,0.5019673974142776
9,0.813,3330,3559,24,2,True,Acute COPD exacerbation / infection,4.710366725921631,0.017725875601172447,0.2406402975320816,0.5255899429321289,0.21604396402835846,0.9935356942102305
9,0.813,3330,3559,24,3,True,Acute COPD exacerbation / infection,4.811409950256348,0.01869313418865204,0.24025601148605347,0.4061362147331238,0.3349147439002991,0.9879145587408656
9,0.813,3330,3559,24,4,True,Acute COPD exacerbation / infection,3.961916923522949,0.00900799036026001,0.3215772807598114,0.5848820209503174,0.0845327079296112,0.49971894322653176
9,0.813,3330,3559,24,5,True,Acute COPD exacerbation / infection,4.580440521240234,0.011110532097518444,0.3174465000629425,0.5563808083534241,0.11506205797195435,0.49971894322653176
9,0.813,3330,3559,24,6,True,Acute COPD exacerbation / infection,4.979192733764648,0.0073699369095265865,0.28844791650772095,0.5985387563705444,0.10564329475164413,0.664699269252389
9,0.813,3330,3559,24,7,True,Acute COPD exacerbation / infection,4.470882415771484,0.06788911670446396,0.38329851627349854,0.4514327347278595,0.0973796620965004,0.664699269252389
9,0.813,3330,3559,24,8,True,Acute COPD exacerbation / infection,3.633080244064331,0.009731097146868706,0.2855573296546936,0.6146986484527588,0.09001295268535614,0.49971894322653176
9,0.813,3330,3559,24,9,True,Acute COPD exacerbation / infection,3.7541184425354004,0.0020779522601515055,0.15438653528690338,0.7433359026908875,0.1001996099948883,0.664699269252389
9,0.813,3330,3559,24,10,True,Acute COPD exacerbation / infection,5.136410713195801,0.02346334420144558,0.38174381852149963,0.3891611397266388,0.20563168823719025,0.49971894322653176
9,0.813,3330,3559,24,11,True,Acute COPD exacerbation / infection,4.073214530944824,0.009034167043864727,0.2751188576221466,0.6146183609962463,0.10122866183519363,0.49971894322653176
9,0.813,3330,3559,24,12,True,Acute COPD exacerbation / infection,3.545732021331787,0.0038725854828953743,0.31709781289100647,0.6070300936698914,0.07199947535991669,0.49971894322653176
9,0.813,3330,3559,24,13,True,Acute COPD exacerbation / infection,4.1132330894470215,0.008367028087377548,0.3118435740470886,0.5842096209526062,0.0955798327922821,0.49971894322653176
9,0.813,3330,3559,24,14,True,Acute COPD exacerbation / infection,3.6323108673095703,0.004750113468617201,0.22044329345226288,0.7060635089874268,0.06874317675828934,0.664699269252389
9,0.813,3330,3559,24,15,True,Acute COPD exacerbation / infection,5.204128265380859,0.00355657865293324,0.24059337377548218,0.6229619979858398,0.1328880786895752,0.664699269252389
9,0.813,3330,3559,24,16,True,Acute COPD exacerbation / infection,4.601091384887695,0.014093929901719093,0.35009512305259705,0.548194944858551,0.08761606365442276,0.664699269252389
9,0.813,3330,3559,24,17,True,Acute COPD exacerbation / infection,4.3026347160339355,0.00848283339291811,0.20163217186927795,0.33296340703964233,0.45692166686058044,0.9935356942102305
9,0.813,3330,3559,24,18,True,Acute COPD exacerbation / infection,4.205544471740723,0.02124130167067051,0.348174124956131,0.5329333543777466,0.09765132516622543,0.49971894322653176
9,0.813,3330,3559,24,19,True,Acute COPD exacerbation / infection,4.498648643493652,0.005070973187685013,0.16719819605350494,0.47405439615249634,0.3536762595176697,0.6663856098931984
9,0.813,3330,3559,24,20,True,Acute COPD exacerbation / infection,3.867682456970215,0.08007276803255081,0.4760652780532837,0.3850596249103546,0.05880233272910118,0.1897133220910624
9,0.813,3330,3559,24,21,True,Acute COPD exacerbation / infection,3.9114270210266113,0.555849015712738,0.18689954280853271,0.2072398066520691,0.050011489540338516,0.0005621135469364812
9,0.813,3330,3559,24,22,True,Acute COPD exacerbation / infection,5.976275444030762,0.01669485680758953,0.21525946259498596,0.5325552821159363,0.2354903221130371,0.9339516582349635
9,0.813,3330,3559,24,23,True,Acute COPD exacerbation / infection,1.1655453443527222,0.0006235901382751763,0.027339937165379524,0.06094106286764145,0.911095380783081,0.9935356942102305
9,0.813,3330,3559,24,24,True,Acute COPD exacerbation / infection,4.644573211669922,0.014783641323447227,0.21711643040180206,0.25308728218078613,0.5150126218795776,0.9901630129286115
9,0.813,3330,3559,24,25,True,Acute COPD exacerbation / infection,3.826794147491455,0.0037522974889725447,0.19586020708084106,0.7061635255813599,0.09422392398118973,0.664699269252389
9,0.813,3330,3559,24,26,True,Acute COPD exacerbation / infection,4.204594135284424,0.0058522592298686504,0.2571219205856323,0.650398850440979,0.08662700653076172,0.664699269252389
9,0.813,3330,3559,24,27,True,Acute COPD exacerbation / infection,3.877723455429077,0.017282597720623016,0.34627383947372437,0.5585153102874756,0.07792821526527405,0.49971894322653176
9,0.813,3330,3559,24,28,True,Acute COPD exacerbation / infection,3.4943864345550537,0.05368812754750252,0.3397790491580963,0.5287195444107056,0.07781314104795456,0.49971894322653176
9,0.813,3330,3559,24,29,True,Acute COPD exacerbation / infection,4.027495861053467,0.01994345150887966,0.3417053818702698,0.5407590270042419,0.09759208559989929,0.769814502529511
9,0.813,3330,3559,24,30,True,Acute COPD exacerbation / infection,4.195624351501465,0.04351791739463806,0.40563756227493286,0.45235562324523926,0.09848891198635101,0.49971894322653176
9,0.813,3330,3559,24,31,True,Acute COPD exacerbation / infection,3.694044828414917,0.09366954863071442,0.42919525504112244,0.3607092499732971,0.11642596870660782,0.1897133220910624
9,0.813,3330,3559,31,0,True,Acute COPD exacerbation / infection,1.3570150136947632,0.0001661554560996592,0.017078189179301262,0.06986221671104431,0.9128933548927307,1.0
9,0.813,3330,3559,31,1,True,Acute COPD exacerbation / infection,4.81878662109375,0.009641352109611034,0.31582969427108765,0.47885212302207947,0.19567689299583435,0.49971894322653176
9,0.813,3330,3559,31,2,True,Acute COPD exacerbation / infection,3.8748836517333984,0.0030850509647279978,0.26219671964645386,0.656607449054718,0.07811079919338226,0.664699269252389
9,0.813,3330,3559,31,3,True,Acute COPD exacerbation / infection,4.4056596755981445,0.06175263971090317,0.4690999388694763,0.40317997336387634,0.06596745550632477,0.27543563799887577
9,0.813,3330,3559,31,4,True,Acute COPD exacerbation / infection,3.884072780609131,0.0064958916045725346,0.24762022495269775,0.6377717852592468,0.10811207443475723,0.9328274311410905
9,0.813,3330,3559,31,5,True,Acute COPD exacerbation / infection,4.273952960968018,0.03821820765733719,0.23679828643798828,0.2859959602355957,0.4389875829219818,1.0
9,0.813,3330,3559,31,6,True,Acute COPD exacerbation / infection,3.993307590484619,0.19082011282444,0.18254514038562775,0.5009918212890625,0.12564291059970856,0.0
9,0.813,3330,3559,31,7,True,Acute COPD exacerbation / infection,4.3386430740356445,0.019333546981215477,0.3421294093132019,0.5375497937202454,0.10098724812269211,0.49971894322653176
9,0.813,3330,3559,31,8,True,Acute COPD exacerbation / infection,3.9859120845794678,0.08554234355688095,0.40787214040756226,0.4221796691417694,0.08440586179494858,0.05845980888139404
9,0.813,3330,3559,31,9,True,Acute COPD exacerbation / infection,3.837372303009033,0.009191823191940784,0.13031190633773804,0.21816422045230865,0.6423318982124329,1.0
9,0.813,3330,3559,31,10,True,Acute COPD exacerbation / infection,4.7361931800842285,0.0030087404884397984,0.22595497965812683,0.5657349824905396,0.20530128479003906,0.664699269252389
9,0.813,3330,3559,31,11,True,Acute COPD exacerbation / infection,4.220871448516846,0.022772936150431633,0.38247179985046387,0.46899813413619995,0.1257571280002594,0.49971894322653176
9,0.813,3330,3559,31,12,True,Acute COPD exacerbation / infection,3.4008820056915283,0.00033303143572993577,0.06968472898006439,0.8413479924201965,0.08863422274589539,0.664699269252389
9,0.813,3330,3559,31,13,True,Acute COPD exacerbation / infection,4.167563438415527,0.0012469209032133222,0.09215164184570312,0.7840041518211365,0.12259729206562042,0.6663856098931984
9,0.813,3330,3559,31,14,True,Acute COPD exacerbation / infection,3.7041287422180176,0.0006159282056614757,0.10260198265314102,0.7661483287811279,0.13063368201255798,0.664699269252389
9,0.813,3330,3559,31,15,True,Acute COPD exacerbation / infection,4.024368762969971,0.0022772036027163267,0.23178130388259888,0.5455806255340576,0.22036081552505493,0.49971894322653176
9,0.813,3330,3559,31,16,True,Acute COPD exacerbation / infection,5.206056594848633,0.04818848893046379,0.3256509006023407,0.40805783867836,0.21810276806354523,0.664699269252389
9,0.813,3330,3559,31,17,True,Acute COPD exacerbation / infection,5.45141077041626,0.009623386897146702,0.1602422446012497,0.30688798427581787,0.5232464075088501,1.0
9,0.813,3330,3559,31,18,True,Acute COPD exacerbation / infection,3.9281563758850098,0.000837709114421159,0.13297173380851746,0.7515669465065002,0.11462370306253433,0.664699269252389
9,0.813,3330,3559,31,19,True,Acute COPD exacerbation / infection,3.9161877632141113,0.008048616349697113,0.32298582792282104,0.5880560874938965,0.08090940862894058,0.49971894322653176
9,0.813,3330,3559,31,20,True,Acute COPD exacerbation / infection,4.18976354598999,0.03940961882472038,0.3397950232028961,0.45947176218032837,0.1613234579563141,0.49971894322653176
9,0.813,3330,3559,31,21,True,Acute COPD exacerbation / infection,4.6656904220581055,0.029583971947431564,0.3650316596031189,0.4614222049713135,0.14396218955516815,0.49971894322653176
9,0.813,3330,3559,31,22,True,Acute COPD exacerbation / infection,3.8863351345062256,0.01473089400678873,0.3211444318294525,0.5943424701690674,0.06978226453065872,0.49971894322653176
9,0.813,3330,3559,31,23,True,Acute COPD exacerbation / infection,4.055974006652832,0.0029262749012559652,0.21107597649097443,0.6931858062744141,0.0928119346499443,0.664699269252389
9,0.813,3330,3559,31,24,True,Acute COPD exacerbation / infection,3.845144271850586,0.0435279980301857,0.41177067160606384,0.4916861355304718,0.05301508679986,0.49971894322653176
9,0.813,3330,3559,31,25,True,Acute COPD exacerbation / infection,0.04149334505200386,2.8457587177399546e-05,0.0011514429934322834,0.0010435484582558274,0.9977765679359436,1.0
9,0.813,3330,3559,31,26,True,Acute COPD exacerbation / infection,4.0955915451049805,0.0042186579667031765,0.23345786333084106,0.6633161902427673,0.09900731593370438,0.664699269252389
9,0.813,3330,3559,31,27,True,Acute COPD exacerbation / infection,5.300057411193848,0.03784111514687538,0.43848738074302673,0.4161820411682129,0.10748946666717529,0.49971894322653176
9,0.813,3330,3559,31,28,True,Acute COPD exacerbation / infection,3.816234588623047,0.027423426508903503,0.3593427240848541,0.5459122657775879,0.06732149422168732,0.49971894322653176
9,0.813,3330,3559,31,29,True,Acute COPD exacerbation / infection,3.9356601238250732,0.0035344555508345366,0.22463516891002655,0.6869814395904541,0.08484888076782227,0.664699269252389
9,0.813,3330,3559,31,30,True,Acute COPD exacerbation / infection,4.137573719024658,0.009823828004300594,0.25033578276634216,0.6471371054649353,0.09270326793193817,0.664699269252389
9,0.813,3330,3559,31,31,True,Acute COPD exacerbation / infection,4.09841775894165,0.016382016241550446,0.34979361295700073,0.5029793381690979,0.13084502518177032,0.664699269252389
10,0.8706,3566,3858,0,0,True,Localized edema,8.257366180419922,0.007460021413862705,0.4574368894100189,0.4579879641532898,0.0771150141954422,0.6849883329012185
10,0.8706,3566,3858,0,1,True,Localized edema,2.076855182647705,9.539230813970789e-05,0.0010209340834990144,0.021086374297738075,0.977797269821167,0.9997407311381903
10,0.8706,3566,3858,0,2,True,Localized edema,6.584475517272949,0.005969843827188015,0.13844318687915802,0.5429158806800842,0.31267109513282776,0.985480943738657
10,0.8706,3566,3858,0,3,True,Localized edema,7.199441909790039,0.005382949486374855,0.21892139315605164,0.5849477052688599,0.19074800610542297,0.956442831215971
10,0.8706,3566,3858,0,4,True,Localized edema,4.35353946685791,0.004947974346578121,0.0847427174448967,0.014870554208755493,0.8954387903213501,0.9989629245527613
10,0.8706,3566,3858,0,5,True,Localized edema,5.736602306365967,0.0008047777228057384,0.06822795420885086,0.15275928378105164,0.7782078981399536,0.9888514389421831
10,0.8706,3566,3858,0,6,True,Localized edema,8.257512092590332,0.007479901425540447,0.4576908349990845,0.45783084630966187,0.07699845731258392,0.6554316826549131
10,0.8706,3566,3858,0,7,True,Localized edema,7.5417656898498535,0.009743592701852322,0.24635964632034302,0.47417140007019043,0.26972535252571106,0.9528130671506352
10,0.8706,3566,3858,0,8,True,Localized edema,5.773561477661133,0.016741856932640076,0.42944246530532837,0.4723621904850006,0.08145345002412796,0.357272491573762
10,0.8706,3566,3858,0,9,True,Localized edema,4.472217559814453,0.0013834366109222174,0.035672932863235474,0.02667485550045967,0.9362687468528748,0.9981851179673321
10,0.8706,3566,3858,0,10,True,Localized edema,7.7961273193359375,0.020729104056954384,0.6167372465133667,0.3092607259750366,0.053272880613803864,0.015815400570391495
10,0.8706,3566,3858,0,11,True,Localized edema,5.60170316696167,0.02013506554067135,0.42654305696487427,0.47012218832969666,0.08319972455501556,0.5911330049261084
10,0.8706,3566,3858,0,12,True,Localized edema,8.257890701293945,0.0075249564833939075,0.4577479064464569,0.4577706456184387,0.07695651799440384,0.5001296344309049
10,0.8706,3566,3858,0,13,True,Localized edema,3.232860565185547,0.0011431205784901977,0.01644381321966648,0.02386537566781044,0.9585477709770203,0.9981851179673321
10,0.8706,3566,3858,0,14,True,Localized edema,5.223330020904541,0.0011221093591302633,0.016027726233005524,0.3351975381374359,0.6476526260375977,0.9688877365828364
10,0.8706,3566,3858,0,15,True,Localized edema,2.6477303504943848,0.000779766240157187,0.04485291242599487,0.04544874280691147,0.908918559551239,0.9987036556909515
10,0.8706,3566,3858,0,16,True,Localized edema,6.865656852722168,0.012569188140332699,0.45922765135765076,0.42581599950790405,0.10238716006278992,0.985480943738657
10,0.8706,3566,3858,0,17,True,Localized edema,6.147045612335205,0.016204437240958214,0.4277326762676239,0.47566449642181396,0.08039844036102295,0.7425460202229712
10,0.8706,3566,3858,0,18,True,Localized edema,6.394400119781494,0.01747192069888115,0.42658042907714844,0.47272932529449463,0.08321838080883026,0.6842105263157895
10,0.8706,3566,3858,0,19,True,Localized edema,8.233625411987305,0.007373950444161892,0.45622381567955017,0.45945340394973755,0.07694876939058304,0.6818771065595022
10,0.8706,3566,3858,0,20,True,Localized edema,8.200095176696777,0.007310099899768829,0.45761123299598694,0.4585784077644348,0.07650021463632584,0.43738656987295826
10,0.8706,3566,3858,0,21,True,Localized edema,4.912936687469482,0.0028475355356931686,0.03880345821380615,0.1699625551700592,0.7883865237236023,0.9984443868291418
10,0.8706,3566,3858,0,22,True,Localized edema,8.230340957641602,0.007121372502297163,0.45484018325805664,0.46167829632759094,0.07636022567749023,0.7557687321752657
10,0.8706,3566,3858,0,23,True,Localized edema,8.23209285736084,0.008849953301250935,0.4444921612739563,0.45076876878738403,0.0958891212940216,0.9981851179673321
10,0.8706,3566,3858,0,24,True,Localized edema,4.269225597381592,0.0022976016625761986,0.007278691977262497,0.09224097430706024,0.8981828093528748,0.9989629245527613
10,0.8706,3566,3858,0,25,True,Localized edema,8.2578763961792,0.0075293309055268764,0.4577537178993225,0.45771029591560364,0.07700669020414352,0.36686543946072075
10,0.8706,3566,3858,0,26,True,Localized edema,8.029972076416016,0.0063879359513521194,0.36649811267852783,0.40864384174346924,0.21847017109394073,0.9981851179673321
10,0.8706,3566,3858,0,27,True,Localized edema,7.4155778884887695,0.004875138867646456,0.2183389663696289,0.6201832294464111,0.1566026210784912,0.9494425719471091
10,0.8706,3566,3858,0,28,True,Localized edema,6.660000801086426,0.023686189204454422,0.18344666063785553,0.23223929107189178,0.560627818107605,0.9917033964220897
10,0.8706,3566,3858,0,29,True,Localized edema,8.103839874267578,0.007285750936716795,0.4371807873249054,0.4732199013233185,0.0823136642575264,0.6411718952553799
10,0.8706,3566,3858,0,30,True,Localized edema,6.284709930419922,0.0018597010057419538,0.09095537662506104,0.7332095503807068,0.1739753782749176,0.9229971480425201
10,0.8706,3566,3858,0,31,True,Localized edema,3.054734468460083,0.00645110011100769,0.025556188076734543,0.03702670335769653,0.9309660792350769,0.9981851179673321
10,0.8706,3566,3858,8,0,True,Localized edema,5.858098030090332,0.024945827201008797,0.2324254959821701,0.4951028823852539,0.2475258708000183,0.00933367902514908
10,0.8706,3566,3858,8,1,True,Localized edema,5.442212104797363,0.03203224018216133,0.30385273694992065,0.4238565266132355,0.24025849997997284,0.6139486647653617
10,0.8706,3566,3858,8,2,True,Localized edema,3.2584447860717773,0.03443184494972229,0.12721721827983856,0.16782936453819275,0.6705215573310852,1.0
10,0.8706,3566,3858,8,3,True,Localized edema,4.291053295135498,0.03869962319731712,0.2327757030725479,0.2036515325307846,0.5248730778694153,0.9987036556909515
10,0.8706,3566,3858,8,4,True,Localized edema,2.50760555267334,0.00579783646389842,0.0632089376449585,0.8662247061729431,0.06476857513189316,0.9224786103189007
10,0.8706,3566,3858,8,5,True,Localized edema,6.084087371826172,0.06310389935970306,0.4391537308692932,0.4086311459541321,0.08911124616861343,0.00933367902514908
10,0.8706,3566,3858,8,6,True,Localized edema,5.653353691101074,0.0077964914962649345,0.1870870143175125,0.6658505797386169,0.13926595449447632,0.9224786103189007
10,0.8706,3566,3858,8,7,True,Localized edema,3.9420487880706787,0.06100471690297127,0.5251435041427612,0.32194530963897705,0.09190641343593597,0.00933367902514908
10,0.8706,3566,3858,8,8,True,Localized edema,5.213554382324219,0.005621722433716059,0.050196461379528046,0.534943163394928,0.40923869609832764,0.9987036556909515
10,0.8706,3566,3858,8,9,True,Localized edema,7.4643964767456055,0.015026002191007137,0.3635143041610718,0.49808427691459656,0.12337540835142136,0.9997407311381903
10,0.8706,3566,3858,8,10,True,Localized edema,6.7423624992370605,0.01014618668705225,0.1815682351589203,0.5276148915290833,0.280670702457428,0.9229971480425201
10,0.8706,3566,3858,8,11,True,Localized edema,4.237658977508545,0.04326517879962921,0.2324458360671997,0.3005073368549347,0.4237816333770752,0.9987036556909515
10,0.8706,3566,3858,8,12,True,Localized edema,4.582057476043701,0.004858345724642277,0.22423788905143738,0.32426580786705017,0.44663798809051514,0.9984443868291418
10,0.8706,3566,3858,8,13,True,Localized edema,5.329594612121582,0.004323119297623634,0.0873434841632843,0.3922412395477295,0.5160921216011047,0.9981851179673321
10,0.8706,3566,3858,8,14,True,Localized edema,4.724026203155518,0.13473665714263916,0.5551664233207703,0.2735879123210907,0.0365089513361454,0.00933367902514908
10,0.8706,3566,3858,8,15,True,Localized edema,3.295128345489502,0.0209064781665802,0.1299988329410553,0.04855053126811981,0.800544023513794,0.9984443868291418
10,0.8706,3566,3858,8,16,True,Localized edema,5.114020824432373,0.025332052260637283,0.231751948595047,0.3976961374282837,0.34521985054016113,0.9245527612133783
10,0.8706,3566,3858,8,17,True,Localized edema,8.184473991394043,0.009953781962394714,0.4259553849697113,0.47076311707496643,0.09332772344350815,0.8327715841327457
10,0.8706,3566,3858,8,18,True,Localized edema,5.035475730895996,0.009144432842731476,0.0771472156047821,0.6440981030464172,0.26961031556129456,0.9224786103189007
10,0.8706,3566,3858,8,19,True,Localized edema,6.118729114532471,0.009211541153490543,0.14639122784137726,0.4112797975540161,0.43311747908592224,0.9250712989369977
10,0.8706,3566,3858,8,20,True,Localized edema,5.0978264808654785,0.04423394054174423,0.2349436730146408,0.42006540298461914,0.3007570803165436,0.6131708581799326
10,0.8706,3566,3858,8,21,True,Localized edema,6.088476657867432,0.008562609553337097,0.15299955010414124,0.38190650939941406,0.456531286239624,0.7101374124967591
10,0.8706,3566,3858,8,22,True,Localized edema,5.706076622009277,0.061666518449783325,0.4990141987800598,0.36692917346954346,0.07239014655351639,0.00933367902514908
10,0.8706,3566,3858,8,23,True,Localized edema,5.1165032386779785,0.025658616796135902,0.147483691573143,0.6054021120071411,0.2214556336402893,0.7101374124967591
10,0.8706,3566,3858,8,24,True,Localized edema,4.796538352966309,0.012524395249783993,0.2456197589635849,0.38116106390953064,0.36069464683532715,1.0
10,0.8706,3566,3858,8,25,True,Localized edema,3.8384621143341064,0.014237545430660248,0.16746212542057037,0.2578319311141968,0.5604683756828308,0.9987036556909515
10,0.8706,3566,3858,8,26,True,Localized edema,4.537986755371094,0.048471599817276,0.37483036518096924,0.4037393033504486,0.1729586273431778,0.6131708581799326
10,0.8706,3566,3858,8,27,True,Localized edema,8.218347549438477,0.009902337566018105,0.4474131464958191,0.4616958498954773,0.08098860085010529,0.0
10,0.8706,3566,3858,8,28,True,Localized edema,3.7046897411346436,0.004093616735190153,0.038223329931497574,0.09554408490657806,0.8621389865875244,0.9888514389421831
10,0.8706,3566,3858,8,29,True,Localized edema,5.385945796966553,0.03572113811969757,0.39427635073661804,0.10484576970338821,0.46515682339668274,0.00933367902514908
10,0.8706,3566,3858,8,30,True,Localized edema,8.226961135864258,0.007601500954478979,0.4600568413734436,0.45709240436553955,0.07524924725294113,0.024630541871921183
10,0.8706,3566,3858,8,31,True,Localized edema,5.810693264007568,0.0849219486117363,0.548496425151825,0.30087751150131226,0.06570418179035187,0.00933367902514908
10,0.8706,3566,3858,16,0,True,Localized edema,2.8673348426818848,0.00021718507923651487,0.020924601703882217,0.03733991086483002,0.941518247127533,0.9950738916256158
10,0.8706,3566,3858,16,1,True,Localized edema,3.5948004722595215,0.00031698474776931107,0.021706342697143555,0.03653674200177193,0.9414399266242981,0.9836660617059891
10,0.8706,3566,3858,16,2,True,Localized edema,4.732639789581299,0.0033969716168940067,0.1313798576593399,0.12932422757148743,0.7358989119529724,0.9792584910552242
10,0.8706,3566,3858,16,3,True,Localized edema,3.90922212600708,0.018324075266718864,0.3540940284729004,0.19625122845172882,0.4313306510448456,0.9994814622763806
10,0.8706,3566,3858,16,4,True,Localized edema,4.75638484954834,0.005563767626881599,0.0936545878648758,0.12496848404407501,0.7758130431175232,0.9896292455276121
10,0.8706,3566,3858,16,5,True,Localized edema,5.223607063293457,0.006836943794041872,0.2728787958621979,0.35413897037506104,0.3661453425884247,0.6131708581799326
10,0.8706,3566,3858,16,6,True,Localized edema,5.522035598754883,0.004674138035625219,0.21867716312408447,0.3368912935256958,0.43975746631622314,0.9966295047964739
10,0.8706,3566,3858,16,7,True,Localized edema,6.259077548980713,0.14852799475193024,0.28155753016471863,0.4253014326095581,0.14461307227611542,0.0
10,0.8706,3566,3858,16,8,True,Localized edema,5.261192321777344,0.004576425068080425,0.08238974213600159,0.11552596837282181,0.7975077629089355,0.9917033964220897
10,0.8706,3566,3858,16,9,True,Localized edema,4.011970043182373,0.011488408781588078,0.44230014085769653,0.43165895342826843,0.11455253511667252,0.46098003629764067
10,0.8706,3566,3858,16,10,True,Localized edema,4.3376593589782715,0.054367732256650925,0.5129609704017639,0.3848305344581604,0.04784085601568222,0.4630541871921182
10,0.8706,3566,3858,16,11,True,Localized edema,4.531964302062988,0.0076691461727023125,0.30396273732185364,0.3888229727745056,0.2995452582836151,0.6131708581799326
10,0.8706,3566,3858,16,12,True,Localized edema,5.1219258308410645,0.0032791702542454004,0.19983543455600739,0.3362831771373749,0.4606022834777832,0.9979258491055224
10,0.8706,3566,3858,16,13,True,Localized edema,5.017124652862549,0.004266390111297369,0.28318578004837036,0.5226408839225769,0.18990689516067505,0.6131708581799326
10,0.8706,3566,3858,16,14,True,Localized edema,4.432939052581787,0.02348293736577034,0.45563074946403503,0.4476063847541809,0.07327984273433685,0.46098003629764067
10,0.8706,3566,3858,16,15,True,Localized edema,7.898047924041748,0.02364497259259224,0.3817529082298279,0.48046594858169556,0.11413611471652985,0.0005185377236193933
10,0.8706,3566,3858,16,16,True,Localized edema,5.489709377288818,0.003417456755414605,0.10885254293680191,0.2186913639307022,0.6690386533737183,0.9888514389421831
10,0.8706,3566,3858,16,17,True,Localized edema,4.8039679527282715,0.0007591776666231453,0.1682564616203308,0.1135031059384346,0.717481255531311,0.9792584910552242
10,0.8706,3566,3858,16,18,True,Localized edema,5.524652481079102,0.029014810919761658,0.2879208028316498,0.41022250056266785,0.27284184098243713,0.6131708581799326
10,0.8706,3566,3858,16,19,True,Localized edema,5.229153156280518,0.00638944935053587,0.23422887921333313,0.44345539808273315,0.31592634320259094,0.6131708581799326
10,0.8706,3566,3858,16,20,True,Localized edema,3.922691583633423,0.05328952148556709,0.5154957175254822,0.28681039810180664,0.144404336810112,0.17500648172154523
10,0.8706,3566,3858,16,21,True,Localized edema,5.100069046020508,0.016213873401284218,0.15591716766357422,0.45837631821632385,0.3694925904273987,0.7101374124967591
10,0.8706,3566,3858,16,22,True,Localized edema,4.20517635345459,0.0003988532698713243,0.052926529198884964,0.07626467943191528,0.8704098463058472,0.9782214156079855
10,0.8706,3566,3858,16,23,True,Localized edema,4.03540563583374,0.0035389543045312166,0.316832035779953,0.4198850691318512,0.2597440183162689,1.0
10,0.8706,3566,3858,16,24,True,Localized edema,4.61704158782959,0.0012561269104480743,0.08358035236597061,0.2739318907260895,0.6412315368652344,0.9896292455276121
10,0.8706,3566,3858,16,25,True,Localized edema,5.253910064697266,0.010435172356665134,0.1305631697177887,0.1778193861246109,0.6811823844909668,0.9792584910552242
10,0.8706,3566,3858,16,26,True,Localized edema,5.598714351654053,0.004971869755536318,0.154275044798851,0.20406410098075867,0.6366890072822571,0.9789992221934146
10,0.8706,3566,3858,16,27,True,Localized edema,6.03632926940918,0.003794432617723942,0.18239589035511017,0.23064841330051422,0.5831612348556519,1.0
10,0.8706,3566,3858,16,28,True,Localized edema,4.904969215393066,0.010472486726939678,0.39187392592430115,0.5104655623435974,0.0871879830956459,0.6131708581799326
10,0.8706,3566,3858,16,29,True,Localized edema,5.184942245483398,0.1304544061422348,0.47056931257247925,0.32783716917037964,0.07113918662071228,0.0005185377236193933
10,0.8706,3566,3858,16,30,True,Localized edema,4.6813483238220215,0.010411922819912434,0.19922275841236115,0.30683907866477966,0.48352620005607605,0.6131708581799326
10,0.8706,3566,3858,16,31,True,Localized edema,4.628411769866943,0.0004721439036075026,0.0619332492351532,0.09278593957424164,0.8448087573051453,0.9792584910552242
10,0.8706,3566,3858,24,0,True,Localized edema,3.6224379539489746,0.033564552664756775,0.4509309232234955,0.4611930847167969,0.05431145429611206,0.6152450090744102
10,0.8706,3566,3858,24,1,True,Localized edema,3.696949005126953,0.030161889269948006,0.43044349551200867,0.47550448775291443,0.06389017403125763,0.4630541871921182
10,0.8706,3566,3858,24,2,True,Localized edema,4.8411545753479,0.02170797623693943,0.3460863530635834,0.4685651659965515,0.16364046931266785,0.6131708581799326
10,0.8706,3566,3858,24,3,True,Localized edema,4.853086471557617,0.015319684520363808,0.31110653281211853,0.38524284958839417,0.28833088278770447,0.6131708581799326
10,0.8706,3566,3858,24,4,True,Localized edema,3.7678353786468506,0.006441166624426842,0.3763386011123657,0.554145336151123,0.06307486444711685,0.6131708581799326
10,0.8706,3566,3858,24,5,True,Localized edema,4.418644905090332,0.0059830560348927975,0.39969515800476074,0.5018572807312012,0.09246447682380676,0.46098003629764067
10,0.8706,3566,3858,24,6,True,Localized edema,4.847390651702881,0.005852579139173031,0.3387978672981262,0.5596465468406677,0.09570296108722687,0.6131708581799326
10,0.8706,3566,3858,24,7,True,Localized edema,4.342678070068359,0.060401659458875656,0.44530680775642395,0.40891972184181213,0.08537183701992035,0.6131708581799326
10,0.8706,3566,3858,24,8,True,Localized edema,3.7043895721435547,0.007456616964191198,0.3806420564651489,0.5492591261863708,0.06264220923185349,0.46098003629764067
10,0.8706,3566,3858,24,9,True,Localized edema,3.4160914421081543,0.0008952249772846699,0.17834140360355377,0.7390410304069519,0.08172228932380676,0.6131708581799326
10,0.8706,3566,3858,24,10,True,Localized edema,4.95142126083374,0.022439708933234215,0.44810235500335693,0.3148990571498871,0.2145589143037796,0.98288825512056
10,0.8706,3566,3858,24,11,True,Localized edema,3.843031406402588,0.005822172854095697,0.3214227259159088,0.5970076322555542,0.07574747502803802,0.6131708581799326
10,0.8706,3566,3858,24,12,True,Localized edema,3.478163480758667,0.0017003380926325917,0.3923187851905823,0.555990993976593,0.04998991638422012,0.6131708581799326
10,0.8706,3566,3858,24,13,True,Localized edema,4.061756610870361,0.005047981161624193,0.35445642471313477,0.5516763925552368,0.08881916105747223,0.6131708581799326
10,0.8706,3566,3858,24,14,True,Localized edema,3.4031293392181396,0.002543585142120719,0.29073935747146606,0.6614135503768921,0.045303504914045334,0.6131708581799326
10,0.8706,3566,3858,24,15,True,Localized edema,5.038941860198975,0.003311349079012871,0.31247463822364807,0.5638548731803894,0.12035920470952988,0.6131708581799326
10,0.8706,3566,3858,24,16,True,Localized edema,4.631134033203125,0.010678008198738098,0.43289297819137573,0.4583204984664917,0.09810861945152283,0.6131708581799326
10,0.8706,3566,3858,24,17,True,Localized edema,4.633699417114258,0.009963869117200375,0.23167558014392853,0.27618473768234253,0.4821757674217224,0.9919626652838994
10,0.8706,3566,3858,24,18,True,Localized edema,4.131819725036621,0.014299941249191761,0.43295201659202576,0.4777089059352875,0.07503914833068848,0.6131708581799326
10,0.8706,3566,3858,24,19,True,Localized edema,5.027301788330078,0.010065502487123013,0.19182045757770538,0.30427122116088867,0.4938427805900574,0.9950738916256158
10,0.8706,3566,3858,24,20,True,Localized edema,3.9744226932525635,0.06772346794605255,0.5360004901885986,0.3484630882740021,0.04781297594308853,0.17500648172154523
10,0.8706,3566,3858,24,21,True,Localized edema,3.7126429080963135,0.566565752029419,0.20533302426338196,0.1838800609111786,0.04422113671898842,0.0005185377236193933
10,0.8706,3566,3858,24,22,True,Localized edema,5.822286128997803,0.010019874200224876,0.2528531849384308,0.3994129002094269,0.33771398663520813,0.9901477832512315
10,0.8706,3566,3858,24,23,True,Localized edema,2.4970436096191406,0.007712279912084341,0.12512800097465515,0.12009969353675842,0.7470598816871643,0.9950738916256158
10,0.8706,3566,3858,24,24,True,Localized edema,1.5332167148590088,0.0048848907463252544,0.07676226645708084,0.08237364143133163,0.8359791040420532,0.9919626652838994
10,0.8706,3566,3858,24,25,True,Localized edema,3.9286344051361084,0.0034310431219637394,0.2572129964828491,0.6439257860183716,0.09543013572692871,0.6131708581799326
10,0.8706,3566,3858,24,26,True,Localized edema,4.162219524383545,0.0047101727686822414,0.3253152668476105,0.5969457626342773,0.0730288028717041,0.6131708581799326
10,0.8706,3566,3858,24,27,True,Localized edema,3.7812716960906982,0.012519299983978271,0.4031696319580078,0.5308220386505127,0.0534890741109848,0.6131708581799326
10,0.8706,3566,3858,24,28,True,Localized edema,3.254159688949585,0.022240109741687775,0.4462425410747528,0.4831395745277405,0.048377759754657745,0.4630541871921182
10,0.8706,3566,3858,24,29,True,Localized edema,3.8567051887512207,0.008991985581815243,0.412365585565567,0.5182028412818909,0.06043954938650131,0.7873995333160487
10,0.8706,3566,3858,24,30,True,Localized edema,4.164062976837158,0.029735170304775238,0.47097310423851013,0.4224195182323456,0.07687222957611084,0.46098003629764067
10,0.8706,3566,3858,24,31,True,Localized edema,3.603195905685425,0.08296369016170502,0.5281994938850403,0.32956209778785706,0.05927473306655884,0.17500648172154523
10,0.8706,3566,3858,31,0,True,Localized edema,1.0043563842773438,3.5510052839526907e-05,0.022097570821642876,0.05084037408232689,0.9270265698432922,1.0
10,0.8706,3566,3858,31,1,True,Localized edema,4.915182590484619,0.005419050808995962,0.3611268103122711,0.360930472612381,0.27252358198165894,0.46098003629764067
10,0.8706,3566,3858,31,2,True,Localized edema,4.134709358215332,0.0019443808123469353,0.35305893421173096,0.5646170377731323,0.08037971705198288,0.6131708581799326
10,0.8706,3566,3858,31,3,True,Localized edema,4.505343914031982,0.04479889199137688,0.5332537889480591,0.35315996408462524,0.06878742575645447,0.6147264713507907
10,0.8706,3566,3858,31,4,True,Localized edema,3.9650328159332275,0.004455810412764549,0.2827546298503876,0.5967316627502441,0.11605783551931381,0.8605133523463832
10,0.8706,3566,3858,31,5,True,Localized edema,3.863022565841675,0.018838923424482346,0.2527209222316742,0.20968137681484222,0.5187587738037109,1.0
10,0.8706,3566,3858,31,6,True,Localized edema,3.888493537902832,0.1716047078371048,0.16578078269958496,0.45580554008483887,0.20680905878543854,0.0
10,0.8706,3566,3858,31,7,True,Localized edema,4.429240703582764,0.015792161226272583,0.43478691577911377,0.4599664807319641,0.08945448696613312,0.6131708581799326
10,0.8706,3566,3858,31,8,True,Localized edema,4.058796405792236,0.08475831151008606,0.46266764402389526,0.3895142078399658,0.06305989623069763,0.6147264713507907
10,0.8706,3566,3858,31,9,True,Localized edema,2.8372957706451416,0.004125114995986223,0.1315239816904068,0.15321996808052063,0.7111309766769409,1.0
10,0.8706,3566,3858,31,10,True,Localized edema,4.814953804016113,0.0011356344912201166,0.2503432631492615,0.4386543035507202,0.3098667860031128,0.6131708581799326
10,0.8706,3566,3858,31,11,True,Localized edema,4.478348731994629,0.017134331166744232,0.43608328700065613,0.39036038517951965,0.15642191469669342,0.6131708581799326
10,0.8706,3566,3858,31,12,True,Localized edema,3.5403709411621094,0.0004258737026248127,0.1346096694469452,0.7756161689758301,0.08934825658798218,0.6131708581799326
10,0.8706,3566,3858,31,13,True,Localized edema,4.390963077545166,0.0018440007697790861,0.11714594066143036,0.7407175302505493,0.14029255509376526,0.7116930256676173
10,0.8706,3566,3858,31,14,True,Localized edema,3.823852062225342,0.0007047202088870108,0.14677578210830688,0.7069216370582581,0.1455978900194168,0.9992221934145709
10,0.8706,3566,3858,31,15,True,Localized edema,4.2942023277282715,0.0021273258607834578,0.3089379668235779,0.557013988494873,0.1319207102060318,0.6131708581799326
10,0.8706,3566,3858,31,16,True,Localized edema,5.694999694824219,0.03717588633298874,0.38021421432495117,0.33466535806655884,0.24794462323188782,0.6131708581799326
10,0.8706,3566,3858,31,17,True,Localized edema,5.619526386260986,0.006077193655073643,0.19100558757781982,0.2537976801395416,0.5491194128990173,1.0
10,0.8706,3566,3858,31,18,True,Localized edema,3.922335147857666,0.0006586139788851142,0.2239326536655426,0.6785101294517517,0.09689866006374359,0.6131708581799326
10,0.8706,3566,3858,31,19,True,Localized edema,4.037769794464111,0.004608856979757547,0.38431069254875183,0.5471396446228027,0.06394083797931671,0.6131708581799326
10,0.8706,3566,3858,31,20,True,Localized edema,4.365615367889404,0.03488439694046974,0.44608235359191895,0.36228129267692566,0.1567518711090088,0.46098003629764067
10,0.8706,3566,3858,31,21,True,Localized edema,5.010932922363281,0.023430947214365005,0.43074649572372437,0.3565494418144226,0.18927325308322906,0.46098003629764067
10,0.8706,3566,3858,31,22,True,Localized edema,4.069631576538086,0.009965450502932072,0.40551790595054626,0.5182823538780212,0.06623440235853195,0.6131708581799326
10,0.8706,3566,3858,31,23,True,Localized edema,3.9168214797973633,0.0019199575763195753,0.30517157912254333,0.6297641396522522,0.06314428895711899,0.6131708581799326
10,0.8706,3566,3858,31,24,True,Localized edema,3.952927350997925,0.03215740621089935,0.4988916218280792,0.4223076403141022,0.04664336144924164,0.6131708581799326
10,0.8706,3566,3858,31,25,True,Localized edema,0.05942457914352417,3.8379708712454885e-05,0.0016870386898517609,0.0013473063008859754,0.9969269633293152,1.0
10,0.8706,3566,3858,31,26,True,Localized edema,4.229351043701172,0.002579339314252138,0.28578415513038635,0.6280536651611328,0.08358287811279297,0.6131708581799326
10,0.8706,3566,3858,31,27,True,Localized edema,5.324384689331055,0.02576003596186638,0.4569978713989258,0.3584190905094147,0.15882301330566406,0.990666320974851
10,0.8706,3566,3858,31,28,True,Localized edema,3.938119888305664,0.02108459360897541,0.42285221815109253,0.497040718793869,0.05902246758341789,0.6131708581799326
10,0.8706,3566,3858,31,29,True,Localized edema,4.016432762145996,0.0023520593531429768,0.3067034184932709,0.6219057440757751,0.06903879344463348,0.6131708581799326
10,0.8706,3566,3858,31,30,True,Localized edema,4.000582218170166,0.00797587726265192,0.34566810727119446,0.5793099999427795,0.06704608350992203,0.6131708581799326
10,0.8706,3566,3858,31,31,True,Localized edema,4.148087501525879,0.00897311419248581,0.41135644912719727,0.5094219446182251,0.07024843990802765,0.6131708581799326
