{
  "probe_type": "mean_mass",
  "model_name": "gpt2",
  "layer": 8,
  "explicit_dataset_path": "/Users/michalmraz/code/spar-ai/temporal-awareness/data/raw/temporal_scope_AB_randomized/temporal_scope_explicit_expanded_500.json",
  "adversarial_run_id": "20260322-090107",
  "adversarial_example_count": 190,
  "n_pairs": 500,
  "n_samples": 1190,
  "n_base_samples": 1000,
  "train_size": 990,
  "train_size_base": 800,
  "test_size": 200,
  "train_accuracy": 0.7505050505050505,
  "test_accuracy": 0.84,
  "direction_norm": 22.622480392456055,
  "score_scale": 401.3591613769531,
  "random_state": 42,
  "device": "cpu",
  "created_at": "2026-03-22T16:38:27Z",
  "direction": [
    -0.6941314339637756,
    0.3542588949203491,
    -0.6136757135391235,
    0.14214688539505005,
    -0.2866315245628357,
    0.9950123429298401,
    0.21976375579833984,
    1.6015610694885254,
    0.803981363773346,
    -0.7065766453742981,
    -0.40057533979415894,
    0.8301209211349487,
    0.7435545921325684,
    0.19562125205993652,
    0.39699649810791016,
    -0.16965632140636444,
    -0.9782528877258301,
    0.5824754238128662,
    0.02864551544189453,
    -0.7518556118011475,
    -1.7599050998687744,
    0.7549868226051331,
    0.6218595504760742,
    0.6780494451522827,
    -0.8220477104187012,
    0.5517482757568359,
    -0.5623835921287537,
    0.42538273334503174,
    0.2336842119693756,
    0.4654158353805542,
    0.5445333123207092,
    -1.580695390701294,
    0.557525634765625,
    -0.8383190035820007,
    -1.0774598121643066,
    0.6031183004379272,
    -0.6340929269790649,
    1.0550131797790527,
    0.8201212882995605,
    -0.17629480361938477,
    -0.21913769841194153,
    1.0515183210372925,
    1.569566011428833,
    0.6588054895401001,
    0.3200950622558594,
    -0.3332328796386719,
    -0.6689748167991638,
    -1.0159143209457397,
    -0.618543267250061,
    -0.2504279911518097,
    -0.8200051784515381,
    0.7347941398620605,
    0.2271563708782196,
    0.987818717956543,
    -0.7555599212646484,
    0.3508185148239136,
    0.8421334028244019,
    1.3650789260864258,
    -1.3887248039245605,
    -0.9234309196472168,
    -0.2747318744659424,
    0.3031803369522095,
    0.4545189142227173,
    -0.4305700659751892,
    -0.3506641387939453,
    -0.4316248893737793,
    -1.4416128396987915,
    -1.179558277130127,
    0.07901549339294434,
    0.6445696949958801,
    -1.3476840257644653,
    0.5199608206748962,
    1.080679178237915,
    1.0211584568023682,
    0.17840948700904846,
    -1.0298800468444824,
    1.1726374626159668,
    1.3083161115646362,
    -0.06298723816871643,
    0.32769179344177246,
    0.989517331123352,
    0.8734133243560791,
    -0.3346025347709656,
    1.5229754447937012,
    -0.49025583267211914,
    0.6666650176048279,
    -0.8981566429138184,
    -0.12127542495727539,
    0.08604657649993896,
    0.49469974637031555,
    0.41279125213623047,
    -0.07501107454299927,
    0.534794807434082,
    0.03654712438583374,
    0.6642528772354126,
    1.2999975681304932,
    -1.039050579071045,
    -0.1096528172492981,
    1.1062251329421997,
    -1.1328380107879639,
    0.1452707052230835,
    -0.2694271504878998,
    1.4701790809631348,
    1.1141915321350098,
    0.13950681686401367,
    -1.5070191621780396,
    0.9114114046096802,
    0.5694844126701355,
    1.7105302810668945,
    -0.7745217084884644,
    -0.3052959442138672,
    0.19511409103870392,
    -1.2916890382766724,
    0.3526092767715454,
    1.047656536102295,
    -0.9213396906852722,
    -0.026299715042114258,
    -0.39316150546073914,
    -1.2374070882797241,
    -0.8153607249259949,
    -0.3266749382019043,
    0.5041100978851318,
    0.14936436712741852,
    0.7020399570465088,
    0.8370755910873413,
    -0.07799959182739258,
    0.8394946455955505,
    0.29589352011680603,
    -0.9891650080680847,
    0.15087318420410156,
    1.3147897720336914,
    -1.418154001235962,
    1.1805968284606934,
    -1.1152129173278809,
    -0.29919230937957764,
    0.311380535364151,
    -0.7346056699752808,
    -0.29431676864624023,
    -0.040072545409202576,
    -1.5330168008804321,
    -0.24515676498413086,
    0.24993419647216797,
    1.1950851678848267,
    -0.8421711921691895,
    -0.25563740730285645,
    -0.0626821517944336,
    0.5577652454376221,
    -0.2271607518196106,
    1.0319361686706543,
    -0.7167330980300903,
    0.2422940731048584,
    -1.1236592531204224,
    0.38310784101486206,
    0.25333601236343384,
    -1.2909198999404907,
    0.35297054052352905,
    -0.651789665222168,
    0.5824686288833618,
    0.2053840160369873,
    0.13816094398498535,
    0.2788255214691162,
    0.7605627775192261,
    -0.8421096205711365,
    -0.8395300507545471,
    1.5668758153915405,
    -0.9790363311767578,
    0.36371123790740967,
    0.15698862075805664,
    -0.9617673754692078,
    -0.7439181804656982,
    0.2397608757019043,
    -0.05995678901672363,
    -1.399836778640747,
    -0.7848594784736633,
    -1.4987878799438477,
    -2.0754294395446777,
    0.6927574872970581,
    -0.05270993709564209,
    0.16437578201293945,
    0.48907470703125,
    0.07691767811775208,
    0.15371158719062805,
    0.10897207260131836,
    0.928497314453125,
    0.12357747554779053,
    -0.26307380199432373,
    -2.3553969860076904,
    0.07923555374145508,
    -1.3422456979751587,
    -1.8814623355865479,
    -0.165411114692688,
    1.5872459411621094,
    0.5499110221862793,
    0.8434867262840271,
    -0.1924135684967041,
    -1.5815609693527222,
    -1.9719396829605103,
    0.19079339504241943,
    0.6696229577064514,
    2.10613751411438,
    -0.1479741334915161,
    0.5326270461082458,
    -0.7768996953964233,
    0.9943622946739197,
    -0.7663278579711914,
    0.2027806043624878,
    1.6331326961517334,
    1.2773770093917847,
    0.43965578079223633,
    0.5105043053627014,
    -0.5821912288665771,
    -0.47019338607788086,
    0.6270893812179565,
    -1.0180846452713013,
    -0.010857820510864258,
    0.25361907482147217,
    -0.23961293697357178,
    -1.6836326122283936,
    -1.490530252456665,
    -0.5773232579231262,
    -0.07342290878295898,
    -0.6626050472259521,
    -0.6595821380615234,
    -0.32695987820625305,
    -0.06865191459655762,
    -0.7535395622253418,
    0.6434893012046814,
    -1.0548498630523682,
    0.05029553174972534,
    0.5687669515609741,
    0.007790908217430115,
    1.7076685428619385,
    0.3128390312194824,
    0.27876371145248413,
    -1.1453421115875244,
    1.5411144495010376,
    0.8706517219543457,
    0.5629074573516846,
    0.661766767501831,
    -0.6393791437149048,
    -0.5591430068016052,
    0.25609248876571655,
    -0.739841639995575,
    0.12665104866027832,
    -0.6799129843711853,
    0.04105949401855469,
    0.39617133140563965,
    -1.4136016368865967,
    0.5304805040359497,
    -0.11340734362602234,
    -0.13497912883758545,
    0.6698245406150818,
    0.1721634864807129,
    -1.2383384704589844,
    -0.6053271293640137,
    1.3611602783203125,
    -1.0497524738311768,
    0.014232635498046875,
    2.3740358352661133,
    0.3978060483932495,
    -0.03799039125442505,
    1.1832505464553833,
    -0.45585867762565613,
    0.11101078987121582,
    -0.47820329666137695,
    0.14921468496322632,
    0.018854141235351562,
    -0.8751142621040344,
    -0.5876614451408386,
    1.6913284063339233,
    -0.5662339329719543,
    -0.32133328914642334,
    -0.5471999645233154,
    -0.2570631504058838,
    -0.352236270904541,
    0.43566834926605225,
    0.12571468949317932,
    0.43153607845306396,
    1.168518304824829,
    -0.6126381754875183,
    -0.3782840669155121,
    -0.5972949862480164,
    -0.8937129378318787,
    -0.6609288454055786,
    0.29544973373413086,
    0.08705437183380127,
    -1.240220069885254,
    -0.2885943651199341,
    0.9201345443725586,
    -1.6751222610473633,
    1.8007864952087402,
    -0.3355713188648224,
    0.1552048921585083,
    0.3085537552833557,
    1.360093116760254,
    -1.4078726768493652,
