{
  "probe_type": "mean_mass",
  "model_name": "gpt2",
  "layer": 4,
  "explicit_dataset_path": "/Users/michalmraz/code/spar-ai/temporal-awareness/data/raw/temporal_scope_AB_randomized/temporal_scope_explicit_expanded_500.json",
  "adversarial_run_id": "20260322-090107",
  "adversarial_example_count": 190,
  "n_pairs": 500,
  "n_samples": 1190,
  "n_base_samples": 1000,
  "train_size": 990,
  "train_size_base": 800,
  "test_size": 200,
  "train_accuracy": 0.7888888888888889,
  "test_accuracy": 0.88,
  "direction_norm": 14.221898078918457,
  "score_scale": 169.17356872558594,
  "random_state": 42,
  "device": "cpu",
  "created_at": "2026-03-22T16:38:21Z",
  "direction": [
    -0.35917410254478455,
    0.08214691281318665,
    0.3861660063266754,
    0.14469856023788452,
    -0.03764331340789795,
    0.360161155462265,
    0.15142309665679932,
    0.8472810983657837,
    1.2553900480270386,
    -0.4605899155139923,
    -0.22949758172035217,
    0.6314560770988464,
    -0.2405085563659668,
    0.1691913604736328,
    0.19362342357635498,
    0.16512054204940796,
    -0.28786930441856384,
    0.35501828789711,
    -0.07811740040779114,
    -0.3510696291923523,
    -0.8859812617301941,
    0.43555742502212524,
    0.38161247968673706,
    -0.2627895772457123,
    -0.3871440887451172,
    0.16601192951202393,
    -0.5215308666229248,
    0.3411244750022888,
    0.03243162855505943,
    0.788675844669342,
    0.48701727390289307,
    -0.6557254791259766,
    -0.09569209814071655,
    -0.10932505130767822,
    -0.6235861778259277,
    0.15859460830688477,
    -0.26889103651046753,
    0.1768321841955185,
    0.05005714297294617,
    -0.14028894901275635,
    -0.00672602653503418,
    -0.1230250895023346,
    0.9217267036437988,
    0.4492829442024231,
    0.004058659076690674,
    -0.09566903114318848,
    -0.5481246709823608,
    -0.6893776059150696,
    -0.362316370010376,
    -0.10427480190992355,
    -0.5180472731590271,
    0.34268057346343994,
    -0.15914368629455566,
    0.2600228786468506,
    0.0983610451221466,
    0.2338661402463913,
    0.24296489357948303,
    1.4719414710998535,
    -0.7615789175033569,
    -0.4347517490386963,
    -0.2394638955593109,
    -0.027009785175323486,
    0.16534343361854553,
    -0.351840078830719,
    -0.238525390625,
    -0.4760858118534088,
    -0.34125959873199463,
    -0.7984602451324463,
    -0.086093008518219,
    0.2782133221626282,
    -0.960946798324585,
    0.6922274827957153,
    0.3551565408706665,
    0.13357236981391907,
    0.2820839285850525,
    -0.35421428084373474,
    0.6627092361450195,
    0.6443363428115845,
    -0.15680809319019318,
    0.3547631502151489,
    0.6618770360946655,
    0.20009002089500427,
    -0.41614973545074463,
    0.5730946063995361,
    -0.06398189067840576,
    0.6464083790779114,
    -0.37096288800239563,
    -0.12141990661621094,
    -0.16673097014427185,
    0.2813188433647156,
    0.23217535018920898,
    -0.0907900333404541,
    0.6953252553939819,
    -0.21953873336315155,
    0.18827030062675476,
    0.48386433720588684,
    -0.5312759280204773,
    0.20584234595298767,
    0.7070369720458984,
    -0.5482650995254517,
    0.3609267771244049,
    -0.08326947689056396,
    1.0968775749206543,
    0.5448855757713318,
    -0.1847272515296936,
    -0.7824867367744446,
    -0.026604101061820984,
    0.24762773513793945,
    0.7530596852302551,
    -0.1954801380634308,
    -0.20310890674591064,
    -0.4811745584011078,
    -0.8002710342407227,
    -0.09259888529777527,
    0.7184546589851379,
    -0.5308694839477539,
    -0.3736251890659332,
    -0.41063010692596436,
    -0.8651565313339233,
    -0.6840296983718872,
    0.0418248176574707,
    0.12903016805648804,
    -0.5102711915969849,
    0.5894304513931274,
    0.44992074370384216,
    -0.30482861399650574,
    0.7549428939819336,
    0.5348528623580933,
    -0.3323456943035126,
    -0.19313529133796692,
    0.48794668912887573,
    -0.6913015842437744,
    0.8533415794372559,
    -0.5228207111358643,
    -0.388320654630661,
    0.12519504129886627,
    -0.3772854804992676,
    -0.4224996566772461,
    0.04725269973278046,
    -0.5270964503288269,
    -0.6685507297515869,
    0.3234424591064453,
    0.4937441051006317,
    -0.481161504983902,
    -0.269422709941864,
    0.018179655075073242,
    0.41037482023239136,
    -0.24080076813697815,
    0.7430774569511414,
    -0.4409942626953125,
    0.45411548018455505,
    -0.9395996928215027,
    0.2855299711227417,
    0.4108012914657593,
    -0.45092907547950745,
    -0.19491520524024963,
    -0.667353630065918,
    0.5454536080360413,
    -0.6017592549324036,
    0.28705716133117676,
    -0.10918402671813965,
    -0.1295086145401001,
    -0.4257366955280304,
    -0.624069094657898,
    1.2384743690490723,
    -0.20532763004302979,
    0.42536985874176025,
    0.7602863311767578,
    -0.3599652945995331,
    0.07078886032104492,
    0.4857971966266632,
    -0.09104973077774048,
    -1.1778147220611572,
    -0.4601648449897766,
    -0.7782107591629028,
    -0.5920836925506592,
    0.1653512716293335,
    -0.06087768077850342,
    -0.4435378909111023,
    0.41535282135009766,
    0.23874424397945404,
    -0.3102373480796814,
    -0.1459408551454544,
    0.9047641754150391,
    0.03728508949279785,
    -0.5820679664611816,
    -1.199164867401123,
    0.2711092233657837,
    -0.8199906945228577,
    -0.2871124744415283,
    0.0340895876288414,
    0.9327432513237,
    0.29835522174835205,
    0.14899976551532745,
    -0.08047804236412048,
    -0.999995231628418,
    -0.9038681387901306,
    0.26121485233306885,
    0.5109859704971313,
    1.301379919052124,
    -0.2049889862537384,
    0.48301368951797485,
    -0.1708119511604309,
    0.5162379741668701,
    -0.4686465263366699,
    0.41808170080184937,
    0.8777759075164795,
    0.2806243896484375,
    0.10753762722015381,
    0.5740729570388794,
    -0.46046608686447144,
    -0.4676339030265808,
    0.850534975528717,
    -0.8672487735748291,
    -0.30896586179733276,
    -0.134174644947052,
    -0.48333799839019775,
    -1.1023122072219849,
    -0.33441662788391113,
    -0.38740435242652893,
    0.16386960446834564,
    -0.35142600536346436,
    -0.09108977764844894,
    -0.12889507412910461,
    0.5007966756820679,
    -0.888129472732544,
    -0.020779401063919067,
    -0.11472365260124207,
    0.17539125680923462,
    -0.1175689697265625,
    0.15714143216609955,
    0.9158673286437988,
    0.03811162710189819,
    0.07043367624282837,
    -0.29241710901260376,
    0.7793447971343994,
    -0.2091483622789383,
    0.7403683066368103,
    -0.15676821768283844,
    -0.3123341202735901,
    -0.6538675427436829,
    0.5933084487915039,
    -0.5181702375411987,
    -0.13135811686515808,
    -0.37946027517318726,
    -0.4420796036720276,
    1.0068098306655884,
    -0.924146831035614,
    -0.03594273328781128,
    -0.20835494995117188,
    -0.011632891371846199,
    0.5187897682189941,
    0.15439528226852417,
    -0.6594236493110657,
    0.08280789852142334,
    0.674858808517456,
    -0.653831958770752,
    0.32537955045700073,
    1.24006986618042,
    0.07157915830612183,
    -0.06382901221513748,
    0.7169779539108276,
    -0.43954265117645264,
    0.05454361438751221,
    0.021281421184539795,
    -0.028816387057304382,
    0.07984161376953125,
    -0.770361602306366,
    0.019495464861392975,
    1.3315794467926025,
    -0.15528786182403564,
    0.13945627212524414,
    -0.11244958639144897,
    0.1821819394826889,
    0.08590173721313477,
    -0.06205594539642334,
    0.2769123613834381,
    0.5451388359069824,
    1.3544883728027344,
    -0.707037091255188,
    -0.2945457398891449,
    -0.19731906056404114,
    0.1881079077720642,
    -0.2767399549484253,
    0.9918209910392761,
    -0.004977583885192871,
    -0.9185597896575928,
    -0.49260368943214417,
    0.9544477462768555,
    -1.2492575645446777,
    1.0706381797790527,
    0.060368478298187256,
    -0.09699093550443649,
    -0.2858773469924927,
