{
  "probe_type": "mean_mass",
  "model_name": "gpt2",
  "layer": 6,
  "explicit_dataset_path": "/Users/michalmraz/code/spar-ai/temporal-awareness/data/raw/temporal_scope_AB_randomized/temporal_scope_explicit_expanded_500.json",
  "adversarial_run_id": "20260322-090107",
  "adversarial_example_count": 190,
  "n_pairs": 500,
  "n_samples": 1190,
  "n_base_samples": 1000,
  "train_size": 990,
  "train_size_base": 800,
  "test_size": 200,
  "train_accuracy": 0.795959595959596,
  "test_accuracy": 0.88,
  "direction_norm": 17.891244888305664,
  "score_scale": 258.2353820800781,
  "random_state": 42,
  "device": "cpu",
  "created_at": "2026-03-22T16:38:25Z",
  "direction": [
    -0.5143976807594299,
    0.45769765973091125,
    0.21777606010437012,
    0.26443785429000854,
    -0.20745646953582764,
    0.7640696167945862,
    -0.055707573890686035,
    1.1744446754455566,
    1.5897712707519531,
    -0.07835601270198822,
    -0.33241480588912964,
    0.8557059168815613,
    0.22264313697814941,
    0.020475447177886963,
    0.2929544448852539,
    0.3357135057449341,
    -0.593220591545105,
    0.39386290311813354,
    0.01478499174118042,
    -0.31806695461273193,
    -1.3755487203598022,
    0.4940553903579712,
    0.6190968751907349,
    -0.16059985756874084,
    -0.5648419260978699,
    0.3717142343521118,
    -0.591388463973999,
    0.7544454336166382,
    0.1661340594291687,
    0.742578387260437,
    0.1908397376537323,
    -1.0696003437042236,
    0.2627388536930084,
    -0.37241458892822266,
    -1.1700992584228516,
    0.28211385011672974,
    -0.12262183427810669,
    0.606171727180481,
    0.003867238759994507,
    -0.06755578517913818,
    -0.02444411814212799,
    0.2933357059955597,
    1.3560657501220703,
    0.5099799633026123,
    -0.07866835594177246,
    -0.2068260908126831,
    -0.2640664279460907,
    -1.0707447528839111,
    -0.3322901725769043,
    0.018656909465789795,
    -0.9248570799827576,
    0.5510729551315308,
    -0.030671119689941406,
    0.32480335235595703,
    -0.3108132481575012,
    -0.06904482841491699,
    0.3694985806941986,
    1.685558557510376,
    -1.1453646421432495,
    -0.7864415645599365,
    -0.24414317309856415,
    0.5424587726593018,
    0.3506052792072296,
    -0.1337701827287674,
    -0.27443885803222656,
    -0.8083639740943909,
    -0.7467904090881348,
    -0.9909195899963379,
    0.09396487474441528,
    0.4671574831008911,
    -1.102286458015442,
    0.5324918031692505,
    0.46587514877319336,
    0.6218679547309875,
    0.15839838981628418,
    -0.5895387530326843,
    1.1215847730636597,
    0.9413741827011108,
    -0.19849754869937897,
    0.6482720971107483,
    0.8835936784744263,
    0.4131033420562744,
    -0.17292076349258423,
    1.2213695049285889,
    -0.2919670343399048,
    0.6181719303131104,
    -0.624808669090271,
    -0.12602663040161133,
    -0.35977602005004883,
    0.320770263671875,
    0.45852530002593994,
    -0.05272406339645386,
    0.876734733581543,
    -0.18434208631515503,
    0.27938157320022583,
    1.008482575416565,
    -0.8789979219436646,
    0.1458379626274109,
    0.8007164001464844,
    -1.0969188213348389,
    0.4312645196914673,
    -0.23854964971542358,
    0.8848462104797363,
    0.5989918112754822,
    -0.48472389578819275,
    -1.168781042098999,
    0.212061807513237,
    0.9292899370193481,
    1.0674065351486206,
    -0.3603115975856781,
    0.05307817459106445,
    -0.409767210483551,
    -0.8731393814086914,
    -0.08137652277946472,
    0.9139906167984009,
    -0.41029107570648193,
    -0.16656452417373657,
    -0.13916894793510437,
    -0.9972035884857178,
    -0.8464370965957642,
    -0.16587477922439575,
    0.15775492787361145,
    -0.07863685488700867,
    1.0215444564819336,
    0.7475463151931763,
    -0.22681230306625366,
    0.4794664978981018,
    0.5468013882637024,
    -0.629115641117096,
    -0.08386248350143433,
    0.8207751512527466,
    -1.0040614604949951,
    1.092682957649231,
    -0.6628069877624512,
    -0.08953499794006348,
    0.13387548923492432,
    -0.6730690002441406,
    -0.41051673889160156,
    -0.013356596231460571,
    -0.6960997581481934,
    -0.47363460063934326,
    0.27068042755126953,
    0.9654310941696167,
    -0.4578428268432617,
    0.04523458331823349,
    -0.11813241243362427,
    0.3302696943283081,
    -0.34716176986694336,
    1.2874399423599243,
    -0.556321382522583,
    0.17761647701263428,
    -1.1239421367645264,
    0.42810148000717163,
    0.3329369127750397,
    -0.8010188937187195,
    -0.0946710854768753,
    -1.014746904373169,
    0.5124781131744385,
    -0.08064496517181396,
    0.3361389636993408,
    0.1676347255706787,
    0.22282636165618896,
    -0.6485662460327148,
    -0.674128532409668,
    1.4389209747314453,
    -0.30985164642333984,
    0.8104808926582336,
    0.7069811820983887,
    -0.49276041984558105,
    -0.27716970443725586,
    0.572988748550415,
    -0.06208157539367676,
    -1.4767282009124756,
    -0.6779643297195435,
    -1.0136792659759521,
    -1.285280466079712,
    0.4317161440849304,
    -0.08677542209625244,
    -0.34521186351776123,
    0.19775593280792236,
    0.02943629026412964,
    0.06179213523864746,
    -0.28274935483932495,
    0.7375649809837341,
    -0.1582322120666504,
    -0.5169893503189087,
    -1.786098599433899,
    0.20334027707576752,
    -0.9585586786270142,
    -0.9443610310554504,
    0.12179990112781525,
    1.1717644929885864,
    0.2596845328807831,
    0.22524690628051758,
    -0.49204814434051514,
    -1.2488640546798706,
    -1.2627737522125244,
    0.5586634278297424,
    0.5233779549598694,
    1.508516550064087,
    -0.585945725440979,
    0.3396908640861511,
    -0.49555689096450806,
    0.7292748093605042,
    -0.5706507563591003,
    0.2930827736854553,
    1.261129379272461,
    0.9586454033851624,
    0.124336838722229,
    0.4983057379722595,
    -0.40240275859832764,
    -0.3543853163719177,
    1.0166844129562378,
    -0.867996335029602,
    0.0825045108795166,
    0.10989326238632202,
    -0.29634177684783936,
    -1.7133888006210327,
    -0.7680740356445312,
    -0.13334494829177856,
    -0.06869363784790039,
    -0.604097843170166,
    -0.27895742654800415,
    -0.11192615330219269,
    0.27940821647644043,
    -1.221199631690979,
    -0.17795522511005402,
    -0.3611804246902466,
    0.4126715660095215,
    0.26652002334594727,
    -0.05133107304573059,
    0.995999813079834,
    0.16021955013275146,
    -0.033218324184417725,
    -0.19044649600982666,
    1.0698134899139404,
    0.18952472507953644,
    0.501054584980011,
    0.015179798007011414,
    -0.5243662595748901,
    -0.8450236320495605,
    0.3487405478954315,
    -0.5717046856880188,
    -0.1346433162689209,
    -0.4786052703857422,
    -0.05067014694213867,
    0.913986086845398,
    -1.0563077926635742,
    0.19680887460708618,
    0.09618976712226868,
    0.03187623620033264,
    0.3984147310256958,
    0.17635655403137207,
    -0.970198929309845,
    -0.38408994674682617,
    0.8973162174224854,
    -0.36607635021209717,
    0.0843820571899414,
    1.691554069519043,
    -0.048702627420425415,
    -0.12317157536745071,
    1.07466721534729,
    -0.5012814998626709,
    0.3188657760620117,
    -0.04351407289505005,
    0.09504590928554535,
    0.044447898864746094,
    -0.9208751916885376,
    -0.33830615878105164,
    1.6060175895690918,
    -0.20460852980613708,
    -0.11537730693817139,
    -0.41490691900253296,
    -0.0032736361026763916,
    -0.21671414375305176,
    0.18848717212677002,
    0.17211616039276123,
    0.5559829473495483,
    1.3061712980270386,
    -0.5069441795349121,
    -0.21464753150939941,
    -0.12541097402572632,
    -0.04319089651107788,
    -0.5188901424407959,
    0.644798755645752,
    -0.05308252573013306,
    -1.0968785285949707,
    -0.6312807202339172,
    0.918421745300293,
    -1.2283501625061035,
    1.4260382652282715,
    -0.2848558723926544,
    -0.1312127411365509,
    -0.3948666453361511,
