{
  "probe_type": "mean_mass",
  "model_name": "gpt2",
  "layer": 1,
  "explicit_dataset_path": "/Users/michalmraz/code/spar-ai/temporal-awareness/data/raw/temporal_scope_AB_randomized/temporal_scope_explicit_expanded_500.json",
  "adversarial_run_id": "20260322-090107",
  "adversarial_example_count": 190,
  "n_pairs": 500,
  "n_samples": 1190,
  "n_base_samples": 1000,
  "train_size": 990,
  "train_size_base": 800,
  "test_size": 200,
  "train_accuracy": 0.6757575757575758,
  "test_accuracy": 0.67,
  "direction_norm": 9.260869979858398,
  "score_scale": 79.95783233642578,
  "random_state": 42,
  "device": "cpu",
  "created_at": "2026-03-22T16:38:17Z",
  "direction": [
    -0.39834457635879517,
    0.0057755932211875916,
    0.21920403838157654,
    -0.07402651011943817,
    0.2765555679798126,
    0.1715172827243805,
    0.3785281777381897,
    0.4014160633087158,
    0.8232936859130859,
    -0.3403109312057495,
    -0.24120619893074036,
    0.021671175956726074,
    -0.27699947357177734,
    -0.42335978150367737,
    -0.23579192161560059,
    0.26711276173591614,
    -0.10297281295061111,
    0.5538262724876404,
    0.016301393508911133,
    -0.3386356234550476,
    -0.38012775778770447,
    0.19879499077796936,
    0.24448172748088837,
    -0.13305282592773438,
    -0.15976247191429138,
    0.2744804620742798,
    -0.5427448749542236,
    -0.018360182642936707,
    -0.07073062658309937,
    0.15512709319591522,
    0.35131970047950745,
    -0.4549259543418884,
    0.21072609722614288,
    0.17250753939151764,
    -0.5483444333076477,
    0.27388912439346313,
    -0.5949342250823975,
    -0.013458937406539917,
    -0.21203961968421936,
    -0.1283886581659317,
    0.2131507396697998,
    0.1164730042219162,
    0.5181652903556824,
    -0.20118123292922974,
    0.09258883446455002,
    0.021757066249847412,
    0.11426307260990143,
    -0.188394233584404,
    -0.037844955921173096,
    -0.23444664478302002,
    -0.33580538630485535,
    0.14536650478839874,
    -0.06983155012130737,
    0.23257631063461304,
    0.08505919575691223,
    0.023502886295318604,
    -0.05189727246761322,
    1.1941134929656982,
    -0.39955854415893555,
    -0.8828192949295044,
    -0.22607193887233734,
    -0.14267727732658386,
    -0.04563846439123154,
    -0.39061322808265686,
    -0.22844505310058594,
    0.18234366178512573,
    -0.0343250036239624,
    -0.34843429923057556,
    -0.2883470952510834,
    0.25052037835121155,
    -0.4623817205429077,
    0.01502913236618042,
    0.3517042398452759,
    0.13625968992710114,
    0.039017945528030396,
    0.008790239691734314,
    0.2852129340171814,
    0.10969269275665283,
    0.1548381894826889,
    0.05888742208480835,
    0.33851492404937744,
    -0.1332472711801529,
    0.017868774011731148,
    0.08716315031051636,
    -0.11266700178384781,
    0.3190889358520508,
    -0.38359400629997253,
    -0.1384744644165039,
    0.20850516855716705,
    -0.1310289055109024,
    0.19420289993286133,
    0.1883966028690338,
    0.282003790140152,
    -0.428317129611969,
    0.39300820231437683,
    0.4085250496864319,
    -0.46110665798187256,
    -0.13084739446640015,
    0.34965452551841736,
    -0.2105259895324707,
    0.20659023523330688,
    0.3114337921142578,
    0.6915191411972046,
    0.409911572933197,
    0.06813555955886841,
    -0.08802689611911774,
    -0.077252097427845,
    -0.020419538021087646,
    0.6920916438102722,
    -0.11323167383670807,
    0.266768217086792,
    -0.11654061824083328,
    -0.30922800302505493,
    -0.18036381900310516,
    0.1736101508140564,
    -0.4424605965614319,
    -0.4671027660369873,
    0.0067057013511657715,
    -0.6155809760093689,
    -0.5023443698883057,
    0.23431158065795898,
    0.040465742349624634,
    -0.15647760033607483,
    0.33248603343963623,
    0.3937676250934601,
    -0.27494335174560547,
    0.305729478597641,
    0.3926953375339508,
    -0.27930572628974915,
    -0.5967837572097778,
    0.061691224575042725,
    -0.46092134714126587,
    0.44965577125549316,
    -0.5313855409622192,
    -0.20210836827754974,
    0.14071908593177795,
    -0.33359062671661377,
    -0.06310343742370605,
    0.12833741307258606,
    -0.2702797055244446,
    -0.01689264178276062,
    0.09073029458522797,
    0.43332189321517944,
    -0.4653083086013794,
    0.039142727851867676,
    0.018647849559783936,
    0.2712040841579437,
    0.1776963621377945,
    0.44363683462142944,
    0.10158639401197433,
    0.03385881707072258,
    -0.6616612672805786,
    0.4405825734138489,
    0.49672406911849976,
    -0.1919553577899933,
    -0.30061137676239014,
    -0.18671107292175293,
    0.39743444323539734,
    -0.4341704249382019,
    0.43135184049606323,
    0.2588314414024353,
    0.36400866508483887,
    -0.4694365859031677,
    -0.7960703372955322,
    0.673460841178894,
    -0.3405284881591797,
    -0.07464933395385742,
    0.8574116230010986,
    -0.250914603471756,
    0.02806270122528076,
    0.29560142755508423,
    -0.04127371311187744,
    -0.5847510099411011,
    -0.13182851672172546,
    -0.04168456792831421,
    -0.13833501935005188,
    -0.0301341712474823,
    -0.009102016687393188,
    0.1330500841140747,
    0.5163890719413757,
    0.0007515726611018181,
    -0.4426399767398834,
    0.05467912554740906,
    0.49783894419670105,
    -0.259748637676239,
    -0.19869615137577057,
    -0.6356732845306396,
    0.020480193197727203,
    -0.7227065563201904,
    -0.07138759642839432,
    0.009350419044494629,
    0.5258294343948364,
    0.1318683624267578,
    0.35238680243492126,
    -0.03861986845731735,
    -0.6913013458251953,
    -0.3561056852340698,
    -0.12422087788581848,
    0.37075990438461304,
    0.561381459236145,
    -0.33490970730781555,
    0.33002373576164246,
    0.256827175617218,
    0.18096984922885895,
    -0.29068058729171753,
    0.18635445833206177,
    0.5401082634925842,
    -0.3241731822490692,
    0.14321374893188477,
    0.19052329659461975,
    -0.42706581950187683,
    -0.19868206977844238,
    0.23298820853233337,
    -0.2669374942779541,
    0.021815389394760132,
    0.04508054628968239,
    -0.19017118215560913,
    -0.5516148209571838,
    0.0018733739852905273,
    -0.2709755599498749,
    -0.13813866674900055,
    -0.306346595287323,
    -0.06423594057559967,
    0.1923147588968277,
    0.33389800786972046,
    -0.07162797451019287,
    0.20146165788173676,
    0.16504615545272827,
    0.13622725009918213,
    0.18966670334339142,
    0.1657179296016693,
    0.47477197647094727,
    0.034769207239151,
    0.025902312248945236,
    -0.11775714159011841,
    0.5325332283973694,
    0.18431046605110168,
    0.1724894940853119,
    -0.10396048426628113,
    -0.08498257398605347,
    -0.2745296061038971,
    0.3717467784881592,
    -0.4322735071182251,
    0.2924251854419708,
    -0.5172364115715027,
    -0.14053824543952942,
    0.48004481196403503,
    -0.3238424062728882,
    -0.014092057943344116,
    0.10769683122634888,
    0.4630199670791626,
    0.4998122453689575,
    0.0029273033142089844,
    -0.3149814009666443,
    0.1651841402053833,
    0.3656359910964966,
    -0.28176307678222656,
    0.12475579977035522,
    0.5138026475906372,
    -0.25638720393180847,
    0.1486143320798874,
    0.2740477919578552,
    -0.2024603635072708,
    -0.15941709280014038,
    0.03465220332145691,
    0.13484734296798706,
    0.015092849731445312,
    -0.38550886511802673,
    0.35899198055267334,
    0.769774317741394,
    -0.04576202854514122,
    0.13199323415756226,
    -0.5435742139816284,
    -0.16623592376708984,
    -0.2656310498714447,
    0.11248719692230225,
    0.18253612518310547,
    0.15754041075706482,
    0.7441645860671997,
    -0.2236367166042328,
    -0.043384477496147156,
    -0.023895353078842163,
    0.31857550144195557,
    -0.38472092151641846,
    0.9036462306976318,
    -0.3503027558326721,
    -0.7176392674446106,
    -0.22615419328212738,
    1.1521329879760742,
    -0.727410614490509,
    0.7399019002914429,
