{
  "probe_type": "mean_mass",
  "model_name": "gpt2",
  "layer": 10,
  "explicit_dataset_path": "/Users/michalmraz/code/spar-ai/temporal-awareness/data/raw/temporal_scope_AB_randomized/temporal_scope_explicit_expanded_500.json",
  "adversarial_run_id": "20260322-090107",
  "adversarial_example_count": 190,
  "n_pairs": 500,
  "n_samples": 1190,
  "n_base_samples": 1000,
  "train_size": 990,
  "train_size_base": 800,
  "test_size": 200,
  "train_accuracy": 0.7777777777777778,
  "test_accuracy": 0.865,
  "direction_norm": 29.632781982421875,
  "score_scale": 662.877197265625,
  "random_state": 42,
  "device": "cpu",
  "created_at": "2026-03-22T16:38:30Z",
  "direction": [
    -0.2884480953216553,
    1.087278127670288,
    -1.3970305919647217,
    0.3862539529800415,
    -0.2646634578704834,
    1.2744426727294922,
    0.34894371032714844,
    1.6986662149429321,
    -0.01506948471069336,
    0.4553523063659668,
    0.07104289531707764,
    1.1764172315597534,
    1.2748405933380127,
    0.8492656946182251,
    -0.30074214935302734,
    0.27961862087249756,
    -1.5472633838653564,
    1.081013560295105,
    0.6083173751831055,
    -0.5328232049942017,
    -1.4646531343460083,
    0.9624019861221313,
    0.4603344798088074,
    1.121843934059143,
    -1.1505752801895142,
    0.8603402376174927,
    -0.9566789865493774,
    0.7784772515296936,
    -0.6460862755775452,
    0.32491016387939453,
    0.4088900685310364,
    -0.8873958587646484,
    1.000112533569336,
    -1.6762551069259644,
    -1.3354694843292236,
    1.3679840564727783,
    -1.915297508239746,
    1.4282076358795166,
    1.1628602743148804,
    0.3484764099121094,
    0.13054382801055908,
    1.7685327529907227,
    1.315529704093933,
    0.690261960029602,
    1.1957826614379883,
    -0.8293254375457764,
    -0.26232412457466125,
    -0.7653382420539856,
    -0.4301251173019409,
    -0.4611157178878784,
    -1.0710355043411255,
    1.614163875579834,
    1.2881394624710083,
    1.2557919025421143,
    -1.495163917541504,
    0.8225536346435547,
    0.89377361536026,
    1.7127079963684082,
    0.09023714065551758,
    -1.2000527381896973,
    -0.9196161031723022,
    -0.1390848159790039,
    0.7358335852622986,
    -0.5799558162689209,
    -0.4365348815917969,
    -0.7434134483337402,
    -1.8187589645385742,
    -1.0745153427124023,
    -0.04526638984680176,
    0.7525482177734375,
    -1.9191358089447021,
    0.5489459037780762,
    1.5987192392349243,
    1.1263492107391357,
    -0.15983319282531738,
    -2.122547149658203,
    1.8201112747192383,
    1.3770698308944702,
    0.6220704913139343,
    -0.0612635612487793,
    1.6762666702270508,
    2.2676355838775635,
    0.22271203994750977,
    2.2314670085906982,
    -0.22130632400512695,
    0.573256254196167,
    -1.7753607034683228,
    -0.17408466339111328,
    -0.12054622173309326,
    1.262810230255127,
    0.9606223106384277,
    -0.21977001428604126,
    1.0739489793777466,
    0.2561713457107544,
    0.7249035835266113,
    1.4893231391906738,
    -1.7657525539398193,
    -0.43660950660705566,
    1.2679344415664673,
    -1.0208790302276611,
    -0.44087493419647217,
    -0.547149658203125,
    1.7147376537322998,
    1.4192758798599243,
    0.35129088163375854,
    -1.2470803260803223,
    0.8148354887962341,
    0.190193310379982,
    2.3981471061706543,
    -1.6204675436019897,
    -0.4374570846557617,
    -0.572566032409668,
    -1.7989091873168945,
    0.06043410301208496,
    1.2270114421844482,
    -1.0172191858291626,
    0.21352458000183105,
    -0.9378902912139893,
    -1.3767852783203125,
    -0.8227568864822388,
    -0.67144775390625,
    1.2048746347427368,
    -0.09106194972991943,
    1.2293378114700317,
    0.7677415609359741,
    0.016453981399536133,
    1.1331651210784912,
    -0.23666998744010925,
    -1.028642177581787,
    0.6537637710571289,
    1.6333119869232178,
    -0.935283899307251,
    1.4302496910095215,
    -1.3877322673797607,
    -0.48666912317276,
    0.1866348385810852,
    -1.0301868915557861,
    -0.7012367248535156,
    -0.051179707050323486,
    -2.1936194896698,
    0.3585822582244873,
    0.4820084571838379,
    1.5970104932785034,
    -1.1217105388641357,
    -0.5884501934051514,
    0.8621139526367188,
    1.1557291746139526,
    -0.4080851078033447,
    1.2226362228393555,
    -1.0346693992614746,
    0.59548020362854,
    -1.833120584487915,
    0.8076040744781494,
    0.0634223222732544,
    -1.2544313669204712,
    1.1258612871170044,
    -1.0074093341827393,
    1.271087646484375,
    1.0928987264633179,
    0.4075024127960205,
    0.5730235576629639,
    0.7486376762390137,
    -0.6635401248931885,
    -1.0700887441635132,
    2.5112624168395996,
    -2.3538527488708496,
    0.1507730484008789,
    -0.9127969741821289,
    -1.4468438625335693,
    -0.9612243175506592,
    -0.3633061647415161,
    -0.8597419857978821,
    -2.245861530303955,
    -0.6298811435699463,
    -1.7412775754928589,
    -3.0914525985717773,
    1.6758813858032227,
    -0.1988084316253662,
    -0.03110790252685547,
    -0.15806269645690918,
    -0.30882373452186584,
    -0.6694635152816772,
    0.857070803642273,
    1.348766565322876,
    0.25436925888061523,
    0.3787326216697693,
    -3.3477306365966797,
    -0.1805768609046936,
    -1.155038833618164,
    -2.6261157989501953,
    -0.010295629501342773,
    2.7557525634765625,
    0.15643680095672607,
    0.8449504375457764,
    -1.0561437606811523,
    -2.339606285095215,
    -1.7411506175994873,
    0.04885929822921753,
    0.7927523255348206,
    2.400968074798584,
    -0.22749805450439453,
    0.6781934499740601,
    -1.4430181980133057,
    1.0670139789581299,
    -1.0415875911712646,
    1.1222368478775024,
    1.9425190687179565,
    1.153351068496704,
    0.4860224723815918,
    0.42424988746643066,
    -0.5450954437255859,
    -0.3585636615753174,
    0.5308108329772949,
    -1.5328608751296997,
    0.570277214050293,
    0.18636228144168854,
    -0.0023615360260009766,
    -2.9938652515411377,
    -2.533756732940674,
    -1.12274169921875,
    0.36165308952331543,
    -0.5342667102813721,
    0.03647637367248535,
    0.21160340309143066,
    0.2587881088256836,
    0.29881906509399414,
    0.6362841725349426,
    -1.623895525932312,
    -0.793968677520752,
    0.7875635623931885,
    -0.13242703676223755,
    1.9163057804107666,
    0.7517242431640625,
    -0.5949035286903381,
    -2.0391693115234375,
    1.1615327596664429,
    1.9694093465805054,
    1.094179630279541,
    1.2550153732299805,
    0.11466538906097412,
    -0.7715884447097778,
    0.37004509568214417,
    -0.6287641525268555,
    0.917238712310791,
    -0.8867979049682617,
    -0.5217010378837585,
    0.3578948974609375,
    -1.6539064645767212,
    0.17657732963562012,
    0.3443092107772827,
    -0.41072916984558105,
    -0.8229888081550598,
    0.2903571128845215,
    -2.130948066711426,
    -0.15021514892578125,
    2.1912660598754883,
    -1.8726627826690674,
    0.19895893335342407,
    1.9912378787994385,
    0.09739381074905396,
    0.668242335319519,
    1.1045656204223633,
    -0.9606447219848633,
    -0.03530263900756836,
    -0.4167221784591675,
    -0.516069233417511,
    0.035594940185546875,
    -1.3368439674377441,
    -0.846649169921875,
    1.2990925312042236,
    -0.21987777948379517,
    -0.5437500476837158,
    -1.092561960220337,
    -0.7200381755828857,
    -0.5314581394195557,
    0.8051661252975464,
    -0.21105921268463135,
    0.5448012351989746,
    0.9400646686553955,
    -0.8975440263748169,
    -0.7183558940887451,
    -0.6917322874069214,
    -1.0697768926620483,
    -0.9017437696456909,
    0.15189504623413086,
    -0.28408288955688477,
    -0.8093123435974121,
    -0.5460786819458008,
    0.7661714553833008,
    -1.184927225112915,
    2.6248364448547363,
    0.1332673728466034,
    0.4644678831100464,
    0.030009984970092773,
    1.356584906578064,
    -0.6715041399002075,
    -1.1245973110198975,
    -0.5672532320022583,
