depth,probe,ctx_tokens,fill,gold,pred,correct,parsed,response_chars,system_share,system_tokens,system_enrichment,mean_entropy,has_answer,has_supporting,n_symptoms,grounded_fraction,fully_compliant,response
0,0,204,0.0498,C,C,True,True,247,0.23783455836014764,48,1.0107968730306274,0.36353191389153283,True,True,2,0.0,True,"ANSWER: C
SUPPORTING: Itchy nose or throat; Itchy eyes
The presence of nasal congestion or a clear runny nose along with severe itching in one or both eyes strongly suggests an allergic reaction, which supports the diagnosis of allergic sinusitis."
0,1,309,0.0754,E,E,True,True,398,0.22603289841834528,48,1.4550867835680978,0.4646950272355893,True,True,2,0.5,True,"ANSWER: E
SUPPORTING: Cough; Wheezing sound when exhaling
The patient's history includes symptoms of cough and wheezing, which are indicative of bronchospasm or acute asthma exacerbation. Additionally, the presence of asthma in the family, previous hospitalization for an asthma attack, and current exposure to triggers like secondhand smoke and living in a big city further support this diagnosis."
0,2,434,0.106,A,A,True,True,328,0.22134412876117873,48,2.0013198308823243,0.6744879566238325,True,True,2,0.0,True,"ANSWER: A
SUPPORTING: Detached from own body or surroundings; Pain (cramp-like) in the side of the chest
The patient's symptoms of detachment from her body and surroundings, along with the presence of chest pain characterized as a cramp, are more consistent with a panic attack than with other cardiac or respiratory conditions."
0,3,372,0.0908,A,A,True,True,321,0.22251654941938934,48,1.7245032580002675,0.4296062291737833,True,True,2,0.0,True,"ANSWER: A
SUPPORTING: Pulmonary neoplasm; Unstable angina
Listed symptoms such as shortness of breath, fatigue, loss of appetite, and unintentional weight loss are common in patients with pulmonary neoplasms. Additionally, the patient's history of smoking and family history of lung cancer further support this diagnosis."
0,4,359,0.0876,A,E,False,True,292,0.223500042563931,48,1.6715940683427337,0.42487230375929347,True,True,2,1.0,True,"ANSWER: E
SUPPORTING: pain that improves when you lean forward; difficulty swallowing

The patient's pain improves when leaning forward and she reports difficulty swallowing, which are common symptoms of acute laryngitis. These findings strongly support this diagnosis over the others listed."
0,5,384,0.0938,D,D,True,True,362,0.21518733433634923,48,1.7214986746907939,0.4464722506404155,True,True,2,0.5,True,"ANSWER: D
SUPPORTING: Shortness of breath or difficulty breathing; Swelling in one or more areas of the body
The patient's symptoms of shortness of breath and swelling in the posterior aspect of the ankle and calf suggest pulmonary embolism, which can cause both respiratory distress and leg swelling due to blood clots blocking blood flow in the lungs and legs."
0,6,320,0.0781,D,D,True,True,311,0.22449567635019413,48,1.4966378423346276,0.3045437517707691,True,True,2,0.5,True,"ANSWER: D
SUPPORTING: URTI; sore throat
The patient's symptoms of a sore throat and a cough producing colored or more abundant sputum than usual are consistent with an Upper Respiratory Tract Infection (URTI). Additionally, the presence of nasal congestion or a clear runny nose further supports this diagnosis."
0,7,417,0.1018,E,A,False,True,469,0.21855864152281454,48,1.8987281982294513,0.5304144257048635,True,True,2,0.0,True,"ANSWER: A
SUPPORTING: Heavy pain; Pain radiates to another location
The patient's pain is described as heavy and has radiated to multiple locations including the biceps and under the jaw, which are classic signs of cardiac ischemia. Additionally, the pain is exacerbated by physical exertion and relieved by rest, and the patient has a history of diabetes, hypertension, and a family history of cardiovascular disease, all of which increase the risk of a cardiac event."
0,8,297,0.0725,D,B,False,True,315,0.22471518291269751,48,1.3904251942723158,0.35112406633299287,True,True,2,0.5,True,"ANSWER: B
SUPPORTING: URTI; Fever
The patient reports having a fever, nasal congestion, and a cough, which are common symptoms of an upper respiratory tract infection (URTI). The presence of these symptoms strongly supports a diagnosis of URTI over other options like tuberculosis, influenza, or acute otitis media."
0,9,693,0.1692,D,D,True,True,336,0.2086497214911768,48,3.012380354028865,0.510305509259323,True,True,2,0.5,True,"ANSWER: D
SUPPORTING: Pneumonia; Diffuse (widespread) muscle pain
The patient presents with symptoms such as coughing up blood, shortness of breath, a productive cough, fever, and diffuse muscle pain, which are common in pneumonia. Additionally, the presence of chest pain that worsens with deep breaths is also indicative of pneumonia."
0,10,343,0.0837,B,E,False,True,406,0.22145103950799155,48,1.5824522198175228,0.5649808163918844,True,True,2,0.5,True,"ANSWER: E
SUPPORTING: Acute laryngitis; Pain that improves when you lean forward

The patient's symptoms of a deep, soft, or hoarse voice, increased salivation, and the presence of a fever strongly suggest acute laryngitis. Additionally, the characteristic improvement in pain when leaning forward is a known symptom of laryngitis, as it can help open up the airways and reduce pressure on the vocal cords."
0,11,317,0.0774,B,C,False,True,303,0.22572526297328038,48,1.4907272575527057,0.42720183759794544,True,True,2,0.0,True,"ANSWER: C
SUPPORTING: Viral pharyngitis; URTI
Listed symptoms such as coughing up blood, presence of a fever, and nasal congestion or a clear runny nose suggest upper respiratory tract infection (URTI). The patient's history of contact with someone with similar symptoms further supports this diagnosis."
0,12,340,0.083,E,E,True,True,366,0.22321925240431253,48,1.5811363711972137,0.5764808875992034,True,True,2,0.0,True,"ANSWER: E
SUPPORTING: Pain with physical exertion; Shortness of breath with minimal physical effort
The patient's pain is described as severe (""8"" on a scale) and is exacerbated by physical activity, which is alleviated by rest. Additionally, the patient reports feeling out of breath even with minimal physical effort, both of which are consistent with myocarditis."
0,13,383,0.0935,E,E,True,True,304,0.21609840881791362,48,1.7242852203596026,0.47137686651576916,True,True,2,0.5,True,"ANSWER: E
SUPPORTING: Pulmonary embolism; Deep vein thrombosis
The patient's history of deep vein thrombosis and recent surgery increases the risk for pulmonary embolism. Additionally, the presence of calf swelling and chest pain that worsens with deep breaths are key symptoms supporting this diagnosis."
0,14,582,0.1421,B,B,True,True,229,0.21143280298584763,48,2.5636227362034028,0.39213089969311415,True,True,2,1.0,True,"ANSWER: B
SUPPORTING: Pneumonia; Fever
The patient has a fever and shortness of breath, which are common symptoms of pneumonia. Additionally, the presence of chest pain that worsens with deep breaths also supports this diagnosis."
0,15,420,0.1025,A,A,True,True,304,0.21890075978080845,48,1.915381648082074,0.5838487349039697,True,True,2,0.5,True,"ANSWER: A
SUPPORTING: fever; diffuse muscle pain
The patient has a fever and diffuse muscle pain, which are common symptoms of influenza. The absence of travel history and the lack of specific rash characteristics also align more closely with influenza rather than other options like HIV or tuberculosis."
0,16,260,0.0635,C,C,True,True,392,0.23347330762014187,48,1.264647082942435,0.4851284650651998,True,True,2,0.5,True,"ANSWER: C
SUPPORTING: Acute COPD exacerbation; Wheezing sound
The patient has a history of COPD and is currently experiencing symptoms such as wheezing and shortness of breath, which are characteristic of an acute exacerbation of COPD. Additionally, the presence of a cough producing colored or more abundant sputum supports the idea of an infection or exacerbation of her existing condition."
0,17,348,0.085,C,C,True,True,423,0.22848120590987983,48,1.6564887428466288,0.47558005731125447,True,True,2,1.0,True,"ANSWER: C) URTI
SUPPORTING: sore throat; diffuse (widespread) muscle pain
The patient's symptoms of a sore throat and widespread muscle pain, along with the presence of a fever and cough, are consistent with an Upper Respiratory Tract Infection (URTI). The other options are less likely given the lack of specific symptoms like coughing up colored sputum or signs of pneumonia, and the recent travel history ruling out HIV."
0,18,417,0.1018,C,C,True,True,244,0.22703879682228373,48,1.9723995473935898,0.39342456657432373,True,True,2,1.0,True,"ANSWER: C
SUPPORTING: Fatigue; Poor diet
The patient reports constant fatigue and a poor diet, which are common symptoms of anemia. Additionally, a history of anemia in the family and the use of NOACs can increase the risk of developing anemia."
0,19,391,0.0955,C,C,True,True,335,0.22479424503586928,48,1.831136454354685,0.4187990781310999,True,True,2,1.0,True,"ANSWER: C
SUPPORTING: Anemia; Chronic kidney failure
The patient's symptoms of fatigue, non-restful sleep, and the presence of black stools (indicating possible gastrointestinal bleeding which can be associated with anemia) along with a history of anemia and chronic kidney failure strongly suggest anemia as the most likely diagnosis."
0,20,378,0.0923,C,C,True,True,324,0.21766319125424735,48,1.714097631127198,0.5176541455570064,True,True,4,0.0,True,"ANSWER: C
SUPPORTING: Epiglottitis; Croup
- The patient has a high-pitched sound when breathing in, which is a classic sign of epiglottitis.
- The pain that improves when leaning forward is also a characteristic symptom of epiglottitis and croup, though more indicative of epiglottitis in this case given the other symptoms."
0,21,480,0.1172,D,D,True,True,382,0.21224399198243213,48,2.122439919824321,0.4231669366693975,True,True,2,0.5,True,"ANSWER: D
SUPPORTING: Acute pulmonary edema; symptoms worse when lying down and alleviated while sitting up

The patient's symptoms of shortness of breath, swelling in the ankles and calves, and chest pain that is worse when lying down and better when sitting up are classic signs of acute pulmonary edema. Additionally, her history of heart failure further supports this diagnosis."
0,22,476,0.1162,C,C,True,True,360,0.21248625032880616,48,2.1071553157606613,0.45530124040879744,True,True,2,0.5,True,"ANSWER: C
SUPPORTING: Shortness of breath or difficulty breathing; Swelling in one or more areas of the body
The patient's symptoms of shortness of breath, especially those that occur at night and worsen with lying down, along with swelling in the ankles and calves, are strong indicators of acute pulmonary edema, which is often associated with heart failure."
0,23,362,0.0884,B,D,False,True,382,0.22601040237709666,48,1.7044951179272707,0.39030841802414473,True,True,2,0.0,True,"ANSWER: D
SUPPORTING: Viral pharyngitis; Acute rhinosinusitis
Listed symptoms such as greenish or yellowish nasal discharge and the presence of a cough are strong indicators of acute rhinosinusitis. Additionally, the history of having had a cold in the last 2 weeks further supports this diagnosis, as it is common for sinus infections to follow a viral upper respiratory infection."
0,24,296,0.0723,E,E,True,True,345,0.2276124266384937,48,1.4036099642707112,0.3798707810787113,True,True,2,0.5,True,"ANSWER: E
SUPPORTING: Sore throat; Cough with colored or more abundant sputum
The patient's symptoms of a sore throat and a cough producing colored or more abundant sputum are most consistent with an Upper Respiratory Tract Infection (URTI). The presence of these symptoms along with exposure to secondhand smoke further supports this diagnosis."
0,25,478,0.1167,D,A,False,True,298,0.21094835431229889,48,2.1006940283599764,0.5303334649847032,True,True,2,0.5,True,"ANSWER: A
SUPPORTING: URTI; fever
Listed symptoms such as fever, pain in the back and sides of the neck, and a rash on these areas are consistent with an upper respiratory tract infection (URTI). The presence of nasal congestion, a cough, and recent loss of appetite further support this diagnosis."
0,26,333,0.0813,C,C,True,True,474,0.22529901687045076,48,1.5630119295387521,0.343778661492471,True,True,2,0.0,True,"ANSWER: C
SUPPORTING: Acute dystonic reactions; Muscle spasms in face, neck or other parts of the body
The patient's symptoms of difficulty opening her mouth, jaw pain when opening it, and muscle spasms in various parts of her body are strong indicators of acute dystonic reactions, which can occur as a side effect of antipsychotic medications. Additionally, the history of starting or taking antipsychotic medication within the last 7 days further supports this diagnosis."
0,27,444,0.1084,B,A,False,True,213,0.21565846525750507,48,1.9948408036319218,0.4943966863944556,True,True,2,0.0,True,"ANSWER: A
SUPPORTING: Chest pain at rest; Significant increase in sweating
The patient reports chest pain even at rest and a significant increase in sweating, which are classic symptoms of a possible NSTEMI/STEMI."
0,28,388,0.0947,C,C,True,True,383,0.21804624673898979,48,1.7625404944735008,0.5347177405844982,True,True,2,0.5,True,"ANSWER: C
SUPPORTING: Pulmonary embolism; Deep vein thrombosis
The patient has symptoms and history that strongly suggest a pulmonary embolism, including shortness of breath, chest pain that worsens with deep breaths, and swelling in the legs, which are consistent with deep vein thrombosis. These findings are more indicative of a pulmonary embolism than the other options provided."
0,29,405,0.0989,A,A,True,True,421,0.2119071118332983,48,1.7879662560934544,0.4198173074024911,True,True,2,0.0,True,"ANSWER: A
SUPPORTING: Sudden onset of shortness of breath; Rash on multiple body areas

The sudden onset of shortness of breath and the presence of a rash on multiple body areas, including the back of the neck, biceps, and thyroid cartilage, are consistent with scombroid food poisoning. Additionally, the history of consuming dark-fleshed fish (such as tuna) before the reaction occurred further supports this diagnosis."
0,30,329,0.0803,B,C,False,True,333,0.22614264743678145,48,1.5500193959729396,0.4322507757548698,True,True,2,0.0,True,"ANSWER: C
SUPPORTING: Cluster headache; Loss of smell
The sharp, localized pain and its radiation to the back of the head, forehead, nose, and temple, along with the loss of smell, are classic symptoms of cluster headaches. Additionally, the history of polyps in the nose and a deviated nasal septum can predispose to such headaches."
0,31,329,0.0803,C,D,False,True,444,0.22650874173706503,48,1.5525286673228,0.55703175053261,True,True,2,0.0,True,"ANSWER: D
SUPPORTING: Stable angina; symptoms increased with physical exertion but alleviated with rest
The patient's pain is characterized as sharp (knife stroke), located on the side of the chest bilaterally, and is exacerbated by physical activity, which are classic signs of angina pectoris. Additionally, the symptom of shortness of breath with minimal physical effort and relief of symptoms when sitting up also aligns with stable angina."
0,32,412,0.1006,A,A,True,True,392,0.21984906796992432,48,1.887037833408517,0.4588762558313161,True,True,2,0.5,True,"ANSWER: A
SUPPORTING: pain in the chest; shortness of breath
The patient reports sharp, sickening, and scary pain in the side of the chest, which radiates to the biceps and thoracic spine, along with significant shortness of breath. These symptoms, combined with a history of high cholesterol, smoking, and a family history of cardiovascular disease, strongly suggest a possible NSTEMI/STEMI."
0,33,278,0.0679,D,B,False,True,268,0.2298134066370901,48,1.3310026467731468,0.3276335828920277,True,True,2,0.0,True,"ANSWER: B
SUPPORTING: Acute COPD exacerbation; cough producing colored or more abundant sputum
The patient has a history of COPD and is currently experiencing a cough with colored or more abundant sputum, which are common symptoms during an acute exacerbation of COPD."
0,34,537,0.1311,A,A,True,True,284,0.2153134528049932,48,2.4088192532558614,0.3860585056701805,True,True,2,0.5,True,"ANSWER: A
SUPPORTING: Anaphylaxis; Severe food allergy
The patient has symptoms consistent with anaphylaxis, including shortness of breath, dizziness, rash, and swelling, along with a known severe food allergy. These findings strongly support anaphylaxis as the most likely diagnosis."
0,35,331,0.0808,D,D,True,True,337,0.22551456723876223,48,1.5551108699172977,0.5055981109944665,True,True,2,0.5,True,"ANSWER: D
SUPPORTING: Pericarditis; Pain increased with deep breathing
The patient's history of having had pericarditis and the presence of sharp, localized chest pain that worsens with deep breathing are strong indicators of pericarditis. Additionally, the symptom of pain increasing with deep breaths is a classic sign of pericarditis."
0,36,497,0.1213,C,C,True,True,385,0.21820718449768345,48,2.2593535561530973,0.5256367315024469,True,True,2,0.5,True,"ANSWER: C
SUPPORTING: HIV (initial infection); diffuse (widespread) muscle pain
The patient has symptoms and risk factors strongly indicative of early HIV infection, including diffuse muscle pain, swollen or painful lymph nodes, fever, and a history of sexual intercourse with an HIV-positive partner. These findings align closely with the clinical presentation of acute HIV infection."
0,37,315,0.0769,E,C,False,True,412,0.22345417828357186,48,1.4664180449859403,0.6613161774263016,True,True,2,0.0,True,"ANSWER: C
SUPPORTING: Atrial fibrillation; dizziness
Two findings that support this diagnosis include the patient's report of palpitations and feeling dizzy or lightheaded, which are common symptoms of atrial fibrillation. The presence of chest pain, though not directly related to atrial fibrillation, can sometimes be associated with it, especially if the pain is due to reduced blood flow to the heart muscle."
0,38,285,0.0696,C,C,True,True,256,0.22769262967989054,48,1.35192498872435,0.32195920706391273,True,True,2,0.0,True,"ANSWER: C
SUPPORTING: Bronchodilator use; Asthma history
The patient has a history of asthma, has used a bronchodilator, and has had multiple asthma attacks in the past year, which strongly supports a diagnosis of bronchospasm or acute asthma exacerbation."
0,39,369,0.0901,A,B,False,True,322,0.22238313461775142,48,1.7095703473739639,0.6479206948293914,True,True,2,0.0,True,"ANSWER: B
SUPPORTING: Cluster headache; pain intensity
The patient's symptoms of sharp, burning pain localized to the cheek and eye areas, along with the intensity of the pain (3 on a scale), are characteristic of cluster headaches. Additionally, the rapid onset of the pain (4 on a scale) further supports this diagnosis."
2,0,677,0.1653,C,C,True,True,561,0.1528416401348509,48,2.1557039660686264,0.46484755229554475,True,True,2,0.5,True,"ANSWER: C
SUPPORTING: Allergic sinusitis; Nasal congestion or a clear runny nose
The patient's symptoms of nasal congestion or a clear runny nose, severe itching in one or both eyes, and nasal itching strongly suggest an allergic reaction. Living in a big city could increase exposure to allergens such as pollen, dust mites, and mold, which are common triggers for allergic sinusitis. Additionally, the absence of recent travel and the presence of a cough without fever or other signs of pneumonia or lower respiratory infection further support this diagnosis."
2,1,782,0.1909,E,E,True,True,343,0.14420335888532496,48,2.349313055173419,0.2406820199637582,True,True,2,0.0,True,"ANSWER: E
SUPPORTING: Bronchospasm; acute asthma exacerbation
List at least two findings from the patient's description that support your answer:
1. The patient has a history of asthma and has used bronchodilators in the past.
2. The patient has symptoms such as coughing, shortness of breath, and wheezing, which are characteristic of asthma."
2,2,907,0.2214,A,A,True,True,421,0.14396141972242002,48,2.720270993504895,0.3922036636210137,True,True,2,0.0,True,"ANSWER: A
SUPPORTING: Panic attack; Detached from own body or surroundings
The patient's symptoms, including significant sweating, chest pain characterized as a cramp, shortness of breath, fear of dying, and feeling detached from her own body or surroundings, are highly indicative of a panic attack. These symptoms align closely with the diagnostic criteria for a panic attack, making option A the most likely diagnosis."
2,3,845,0.2063,A,A,True,True,570,0.14752575822587083,48,2.597068035434601,0.37017667544637756,True,True,2,0.0,True,"ANSWER: A
SUPPORTING: Pulmonary neoplasm; Unstable angina
List at least two findings from the patient's description that support your answer:
1. The patient has experienced a loss of appetite and rapid satiety, which can be associated with pulmonary neoplasms due to systemic effects such as cachexia.
2. The patient reports shortness of breath and fatigue, which are common symptoms of both pulmonary neoplasms and unstable angina. Additionally, the patient's history of smoking and family history of lung cancer further support the possibility of a pulmonary neoplasm."
2,4,832,0.2031,A,D,False,True,456,0.14315142280222876,48,2.481291328571965,0.5005846360364017,True,True,2,0.5,True,"ANSWER: D
SUPPORTING: Viral pharyngitis; Pain that improves when you lean forward

The patient's symptoms, including severe pain characterized as a knife stroke, sharp pain, difficulty swallowing, increased salivation, and a change in voice tone, are more consistent with viral pharyngitis. Additionally, the symptom of pain improving when leaning forward is also supportive of this diagnosis, as it can occur due to inflammation of the pharyngeal tissues."
2,5,857,0.2092,D,D,True,True,427,0.14382196878744205,48,2.5678214010591214,0.3002107928371283,True,True,2,0.5,True,"ANSWER: D
SUPPORTING: Pulmonary embolism; Shortness of breath or difficulty breathing
The patient's symptoms of shortness of breath or difficulty breathing, swelling in the posterior aspect of the ankle and calf, and increased pain when breathing in deeply are highly suggestive of a pulmonary embolism. Additionally, the history of deep vein thrombosis and recent surgery increases the risk of developing a pulmonary embolism."
2,6,793,0.1936,D,D,True,True,395,0.14650729670301227,48,2.420422630947682,0.2862174615859326,True,True,2,1.0,True,"ANSWER: D
SUPPORTING: sore throat; cough
The patient's symptoms of a sore throat and a cough that produces colored or more abundant sputum than usual strongly support an Upper Respiratory Tract Infection (URTI). Additionally, the history of living with multiple people, attending or working in a daycare, smoking, and exposure to secondhand smoke are risk factors commonly associated with URTIs."
2,7,890,0.2173,E,A,False,True,382,0.13945619192687067,48,2.585750225310727,0.4836115661841667,True,True,2,0.0,True,"ANSWER: A
SUPPORTING: Possible NSTEMI / STEMI; Pain in the chest, heavy character, radiating to multiple locations, increased with physical exertion but alleviated with rest, shortness of breath, nausea, history of diabetes, hypertension, and family history of cardiovascular disease. These symptoms are highly suggestive of a cardiac issue, particularly a possible NSTEMI or STEMI."
2,8,770,0.188,D,B,False,True,388,0.14717515335141867,48,2.360934751679008,0.3573588782527693,True,True,2,0.0,True,"ANSWER: B
SUPPORTING: URTI; Influenza
List at least two findings from the patient's description that support your answer:
1. The patient has symptoms of a upper respiratory tract infection (URTI), including fever, nasal congestion, and cough.
2. The patient is more irritable and has an unstable mood, which can be associated with URTI or influenza due to systemic effects of the illness."
2,9,1166,0.2847,D,B,False,True,401,0.14336355677517582,48,3.482539733330312,0.24014995093709166,True,True,2,0.0,True,"ANSWER: B
SUPPORTING: Bronchitis; Pneumonia
List at least two findings from the patient's description that support your answer:
1. The patient has a cough that produces colored or more abundant sputum than usual, which is a common symptom of both bronchitis and pneumonia.
2. The patient experiences shortness of breath or difficulty breathing, which is also a symptom associated with both conditions."
2,10,816,0.1992,B,E,False,True,459,0.14156246395476949,48,2.4065618872310814,0.48739310411053655,True,True,2,0.5,True,"ANSWER: E
SUPPORTING: Acute laryngitis; Pain that improves when you lean forward

The symptoms described, including a sharp pain localized in various areas around the throat, a fever, increased salivation, and a change in voice tone, are more consistent with acute laryngitis. Additionally, the pain improving when leaning forward is a characteristic symptom of laryngitis. The other diagnoses are less likely given the specific symptoms and history provided."
2,11,790,0.1929,B,B,True,True,357,0.14698656838009674,48,2.4191539379224256,0.1722106864027456,True,True,2,0.0,True,"ANSWER: B
SUPPORTING: Viral pharyngitis; URTI
List at least two findings from the patient's description that support your answer:
1. The patient is coughing up blood, which can be associated with viral pharyngitis.
2. The patient has a fever and nasal congestion or a clear runny nose, which are common symptoms of upper respiratory tract infections (URTI)."
2,12,813,0.1985,E,E,True,True,422,0.1428317869768046,48,2.419213391919628,0.4449242025477734,True,True,2,0.0,True,"ANSWER: E
SUPPORTING: Myocarditis; symptoms increased with physical exertion but alleviated with rest
The patient's symptoms, including chest pain that is severe (8/10) and exacerbated by physical activity, along with shortness of breath and fatigue, are consistent with myocarditis. Myocarditis often presents with chest pain that worsens with exertion and improves with rest, which aligns with the patient's description."
2,13,856,0.209,E,E,True,True,402,0.14276675596430607,48,2.546007148030125,0.18774097347868066,True,True,2,0.0,True,"ANSWER: E
SUPPORTING: Possible NSTEMI / STEMI; Pulmonary embolism
List at least two findings from the patient's description that support your answer:
1. The patient has an active cancer, which increases the risk of developing pulmonary embolism.
2. The patient has a history of deep vein thrombosis (DVT) and has had surgery within the last month, both of which are risk factors for pulmonary embolism."
2,14,1055,0.2576,B,B,True,True,304,0.1419958087798554,48,3.120949547140572,0.18234509305212618,True,True,2,1.0,True,"ANSWER: B
SUPPORTING: Pneumonia; Fever
List at least two findings from the patient's description that support your answer:
1. The patient has a fever, which is a common symptom of pneumonia.
2. The patient experiences shortness of breath or difficulty breathing, which is also a key symptom of pneumonia."
2,15,893,0.218,A,B,False,True,292,0.13896260001231112,48,2.5852833710623715,0.24418657947794403,True,True,2,0.5,True,"ANSWER: B
SUPPORTING: HIV (initial infection); fever
List at least two findings from the patient's description that support your answer:
1. The patient has a fever.
2. The patient reports diffuse (widespread) muscle pain and a cough, which are common symptoms of HIV during initial infection."
2,16,733,0.179,C,C,True,True,458,0.1479420142707961,48,2.2591978429269486,0.3695226716366183,True,True,2,0.5,True,"ANSWER: C
SUPPORTING: Acute COPD exacerbation / infection; Chronic obstructive pulmonary disease (COPD)

The patient's history includes smoking, a known risk factor for COPD, and a current diagnosis of COPD. Additionally, the symptoms of wheezing on exhalation, shortness of breath, cough with colored or more abundant sputum, and working in environments that could irritate the lungs (construction and mining) strongly support an acute exacerbation of COPD."
2,17,821,0.2004,C,C,True,True,276,0.14380371145343035,48,2.459642647984715,0.27554997448009105,True,True,2,1.0,True,"ANSWER: C) URTI
SUPPORTING: sore throat; diffuse (widespread) muscle pain
Listed symptoms such as a sore throat and widespread muscle pain are common in Upper Respiratory Tract Infections (URTI). The presence of a cough, fever, and colored sputum also supports this diagnosis."
2,18,890,0.2173,C,C,True,True,243,0.1454174517331738,48,2.6962819175525974,0.3484219689551461,True,True,2,1.0,True,"ANSWER: C
SUPPORTING: Anemia; Poor diet
The patient is a 103-year-old female experiencing severe fatigue, which is a common symptom of anemia. Additionally, she has a poor diet and a family history of anemia, further supporting this diagnosis."
2,19,864,0.2109,C,C,True,True,344,0.14517978426967101,48,2.6132361168540785,0.3923800121748743,True,True,2,1.0,True,"ANSWER: C
SUPPORTING: Anemia; Chronic kidney failure
The patient's symptoms of constant fatigue, non-restful sleep, and black stools (indicating possible gastrointestinal bleeding) are strongly supportive of anemia. Additionally, the history of a poor diet, a family history of anemia, and chronic kidney failure further support this diagnosis."
2,20,851,0.2078,C,B,False,True,330,0.1445086353771488,48,2.562017681374034,0.2706243200722649,True,True,2,0.0,True,"ANSWER: B
SUPPORTING: Acute laryngitis; Croup
List at least two findings from the patient's description that support your answer:
1. The patient has a high-pitched sound when breathing in, which is a characteristic symptom of acute laryngitis.
2. The patient has a hoarse voice, which is also a common symptom of acute laryngitis."
2,21,953,0.2327,D,D,True,True,442,0.14886145560963565,48,2.9555201499163077,0.43172993482293465,True,True,2,0.5,True,"ANSWER: D
SUPPORTING: Acute pulmonary edema; Symptoms worse when lying down and alleviated while sitting up
The patient's symptoms, including severe chest pain, shortness of breath, swelling in the ankles and calves, and worsening symptoms when lying down, are highly indicative of acute pulmonary edema. These symptoms are consistent with fluid accumulation in the lungs, which can cause difficulty breathing and swelling in the extremities."
2,22,949,0.2317,C,C,True,True,391,0.14553852551493177,48,2.8774179315347967,0.39121011512276915,True,True,2,1.0,True,"ANSWER: C
SUPPORTING: shortness of breath or difficulty breathing; swelling in one or more areas of your body
The patient's symptoms of shortness of breath, especially when lying down and alleviated while sitting up, along with swelling in the ankles and calves, are highly indicative of acute pulmonary edema, which is characterized by fluid accumulation in the lungs and lower extremities."
2,23,835,0.2039,B,D,False,True,347,0.14358939125893994,48,2.4978571187753094,0.40561218907523144,True,True,2,0.5,True,"ANSWER: D
SUPPORTING: Acute rhinosinusitis; Cough
The patient's symptoms include a cough, greenish or yellowish nasal discharge, and pain localized to the cheek and forehead, which are consistent with acute rhinosinusitis. Additionally, the presence of a deviated nasal septum and polyps in the nose can contribute to the development of sinusitis."
2,24,769,0.1877,E,E,True,True,642,0.14629003647420927,48,2.343688292680561,0.5510622799032922,True,True,2,0.5,True,"ANSWER: E
SUPPORTING: sore throat; cough with colored or more abundant sputum
The patient's symptoms of a sore throat and a cough with colored or more abundant sputum are more consistent with an Upper Respiratory Tract Infection (URTI) rather than the other options provided. Cluster headaches typically present with severe, one-sided pain around the eye, not a sore throat or cough. Pneumonia and bronchiectasis would likely present with more severe symptoms such as high fever, significant shortness of breath, and possibly more localized chest pain. Bronchitis might present with a cough but usually without the significant pain described."
2,25,951,0.2322,D,A,False,True,305,0.14415418686548365,48,2.856054827272395,0.21769017667194338,True,True,2,0.5,True,"ANSWER: A) URTI
SUPPORTING: URTI; fever
List at least two findings from the patient's description that support your answer:
1. The patient has a fever.
2. The patient reports symptoms consistent with an upper respiratory tract infection (URTI), including nasal congestion, a clear runny nose, and a cough."
2,26,806,0.1968,C,C,True,True,667,0.1453559450958485,48,2.4407685780677895,0.4239124418455028,True,True,2,0.5,True,"ANSWER: C
SUPPORTING: Acute dystonic reactions; Shortness of breath or difficulty breathing in a significant way
The patient's symptoms of shortness of breath or difficulty breathing in a significant way, along with the history of starting or taking antipsychotic medication within the last 7 days and being treated in the hospital for nausea, agitation, intoxication, or aggressive behavior, strongly support the diagnosis of acute dystonic reactions. These reactions often occur shortly after starting antipsychotic medications and can present with symptoms such as difficulty opening the mouth, jaw pain, facial muscle spasms, and difficulty speaking or breathing."
2,27,917,0.2239,B,A,False,True,458,0.1432535255219957,48,2.736739227159793,0.3328777549741223,True,True,2,0.0,True,"ANSWER: A
SUPPORTING: Possible NSTEMI / STEMI; Unstable angina
List at least two findings from the patient's description that support your answer:
1. The patient has experienced significant chest pain even at rest, which is a hallmark symptom of myocardial infarction (NSTEMI/STEMI) and unstable angina.
2. The pain is described as tedious, heavy, and exhausting, which aligns with the characteristics of ischemic chest pain associated with these conditions."
2,28,861,0.2102,C,C,True,True,336,0.14233947067209382,48,2.553214255180683,0.38985873790443115,True,True,2,0.5,True,"ANSWER: C
SUPPORTING: Pulmonary embolism; Deep vein thrombosis
The patient's symptoms of chest pain, shortness of breath, swelling in the legs, and a history of deep vein thrombosis strongly support a diagnosis of pulmonary embolism. Additionally, the recent surgery and travel history further increase the likelihood of this condition."
2,29,878,0.2144,A,A,True,True,390,0.14045737203897524,48,2.569199430212922,0.5198086056306751,True,True,2,0.5,True,"ANSWER: A
SUPPORTING: Scombroid food poisoning; Shortness of breath
The patient's symptoms of shortness of breath, lightheadedness, red cheeks, rash, and heart palpitations, along with the history of consuming dark-fleshed fish, strongly suggest scombroid food poisoning. This condition is often associated with eating contaminated fish, which can cause symptoms similar to those described."
2,30,802,0.1958,B,C,False,True,458,0.14672495381934372,48,2.451529436731535,0.43554535085385515,True,True,2,0.0,True,"ANSWER: C
SUPPORTING: Cluster headache; pain located in the forehead, eye(R), eye(L)
The patient's symptoms of sharp pain localized in the forehead and eyes, along with the rapid onset and radiation to other locations such as the back of the head, nose, and temple on the right side, are characteristic of a cluster headache. Additionally, the presence of polyps in the nose and a deviated nasal septum can contribute to the development of cluster headaches."
2,31,802,0.1958,C,B,False,True,456,0.14399364713273624,48,2.4058938541761345,0.4334361720401814,True,True,2,0.0,True,"ANSWER: B
SUPPORTING: Stable angina; Symptoms increased with physical exertion but alleviated with rest

The patient's symptoms, including chest pain that is sharp (knife stroke), located on the side of the chest, and exacerbated by physical activity, are characteristic of stable angina. Additionally, the symptom of shortness of breath with minimal physical effort and relief of symptoms when sitting up also align with the presentation of stable angina."
2,32,885,0.2161,A,A,True,True,476,0.14218119548696237,48,2.6214657917908686,0.5490694779307989,True,True,2,0.0,True,"ANSWER: A
SUPPORTING: Possible NSTEMI / STEMI; The patient is experiencing sharp, intense pain in multiple locations including the side of the chest, breast, and thoracic spine, which could indicate cardiac issues. Additionally, the patient has a history of high cholesterol, smoking, and a family history of cardiovascular disease, all of which are risk factors for heart attacks. The pain is also radiating to the shoulder and jaw, which are common signs of a cardiac event."
2,33,751,0.1833,D,B,False,True,357,0.1471416551705837,48,2.3021538131897574,0.37967863251837286,True,True,2,0.5,True,"ANSWER: B
SUPPORTING: Acute COPD exacerbation / infection; Cystic fibrosis
The patient's history of cystic fibrosis and chronic obstructive pulmonary disease (COPD) along with the symptom of a cough producing colored or more abundant sputum supports an acute exacerbation of COPD, which can often lead to increased sputum production and potential infection."
2,34,1010,0.2466,A,A,True,True,384,0.14523903915110628,48,3.056071448804528,0.36760322284383024,True,True,2,0.5,True,"ANSWER: A
SUPPORTING: Anaphylaxis; Severe food allergy
The patient has symptoms consistent with anaphylaxis, including exposure to an allergen, diarrhea, abdominal pain, skin rash, and respiratory symptoms such as shortness of breath and wheezing. These symptoms align closely with the signs and symptoms of anaphylaxis, making it the most likely diagnosis among the options provided."
2,35,804,0.1963,D,D,True,True,372,0.145867105343815,48,2.4432740145089014,0.41113983047267394,True,True,2,0.5,True,"ANSWER: D
SUPPORTING: Pericarditis; Pain increased when breathing in deeply
The patient's symptoms, including the presence of pericarditis and pain that increases with deep breathing, strongly support a diagnosis of pericarditis. Additionally, the patient's history of a recent viral infection further supports this diagnosis, as viral infections can lead to pericarditis."
2,36,970,0.2368,C,C,True,True,448,0.1446494654163509,48,2.9231246136220914,0.4098708064564741,True,True,2,0.5,True,"ANSWER: C
SUPPORTING: HIV (initial infection); diffuse (widespread) muscle pain
The patient's symptoms, including swollen or painful lymph nodes, diarrhea, fatigue, fever, and a rash with lesions, are consistent with early signs of HIV infection. Additionally, the patient reports having had sexual intercourse with an HIV-positive partner in the past year and is currently using intravenous drugs, which are high-risk factors for HIV transmission."
2,37,788,0.1924,E,C,False,True,349,0.14621899732148685,48,2.4004285393610756,0.34559395144373245,True,True,2,1.0,True,"ANSWER: C
SUPPORTING: Do you feel your heart is beating fast (racing), irregularly (missing a beat) or do you feel palpitations; Do you feel slightly dizzy or lightheaded
The patient's symptoms of palpitations, dizziness, and a racing heartbeat are more indicative of atrial fibrillation, which is a cardiac arrhythmia that can cause these symptoms."
2,38,758,0.1851,C,C,True,True,365,0.14647517763664536,48,2.313087180178691,0.40873095742584475,True,True,2,0.5,True,"ANSWER: C
SUPPORTING: Bronchospasm / acute asthma exacerbation; Chronic sinusitis
The patient's history includes multiple asthma attacks, hospitalizations for asthma, and current symptoms of a cough, which strongly support a diagnosis of bronchospasm or acute asthma exacerbation. Additionally, the presence of chronic sinusitis further supports respiratory issues."
2,39,842,0.2056,A,B,False,True,499,0.14553056599463482,48,2.552848678489219,0.5506323620904481,True,True,2,0.5,True,"ANSWER: B
SUPPORTING: Cluster headache; pain somewhere
The patient describes pain characterized as burning and sharp, which is localized but affects multiple areas including the forehead, cheek, eye, and back of the head. This pattern of pain, along with the intensity and rapid onset, is consistent with cluster headache. Additionally, the presence of other symptoms such as loss of smell and history of conditions like polyps in the nose and a deviated nasal septum further support this diagnosis."
4,0,1140,0.2783,C,C,True,True,573,0.14382412912371229,48,3.415823066688167,0.3741290586067845,True,True,2,0.5,True,"ANSWER: C
SUPPORTING: Allergic sinusitis; Nasal congestion or a clear runny nose
The patient's symptoms of nasal congestion or a clear runny nose, severe itching in one or both eyes, and itchy nose or back of the throat strongly suggest an allergic reaction. Living in a big city could increase exposure to allergens such as pollen, dust mites, and mold, which are common triggers for allergic sinusitis. Additionally, the absence of recent travel and the presence of other allergy-related symptoms make allergic sinusitis the most likely diagnosis among the given options."
4,1,1245,0.304,E,E,True,True,256,0.13865224982466887,48,3.5962927298273484,0.28773741964957056,True,True,2,0.0,True,"ANSWER: E
SUPPORTING: Bronchospasm; acute asthma exacerbation
Listed symptoms such as shortness of breath, wheezing, history of asthma, recent cold, and exposure to secondhand smoke strongly support a diagnosis of bronchospasm or acute asthma exacerbation."
4,2,1370,0.3345,A,A,True,True,531,0.13592118059779743,48,3.8794170295621346,0.46643876588430966,True,True,2,0.0,True,"ANSWER: A
SUPPORTING: Panic attack; Detached from own body or surroundings
The patient's symptoms, including significant sweating, chest pain characterized as a cramp, shortness of breath, fear of dying, and feeling detached from her own body or surroundings, are highly indicative of a panic attack. These symptoms align closely with the diagnostic criteria for a panic attack, which often includes somatic symptoms such as chest pain, palpitations, and shortness of breath, as well as feelings of detachment or depersonalization."
4,3,1308,0.3193,A,A,True,True,393,0.1365677727312348,48,3.721471806926148,0.5485223291603065,True,True,2,0.0,True,"ANSWER: A
SUPPORTING: Pulmonary neoplasm; Unstable angina
The patient's symptoms, including loss of appetite, rapid satiety, fatigue, shortness of breath, and a history of smoking and family history of lung cancer, strongly suggest a pulmonary neoplasm. Additionally, the presence of chest pain, even if mild, could indicate unstable angina, which is also a possibility given her risk factors."
4,4,1295,0.3162,A,E,False,True,389,0.1360121821058645,48,3.669495329731136,0.40942808965841093,True,True,2,0.0,True,"ANSWER: E
SUPPORTING: Viral pharyngitis; Acute laryngitis
List of findings supporting the answer:
1. Pain that improves when you lean forward: This symptom is commonly associated with viral pharyngitis and acute laryngitis.
2. Severe pain (characterized as a knife stroke, sharp) and high intensity (pain level 9): These symptoms are consistent with viral pharyngitis and acute laryngitis."
4,5,1320,0.3223,D,D,True,True,605,0.1337681014431375,48,3.6786227896862815,0.34549495445039957,True,True,2,0.0,True,"ANSWER: D
SUPPORTING: Pulmonary embolism; Acute pulmonary edema
List of findings supporting the answer:
1. The patient has an active cancer, which increases the risk of developing blood clots.
2. The patient has a history of deep vein thrombosis (DVT).
3. The patient has experienced shortness of breath or difficulty breathing in a significant way.
4. The patient has swelling in the posterior aspect of the ankle and calf, which could indicate a DVT.
5. The patient experiences pain that is increased when breathing in deeply, which can be a symptom of both pulmonary embolism and acute pulmonary edema."
4,6,1256,0.3066,D,D,True,True,381,0.13950412871206705,48,3.650358034632421,0.2854513114162891,True,True,2,0.5,True,"ANSWER: D
SUPPORTING: URTI; sore throat
The patient's symptoms of a sore throat, cough producing colored or more abundant sputum, and nasal congestion or a clear runny nose are consistent with Upper Respiratory Tract Infection (URTI). Additionally, living with multiple people, attending or working in a daycare, smoking, and exposure to secondhand smoke are risk factors for URTI."
4,7,1353,0.3303,E,A,False,True,575,0.132558512590626,48,3.7364930736482704,0.5722147785141859,True,True,2,0.0,True,"ANSWER: A
SUPPORTING: Possible NSTEMI / STEMI; The patient's symptoms include chest pain (characterized as heavy), pain radiating to multiple locations, shortness of breath, nausea, and pain exacerbated by physical activity—all of which are concerning for a cardiac event such as a myocardial infarction (NSTEMI/STEMI).

Additionally, the patient has a history of diabetes, hypertension, and a family history of cardiovascular disease, which are risk factors for coronary artery disease. The rapid onset of pain (score 9) also supports the possibility of a cardiac emergency."
4,8,1233,0.301,D,B,False,True,450,0.14178187626187672,48,3.642021946476958,0.4729249051429511,True,True,2,0.0,True,"ANSWER: B
SUPPORTING: URTI; Influenza
The patient reports symptoms consistent with Upper Respiratory Tract Infection (URTI) and Influenza, including fever, nasal congestion, runny nose, and cough. These symptoms are more aligned with viral infections rather than bacterial infections like tuberculosis or acute otitis media, or conditions like bronchitis which typically present with different symptoms such as persistent cough and sputum production."
4,9,1629,0.3977,D,B,False,True,450,0.12773404359216844,48,4.334974104409216,0.25234428729194375,True,True,2,0.0,True,"ANSWER: B
SUPPORTING: Bronchitis; Pneumonia
List at least two findings from the patient's description that support your answer:
1. The patient has a cough that produces colored or more abundant sputum than usual, which is a common symptom of both bronchitis and pneumonia.
2. The patient experiences shortness of breath or difficulty breathing, which can occur in both bronchitis and pneumonia due to inflammation and fluid accumulation in the lungs."
4,10,1279,0.3123,B,E,False,True,539,0.137500373373309,48,3.663812032176296,0.4978487795784186,True,True,2,0.5,True,"ANSWER: E
SUPPORTING: Acute laryngitis; Pain that improves when you lean forward

The patient's symptoms, including a sharp pain localized to the tonsil (right), side of the neck (left), palate, pharynx, or under the jaw, along with a fever, increased salivation, and hoarseness, strongly suggest acute laryngitis. Additionally, the pain improving when leaning forward is a characteristic symptom of laryngitis. The other diagnoses are less likely given the absence of typical cardiovascular symptoms and the lack of recent travel history."
4,11,1253,0.3059,B,B,True,True,357,0.14081049863828196,48,3.675740724870152,0.19404069690626585,True,True,2,0.0,True,"ANSWER: B
SUPPORTING: Viral pharyngitis; URTI
List at least two findings from the patient's description that support your answer:
1. The patient is coughing up blood, which can be associated with viral pharyngitis.
2. The patient has a fever and nasal congestion or a clear runny nose, which are common symptoms of upper respiratory tract infections (URTI)."
4,12,1276,0.3115,E,E,True,True,460,0.13643636334170933,48,3.6269333255004397,0.4822712943383925,True,True,2,0.0,True,"ANSWER: E
SUPPORTING: Myocarditis; symptoms increased with physical exertion but alleviated with rest

The patient's symptoms, including chest pain that is severe (8/10) and exacerbated by physical activity, along with shortness of breath and fatigue, are highly suggestive of myocarditis. Myocarditis often presents with these symptoms due to inflammation of the heart muscle, which can lead to reduced cardiac function and symptoms that worsen with exertion."
4,13,1319,0.322,E,E,True,True,910,0.1336615023231373,48,3.672906699254544,0.4035348383009934,True,True,2,0.0,True,"ANSWER: E
SUPPORTING: Possible NSTEMI / STEMI; Pulmonary embolism
List of findings supporting the answer:
1. The patient has an active cancer, which increases the risk of complications such as pulmonary embolism.
2. The patient has experienced shortness of breath or difficulty breathing, a common symptom of pulmonary embolism.
3. The patient has a history of deep vein thrombosis (DVT), increasing the risk of pulmonary embolism.
4. The patient has swelling in the calf, which could indicate DVT, a precursor to pulmonary embolism.
5. The pain is characterized as a ""knife stroke"" and is located on the side of the chest, which can be indicative of both NSTEMI/STEMI and pulmonary embolism.
6. The pain is exacerbated by deep breathing, a symptom often associated with pulmonary embolism.
7. The patient has had surgery within the last month, which also increases the risk of developing a pulmonary embolism."
4,14,1518,0.3706,B,B,True,True,387,0.13375963451210315,48,4.230148441445262,0.4936239767073662,True,True,2,1.0,True,"ANSWER: B
SUPPORTING: Pneumonia; Fever
The patient presents with fever, shortness of breath, chest pain, and a rash. These symptoms, especially the presence of fever and respiratory symptoms, strongly suggest pneumonia. Additionally, the history of chronic obstructive pulmonary disease (COPD) and heart failure further increases the likelihood of a respiratory infection like pneumonia."
4,15,1356,0.3311,A,B,False,True,567,0.13041481609512406,48,3.684218554687255,0.6117538867911825,True,True,2,0.5,True,"ANSWER: B
SUPPORTING: HIV (initial infection); fever
The patient's symptoms, including a high fever, diffuse muscle pain, and a cough, are consistent with early signs of HIV infection. Additionally, the absence of travel history outside the country and the presence of generalized symptoms suggest a local infection rather than an imported disease. While influenza and bronchitis can also present with similar symptoms, the combination of fever, muscle pain, and a cough, especially in an immunosuppressed individual, points more towards HIV as the initial infection."
4,16,1196,0.292,C,C,True,True,470,0.14486782095251344,48,3.6096232054001263,0.3335655890929864,True,True,2,0.5,True,"ANSWER: C
SUPPORTING: Acute COPD exacerbation / infection; Chronic obstructive pulmonary disease (COPD)

The patient is a 44-year-old female with a history of COPD, who is experiencing wheezing, shortness of breath, cough, and production of colored or more abundant sputum. These symptoms are consistent with an acute exacerbation of her COPD. Additionally, her occupation in construction and mining could expose her to irritants that might trigger such an exacerbation."
4,17,1284,0.3135,C,C,True,True,646,0.1392601260260308,48,3.725208371196324,0.5866030652455495,True,True,2,0.5,True,"ANSWER: C
SUPPORTING: URTI; sore throat
The patient's symptoms of a sore throat, diffuse muscle pain, cough, and fever are consistent with Upper Respiratory Tract Infection (URTI). The presence of multiple people in close quarters (living and working environment), smoking, and exposure to secondhand smoke also increase the likelihood of URTI. Bronchitis typically presents with a productive cough and may not include the sore throat and fever as prominently. Influenza can present similarly but often includes more severe systemic symptoms. HIV and pneumonia would require additional specific symptoms and risk factors not present in this case."
4,18,1353,0.3303,C,C,True,True,355,0.13856419809644988,48,3.905778333843681,0.49490778015703046,True,True,2,1.0,True,"ANSWER: C
SUPPORTING: Anemia; Fatigue
The patient's symptoms of fatigue, poor diet, history of anemia, family history of anemia, and the use of new oral anticoagulants (NOACs) strongly support the diagnosis of anemia. Additionally, the patient's travel history to South Africa could indicate a risk of malaria, which is also a cause of fatigue and anemia."
4,19,1327,0.324,C,C,True,True,535,0.13927100531594758,48,3.8502630011304673,0.39298333530771845,True,True,2,1.0,True,"ANSWER: C
SUPPORTING: Anemia; Chronic kidney failure
The patient's symptoms of constant fatigue, non-restful sleep, and recent black stools (indicative of gastrointestinal bleeding) are strongly supportive of anemia. Additionally, the history of a poor diet, previous diagnosis of anemia, and family history of anemia further point towards this diagnosis. The patient's chronic kidney failure could also contribute to anemia by reducing the body's ability to produce erythropoietin, a hormone that stimulates red blood cell production."
4,20,1314,0.3208,C,B,False,True,350,0.1356523827594877,48,3.7134839780409763,0.40030577739224044,True,True,2,0.5,True,"ANSWER: B
SUPPORTING: Acute laryngitis; Difficulty swallowing
The patient's symptoms of a sharp, localized pain that improves when leaning forward, difficulty swallowing, and a change in voice tone are consistent with acute laryngitis. Additionally, the presence of a fever and the high-pitched sound when breathing in further support this diagnosis."
4,21,1416,0.3457,D,D,True,True,591,0.13774990817219604,48,4.063622291079783,0.4206297832320081,True,True,2,0.5,True,"ANSWER: D
SUPPORTING: Acute pulmonary edema; Symptoms worse when lying down and alleviated while sitting up

The patient's symptoms, including severe chest pain, shortness of breath, swelling in the ankles and calves, and worsening symptoms when lying down, are highly indicative of acute pulmonary edema. This condition often causes dyspnea that worsens when the patient lies flat and improves when sitting upright due to the redistribution of fluid in the lungs. Additionally, the presence of swelling in the lower extremities and a history of heart failure further support this diagnosis."
4,22,1412,0.3447,C,C,True,True,373,0.13473221552454182,48,3.963372673346938,0.46843205189525194,True,True,2,0.5,True,"ANSWER: C
SUPPORTING: Acute pulmonary edema; Shortness of breath or difficulty breathing in a significant way
The patient's symptoms of shortness of breath, swelling in the ankles and calves, and worsening symptoms when lying down are highly indicative of acute pulmonary edema. These symptoms are often associated with heart failure, which the patient also reports having."
4,23,1298,0.3169,B,D,False,True,398,0.1378924796853725,48,3.7288424714919475,0.4440203991572041,True,True,2,0.5,True,"ANSWER: D
SUPPORTING: Acute rhinosinusitis; Cough

The patient's symptoms of a cough, greenish or yellowish nasal discharge, and pain localized to the cheek and radiating to the back of the head and temples strongly support a diagnosis of acute rhinosinusitis. These symptoms are consistent with inflammation and infection in the sinuses, which often present with these specific signs and symptoms."
4,24,1232,0.3008,E,E,True,True,786,0.14142204565976874,48,3.6298325052673976,0.5550634683674527,True,True,2,0.5,True,"ANSWER: E
SUPPORTING: sore throat; cough with colored or more abundant sputum
The patient's symptoms of a sore throat and a cough with colored or more abundant sputum are more consistent with Upper Respiratory Tract Infection (URTI). The presence of these symptoms, along with the patient's history of exposure to secondhand smoke, supports this diagnosis. Cluster headaches typically present with pain localized to one side of the head, often around the eye, and do not usually present with respiratory symptoms. Pneumonia and bronchiectasis would also present with more severe respiratory symptoms and are less likely given the absence of other systemic signs. Bronchitis could be considered but the presence of significant sputum production suggests a more acute infection like URTI."
4,25,1414,0.3452,D,A,False,True,249,0.1300016206203799,48,3.829631074108691,0.4932080571969487,True,True,2,0.5,True,"ANSWER: A
SUPPORTING: URTI; fever
Listed symptoms such as fever, pain in the back of the head and neck, rash, and nasal congestion are consistent with Upper Respiratory Tract Infection (URTI). The presence of a cough further supports this diagnosis."
4,26,1269,0.3098,C,C,True,True,560,0.1405411696129624,48,3.7155571716426934,0.33919654568651153,True,True,2,0.5,True,"ANSWER: C
SUPPORTING: Acute dystonic reactions; Shortness of breath or difficulty breathing in a significant way
The patient's symptoms of shortness of breath or difficulty breathing in a significant way, along with other dystonic symptoms such as trouble keeping her tongue in her mouth, having a hard time opening her eyelids, and muscle spasms, strongly suggest an acute dystonic reaction, which can occur as a side effect of antipsychotic medications. Additionally, the recent use of antipsychotic medication within the last 7 days supports this diagnosis."
4,27,1380,0.3369,B,A,False,True,913,0.1352646603202466,48,3.8888589842070895,0.5077307073838988,True,True,2,0.0,True,"ANSWER: A
SUPPORTING: Possible NSTEMI / STEMI; Unstable angina
The patient presents with significant symptoms including severe chest pain at rest, which is described as heavy and exhausting, and has a pain intensity of 10. The pain also radiates to multiple locations such as the biceps and thyroid cartilage. Additionally, the patient has a history of diabetes, high cholesterol, smoking, and hypertension, all of which are risk factors for cardiovascular disease. The sudden onset of severe chest pain, especially when associated with other cardiovascular risk factors, strongly suggests a possible NSTEMI (Non-ST Elevation Myocardial Infarction) or STEMI (ST Elevation Myocardial Infarction). Unstable angina is also a possibility given the patient's history and the nature of the pain. Other conditions like Boerhaave syndrome, anaphylaxis, and GERD are less likely based on the provided symptoms and history."
4,28,1324,0.3232,C,C,True,True,319,0.13416477789732534,48,3.700711790334557,0.4081093955950496,True,True,2,0.5,True,"ANSWER: C
SUPPORTING: Pulmonary embolism; Deep vein thrombosis

The patient's symptoms, including shortness of breath, pain that increases with deep breathing, and swelling in the legs, are highly suggestive of a pulmonary embolism. The history of deep vein thrombosis and recent surgery further support this diagnosis."
4,29,1341,0.3274,A,A,True,True,397,0.13282673767913517,48,3.7108469839108387,0.47272644981610845,True,True,2,0.5,True,"ANSWER: A
SUPPORTING: Scombroid food poisoning; Shortness of breath
The patient's symptoms of shortness of breath, lightheadedness, dizziness, sudden facial redness, rash on multiple body parts, and heart palpitations are consistent with scombroid food poisoning. Additionally, the history of consuming dark-fleshed fish (such as tuna) before the reaction occurred further supports this diagnosis."
4,30,1265,0.3088,B,C,False,True,417,0.1403018350219221,48,3.6975379438069047,0.4015099351780778,True,True,2,0.0,True,"ANSWER: C
SUPPORTING: Cluster headache; pain in the forehead, eye(R), eye(L)
The patient's symptoms of sharp pain localized around the eyes and forehead, which radiates to the back of the head, forehead, nose, and temple on the right side, strongly suggest a cluster headache. Additionally, the patient's history of polyps in the nose and a deviated nasal septum could contribute to the development of such headaches."
4,31,1265,0.3088,C,E,False,True,521,0.1379500700441077,48,3.6355591376207546,0.5756575837617451,True,True,2,0.0,True,"ANSWER: E
SUPPORTING: Chest pain with a knife-like character; Pain increased with physical exertion
The patient's symptoms, including chest pain described as a knife stroke, which is exacerbated by physical exertion and relieved by rest, along with shortness of breath and worsening symptoms when lying down, are highly suggestive of a cardiac issue such as a myocardial infarction (NSTEMI/STEMI). These symptoms are also consistent with unstable angina, making option E the most likely diagnosis among the given choices."
4,32,1348,0.3291,A,A,True,True,536,0.13325656002738515,48,3.7422883941023994,0.47600538105141305,True,True,2,0.0,True,"ANSWER: A
SUPPORTING: Possible NSTEMI / STEMI; The patient's symptoms include sharp, sickening, and scary pain, which is severe and located in multiple areas including the side of the chest, breast, and thoracic spine. The pain is also radiating to other locations such as the biceps and under the jaw, and the patient has a history of high cholesterol, smoking, and a family history of cardiovascular disease. These factors, combined with the intensity and location of the pain, suggest a possible myocardial infarction (NSTEMI/STEMI)."
4,33,1214,0.2964,D,B,False,True,498,0.14534961828289372,48,3.6761340957381874,0.39704147992232536,True,True,3,0.6666666666666666,True,"ANSWER: B
SUPPORTING: Acute COPD exacerbation / infection; Cystic fibrosis; Chronic obstructive pulmonary disease (COPD)

The patient's history includes cystic fibrosis and chronic obstructive pulmonary disease (COPD), which are both conditions that can lead to exacerbations of respiratory symptoms. The presence of a cough producing colored or more abundant sputum than usual, along with shortness of breath, supports the likelihood of an acute exacerbation of COPD, especially given her history."
4,34,1473,0.3596,A,A,True,True,267,0.13956428132515933,48,4.282878883165827,0.3699732696403731,True,True,2,0.5,True,"ANSWER: A
SUPPORTING: Anaphylaxis; Severe food allergy
The patient has a history of a known severe food allergy and is currently experiencing symptoms such as diarrhea, abdominal pain, rash, swelling, and respiratory distress, which are characteristic of anaphylaxis."
4,35,1267,0.3093,D,D,True,True,622,0.13808077797745075,48,3.644757202029793,0.4874136401077117,True,True,2,1.0,True,"ANSWER: D
SUPPORTING: Pericarditis; Pain that is increased when you breathe in deeply

The patient's symptoms, including the sharp pain localized in the lower chest, which worsens with deep breathing and lying down, and improves when sitting up, are highly suggestive of pericarditis. Additionally, the history of a recent viral infection and previous episode of pericarditis further support this diagnosis. While pulmonary embolism and spontaneous pneumothorax can also cause pleuritic chest pain, the specific pattern of pain and the patient's history make pericarditis the most likely diagnosis among the given options."
4,36,1433,0.3499,C,C,True,True,520,0.1367077919027312,48,4.081297204096121,0.4460850089731715,True,True,2,0.5,True,"ANSWER: C
SUPPORTING: HIV (initial infection); diffuse (widespread) muscle pain
The patient's symptoms, including swollen or painful lymph nodes, diarrhea, fatigue, fever, and a rash with lesions, are consistent with early signs of HIV infection. Additionally, the patient reports having had sexual intercourse with an HIV-positive partner in the past year and is currently using intravenous drugs, which are high-risk factors for HIV transmission. The presence of widespread muscle pain further supports this diagnosis."
4,37,1251,0.3054,E,C,False,True,444,0.1405798282971627,48,3.6638617749948033,0.4903449620714286,True,True,2,0.5,True,"ANSWER: C
SUPPORTING: Atrial fibrillation; Shortness of breath or difficulty breathing
The patient's symptoms of dizziness, lightheadedness, rapid heartbeat, and palpitations are more consistent with atrial fibrillation, a condition where the heart beats irregularly and often too fast. These symptoms are also supported by the patient's history of feeling anxious and regularly taking stimulant drugs, which can exacerbate heart rhythm issues."
4,38,1221,0.2981,C,C,True,True,317,0.1424593076461584,48,3.623808638249155,0.2728626984110714,True,True,2,0.0,True,"ANSWER: C
SUPPORTING: Bronchospasm; acute asthma exacerbation
Listed symptoms such as shortness of breath, a persistent cough, history of multiple asthma attacks and hospitalizations, exposure to secondhand smoke, and living in a big city all strongly support a diagnosis of bronchospasm or acute asthma exacerbation."
4,39,1305,0.3186,A,B,False,True,422,0.13785378482392746,48,3.747899774900528,0.5237406709795548,True,True,2,0.5,True,"ANSWER: B
SUPPORTING: Cluster headache; pain somewhere
The patient describes a burning and sharp pain localized to the forehead and cheek on the right side, which is characteristic of cluster headaches. Additionally, the pain radiates to the back of the head and other locations, and the patient has a history of polyps in the nose and a deviated nasal septum, which can contribute to the development of cluster headaches."
6,0,1597,0.3899,C,C,True,True,637,0.14263197423360738,48,4.745484642730646,0.4201035971951676,True,True,2,0.5,True,"ANSWER: C
SUPPORTING: Allergic sinusitis; nasal congestion or a clear runny nose
The patient's symptoms of nasal congestion or a clear runny nose, severe itching in one or both eyes, and itchy nose or back of throat strongly suggest an allergic reaction. The fact that the patient lives in a big city could indicate exposure to allergens such as pollen, dust mites, or mold, which are common triggers for allergic sinusitis. Additionally, the presence of a cough supports the idea of an upper respiratory tract infection (URTI) being secondary to allergies, making allergic sinusitis the most likely diagnosis among the options provided."
6,1,1702,0.4155,E,E,True,True,443,0.13565682133344206,48,4.810164789781633,0.4426425644339054,True,True,2,0.0,True,"ANSWER: E
SUPPORTING: Bronchitis; Bronchospasm / acute asthma exacerbation
The patient's symptoms of a cough, shortness of breath, wheezing, history of asthma, recent cold, chronic sinusitis, exposure to secondhand smoke, and living in a big city all strongly support a diagnosis of bronchospasm or acute asthma exacerbation. These factors are consistent with the patient's history and current symptoms, making options A through D less likely."
6,2,1827,0.446,A,A,True,True,517,0.13253134764407376,48,5.044474419702557,0.48992125826673905,True,True,2,0.0,True,"ANSWER: A
SUPPORTING: Panic attack; Detachment from body or surroundings
The patient's symptoms, including significant sweating, chest pain characterized as a cramp, shortness of breath, fear of dying, and detachment from her own body or surroundings, are highly indicative of a panic attack. These symptoms align closely with the diagnostic criteria for a panic attack, which often includes autonomic symptoms (sweating), somatic symptoms (chest pain, shortness of breath), and cognitive symptoms (feeling detached)."
6,3,1765,0.4309,A,A,True,True,494,0.13313958091928052,48,4.895653340052711,0.4324120300761075,True,True,2,0.0,True,"ANSWER: A
SUPPORTING: Pulmonary neoplasm; Unstable angina

The patient's symptoms, including shortness of breath, fatigue, loss of appetite, and unintentional weight loss, are concerning for a pulmonary neoplasm. Additionally, the patient's history of smoking, exposure to secondhand smoke, and family history of lung cancer further support this diagnosis. While unstable angina could also present with chest pain, the other symptoms are more indicative of a pulmonary issue such as a neoplasm."
6,4,1752,0.4277,A,E,False,True,423,0.1300067670836467,48,4.745246998553105,0.3905510987996915,True,True,2,0.0,True,"ANSWER: E
SUPPORTING: Viral pharyngitis; Acute laryngitis
List of findings supporting the diagnosis of viral pharyngitis and acute laryngitis include:
- Pain that improves when leaning forward
- Sharp, severe pain
- Difficulty swallowing and a sensation of blockage
- Excessive production of saliva
- Hoarse or changed voice tone
These symptoms are commonly associated with viral infections affecting the throat and larynx."
6,5,1777,0.4338,D,D,True,True,887,0.1322000302399932,48,4.894155286176415,0.42589296488344897,True,True,4,0.25,True,"ANSWER: D
SUPPORTING: Pulmonary embolism; Shortness of breath or difficulty breathing in a significant way; Swelling in one or more areas of the body; Pain that is increased when breathing in deeply

The patient's symptoms of shortness of breath, swelling in the posterior aspect of the ankle and calf, and pain that worsens with deep breathing are highly suggestive of a pulmonary embolism. Additionally, the patient's history of deep vein thrombosis and recent surgery increases the risk for developing a pulmonary embolism. Pericarditis typically presents with chest pain that is often described as sharp and localized, which does not match the patient's description. Panic attacks and acute pulmonary edema would not explain the swelling in the lower extremities. While a possible NSTEMI/STEMI could present with chest pain, the other symptoms do not strongly support this diagnosis."
6,6,1713,0.4182,D,D,True,True,535,0.13542560982310264,48,4.833001450561976,0.34608549453871273,True,True,4,0.75,True,"ANSWER: D
SUPPORTING: URTI; sore throat; cough; nasal congestion

The patient's symptoms of a sore throat, cough producing colored or more abundant sputum, and nasal congestion are most consistent with Upper Respiratory Tract Infection (URTI). The presence of multiple people in the living environment, attending or working in a daycare, and exposure to secondhand smoke also increase the likelihood of URTI. Cluster headaches, bronchiectasis, chronic rhinosinusitis, and bronchitis do not align as closely with the described symptoms."
6,7,1810,0.4419,E,D,False,True,776,0.13051818217617556,48,4.921623119559953,0.6798641698647265,True,True,2,0.0,True,"ANSWER: D
SUPPORTING: Possible NSTEMI / STEMI; Panic attack
The patient's symptoms, including heavy chest pain, radiation to multiple locations, increased pain with exertion and relief with rest, and associated shortness of breath and nausea, are highly suggestive of stable angina. These symptoms are also consistent with a possible NSTEMI/STEMI, but the history of regular exercise and the lack of recent travel make stable angina more likely. The presence of diabetes, obesity, and a family history of cardiovascular disease further supports the diagnosis of stable angina. While panic attacks can cause chest pain, the other symptoms and history make this less likely. Boerhaave syndrome is a rare condition involving a tear in the esophagus and would present differently."
6,8,1690,0.4126,D,B,False,True,394,0.1345350411825552,48,4.73675457496913,0.38902133454535787,True,True,2,0.0,True,"ANSWER: B
SUPPORTING: URTI; Acute otitis media
The patient reports symptoms consistent with Upper Respiratory Tract Infection (URTI), including fever, nasal congestion, runny nose, and cough. Additionally, the patient has pain in both ears, which could indicate acute otitis media. Both conditions are more likely given the patient's symptoms compared to tuberculosis, influenza, or bronchitis."
6,9,2086,0.5093,D,D,True,True,502,0.12301732249421858,48,5.346127806727916,0.5000913295505433,True,True,2,0.0,True,"ANSWER: D
SUPPORTING: Pneumonia; Bronchitis

The patient presents with diffuse muscle pain, cough producing colored or more abundant sputum, fever, and shortness of breath. These symptoms are highly suggestive of pneumonia, which can cause widespread muscle pain and respiratory symptoms. Additionally, the presence of a cough and fever further supports this diagnosis. While bronchitis could also present with similar symptoms, the combination of muscle pain and fever is more indicative of pneumonia."
6,10,1736,0.4238,B,E,False,True,541,0.12863658198234587,48,4.652356381694842,0.4648536825207603,True,True,2,0.5,True,"ANSWER: E
SUPPORTING: Acute laryngitis; Pain that improves when you lean forward

The patient's symptoms, including a sharp pain localized to the tonsil on the right, side of the neck on the left, palate, pharynx, and under the jaw, along with a fever, increased salivation, and hoarseness, strongly suggest acute laryngitis. Additionally, the pain improves when leaning forward, which is a characteristic symptom of laryngitis. The other diagnoses are less likely given the specific symptoms and lack of travel history or recent infections."
6,11,1710,0.4175,B,B,True,True,530,0.13584364158436152,48,4.839429731442879,0.45344345241692274,True,True,2,0.0,True,"ANSWER: B
SUPPORTING: Viral pharyngitis; URTI
The patient's symptoms of coughing up blood, pain in the tonsil (right side), fever, and nasal congestion or clear runny nose are more consistent with a viral upper respiratory tract infection (URTI). The presence of immunosuppression also increases the likelihood of a viral infection. While the other options could present with some of these symptoms, the combination of viral symptoms and immunosuppression makes viral pharyngitis the most likely diagnosis among the given options."
6,12,1733,0.4231,E,E,True,True,572,0.12962331942485814,48,4.679941928401649,0.458625251896973,True,True,4,0.0,True,"ANSWER: E
SUPPORTING: Myocarditis; symptoms increased with physical exertion but alleviated with rest; chest pain; shortness of breath with minimal physical effort

The patient's symptoms, including chest pain that is severe (8/10) and exacerbated by physical activity, shortness of breath even with minimal effort, and generalized fatigue, are highly suggestive of myocarditis. Additionally, the recent history of a viral infection further supports this diagnosis, as viral infections can lead to myocarditis. None of the other options fit the symptom profile as closely."
6,13,1776,0.4336,E,E,True,True,573,0.1314296733526367,48,4.862897914047557,0.4389238986514946,True,True,2,0.0,True,"ANSWER: E
SUPPORTING: Possible NSTEMI / STEMI; Pulmonary embolism
The patient's symptoms include severe, sharp pain in the chest that radiates to multiple locations, shortness of breath, and swelling in the calf, which are concerning for a pulmonary embolism. Additionally, the patient has an active cancer and a history of deep vein thrombosis, both of which increase the risk of developing a pulmonary embolism. While the chest pain could also suggest possible NSTEMI/STEMI, the combination of symptoms and risk factors makes pulmonary embolism the most likely diagnosis."
6,14,1975,0.4822,B,B,True,True,312,0.12888601785909032,48,5.303122609827153,0.4566423308805612,True,True,2,1.0,True,"ANSWER: B
SUPPORTING: Pneumonia; Fever
The patient presents with fever, shortness of breath, chest pain that worsens with deep breaths, and a rash. These symptoms are highly suggestive of pneumonia, especially given the history of chronic obstructive pulmonary disease (COPD) and a previous history of pneumonia."
6,15,1813,0.4426,A,A,True,True,277,0.1281085958858718,48,4.838768423772617,0.5185480932040947,True,True,2,0.5,True,"ANSWER: A
SUPPORTING: Influenza; fever
The patient presents with a high fever, significant pain, fatigue, and a cough, which are common symptoms of influenza. The travel history and immunosuppression status do not strongly suggest HIV, tuberculosis, or other conditions listed."
6,16,1653,0.4036,C,C,True,True,508,0.1402520254075243,48,4.829929124971618,0.3392540328883265,True,True,2,0.5,True,"ANSWER: C
SUPPORTING: Acute COPD exacerbation / infection; Chronic obstructive pulmonary disease (COPD)

The patient's history and symptoms strongly suggest an acute exacerbation of her chronic obstructive pulmonary disease (COPD). The presence of wheezing, shortness of breath, cough with colored or more abundant sputum, and her known history of COPD all point towards this diagnosis. Additionally, her occupation in construction and mining could expose her to irritants that might trigger an exacerbation."
6,17,1741,0.425,C,C,True,True,533,0.13233377167489804,48,4.799856176791614,0.5710793418054706,True,True,2,0.5,True,"ANSWER: C
SUPPORTING: URTI; sore throat
The patient's symptoms of a sore throat, diffuse muscle pain, cough, and fever are consistent with Upper Respiratory Tract Infection (URTI). The presence of multiple people in close quarters (living situation and daycare attendance) increases the likelihood of viral transmission, which is common in URTI cases. Additionally, the absence of travel history and the lack of specific symptoms pointing towards more severe conditions like pneumonia or HIV infection further support this diagnosis."
6,18,1810,0.4419,C,C,True,True,753,0.13569511435639103,48,5.116836603855578,0.49529800096986165,True,True,7,0.5714285714285714,True,"ANSWER: C
SUPPORTING: Anemia; Poor diet; History of anemia in family; Taking new oral anticoagulants; Fatigue; Non-restful sleep; History of travel to South Africa (a known area for Trypanosoma cruzi, which causes Chagas disease)

The patient's symptoms of fatigue, poor diet, history of anemia, and family history of anemia strongly suggest anemia. Additionally, the use of new oral anticoagulants can exacerbate anemia symptoms. While Chagas disease is also a possibility due to travel to South Africa, the combination of anemia-related symptoms makes it more likely. Cluster headaches and anaphylaxis are less likely based on the symptom description, and scombroid food poisoning typically presents with gastrointestinal symptoms rather than fatigue."
6,19,1784,0.4355,C,C,True,True,519,0.13565534995620399,48,5.0418571733722475,0.36008343410355087,True,True,2,1.0,True,"ANSWER: C
SUPPORTING: Anemia; Chronic kidney failure
The patient's symptoms of constant fatigue, non-restful sleep, and recent black stools (indicative of gastrointestinal bleeding) strongly suggest anemia. Additionally, the history of a poor diet, previous diagnosis of anemia, and family history of anemia further support this diagnosis. The patient's chronic kidney failure could also contribute to anemia by reducing the body's ability to produce erythropoietin, a hormone that stimulates red blood cell production."
6,20,1771,0.4324,C,B,False,True,537,0.13366080883554252,48,4.931526925994704,0.42795429769494825,True,True,2,0.5,True,"ANSWER: B
SUPPORTING: Acute laryngitis; Fever

The patient's symptoms, including difficulty swallowing, shortness of breath, fever, and a change in voice tone, are more consistent with acute laryngitis. Additionally, the high-pitched sound when breathing in (stridor) is a common symptom of acute laryngitis. While croup can also cause similar symptoms, the description does not specify barking cough which is typical for croup. The other options (epiglottitis, HIV, and myasthenia gravis) are less likely based on the provided symptoms."
6,21,1873,0.4573,D,D,True,True,591,0.13394674930779982,48,5.226713780281439,0.42718612686547514,True,True,2,0.5,True,"ANSWER: D
SUPPORTING: Acute pulmonary edema; Symptoms worse when lying down and alleviated while sitting up

The patient's symptoms, including severe chest pain, shortness of breath, swelling in the ankles and calves, and worsening symptoms when lying down, are highly suggestive of acute pulmonary edema. This condition often causes dyspnea that worsens when the patient lies flat and improves when sitting upright due to the redistribution of fluid in the lungs. Additionally, the presence of swelling in the lower extremities and a history of heart failure further support this diagnosis."
6,22,1869,0.4563,C,A,False,True,767,0.1326347063950616,48,5.164463880257712,0.3366486324775888,True,True,2,0.0,True,"ANSWER: A
SUPPORTING: Pulmonary embolism; Myocarditis
List of findings supporting the diagnosis of Pulmonary Embolism include:
1. Shortness of breath or difficulty breathing in a significant way.
2. Pain in the side of the chest (R) and posterior chest wall (L).
3. Swelling in the ankles (R, L) and calves (R, L).
4. Symptoms worse when lying down and alleviated while sitting up.
5. History of heart failure and having had a heart attack or angina.
List of findings supporting the diagnosis of Myocarditis include:
1. Pain in the breast (L).
2. Pain radiating to the biceps (L), chin, scapula (R), triceps (R), and shoulder (L).
3. Pain appearing quickly.
4. Fatigue and generalized discomfort.
5. Symptoms increased with physical exertion and alleviated with rest."
6,23,1755,0.4285,B,D,False,True,345,0.13119040187845954,48,4.796649068681177,0.40078386747119416,True,True,2,0.5,True,"ANSWER: D
SUPPORTING: Acute rhinosinusitis; Cough
The patient's symptoms include a cough, greenish or yellowish nasal discharge, and pain localized to the cheek and forehead, which are indicative of acute rhinosinusitis. Additionally, the presence of a deviated nasal septum and polyps in the nose can contribute to the development of sinusitis."
6,24,1689,0.4124,E,E,True,True,427,0.13491211865790126,48,4.7472201752749,0.5307585691155133,True,True,2,0.5,True,"ANSWER: E
SUPPORTING: URTI; sore throat
The patient's symptoms, including a sore throat, significant pain, and a cough producing colored or more abundant sputum, are most consistent with Upper Respiratory Tract Infection (URTI). The presence of a sore throat and cough with altered sputum is a strong indicator of URTI. Additionally, the patient's history of exposure to secondhand smoke could contribute to respiratory issues."
6,25,1871,0.4568,D,A,False,True,366,0.12779181995606342,48,4.981218648704055,0.47938002134156377,True,True,6,0.8333333333333334,True,"ANSWER: A
SUPPORTING: URTI; fever; rash; loss of appetite; nasal congestion; cough

The patient's symptoms strongly suggest an Upper Respiratory Tract Infection (URTI). Key supporting factors include fever, a rash, loss of appetite, nasal congestion, and cough. These symptoms are commonly associated with URTI and do not strongly support the other diagnoses listed."
6,26,1726,0.4214,C,C,True,True,746,0.13544854186628347,48,4.870503817941777,0.4304535097309147,True,True,2,0.0,True,"ANSWER: C
SUPPORTING: Acute dystonic reactions; History of starting or taking antipsychotic medication within the last 7 days

The symptoms described, including shortness of breath, difficulty keeping the tongue in the mouth, trouble opening eyelids, facial muscle spasms, and difficulty opening the mouth, are characteristic of acute dystonic reactions, which can occur as a side effect of antipsychotic medications. The recent history of starting or taking antipsychotic medication within the last 7 days strongly supports this diagnosis. Additionally, the patient's history of recent hospital treatment for conditions that might have required intravenous or intramuscular medication also supports the possibility of an acute dystonic reaction."
6,27,1837,0.4485,B,A,False,True,870,0.13188570000481467,48,5.047375643934262,0.5330253664529565,True,True,2,0.0,True,"ANSWER: A
SUPPORTING: Possible NSTEMI / STEMI; Unstable angina
The patient presents with significant symptoms including severe chest pain at rest, which is described as heavy and exhausting, and has a high intensity level of 10. The pain also radiates to multiple locations such as the biceps and thyroid cartilage. Additionally, the patient has a history of diabetes, high cholesterol, smoking, and hypertension, all of which are risk factors for cardiovascular disease. The presence of sweating, nausea, and a family history of cardiovascular disease further support these diagnoses. While unstable angina is also a possibility due to the patient's history of angina, the combination of new-onset severe chest pain at rest and the other symptoms strongly suggest a possible NSTEMI (Non-ST Elevation Myocardial Infarction) or STEMI (ST Elevation Myocardial Infarction)."
6,28,1781,0.4348,C,C,True,True,317,0.13335610832875736,48,4.948067269448267,0.4291729219343676,True,True,2,0.5,True,"ANSWER: C
SUPPORTING: Pulmonary embolism; Deep vein thrombosis

The patient's symptoms of chest pain, shortness of breath, swelling in the legs, and a history of deep vein thrombosis strongly suggest a pulmonary embolism. The presence of pain that increases with deep breathing is also consistent with this diagnosis."
6,29,1798,0.439,A,A,True,True,232,0.13102296202011274,48,4.907901785670056,0.4753976935950963,True,True,2,0.0,True,"ANSWER: A
SUPPORTING: Scombroid food poisoning; The patient's symptoms include shortness of breath, lightheadedness, redness and rash, and a history of consuming dark-fleshed fish, which are common signs of scombroid food poisoning."
6,30,1722,0.4204,B,C,False,True,376,0.13575831707301103,48,4.8703296249942705,0.457835650436645,True,True,2,0.5,True,"ANSWER: C
SUPPORTING: Cluster headache; pain somewhere
The patient's symptoms of sharp pain localized in multiple areas including the mouth, forehead, eye, and back of the head, along with the rapid onset of pain, suggest a cluster headache. Additionally, the loss of smell and history of polyps in the nose and a deviated nasal septum are common in cluster headache patients."
6,31,1722,0.4204,C,B,False,True,645,0.13321016505928238,48,4.778914671501755,0.457625010000871,True,True,2,0.0,True,"ANSWER: B
SUPPORTING: Stable angina; symptoms increased with physical exertion but alleviated with rest

The patient's symptoms, including chest pain (characterized as a knife stroke) that is severe (7/10) and exacerbated by physical activity but relieved by rest, are highly suggestive of stable angina. Additionally, the patient reports shortness of breath with minimal physical effort and symptoms worsening when lying down, which are common presentations of stable angina. While myocarditis and possible NSTEMI/STEMI should also be considered due to the presence of chest pain, the pattern of symptoms aligns more closely with stable angina."
6,32,1805,0.4407,A,A,True,True,554,0.1314512170329708,48,4.943113473844006,0.4257468044359496,True,True,2,1.0,True,"ANSWER: A
SUPPORTING: pain somewhere; shortness of breath or difficulty breathing
The patient's symptoms, including sharp pain in the side of the chest, pain radiating to the biceps and thoracic spine, and shortness of breath, are highly suggestive of a cardiac issue. Given the history of HIV infection, significant obesity, high cholesterol, smoking, a previous heart attack, and a family history of cardiovascular disease, the possibility of a Non-ST Elevation Myocardial Infarction (NSTEMI) or ST Elevation Myocardial Infarction (STEMI) is very high."
6,33,1671,0.408,D,B,False,True,542,0.13854757118529412,48,4.823187321888051,0.4223889189981354,True,True,2,0.5,True,"ANSWER: B
SUPPORTING: Acute COPD exacerbation / infection; Chronic obstructive pulmonary disease (COPD)

The patient's history includes chronic obstructive pulmonary disease (COPD), which is a significant risk factor for exacerbations. Additionally, the patient is experiencing a cough that produces colored or more abundant sputum than usual, which is a common symptom during an exacerbation of COPD. The presence of cystic fibrosis further increases the likelihood of an exacerbation due to its impact on lung function and mucus production."
6,34,1930,0.4712,A,A,True,True,421,0.13104648595856755,48,5.26916078958407,0.4419727039152125,True,True,2,0.5,True,"ANSWER: A
SUPPORTING: Anaphylaxis; Severe food allergy
The patient's symptoms strongly suggest anaphylaxis, including:
- Known severe food allergy
- Diarrhea or increased stool frequency
- Severe pain (characterized as cramp or sharp)
- Skin rash (pink, swollen, larger than 1cm)
- Shortness of breath or difficulty breathing
- Lightheadedness and dizziness
- Swelling in multiple areas
- Wheezing sound during exhalation"
6,35,1724,0.4209,D,D,True,True,579,0.13323180024578807,48,4.785242158827888,0.504961838089081,True,True,2,0.5,True,"ANSWER: D
SUPPORTING: Pericarditis; Pain increased when breathing deeply

The patient's symptoms, including sharp pain localized to the lower chest, radiation to the posterior chest wall, and worsening with lying down and improved with sitting up, are highly suggestive of pericarditis. Additionally, the history of a recent viral infection and previous episode of pericarditis further support this diagnosis. While pulmonary embolism and spontaneous pneumothorax can also cause chest pain, the specific pattern of pain and positional changes are more indicative of pericarditis."
6,36,1890,0.4614,C,C,True,True,562,0.1313748926592962,48,5.172886398459788,0.33436384571437455,True,True,2,0.5,True,"ANSWER: C
SUPPORTING: HIV (initial infection); diffuse (widespread) muscle pain

The patient's symptoms and history strongly suggest HIV (initial infection). Key supporting factors include:
- Diffuse (widespread) muscle pain
- Swollen or painful lymph nodes
- Diarrhea or increased stool frequency
- Fever
- Rash with lesions
- History of sexual intercourse with an HIV-positive partner
- Current use of intravenous drugs

These symptoms and risk factors are consistent with early-stage HIV infection, also known as acute HIV infection or seroconversion illness."
6,37,1708,0.417,E,C,False,True,149,0.13611286286606894,48,4.84334937031762,0.2776566276004436,True,True,4,0.25,True,"ANSWER: C
SUPPORTING: Atrial fibrillation; shortness of breath or difficulty breathing; dizziness or lightheadedness; rapid heartbeat or palpitations"
6,38,1678,0.4097,C,C,True,True,387,0.13646279338560002,48,4.770511818771601,0.35246960749353845,True,True,2,0.5,True,"ANSWER: C
SUPPORTING: Bronchospasm / acute asthma exacerbation; chronic sinusitis
The patient's history of multiple asthma attacks, hospitalization for an asthma attack, and exposure to secondhand smoke strongly support a diagnosis of bronchospasm or acute asthma exacerbation. Additionally, the presence of chronic sinusitis can contribute to respiratory symptoms and exacerbate asthma."
6,39,1762,0.4302,A,B,False,True,472,0.13350105066678206,48,4.900601068226458,0.5508137774756077,True,True,2,0.0,True,"ANSWER: B
SUPPORTING: Cluster headache; pain intensity
The patient's symptoms, including sharp, burning pain localized to the forehead and cheeks, with a moderate intensity of 3, and the fact that the pain radiates to the back of the head and other locations, are characteristic of cluster headaches. Additionally, the history of polyps in the nose and a deviated nasal septum, which can contribute to the development of cluster headaches, further supports this diagnosis."
9,0,2287,0.5583,C,C,True,True,765,0.1302666043706649,48,6.206660920743971,0.41136841315520645,True,True,5,0.8,True,"ANSWER: C
SUPPORTING: Allergic sinusitis; nasal congestion or a clear runny nose; severe itching in one or both eyes; nasal congestion or a clear runny nose; cough

The patient's symptoms of nasal congestion or a clear runny nose, severe itching in one or both eyes, and a cough are more consistent with allergic sinusitis. Additionally, living in a big city can increase exposure to allergens, which supports this diagnosis. Influenza typically presents with fever, body aches, and more systemic symptoms, making it less likely. URTI (Upper Respiratory Tract Infection) usually does not include severe eye itching. Pneumonia and bronchitis would also present with more severe symptoms such as high fever, significant shortness of breath, and more persistent cough."
9,1,2392,0.584,E,E,True,True,366,0.12927858171484166,48,6.442382655456276,0.3673162394054257,True,True,2,0.0,True,"ANSWER: E
SUPPORTING: Bronchitis; Bronchospasm / acute asthma exacerbation
Listed symptoms such as shortness of breath, wheezing, history of asthma, recent cold, chronic sinusitis, and exposure to secondhand smoke strongly support a diagnosis of bronchospasm or acute asthma exacerbation. These factors are consistent with the patient's history and current symptoms."
9,2,2517,0.6145,A,A,True,True,604,0.12223757472850691,48,6.409832824826081,0.4753265202771594,True,True,2,0.0,True,"ANSWER: A
SUPPORTING: Panic attack; Detached from own body or surroundings

The patient's symptoms, including significant sweating, chest pain characterized as a cramp, shortness of breath, fear of dying, and feeling detached from her own body or surroundings, are highly suggestive of a panic attack. These symptoms align closely with the diagnostic criteria for a panic attack, which often includes autonomic symptoms (sweating), somatic symptoms (chest pain, shortness of breath), and cognitive symptoms (feeling detached). The history of chronic anxiety and migraines further supports this diagnosis."
9,3,2455,0.5994,A,A,True,True,783,0.12832930989848684,48,6.563509495849691,0.5486705625801059,True,True,2,0.0,True,"ANSWER: A
SUPPORTING: Pulmonary neoplasm; Unstable angina

The patient's symptoms and history strongly suggest a pulmonary neoplasm. Key supporting factors include:
- Loss of appetite and early satiety
- Weight loss over 3 months
- Chest pain (posterior chest wall pain on both sides, though not severe)
- Shortness of breath
- Fatigue
- Family history of lung cancer
- Exposure to secondhand smoke

While unstable angina could also present with chest pain and shortness of breath, the combination of weight loss, appetite changes, and family history of lung cancer makes pulmonary neoplasm a more likely diagnosis. Pulmonary embolism and myocardial infarction (NSTEMI/STEMI) are less likely given the absence of sudden onset severe symptoms and no acute cardiovascular risk factors."
9,4,2442,0.5962,A,D,False,True,645,0.12919090678308506,48,6.572587382589453,0.6009516328127505,True,True,2,0.5,True,"ANSWER: D
SUPPORTING: Viral pharyngitis; pain that improves when you lean forward

The patient's symptoms, including severe pain that improves when leaning forward, sharp character of the pain, difficulty swallowing, increased salivation, and hoarseness, are consistent with viral pharyngitis. This condition often presents with throat pain that can be exacerbated by swallowing and may cause other symptoms such as increased salivation and changes in voice quality. The fact that the pain improves when leaning forward is a characteristic feature of viral pharyngitis, which is thought to be due to the position reducing pressure on the throat."
9,5,2467,0.6023,D,D,True,True,771,0.12594083025011665,48,6.47283392139662,0.4208587742863031,True,True,4,0.25,True,"ANSWER: D
SUPPORTING: Pulmonary embolism; Shortness of breath or difficulty breathing in a significant way; Swelling in one or more areas of the body; Pain that is increased when breathing in deeply

The patient's symptoms of shortness of breath, swelling in the posterior aspect of the ankle and calf, and pain that worsens with deep breathing are highly suggestive of a pulmonary embolism. Additionally, the patient's history of deep vein thrombosis and recent surgery further increase the likelihood of this diagnosis. Pericarditis typically presents with chest pain that is often described as sharp and localized, which does not match the patient's description. Panic attacks and acute pulmonary edema are less likely given the specific symptoms and history provided."
9,6,2403,0.5867,D,D,True,True,509,0.12998697480918803,48,6.507472926384976,0.37534054616983414,True,True,2,0.5,True,"ANSWER: D
SUPPORTING: URTI; sore throat

The patient's symptoms of a sore throat, cough producing colored or more abundant sputum, and nasal congestion or a clear runny nose are consistent with Upper Respiratory Tract Infection (URTI). The presence of multiple people in the living environment, exposure to secondhand smoke, and smoking herself also increase the likelihood of URTI. Cluster headaches, bronchiectasis, chronic rhinosinusitis, and bronchitis do not align as closely with the described symptoms."
9,7,2500,0.6104,E,D,False,True,424,0.11834774668932489,48,6.163945140069005,0.3216701034597935,True,True,5,0.0,True,"ANSWER: D
SUPPORTING: Pain in the side of the chest (R), upper chest, breast (R), and breast (L); pain intensity of 4; pain radiates to biceps (R and L), thyroid cartilage, under the jaw, trachea; symptoms increase with physical exertion and are alleviated with rest; history of diabetes, being significantly overweight, high blood pressure, previous heart attack, and family history of cardiovascular disease before age 50."
9,8,2380,0.5811,D,B,False,True,530,0.13289239498267852,48,6.589247917891143,0.38090659850218184,True,True,2,0.0,True,"ANSWER: B
SUPPORTING: URTI; Acute otitis media
List at least two findings from the patient's description that support your answer:
1. The patient reports having a fever, which is a common symptom of upper respiratory tract infections (URTI).
2. The patient has symptoms such as nasal congestion, a clear runny nose, and a cough, which are typical of URTI. Additionally, the presence of ear pain on both sides suggests possible acute otitis media, but the primary diagnosis based on the symptoms provided is more aligned with URTI."
9,9,2776,0.6777,D,D,True,True,897,0.11776909262469148,48,6.81097919012799,0.6107212558091213,True,True,2,0.0,True,"ANSWER: D
SUPPORTING: Pneumonia; Bronchitis

The patient presents with diffuse muscle pain, cough producing colored or more abundant sputum, shortness of breath, fever, and a rash. These symptoms are highly suggestive of pneumonia, which can cause widespread muscle pain, respiratory symptoms, and systemic signs such as fever. Additionally, the presence of a cough and shortness of breath are common in both bronchitis and pneumonia, but the combination of muscle pain and a rash makes pneumonia more likely. Bronchiectasis typically presents with chronic cough and recurrent infections but does not usually cause widespread muscle pain or a rash. Pericarditis would present with chest pain that often radiates and is more localized, and pulmonary neoplasm would present with more specific symptoms such as weight loss, persistent cough, and hemoptysis, which are not the primary complaints here."
9,10,2426,0.5923,B,E,False,True,602,0.127547102671458,48,6.44644314751994,0.5249089300708285,True,True,2,0.0,True,"ANSWER: E
SUPPORTING: Acute laryngitis; Unstable angina

The patient's symptoms of a sharp pain that improves when leaning forward, fever, increased salivation, and hoarseness of voice are more consistent with acute laryngitis. These symptoms suggest inflammation of the larynx, which can cause these specific complaints. While unstable angina can also present with chest pain, the symptom of pain improving with leaning forward is more characteristic of laryngitis. Additionally, the patient's history of diabetes and excessive alcohol consumption does not strongly support the other diagnoses listed."
9,11,2400,0.5859,B,B,True,True,727,0.1323964102951227,48,6.619820514756134,0.48073547686392704,True,True,2,0.0,True,"ANSWER: B
SUPPORTING: Viral pharyngitis; URTI

The patient is a 76-year-old male who is coughing up blood and experiencing throat pain characterized as sensitive and burning. He also has a fever and nasal congestion. These symptoms are more consistent with viral pharyngitis or upper respiratory tract infection (URTI). Additionally, his history of contact with someone with similar symptoms and being immunosuppressed supports these diagnoses. While epiglottitis could present with similar symptoms, the lack of radiation to other areas and the presence of fever and nasal congestion make it less likely. NSTEMI/STEMI and unstable angina are more likely to present with chest pain and are less associated with throat symptoms."
9,12,2423,0.5916,E,E,True,True,532,0.12784198779980607,48,6.453357009144378,0.4809081236898691,True,True,4,0.0,True,"ANSWER: E
SUPPORTING: Myocarditis; symptoms increased with physical exertion but alleviated with rest; chest pain; shortness of breath with minimal physical effort

The patient's symptoms, including chest pain that is severe (8/10) and exacerbated by physical exertion, along with shortness of breath and fatigue, are highly suggestive of myocarditis. Myocarditis often presents with these symptoms due to inflammation of the heart muscle, which can lead to reduced cardiac function and subsequent symptoms during physical activity."
9,13,2466,0.6021,E,E,True,True,748,0.12456533801985406,48,6.399544240770002,0.41041163804298947,True,True,2,0.0,True,"ANSWER: E
SUPPORTING: Possible NSTEMI / STEMI; Pulmonary embolism
List at least two findings from the patient's description that support your answer:
1. The patient has an active cancer, which increases the risk of developing blood clots.
2. The patient has a history of deep vein thrombosis (DVT) and has had surgery within the last month, both of which are risk factors for pulmonary embolism.
3. The patient experiences sharp pain (characterized as a ""knife stroke"") that is located in the chest and radiates to other locations, which can be indicative of a pulmonary embolism or a possible NSTEMI/STEMI.
4. The patient has swelling in the calf, which could suggest a DVT, which can lead to a pulmonary embolism if the clot travels to the lungs."
9,14,2665,0.6506,B,B,True,True,1186,0.12133976250748282,48,6.736884730884203,0.61426774565869,True,True,2,1.0,True,"ANSWER: B
SUPPORTING: Pneumonia; Fever

The patient presents with several symptoms and conditions that strongly suggest pneumonia:
1. **Fever**: The patient has a fever, which is a common symptom of pneumonia.
2. **Pain in the breast (right side)**: The pain is localized to the right breast, which could indicate inflammation or infection in the lung tissue.
3. **Shortness of breath or difficulty breathing**: This is a classic symptom of pneumonia.
4. **Rash**: The presence of a rash, especially if it is pink and peeling, could be indicative of a viral infection, such as measles, which can sometimes present with pneumonia.
5. **Nasal congestion, runny nose, and cough**: These are also common symptoms of pneumonia, often associated with respiratory infections.
6. **Worsening symptoms at night**: This can be a sign of worsening respiratory issues.
7. **History of chronic obstructive pulmonary disease (COPD)**: This increases the risk of developing pneumonia.
8. **History of heart failure**: This condition can also predispose to pneumonia due to compromised respiratory function.

While other diagnoses like bronchiolitis, bronchitis, upper respiratory tract infection (URTI"
9,15,2503,0.6111,A,A,True,True,756,0.11905194274660054,48,6.208062764473774,0.6058413072813559,True,True,2,0.5,True,"ANSWER: A
SUPPORTING: Influenza; fever

The patient presents with a fever, significant pain (characterized as sensitive and heavy, with an intensity of 8), diffuse muscle pain, and a cough. These symptoms are highly indicative of influenza. Additionally, the absence of travel history outside the country and the presence of other flu-like symptoms such as fatigue and widespread muscle pain further support this diagnosis. While HIV and tuberculosis could present with similar symptoms, the lack of specific indicators (such as a rash with peeling, swollen lesions, or severe itching) makes these less likely. Bronchitis and pneumonia might also present with a cough, but the combination of fever, pain, and muscle aches is more consistent with influenza."
9,16,2343,0.572,C,C,True,True,540,0.1297069879784306,48,6.331322350697144,0.4073013058895561,True,True,2,0.5,True,"ANSWER: C
SUPPORTING: Acute COPD exacerbation / infection; Chronic obstructive pulmonary disease (COPD)

The patient's history and symptoms strongly suggest an acute exacerbation of her chronic obstructive pulmonary disease (COPD). The presence of wheezing, shortness of breath, cough with colored or more abundant sputum, and her known history of COPD all point towards this diagnosis. Additionally, her occupational exposure to construction and mining sectors increases her risk for exacerbations due to potential irritants and allergens."
9,17,2431,0.5935,C,C,True,True,703,0.12954916459592364,48,6.561125398597716,0.608870689751472,True,True,2,0.5,True,"ANSWER: C
SUPPORTING: URTI; sore throat

The patient's symptoms, including a sore throat, diffuse muscle pain, cough, and fever, are consistent with an Upper Respiratory Tract Infection (URTI). The presence of multiple people in close quarters (living situation and exposure to secondhand smoke) increases the likelihood of viral transmission. There is no evidence to suggest HIV infection, and the absence of severe respiratory symptoms rules out pneumonia. Bronchitis typically presents with a more persistent cough and may not include the fever and diffuse muscle pain described. Influenza could also be considered, but the absence of other specific flu symptoms makes URTI the most likely diagnosis."
9,18,2500,0.6104,C,C,True,True,580,0.1253812597943392,48,6.530273947621834,0.5155632861189504,True,True,6,0.5,True,"ANSWER: C
SUPPORTING: Anemia; Poor diet; History of anemia in family; Taking new oral anticoagulants; Travel to South Africa; Underweight

The patient's symptoms and history strongly suggest anemia. The presence of fatigue, non-restful sleep, poor diet, a family history of anemia, and the use of new oral anticoagulants (which can increase the risk of bleeding and thus mask symptoms of anemia) are key indicators. Additionally, travel to South Africa could expose the patient to parasites that cause diseases like Chagas, but the other symptoms do not align with that diagnosis."
9,19,2474,0.604,C,C,True,True,531,0.12929614078917978,48,6.664138589842307,0.3645948943298362,True,True,2,1.0,True,"ANSWER: C
SUPPORTING: Anemia; Chronic kidney failure

The patient's symptoms of constant fatigue, non-restful sleep, and recent black stools (indicating possible gastrointestinal bleeding) strongly suggest anemia. Additionally, the patient has a history of poor diet, a diagnosis of anemia, and a family history of anemia, which further supports this diagnosis. The chronic kidney failure could also contribute to anemia by reducing the body's ability to produce erythropoietin, a hormone that stimulates red blood cell production."
9,20,2461,0.6008,C,B,False,True,777,0.12734800868956717,48,6.529238528854683,0.6115424509132706,True,True,2,0.0,True,"ANSWER: B
SUPPORTING: Acute laryngitis; Croup

The patient's symptoms, including difficulty swallowing, shortness of breath, fever, and a high-pitched sound when breathing in, are more consistent with acute laryngitis. These symptoms suggest inflammation of the larynx, which can cause these specific issues. While croup can also present with some of these symptoms, the high-pitched sound on inspiration (stridor) is more characteristic of croup, making acute laryngitis a more likely diagnosis. Epiglottitis and HIV would typically present with more severe respiratory distress and systemic symptoms, and myasthenia gravis would not typically present with these specific symptoms. The patient's regular use of stimulants does not directly support any of the diagnoses listed."
9,21,2563,0.6257,D,D,True,True,522,0.12447967698480154,48,6.6466960856676325,0.4709304973205452,True,True,2,0.0,True,"ANSWER: D
SUPPORTING: Acute pulmonary edema; Shortness of breath or difficulty breathing, Swelling in multiple areas of the body

The patient's symptoms of shortness of breath, swelling in multiple areas (ankles and calves), and worsening symptoms when lying down are highly suggestive of acute pulmonary edema. These symptoms are consistent with fluid accumulation in the lungs and other tissues, which is a hallmark of this condition. Additionally, the patient's history of heart failure further supports this diagnosis."
9,22,2559,0.6248,C,A,False,True,546,0.12091801117530783,48,6.446441470783599,0.5928331143592626,True,True,2,0.0,True,"ANSWER: A
SUPPORTING: Pulmonary embolism; Acute pulmonary edema

The patient's symptoms of shortness of breath, chest pain, swelling in the ankles and calves, and worsening symptoms when lying down are highly suggestive of pulmonary embolism or acute pulmonary edema. These conditions often present with these specific symptoms, especially in a patient with a history of heart failure and current dialysis. The presence of swelling in the lower extremities (calf and ankle) also points towards fluid retention, which is common in both conditions."
9,23,2445,0.5969,B,D,False,True,559,0.12672651944612837,48,6.455132084287163,0.44767773029922325,True,True,2,0.5,True,"ANSWER: D
SUPPORTING: Acute rhinosinusitis; Cough

The patient's symptoms of a cough, greenish or yellowish nasal discharge, and pain localized to the cheek and radiating to the back of the head and temples strongly suggest acute rhinosinusitis. The presence of a deviated nasal septum and polyps in the nose can contribute to the development of sinusitis by obstructing normal mucus drainage. Additionally, the history of a recent cold and asthma further supports the likelihood of acute rhinosinusitis, as these conditions can exacerbate sinus inflammation."
9,24,2379,0.5808,E,E,True,True,477,0.13215358337017888,48,6.5498619757844905,0.4795248579862751,True,True,2,0.5,True,"ANSWER: E
SUPPORTING: URTI; sore throat

The patient's symptoms, including a sore throat, significant pain, and a cough producing colored or more abundant sputum, are most consistent with Upper Respiratory Tract Infection (URTI). The presence of a sore throat and cough with altered sputum is a strong indicator of URTI. Additionally, the patient's history of exposure to secondhand cigarette smoke, which can exacerbate respiratory infections, further supports this diagnosis."
9,25,2561,0.6252,D,A,False,True,590,0.11632803683604763,48,6.206585465356625,0.5959522640926026,True,True,8,0.5,True,"ANSWER: A) URTI
SUPPORTING: URTI; fever; rash; fatigue; headache; neck pain; runny nose; cough

The patient's symptoms strongly suggest an Upper Respiratory Tract Infection (URTI). Key supporting factors include:
- Fever
- Rash (pink, swollen, larger than 1cm)
- Fatigue
- Headache (sensitive, heavy)
- Neck pain (on both sides and back of the neck)
- Runny nose and cough
- Recent onset of symptoms

While other conditions like HIV or influenza could present similarly, the recent onset and absence of significant travel history make URTI the most likely diagnosis among the given options."
9,26,2416,0.5898,C,C,True,True,528,0.13312752674804343,48,6.700752179651519,0.33802891780352684,True,True,2,0.0,True,"ANSWER: C
SUPPORTING: Acute dystonic reactions; History of recent antipsychotic medication use

The patient's symptoms of shortness of breath, difficulty keeping her tongue in her mouth, trouble opening her eyelids, facial muscle spasms, and difficulty opening her mouth or jaw pain when opening it are highly suggestive of acute dystonic reactions, which can occur as a side effect of antipsychotic medications. The history of starting or taking antipsychotic medication within the last 7 days strongly supports this diagnosis."
9,27,2527,0.6169,B,A,False,True,750,0.12236555946987056,48,6.4420368495908935,0.42144249023740676,True,True,2,0.0,True,"ANSWER: A
SUPPORTING: Possible NSTEMI / STEMI; Unstable angina
The patient's symptoms, including significant and worsening sweating, chest pain at rest, heavy and exhausting pain localized to the lower chest, and radiation of pain to multiple locations, are highly suggestive of a cardiac event such as NSTEMI (Non-ST Elevation Myocardial Infarction) or STEMI (ST Elevation Myocardial Infarction). The presence of diabetes, high cholesterol, smoking, and a family history of cardiovascular disease further increase the likelihood of these diagnoses. Unstable angina is also a possibility given the intensity and characteristics of the chest pain. The other options (Boerhaave, Anaphylaxis, and GERD) are less likely based on the symptom presentation."
9,28,2471,0.6033,C,C,True,True,416,0.12692409876043556,48,6.533946834104923,0.48253977217659066,True,True,2,0.5,True,"ANSWER: C
SUPPORTING: pulmonary embolism; deep vein thrombosis

The patient's symptoms and history strongly suggest a pulmonary embolism. The presence of deep vein thrombosis (DVT) and swelling in the calves and ankles are key indicators. Additionally, the patient has lost consciousness and experiences sharp, localized chest pain that worsens with deep breathing, which are common symptoms of a pulmonary embolism."
9,29,2488,0.6074,A,A,True,True,461,0.12126828226672179,48,6.285739297491745,0.4799894991801977,True,True,2,0.0,True,"ANSWER: A
SUPPORTING: Scombroid food poisoning; shortness of breath, lightheadedness, rash, heart palpitations, wheezing

The patient's symptoms, including shortness of breath, lightheadedness, a sudden redness in the cheeks, a rash that is larger than 1cm, and heart palpitations, are consistent with Scombroid food poisoning. Additionally, the history of consuming dark-fleshed fish (such as tuna) before the reaction occurred further supports this diagnosis."
9,30,2412,0.5889,B,C,False,True,479,0.13125425233458946,48,6.59552617981312,0.5799123391643335,True,True,2,0.0,True,"ANSWER: C
SUPPORTING: Cluster headache; sharp pain
The patient's symptoms of sharp pain localized in the mouth, forehead, eye, and back of the head, along with the rapid onset of pain, suggest a cluster headache. Cluster headaches are characterized by severe, sharp pain typically around one eye and can radiate to other areas such as the forehead and temple. The intensity of the pain (2 on a scale) and the precise localization (3 on a scale) also align with cluster headaches."
9,31,2412,0.5889,C,B,False,True,560,0.1294919705878736,48,6.506971522040648,0.43019512406374866,True,True,2,0.0,True,"ANSWER: B
SUPPORTING: Stable angina; symptoms increased with physical exertion but alleviated with rest

The patient's symptoms, including chest pain characterized as a knife stroke, intensity of 7, and relief with rest, are consistent with stable angina. Additionally, the symptom of shortness of breath with minimal physical effort and worsening symptoms when lying down also align with stable angina. These findings support the diagnosis of stable angina over other options like acute pulmonary edema, myocarditis, unstable angina, or possible NSTEMI/STEMI."
9,32,2495,0.6091,A,A,True,True,550,0.1198020384604626,48,6.227210124142796,0.6076897484611767,True,True,2,0.0,True,"ANSWER: A
SUPPORTING: Possible NSTEMI / STEMI; The patient's symptoms include sharp pain, which is severe and located in multiple areas including the side of the chest, biceps, and thoracic spine. The pain is also radiating to the under the jaw and shoulder, which could indicate a cardiac issue. Additionally, the patient has a history of high cholesterol, smoking, and a family history of cardiovascular disease, which are risk factors for heart attacks. The intensity and rapid onset of the pain further support the possibility of a cardiac event."
9,33,2361,0.5764,D,B,False,True,594,0.13362530593548144,48,6.572694735701493,0.4221253115884415,True,True,2,0.5,True,"ANSWER: B
SUPPORTING: Acute COPD exacerbation / infection; Chronic obstructive pulmonary disease (COPD)

The patient's history includes chronic obstructive pulmonary disease (COPD), which is a significant risk factor for exacerbations, especially when combined with a cough producing colored or more abundant sputum. Additionally, the presence of cystic fibrosis further complicates lung function and increases the risk of infections and exacerbations. The symptoms of shortness of breath or difficulty breathing in a significant way also support the diagnosis of an acute exacerbation of COPD."
9,34,2620,0.6396,A,A,True,True,410,0.12407925762704243,48,6.772659478809399,0.46684268604564905,True,True,2,0.5,True,"ANSWER: A
SUPPORTING: Anaphylaxis; Severe food allergy
The patient has a history of a known severe food allergy and is currently experiencing symptoms such as diarrhea, abdominal pain, rash, swelling, and respiratory distress, which are consistent with anaphylaxis. These symptoms include gastrointestinal issues, skin reactions, and respiratory symptoms, all of which are characteristic of anaphylactic shock."
9,35,2414,0.5894,D,D,True,True,569,0.12868063564381294,48,6.4715636342534255,0.49505042647556907,True,True,2,0.5,True,"ANSWER: D
SUPPORTING: Pericarditis; Pain increased when breathing deeply

The patient's symptoms, including sharp chest pain that worsens with deep breathing, radiation to the posterior chest wall, and worsening of symptoms when lying down, are highly suggestive of pericarditis. Additionally, the history of a previous episode of pericarditis supports this diagnosis. While pulmonary embolism and spontaneous pneumothorax can also cause pleuritic chest pain, the specific pattern of pain and its relation to breathing and position more closely align with pericarditis."
9,36,2580,0.6299,C,C,True,True,728,0.12234539740040315,48,6.576065110271669,0.3728165068534822,True,True,7,0.5714285714285714,True,"ANSWER: C
SUPPORTING: HIV (initial infection); diffuse (widespread) muscle pain; swollen or painful lymph nodes; fever; rash; history of sexual intercourse with an HIV-positive partner; use of intravenous drugs

The patient's symptoms and history strongly suggest HIV (initial infection). The presence of widespread muscle pain, swollen lymph nodes, fever, and a rash are common early signs of HIV infection. Additionally, the patient's history of sexual intercourse with an HIV-positive partner and use of intravenous drugs further support this diagnosis. While other conditions like influenza could present with similar symptoms, the combination of these specific symptoms and risk factors makes HIV the most likely diagnosis."
9,37,2398,0.5854,E,C,False,True,544,0.13351481657234232,48,6.670177711259935,0.43047017273415616,True,True,4,0.5,True,"ANSWER: C
SUPPORTING: atrial fibrillation; shortness of breath; dizziness; palpitations

The patient's symptoms of dizziness, shortness of breath, and palpitations, along with a history of anxiety and regular use of stimulants, are more consistent with atrial fibrillation. Atrial fibrillation can cause these symptoms due to irregular heartbeats, which can lead to palpitations and affect blood flow, potentially causing dizziness and shortness of breath. The other conditions listed are less likely based on the provided symptoms and history."
9,38,2368,0.5781,C,C,True,True,440,0.1315343945055911,48,6.489030128942494,0.4015080253964545,True,True,2,0.5,True,"ANSWER: C
SUPPORTING: Bronchospasm / acute asthma exacerbation; chronic sinusitis
The patient's history of multiple asthma attacks, hospitalization for an asthma attack, and current symptoms of coughing along with shortness of breath strongly support a diagnosis of bronchospasm or acute asthma exacerbation. Additionally, the presence of chronic sinusitis and exposure to secondhand smoke further increase the likelihood of this condition."
9,39,2452,0.5986,A,B,False,True,445,0.12745745475152437,48,6.51095164689037,0.6299331257541667,True,True,2,0.0,True,"ANSWER: B
SUPPORTING: Cluster headache; pain intensity
The patient's symptoms of sharp, burning pain localized to the forehead and cheek, with a moderate intensity of 3, and the fact that the pain radiates to the back of the head and other locations, are characteristic of cluster headaches. Additionally, the history of polyps in the nose and a deviated nasal septum, which can contribute to sinus issues and headaches, supports this diagnosis."
12,0,2978,0.7271,C,C,True,True,570,0.12761641270263063,48,7.917534938092376,0.4096543983991292,True,True,3,0.6666666666666666,True,"ANSWER: C
SUPPORTING: Allergic sinusitis; Nasal congestion or a clear runny nose; Severe itching in one or both eyes

The symptoms described, including nasal congestion or a clear runny nose, severe itching in one or both eyes, and living in a big city (which can increase exposure to allergens), are more consistent with allergic sinusitis. While a cough can occur in allergic sinusitis, it is also seen in other conditions like URTI (Upper Respiratory Tract Infection). However, the combination of nasal symptoms and eye itching strongly suggests an allergic reaction."
12,1,3083,0.7527,E,E,True,True,585,0.1224101183255553,48,7.862299891618479,0.47618327299520663,True,True,2,0.0,True,"ANSWER: E
SUPPORTING: Bronchitis; Bronchospasm / acute asthma exacerbation
The patient's symptoms and history strongly suggest bronchospasm or an acute asthma exacerbation. Key supporting factors include:
- History of asthma
- Family history of asthma
- Recent cold
- Chronic sinusitis
- Exposure to secondhand smoke
- Living in a big city
- Possible allergen exposure
While bronchitis could also be a possibility, the combination of asthma history, wheezing, and other respiratory symptoms make bronchospasm/acute asthma exacerbation the most likely diagnosis among the given options."
12,2,3208,0.7832,A,A,True,True,546,0.12243561500088332,48,8.182780269225702,0.37361318643018887,True,True,2,0.0,True,"ANSWER: A
SUPPORTING: Panic attack; Spontaneous pneumothorax
List at least two findings from the patient's description that support your answer:
1. The patient reports feeling detached from her own body or surroundings, which is a common symptom of a panic attack.
2. The patient experiences significant pain, particularly a cramp-like pain on the right side of the chest, which can also occur during a panic attack. Additionally, the patient reports shortness of breath and a fear of dying, both of which are hallmark symptoms of a panic attack."
12,3,3146,0.7681,A,A,True,True,434,0.12518149527081765,48,8.20460383587484,0.5344160058558064,True,True,2,0.0,True,"ANSWER: A
SUPPORTING: Pulmonary neoplasm; Unstable angina

The patient's symptoms, including shortness of breath, fatigue, non-restful sleep, loss of appetite, and involuntary weight loss, along with a history of smoking and family history of lung cancer, strongly suggest a pulmonary neoplasm. Additionally, the presence of chest pain, even if mild, could indicate unstable angina, which is another potential cause of these symptoms."
12,4,3133,0.7649,A,E,False,True,345,0.12453369584076027,48,8.12841810560629,0.220708975729083,True,True,2,0.0,True,"ANSWER: E
SUPPORTING: Viral pharyngitis; Acute laryngitis
List at least two findings from the patient's description that support your answer:
1. The pain improves when leaning forward, which is characteristic of acute laryngitis.
2. The patient reports difficulty swallowing and a change in voice, which are common symptoms of viral pharyngitis."
12,5,3158,0.771,D,D,True,True,558,0.1209983170235003,48,7.960680940837792,0.45056870198603555,True,True,2,0.0,True,"ANSWER: D
SUPPORTING: Pulmonary embolism; Acute pulmonary edema

The patient's symptoms of shortness of breath or difficulty breathing, especially when exacerbated by deep breathing, along with swelling in the posterior aspect of the ankle and calf, suggest possible pulmonary embolism or acute pulmonary edema. These conditions can cause sudden onset of shortness of breath and swelling in the lower extremities. Additionally, the patient's history of active cancer, previous deep vein thrombosis, and recent surgery increase the risk of pulmonary embolism."
12,6,3094,0.7554,D,D,True,True,522,0.12402312675197845,48,7.994324045221277,0.2954965578490983,True,True,4,0.75,True,"ANSWER: D
SUPPORTING: URTI; sore throat; cough; nasal congestion

The patient's symptoms of a sore throat, cough producing colored or more abundant sputum, and nasal congestion are most consistent with an Upper Respiratory Tract Infection (URTI). Additionally, living with multiple people, attending or working in a daycare, smoking, and exposure to secondhand smoke are risk factors for URTI. The cluster headache, bronchiectasis, chronic rhinosinusitis, and bronchitis do not align as closely with the provided symptoms."
12,7,3191,0.7791,E,D,False,True,661,0.12047700860848679,48,8.009211134785028,0.4473639436532233,True,True,2,0.0,True,"ANSWER: D
SUPPORTING: stable angina; symptoms increased with physical exertion but alleviated with rest

The patient's symptoms, including chest pain (characterized as heavy), radiation to the biceps and thyroid cartilage, shortness of breath, nausea, and exacerbation with physical activity, are consistent with stable angina. The history of diabetes, being significantly overweight, high blood pressure, and a family history of cardiovascular disease further support this diagnosis. While other conditions like NSTEMI/STEMI and unstable angina could also present with similar symptoms, the pattern of pain relief with rest is more indicative of stable angina."
12,8,3071,0.7498,D,B,False,True,439,0.12820334957042362,48,8.20234346939106,0.5181957609878595,True,True,2,0.0,True,"ANSWER: B
SUPPORTING: URTI; Influenza
The patient's symptoms of fever, nasal congestion, runny nose, and cough are consistent with Upper Respiratory Tract Infection (URTI) or Influenza. The presence of ear pain also suggests possible Acute Otitis Media, but the other symptoms are more indicative of a viral upper respiratory infection. Travel history and recent vaccinations do not suggest Tuberculosis or other travel-related infections."
12,9,3467,0.8464,D,D,True,True,654,0.11610676727425491,48,8.386295044580036,0.4885387936304226,True,True,2,0.0,True,"ANSWER: D
SUPPORTING: Pneumonia; Bronchitis

The patient presents with several symptoms that are highly suggestive of pneumonia, including:
- Cough producing colored or more abundant sputum
- Shortness of breath or difficulty breathing
- Fever
- Diffuse muscle pain
- Nasal congestion or runny nose
- Widespread chest pain that increases with deep breathing

While bronchitis could also present with similar symptoms, the combination of widespread muscle pain, fever, and the presence of sputum suggests a more severe infection such as pneumonia. Additionally, the patient's history of COPD and smoking further increases the risk of developing pneumonia."
12,10,3117,0.761,B,E,False,True,685,0.1230085344825066,48,7.987866707957773,0.47184039218419105,True,True,2,0.0,True,"ANSWER: E
SUPPORTING: Acute laryngitis; Unstable angina

The patient's symptoms, including pain that improves when leaning forward, a sharp pain localized to the tonsil on the right and side of the neck on the left, high pain intensity, and changes in voice tone, are more consistent with acute laryngitis. Additionally, the presence of a fever and increased salivation further support this diagnosis. While unstable angina could present with chest pain, the specific symptom of pain improving with leaning forward is more characteristic of laryngeal issues. The other options (NSTEMI/STEMI, epiglottitis, and HIV initial infection) do not align as closely with the described symptoms."
12,11,3091,0.7546,B,C,False,True,649,0.12495622515297336,48,8.046660248913348,0.41633880462496825,True,True,2,0.0,True,"ANSWER: C
SUPPORTING: Viral pharyngitis; URTI
The patient is a 76-year-old male who is coughing up blood and experiencing throat pain characterized as sensitive and burning. He also has a fever and nasal congestion, which are common symptoms of upper respiratory tract infections (URTI). Additionally, he has been in contact with someone with similar symptoms in the past two weeks, further supporting a viral etiology. While the other options (NSTEMI/STEMI, epiglottitis, and unstable angina) could present with chest pain, the specific symptoms described are more consistent with a viral infection affecting the throat and upper respiratory tract."
12,12,3114,0.7603,E,E,True,True,561,0.12257465997511297,48,7.952031065885453,0.50781145060194,True,True,5,0.0,True,"ANSWER: E
SUPPORTING: Myocarditis; symptoms increased with physical exertion but alleviated with rest; chest pain; shortness of breath with minimal physical effort; new fatigue and generalized discomfort

The patient's symptoms, including chest pain that is severe (8/10) and exacerbated by physical exertion, shortness of breath with minimal effort, and new fatigue, are highly suggestive of myocarditis. Myocarditis often presents with these symptoms due to inflammation of the heart muscle, which can lead to reduced cardiac function and subsequent symptoms."
12,13,3157,0.7708,E,E,True,True,402,0.12116371557054921,48,7.969038542837997,0.22670287938288394,True,True,2,0.0,True,"ANSWER: E
SUPPORTING: Possible NSTEMI / STEMI; Pulmonary embolism
List at least two findings from the patient's description that support your answer:
1. The patient has an active cancer, which increases the risk of developing pulmonary embolism.
2. The patient has a history of deep vein thrombosis (DVT) and has had surgery within the last month, both of which are risk factors for pulmonary embolism."
12,14,3356,0.8193,B,B,True,True,1186,0.12254869063127619,48,8.568195953303393,0.5601375562280777,True,True,2,1.0,True,"ANSWER: B
SUPPORTING: Pneumonia; Fever

The patient presents with several symptoms and conditions that strongly suggest pneumonia:
1. **Fever**: The patient has a fever, which is a common symptom of pneumonia.
2. **Pain in the breast (right side)**: The pain is localized to the right breast, which could indicate inflammation or infection in the lung tissue.
3. **Shortness of breath or difficulty breathing**: This is a classic symptom of pneumonia.
4. **Rash**: The presence of a rash, especially if it is pink and peeling, could be indicative of a viral infection, such as measles, which can sometimes present with pneumonia.
5. **Nasal congestion, runny nose, and cough**: These are also common symptoms of pneumonia, often associated with respiratory infections.
6. **Worsening symptoms at night**: This can be a sign of worsening respiratory issues.
7. **History of chronic obstructive pulmonary disease (COPD) and heart failure**: These conditions increase the risk of developing pneumonia and complicate its management.

While other diagnoses like bronchiolitis, bronchitis, upper respiratory tract infection (URTI), and croup cannot be completely ruled out, the combination of"
12,15,3194,0.7798,A,A,True,True,584,0.1177845471800496,48,7.837580076939134,0.5281986541849815,True,True,2,0.5,True,"ANSWER: A
SUPPORTING: Influenza; Fever
The patient's symptoms, including fever, significant pain, fatigue, and diffuse muscle pain, are highly indicative of influenza. The absence of travel history outside the country and the presence of other flu-like symptoms such as a cough further support this diagnosis. While HIV and tuberculosis could present with similar symptoms, the information provided does not strongly suggest these conditions. Bronchitis and pneumonia might also present with a cough, but the combination of fever, pain, and fatigue more closely aligns with influenza."
12,16,3034,0.7407,C,C,True,True,487,0.13099310276331,48,8.279855703830886,0.3613875763943701,True,True,2,0.5,True,"ANSWER: C
SUPPORTING: Acute COPD exacerbation / infection; Chronic obstructive pulmonary disease (COPD)

The patient's history and symptoms strongly suggest an acute exacerbation of her chronic obstructive pulmonary disease (COPD). The presence of wheezing, shortness of breath, cough with colored or more abundant sputum, and a history of COPD are key indicators. Additionally, working in construction and the mining sector can expose her to irritants that may exacerbate her condition."
12,17,3122,0.7622,C,C,True,True,816,0.12439779772314223,48,8.091040093576042,0.5866733038244256,True,True,5,0.6,True,"ANSWER: C
SUPPORTING: URTI; sore throat; diffuse muscle pain; cough; fever

The patient's symptoms strongly suggest an Upper Respiratory Tract Infection (URTI). Key supporting factors include the presence of a sore throat, diffuse muscle pain, cough, and fever. These symptoms are commonly associated with URTI, especially in a young adult living in close quarters and exposed to secondhand smoke. Bronchitis and pneumonia might also present with similar symptoms, but the absence of severe respiratory distress or significant chest pain makes these less likely. Influenza could be considered, but the lack of other specific flu symptoms (like severe headache or gastrointestinal issues) makes it less probable. HIV initial infection would require additional risk factors and clinical signs not present in this case."
12,18,3191,0.7791,C,C,True,True,354,0.12507714658989225,48,8.315024474340545,0.34562451984070014,True,True,2,1.0,True,"ANSWER: C
SUPPORTING: Anemia; Fatigue
The patient's symptoms of fatigue, poor diet, history of anemia, family history of anemia, and the use of new oral anticoagulants (NOACs) strongly suggest anemia. Additionally, the patient reports feeling lightheaded and dizzy, which can be a symptom of anemia due to decreased oxygen-carrying capacity of the blood."
12,19,3165,0.7727,C,C,True,True,507,0.12510075044877053,48,8.248830732715806,0.3678543179670987,True,True,2,1.0,True,"ANSWER: C
SUPPORTING: Anemia; Chronic kidney failure
The patient's symptoms of constant fatigue, non-restful sleep, and recent black stools (indicative of gastrointestinal bleeding) strongly suggest anemia. Additionally, the history of a poor diet, previous diagnosis of anemia, and family history of anemia further support this diagnosis. The patient's chronic kidney failure could also contribute to anemia by reducing the production of erythropoietin, a hormone that stimulates red blood cell production."
12,20,3152,0.7695,C,B,False,True,616,0.12312876341178677,48,8.085455464040665,0.46608687123835446,True,True,2,0.5,True,"ANSWER: B
SUPPORTING: Acute laryngitis; Fever

The patient's symptoms, including difficulty swallowing, shortness of breath, a high-pitched sound on inspiration, and a hoarse voice, are more consistent with acute laryngitis. Additionally, the presence of a fever supports this diagnosis. While croup can also cause a barking cough and stridor, the other symptoms are more indicative of laryngitis. The absence of recent travel and up-to-date vaccinations also do not support a diagnosis of epiglottitis or HIV. Myasthenia gravis would typically present with muscle weakness and fatigue, which are not mentioned here."
12,21,3254,0.7944,D,D,True,True,518,0.12484956070327503,48,8.463759802676186,0.39403722446481304,True,True,4,0.5,True,"ANSWER: D
SUPPORTING: Acute pulmonary edema; Shortness of breath or difficulty breathing; Swelling in one or more areas of the body; Symptoms worse when lying down and alleviated while sitting up

The patient's symptoms, including shortness of breath, significant swelling in multiple areas, and worsening symptoms when lying down, are highly suggestive of acute pulmonary edema. These symptoms are consistent with fluid accumulation in the lungs, which can occur due to heart failure, a known history in this patient."
12,22,3250,0.7935,C,C,True,True,382,0.12458814752838676,48,8.435655822234521,0.5329439139782979,True,True,2,0.0,True,"ANSWER: C
SUPPORTING: Acute pulmonary edema; Pulmonary embolism
The patient's symptoms of shortness of breath, swelling in the ankles and calves, and worsening symptoms when lying down are highly suggestive of acute pulmonary edema. Additionally, the history of heart failure and recent travel could indicate a risk for pulmonary embolism, which also presents with similar symptoms."
12,23,3136,0.7656,B,D,False,True,426,0.12364041918426706,48,8.07784072003878,0.3352264143576975,True,True,5,0.4,True,"ANSWER: D
SUPPORTING: acute rhinosinusitis; greenish or yellowish nasal discharge; cough; history of polyps in the nose; history of deviated nasal septum

The patient's symptoms of a cough, greenish or yellowish nasal discharge, and the presence of polyps in the nose and a deviated nasal septum strongly suggest acute rhinosinusitis. Additionally, the history of asthma and previous pneumonia further supports this diagnosis."
12,24,3070,0.7495,E,E,True,True,708,0.1288695933666035,48,8.242284409072349,0.5565049658794985,True,True,2,0.5,True,"ANSWER: E
SUPPORTING: URTI; sore throat
The patient's symptoms, including a sore throat, significant pain, and a cough producing colored or more abundant sputum, are most consistent with Upper Respiratory Tract Infection (URTI). The presence of a sore throat and cough with altered sputum is a common presentation of URTI. Additionally, the patient's history of exposure to secondhand smoke could contribute to respiratory symptoms. While cluster headaches can cause severe pain, the other symptoms do not align with this diagnosis. Pneumonia, bronchitis, and bronchiectasis typically present with more severe symptoms such as high fever, significant shortness of breath, and more persistent or severe cough."
12,25,3252,0.7939,D,A,False,True,348,0.1182558236422701,48,8.011832051763799,0.412217941383347,True,True,2,0.0,True,"ANSWER: A
SUPPORTING: URTI; HIV (initial infection)
List at least two findings from the patient's description that support your answer:
1. The patient has a fever, which is a common symptom of upper respiratory tract infections (URTI).
2. The patient has a rash with swollen and painful lesions, which can be indicative of an initial HIV infection."
12,26,3107,0.7585,C,C,True,True,606,0.12544036359715074,48,8.119650202007238,0.4120688740287631,True,True,2,0.0,True,"ANSWER: C
SUPPORTING: Acute dystonic reactions; History of starting or taking antipsychotic medication within the last 7 days

The symptoms described, including shortness of breath, difficulty breathing, feeling like suffocation, trouble keeping the tongue in the mouth, difficulty opening eyelids, muscle spasms, and difficulty opening the mouth or jaw pain, are consistent with acute dystonic reactions, which can occur as a side effect of antipsychotic medications. The recent initiation or use of antipsychotics and the history of hospital treatment for related symptoms further support this diagnosis."
12,27,3218,0.7856,B,A,False,True,635,0.12365283390876518,48,8.289892073300132,0.4053646066315942,True,True,2,0.0,True,"ANSWER: A
SUPPORTING: Possible NSTEMI / STEMI; Unstable angina
The patient's symptoms, including significant and worsening sweating, chest pain at rest, severe pain intensity, radiation of pain to multiple locations, and a history of cardiovascular risk factors such as diabetes, high cholesterol, smoking, hypertension, and a family history of early-onset cardiovascular disease, strongly suggest a possible NSTEMI (Non-ST Elevation Myocardial Infarction) or STEMI (ST Elevation Myocardial Infarction). These conditions are characterized by severe chest pain and other associated symptoms, which align with the patient's presentation."
12,28,3162,0.772,C,C,True,True,452,0.12236150841948246,48,8.060564367133408,0.4394458555678453,True,True,2,0.5,True,"ANSWER: C
SUPPORTING: pulmonary embolism; deep vein thrombosis

The patient's symptoms include pain in multiple locations (chest, scapula, breast), shortness of breath, swelling in the legs, and a history of deep vein thrombosis. These symptoms are highly suggestive of a pulmonary embolism, which can cause chest pain that worsens with deep breaths and can lead to shortness of breath and leg swelling due to the clot blocking blood flow to the lungs."
12,29,3179,0.7761,A,A,True,True,341,0.12220992096578709,48,8.093861223963273,0.45356833910285915,True,True,2,0.0,True,"ANSWER: A
SUPPORTING: Scombroid food poisoning; The patient's symptoms include shortness of breath, lightheadedness, redness and rash, and a racing heart, which are consistent with scombroid food poisoning. Additionally, the patient consumed dark-fleshed fish (tuna) before the reaction occurred, which is a known trigger for this condition."
12,30,3103,0.7576,B,C,False,True,406,0.12453551362613328,48,8.050702057956075,0.5738482648178852,True,True,2,0.0,True,"ANSWER: C
SUPPORTING: Cluster headache; sharp pain
The patient's symptoms of sharp pain localized in the mouth, forehead, eye, and back of the head, along with the rapid onset of pain, suggest a cluster headache. Cluster headaches are characterized by severe, sharp pain typically around one eye and often accompanied by other symptoms such as nasal congestion or discharge, which the patient also reports."
12,31,3103,0.7576,C,B,False,True,470,0.12389959335595656,48,8.009592462156942,0.4306456181513778,True,True,2,0.0,True,"ANSWER: B
SUPPORTING: Stable angina; Symptoms increased with physical exertion but alleviated with rest

The patient's symptoms, including chest pain (characterized as a knife stroke) on the right side of the chest, intensity of 7, no radiation, and relief with rest, are consistent with stable angina. Additionally, the symptom of shortness of breath with minimal physical effort and worsening symptoms when lying down also align with the presentation of stable angina."
12,32,3186,0.7778,A,A,True,True,642,0.1226875656705346,48,8.143387171381734,0.4435304702267132,True,True,2,0.0,True,"ANSWER: A
SUPPORTING: Possible NSTEMI / STEMI; The patient's symptoms include sharp, sickening, and scary pain, which is severe and located in multiple areas including the thyroid cartilage, thoracic spine, side of the chest (right), breast (right), and epigastric. The pain is also radiating to the biceps, thoracic spine, under the jaw, and shoulder (left). Additionally, the patient is experiencing shortness of breath or difficulty breathing, which are common symptoms of a cardiac event. The history of HIV infection, high cholesterol, smoking, and a family history of cardiovascular disease further increase the risk of a cardiac event."
12,33,3052,0.7451,D,B,False,True,418,0.12935751425618439,48,8.224981948122391,0.35323984721477586,True,True,2,0.5,True,"ANSWER: B
SUPPORTING: Acute COPD exacerbation / infection; Chronic obstructive pulmonary disease (COPD)

The patient's history of chronic obstructive pulmonary disease (COPD) and the presence of a cough producing colored or more abundant sputum suggest an acute exacerbation of her underlying COPD. Additionally, her immunosuppressed state increases the risk of infection, which could further complicate her condition."
12,34,3311,0.8083,A,A,True,True,547,0.12208788242843922,48,8.421520390011715,0.5039300027922129,True,True,2,0.5,True,"ANSWER: A
SUPPORTING: Anaphylaxis; Severe food allergy
The patient's symptoms strongly suggest anaphylaxis, particularly given the history of a known severe food allergy, the presence of skin rash, swelling, shortness of breath, and the characteristic sharp pain. These symptoms align closely with the signs and symptoms of anaphylaxis, which can include gastrointestinal symptoms (diarrhea), cutaneous manifestations (rash, swelling), respiratory distress (shortness of breath, wheezing), and systemic symptoms (dizziness, loss of consciousness)."
12,35,3105,0.7581,D,D,True,True,584,0.12289023675691471,48,7.9494621902129206,0.5021241312288983,True,True,2,0.5,True,"ANSWER: D
SUPPORTING: Pericarditis; Pain increased when breathing in deeply

The patient's symptoms, including sharp pain localized to the lower chest, radiation to the posterior chest wall, and worsening with lying down and improved with sitting up, are highly suggestive of pericarditis. Additionally, the history of a recent viral infection and previous episode of pericarditis further support this diagnosis. While pulmonary embolism and spontaneous pneumothorax can also cause chest pain, the specific pattern of pain and positional changes are more consistent with pericarditis."
12,36,3271,0.7986,C,C,True,True,797,0.12213198305789955,48,8.322785762133114,0.37434215917821917,True,True,7,0.5714285714285714,True,"ANSWER: C
SUPPORTING: HIV (initial infection); diffuse (widespread) muscle pain; swollen or painful lymph nodes; fever; rash; history of sexual intercourse with an HIV-positive partner in the past 12 months; use of intravenous drugs

The patient's symptoms and history strongly suggest HIV (initial infection). The presence of widespread muscle pain, swollen lymph nodes, fever, and a rash, along with a history of sexual contact with an HIV-positive partner and intravenous drug use, are consistent with early-stage HIV infection. Chagas disease could also present with some of these symptoms, but the history of recent sexual contact with an HIV-positive partner is more indicative of HIV. Anemia, influenza, and scombroid food poisoning do not match the comprehensive set of symptoms described."
12,37,3089,0.7542,E,C,False,True,600,0.12556170296434596,48,8.080418759518015,0.4753623868112285,True,True,4,0.25,True,"ANSWER: C
SUPPORTING: Atrial fibrillation; Shortness of breath; Dizziness; Rapid heartbeat
The patient's symptoms of dizziness, shortness of breath, rapid heartbeat, and palpitations are more consistent with atrial fibrillation, a condition where the heart beats irregularly and can lead to these symptoms. Additionally, the patient reports feeling anxious and taking stimulant drugs, which can exacerbate these symptoms. While the pain in the top of the head could be concerning, the combination of cardiovascular symptoms makes atrial fibrillation the most likely diagnosis among the given options."
12,38,3059,0.7468,C,C,True,True,433,0.12710965425957357,48,8.10059234125074,0.36394802170329627,True,True,2,0.5,True,"ANSWER: C
SUPPORTING: Bronchospasm / acute asthma exacerbation; chronic sinusitis
The patient's history of multiple asthma attacks, hospitalization for an asthma attack, and current symptoms of coughing and shortness of breath strongly support a diagnosis of bronchospasm or acute asthma exacerbation. Additionally, the presence of chronic sinusitis and exposure to secondhand smoke further increase the likelihood of this condition."
12,39,3143,0.7673,A,B,False,True,356,0.12484845271631424,48,8.174972643486992,0.6065025210097967,True,True,2,0.5,True,"ANSWER: B
SUPPORTING: Cluster headache; pain somewhere
The patient's symptoms include localized pain (burning, sharp) in specific areas such as the forehead, cheek, and eye, which are characteristic of cluster headaches. Additionally, the rapid onset of pain and the presence of other symptoms like loss of smell and a cough further support this diagnosis."
15,0,3673,0.8967,C,C,True,True,805,0.12101785681657042,48,9.260387251817981,0.44392931562884136,True,True,3,0.6666666666666666,True,"ANSWER: C
SUPPORTING: Allergic sinusitis; Nasal congestion or a clear runny nose; Severe itching in one or both eyes

The symptoms described, including nasal congestion or a clear runny nose, severe itching in one or both eyes, and nasal itching, are more consistent with allergic sinusitis. The patient's history of living in a big city, which can increase exposure to allergens, further supports this diagnosis. Influenza typically presents with fever, body aches, and more systemic symptoms, which are not mentioned here. URTI (Upper Respiratory Tract Infection) could include these symptoms but is less specific given the presence of significant itching. Pneumonia and bronchitis would also present with additional symptoms such as fever, chest pain, and difficulty breathing, which are not mentioned."
15,1,3778,0.9224,E,E,True,True,625,0.11552061063198751,48,9.092434728492684,0.3245012360040169,True,True,2,0.0,True,"ANSWER: E
SUPPORTING: Bronchitis; Bronchospasm / acute asthma exacerbation
The patient is a 19-year-old female with a history of asthma, recent cold, chronic sinusitis, and exposure to secondhand smoke. These factors strongly suggest that her symptoms of cough and shortness of breath could be due to bronchospasm or an acute asthma exacerbation. Additionally, the presence of wheezing during exhalation further supports this diagnosis. While bronchitis is also a possibility, the combination of asthma history and wheezing makes bronchospasm or an acute asthma exacerbation the most likely diagnosis among the given options."
15,6,3789,0.925,D,D,True,True,514,0.12015267164686046,48,9.484551518124048,0.38795236672271766,True,True,4,0.75,True,"ANSWER: D
SUPPORTING: URTI; sore throat; cough; nasal congestion

The patient's symptoms of a sore throat, cough producing colored or more abundant sputum, and nasal congestion are consistent with Upper Respiratory Tract Infection (URTI). The presence of multiple people in the living environment, exposure to secondhand smoke, and the patient being a smoker also support this diagnosis. Cluster headaches, bronchiectasis, chronic rhinosinusitis, and bronchitis do not align as closely with the described symptoms."
15,8,3766,0.9194,D,B,False,True,651,0.12052597235643263,48,9.45626691446511,0.40595446539872154,True,True,2,0.0,True,"ANSWER: B
SUPPORTING: URTI; Influenza

The patient's symptoms include pain in both ears, fever, irritability, nasal congestion, and a cough. These symptoms are consistent with Upper Respiratory Tract Infection (URTI) or Influenza. Both conditions can cause ear pain, fever, irritability, and respiratory symptoms such as nasal congestion and cough. While acute otitis media and bronchitis can also present with similar symptoms, the combination of bilateral ear pain and the other listed symptoms makes URTI and Influenza the most likely diagnoses. Tuberculosis is less likely given the absence of other systemic symptoms typically associated with it."
15,10,3812,0.9307,B,E,False,True,795,0.11422915431315894,48,9.071698671703372,0.5322399827975017,True,True,2,0.0,True,"ANSWER: E
SUPPORTING: Acute laryngitis; Unstable angina

The patient's symptoms, including pain that improves when leaning forward, a sharp pain localized to the tonsil on the right and side of the neck on the left, high pain intensity, and changes in voice tone, are more consistent with acute laryngitis. Additionally, the presence of a fever and increased salivation further support this diagnosis. While unstable angina could present with chest pain, the specific characteristics of the pain and other symptoms make it less likely. NSTEMI/STEMI and epiglottitis are less likely given the absence of radiation to other areas and the lack of severe systemic symptoms typically associated with these conditions. HIV initial infection would also present with different symptoms and risk factors."
15,11,3786,0.9243,B,B,True,True,631,0.12107224217952657,48,9.549573101910157,0.37693595343321246,True,True,2,0.0,True,"ANSWER: B
SUPPORTING: Viral pharyngitis; URTI

The patient is a 76-year-old male who is coughing up blood and experiencing throat pain characterized as sensitive and burning. He also has a fever and nasal congestion. These symptoms are more consistent with viral pharyngitis or upper respiratory tract infection (URTI). Additionally, his history of contact with someone with similar symptoms and being immunosuppressed further supports these diagnoses. While the other options (NSTEMI/STEMI, epiglottitis, and unstable angina) could present with chest pain, the specific symptoms described are more indicative of a viral infection."
15,12,3809,0.9299,E,E,True,True,587,0.11330230485728086,48,8.991009983362142,0.4306841362225652,True,True,2,0.0,True,"ANSWER: E
SUPPORTING: Myocarditis; symptoms increased with physical exertion but alleviated with rest

The patient's symptoms, including chest pain that is severe (8/10) and exacerbated by physical exertion, along with shortness of breath and generalized fatigue, are highly suggestive of myocarditis. Myocarditis often presents with chest pain that worsens with activity and improves with rest, which aligns with the patient's chief complaint and symptoms. Additionally, the history of recent viral infection further supports this diagnosis, as viral infections can lead to myocarditis."
15,16,3729,0.9104,C,C,True,True,391,0.12039778829733115,48,9.353403178348914,0.2715835002313048,True,True,2,0.5,True,"ANSWER: C
SUPPORTING: Acute COPD exacerbation / infection; Chronic obstructive pulmonary disease (COPD)

The patient is a 44-year-old female with a history of COPD, who is experiencing wheezing, shortness of breath, cough with colored or more abundant sputum, and a history of working in construction and mining. These symptoms and history strongly suggest an acute exacerbation of her COPD."
15,17,3817,0.9319,C,C,True,True,475,0.11472241026848073,48,9.122821666558146,0.4714770243957092,True,True,2,0.5,True,"ANSWER: C
SUPPORTING: URTI; sore throat

The patient's symptoms, including a sore throat, diffuse muscle pain, cough, and fever, are consistent with an Upper Respiratory Tract Infection (URTI). The presence of multiple people in close quarters (living situation and exposure to secondhand smoke) also increases the likelihood of viral transmission. There is no evidence to suggest more severe conditions such as pneumonia, influenza, or HIV based on the provided information."
15,24,3765,0.9192,E,E,True,True,720,0.12129341127315452,48,9.513951946738057,0.5421995658832345,True,True,2,0.5,True,"ANSWER: E
SUPPORTING: URTI; sore throat

The patient's symptoms, including a sore throat, significant pain, and a cough producing colored or more abundant sputum, are most consistent with an Upper Respiratory Tract Infection (URTI). The presence of a sore throat and cough with altered sputum is a strong indicator of URTI. Additionally, the patient's history of exposure to secondhand cigarette smoke could contribute to respiratory symptoms. While cluster headaches can cause severe pain, the other symptoms do not align with this diagnosis. Pneumonia, bronchitis, and bronchiectasis typically present with more severe symptoms such as high fever, significant shortness of breath, and more persistent and severe cough."
15,26,3802,0.9282,C,C,True,True,557,0.12006515366382453,48,9.5101607131221,0.3164413849612776,True,True,2,0.5,True,"ANSWER: C
SUPPORTING: Acute dystonic reactions; Shortness of breath or difficulty breathing in a significant way

The patient's symptoms, including shortness of breath, difficulty keeping her tongue in her mouth, trouble raising her eyelids, facial muscle spasms, and difficulty opening her mouth or jaw pain, are consistent with acute dystonic reactions, which can occur as a side effect of antipsychotic medications. These symptoms are not typically associated with Guillain-Barré syndrome, myasthenia gravis, pulmonary embolism, or acute pulmonary edema."
15,30,3798,0.9272,B,C,False,True,536,0.11818068422716962,48,9.351046639474797,0.5248103599703429,True,True,2,0.0,True,"ANSWER: C
SUPPORTING: Cluster headache; sharp pain

The patient's symptoms of sharp pain localized in the mouth, forehead, eye, and back of the head, along with the rapid onset of the pain, strongly suggest a cluster headache. Cluster headaches are characterized by severe, sharp pain typically located around one eye and can radiate to other areas such as the forehead and temple. The intensity of the pain (rated at 2 on a scale) and the precise localization (score of 3) also align with the typical presentation of cluster headaches."
15,31,3798,0.9272,C,E,False,True,686,0.1156864181978454,48,9.153687839904517,0.5898639491859669,True,True,2,0.5,True,"ANSWER: E
SUPPORTING: Chest pain; Shortness of breath
The patient's symptoms, including chest pain that is severe (7/10) and exacerbated by physical exertion, shortness of breath, and symptoms worsening when lying down, are highly suggestive of a cardiac event such as a Non-ST Elevation Myocardial Infarction (NSTEMI) or ST Elevation Myocardial Infarction (STEMI). These conditions often present with chest pain described as a knife-like sensation and are worsened by physical activity, which aligns with the patient's history. Additionally, the presence of shortness of breath and the fact that symptoms are alleviated by sitting up further support the possibility of a cardiac issue."
15,33,3747,0.9148,D,B,False,True,451,0.12260862043522643,48,9.571135432724864,0.44305826406024396,True,True,2,0.5,True,"ANSWER: B
SUPPORTING: Acute COPD exacerbation / infection; Chronic obstructive pulmonary disease (COPD)

The patient's history of chronic obstructive pulmonary disease (COPD) and the presence of a cough producing colored or more abundant sputum are strong indicators of an acute exacerbation of COPD, which can often be accompanied by an infection. The patient's age, existing conditions, and the nature of the symptoms align well with this diagnosis."
15,35,3800,0.9277,D,D,True,True,558,0.11810129038330244,48,9.34968548867811,0.4062820596482357,True,True,2,1.0,True,"ANSWER: D
SUPPORTING: Pericarditis; Pain that is increased when you breathe in deeply

The patient's symptoms, including sharp chest pain that worsens with deep breathing, radiation to the posterior chest wall, and worsening of symptoms when lying down, are highly suggestive of pericarditis. Additionally, the history of a previous episode of pericarditis supports this diagnosis. While pulmonary embolism and spontaneous pneumothorax can also cause pleuritic chest pain, the specific pattern of pain and other symptoms more closely align with pericarditis."
15,37,3784,0.9238,E,C,False,True,686,0.12317778298223579,48,9.710515225099588,0.36308895225504056,True,True,4,0.25,True,"ANSWER: C
SUPPORTING: Atrial fibrillation; Shortness of breath or difficulty breathing; Dizziness or lightheadedness; Rapid heartbeat or palpitations

The patient's symptoms and history strongly suggest atrial fibrillation. The presence of palpitations, rapid heartbeat, shortness of breath, and dizziness are common symptoms of atrial fibrillation. Additionally, the patient reports feeling anxious and regularly taking stimulant drugs, which can exacerbate these symptoms. While other conditions like pulmonary embolism and PSVT can also cause similar symptoms, the combination of palpitations and dizziness makes atrial fibrillation the most likely diagnosis among the given options."
15,38,3754,0.9165,C,C,True,True,499,0.12044986925156374,48,9.420183524382715,0.33865058132981457,True,True,3,0.3333333333333333,True,"ANSWER: C
SUPPORTING: Bronchospasm / acute asthma exacerbation; chronic sinusitis; exposure to secondhand cigarette smoke on a daily basis

The patient is a 15-year-old female with a history of asthma, chronic sinusitis, and exposure to secondhand smoke, which are strong indicators of an acute asthma exacerbation. Additionally, her symptoms include a cough and shortness of breath, which are consistent with bronchospasm. The other options are less likely given the patient's history and symptoms."
