evidence_share,question_share,evidence_tokens,session,arm,distance,filler_turns,context_fill,ctx_tokens,pathology,gold,pred,correct,mean_entropy,parsed,response
0.014063264076997126,0.2779966422656019,375,0,local,0,21,0.5364,2197,Acute pulmonary edema,D,B,False,0.2737551797181368,True,B
0.007600975775858387,0.25058763148263097,375,0,back_2,2,21,0.5364,2197,Acute pulmonary edema,D,B,False,0.0364324672264047,True,B
0.006584209803674769,0.2360887942735904,375,0,back_5,5,21,0.5364,2197,Acute pulmonary edema,D,B,False,0.000546366223716177,True,B
0.009376610478544276,0.23513225412794522,375,0,back_10,10,21,0.5364,2197,Acute pulmonary edema,D,B,False,0.0005691057522199117,True,B
0.006742866532087126,0.21605832086476898,375,0,back_20,20,21,0.5364,2197,Acute pulmonary edema,D,B,False,0.0006873991123939049,True,B
0.015998700367552892,0.2834526249207556,375,0,local,0,21,0.5354,2193,Acute pulmonary edema,C,A,False,0.11368373195284676,True,A) Pulmonary embolism
0.009158718669953356,0.24871549189889006,375,0,back_2,2,21,0.5354,2193,Acute pulmonary edema,C,A,False,0.16767580015584826,True,A
0.009148555209061928,0.24432551400137267,375,0,back_5,5,21,0.5354,2193,Acute pulmonary edema,C,A,False,0.02206624351674691,True,A
0.012432093087617042,0.2416828205043982,375,0,back_10,10,21,0.5354,2193,Acute pulmonary edema,C,A,False,0.04817820154130459,True,A
0.007407011742803401,0.24424729898705014,375,0,back_20,20,21,0.5354,2193,Acute pulmonary edema,C,A,False,0.046103763626888394,True,A
0.012019287453897829,0.26688097407376127,256,0,local,0,21,0.5076,2079,Chronic rhinosinusitis,B,B,True,0.662779301404953,True,B
0.006455679954212558,0.24083393394747482,256,0,back_2,2,21,0.5076,2079,Chronic rhinosinusitis,B,B,True,0.3702220171689987,True,B
0.0061807170168322045,0.23904903918238624,256,0,back_5,5,21,0.5076,2079,Chronic rhinosinusitis,B,B,True,0.20537024829536676,True,B
0.00976577978300546,0.23934832464770547,256,0,back_10,10,21,0.5076,2079,Chronic rhinosinusitis,B,B,True,0.36354232020676136,True,B
0.006880852455131909,0.23319591186009347,256,0,back_20,20,21,0.5076,2079,Chronic rhinosinusitis,B,B,True,0.1324329162016511,True,B
0.016911545510603383,0.25886134390852283,200,0,local,0,21,0.4915,2013,URTI,E,E,True,0.13133483238583685,True,E) URTI
0.009911047431939681,0.23476937699264713,200,0,back_2,2,21,0.4915,2013,URTI,E,E,True,0.06375676684547216,True,E
0.009250180188766015,0.23740531168212847,200,0,back_5,5,21,0.4915,2013,URTI,E,E,True,0.17956682574003935,True,E
0.009998816297021611,0.2336043323656278,200,0,back_10,10,21,0.4915,2013,URTI,E,E,True,0.030421790666878223,True,E
0.007014050293946639,0.23951764338250672,200,0,back_20,20,21,0.4915,2013,URTI,E,E,True,0.021476524882018566,True,E
0.020150848498035754,0.27122773080398993,382,0,local,0,21,0.5359,2195,Influenza,D,A,False,0.040299185406524295,True,A) URTI
0.00955357110485368,0.22729638325316565,382,0,back_2,2,21,0.5359,2195,Influenza,D,A,False,0.16614224947988987,True,A
0.010067726606004206,0.22952196075181877,382,0,back_5,5,21,0.5359,2195,Influenza,D,A,False,0.09202218241989613,True,A
0.012022414431807451,0.22149987557038134,382,0,back_10,10,21,0.5359,2195,Influenza,D,A,False,0.08638719702139497,True,A
0.0064463024651299095,0.21787484529029047,382,0,back_20,20,21,0.5359,2195,Influenza,D,A,False,0.1491003930568695,True,A
0.013858450169209391,0.24391152234082775,226,0,local,0,21,0.5005,2050,Acute dystonic reactions,C,C,True,0.001181057575017519,True,C
0.007834506329215531,0.23551457506671017,226,0,back_2,2,21,0.5005,2050,Acute dystonic reactions,C,C,True,0.0002474264367293699,True,C
0.005346240326096969,0.24605076425775355,226,0,back_5,5,21,0.5005,2050,Acute dystonic reactions,C,C,True,0.34040474833454937,True,C
0.008168955460795197,0.24395804815659566,226,0,back_10,10,21,0.5005,2050,Acute dystonic reactions,C,B,False,0.2231428800150752,True,B
0.005792720571792286,0.2563779723132029,226,0,back_20,20,21,0.5005,2050,Acute dystonic reactions,C,C,True,0.4504265885334462,True,C
0.014587472500612162,0.27487186929543633,343,0,local,0,21,0.5276,2161,Unstable angina,B,A,False,0.07668852273365019,True,A) Possible NSTEMI / STEMI
0.008666987848950416,0.24773871396402164,343,0,back_2,2,21,0.5276,2161,Unstable angina,B,A,False,0.13967507907000254,True,A
0.008814927539788187,0.24618030449242465,343,0,back_5,5,21,0.5276,2161,Unstable angina,B,A,False,0.05610423694452038,True,A
0.012910513589823884,0.24355816678144038,343,0,back_10,10,21,0.5276,2161,Unstable angina,B,A,False,0.04710245522801415,True,A
0.00917711234277314,0.23552232681374466,343,0,back_20,20,21,0.5276,2161,Unstable angina,B,A,False,0.09404436957765938,True,A
0.01939009130001068,0.22915950384257094,283,0,local,0,21,0.5139,2105,Pulmonary embolism,C,C,True,0.16591369360685349,True,C
0.008568462200595863,0.22707745876894997,283,0,back_2,2,21,0.5139,2105,Pulmonary embolism,C,C,True,0.0037455397250596434,True,C
0.008460554134217091,0.22542141662311874,283,0,back_5,5,21,0.5139,2105,Pulmonary embolism,C,C,True,0.0024466075701639056,True,C
0.011311164258846216,0.22799244476482272,283,0,back_10,10,21,0.5139,2105,Pulmonary embolism,C,C,True,0.017503723967820406,True,C
0.008307839255264429,0.23176355548535607,283,0,back_20,20,21,0.5139,2105,Pulmonary embolism,C,C,True,0.03087030618917197,True,C
0.01616261455429984,0.2594797873669969,306,0,local,0,28,0.6458,2645,Scombroid food poisoning,A,A,True,0.05408227600855753,True,A) Scombroid food poisoning
0.008531753192073666,0.2604381335633142,306,0,back_2,2,28,0.6458,2645,Scombroid food poisoning,A,A,True,0.2035951353609562,True,A
0.007389294429490941,0.2564265891809815,306,0,back_5,5,28,0.6458,2645,Scombroid food poisoning,A,D,False,0.31403062865138054,True,D
0.009912998510117177,0.25011044880375266,306,0,back_10,10,28,0.6458,2645,Scombroid food poisoning,A,A,True,0.1637649778276682,True,A
0.004104985062440392,0.242714796547911,306,0,back_20,20,28,0.6458,2645,Scombroid food poisoning,A,A,True,0.0464731038082391,True,A
0.01433177966724283,0.23445055771818651,227,0,local,0,28,0.6272,2569,Chronic rhinosinusitis,B,B,True,0.006844394188192382,True,B
0.00817717240715865,0.24586556361256434,227,0,back_2,2,28,0.6272,2569,Chronic rhinosinusitis,B,B,True,0.22135151363909245,True,B
0.008691880965800789,0.22054661506886727,227,0,back_5,5,28,0.6272,2569,Chronic rhinosinusitis,B,B,True,0.0017023649415932596,True,B
0.011242363947790832,0.21577579642014047,227,0,back_10,10,28,0.6272,2569,Chronic rhinosinusitis,B,B,True,0.0010319429857190698,True,B
0.0050499805625544725,0.19452543219085783,227,0,back_20,20,28,0.6272,2569,Chronic rhinosinusitis,B,B,True,0.0006046131948096445,True,B
0.013940694758535497,0.2717148717825434,227,0,local,0,28,0.6272,2569,Myocarditis,C,E,False,0.14858223986811936,True,E
0.007910634706994253,0.2410368733773274,227,0,back_2,2,28,0.6272,2569,Myocarditis,C,E,False,0.16913607029709965,True,E
0.006781789965836131,0.23664517115269387,227,0,back_5,5,28,0.6272,2569,Myocarditis,C,E,False,0.10653429105877876,True,E
0.009855443509357948,0.2341518211012174,227,0,back_10,10,28,0.6272,2569,Myocarditis,C,E,False,0.10631983971688896,True,E
0.004806618695770989,0.2387959515077195,227,0,back_20,20,28,0.6272,2569,Myocarditis,C,E,False,0.3334087576949969,True,E
0.013982538312640307,0.2672295949055946,309,0,local,0,28,0.6475,2652,Possible NSTEMI / STEMI,A,A,True,0.0320208652063684,True,A) Possible NSTEMI / STEMI
0.007909320702310652,0.23331269568630628,309,0,back_2,2,28,0.6475,2652,Possible NSTEMI / STEMI,A,A,True,0.24035596819106786,True,A
0.00604655723873293,0.22954264161775687,309,0,back_5,5,28,0.6475,2652,Possible NSTEMI / STEMI,A,A,True,0.14038544314951196,True,A
0.00842594613381412,0.22589971366271908,309,0,back_10,10,28,0.6475,2652,Possible NSTEMI / STEMI,A,A,True,0.06757191365272774,True,A
0.004478797235476252,0.2171945872417252,309,0,back_20,20,28,0.6475,2652,Possible NSTEMI / STEMI,A,A,True,0.073466445412123,True,A
0.009509441974971975,0.25048751700004296,174,0,local,0,28,0.6147,2518,Bronchiectasis,D,B,False,0.0017101461999118328,True,B
0.005652028056959223,0.23889605937126493,174,0,back_2,2,28,0.6147,2518,Bronchiectasis,D,B,False,0.00034673677146201953,True,B
0.0051330353702983954,0.2289255886072559,174,0,back_5,5,28,0.6147,2518,Bronchiectasis,D,B,False,0.0002819509471123638,True,B
0.007813567151320708,0.21622251518004174,174,0,back_10,10,28,0.6147,2518,Bronchiectasis,D,B,False,0.00032604028638161253,True,B
0.003987219835315565,0.20717074193193444,174,0,back_20,20,28,0.6147,2518,Bronchiectasis,D,B,False,0.00036856759339798373,True,B
0.016780533619956777,0.25918716029264033,428,0,local,0,28,0.678,2777,Anaphylaxis,A,A,True,0.00545092107693839,True,A) Anaphylaxis
0.009232477260021759,0.23800164318111325,428,0,back_2,2,28,0.678,2777,Anaphylaxis,A,A,True,0.1407184439750182,True,A
0.007615647821304654,0.237897011950346,428,0,back_5,5,28,0.678,2777,Anaphylaxis,A,A,True,0.08622392268611634,True,A
0.00930082970132519,0.24026029701677284,428,0,back_10,10,28,0.678,2777,Anaphylaxis,A,A,True,0.07973742235077452,True,A
0.004434980560160641,0.23312783045029,428,0,back_20,20,28,0.678,2777,Anaphylaxis,A,A,True,0.02703184080041865,True,A
0.01729713172452258,0.2807488170053278,226,0,local,0,28,0.6277,2571,Pericarditis,D,D,True,0.03203255659900606,True,D
0.00896694952098187,0.26478993232428494,226,0,back_2,2,28,0.6277,2571,Pericarditis,D,D,True,0.0054572803201153874,True,D
0.010576921898713667,0.25583714665845037,226,0,back_5,5,28,0.6277,2571,Pericarditis,D,D,True,0.0027732732705771923,True,D
0.013621794885693816,0.2502176999447069,226,0,back_10,10,28,0.6277,2571,Pericarditis,D,D,True,0.0007785346242599189,True,D
0.005145232870355747,0.23854955189329172,226,0,back_20,20,28,0.6277,2571,Pericarditis,D,D,True,0.0033899510162882507,True,D
0.017672979572255696,0.26238929027957575,400,0,local,0,28,0.6682,2737,HIV (initial infection),C,C,True,0.008643850596854463,True,C
0.007965960613676413,0.24820578003501786,400,0,back_2,2,28,0.6682,2737,HIV (initial infection),C,C,True,0.000959825178142637,True,C
0.008511608277331106,0.24123674769154085,400,0,back_5,5,28,0.6682,2737,HIV (initial infection),C,C,True,0.0006625395617447793,True,C
0.010861454651083997,0.23172544712932513,400,0,back_10,10,28,0.6682,2737,HIV (initial infection),C,C,True,0.0008461805628030561,True,C
0.005606599000332478,0.23021103741068924,400,0,back_20,20,28,0.6682,2737,HIV (initial infection),C,C,True,0.0008216166024794802,True,C
0.020374296287107945,0.25347811356186867,216,0,local,0,35,0.7563,3098,PSVT,E,C,False,0.08138691657222807,True,C
0.009387243310421971,0.25003342125897426,216,0,back_2,2,35,0.7563,3098,PSVT,E,B,False,0.22769930958747864,True,B
0.010157179028153353,0.24071523141381995,216,0,back_5,5,35,0.7563,3098,PSVT,E,B,False,0.012435066630132496,True,B
0.010773781475498774,0.24503561947494745,216,0,back_10,10,35,0.7563,3098,PSVT,E,B,False,0.020089115481823683,True,B
0.006173013502120739,0.23016486551413046,216,0,back_20,20,35,0.7563,3098,PSVT,E,B,False,0.09914835239760578,True,B
0.012673393128872184,0.2537639542383009,178,0,local,0,35,0.749,3068,Bronchospasm / acute asthma exacerbation,C,C,True,0.001061112012052945,True,C
0.006862851453271495,0.24535811366513371,178,0,back_2,2,35,0.749,3068,Bronchospasm / acute asthma exacerbation,C,C,True,0.00025311286344731343,True,C
0.00842926147223417,0.23758115320067322,178,0,back_5,5,35,0.749,3068,Bronchospasm / acute asthma exacerbation,C,C,True,0.00039248122035928645,True,C
0.009406672477780376,0.23362957386832153,178,0,back_10,10,35,0.749,3068,Bronchospasm / acute asthma exacerbation,C,C,True,0.0003555109324793193,True,C
0.004220701783586784,0.2181481148083029,178,0,back_20,20,35,0.749,3068,Bronchospasm / acute asthma exacerbation,C,C,True,0.00041470201477977753,True,C
0.011780449588383948,0.22136596560345165,275,0,local,0,35,0.7695,3152,Chronic rhinosinusitis,A,A,True,0.09158730026665296,True,A) Chronic rhinosinusitis
0.006747527077095583,0.24235108905538386,275,0,back_2,2,35,0.7695,3152,Chronic rhinosinusitis,A,B,False,0.1058222430292517,True,B
0.00773013101570541,0.23644432887834096,275,0,back_5,5,35,0.7695,3152,Chronic rhinosinusitis,A,B,False,0.043692799110431224,True,B
0.009452951649758947,0.23357564302360906,275,0,back_10,10,35,0.7695,3152,Chronic rhinosinusitis,A,B,False,0.029986250738147646,True,B
0.0055968588343863045,0.19447263293633504,275,0,back_20,20,35,0.7695,3152,Chronic rhinosinusitis,A,A,True,0.021799573209136724,True,A
0.010264927912170865,0.2642984576190689,214,0,local,0,35,0.7551,3093,URTI,D,D,True,0.03302082198206335,True,D
0.005855179327357162,0.2493357798749847,214,0,back_2,2,35,0.7551,3093,URTI,D,A,False,0.04904105328023434,True,A
0.007136530347841992,0.2368538985028863,214,0,back_5,5,35,0.7551,3093,URTI,D,A,False,0.04188467632047832,True,A
0.009326347414701428,0.23736422608739563,214,0,back_10,10,35,0.7551,3093,URTI,D,A,False,0.047284760628826916,True,A
0.003950319000328558,0.2229360184199842,214,0,back_20,20,35,0.7551,3093,URTI,D,A,False,0.02262409045943059,True,A
0.012384714521301379,0.2760492167269279,259,0,local,0,35,0.7683,3147,Pericarditis,C,C,True,0.06320428475737572,True,C
0.006866845985184357,0.26915920776913743,259,0,back_2,2,35,0.7683,3147,Pericarditis,C,A,False,0.3723319359123707,True,A
0.006833258821903395,0.26580064920043306,259,0,back_5,5,35,0.7683,3147,Pericarditis,C,C,True,0.32492423077928834,True,C
0.010613028508877116,0.26310423824803103,259,0,back_10,10,35,0.7683,3147,Pericarditis,C,C,True,0.394712134526344,True,C
0.006236183463313084,0.2586799897087206,259,0,back_20,20,35,0.7683,3147,Pericarditis,C,A,False,0.4092494659125805,True,A
0.02660206926520914,0.22789929279991025,299,0,local,0,35,0.7764,3180,Anemia,B,E,False,0.08358843624591827,True,E
0.010915200608516378,0.23637530269167786,299,0,back_2,2,35,0.7764,3180,Anemia,B,E,False,0.14769310667179525,True,E
0.011270612316106312,0.23054732345709844,299,0,back_5,5,35,0.7764,3180,Anemia,B,E,False,0.24611695960629731,True,E
0.009592500412379325,0.20913444765444314,299,0,back_10,10,35,0.7764,3180,Anemia,B,E,False,0.036452116270083934,True,E
0.0060531058422514305,0.2227134596489902,299,0,back_20,20,35,0.7764,3180,Anemia,B,E,False,0.29689879424404353,True,E
0.010192700046380716,0.24229012737383268,164,0,local,0,35,0.7437,3046,Atrial fibrillation,C,C,True,0.0009889389930322068,True,C
0.00484739548223193,0.2459009042442111,164,0,back_2,2,35,0.7437,3046,Atrial fibrillation,C,C,True,0.020526434644125402,True,C
0.005511680555563154,0.23996152489313058,164,0,back_5,5,35,0.7437,3046,Atrial fibrillation,C,C,True,0.004513279418461025,True,C
0.007590517697930669,0.2411796802688124,164,0,back_10,10,35,0.7437,3046,Atrial fibrillation,C,C,True,0.006646757596172392,True,C
0.002353011315238161,0.2412819712356265,164,0,back_20,20,35,0.7437,3046,Atrial fibrillation,C,C,True,0.10631752590415999,True,C
0.014746229072833168,0.2582639027719519,309,0,local,0,35,0.78,3195,Pulmonary embolism,E,E,True,0.26134252548217773,True,E
0.007872456774098932,0.2545414906926453,309,0,back_2,2,35,0.78,3195,Pulmonary embolism,E,C,False,0.34623175021260977,True,C
0.007586498735430983,0.25395357997954954,309,0,back_5,5,35,0.78,3195,Pulmonary embolism,E,C,False,0.29856565268710256,True,C
0.007762406323828535,0.2526407179622246,309,0,back_10,10,35,0.78,3195,Pulmonary embolism,E,C,False,0.17014817241579294,True,C
0.005561969777513046,0.23572357088726545,309,0,back_20,20,35,0.78,3195,Pulmonary embolism,E,C,False,0.3480209445115179,True,C
0.027755481307394803,0.2586119998346216,300,0,local,0,42,0.9065,3713,Anemia,A,A,True,0.12392949327384031,True,A) Anemia
0.011848043970530853,0.21882209394659316,300,0,back_2,2,42,0.9065,3713,Anemia,A,A,True,0.06670284607025678,True,A
0.011532808454441172,0.2128939982337345,300,0,back_5,5,42,0.9065,3713,Anemia,A,A,True,0.06117285373966297,True,A
0.014912092778623836,0.20424192202543573,300,0,back_10,10,42,0.9065,3713,Anemia,A,A,True,0.05133237629343057,True,A
0.00660667642088291,0.2052332358102181,300,0,back_20,20,42,0.9065,3713,Anemia,A,A,True,0.02036751597188413,True,A
0.01900936370449407,0.2227710985545335,181,0,local,0,42,0.8801,3605,Myasthenia gravis,E,E,True,0.025803065409910175,True,E
0.009123306313995272,0.22039941833021917,181,0,back_2,2,42,0.8801,3605,Myasthenia gravis,E,E,True,0.00047362316495025425,True,E
0.008278324916318525,0.21939627496924782,181,0,back_5,5,42,0.8801,3605,Myasthenia gravis,E,E,True,0.00035531298659918775,True,E
0.008889920065744914,0.21944904907806112,181,0,back_10,10,42,0.8801,3605,Myasthenia gravis,E,E,True,0.0003059832418443875,True,E
0.0030632609414819206,0.21813880861736834,181,0,back_20,20,42,0.8801,3605,Myasthenia gravis,E,E,True,0.0002795617934339134,True,E
0.013880933942605875,0.27689076081982683,260,0,local,0,42,0.8977,3677,URTI,A,A,True,0.1375848083726107,True,A) URTI
0.008717576463823207,0.24720626740184212,260,0,back_2,2,42,0.8977,3677,URTI,A,A,True,0.12410471827024594,True,A
0.00651495968798242,0.24217252642847598,260,0,back_5,5,42,0.8977,3677,URTI,A,A,True,0.10498833233577898,True,A
0.00981718416525317,0.23253629235218146,260,0,back_10,10,42,0.8977,3677,URTI,A,A,True,0.10453031100041699,True,A
0.006225779650516675,0.23083476870254213,260,0,back_20,20,42,0.8977,3677,URTI,A,A,True,0.08921766866114922,True,A
0.01735534891486168,0.24592593731358647,285,0,local,0,42,0.9043,3704,Inguinal hernia,C,C,True,0.015253640442097094,True,C
0.010066086690390616,0.23674152290914208,285,0,back_2,2,42,0.9043,3704,Inguinal hernia,C,C,True,0.18351308786077425,True,C
0.008377610623678524,0.23109974248135196,285,0,back_5,5,42,0.9043,3704,Inguinal hernia,C,C,True,0.3289000970253255,True,C
0.009290671139491937,0.2300131660886109,285,0,back_10,10,42,0.9043,3704,Inguinal hernia,C,C,True,0.0825696486281231,True,C
0.0043398561579774,0.23878497617053135,285,0,back_20,20,42,0.9043,3704,Inguinal hernia,C,D,False,0.10452408908167854,True,D
0.016758747382222543,0.28251809786473003,575,0,local,0,42,0.9741,3990,Pneumonia,D,D,True,0.0733088800437989,True,D) Pneumonia
0.008287162863000828,0.25682273532064365,575,0,back_2,2,42,0.9741,3990,Pneumonia,D,D,True,0.1405277019366622,True,D
0.011346308519672934,0.25932087656110525,575,0,back_5,5,42,0.9741,3990,Pneumonia,D,D,True,0.10846627876162529,True,D
0.010531548132088833,0.25772258463049574,575,0,back_10,10,42,0.9741,3990,Pneumonia,D,D,True,0.2061612792313099,True,D
0.006895541026356763,0.2560726201128481,575,0,back_20,20,42,0.9741,3990,Pneumonia,D,D,True,0.05865453300066292,True,D
0.013986711910027745,0.2504210070972996,222,0,local,0,42,0.8894,3643,Myocarditis,C,E,False,0.001391554847941734,True,E
0.008126681693413827,0.22229523657421982,222,0,back_2,2,42,0.8894,3643,Myocarditis,C,E,False,0.0007693595580349211,True,E
0.006793911123947639,0.21865113129440164,222,0,back_5,5,42,0.8894,3643,Myocarditis,C,E,False,0.0009109391030506231,True,E
0.010159213825578004,0.2160023437214217,222,0,back_10,10,42,0.8894,3643,Myocarditis,C,E,False,0.0011460121313575655,True,E
0.0037089616918300245,0.21620946297688143,222,0,back_20,20,42,0.8894,3643,Myocarditis,C,E,False,0.00297573150601238,True,E
0.015037449043510216,0.24104871459504856,201,0,local,0,42,0.8845,3623,Boerhaave,D,E,False,0.14741255599074066,True,E
0.007609902203382392,0.2321161845466122,201,0,back_2,2,42,0.8845,3623,Boerhaave,D,E,False,0.31885539274662733,True,E
0.006353965781662347,0.2341076210141182,201,0,back_5,5,42,0.8845,3623,Boerhaave,D,A,False,0.18350296095013618,True,A
0.00973017220219065,0.2334724732208997,201,0,back_10,10,42,0.8845,3623,Boerhaave,D,A,False,0.3355824649333954,True,A
0.0032758816217080622,0.22746422374621034,201,0,back_20,20,42,0.8845,3623,Boerhaave,D,E,False,0.19479139428585768,True,E
0.015019330886259143,0.25740210875769015,288,0,local,0,42,0.9058,3710,Anemia,C,C,True,0.014576509827747941,True,C
0.007548018152842165,0.2468705338874965,288,0,back_2,2,42,0.9058,3710,Anemia,C,C,True,0.046813226072117686,True,C
0.006420742900705331,0.24434590729651973,288,0,back_5,5,42,0.9058,3710,Anemia,C,C,True,0.12534344475716352,True,C
0.009765648923348635,0.2444473491881841,288,0,back_10,10,42,0.9058,3710,Anemia,C,C,True,0.04528132767882198,True,C
0.004729771622286145,0.23718293124277676,288,0,back_20,20,42,0.9058,3710,Anemia,C,E,False,0.05311370163690299,True,E
0.011192555755509861,0.2832914725378422,329,1,local,0,21,0.4885,2001,Stable angina,B,A,False,0.13884996343404055,True,A
0.006373594361191083,0.27016766618804205,329,1,back_2,2,21,0.4885,2001,Stable angina,B,A,False,0.05782613018527627,True,A
0.005195447696938312,0.27068072085135747,329,1,back_5,5,21,0.4885,2001,Stable angina,B,A,False,0.06879463186487556,True,A
0.00833804281319317,0.2635261418763548,329,1,back_10,10,21,0.4885,2001,Stable angina,B,A,False,0.10182862170040607,True,A
0.00647284188276639,0.262911594855333,329,1,back_20,20,21,0.4885,2001,Stable angina,B,A,False,0.0337842907756567,True,A
0.014809105736536108,0.2722363011312804,129,1,local,0,21,0.4392,1799,Allergic sinusitis,B,B,True,0.08958018131670542,True,B
0.007061102036719343,0.2467940757550033,129,1,back_2,2,21,0.4392,1799,Allergic sinusitis,B,B,True,0.16914968972560018,True,B
0.005953351343123359,0.2409299422953544,129,1,back_5,5,21,0.4392,1799,Allergic sinusitis,B,B,True,0.14595973142422736,True,B
0.007743678870610893,0.23635978419666312,129,1,back_10,10,21,0.4392,1799,Allergic sinusitis,B,B,True,0.1935047474107705,True,B
0.004930389562592349,0.24366856750566512,129,1,back_20,20,21,0.4392,1799,Allergic sinusitis,B,B,True,0.1943014421267435,True,B
0.03202460187354258,0.2386741268149178,313,1,local,0,21,0.4841,1983,SLE,C,A,False,1.02610844373703,True,A
0.020200261266186965,0.18939840905035712,313,1,back_2,2,21,0.4841,1983,SLE,C,A,False,0.512878043577075,True,A
0.01691359124067406,0.18820929301104375,313,1,back_5,5,21,0.4841,1983,SLE,C,E,False,0.4958130074082874,True,E
0.020717935359113784,0.18552291295158543,313,1,back_10,10,21,0.4841,1983,SLE,C,A,False,0.6115856878459454,True,A
0.014444738157700547,0.1869647990014138,313,1,back_20,20,21,0.4841,1983,SLE,C,E,False,0.4722536898916587,True,E
0.023544670140836388,0.2559169425595818,265,1,local,0,21,0.4739,1941,Panic attack,E,E,True,0.33384663925971836,True,E
0.011153990411133106,0.23787022930836038,265,1,back_2,2,21,0.4739,1941,Panic attack,E,E,True,0.06297822744818404,True,E
0.010167668791837059,0.2385543568192848,265,1,back_5,5,21,0.4739,1941,Panic attack,E,E,True,0.08954722064663656,True,E
0.011237521123673235,0.23397796278420305,265,1,back_10,10,21,0.4739,1941,Panic attack,E,E,True,0.030158540816046298,True,E
0.009861423372577909,0.23350771943972046,265,1,back_20,20,21,0.4739,1941,Panic attack,E,C,False,0.3477272449526936,True,C
0.01828456887908812,0.25807308909549775,541,1,local,0,21,0.5398,2211,Pneumonia,B,B,True,0.028491586446762085,True,B
0.010068864279933873,0.23903216153848916,541,1,back_2,2,21,0.5398,2211,Pneumonia,B,B,True,0.0567509779939428,True,B
0.011980374135808753,0.24523620296635532,541,1,back_5,5,21,0.5398,2211,Pneumonia,B,B,True,0.02522488817339763,True,B
0.013364675265620463,0.24327361547122045,541,1,back_10,10,21,0.5398,2211,Pneumonia,B,B,True,0.040486005367711186,True,B
0.00895215876516886,0.24357264848159893,541,1,back_20,20,21,0.5398,2211,Pneumonia,B,B,True,0.11505785037297755,True,B
0.013740612318672771,0.2532407156457858,208,1,local,0,21,0.4587,1879,URTI,A,A,True,0.29577405721215655,True,A
0.008760537819138594,0.23516870107102608,208,1,back_2,2,21,0.4587,1879,URTI,A,A,True,0.028493468625583773,True,A
0.00828048270860953,0.23471202794462442,208,1,back_5,5,21,0.4587,1879,URTI,A,A,True,0.012729521098663099,True,A
0.010890776799767212,0.2304100075603596,208,1,back_10,10,21,0.4587,1879,URTI,A,A,True,0.028200766669215227,True,A
0.006129314372628869,0.2303557015755879,208,1,back_20,20,21,0.4587,1879,URTI,A,A,True,0.028567409244715236,True,A
0.013500201657214867,0.2789646265196747,171,1,local,0,21,0.4514,1849,Acute laryngitis,C,A,False,0.049466566884916574,True,A
0.0071528869739267975,0.24602224019223026,171,1,back_2,2,21,0.4514,1849,Acute laryngitis,C,A,False,0.007073219399899244,True,A
0.006385908470422562,0.24202218352417862,171,1,back_5,5,21,0.4514,1849,Acute laryngitis,C,A,False,0.008810496423393488,True,A
0.010414690062004541,0.2394800678095115,171,1,back_10,10,21,0.4514,1849,Acute laryngitis,C,A,False,0.015814519487321377,True,A
0.005074730519156999,0.232095681829378,171,1,back_20,20,21,0.4514,1849,Acute laryngitis,C,A,False,0.029576482251286507,True,A
0.013032501654899014,0.27431716613604556,242,1,local,0,21,0.4668,1912,URTI,A,A,True,0.34568556770682335,True,A
0.006719953645577854,0.2521683286675917,242,1,back_2,2,21,0.4668,1912,URTI,A,A,True,0.09330356307327747,True,A
0.007633736099316073,0.25125456613022834,242,1,back_5,5,21,0.4668,1912,URTI,A,A,True,0.06462580990046263,True,A
0.009056525524751382,0.24872243036848626,242,1,back_10,10,21,0.4668,1912,URTI,A,A,True,0.09166530519723892,True,A
0.0056817586625714156,0.24370049555519863,242,1,back_20,20,21,0.4668,1912,URTI,A,A,True,0.046604230999946594,True,A
0.01836272915742094,0.24437642652940536,211,1,local,0,28,0.5781,2368,Guillain-Barré syndrome,C,C,True,0.0008441476502412115,True,C
0.008146974033609564,0.25992089972299126,211,1,back_2,2,28,0.5781,2368,Guillain-Barré syndrome,C,A,False,0.4173360764980316,True,A
0.007282059777935501,0.2599349201690139,211,1,back_5,5,28,0.5781,2368,Guillain-Barré syndrome,C,A,False,0.0425899438560009,True,A
0.008230197214288637,0.25798871213503716,211,1,back_10,10,28,0.5781,2368,Guillain-Barré syndrome,C,A,False,0.0823652558028698,True,A
0.0024216778287414593,0.25293258173457744,211,1,back_20,20,28,0.5781,2368,Guillain-Barré syndrome,C,A,False,0.20376652479171753,True,A
0.011318071088421025,0.26581105089280754,220,1,local,0,28,0.5793,2373,Viral pharyngitis,A,C,False,0.04881875705905259,True,C
0.005625240309330236,0.2417627503829343,220,1,back_2,2,28,0.5793,2373,Viral pharyngitis,A,C,False,0.3818456414155662,True,C
0.005691134264842341,0.2410813053970092,220,1,back_5,5,28,0.5793,2373,Viral pharyngitis,A,A,True,0.360080786049366,True,A
0.007443811607247751,0.24085221195127815,220,1,back_10,10,28,0.5793,2373,Viral pharyngitis,A,A,True,0.27352480590343475,True,A
0.003352062786559275,0.23772135012716586,220,1,back_20,20,28,0.5793,2373,Viral pharyngitis,A,A,True,0.20067951083183289,True,A
0.012302331052654023,0.2637143724631252,244,1,local,0,28,0.5842,2393,Atrial fibrillation,A,A,True,0.10748137027050168,True,A) Atrial fibrillation
0.005762412439383168,0.2595331576719348,244,1,back_2,2,28,0.5842,2393,Atrial fibrillation,A,A,True,0.08269860781729221,True,A
0.00574181188026809,0.2554807423480919,244,1,back_5,5,28,0.5842,2393,Atrial fibrillation,A,A,True,0.04294893145561218,True,A
0.007771634733736781,0.24950582914919192,244,1,back_10,10,28,0.5842,2393,Atrial fibrillation,A,A,True,0.01605670526623726,True,A
0.0032447471855578313,0.2378888524503314,244,1,back_20,20,28,0.5842,2393,Atrial fibrillation,A,A,True,0.018518112105084583,True,A
0.018476357799954712,0.26742566210616914,293,1,local,0,28,0.5974,2447,Scombroid food poisoning,D,D,True,0.002140750817488879,True,D
0.009268914977188356,0.23982245551555284,293,1,back_2,2,28,0.5974,2447,Scombroid food poisoning,D,D,True,0.024616503389552236,True,D
0.006650871087913401,0.24189786912341202,293,1,back_5,5,28,0.5974,2447,Scombroid food poisoning,D,D,True,0.02459670563985128,True,D
0.010508591469260864,0.23710288734374835,293,1,back_10,10,28,0.5974,2447,Scombroid food poisoning,D,D,True,0.12453718591132201,True,D
0.004838190787787815,0.23257460034385855,293,1,back_20,20,28,0.5974,2447,Scombroid food poisoning,D,D,True,0.007570977584691718,True,D
0.021301144725709622,0.2213601940477799,171,1,local,0,28,0.5684,2328,Myasthenia gravis,E,E,True,0.0028152838000181646,True,E
0.006569625654914749,0.23830957597653782,171,1,back_2,2,28,0.5684,2328,Myasthenia gravis,E,E,True,0.052621585433371365,True,E
0.005523234586559868,0.24506130375500237,171,1,back_5,5,28,0.5684,2328,Myasthenia gravis,E,E,True,0.19307731738081202,True,E
0.0062507328808091445,0.24922075410306985,171,1,back_10,10,28,0.5684,2328,Myasthenia gravis,E,E,True,0.10577996051870286,True,E
0.002576310621991849,0.24655899094484215,171,1,back_20,20,28,0.5684,2328,Myasthenia gravis,E,E,True,0.1931354015832767,True,E
0.01587874090598364,0.27139107666776646,340,1,local,0,28,0.6089,2494,Possible NSTEMI / STEMI,C,C,True,0.0016491226408561488,True,C
0.009395361624358754,0.24341310836773897,340,1,back_2,2,28,0.6089,2494,Possible NSTEMI / STEMI,C,C,True,0.0002587478934401588,True,C
0.0076017630230385946,0.2412229978612491,340,1,back_5,5,28,0.6089,2494,Possible NSTEMI / STEMI,C,C,True,0.0002854857582406112,True,C
0.010154988051778804,0.24036926556644694,340,1,back_10,10,28,0.6089,2494,Possible NSTEMI / STEMI,C,C,True,0.0003156485597628489,True,C
0.006374719778250437,0.22485077612301602,340,1,back_20,20,28,0.6089,2494,Possible NSTEMI / STEMI,C,C,True,0.00043948723850917304,True,C
0.01927933076928769,0.2703499219247273,379,1,local,0,28,0.6177,2530,Influenza,C,B,False,0.5045284298248589,True,B
0.010243619110302202,0.24534942390995898,379,1,back_2,2,28,0.6177,2530,Influenza,C,B,False,0.0653398516587913,True,B
0.009553550651097404,0.234797204678346,379,1,back_5,5,28,0.6177,2530,Influenza,C,B,False,0.0022179615625645965,True,B
0.009092579466336506,0.23023037088569254,379,1,back_10,10,28,0.6177,2530,Influenza,C,B,False,0.0007980442023836076,True,B
0.0067988526518872406,0.23163006917041326,379,1,back_20,20,28,0.6177,2530,Influenza,C,B,False,0.015780057961819693,True,B
0.01576441722655935,0.26761128597094547,264,1,local,0,28,0.5891,2413,URTI,B,B,True,0.367397665977478,True,B
0.0064365262286238635,0.24981236534326204,264,1,back_2,2,28,0.5891,2413,URTI,B,B,True,0.009972071624360979,True,B
0.005373454424053696,0.2544990003474855,264,1,back_5,5,28,0.5891,2413,URTI,B,B,True,0.014192565344274044,True,B
0.007226998902167127,0.25580306174898787,264,1,back_10,10,28,0.5891,2413,URTI,B,B,True,0.06469695048872381,True,B
0.003947067724246673,0.2488519506296143,264,1,back_20,20,28,0.5891,2413,URTI,B,B,True,0.009807724389247596,True,B
0.016482397531425313,0.24480240066934908,202,1,local,0,35,0.6904,2828,Boerhaave,B,A,False,0.13776861463452406,True,A
0.008901521596791489,0.23391433339565992,202,1,back_2,2,35,0.6904,2828,Boerhaave,B,A,False,0.03831468860516907,True,A
0.006794050797387692,0.23250173135394497,202,1,back_5,5,35,0.6904,2828,Boerhaave,B,A,False,0.02921812002614388,True,A
0.009370159883733973,0.23424739450482385,202,1,back_10,10,35,0.6904,2828,Boerhaave,B,A,False,0.046220998869102914,True,A
0.004901029286494512,0.23052119989214198,202,1,back_20,20,35,0.6904,2828,Boerhaave,B,A,False,0.04226093301031142,True,A
0.016426315464611565,0.25153460192294524,378,1,local,0,35,0.7329,3002,Influenza,C,B,False,0.2895995732396841,True,B
0.00874230234850464,0.2344256761217756,378,1,back_2,2,35,0.7329,3002,Influenza,C,B,False,0.2721955057932064,True,B
0.008836564988346904,0.23031785236006336,378,1,back_5,5,35,0.7329,3002,Influenza,C,A,False,0.31871058384422213,True,A
0.012008007591897954,0.22727689459653838,378,1,back_10,10,35,0.7329,3002,Influenza,C,A,False,0.3372187684290111,True,A
0.0060723504876867606,0.22088916564825922,378,1,back_20,20,35,0.7329,3002,Influenza,C,A,False,0.15329719241708517,True,A
0.016764718024725362,0.2599571153654584,248,1,local,0,35,0.6997,2866,Pulmonary neoplasm,B,B,True,0.014252763401600532,True,B
0.0076722182545511585,0.2486525669893516,248,1,back_2,2,35,0.6997,2866,Pulmonary neoplasm,B,B,True,0.31696634279796854,True,B
0.0069165296351587,0.23872539994772524,248,1,back_5,5,35,0.6997,2866,Pulmonary neoplasm,B,A,False,0.1620495244860649,True,A
0.008907975515675,0.2287905428758157,248,1,back_10,10,35,0.6997,2866,Pulmonary neoplasm,B,A,False,0.1972034052014351,True,A
0.005222638152190484,0.23090881957406445,248,1,back_20,20,35,0.6997,2866,Pulmonary neoplasm,B,A,False,0.12277547270059586,True,A
0.013936940742756374,0.27090580842923373,401,1,local,0,35,0.7393,3028,Unstable angina,D,E,False,0.20031521981582046,True,E
0.008495770450930909,0.24885811187726045,401,1,back_2,2,35,0.7393,3028,Unstable angina,D,E,False,0.34358491603052244,True,E
0.006457933769395042,0.2509464205774878,401,1,back_5,5,35,0.7393,3028,Unstable angina,D,D,True,0.30748259276151657,True,D
0.00912889082766404,0.24621851622526134,401,1,back_10,10,35,0.7393,3028,Unstable angina,D,D,True,0.2364681400358677,True,D
0.004440974658012108,0.2534191528933921,401,1,back_20,20,35,0.7393,3028,Unstable angina,D,D,True,0.2394331395626068,True,D
0.012043251680941986,0.2819850245640347,305,1,local,0,35,0.7151,2929,Stable angina,B,B,True,0.13347571436315775,True,B
0.0060234597965193514,0.2666048474659744,305,1,back_2,2,35,0.7151,2929,Stable angina,B,D,False,0.07673553669883404,True,D
0.004870675663239256,0.26040732890500556,305,1,back_5,5,35,0.7151,2929,Stable angina,B,D,False,0.00804168482136447,True,D
0.009291868899578861,0.2570190093579835,305,1,back_10,10,35,0.7151,2929,Stable angina,B,D,False,0.0011881239333888516,True,D
0.002924146178494474,0.25532706845219116,305,1,back_20,20,35,0.7151,2929,Stable angina,B,D,False,0.00046017552085686475,True,D
0.017149068440111086,0.24418768689169415,271,1,local,0,35,0.7058,2891,GERD,C,C,True,0.002944822856555618,True,C
0.008992239903558843,0.23686619001507228,271,1,back_2,2,35,0.7058,2891,GERD,C,C,True,0.00043505241185926025,True,C
0.009772386315619639,0.23686746916999774,271,1,back_5,5,35,0.7058,2891,GERD,C,C,True,0.0005007296118719751,True,C
0.011333609780454676,0.2294187125683363,271,1,back_10,10,35,0.7058,2891,GERD,C,C,True,0.0005547304717197221,True,C
0.00482564327259232,0.23505080468021333,271,1,back_20,20,35,0.7058,2891,GERD,C,C,True,0.0006796544041094421,True,C
0.024944881268311292,0.22060713933647744,331,1,local,0,35,0.7214,2955,Anemia,E,E,True,0.014420522132326141,True,E
0.01373902742800835,0.23477034723120077,331,1,back_2,2,35,0.7214,2955,Anemia,E,E,True,0.0006401337418537878,True,E
0.010908484787380855,0.2316916940201606,331,1,back_5,5,35,0.7214,2955,Anemia,E,E,True,0.0010577482462394983,True,E
0.01366638602173355,0.22547183245686547,331,1,back_10,10,35,0.7214,2955,Anemia,E,E,True,0.0008004949013411533,True,E
0.006989690456066455,0.2165624477867303,331,1,back_20,20,35,0.7214,2955,Anemia,E,E,True,0.0004946626286255196,True,E
0.020571831638725207,0.23720006899176432,229,1,local,0,35,0.6953,2848,PSVT,A,A,True,0.15195781337679365,True,A) PSVT
0.012269127798000616,0.24022552196402103,229,1,back_2,2,35,0.6953,2848,PSVT,A,A,True,0.2754993624985218,True,A
0.008425055987442778,0.23573203381550098,229,1,back_5,5,35,0.6953,2848,PSVT,A,A,True,0.09954757615923882,True,A
0.011866767094553714,0.23658931438278938,229,1,back_10,10,35,0.6953,2848,PSVT,A,A,True,0.3695880249142647,True,A
0.0072929420756346576,0.23934685097940797,229,1,back_20,20,35,0.6953,2848,PSVT,A,A,True,0.34160418808460236,True,A
0.015470582692484771,0.2501259648374149,425,1,local,0,42,0.863,3535,Panic attack,A,A,True,0.1622122114774811,True,A
0.009373718537972309,0.23790515676539922,425,1,back_2,2,42,0.863,3535,Panic attack,A,A,True,0.0006174133195600007,True,A
0.008335753666220367,0.23634080520631479,425,1,back_5,5,42,0.863,3535,Panic attack,A,A,True,0.0017052508737833705,True,A
0.010893335253058467,0.2344986548414454,425,1,back_10,10,42,0.863,3535,Panic attack,A,A,True,0.0013673611974809319,True,A
0.006540308128543464,0.23936095274984837,425,1,back_20,20,42,0.863,3535,Panic attack,A,A,True,0.00342570710927248,True,A
0.020108651502856185,0.27592100851636914,362,1,local,0,42,0.8477,3472,Pancreatic neoplasm,D,C,False,0.006545869167894125,True,C
0.007226438723072144,0.2604244070659791,362,1,back_2,2,42,0.8477,3472,Pancreatic neoplasm,D,C,False,0.0002907193047576584,True,C
0.0070189597380314285,0.25651619866091224,362,1,back_5,5,42,0.8477,3472,Pancreatic neoplasm,D,C,False,0.0018011825159192085,True,C
0.009637470604502596,0.2579821839795581,362,1,back_10,10,42,0.8477,3472,Pancreatic neoplasm,D,C,False,0.01939315360505134,True,C
0.006799323300323782,0.24740855592036887,362,1,back_20,20,42,0.8477,3472,Pancreatic neoplasm,D,A,False,0.47658441215753555,True,A
0.015672408094230508,0.26331855764146894,250,1,local,0,42,0.8203,3360,GERD,D,D,True,0.0033040861308109015,True,D
0.005529361716721074,0.25511406172466067,250,1,back_2,2,42,0.8203,3360,GERD,D,D,True,0.09023259463720024,True,D
0.005478051390777442,0.2537426549741732,250,1,back_5,5,42,0.8203,3360,GERD,D,D,True,0.16998489620164037,True,D
0.006873043659912322,0.25039406331987785,250,1,back_10,10,42,0.8203,3360,GERD,D,D,True,0.1943601432722062,True,D
0.0023530095839825143,0.24640591587272606,250,1,back_20,20,42,0.8203,3360,GERD,D,D,True,0.29809308308176696,True,D
0.022535063958327686,0.24495291628409177,278,1,local,0,42,0.8262,3384,GERD,D,D,True,0.022913786911232137,True,D
0.007056970269851652,0.24852718605792948,278,1,back_2,2,42,0.8262,3384,GERD,D,D,True,0.0008694101451283132,True,D
0.006907408111146651,0.24802050395270012,278,1,back_5,5,42,0.8262,3384,GERD,D,D,True,0.007233338258629374,True,D
0.009537857468655733,0.24708048986004932,278,1,back_10,10,42,0.8262,3384,GERD,D,D,True,0.004772725879320205,True,D
0.0031688802480078137,0.24427207067076648,278,1,back_20,20,42,0.8262,3384,GERD,D,D,True,0.006975465141749737,True,D
0.009855770680587739,0.2554181952229036,267,1,local,0,42,0.8257,3382,Acute rhinosinusitis,C,C,True,0.013774037186522037,True,C
0.0048793712859540915,0.24679399622670775,267,1,back_2,2,42,0.8257,3382,Acute rhinosinusitis,C,C,True,0.0006422267761081457,True,C
0.005554386938456446,0.2435577776549118,267,1,back_5,5,42,0.8257,3382,Acute rhinosinusitis,C,C,True,0.02143468032591045,True,C
0.009364384676570938,0.24039434977541013,267,1,back_10,10,42,0.8257,3382,Acute rhinosinusitis,C,C,True,0.011641416058409959,True,C
0.0027760465626280556,0.23623586238162325,267,1,back_20,20,42,0.8257,3382,Acute rhinosinusitis,C,C,True,0.2725858665071428,True,C
0.012371179373336158,0.2560899208432862,221,1,local,0,42,0.8135,3332,Viral pharyngitis,B,A,False,0.36134369103820063,True,A
0.00591598440119664,0.24426907194512232,221,1,back_2,2,42,0.8135,3332,Viral pharyngitis,B,A,False,0.20855756103992462,True,A
0.006938685463995041,0.24238654700041348,221,1,back_5,5,42,0.8135,3332,Viral pharyngitis,B,A,False,0.4304836392402649,True,A
0.0090847255180831,0.23363157298548945,221,1,back_10,10,42,0.8135,3332,Viral pharyngitis,B,A,False,0.13159796025138348,True,A
0.004206209590457937,0.23463672116797948,221,1,back_20,20,42,0.8135,3332,Viral pharyngitis,B,A,False,0.15221943613141775,True,A
0.023308344809005836,0.24429649068042636,333,1,local,0,42,0.8401,3441,Pancreatic neoplasm,D,D,True,0.01434663450345397,True,D
0.008813076823051753,0.24368815734383784,333,1,back_2,2,42,0.8401,3441,Pancreatic neoplasm,D,B,False,0.0011175248364452273,True,B
0.006963156855428159,0.24445392219682358,333,1,back_5,5,42,0.8401,3441,Pancreatic neoplasm,D,B,False,0.3452607486397028,True,B
0.010039703893978316,0.23863346537109464,333,1,back_10,10,42,0.8401,3441,Pancreatic neoplasm,D,D,True,0.22814599692355841,True,D
0.0054498164757075885,0.22945599376024411,333,1,back_20,20,42,0.8401,3441,Pancreatic neoplasm,D,D,True,0.388309766567545,True,D
0.016304897759774967,0.26332052384636234,207,1,local,0,42,0.8101,3318,Viral pharyngitis,B,B,True,0.008235213754232973,True,B
0.006583693869678038,0.26060301274992526,207,1,back_2,2,42,0.8101,3318,Viral pharyngitis,B,B,True,0.06356375454925,True,B
0.006953208476521208,0.2560234828020579,207,1,back_5,5,42,0.8101,3318,Viral pharyngitis,B,A,False,0.7004539519548416,True,A
0.009853423789276608,0.248144212727701,207,1,back_10,10,42,0.8101,3318,Viral pharyngitis,B,A,False,0.4331414997577667,True,A
0.0036054133744463407,0.24676403681015863,207,1,back_20,20,42,0.8101,3318,Viral pharyngitis,B,A,False,0.5180029571056366,True,A
0.01453543730479266,0.2792511465959251,304,2,local,0,21,0.4958,2031,Epiglottitis,A,A,True,0.29338494077092037,True,A
0.006418216129532084,0.2284984517443393,304,2,back_2,2,21,0.4958,2031,Epiglottitis,A,A,True,0.01221999223344028,True,A
0.00574084822021957,0.23114666232972272,304,2,back_5,5,21,0.4958,2031,Epiglottitis,A,A,True,0.006285946161369793,True,A
0.010259832280488419,0.22447421208822302,304,2,back_10,10,21,0.4958,2031,Epiglottitis,A,A,True,0.004301904413296143,True,A
0.007676199140925226,0.23323685063847474,304,2,back_20,20,21,0.4958,2031,Epiglottitis,A,A,True,0.009301924445026089,True,A
0.024996502291677252,0.2481660857863192,243,2,local,0,21,0.48,1966,Pulmonary neoplasm,B,B,True,0.00827918027061969,True,B
0.00755200808011328,0.23733246196726604,243,2,back_2,2,21,0.48,1966,Pulmonary neoplasm,B,A,False,0.03531154873780906,True,A
0.0064048720419772765,0.23483366994852467,243,2,back_5,5,21,0.48,1966,Pulmonary neoplasm,B,A,False,0.02979998452065047,True,A
0.010486249042774684,0.22542082016090198,243,2,back_10,10,21,0.48,1966,Pulmonary neoplasm,B,A,False,0.012582330266013741,True,A
0.006682026143867655,0.23687743618419127,243,2,back_20,20,21,0.48,1966,Pulmonary neoplasm,B,A,False,0.023439726792275906,True,A
0.00941348118275138,0.2584206139934914,320,2,local,0,21,0.4985,2042,Stable angina,D,E,False,0.0020457455202631536,True,E
0.006719842055255347,0.23273990785570017,320,2,back_2,2,21,0.4985,2042,Stable angina,D,E,False,0.0005136393665452488,True,E
0.004637856313950449,0.23126882228202053,320,2,back_5,5,21,0.4985,2042,Stable angina,D,E,False,0.000646621190753649,True,E
0.007524584543716628,0.22891402869884456,320,2,back_10,10,21,0.4985,2042,Stable angina,D,E,False,0.0006841811518825125,True,E
0.004086844725342027,0.22979270068130322,320,2,back_20,20,21,0.4985,2042,Stable angina,D,E,False,0.0006394322576852574,True,E
0.018908836745790074,0.24752281586240446,189,2,local,0,21,0.4658,1908,Acute otitis media,E,E,True,0.008215838353038407,True,E
0.009350172451896859,0.2299816248539303,189,2,back_2,2,21,0.4658,1908,Acute otitis media,E,E,True,0.0006004825263516977,True,E
0.00934297183682377,0.2274788281813796,189,2,back_5,5,21,0.4658,1908,Acute otitis media,E,E,True,0.0005797893536509946,True,E
0.009360137705828362,0.22868801907835795,189,2,back_10,10,21,0.4658,1908,Acute otitis media,E,A,False,0.38248365744948387,True,A
0.004796720188876081,0.22898079401680402,189,2,back_20,20,21,0.4658,1908,Acute otitis media,E,E,True,0.005271990230539814,True,E
0.010502636233078582,0.25088669875237557,279,2,local,0,21,0.4888,2002,Scombroid food poisoning,B,B,True,0.003834446659311652,True,B
0.006120210796195481,0.24726708220051868,279,2,back_2,2,21,0.4888,2002,Scombroid food poisoning,B,B,True,0.013705818797461689,True,B
0.004640076374926139,0.2491771670923169,279,2,back_5,5,21,0.4888,2002,Scombroid food poisoning,B,A,False,0.22425773227587342,True,A
0.007826475365878391,0.24620117619633675,279,2,back_10,10,21,0.4888,2002,Scombroid food poisoning,B,A,False,0.3004401158541441,True,A
0.006875540127241818,0.23123932120922422,279,2,back_20,20,21,0.4888,2002,Scombroid food poisoning,B,A,False,0.24916754383593798,True,A
0.016883253494078026,0.24608501389489643,253,2,local,0,21,0.4832,1979,Boerhaave,E,E,True,0.007098957768107539,True,E
0.006673419093463703,0.25403841987385284,253,2,back_2,2,21,0.4832,1979,Boerhaave,E,A,False,0.05156082846224308,True,A
0.004993725793610793,0.2553183316652264,253,2,back_5,5,21,0.4832,1979,Boerhaave,E,A,False,0.02584484638646245,True,A
0.008260729272089,0.253785212474343,253,2,back_10,10,21,0.4832,1979,Boerhaave,E,A,False,0.01728217676281929,True,A
0.005899278336853188,0.264660424752427,253,2,back_20,20,21,0.4832,1979,Boerhaave,E,A,False,0.03685383964329958,True,A
0.01381684111298195,0.2791777415134545,258,2,local,0,21,0.4849,1986,Pericarditis,A,C,False,0.0013534099816752132,True,C
0.007182559283267308,0.254970021961656,258,2,back_2,2,21,0.4849,1986,Pericarditis,A,C,False,0.0006704746983814402,True,C
0.006552953637375529,0.2514422693223293,258,2,back_5,5,21,0.4849,1986,Pericarditis,A,C,False,0.0006697661483485717,True,C
0.00946300274439896,0.2461289687448048,258,2,back_10,10,21,0.4849,1986,Pericarditis,A,C,False,0.0016064930241554976,True,C
0.007029229609283253,0.24912534153554589,258,2,back_20,20,21,0.4849,1986,Pericarditis,A,C,False,0.26031140121631324,True,C
0.02187384814689202,0.24795204464213125,307,2,local,0,21,0.4961,2032,SLE,D,A,False,0.21254462025559917,True,A) Possible NSTEMI / STEMI
0.008468934060407005,0.22884415457623877,307,2,back_2,2,21,0.4961,2032,SLE,D,A,False,0.07023887103423476,True,A
0.007003523297108976,0.23241663029018259,307,2,back_5,5,21,0.4961,2032,SLE,D,A,False,0.05851943837478757,True,A
0.008560710322594136,0.2222264631917434,307,2,back_10,10,21,0.4961,2032,SLE,D,A,False,0.048213921138085425,True,A
0.005983786794656355,0.22747656915869033,307,2,back_20,20,21,0.4961,2032,SLE,D,A,False,0.09424989484250546,True,A
0.012867949636919158,0.25785890999915345,125,2,local,0,28,0.5913,2422,Tuberculosis,A,A,True,0.11952210391609697,True,A
0.006496270090532822,0.23089486641609774,125,2,back_2,2,28,0.5913,2422,Tuberculosis,A,A,True,0.05565810640109703,True,A
0.00696732933491668,0.2365674481427829,125,2,back_5,5,28,0.5913,2422,Tuberculosis,A,A,True,0.021858330626855604,True,A
0.00817854840923766,0.2291381159863834,125,2,back_10,10,28,0.5913,2422,Tuberculosis,A,A,True,0.02667981357080862,True,A
0.0028039296987896834,0.21977864979167602,125,2,back_20,20,28,0.5913,2422,Tuberculosis,A,A,True,0.016466279863379896,True,A
0.015308021958584763,0.2528127450994881,188,2,local,0,28,0.6079,2490,Viral pharyngitis,D,A,False,0.08267110929591581,True,A
0.009166693319067625,0.23378408785044616,188,2,back_2,2,28,0.6079,2490,Viral pharyngitis,D,A,False,0.08481227979063988,True,A
0.00736997029162012,0.23376499660246605,188,2,back_5,5,28,0.6079,2490,Viral pharyngitis,D,A,False,0.35754939168691635,True,A
0.008454625741641004,0.23189681610425136,188,2,back_10,10,28,0.6079,2490,Viral pharyngitis,D,B,False,0.008063317160122097,True,B
0.004576332136041726,0.22731520628024424,188,2,back_20,20,28,0.6079,2490,Viral pharyngitis,D,B,False,0.00804456532932818,True,B
0.026389535067469945,0.24889866091377502,251,2,local,0,28,0.624,2556,Epiglottitis,E,B,False,0.008528958773240447,True,B
0.005345187746570446,0.23104509263898113,251,2,back_2,2,28,0.624,2556,Epiglottitis,E,A,False,0.31766196712851524,True,A
0.004256006342724764,0.22869165931894844,251,2,back_5,5,28,0.624,2556,Epiglottitis,E,A,False,0.25957503262907267,True,A
0.007769511139485985,0.22738579866875494,251,2,back_10,10,28,0.624,2556,Epiglottitis,E,A,False,0.008101576939225197,True,A
0.003750059435593097,0.22938485576638154,251,2,back_20,20,28,0.624,2556,Epiglottitis,E,A,False,0.020544854924082756,True,A
0.010588121022530166,0.25010928177341285,218,2,local,0,28,0.6155,2521,Viral pharyngitis,A,E,False,0.2697625495493412,True,E
0.0044106685756040475,0.2248952953211431,218,2,back_2,2,28,0.6155,2521,Viral pharyngitis,A,E,False,0.2832074547186494,True,E
0.004143211087336697,0.22530395464439476,218,2,back_5,5,28,0.6155,2521,Viral pharyngitis,A,E,False,0.3234223872423172,True,E
0.008476444011778637,0.22743091888592712,218,2,back_10,10,28,0.6155,2521,Viral pharyngitis,A,A,True,0.37387339025735855,True,A
0.00318774249717535,0.2292764911295048,218,2,back_20,20,28,0.6155,2521,Viral pharyngitis,A,A,True,0.19662266969680786,True,A
0.010610552113835834,0.26392386364750564,320,2,local,0,28,0.6396,2620,Unstable angina,C,A,False,0.2271809341300468,True,A
0.006167609487809906,0.25981023259061786,320,2,back_2,2,28,0.6396,2620,Unstable angina,C,A,False,0.10922764567658305,True,A
0.005478995423930298,0.25224273478878395,320,2,back_5,5,28,0.6396,2620,Unstable angina,C,A,False,0.04731685540173203,True,A
0.007693454492774825,0.2600748469786985,320,2,back_10,10,28,0.6396,2620,Unstable angina,C,A,False,0.05432217428460717,True,A
0.00457845599261678,0.24069429065899126,320,2,back_20,20,28,0.6396,2620,Unstable angina,C,A,False,0.022544385377841536,True,A
0.016547133697063794,0.2587890532865588,329,2,local,0,28,0.6416,2628,SLE,D,D,True,0.047323053382569924,True,D
0.006197944223198907,0.2340747831455831,329,2,back_2,2,28,0.6416,2628,SLE,D,D,True,0.01838189794216305,True,D
0.005124935768045751,0.22468641089342004,329,2,back_5,5,28,0.6416,2628,SLE,D,D,True,0.31846155773382634,True,D
0.007869600091778142,0.228493593832744,329,2,back_10,10,28,0.6416,2628,SLE,D,D,True,0.24706296005751938,True,D
0.004167890597143144,0.22363138142307953,329,2,back_20,20,28,0.6416,2628,SLE,D,D,True,0.3493954362347722,True,D
0.017719159060756544,0.2542267523157144,319,2,local,0,28,0.6379,2613,Pancreatic neoplasm,B,B,True,0.001373738576830874,True,B
0.00804848049717423,0.23974030859036638,319,2,back_2,2,28,0.6379,2613,Pancreatic neoplasm,B,B,True,0.04459413795848377,True,B
0.008789478685814953,0.2327015498885885,319,2,back_5,5,28,0.6379,2613,Pancreatic neoplasm,B,C,False,0.0020323037169873714,True,C
0.01089480668088072,0.23224372333580895,319,2,back_10,10,28,0.6379,2613,Pancreatic neoplasm,B,B,True,0.34872719101258554,True,B
0.006362775593255979,0.22171747388451227,319,2,back_20,20,28,0.6379,2613,Pancreatic neoplasm,B,C,False,0.0010110495786648244,True,C
0.014845683135458134,0.24529696122876235,206,2,local,0,28,0.6108,2502,URTI,E,E,True,0.0410093418759061,True,E
0.005956121190268148,0.21869577359341616,206,2,back_2,2,28,0.6108,2502,URTI,E,E,True,0.0026469475706107914,True,E
0.005445087116511006,0.21472675682577705,206,2,back_5,5,28,0.6108,2502,URTI,E,E,True,0.0026584698498481885,True,E
0.008104712040221784,0.2146412097749167,206,2,back_10,10,28,0.6108,2502,URTI,E,E,True,0.003966679098084569,True,E
0.0038618069043617914,0.2144392546366102,206,2,back_20,20,28,0.6108,2502,URTI,E,E,True,0.003429112024605274,True,E
0.012862587755080312,0.2648796107886093,311,2,local,0,35,0.7598,3112,Acute pulmonary edema,C,B,False,0.004504519747570157,True,B
0.005812127607766472,0.23930644962404454,311,2,back_2,2,35,0.7598,3112,Acute pulmonary edema,C,B,False,0.0007322791207116097,True,B
0.004883466086799412,0.2589742616484208,311,2,back_5,5,35,0.7598,3112,Acute pulmonary edema,C,B,False,0.003737816005013883,True,B
0.007643487342388003,0.2511752762366086,311,2,back_10,10,35,0.7598,3112,Acute pulmonary edema,C,B,False,0.017177768982946873,True,B
0.003615671716293686,0.26237656984345187,311,2,back_20,20,35,0.7598,3112,Acute pulmonary edema,C,B,False,0.07570058613782749,True,B
0.014335382696507233,0.23277354180546744,201,2,local,0,35,0.7329,3002,Boerhaave,D,E,False,0.025984321837313473,True,E
0.00611913251590782,0.2263630345530276,201,2,back_2,2,35,0.7329,3002,Boerhaave,D,E,False,0.05296427936991677,True,E
0.005520799634853445,0.22910924008049602,201,2,back_5,5,35,0.7329,3002,Boerhaave,D,E,False,0.10653070249827579,True,E
0.009389398240143367,0.22438272477925889,201,2,back_10,10,35,0.7329,3002,Boerhaave,D,E,False,0.09026879398152232,True,E
0.0024978878762859885,0.22619185305666178,201,2,back_20,20,35,0.7329,3002,Boerhaave,D,E,False,0.01213503530016169,True,E
0.016558542456810495,0.25697779801807236,317,2,local,0,35,0.76,3113,Scombroid food poisoning,D,D,True,0.008801185060292482,True,D
0.006594447248582063,0.24258225996579444,317,2,back_2,2,35,0.76,3113,Scombroid food poisoning,D,D,True,0.000375863877707161,True,D
0.004370246008745328,0.23939281502472504,317,2,back_5,5,35,0.76,3113,Scombroid food poisoning,D,D,True,0.0008152254595188424,True,D
0.006131327256298391,0.2334113576715546,317,2,back_10,10,35,0.76,3113,Scombroid food poisoning,D,D,True,0.0014196308911778033,True,D
0.0027662152414060464,0.23449865489133767,317,2,back_20,20,35,0.76,3113,Scombroid food poisoning,D,D,True,0.016732956311898306,True,D
0.015278433516089405,0.24038961809128523,241,2,local,0,35,0.7424,3041,Viral pharyngitis,C,C,True,0.0007415344589389861,True,C
0.00707152095856145,0.2263790755532682,241,2,back_2,2,35,0.7424,3041,Viral pharyngitis,C,C,True,0.0005409237637650222,True,C
0.006131429771942619,0.22479232154520495,241,2,back_5,5,35,0.7424,3041,Viral pharyngitis,C,C,True,0.0008652409305796027,True,C
0.00871010752676479,0.22791669472852455,241,2,back_10,10,35,0.7424,3041,Viral pharyngitis,C,D,False,0.22460561245679855,True,D
0.0037066067301826217,0.2267694015255464,241,2,back_20,20,35,0.7424,3041,Viral pharyngitis,C,D,False,0.0012571694369398756,True,D
0.01798676487357755,0.2733780807882015,334,2,local,0,35,0.7661,3138,Pulmonary embolism,A,E,False,0.1364668384194374,True,E
0.007497262560978665,0.23352326467699772,334,2,back_2,2,35,0.7661,3138,Pulmonary embolism,A,A,True,0.01293743375572376,True,A
0.005834504078458329,0.23147518001496792,334,2,back_5,5,35,0.7661,3138,Pulmonary embolism,A,A,True,0.007901279317593435,True,A
0.009748944136455455,0.22641737243559742,334,2,back_10,10,35,0.7661,3138,Pulmonary embolism,A,A,True,0.006097161011894059,True,A
0.004405888082796342,0.2253566804408495,334,2,back_20,20,35,0.7661,3138,Pulmonary embolism,A,A,True,0.005656167060351436,True,A
0.015660130327367888,0.2527996070982356,220,2,local,0,35,0.7363,3016,GERD,E,E,True,0.00687471067786305,True,E
0.0067661278839555705,0.24161710492002644,220,2,back_2,2,35,0.7363,3016,GERD,E,E,True,0.0007481263346562628,True,E
0.005755458555151043,0.24703945532175048,220,2,back_5,5,35,0.7363,3016,GERD,E,E,True,0.0015465142205357552,True,E
0.007474860312088692,0.2438432166984837,220,2,back_10,10,35,0.7363,3016,GERD,E,E,True,0.0005980152418487705,True,E
0.002214029370796717,0.2510651142136859,220,2,back_20,20,35,0.7363,3016,GERD,E,E,True,0.0016228387830778956,True,E
0.01028970061452128,0.2600145630006279,279,2,local,0,35,0.752,3080,Acute rhinosinusitis,A,A,True,0.1049823287109272,True,A) Acute rhinosinusitis
0.004580961369876084,0.24169411433727614,279,2,back_2,2,35,0.752,3080,Acute rhinosinusitis,A,A,True,0.02014893852174282,True,A
0.004564161204533386,0.23632487787732057,279,2,back_5,5,35,0.752,3080,Acute rhinosinusitis,A,A,True,0.011224007699638605,True,A
0.008552426767372319,0.23740208435005375,279,2,back_10,10,35,0.752,3080,Acute rhinosinusitis,A,A,True,0.018688080366700888,True,A
0.0033278703283160993,0.23466867329885385,279,2,back_20,20,35,0.752,3080,Acute rhinosinusitis,A,A,True,0.020973187871277332,True,A
0.012014985857864044,0.2423410424131102,219,2,local,0,35,0.7373,3020,Boerhaave,C,D,False,0.0007582085509056924,True,D
0.007046097729471512,0.24759526025237782,219,2,back_2,2,35,0.7373,3020,Boerhaave,C,D,False,0.0005505509216163773,True,D
0.005442856390020877,0.2515429866200845,219,2,back_5,5,35,0.7373,3020,Boerhaave,C,D,False,0.007729589444352314,True,D
0.008346682379072132,0.2456537628479834,219,2,back_10,10,35,0.7373,3020,Boerhaave,C,D,False,0.31735969305736944,True,D
0.003251313308282988,0.24724243242027505,219,2,back_20,20,35,0.7373,3020,Boerhaave,C,D,False,0.01736178353894502,True,D
0.010363979493766757,0.25556828633749057,238,2,local,0,42,0.8857,3628,Viral pharyngitis,D,C,False,0.01255985928219161,True,C
0.005552717854568202,0.2324227858667395,238,2,back_2,2,42,0.8857,3628,Viral pharyngitis,D,C,False,0.001362449779662711,True,C
0.00568585971268476,0.23035669483111373,238,2,back_5,5,42,0.8857,3628,Viral pharyngitis,D,C,False,0.0010704555834308849,True,C
0.009124411639277241,0.22612396196927875,238,2,back_10,10,42,0.8857,3628,Viral pharyngitis,D,C,False,0.00151104935866897,True,C
0.004010023063788789,0.23041768385363476,238,2,back_20,20,42,0.8857,3628,Viral pharyngitis,D,C,False,0.0011708925303537399,True,C
0.012559792376123369,0.264778857219166,269,2,local,0,42,0.8918,3653,URTI,A,A,True,0.28525198344141245,True,A
0.005511171518134818,0.25037944928875994,269,2,back_2,2,42,0.8918,3653,URTI,A,A,True,0.05534743331372738,True,A
0.005753742352161291,0.2496105985316847,269,2,back_5,5,42,0.8918,3653,URTI,A,A,True,0.03352406597696245,True,A
0.008367114870062713,0.24144567020370492,269,2,back_10,10,42,0.8918,3653,URTI,A,A,True,0.02680340502411127,True,A
0.004440602473810681,0.236681761951851,269,2,back_20,20,42,0.8918,3653,URTI,A,A,True,0.025785067584365606,True,A
0.015665421657364016,0.2798308901089643,555,2,local,0,42,0.9622,3941,Pneumonia,A,A,True,0.1328755287480752,True,A) Pneumonia
0.00624191334853614,0.2527290867375476,555,2,back_2,2,42,0.9622,3941,Pneumonia,A,A,True,0.4285082444548607,True,A
0.011032366619994198,0.25386415904254783,555,2,back_5,5,42,0.9622,3941,Pneumonia,A,A,True,0.27986395731568336,True,A
0.0102118227129852,0.25123497599270195,555,2,back_10,10,42,0.9622,3941,Pneumonia,A,A,True,0.3734419085085392,True,A
0.008405732809998361,0.2492734184488654,555,2,back_20,20,42,0.9622,3941,Pneumonia,A,A,True,0.18884624540805817,True,A
0.012993507469738168,0.2363211919686624,356,2,local,0,42,0.9148,3747,Possible NSTEMI / STEMI,B,B,True,0.0006261339710817992,True,B
0.006578728467242659,0.22732041811104864,356,2,back_2,2,42,0.9148,3747,Possible NSTEMI / STEMI,B,B,True,0.00032227458729039427,True,B
0.006104968977784405,0.227223827819606,356,2,back_5,5,42,0.9148,3747,Possible NSTEMI / STEMI,B,B,True,0.00033805414636844944,True,B
0.00797998338956469,0.21700139782790626,356,2,back_10,10,42,0.9148,3747,Possible NSTEMI / STEMI,B,B,True,0.000368666320923694,True,B
0.0038623429292264128,0.2156768607840474,356,2,back_20,20,42,0.9148,3747,Possible NSTEMI / STEMI,B,B,True,0.0005058303374596562,True,B
0.01075439017898004,0.2579279945098928,200,2,local,0,42,0.8757,3587,URTI,A,A,True,0.2530945223234653,True,A
0.005314332135770071,0.23684072514463747,200,2,back_2,2,42,0.8757,3587,URTI,A,A,True,0.05157235153455986,True,A
0.005657672679912399,0.22433468410080032,200,2,back_5,5,42,0.8757,3587,URTI,A,A,True,0.02452745169841819,True,A
0.009064583343778005,0.2188290598070515,200,2,back_10,10,42,0.8757,3587,URTI,A,A,True,0.05083939186835096,True,A
0.004544944410944092,0.22323970865857387,200,2,back_20,20,42,0.8757,3587,URTI,A,A,True,0.060858829231165146,True,A
0.011346004653855093,0.26746842970273327,271,2,local,0,42,0.8938,3661,Epiglottitis,A,A,True,0.2640542536973953,True,A
0.004938525245441789,0.2429916442238859,271,2,back_2,2,42,0.8938,3661,Epiglottitis,A,A,True,0.07001087302342057,True,A
0.0047137614643101445,0.23597176991669194,271,2,back_5,5,42,0.8938,3661,Epiglottitis,A,A,True,0.01528784167021513,True,A
0.007650057932551135,0.23225476230228587,271,2,back_10,10,42,0.8938,3661,Epiglottitis,A,A,True,0.014756165910512209,True,A
0.003990221700015744,0.2337612336102341,271,2,back_20,20,42,0.8938,3661,Epiglottitis,A,A,True,0.033562054857611656,True,A
0.00959519092949839,0.23024318184304451,345,2,local,0,42,0.9109,3731,Possible NSTEMI / STEMI,E,E,True,0.00030990946541464837,True,E
0.005072710065828038,0.23583879198745958,345,2,back_2,2,42,0.9109,3731,Possible NSTEMI / STEMI,E,E,True,0.00037613857227825065,True,E
0.004932494561736738,0.23299157160467335,345,2,back_5,5,42,0.9109,3731,Possible NSTEMI / STEMI,E,E,True,0.0003980331455295527,True,E
0.006485839111389525,0.23046783028569603,345,2,back_10,10,42,0.9109,3731,Possible NSTEMI / STEMI,E,E,True,0.00041903782494046027,True,E
0.003348834152607846,0.22873562058833027,345,2,back_20,20,42,0.9109,3731,Possible NSTEMI / STEMI,E,E,True,0.00042229916709857207,True,E
0.01777165280821334,0.24514401472905384,384,2,local,0,42,0.9211,3773,HIV (initial infection),C,C,True,0.0023064286215230823,True,C
0.007678840402929511,0.2429515666860555,384,2,back_2,2,42,0.9211,3773,HIV (initial infection),C,C,True,0.39310451567871496,True,C
0.006082617908500002,0.24281014558593078,384,2,back_5,5,42,0.9211,3773,HIV (initial infection),C,D,False,0.11724382074316964,True,D
0.008428337362212395,0.24430855859204062,384,2,back_10,10,42,0.9211,3773,HIV (initial infection),C,C,True,0.2721348676132038,True,C
0.003933773576656157,0.24664018539312696,384,2,back_20,20,42,0.9211,3773,HIV (initial infection),C,D,False,0.0007639887480763718,True,D
0.016765615561910505,0.273477199287819,225,3,local,0,21,0.4868,1994,Pericarditis,D,B,False,0.3204759123036638,True,B
0.0080997742614792,0.26471289663043407,225,3,back_2,2,21,0.4868,1994,Pericarditis,D,B,False,0.07594575692201033,True,B
0.007196739372115449,0.26063837117648553,225,3,back_5,5,21,0.4868,1994,Pericarditis,D,B,False,0.1246074615046382,True,B
0.009875243853457505,0.2539118791797331,225,3,back_10,10,21,0.4868,1994,Pericarditis,D,B,False,0.22524028128827922,True,B
0.0055035820675714475,0.2591147947324706,225,3,back_20,20,21,0.4868,1994,Pericarditis,D,D,True,0.14576540087000467,True,D
0.021279371850791255,0.2606130564651851,276,3,local,0,21,0.4988,2043,Pulmonary embolism,A,A,True,0.035423497280675065,True,A) Pulmonary embolism
0.009077519535951848,0.2444284798444382,276,3,back_2,2,21,0.4988,2043,Pulmonary embolism,A,A,True,0.010617016804019386,True,A
0.008849841688061133,0.23520516875266498,276,3,back_5,5,21,0.4988,2043,Pulmonary embolism,A,A,True,0.0073804833554049765,True,A
0.010471657917930446,0.22772302189176635,276,3,back_10,10,21,0.4988,2043,Pulmonary embolism,A,A,True,0.004808151044812803,True,A
0.007521153348664354,0.22012167997724777,276,3,back_20,20,21,0.4988,2043,Pulmonary embolism,A,A,True,0.0014983071205278975,True,A
0.01103004671520986,0.279818819702736,277,3,local,0,21,0.4985,2042,Acute rhinosinusitis,D,D,True,0.051193554885685444,True,D
0.005833655224705581,0.25860738730989397,277,3,back_2,2,21,0.4985,2042,Acute rhinosinusitis,D,D,True,0.030008403060492128,True,D
0.004347562074794301,0.2594029826910368,277,3,back_5,5,21,0.4985,2042,Acute rhinosinusitis,D,D,True,0.02061798698559869,True,D
0.007868635526132753,0.2562556895760021,277,3,back_10,10,21,0.4985,2042,Acute rhinosinusitis,D,D,True,0.0030822882836218923,True,D
0.004202901753160404,0.2547441265778616,277,3,back_20,20,21,0.4985,2042,Acute rhinosinusitis,D,D,True,0.020583728750352748,True,D
0.013499808456150017,0.2527910312803994,233,3,local,0,21,0.4856,1989,PSVT,E,A,False,0.3376693627797067,True,A
0.006248636404052377,0.2454601737138416,233,3,back_2,2,21,0.4856,1989,PSVT,E,A,False,0.008309784578159451,True,A
0.005402623334833022,0.23118712278249273,233,3,back_5,5,21,0.4856,1989,PSVT,E,A,False,0.40392363886348903,True,A
0.007662689388000997,0.23156499528392618,233,3,back_10,10,21,0.4856,1989,PSVT,E,B,False,0.3046263037249446,True,B
0.005080208301348778,0.23954707983648404,233,3,back_20,20,21,0.4856,1989,PSVT,E,B,False,0.4634411057922989,True,B
0.02495999991827245,0.24828911516150193,230,3,local,0,21,0.4858,1990,PSVT,B,A,False,0.11917632087326117,True,A) Atrial fibrillation
0.010489826886831517,0.22494585096969136,230,3,back_2,2,21,0.4858,1990,PSVT,B,A,False,0.01460404321551323,True,A
0.009518562054186728,0.21436578742161924,230,3,back_5,5,21,0.4858,1990,PSVT,B,A,False,0.022717797197401524,True,A
0.012196323364020958,0.20712265736489957,230,3,back_10,10,21,0.4858,1990,PSVT,B,A,False,0.009459374123252928,True,A
0.005499287408643535,0.22710725708332444,230,3,back_20,20,21,0.4858,1990,PSVT,B,A,False,0.006360910891089588,True,A
0.013452204996221033,0.2543533774691501,304,3,local,0,21,0.5046,2067,Myocarditis,D,E,False,0.002162139695883525,True,E
0.0070371281160208,0.22581235518945114,304,3,back_2,2,21,0.5046,2067,Myocarditis,D,E,False,0.000387849786420702,True,E
0.005923523197582524,0.2284044625038015,304,3,back_5,5,21,0.5046,2067,Myocarditis,D,E,False,0.0005013711779611185,True,E
0.008121394170822376,0.22699760502603436,304,3,back_10,10,21,0.5046,2067,Myocarditis,D,E,False,0.0005725277660530992,True,E
0.0050670786107990095,0.2198891664988228,304,3,back_20,20,21,0.5046,2067,Myocarditis,D,E,False,0.0007470240961993113,True,E
0.015780392809704478,0.2599240486576621,329,3,local,0,21,0.5112,2094,Pancreatic neoplasm,C,C,True,0.00494382972465246,True,C
0.008424997689352105,0.2666163307148963,329,3,back_2,2,21,0.5112,2094,Pancreatic neoplasm,C,C,True,0.011343789839884266,True,C
0.006006217785657749,0.26324317953549325,329,3,back_5,5,21,0.5112,2094,Pancreatic neoplasm,C,E,False,0.2972626246046275,True,E
0.010355084098201977,0.25792346470656674,329,3,back_10,10,21,0.5112,2094,Pancreatic neoplasm,C,E,False,0.1062863981933333,True,E
0.006160490775073413,0.25833729232129243,329,3,back_20,20,21,0.5112,2094,Pancreatic neoplasm,C,E,False,0.18747761342092417,True,E
0.017540400049516132,0.2573094695606934,368,3,local,0,21,0.5195,2128,Influenza,C,E,False,0.12893748550953413,True,E) URTI
0.008884344609603951,0.2252087099810264,368,3,back_2,2,21,0.5195,2128,Influenza,C,E,False,0.04155345546314493,True,E
0.008299891485616431,0.2287310051199581,368,3,back_5,5,21,0.5195,2128,Influenza,C,E,False,0.06506637303391472,True,E
0.010252077833034232,0.2349191200254219,368,3,back_10,10,21,0.5195,2128,Influenza,C,E,False,0.043984087416902184,True,E
0.005637138547691782,0.22907041029871575,368,3,back_20,20,21,0.5195,2128,Influenza,C,E,False,0.09477135073393583,True,E
0.015348746150266379,0.2237454087340406,306,3,local,0,28,0.6279,2572,Anemia,B,B,True,0.002104811854565014,True,B
0.010882647963756296,0.21347128147525446,306,3,back_2,2,28,0.6279,2572,Anemia,B,B,True,0.0005624342302326113,True,B
0.008912069363889583,0.20617683940300985,306,3,back_5,5,28,0.6279,2572,Anemia,B,B,True,0.0004426788273121929,True,B
0.010842317540924082,0.20183664044764424,306,3,back_10,10,28,0.6279,2572,Anemia,B,B,True,0.00035155976365786046,True,B
0.007097045259537741,0.19108960090670735,306,3,back_20,20,28,0.6279,2572,Anemia,B,B,True,0.0006014904211042449,True,B
0.0190009864995123,0.25294235784427394,238,3,local,0,28,0.6138,2514,Pericarditis,E,E,True,0.04746277118101716,True,E
0.009343650474745249,0.2516814084291192,238,3,back_2,2,28,0.6138,2514,Pericarditis,E,B,False,0.33372968528419733,True,B
0.0076485908544522575,0.2523138822289184,238,3,back_5,5,28,0.6138,2514,Pericarditis,E,E,True,0.31710026087239385,True,E
0.00962265198437048,0.25446918167706045,238,3,back_10,10,28,0.6138,2514,Pericarditis,E,B,False,0.1062603339087218,True,B
0.0052318279745772345,0.25156965367828626,238,3,back_20,20,28,0.6138,2514,Pericarditis,E,B,False,0.3474721957463771,True,B
0.01922402226565672,0.24716161168180406,382,3,local,0,28,0.6467,2649,Influenza,D,A,False,0.12504885473342262,True,A) URTI
0.010618986414296419,0.21397747215814888,382,3,back_2,2,28,0.6467,2649,Influenza,D,A,False,0.0454428605735302,True,A
0.008329510060970538,0.22067483602690377,382,3,back_5,5,28,0.6467,2649,Influenza,D,A,False,0.02020442532375455,True,A
0.010766778478552754,0.21294092318774865,382,3,back_10,10,28,0.6467,2649,Influenza,D,A,False,0.06486026756465435,True,A
0.005249039989264149,0.21005172398872674,382,3,back_20,20,28,0.6467,2649,Influenza,D,A,False,0.22930848225951195,True,A
0.01377259922446683,0.261560782374415,209,3,local,0,28,0.606,2482,Myocarditis,B,D,False,0.2516250408953056,True,D
0.006008138040280235,0.24084684251075877,209,3,back_2,2,28,0.606,2482,Myocarditis,B,D,False,0.00023651628453080775,True,D
0.004672310828547259,0.24429410015831568,209,3,back_5,5,28,0.606,2482,Myocarditis,B,D,False,0.00022351686038746266,True,D
0.007206202470635097,0.23805320632111812,209,3,back_10,10,28,0.606,2482,Myocarditis,B,D,False,0.0002852897223419859,True,D
0.0030582227907091563,0.2384257301289056,209,3,back_20,20,28,0.606,2482,Myocarditis,B,D,False,0.0002545047227613395,True,D
0.013973035250923463,0.24767740376825845,213,3,local,0,28,0.6079,2490,Viral pharyngitis,D,B,False,0.003728814874193631,True,B
0.006244679087623288,0.2311975346944694,213,3,back_2,2,28,0.6079,2490,Viral pharyngitis,D,B,False,0.000988582003628835,True,B
0.005159675839032778,0.23259638008728092,213,3,back_5,5,28,0.6079,2490,Viral pharyngitis,D,B,False,0.005581464851275086,True,B
0.007058622224706467,0.23637932460821634,213,3,back_10,10,28,0.6079,2490,Viral pharyngitis,D,B,False,0.009723146737087518,True,B
0.003503089023329916,0.24135844682210258,213,3,back_20,20,28,0.6079,2490,Viral pharyngitis,D,B,False,0.014281627372838557,True,B
0.010978241658969117,0.2299501677875274,324,3,local,0,28,0.6331,2593,Possible NSTEMI / STEMI,E,E,True,0.0002994331836987385,True,E
0.006685519129470257,0.22955095269052045,324,3,back_2,2,28,0.6331,2593,Possible NSTEMI / STEMI,E,E,True,0.0005048670579981263,True,E
0.005068636347589616,0.2239825249250446,324,3,back_5,5,28,0.6331,2593,Possible NSTEMI / STEMI,E,E,True,0.0004180045542625521,True,E
0.007388164979472224,0.2308413769517626,324,3,back_10,10,28,0.6331,2593,Possible NSTEMI / STEMI,E,E,True,0.000908179911903062,True,E
0.004416058340471604,0.22764898666978947,324,3,back_20,20,28,0.6331,2593,Possible NSTEMI / STEMI,E,E,True,0.0006526933048007777,True,E
0.013658160701327558,0.23209671922294156,184,3,local,0,28,0.6006,2460,Acute dystonic reactions,E,E,True,0.0005119950595542377,True,E
0.006933832944404068,0.23140613995825074,184,3,back_2,2,28,0.6006,2460,Acute dystonic reactions,E,A,False,0.014754003845155239,True,A
0.005176793869135768,0.2291508374536144,184,3,back_5,5,28,0.6006,2460,Acute dystonic reactions,E,A,False,0.004752863314934075,True,A
0.006349946922585202,0.21910521951836667,184,3,back_10,10,28,0.6006,2460,Acute dystonic reactions,E,A,False,0.004384900530567393,True,A
0.0020802595837657073,0.23361496258127903,184,3,back_20,20,28,0.6006,2460,Acute dystonic reactions,E,A,False,0.02195477019995451,True,A
0.011484318591621039,0.25157139837808373,333,3,local,0,28,0.6355,2603,Panic attack,D,D,True,0.006336090969853103,True,D
0.00640775725228845,0.24459351936820894,333,3,back_2,2,28,0.6355,2603,Panic attack,D,D,True,0.1059247933444567,True,D
0.004883190640872012,0.24216992775576987,333,3,back_5,5,28,0.6355,2603,Panic attack,D,D,True,0.16836982715176418,True,D
0.007214019135842266,0.24292268628986285,333,3,back_10,10,28,0.6355,2603,Panic attack,D,D,True,0.2459768577828072,True,D
0.004100426211672519,0.23798515233543835,333,3,back_20,20,28,0.6355,2603,Panic attack,D,D,True,0.3470892103796359,True,D
0.009595496309754838,0.26480761787388474,126,3,local,0,35,0.7119,2916,Acute COPD exacerbation / infection,A,A,True,0.014022932591615245,True,A
0.005503207557402285,0.2404416375627209,126,3,back_2,2,35,0.7119,2916,Acute COPD exacerbation / infection,A,A,True,0.0031402920376422117,True,A
0.004985754425953408,0.23686830616290017,126,3,back_5,5,35,0.7119,2916,Acute COPD exacerbation / infection,A,A,True,0.012107725104215206,True,A
0.008887954567658849,0.22514954403907592,126,3,back_10,10,35,0.7119,2916,Acute COPD exacerbation / infection,A,A,True,0.0059809858476000954,True,A
0.0025178097338799227,0.22446467481287463,126,3,back_20,20,35,0.7119,2916,Acute COPD exacerbation / infection,A,A,True,0.007954165013870806,True,A
0.014662615339537817,0.2630596981117768,190,3,local,0,35,0.7268,2977,Myasthenia gravis,D,D,True,0.06642821488250661,True,D
0.009306036118817116,0.2514475184891905,190,3,back_2,2,35,0.7268,2977,Myasthenia gravis,D,D,True,0.0014747753085657678,True,D
0.008284756312994952,0.24768718352009142,190,3,back_5,5,35,0.7268,2977,Myasthenia gravis,D,D,True,0.0010845580005707234,True,D
0.010376577920916523,0.24731212465225585,190,3,back_10,10,35,0.7268,2977,Myasthenia gravis,D,D,True,0.0005458406562866003,True,D
0.002691698529003718,0.23894829296373896,190,3,back_20,20,35,0.7268,2977,Myasthenia gravis,D,D,True,0.0004254133083350098,True,D
0.014341915758060557,0.24342319653702102,193,3,local,0,35,0.728,2982,Acute dystonic reactions,B,B,True,0.0005659112521243514,True,B
0.01071230650580089,0.24727836653723248,193,3,back_2,2,35,0.728,2982,Acute dystonic reactions,B,B,True,0.005876821232959628,True,B
0.0081770366668934,0.24490896983271732,193,3,back_5,5,35,0.728,2982,Acute dystonic reactions,B,B,True,0.000753255866584368,True,B
0.010757373306530229,0.24091044183088733,193,3,back_10,10,35,0.728,2982,Acute dystonic reactions,B,B,True,0.0005266682637738995,True,B
0.0029304539148142794,0.2432731881937278,193,3,back_20,20,35,0.728,2982,Acute dystonic reactions,B,B,True,0.0004298558415030129,True,B
0.013537224631623499,0.2566747454693541,252,3,local,0,35,0.7407,3034,Viral pharyngitis,B,D,False,0.17121600732207298,True,D
0.005140523679853816,0.2435611517700766,252,3,back_2,2,35,0.7407,3034,Viral pharyngitis,B,D,False,0.04204110661521554,True,D
0.005320481103678633,0.2441986636591277,252,3,back_5,5,35,0.7407,3034,Viral pharyngitis,B,D,False,0.07721100002527237,True,D
0.007841454692295104,0.2444033265845584,252,3,back_10,10,35,0.7407,3034,Viral pharyngitis,B,D,False,0.25950630009174347,True,D
0.002742542452844126,0.24220296838653407,252,3,back_20,20,35,0.7407,3034,Viral pharyngitis,B,D,False,0.13062858954071999,True,D
0.009726840058907069,0.25587579272022204,191,3,local,0,35,0.7256,2972,Atrial fibrillation,C,C,True,0.07580225594574586,True,C
0.006138454020921407,0.23965423050270016,191,3,back_2,2,35,0.7256,2972,Atrial fibrillation,C,C,True,0.0013436473091132939,True,C
0.005707321621490077,0.23002062609884888,191,3,back_5,5,35,0.7256,2972,Atrial fibrillation,C,C,True,0.0006629200579482131,True,C
0.008699785429988489,0.23188429914547928,191,3,back_10,10,35,0.7256,2972,Atrial fibrillation,C,C,True,0.0008645531197544187,True,C
0.002416739642545248,0.23048941528291575,191,3,back_20,20,35,0.7256,2972,Atrial fibrillation,C,C,True,0.0022221385734155774,True,C
0.01025503287175005,0.23674534745181777,175,3,local,0,35,0.7229,2961,Myasthenia gravis,B,B,True,0.0005371018564801489,True,B
0.004661453245457129,0.2377207303153617,175,3,back_2,2,35,0.7229,2961,Myasthenia gravis,B,A,False,0.11295339651405811,True,A
0.003132742673707461,0.23229150518974556,175,3,back_5,5,35,0.7229,2961,Myasthenia gravis,B,A,False,0.10229841619729996,True,A
0.006496695373633494,0.22414648602716625,175,3,back_10,10,35,0.7229,2961,Myasthenia gravis,B,A,False,0.011287088738754392,True,A
0.001424949212118268,0.22779658039300038,175,3,back_20,20,35,0.7229,2961,Myasthenia gravis,B,A,False,0.01594014372676611,True,A
0.021296856999729892,0.2563462237594649,251,3,local,0,35,0.7393,3028,GERD,B,B,True,0.0078259261790663,True,B
0.009325888987015267,0.24179963895585388,251,3,back_2,2,35,0.7393,3028,GERD,B,B,True,0.0013767062628176063,True,B
0.010370119104793827,0.2370209439125444,251,3,back_5,5,35,0.7393,3028,GERD,B,B,True,0.0008575495107834286,True,B
0.011303045374006615,0.23013887175225786,251,3,back_10,10,35,0.7393,3028,GERD,B,B,True,0.0007127736837446719,True,B
0.005153671287319282,0.2249450608256406,251,3,back_20,20,35,0.7393,3028,GERD,B,B,True,0.0016010238032322377,True,B
0.01652249352108421,0.2658638965305207,172,3,local,0,35,0.7217,2956,Tuberculosis,D,B,False,0.3118036761879921,True,B
0.006528243908957977,0.23854486280054385,172,3,back_2,2,35,0.7217,2956,Tuberculosis,D,E,False,0.16831187036586925,True,E
0.005014188021180287,0.2409180002785953,172,3,back_5,5,35,0.7217,2956,Tuberculosis,D,E,False,0.06303420360200107,True,E
0.007148150391003583,0.2349291813859184,172,3,back_10,10,35,0.7217,2956,Tuberculosis,D,E,False,0.16827927122358233,True,E
0.0018752177362070402,0.23377340089064091,172,3,back_20,20,35,0.7217,2956,Tuberculosis,D,E,False,0.04373556564678438,True,E
0.024158882509384836,0.26830372099565075,515,3,local,0,42,0.9414,3856,Pneumonia,E,B,False,0.0733638540841639,True,B
0.007921920692232172,0.25237486679439564,515,3,back_2,2,42,0.9414,3856,Pneumonia,E,B,False,0.020580642390996218,True,B
0.011464893385501844,0.23208203346335463,515,3,back_5,5,42,0.9414,3856,Pneumonia,E,B,False,0.0006942822074051946,True,B
0.009822487560865869,0.2186432096974126,515,3,back_10,10,42,0.9414,3856,Pneumonia,E,B,False,0.00041872140718623996,True,B
0.004921856402818646,0.21263511320908687,515,3,back_20,20,42,0.9414,3856,Pneumonia,E,B,False,0.0004865978698944673,True,B
0.01273037337731304,0.2330008484589468,417,3,local,0,42,0.9165,3754,Panic attack,C,C,True,0.0021589135454860298,True,C
0.009689382165171472,0.2253146720717528,417,3,back_2,2,42,0.9165,3754,Panic attack,C,C,True,0.00031099150282898336,True,C
0.007403006822901911,0.21812010084145836,417,3,back_5,5,42,0.9165,3754,Panic attack,C,C,True,0.00039406320865964517,True,C
0.008669520433094087,0.21334420665100748,417,3,back_10,10,42,0.9165,3754,Panic attack,C,C,True,0.0004081930105712672,True,C
0.004400136360865352,0.22122307590741133,417,3,back_20,20,42,0.9165,3754,Panic attack,C,C,True,0.0004942241585013107,True,C
0.011668048291799746,0.2534563655499369,243,3,local,0,42,0.873,3576,GERD,A,A,True,0.04310579333366604,True,A
0.007623459162589695,0.23284893978520163,243,3,back_2,2,42,0.873,3576,GERD,A,A,True,0.005198120684212881,True,A
0.007616399800878883,0.2275347130406382,243,3,back_5,5,42,0.873,3576,GERD,A,A,True,0.0019160186027420423,True,A
0.009794447151502286,0.22180560833242322,243,3,back_10,10,42,0.873,3576,GERD,A,A,True,0.0018222070541469293,True,A
0.0038691328237681383,0.22099143070434885,243,3,back_20,20,42,0.873,3576,GERD,A,A,True,0.00160217465054302,True,A
0.02351061160775966,0.2454001474792936,200,3,local,0,42,0.8645,3541,Spontaneous rib fracture,B,A,False,0.20045770704746246,True,A
0.008079298609767907,0.23567437398846128,200,3,back_2,2,42,0.8645,3541,Spontaneous rib fracture,B,A,False,0.07264049180957954,True,A
0.006899050537737951,0.23180460041788006,200,3,back_5,5,42,0.8645,3541,Spontaneous rib fracture,B,A,False,0.04720378683850868,True,A
0.00919263724270942,0.23090862349740096,200,3,back_10,10,42,0.8645,3541,Spontaneous rib fracture,B,A,False,0.07317603248520754,True,A
0.002076027072169901,0.23177408573350736,200,3,back_20,20,42,0.8645,3541,Spontaneous rib fracture,B,A,False,0.0736146989511326,True,A
0.013986287530445094,0.26102503936272115,217,3,local,0,42,0.8689,3559,Acute laryngitis,B,A,False,0.4378979951143265,True,A
0.006556665807563279,0.24578256966612702,217,3,back_2,2,42,0.8689,3559,Acute laryngitis,B,A,False,0.2799590155482292,True,A
0.005250300831643732,0.24606281129776367,217,3,back_5,5,42,0.8689,3559,Acute laryngitis,B,A,False,0.19852803647518158,True,A
0.007889143532728278,0.2409585837740451,217,3,back_10,10,42,0.8689,3559,Acute laryngitis,B,A,False,0.33536775410175323,True,A
0.002346608845008242,0.24564610333514533,217,3,back_20,20,42,0.8689,3559,Acute laryngitis,B,E,False,0.5389552376000211,True,E
0.011931665561860427,0.27293357283010017,257,3,local,0,42,0.8772,3593,URTI,D,D,True,0.48799844086170197,True,D
0.005540561132615299,0.2446335979205157,257,3,back_2,2,42,0.8772,3593,URTI,D,D,True,0.05719578079879284,True,D
0.005359516196352031,0.2428130595113284,257,3,back_5,5,42,0.8772,3593,URTI,D,D,True,0.04384608753025532,True,D
0.007472541912388156,0.2391743959825752,257,3,back_10,10,42,0.8772,3593,URTI,D,D,True,0.06613413617014885,True,D
0.003839467930187571,0.24326667612019395,257,3,back_20,20,42,0.8772,3593,URTI,D,D,True,0.27273599430918694,True,D
0.010684075328754261,0.2814892109017819,300,3,local,0,42,0.8884,3639,Acute pulmonary edema,A,C,False,0.00498410603904631,True,C
0.006385760615687884,0.2592803856158363,300,3,back_2,2,42,0.8884,3639,Acute pulmonary edema,A,C,False,0.0004443549241841538,True,C
0.005078017213756019,0.2545638128150521,300,3,back_5,5,42,0.8884,3639,Acute pulmonary edema,A,C,False,0.00042609733554854756,True,C
0.008023123882594518,0.24899262337878877,300,3,back_10,10,42,0.8884,3639,Acute pulmonary edema,A,C,False,0.0005117589462315664,True,C
0.004363537650143761,0.24440222652629018,300,3,back_20,20,42,0.8884,3639,Acute pulmonary edema,A,C,False,0.0005750274231104413,True,C
0.009464763240040546,0.27325059954143527,295,3,local,0,42,0.8875,3635,Stable angina,B,D,False,0.0015844968729652464,True,D
0.004357789496030559,0.2468057810661516,295,3,back_2,2,42,0.8875,3635,Stable angina,B,D,False,0.001382639806251973,True,D
0.0035665268894393065,0.24363883268753334,295,3,back_5,5,42,0.8875,3635,Stable angina,B,D,False,0.0009777001687325537,True,D
0.00704310944534622,0.2376263882033527,295,3,back_10,10,42,0.8875,3635,Stable angina,B,D,False,0.0008765305392444134,True,D
0.0029169368410423757,0.23815375749420906,295,3,back_20,20,42,0.8875,3635,Stable angina,B,D,False,0.0013730276841670275,True,D
0.015392764005810022,0.2542748646478036,220,4,local,0,21,0.4724,1935,Spontaneous rib fracture,A,D,False,0.003254339609497947,True,D
0.008460566646785342,0.23603825560504837,220,4,back_2,2,21,0.4724,1935,Spontaneous rib fracture,A,D,False,0.0003351796299284615,True,D
0.007890937346798767,0.23355060268659145,220,4,back_5,5,21,0.4724,1935,Spontaneous rib fracture,A,D,False,0.0004442974461653648,True,D
0.010139504480840904,0.2336535049003682,220,4,back_10,10,21,0.4724,1935,Spontaneous rib fracture,A,D,False,0.0005596038849944307,True,D
0.006157878647562549,0.2314599534563188,220,4,back_20,20,21,0.4724,1935,Spontaneous rib fracture,A,D,False,0.0004226235118949262,True,D
0.0199351648667029,0.2676741527060845,410,4,local,0,21,0.519,2126,Panic attack,D,B,False,0.09105193230789155,True,B
0.01004865691148942,0.2436636354541406,410,4,back_2,2,21,0.519,2126,Panic attack,D,B,False,0.020446043519768864,True,B
0.00776582865884328,0.24345300231860684,410,4,back_5,5,21,0.519,2126,Panic attack,D,B,False,0.036336191347800195,True,B
0.00953071949074261,0.24109857559337147,410,4,back_10,10,21,0.519,2126,Panic attack,D,B,False,0.020610927953384817,True,B
0.00963426923512348,0.23227173246310226,410,4,back_20,20,21,0.519,2126,Panic attack,D,B,False,0.0037786514731124043,True,B
0.015472111233975738,0.2434234296836491,228,4,local,0,21,0.4741,1942,Boerhaave,C,D,False,0.0005886853517722557,True,D
0.007937142384305065,0.22953408063455885,228,4,back_2,2,21,0.4741,1942,Boerhaave,C,D,False,0.0002429630371807434,True,D
0.006973016588225229,0.2220752930900614,228,4,back_5,5,21,0.4741,1942,Boerhaave,C,D,False,0.00029140500100766076,True,D
0.008633584945138344,0.22016824126642728,228,4,back_10,10,21,0.4741,1942,Boerhaave,C,D,False,0.0003182575085247663,True,D
0.0060201443993719295,0.21678885764309339,228,4,back_20,20,21,0.4741,1942,Boerhaave,C,D,False,0.0002961807770134328,True,D
0.01852323310283412,0.26184313390071373,292,4,local,0,21,0.4885,2001,PSVT,B,B,True,0.0021344349370338023,True,B
0.007063999633828644,0.24947930275396044,292,4,back_2,2,21,0.4885,2001,PSVT,B,B,True,0.013973537366837263,True,B
0.005376895526361685,0.24869726905931852,292,4,back_5,5,21,0.4885,2001,PSVT,B,B,True,0.010804799268953502,True,B
0.008257383401152245,0.25127996562514454,292,4,back_10,10,21,0.4885,2001,PSVT,B,B,True,0.08164332387968898,True,B
0.0057526873674110645,0.24360773640884353,292,4,back_20,20,21,0.4885,2001,PSVT,B,B,True,0.002557117200922221,True,B
0.018135289852840027,0.26334502807419213,287,4,local,0,21,0.4875,1997,GERD,D,D,True,0.006009456390870582,True,D
0.009131365093968011,0.25883633004767553,287,4,back_2,2,21,0.4875,1997,GERD,D,D,True,0.00035084625346826215,True,D
0.007780789069199402,0.26198711103227523,287,4,back_5,5,21,0.4875,1997,GERD,D,D,True,0.00037729565337940585,True,D
0.010533841986346357,0.2557647731155157,287,4,back_10,10,21,0.4875,1997,GERD,D,D,True,0.0005349480425138609,True,D
0.0076641656266604385,0.2607971241232008,287,4,back_20,20,21,0.4875,1997,GERD,D,D,True,0.0003110544764695078,True,D
0.01086005727328094,0.24084675368586822,223,4,local,0,21,0.4729,1937,Acute rhinosinusitis,C,C,True,0.0031820399916995257,True,C
0.0061746755922545814,0.21901033595869585,223,4,back_2,2,21,0.4729,1937,Acute rhinosinusitis,C,C,True,0.0003918612710549496,True,C
0.005878176183614414,0.22193402757069894,223,4,back_5,5,21,0.4729,1937,Acute rhinosinusitis,C,C,True,0.00041286056739409105,True,C
0.00800053847862208,0.22090253401880286,223,4,back_10,10,21,0.4729,1937,Acute rhinosinusitis,C,C,True,0.0005307876149345248,True,C
0.00526381997198249,0.22193686278270824,223,4,back_20,20,21,0.4729,1937,Acute rhinosinusitis,C,C,True,0.0005177358752916916,True,C
0.012209973557868839,0.2824363154691777,332,4,local,0,21,0.4995,2046,Acute pulmonary edema,E,D,False,0.002447344595566392,True,D
0.007571410603954324,0.26051219552755356,332,4,back_2,2,21,0.4995,2046,Acute pulmonary edema,E,D,False,0.0011409971630200744,True,D
0.005688143447124665,0.2596301108964586,332,4,back_5,5,21,0.4995,2046,Acute pulmonary edema,E,D,False,0.0016148083086591214,True,D
0.008740578287480665,0.2578812665472339,332,4,back_10,10,21,0.4995,2046,Acute pulmonary edema,E,D,False,0.0051637429860420525,True,D
0.006775945361628796,0.2581914646850367,332,4,back_20,20,21,0.4995,2046,Acute pulmonary edema,E,D,False,0.0014262765180319548,True,D
0.012385123673344165,0.24936833764825547,341,4,local,0,21,0.5015,2054,Panic attack,D,E,False,0.001911470666527748,True,E
0.007645623078652923,0.23480170399748854,341,4,back_2,2,21,0.5015,2054,Panic attack,D,E,False,0.2458009675028734,True,E
0.005885576827235387,0.23626068244422122,341,4,back_5,5,21,0.5015,2054,Panic attack,D,D,True,0.3476551042404026,True,D
0.007749845009259714,0.2337378272620429,341,4,back_10,10,21,0.5015,2054,Panic attack,D,D,True,0.2969866059720516,True,D
0.006404382627806626,0.24047850283594535,341,4,back_20,20,21,0.5015,2054,Panic attack,D,D,True,0.334862724179402,True,D
0.009610768291167915,0.27843433448911775,243,4,local,0,28,0.6167,2526,URTI,D,D,True,0.12455986812710762,True,D
0.005180923840920774,0.26403341525500373,243,4,back_2,2,28,0.6167,2526,URTI,D,D,True,0.3031913652084768,True,D
0.005196014128159732,0.26113100635952186,243,4,back_5,5,28,0.6167,2526,URTI,D,A,False,0.30278207221999764,True,A
0.008396017971920498,0.25539335139494923,243,4,back_10,10,28,0.6167,2526,URTI,D,A,False,0.032143470365554094,True,A
0.005004123959744382,0.2473186775044139,243,4,back_20,20,28,0.6167,2526,URTI,D,A,False,0.026969183003529906,True,A
0.014235933485906571,0.2770928915290694,183,4,local,0,28,0.6028,2469,Atrial fibrillation,D,B,False,0.3750107139348984,True,B
0.007723194871297372,0.26864164693480624,183,4,back_2,2,28,0.6028,2469,Atrial fibrillation,D,D,True,0.2966007830109447,True,D
0.006170131321206489,0.26710733227498296,183,4,back_5,5,28,0.6028,2469,Atrial fibrillation,D,B,False,0.32089822134003043,True,B
0.0075017523329604175,0.2586192107327016,183,4,back_10,10,28,0.6028,2469,Atrial fibrillation,D,B,False,0.053239623026456684,True,B
0.003890413741308813,0.24823038532797778,183,4,back_20,20,28,0.6028,2469,Atrial fibrillation,D,B,False,0.0007398232555715367,True,B
0.02107321359549782,0.2736395616749568,443,4,local,0,28,0.6677,2735,Anaphylaxis,C,C,True,0.06415491923689842,True,C
0.012649679835054226,0.25474929733068813,443,4,back_2,2,28,0.6677,2735,Anaphylaxis,C,C,True,0.001145599118899554,True,C
0.010680996663203197,0.25334414350800216,443,4,back_5,5,28,0.6677,2735,Anaphylaxis,C,C,True,0.017451976949814707,True,C
0.010161839590831992,0.25517678783009096,443,4,back_10,10,28,0.6677,2735,Anaphylaxis,C,C,True,0.27311083395034075,True,C
0.006441597066961029,0.2457749496679753,443,4,back_20,20,28,0.6677,2735,Anaphylaxis,C,C,True,0.24690100294537842,True,C
0.011770833948893207,0.2695073931744056,258,4,local,0,28,0.6218,2547,Pulmonary embolism,E,C,False,0.012081826920621097,True,C
0.005824877990692455,0.2539791142168854,258,4,back_2,2,28,0.6218,2547,Pulmonary embolism,E,C,False,0.0020824760431423783,True,C
0.004671724394678937,0.24856816912402532,258,4,back_5,5,28,0.6218,2547,Pulmonary embolism,E,C,False,0.0024514985270798206,True,C
0.006436673416828853,0.24146357983616845,258,4,back_10,10,28,0.6218,2547,Pulmonary embolism,E,C,False,0.0011404294200474396,True,C
0.0038248109641634592,0.2346615023312292,258,4,back_20,20,28,0.6218,2547,Pulmonary embolism,E,C,False,0.002030981471762061,True,C
0.010373728923566108,0.2715789052225383,172,4,local,0,28,0.6011,2462,Acute COPD exacerbation / infection,A,A,True,0.009809545234169548,True,A
0.0065322059381287545,0.24163336662708648,172,4,back_2,2,28,0.6011,2462,Acute COPD exacerbation / infection,A,A,True,0.002096464302582035,True,A
0.0064902505650284836,0.23395851354247757,172,4,back_5,5,28,0.6011,2462,Acute COPD exacerbation / infection,A,A,True,0.001646525462064119,True,A
0.009879502704799441,0.22134076810574957,172,4,back_10,10,28,0.6011,2462,Acute COPD exacerbation / infection,A,A,True,0.0012805624301961416,True,A
0.003930078212891074,0.20298633378531253,172,4,back_20,20,28,0.6011,2462,Acute COPD exacerbation / infection,A,A,True,0.0009532423899116793,True,A
0.007985411066329107,0.26760887883470524,234,4,local,0,28,0.6167,2526,Acute laryngitis,C,C,True,0.006638700375333428,True,C
0.00417104787941623,0.24700450754192257,234,4,back_2,2,28,0.6167,2526,Acute laryngitis,C,C,True,0.03014054920640774,True,C
0.004089677128441898,0.24248634972276964,234,4,back_5,5,28,0.6167,2526,Acute laryngitis,C,C,True,0.14563593838829547,True,C
0.006580620239999137,0.24597108882984944,234,4,back_10,10,28,0.6167,2526,Acute laryngitis,C,C,True,0.24890147324185818,True,C
0.004046847929462923,0.2435794704527195,234,4,back_20,20,28,0.6167,2526,Acute laryngitis,C,A,False,0.37001875042915344,True,A
0.010065598361377073,0.2737015963232677,400,4,local,0,28,0.657,2691,Unstable angina,B,E,False,0.0030345121631398797,True,E
0.006860524261095894,0.26537813439166974,400,4,back_2,2,28,0.657,2691,Unstable angina,B,E,False,0.002891757874749601,True,E
0.00511701021553433,0.2672304730429979,400,4,back_5,5,28,0.657,2691,Unstable angina,B,E,False,0.08988175797276199,True,E
0.007060477327675991,0.2665950362903199,400,4,back_10,10,28,0.657,2691,Unstable angina,B,E,False,0.29653967660851777,True,E
0.004340981266068411,0.26265192080089556,400,4,back_20,20,28,0.657,2691,Unstable angina,B,E,False,0.08997480937978253,True,E
0.009716173280529412,0.2760029251387875,329,4,local,0,28,0.6387,2616,Stable angina,C,E,False,0.07531658647349104,True,E
0.0068247791236249866,0.2541990185356034,329,4,back_2,2,28,0.6387,2616,Stable angina,C,E,False,0.003639272355940193,True,E
0.004528249717882967,0.24997271371207067,329,4,back_5,5,28,0.6387,2616,Stable angina,C,E,False,0.004499016678892076,True,E
0.006788314958872174,0.2520683206551309,329,4,back_10,10,28,0.6387,2616,Stable angina,C,E,False,0.014237486408092082,True,E
0.004392820623252192,0.24247226528158144,329,4,back_20,20,28,0.6387,2616,Stable angina,C,E,False,0.0008832486055325717,True,E
0.014931177986519677,0.26615817999533775,218,4,local,0,35,0.7295,2988,Acute laryngitis,B,B,True,0.003737074541277252,True,B
0.006298362106982884,0.2601126867146896,218,4,back_2,2,35,0.7295,2988,Acute laryngitis,B,B,True,0.0006648726848652586,True,B
0.0056903439170647675,0.249193473818845,218,4,back_5,5,35,0.7295,2988,Acute laryngitis,B,B,True,0.0008487991290166974,True,B
0.006481057127790076,0.2558230699173042,218,4,back_10,10,35,0.7295,2988,Acute laryngitis,B,B,True,0.0015205295057967305,True,B
0.002096956043845109,0.2588714220993487,218,4,back_20,20,35,0.7295,2988,Acute laryngitis,B,A,False,0.16571192629635334,True,A
0.036083710147067904,0.2169725485395507,203,4,local,0,35,0.7234,2963,Chagas,B,C,False,0.4701470839791,True,C
0.009962698725368162,0.2277420262772856,203,4,back_2,2,35,0.7234,2963,Chagas,B,D,False,0.39987782621756196,True,D
0.007263281794231651,0.2300163458483959,203,4,back_5,5,35,0.7234,2963,Chagas,B,A,False,0.08647642284631729,True,A
0.008643942818577801,0.23520149278920144,203,4,back_10,10,35,0.7234,2963,Chagas,B,A,False,0.08208349905908108,True,A
0.0018477854964658036,0.24424565319038397,203,4,back_20,20,35,0.7234,2963,Chagas,B,A,False,0.07499096170067787,True,A
0.016580044133921286,0.24393256683833897,165,4,local,0,35,0.7163,2934,Guillain-Barré syndrome,D,D,True,0.001498375934716023,True,D
0.006662615065579303,0.2394651524456484,165,4,back_2,2,35,0.7163,2934,Guillain-Barré syndrome,D,D,True,0.2196524509927258,True,D
0.004194004142066531,0.23603415919933468,165,4,back_5,5,35,0.7163,2934,Guillain-Barré syndrome,D,D,True,0.01167558878660202,True,D
0.006251935872049736,0.24441292141896806,165,4,back_10,10,35,0.7163,2934,Guillain-Barré syndrome,D,E,False,0.300729094655253,True,E
0.0012050727167271752,0.25429580816333847,165,4,back_20,20,35,0.7163,2934,Guillain-Barré syndrome,D,A,False,0.03302032523788512,True,A
0.018613480430628573,0.25280392033580157,354,4,local,0,35,0.7612,3118,Pancreatic neoplasm,A,A,True,0.24275666821631603,True,A
0.007682246904421065,0.2265480728487351,354,4,back_2,2,35,0.7612,3118,Pancreatic neoplasm,A,A,True,0.0025542763178236783,True,A
0.008465366659428193,0.22726311887215292,354,4,back_5,5,35,0.7612,3118,Pancreatic neoplasm,A,A,True,0.010048357493360527,True,A
0.010468963647456673,0.2271446142611759,354,4,back_10,10,35,0.7612,3118,Pancreatic neoplasm,A,A,True,0.011305729887681082,True,A
0.0048144062665025035,0.23581438488326967,354,4,back_20,20,35,0.7612,3118,Pancreatic neoplasm,A,A,True,0.007819566875696182,True,A
0.012737498814073791,0.27480707941244226,227,4,local,0,35,0.7307,2993,Myocarditis,C,E,False,0.06357830262277275,True,E
0.005940286137047224,0.23842349778195576,227,4,back_2,2,35,0.7307,2993,Myocarditis,C,E,False,0.036307373200543225,True,E
0.0051992288988133495,0.23905102499494596,227,4,back_5,5,35,0.7307,2993,Myocarditis,C,E,False,0.03049421962350607,True,E
0.006719189123292121,0.23775471607223153,227,4,back_10,10,35,0.7307,2993,Myocarditis,C,E,False,0.04423989134375006,True,E
0.0019308585250265814,0.23816978984645434,227,4,back_20,20,35,0.7307,2993,Myocarditis,C,E,False,0.017209611600264907,True,E
0.016476597836507217,0.26633717307621346,405,4,local,0,35,0.7725,3164,HIV (initial infection),E,E,True,0.2984671900048852,True,E
0.0065782210939297715,0.2347654743352905,405,4,back_2,2,35,0.7725,3164,HIV (initial infection),E,A,False,0.01578265195712447,True,A
0.006476561160525307,0.23102032981946,405,4,back_5,5,35,0.7725,3164,HIV (initial infection),E,A,False,0.05566206015646458,True,A
0.009016839015073077,0.21969905056591546,405,4,back_10,10,35,0.7725,3164,HIV (initial infection),E,A,False,0.00927068293094635,True,A
0.002982387270354333,0.2283118748205847,405,4,back_20,20,35,0.7725,3164,HIV (initial infection),E,A,False,0.007588462147396058,True,A
0.01316371573817118,0.2523052354476282,179,4,local,0,35,0.7188,2944,Bronchiectasis,C,E,False,0.14653398096561432,True,E
0.005116449027679794,0.2412459233143766,179,4,back_2,2,35,0.7188,2944,Bronchiectasis,C,E,False,0.135776819428429,True,E
0.004593188495034285,0.24012695597152092,179,4,back_5,5,35,0.7188,2944,Bronchiectasis,C,E,False,0.4602388539351523,True,E
0.009272418079490308,0.246388447886732,179,4,back_10,10,35,0.7188,2944,Bronchiectasis,C,A,False,0.11128931492567062,True,A
0.0018949566942215565,0.2438482586627028,179,4,back_20,20,35,0.7188,2944,Bronchiectasis,C,A,False,0.22499362425878644,True,A
0.0296219038178346,0.23768895641634508,310,4,local,0,35,0.7527,3083,SLE,A,A,True,0.09026941170668579,True,A) SLE
0.007364753590081818,0.218183054389166,310,4,back_2,2,35,0.7527,3083,SLE,A,E,False,0.20292347198119387,True,E
0.005092369413302679,0.23370360124057957,310,4,back_5,5,35,0.7527,3083,SLE,A,B,False,0.1605988738592714,True,B
0.008482106948057273,0.2288223144132644,310,4,back_10,10,35,0.7527,3083,SLE,A,E,False,0.45627861173124984,True,E
0.002630996870720992,0.23753614312902624,310,4,back_20,20,35,0.7527,3083,SLE,A,C,False,0.10698209598194808,True,C
0.013188669682546918,0.25910263252444565,180,4,local,0,42,0.8555,3504,Viral pharyngitis,D,A,False,0.156336274696514,True,A
0.006778126852753173,0.24896642206502811,180,4,back_2,2,42,0.8555,3504,Viral pharyngitis,D,A,False,0.07613113150000572,True,A
0.006272129872481206,0.24569019319356553,180,4,back_5,5,42,0.8555,3504,Viral pharyngitis,D,A,False,0.07575160823762417,True,A
0.007968803062145266,0.2541689208176519,180,4,back_10,10,42,0.8555,3504,Viral pharyngitis,D,A,False,0.19188575260341167,True,A
0.002955930053953385,0.24115326840962684,180,4,back_20,20,42,0.8555,3504,Viral pharyngitis,D,A,False,0.056529831141233444,True,A
0.014470143634493329,0.2556331704337416,244,4,local,0,42,0.8696,3562,URTI,B,B,True,0.020380014182592276,True,B
0.005175248168857901,0.24438999200771963,244,4,back_2,2,42,0.8696,3562,URTI,B,B,True,0.006114415285992436,True,B
0.003501265962508374,0.24215015762352518,244,4,back_5,5,42,0.8696,3562,URTI,B,B,True,0.005131782148964703,True,B
0.005979634961087348,0.2390137639428888,244,4,back_10,10,42,0.8696,3562,URTI,B,B,True,0.004113218979910016,True,B
0.004199600864272465,0.24353195430843957,244,4,back_20,20,42,0.8696,3562,URTI,B,B,True,0.010700525133870542,True,B
0.018268501781026965,0.2685338332916477,268,4,local,0,42,0.876,3588,PSVT,B,B,True,0.04806364048272371,True,B
0.006324854039121419,0.25687752383029355,268,4,back_2,2,42,0.876,3588,PSVT,B,B,True,0.0025199020747095346,True,B
0.004284975144920671,0.2623486445019288,268,4,back_5,5,42,0.876,3588,PSVT,B,B,True,0.003436107246670872,True,B
0.006712042073429204,0.2642171870351636,268,4,back_10,10,42,0.876,3588,PSVT,B,B,True,0.0904599477071315,True,B
0.0037960589283362162,0.2596099145510899,268,4,back_20,20,42,0.876,3588,PSVT,B,B,True,0.0014666352071799338,True,B
0.008033302808014144,0.2679028421241258,239,4,local,0,42,0.8687,3558,Chronic rhinosinusitis,A,B,False,0.011866925226058811,True,B
0.004188014301429835,0.2552582433646811,239,4,back_2,2,42,0.8687,3558,Chronic rhinosinusitis,A,B,False,0.0053421993216034025,True,B
0.00397439963385945,0.24018720931573107,239,4,back_5,5,42,0.8687,3558,Chronic rhinosinusitis,A,A,True,0.36125366017222404,True,A
0.006810250402330504,0.22736576503874467,239,4,back_10,10,42,0.8687,3558,Chronic rhinosinusitis,A,A,True,0.07718507200479507,True,A
0.0038856311262601855,0.23155756976588496,239,4,back_20,20,42,0.8687,3558,Chronic rhinosinusitis,A,A,True,0.21986334770917892,True,A
0.014894252235535532,0.23698572944184498,149,4,local,0,42,0.8486,3476,Myasthenia gravis,C,C,True,0.01634370399517593,True,C
0.006080337662881773,0.22933517675846815,149,4,back_2,2,42,0.8486,3476,Myasthenia gravis,C,C,True,0.0005516335215816071,True,C
0.004254009514365212,0.23843560969856167,149,4,back_5,5,42,0.8486,3476,Myasthenia gravis,C,C,True,0.0008460616081720218,True,C
0.006577621850218358,0.2508512400755925,149,4,back_10,10,42,0.8486,3476,Myasthenia gravis,C,C,True,0.12279250263236463,True,C
0.0017459105787500967,0.24485082272440195,149,4,back_20,20,42,0.8486,3476,Myasthenia gravis,C,C,True,0.0007377487818303052,True,C
0.019794516340230724,0.22686203983279743,224,4,local,0,42,0.8655,3545,Chagas,B,A,False,0.29653726518154144,True,A
0.0073390580967368025,0.22088825987053237,224,4,back_2,2,42,0.8655,3545,Chagas,B,A,False,0.022990646481048316,True,A
0.004962476908985991,0.23297894313665374,224,4,back_5,5,42,0.8655,3545,Chagas,B,A,False,0.013038331497227773,True,A
0.007867776823072095,0.23919354349241725,224,4,back_10,10,42,0.8655,3545,Chagas,B,A,False,0.017574808676727116,True,A
0.00231065765573086,0.23662430149436528,224,4,back_20,20,42,0.8655,3545,Chagas,B,A,False,0.01675251631968422,True,A
0.01681486814881542,0.23950445590474242,255,4,local,0,42,0.8721,3572,GERD,E,E,True,0.023400294249299236,True,E
0.006427638517509747,0.2411119223771883,255,4,back_2,2,42,0.8721,3572,GERD,E,E,True,0.0013302101327212768,True,E
0.005363613092673144,0.24235535582660564,255,4,back_5,5,42,0.8721,3572,GERD,E,E,True,0.0008054616835124762,True,E
0.005996434836561093,0.24540325307420321,255,4,back_10,10,42,0.8721,3572,GERD,E,E,True,0.0017484301743024844,True,E
0.003064246735708106,0.2495114200282842,255,4,back_20,20,42,0.8721,3572,GERD,E,E,True,0.0019662653189698176,True,E
0.01309559028595686,0.2668207176362297,460,4,local,0,42,0.9248,3788,Anaphylaxis,A,A,True,0.03482735950456117,True,A) Anaphylaxis
0.006627012050427895,0.2486615622183308,460,4,back_2,2,42,0.9248,3788,Anaphylaxis,A,A,True,0.0359722228749888,True,A
0.008215113208279945,0.25320169733770725,460,4,back_5,5,42,0.9248,3788,Anaphylaxis,A,A,True,0.009007367596495897,True,A
0.008976505082890591,0.2482769306017352,460,4,back_10,10,42,0.9248,3788,Anaphylaxis,A,A,True,0.013218850654084235,True,A
0.004724845292782577,0.24972833212398524,460,4,back_20,20,42,0.9248,3788,Anaphylaxis,A,A,True,0.03192127333022654,True,A
0.013066060142591596,0.25384358113764655,252,5,local,0,21,0.4583,1877,Bronchitis,B,E,False,0.21892353892326355,True,E
0.006080132651342345,0.22305902008832032,252,5,back_2,2,21,0.4583,1877,Bronchitis,B,E,False,0.045284855645149946,True,E
0.006676854125024485,0.22370995125467225,252,5,back_5,5,21,0.4583,1877,Bronchitis,B,E,False,0.016151702031493187,True,E
0.009835887532972265,0.22679738457580761,252,5,back_10,10,21,0.4583,1877,Bronchitis,B,E,False,0.2948420784668997,True,E
0.004076707642395506,0.23013704818939523,252,5,back_20,20,21,0.4583,1877,Bronchitis,B,A,False,0.33843477349728346,True,A
0.018822360392992517,0.23412724464599574,443,5,local,0,21,0.5032,2061,HIV (initial infection),E,E,True,0.0006708561980701688,True,E
0.010961362798947707,0.21420702908653766,443,5,back_2,2,21,0.5032,2061,HIV (initial infection),E,E,True,0.0004431988427313627,True,E
0.009123020059113125,0.21806437420725291,443,5,back_5,5,21,0.5032,2061,HIV (initial infection),E,E,True,0.0004890125701422221,True,E
0.011319070426647418,0.20958821573627315,443,5,back_10,10,21,0.5032,2061,HIV (initial infection),E,E,True,0.0003776298258344468,True,E
0.008219731246104598,0.20705069267257517,443,5,back_20,20,21,0.5032,2061,HIV (initial infection),E,A,False,0.305475723114796,True,A
0.017096422188582698,0.2723412241653672,288,5,local,0,21,0.4661,1909,Scombroid food poisoning,B,C,False,0.3435419462621212,True,C
0.008502026169610741,0.228867246120769,288,5,back_2,2,21,0.4661,1909,Scombroid food poisoning,B,C,False,0.007697604058193974,True,C
0.00820564833494635,0.23623628869453178,288,5,back_5,5,21,0.4661,1909,Scombroid food poisoning,B,C,False,0.22088204901956487,True,C
0.01050140026979664,0.2319435273862577,288,5,back_10,10,21,0.4661,1909,Scombroid food poisoning,B,C,False,0.19414597802096978,True,C
0.007586493546373926,0.2215360633230635,288,5,back_20,20,21,0.4661,1909,Scombroid food poisoning,B,B,True,0.03760928986594081,True,B
0.024404926533212086,0.25422679531454506,333,5,local,0,21,0.4768,1953,Pancreatic neoplasm,D,D,True,0.00503499386832118,True,D
0.007788752922871416,0.22939050375550454,333,5,back_2,2,21,0.4768,1953,Pancreatic neoplasm,D,D,True,0.0012093273981008679,True,D
0.007344645973976834,0.23338476585091225,333,5,back_5,5,21,0.4768,1953,Pancreatic neoplasm,D,D,True,0.004619051469489932,True,D
0.009009317467903852,0.23311340911979123,333,5,back_10,10,21,0.4768,1953,Pancreatic neoplasm,D,D,True,0.001824403734644875,True,D
0.007378780587584645,0.22930648207797535,333,5,back_20,20,21,0.4768,1953,Pancreatic neoplasm,D,D,True,0.2155460383364698,True,D
0.01811744276035045,0.25747608902331975,315,5,local,0,21,0.4727,1936,Inguinal hernia,C,C,True,0.0008909477764973417,True,C
0.007543011745188518,0.21979729568452708,315,5,back_2,2,21,0.4727,1936,Inguinal hernia,C,E,False,0.017259572341572493,True,E
0.007797646525432356,0.22220281953923404,315,5,back_5,5,21,0.4727,1936,Inguinal hernia,C,E,False,0.12039076769724488,True,E
0.010636861634598713,0.20792454481124878,315,5,back_10,10,21,0.4727,1936,Inguinal hernia,C,E,False,0.03407991587300785,True,E
0.006063198015389,0.21067043713160924,315,5,back_20,20,21,0.4727,1936,Inguinal hernia,C,E,False,0.07099028769880533,True,E
0.013203592746452029,0.257409208154838,450,5,local,0,21,0.5051,2069,HIV (initial infection),D,D,True,0.0003861556085666962,True,D
0.008005926537277577,0.2401101520018918,450,5,back_2,2,21,0.5051,2069,HIV (initial infection),D,D,True,0.00014532428940583486,True,D
0.007623574004225832,0.24555368601743663,450,5,back_5,5,21,0.5051,2069,HIV (initial infection),D,D,True,0.0002040289036813192,True,D
0.011587817801877722,0.22697695128486625,450,5,back_10,10,21,0.5051,2069,HIV (initial infection),D,D,True,0.0002804848991218023,True,D
0.009035254547987799,0.2175004201874669,450,5,back_20,20,21,0.5051,2069,HIV (initial infection),D,D,True,0.0007536940684076399,True,D
0.015641726549282402,0.26275994329314145,219,5,local,0,21,0.4504,1845,PSVT,A,D,False,0.22401703894138336,True,D
0.005789214828317719,0.23671318006901337,219,5,back_2,2,21,0.4504,1845,PSVT,A,D,False,0.10827914252877235,True,D
0.004597169477035225,0.246220152625548,219,5,back_5,5,21,0.4504,1845,PSVT,A,A,True,0.5761057734489441,True,A
0.005996954400740963,0.23807994417646633,219,5,back_10,10,21,0.4504,1845,PSVT,A,D,False,0.19951912143733352,True,D
0.00282498619708349,0.24815822334494442,219,5,back_20,20,21,0.4504,1845,PSVT,A,A,True,0.3670241367071867,True,A
0.013748798818726624,0.2725421601540542,383,5,local,0,21,0.4885,2001,HIV (initial infection),D,D,True,0.013886831817217171,True,D
0.0067077447934674895,0.24237315988700306,383,5,back_2,2,21,0.4885,2001,HIV (initial infection),D,D,True,0.00014595916036341805,True,D
0.007232900081102603,0.24285048645521914,383,5,back_5,5,21,0.4885,2001,HIV (initial infection),D,D,True,0.00017840602595242672,True,D
0.010699067570385523,0.23424457600672863,383,5,back_10,10,21,0.4885,2001,HIV (initial infection),D,D,True,0.00019858311497955583,True,D
0.00813802048339442,0.2313519171106496,383,5,back_20,20,21,0.4885,2001,HIV (initial infection),D,D,True,0.0044808698003180325,True,D
0.024459037780096487,0.2655303348853652,236,5,local,0,28,0.5713,2340,Myocarditis,D,D,True,0.09040692064445466,True,D
0.011558700824805004,0.24258823328584964,236,5,back_2,2,28,0.5713,2340,Myocarditis,D,B,False,0.04556593418237753,True,B
0.010402096855354362,0.2327627713592457,236,5,back_5,5,28,0.5713,2340,Myocarditis,D,B,False,0.009640778065659106,True,B
0.010759629167815936,0.23021894055584977,236,5,back_10,10,28,0.5713,2340,Myocarditis,D,B,False,0.013185058953240514,True,B
0.004176167400276297,0.22839197880654996,236,5,back_20,20,28,0.5713,2340,Myocarditis,D,B,False,0.154400427127257,True,B
0.012462475370349628,0.2768785744473072,272,5,local,0,28,0.5791,2372,GERD,C,C,True,0.0013520000263724796,True,C
0.005524694264749996,0.26190223852505107,272,5,back_2,2,28,0.5791,2372,GERD,C,B,False,0.012022770359180868,True,B
0.005420604710317483,0.2596051085939897,272,5,back_5,5,28,0.5791,2372,GERD,C,B,False,0.11523913373821415,True,B
0.006293869407922362,0.24631360713725112,272,5,back_10,10,28,0.5791,2372,GERD,C,B,False,0.0021825494477525353,True,B
0.0029021785827093743,0.23783047710146224,272,5,back_20,20,28,0.5791,2372,GERD,C,B,False,0.0015072815294843167,True,B
0.02121997390141977,0.2574074728015278,299,5,local,0,28,0.5859,2400,Inguinal hernia,C,C,True,0.11524310894310474,True,C
0.007453289993074057,0.2355203613073432,299,5,back_2,2,28,0.5859,2400,Inguinal hernia,C,C,True,0.011282042803941295,True,C
0.0070543737321194,0.22888120649648563,299,5,back_5,5,28,0.5859,2400,Inguinal hernia,C,C,True,0.19711381479282863,True,C
0.010530150239771632,0.2250188261137477,299,5,back_10,10,28,0.5859,2400,Inguinal hernia,C,A,False,0.5666163014248013,True,A
0.00409409870631602,0.2179106610960194,299,5,back_20,20,28,0.5859,2400,Inguinal hernia,C,A,False,0.30613176757469773,True,A
0.016605144699237177,0.25997845113410484,220,5,local,0,28,0.5662,2319,GERD,E,E,True,0.014153037880589636,True,E
0.00542755560932814,0.24668666302958236,220,5,back_2,2,28,0.5662,2319,GERD,E,E,True,0.0008116569151752628,True,E
0.005649124931161558,0.24233140069658735,220,5,back_5,5,28,0.5662,2319,GERD,E,E,True,0.0014748412650078535,True,E
0.00607249576153533,0.24218077565144217,220,5,back_10,10,28,0.5662,2319,GERD,E,E,True,0.0012740633683279157,True,E
0.0027068365890435026,0.24392062901253148,220,5,back_20,20,28,0.5662,2319,GERD,E,E,True,0.0029188611661083996,True,E
0.010475924569098944,0.29413055710028857,296,5,local,0,28,0.5852,2397,Stable angina,C,C,True,0.15831199754029512,True,C
0.0036523141752695665,0.26475578802637756,296,5,back_2,2,28,0.5852,2397,Stable angina,C,A,False,0.35478224232792854,True,A
0.003414394618760395,0.2639185720722058,296,5,back_5,5,28,0.5852,2397,Stable angina,C,E,False,0.27315337216714397,True,E
0.00621031002239241,0.2619635568366253,296,5,back_10,10,28,0.5852,2397,Stable angina,C,A,False,0.35273414105176926,True,A
0.0023190982346932287,0.2655522840962346,296,5,back_20,20,28,0.5852,2397,Stable angina,C,A,False,0.3433603309094906,True,A
0.011997454699927143,0.27355777675152887,265,5,local,0,28,0.5779,2367,Scombroid food poisoning,D,D,True,0.0013529933203244582,True,D
0.005156487668240776,0.24752388049715332,265,5,back_2,2,28,0.5779,2367,Scombroid food poisoning,D,D,True,0.19290807487413986,True,D
0.004778447577596775,0.24048830510582775,265,5,back_5,5,28,0.5779,2367,Scombroid food poisoning,D,A,False,0.10700578847900033,True,A
0.00812570144574108,0.23509426519740373,265,5,back_10,10,28,0.5779,2367,Scombroid food poisoning,D,D,True,0.10567950231779832,True,D
0.003447807843193524,0.23280897192723518,265,5,back_20,20,28,0.5779,2367,Scombroid food poisoning,D,D,True,0.052420605352381244,True,D
0.018534070504496673,0.2772992830723524,330,5,local,0,28,0.5925,2427,Anemia,D,D,True,0.16598126922326628,True,D
0.008824433919341703,0.254137701970259,330,5,back_2,2,28,0.5925,2427,Anemia,D,D,True,0.0538854458136484,True,D
0.007726975142889257,0.24184677219350956,330,5,back_5,5,28,0.5925,2427,Anemia,D,D,True,0.17742186854593456,True,D
0.011188094820162016,0.23355525229791446,330,5,back_10,10,28,0.5925,2427,Anemia,D,E,False,0.34913621668238193,True,E
0.005833798667871244,0.23240413722981298,330,5,back_20,20,28,0.5925,2427,Anemia,D,D,True,0.35523564962204546,True,D
0.014323959301691502,0.23752587248704263,190,5,local,0,28,0.5605,2296,Acute dystonic reactions,D,D,True,0.000340375985956598,True,D
0.007740621687844396,0.25254253710487057,190,5,back_2,2,28,0.5605,2296,Acute dystonic reactions,D,D,True,0.00958237293525599,True,D
0.005577864247503125,0.24712998910607503,190,5,back_5,5,28,0.5605,2296,Acute dystonic reactions,D,D,True,0.058185661226161756,True,D
0.0070439023184007965,0.2510145266673395,190,5,back_10,10,28,0.5605,2296,Acute dystonic reactions,D,D,True,0.08982907159952447,True,D
0.0033185209231955276,0.24162437227953756,190,5,back_20,20,28,0.5605,2296,Acute dystonic reactions,D,A,False,0.20180530846118927,True,A
0.011300365598539688,0.2658311718675707,318,5,local,0,35,0.7126,2919,Acute pulmonary edema,E,A,False,0.3224389557290124,True,A
0.004900748042148605,0.25186824853465495,318,5,back_2,2,35,0.7126,2919,Acute pulmonary edema,E,A,False,0.024569973349571228,True,A
0.0042809544039690605,0.25220377507087377,318,5,back_5,5,35,0.7126,2919,Acute pulmonary edema,E,A,False,0.015171940060099587,True,A
0.007424058775671126,0.2445655567904136,318,5,back_10,10,35,0.7126,2919,Acute pulmonary edema,E,A,False,0.0198818125827529,True,A
0.004315906854701877,0.24793368188797363,318,5,back_20,20,35,0.7126,2919,Acute pulmonary edema,E,A,False,0.02385221002623439,True,A
0.01259309470853103,0.24695379017586155,297,5,local,0,35,0.7053,2889,Anemia,A,B,False,0.006159263197332621,True,B
0.007895566805798029,0.23188242557392055,297,5,back_2,2,35,0.7053,2889,Anemia,A,E,False,0.0796223918441683,True,E
0.007621686666555304,0.22980789471018528,297,5,back_5,5,35,0.7053,2889,Anemia,A,A,True,0.10391242988407612,True,A
0.00894278751262131,0.22321225953887083,297,5,back_10,10,35,0.7053,2889,Anemia,A,E,False,0.34427254332695156,True,E
0.0043053837988346845,0.2228246873045074,297,5,back_20,20,35,0.7053,2889,Anemia,A,E,False,0.29903647166793235,True,E
0.028791320269062583,0.23326994277470345,193,5,local,0,35,0.6819,2793,Viral pharyngitis,C,A,False,0.7642649710178375,True,A
0.009752682131615334,0.24263167767120258,193,5,back_2,2,35,0.6819,2793,Viral pharyngitis,C,A,False,0.42821525037288666,True,A
0.010030779345210508,0.2207609197191362,193,5,back_5,5,35,0.6819,2793,Viral pharyngitis,C,A,False,0.2221812754869461,True,A
0.010259133023022773,0.21805079332885466,193,5,back_10,10,35,0.6819,2793,Viral pharyngitis,C,A,False,0.14582308381795883,True,A
0.006385368615415895,0.2059033831049289,193,5,back_20,20,35,0.6819,2793,Viral pharyngitis,C,A,False,0.11192740872502327,True,A
0.01780688193477025,0.2250166321672233,328,5,local,0,35,0.7136,2923,Anemia,C,C,True,0.002936171742799587,True,C
0.008803685657247635,0.21655828578929817,328,5,back_2,2,35,0.7136,2923,Anemia,C,C,True,0.0002647920214826627,True,C
0.010243848689632224,0.20515608433301427,328,5,back_5,5,35,0.7136,2923,Anemia,C,C,True,0.00026626598182843964,True,C
0.011663218854144881,0.1994133060798049,328,5,back_10,10,35,0.7136,2923,Anemia,C,C,True,0.0003190938624300088,True,C
0.008284816655759641,0.1952653357626072,328,5,back_20,20,35,0.7136,2923,Anemia,C,C,True,0.00035242847468452965,True,C
0.014580162815816169,0.22959507423053896,131,5,local,0,35,0.6658,2727,Bronchiectasis,E,E,True,0.09336177725344896,True,E
0.005147243348931495,0.22779803478624672,131,5,back_2,2,35,0.6658,2727,Bronchiectasis,E,A,False,0.7605110928416252,True,A
0.0054300326695998335,0.22090531133913568,131,5,back_5,5,35,0.6658,2727,Bronchiectasis,E,A,False,0.3568750470876694,True,A
0.006293278946291788,0.21786713112877415,131,5,back_10,10,35,0.6658,2727,Bronchiectasis,E,A,False,0.7147435322403908,True,A
0.00477430380306032,0.21008009989080684,131,5,back_20,20,35,0.6658,2727,Bronchiectasis,E,A,False,0.48250721395015717,True,A
0.01943137147463858,0.26616390683089514,486,5,local,0,35,0.752,3080,Pneumonia,B,B,True,0.2589125260710716,True,B
0.005839450814944159,0.251597648835741,486,5,back_2,2,35,0.752,3080,Pneumonia,B,D,False,0.04153761453926563,True,D
0.007055287209888255,0.2492411046821092,486,5,back_5,5,35,0.752,3080,Pneumonia,B,D,False,0.24420903623104095,True,D
0.009342922381100445,0.24580648153122248,486,5,back_10,10,35,0.752,3080,Pneumonia,B,B,True,0.016997728729620576,True,B
0.005089253327501605,0.2512819565766092,486,5,back_20,20,35,0.752,3080,Pneumonia,B,D,False,0.3038536608219147,True,D
0.01576819589328287,0.23379613870721577,436,5,local,0,35,0.7395,3029,Panic attack,B,B,True,0.0004233102015405166,True,B
0.00677855389533631,0.2366661302845127,436,5,back_2,2,35,0.7395,3029,Panic attack,B,B,True,0.00017130119249486597,True,B
0.005989868365369537,0.23167662912913198,436,5,back_5,5,35,0.7395,3029,Panic attack,B,B,True,0.00015891327620920492,True,B
0.007962367458925914,0.2266299688406954,436,5,back_10,10,35,0.7395,3029,Panic attack,B,B,True,0.00019935739692300558,True,B
0.006319744024429903,0.22433177539746144,436,5,back_20,20,35,0.7395,3029,Panic attack,B,B,True,0.0003024628467755974,True,B
0.01730767299886793,0.23878302704542875,171,5,local,0,35,0.6768,2772,Viral pharyngitis,E,E,True,0.0909765608375892,True,E
0.006519853068831643,0.23814720840060286,171,5,back_2,2,35,0.6768,2772,Viral pharyngitis,E,E,True,0.020703161775600165,True,E
0.005398702953243628,0.2481192037895588,171,5,back_5,5,35,0.6768,2772,Viral pharyngitis,E,D,False,0.17931180354207754,True,D
0.007524846315001403,0.2494138813677377,171,5,back_10,10,35,0.6768,2772,Viral pharyngitis,E,C,False,0.12292951269773766,True,C
0.0034280224798359476,0.25805433274113704,171,5,back_20,20,35,0.6768,2772,Viral pharyngitis,E,C,False,0.41162891790736467,True,C
0.01662738306913525,0.24111523412700211,320,5,local,0,42,0.8228,3370,Influenza,A,E,False,0.33551304087154676,True,E
0.006898412231488952,0.2283880895868476,320,5,back_2,2,42,0.8228,3370,Influenza,A,E,False,0.11472718993900344,True,E
0.00775706852852766,0.22164730925578624,320,5,back_5,5,42,0.8228,3370,Influenza,A,E,False,0.14954895759001374,True,E
0.009037552429487863,0.2231491382200537,320,5,back_10,10,42,0.8228,3370,Influenza,A,E,False,0.4719214141368866,True,E
0.0033022443663607453,0.22082571623780364,320,5,back_20,20,42,0.8228,3370,Influenza,A,E,False,0.20082736015319824,True,E
0.011199301042194878,0.24936990659417851,139,5,local,0,42,0.7791,3191,Guillain-Barré syndrome,D,D,True,0.0002071138229666758,True,D
0.005671680997433474,0.2539360509087731,139,5,back_2,2,42,0.7791,3191,Guillain-Barré syndrome,D,D,True,0.0008157127012964338,True,D
0.004169667612586636,0.25574107848972616,139,5,back_5,5,42,0.7791,3191,Guillain-Barré syndrome,D,D,True,0.00024191951160901226,True,D
0.003931842920012839,0.25188292175464866,139,5,back_10,10,42,0.7791,3191,Guillain-Barré syndrome,D,D,True,0.000277254766842816,True,D
0.004831983924434878,0.2437317002331838,139,5,back_20,20,42,0.7791,3191,Guillain-Barré syndrome,D,A,False,0.3753597787581384,True,A
0.009409279271494597,0.2614856695290655,177,5,local,0,42,0.7905,3238,Bronchospasm / acute asthma exacerbation,A,A,True,0.0119720651210109,True,A
0.00412767066986167,0.2635912443843803,177,5,back_2,2,42,0.7905,3238,Bronchospasm / acute asthma exacerbation,A,A,True,0.004891909902703162,True,A
0.004685603157018444,0.2536130387535585,177,5,back_5,5,42,0.7905,3238,Bronchospasm / acute asthma exacerbation,A,A,True,0.004942891339368316,True,A
0.005554648106876162,0.2423641458818955,177,5,back_10,10,42,0.7905,3238,Bronchospasm / acute asthma exacerbation,A,A,True,0.0019747954504225618,True,A
0.00327492760295302,0.2283384810600962,177,5,back_20,20,42,0.7905,3238,Bronchospasm / acute asthma exacerbation,A,A,True,0.0034865017383651775,True,A
0.009904479312743726,0.2833027299992474,387,5,local,0,42,0.8408,3444,Acute pulmonary edema,E,A,False,0.07909105336960351,True,A) Possible NSTEMI / STEMI
0.005592697848831969,0.27145834935695995,387,5,back_2,2,42,0.8408,3444,Acute pulmonary edema,E,A,False,0.05534632969647646,True,A
0.004529453974100761,0.2695530063772042,387,5,back_5,5,42,0.8408,3444,Acute pulmonary edema,E,A,False,0.11325601488351822,True,A
0.006689190214923916,0.26680922228842974,387,5,back_10,10,42,0.8408,3444,Acute pulmonary edema,E,A,False,0.09658650495111942,True,A
0.003103110176847882,0.2678409564375345,387,5,back_20,20,42,0.8408,3444,Acute pulmonary edema,E,A,False,0.12944092974066734,True,A
0.011015413420474423,0.23382536706048995,121,5,local,0,42,0.7754,3176,Guillain-Barré syndrome,B,B,True,0.00026612490546540357,True,B
0.00846177488191253,0.2601871542699103,121,5,back_2,2,42,0.7754,3176,Guillain-Barré syndrome,B,B,True,0.033167348883580416,True,B
0.006482869537389239,0.2598154059544738,121,5,back_5,5,42,0.7754,3176,Guillain-Barré syndrome,B,B,True,0.06910045049153268,True,B
0.005408556000475073,0.24733501148875803,121,5,back_10,10,42,0.7754,3176,Guillain-Barré syndrome,B,B,True,0.27229127605096437,True,B
0.004445335162407511,0.23305772717243858,121,5,back_20,20,42,0.7754,3176,Guillain-Barré syndrome,B,C,False,0.0014778273180127144,True,C
0.013027423976122268,0.24843386249683266,236,5,local,0,42,0.8035,3291,Spontaneous rib fracture,C,E,False,0.004577216226607561,True,E
0.00618782539926802,0.23350058845244348,236,5,back_2,2,42,0.8035,3291,Spontaneous rib fracture,C,E,False,0.011996005196124315,True,E
0.006876400807024246,0.24261380218168987,236,5,back_5,5,42,0.8035,3291,Spontaneous rib fracture,C,E,False,0.3807911202311516,True,E
0.00703489951307087,0.23399811738636345,236,5,back_10,10,42,0.8035,3291,Spontaneous rib fracture,C,E,False,0.19799162447452545,True,E
0.002407988520384866,0.22767096180801413,236,5,back_20,20,42,0.8035,3291,Spontaneous rib fracture,C,E,False,0.21004796586930752,True,E
0.013504922015792025,0.24705081847163715,256,5,local,0,42,0.8081,3310,Chronic rhinosinusitis,C,C,True,0.529078412335366,True,C
0.007059025264295217,0.2307942912780813,256,5,back_2,2,42,0.8081,3310,Chronic rhinosinusitis,C,A,False,0.23912135511636734,True,A
0.009374626427805717,0.22034029506279953,256,5,back_5,5,42,0.8081,3310,Chronic rhinosinusitis,C,A,False,0.15323073975741863,True,A
0.008771251061781575,0.22509849918008382,256,5,back_10,10,42,0.8081,3310,Chronic rhinosinusitis,C,A,False,0.28853023052215576,True,A
0.0037261182820397414,0.2182190371012049,256,5,back_20,20,42,0.8081,3310,Chronic rhinosinusitis,C,A,False,0.2837270051240921,True,A
0.01374436857544684,0.2769486421187009,211,5,local,0,42,0.7981,3269,Viral pharyngitis,A,A,True,0.31442379811778665,True,A
0.005785774896919195,0.24757775205320545,211,5,back_2,2,42,0.7981,3269,Viral pharyngitis,A,A,True,0.07849294993502554,True,A
0.005245315906774651,0.24260462993489845,211,5,back_5,5,42,0.7981,3269,Viral pharyngitis,A,A,True,0.08649753266945481,True,A
0.00740860786338869,0.23950648168101907,211,5,back_10,10,42,0.7981,3269,Viral pharyngitis,A,A,True,0.19802489131689072,True,A
0.001888293815162407,0.23726092214097402,211,5,back_20,20,42,0.7981,3269,Viral pharyngitis,A,E,False,0.010515274363569915,True,E
