2026-08-03 23:04:30,219 - INFO - HTTP Request: GET https://huggingface.co/api/datasets/unrulyabstractions/temporal-awareness "HTTP/1.1 200 OK"
2026-08-03 23:04:30,862 - INFO - Syncing /root/temporal-awareness/out/experiments/loc_qwen_risk -> unrulyabstractions/temporal-awareness/localization/loc_qwen_risk (dataset)
2026-08-03 23:04:30,863 - INFO - Scanned /root/temporal-awareness/out/experiments/loc_qwen_risk: 4 files on disk, 4 to upload (11.1 KB)
2026-08-03 23:04:31,280 - INFO - HTTP Request: POST https://huggingface.co/api/datasets/unrulyabstractions/temporal-awareness/preupload/main "HTTP/1.1 200 OK"
2026-08-03 23:04:42,429 - INFO - HTTP Request: POST https://huggingface.co/api/datasets/unrulyabstractions/temporal-awareness/commit/main "HTTP/1.1 200 OK"
2026-08-03 23:04:42,445 - INFO - [commit 1/1] 4 files, 11.1 KB in 11.6s (983.0 B/s) | pass total 4/4 files, 11.1 KB, 11.6s
2026-08-03 23:04:42,446 - INFO - Waiting 120s for new files (done-file RUN_COMPLETE: absent)
2026-08-03 23:06:42,447 - INFO - Scanned /root/temporal-awareness/out/experiments/loc_qwen_risk: 4 files on disk, 1 to upload (1.1 KB)
2026-08-03 23:06:42,805 - INFO - HTTP Request: POST https://huggingface.co/api/datasets/unrulyabstractions/temporal-awareness/preupload/main "HTTP/1.1 200 OK"
2026-08-03 23:06:49,677 - INFO - HTTP Request: POST https://huggingface.co/api/datasets/unrulyabstractions/temporal-awareness/commit/main "HTTP/1.1 200 OK"
2026-08-03 23:06:49,687 - INFO - [commit 1/1] 1 files, 1.1 KB in 7.2s (154.0 B/s) | pass total 1/1 files, 1.1 KB, 7.2s
2026-08-03 23:06:49,688 - INFO - Waiting 120s for new files (done-file RUN_COMPLETE: absent)
2026-08-03 23:08:49,689 - INFO - Scanned /root/temporal-awareness/out/experiments/loc_qwen_risk: 4 files on disk, 1 to upload (1.1 KB)
2026-08-03 23:08:50,277 - INFO - HTTP Request: POST https://huggingface.co/api/datasets/unrulyabstractions/temporal-awareness/preupload/main "HTTP/1.1 200 OK"
2026-08-03 23:08:58,941 - INFO - HTTP Request: POST https://huggingface.co/api/datasets/unrulyabstractions/temporal-awareness/commit/main "HTTP/1.1 200 OK"
2026-08-03 23:08:58,945 - INFO - [commit 1/1] 1 files, 1.1 KB in 9.3s (122.0 B/s) | pass total 1/1 files, 1.1 KB, 9.3s
2026-08-03 23:08:58,945 - INFO - Waiting 120s for new files (done-file RUN_COMPLETE: absent)
2026-08-03 23:10:58,946 - INFO - Scanned /root/temporal-awareness/out/experiments/loc_qwen_risk: 4 files on disk, 1 to upload (1.6 KB)
2026-08-03 23:10:59,329 - INFO - HTTP Request: POST https://huggingface.co/api/datasets/unrulyabstractions/temporal-awareness/preupload/main "HTTP/1.1 200 OK"
2026-08-03 23:11:10,081 - INFO - HTTP Request: POST https://huggingface.co/api/datasets/unrulyabstractions/temporal-awareness/commit/main "HTTP/1.1 200 OK"
2026-08-03 23:11:10,091 - INFO - [commit 1/1] 1 files, 1.6 KB in 11.1s (144.0 B/s) | pass total 1/1 files, 1.6 KB, 11.1s
2026-08-03 23:11:10,091 - INFO - Waiting 120s for new files (done-file RUN_COMPLETE: absent)
2026-08-03 23:13:10,092 - INFO - Scanned /root/temporal-awareness/out/experiments/loc_qwen_risk: 4 files on disk, 1 to upload (1.7 KB)
2026-08-03 23:13:10,591 - INFO - HTTP Request: POST https://huggingface.co/api/datasets/unrulyabstractions/temporal-awareness/preupload/main "HTTP/1.1 200 OK"
2026-08-03 23:13:21,656 - INFO - HTTP Request: POST https://huggingface.co/api/datasets/unrulyabstractions/temporal-awareness/commit/main "HTTP/1.1 200 OK"
2026-08-03 23:13:21,666 - INFO - [commit 1/1] 1 files, 1.7 KB in 11.6s (149.0 B/s) | pass total 1/1 files, 1.7 KB, 11.6s
2026-08-03 23:13:21,667 - INFO - Waiting 120s for new files (done-file RUN_COMPLETE: absent)
2026-08-03 23:15:21,668 - INFO - Scanned /root/temporal-awareness/out/experiments/loc_qwen_risk: 4 files on disk, 1 to upload (2.1 KB)
2026-08-03 23:15:22,061 - INFO - HTTP Request: POST https://huggingface.co/api/datasets/unrulyabstractions/temporal-awareness/preupload/main "HTTP/1.1 200 OK"
2026-08-03 23:15:36,133 - INFO - HTTP Request: POST https://huggingface.co/api/datasets/unrulyabstractions/temporal-awareness/commit/main "HTTP/1.1 200 OK"
2026-08-03 23:15:36,143 - INFO - [commit 1/1] 1 files, 2.1 KB in 14.5s (151.0 B/s) | pass total 1/1 files, 2.1 KB, 14.5s
2026-08-03 23:15:36,144 - INFO - Waiting 120s for new files (done-file RUN_COMPLETE: absent)
2026-08-03 23:17:36,145 - INFO - Scanned /root/temporal-awareness/out/experiments/loc_qwen_risk: 4 files on disk, 1 to upload (2.3 KB)
2026-08-03 23:17:36,569 - INFO - HTTP Request: POST https://huggingface.co/api/datasets/unrulyabstractions/temporal-awareness/preupload/main "HTTP/1.1 200 OK"
2026-08-03 23:17:43,520 - INFO - HTTP Request: POST https://huggingface.co/api/datasets/unrulyabstractions/temporal-awareness/commit/main "HTTP/1.1 200 OK"
2026-08-03 23:17:43,530 - INFO - [commit 1/1] 1 files, 2.3 KB in 7.4s (314.0 B/s) | pass total 1/1 files, 2.3 KB, 7.4s
2026-08-03 23:17:43,531 - INFO - Waiting 120s for new files (done-file RUN_COMPLETE: absent)
2026-08-03 23:19:43,532 - INFO - Scanned /root/temporal-awareness/out/experiments/loc_qwen_risk: 4 files on disk, 1 to upload (2.7 KB)
2026-08-03 23:19:44,095 - INFO - HTTP Request: POST https://huggingface.co/api/datasets/unrulyabstractions/temporal-awareness/preupload/main "HTTP/1.1 200 OK"
2026-08-03 23:19:57,965 - INFO - HTTP Request: POST https://huggingface.co/api/datasets/unrulyabstractions/temporal-awareness/commit/main "HTTP/1.1 200 OK"
2026-08-03 23:19:57,969 - INFO - [commit 1/1] 1 files, 2.7 KB in 14.4s (193.0 B/s) | pass total 1/1 files, 2.7 KB, 14.4s
2026-08-03 23:19:57,970 - INFO - Waiting 120s for new files (done-file RUN_COMPLETE: absent)
2026-08-03 23:21:57,970 - INFO - Scanned /root/temporal-awareness/out/experiments/loc_qwen_risk: 4 files on disk, 1 to upload (3.3 KB)
2026-08-03 23:21:58,411 - INFO - HTTP Request: POST https://huggingface.co/api/datasets/unrulyabstractions/temporal-awareness/preupload/main "HTTP/1.1 200 OK"
2026-08-03 23:22:12,269 - INFO - HTTP Request: POST https://huggingface.co/api/datasets/unrulyabstractions/temporal-awareness/commit/main "HTTP/1.1 200 OK"
2026-08-03 23:22:12,281 - INFO - [commit 1/1] 1 files, 3.3 KB in 14.3s (235.0 B/s) | pass total 1/1 files, 3.3 KB, 14.3s
2026-08-03 23:22:12,281 - INFO - Waiting 120s for new files (done-file RUN_COMPLETE: absent)
2026-08-03 23:24:12,282 - INFO - Scanned /root/temporal-awareness/out/experiments/loc_qwen_risk: 4 files on disk, 1 to upload (3.3 KB)
2026-08-03 23:24:12,845 - INFO - HTTP Request: POST https://huggingface.co/api/datasets/unrulyabstractions/temporal-awareness/preupload/main "HTTP/1.1 200 OK"
2026-08-03 23:24:26,023 - INFO - HTTP Request: POST https://huggingface.co/api/datasets/unrulyabstractions/temporal-awareness/commit/main "HTTP/1.1 200 OK"
2026-08-03 23:24:26,033 - INFO - [commit 1/1] 1 files, 3.3 KB in 13.8s (245.0 B/s) | pass total 1/1 files, 3.3 KB, 13.8s
2026-08-03 23:24:26,033 - INFO - Waiting 120s for new files (done-file RUN_COMPLETE: absent)
2026-08-03 23:26:26,034 - INFO - Scanned /root/temporal-awareness/out/experiments/loc_qwen_risk: 4 files on disk, 1 to upload (4.3 KB)
2026-08-03 23:26:26,458 - INFO - HTTP Request: POST https://huggingface.co/api/datasets/unrulyabstractions/temporal-awareness/preupload/main "HTTP/1.1 200 OK"
2026-08-03 23:26:41,891 - INFO - HTTP Request: POST https://huggingface.co/api/datasets/unrulyabstractions/temporal-awareness/commit/main "HTTP/1.1 200 OK"
2026-08-03 23:26:41,901 - INFO - [commit 1/1] 1 files, 4.3 KB in 15.9s (278.0 B/s) | pass total 1/1 files, 4.3 KB, 15.9s
2026-08-03 23:26:41,901 - INFO - Waiting 120s for new files (done-file RUN_COMPLETE: absent)
2026-08-03 23:28:41,902 - INFO - Scanned /root/temporal-awareness/out/experiments/loc_qwen_risk: 4 files on disk, 1 to upload (4.8 KB)
2026-08-03 23:28:42,421 - INFO - HTTP Request: POST https://huggingface.co/api/datasets/unrulyabstractions/temporal-awareness/preupload/main "HTTP/1.1 200 OK"
2026-08-03 23:28:56,523 - INFO - HTTP Request: POST https://huggingface.co/api/datasets/unrulyabstractions/temporal-awareness/commit/main "HTTP/1.1 200 OK"
2026-08-03 23:28:56,534 - INFO - [commit 1/1] 1 files, 4.8 KB in 14.6s (334.0 B/s) | pass total 1/1 files, 4.8 KB, 14.6s
2026-08-03 23:28:56,534 - INFO - Waiting 120s for new files (done-file RUN_COMPLETE: absent)
2026-08-03 23:30:56,535 - INFO - Scanned /root/temporal-awareness/out/experiments/loc_qwen_risk: 4 files on disk, 1 to upload (5.2 KB)
2026-08-03 23:30:56,915 - INFO - HTTP Request: POST https://huggingface.co/api/datasets/unrulyabstractions/temporal-awareness/preupload/main "HTTP/1.1 200 OK"
2026-08-03 23:31:04,604 - INFO - HTTP Request: POST https://huggingface.co/api/datasets/unrulyabstractions/temporal-awareness/commit/main "HTTP/1.1 200 OK"
2026-08-03 23:31:04,614 - INFO - [commit 1/1] 1 files, 5.2 KB in 8.1s (663.0 B/s) | pass total 1/1 files, 5.2 KB, 8.1s
2026-08-03 23:31:04,615 - INFO - Waiting 120s for new files (done-file RUN_COMPLETE: absent)
2026-08-03 23:33:04,616 - INFO - Scanned /root/temporal-awareness/out/experiments/loc_qwen_risk: 4 files on disk, 1 to upload (5.3 KB)
2026-08-03 23:33:05,030 - INFO - HTTP Request: POST https://huggingface.co/api/datasets/unrulyabstractions/temporal-awareness/preupload/main "HTTP/1.1 200 OK"
2026-08-03 23:33:14,954 - INFO - HTTP Request: POST https://huggingface.co/api/datasets/unrulyabstractions/temporal-awareness/commit/main "HTTP/1.1 200 OK"
2026-08-03 23:33:14,964 - INFO - [commit 1/1] 1 files, 5.3 KB in 10.3s (529.0 B/s) | pass total 1/1 files, 5.3 KB, 10.3s
2026-08-03 23:33:14,965 - INFO - Waiting 120s for new files (done-file RUN_COMPLETE: absent)
2026-08-03 23:35:14,966 - INFO - Scanned /root/temporal-awareness/out/experiments/loc_qwen_risk: 4 files on disk, 1 to upload (5.4 KB)
2026-08-03 23:35:15,384 - INFO - HTTP Request: POST https://huggingface.co/api/datasets/unrulyabstractions/temporal-awareness/preupload/main "HTTP/1.1 200 OK"
2026-08-03 23:35:24,064 - INFO - HTTP Request: POST https://huggingface.co/api/datasets/unrulyabstractions/temporal-awareness/commit/main "HTTP/1.1 200 OK"
2026-08-03 23:35:24,074 - INFO - [commit 1/1] 1 files, 5.4 KB in 9.1s (603.0 B/s) | pass total 1/1 files, 5.4 KB, 9.1s
2026-08-03 23:35:24,074 - INFO - Waiting 120s for new files (done-file RUN_COMPLETE: absent)
2026-08-03 23:37:24,075 - INFO - Scanned /root/temporal-awareness/out/experiments/loc_qwen_risk: 4 files on disk, 1 to upload (6.4 KB)
2026-08-03 23:37:24,521 - INFO - HTTP Request: POST https://huggingface.co/api/datasets/unrulyabstractions/temporal-awareness/preupload/main "HTTP/1.1 200 OK"
2026-08-03 23:37:37,759 - INFO - HTTP Request: POST https://huggingface.co/api/datasets/unrulyabstractions/temporal-awareness/commit/main "HTTP/1.1 200 OK"
2026-08-03 23:37:37,771 - INFO - [commit 1/1] 1 files, 6.4 KB in 13.7s (476.0 B/s) | pass total 1/1 files, 6.4 KB, 13.7s
2026-08-03 23:37:37,771 - INFO - Waiting 120s for new files (done-file RUN_COMPLETE: absent)
2026-08-03 23:39:37,772 - INFO - Scanned /root/temporal-awareness/out/experiments/loc_qwen_risk: 4 files on disk, 1 to upload (6.4 KB)
2026-08-03 23:39:38,185 - INFO - HTTP Request: POST https://huggingface.co/api/datasets/unrulyabstractions/temporal-awareness/preupload/main "HTTP/1.1 200 OK"
2026-08-03 23:39:44,003 - INFO - HTTP Request: POST https://huggingface.co/api/datasets/unrulyabstractions/temporal-awareness/commit/main "HTTP/1.1 200 OK"
2026-08-03 23:39:44,007 - INFO - [commit 1/1] 1 files, 6.4 KB in 6.2s (1.0 KB/s) | pass total 1/1 files, 6.4 KB, 6.2s
2026-08-03 23:39:44,007 - INFO - Waiting 120s for new files (done-file RUN_COMPLETE: absent)
2026-08-03 23:41:44,008 - INFO - Scanned /root/temporal-awareness/out/experiments/loc_qwen_risk: 4 files on disk, 1 to upload (7.0 KB)
2026-08-03 23:41:44,511 - INFO - HTTP Request: POST https://huggingface.co/api/datasets/unrulyabstractions/temporal-awareness/preupload/main "HTTP/1.1 200 OK"
2026-08-03 23:41:51,920 - INFO - HTTP Request: POST https://huggingface.co/api/datasets/unrulyabstractions/temporal-awareness/commit/main "HTTP/1.1 200 OK"
2026-08-03 23:41:51,931 - INFO - [commit 1/1] 1 files, 7.0 KB in 7.9s (898.0 B/s) | pass total 1/1 files, 7.0 KB, 7.9s
2026-08-03 23:41:51,931 - INFO - Waiting 120s for new files (done-file RUN_COMPLETE: absent)
2026-08-03 23:43:51,932 - INFO - Scanned /root/temporal-awareness/out/experiments/loc_qwen_risk: 4 files on disk, 1 to upload (7.0 KB)
2026-08-03 23:43:52,292 - INFO - HTTP Request: POST https://huggingface.co/api/datasets/unrulyabstractions/temporal-awareness/preupload/main "HTTP/1.1 429 Too Many Requests"
HTTP Error 429 thrown while requesting POST https://huggingface.co/api/datasets/unrulyabstractions/temporal-awareness/preupload/main
2026-08-03 23:43:52,292 - WARNING - HTTP Error 429 thrown while requesting POST https://huggingface.co/api/datasets/unrulyabstractions/temporal-awareness/preupload/main
Rate limited. Waiting 154.0s before retry [Retry 1/5].
2026-08-03 23:43:52,292 - WARNING - Rate limited. Waiting 154.0s before retry [Retry 1/5].
2026-08-03 23:46:26,665 - INFO - HTTP Request: POST https://huggingface.co/api/datasets/unrulyabstractions/temporal-awareness/preupload/main "HTTP/1.1 200 OK"
2026-08-03 23:46:47,940 - INFO - HTTP Request: POST https://huggingface.co/api/datasets/unrulyabstractions/temporal-awareness/commit/main "HTTP/1.1 200 OK"
2026-08-03 23:46:47,950 - INFO - [commit 1/1] 1 files, 7.0 KB in 2m56s (40.0 B/s) | pass total 1/1 files, 7.0 KB, 2m56s
2026-08-03 23:46:47,951 - INFO - Waiting 120s for new files (done-file RUN_COMPLETE: absent)
2026-08-03 23:48:47,952 - INFO - Scanned /root/temporal-awareness/out/experiments/loc_qwen_risk: 4 files on disk, 1 to upload (8.0 KB)
2026-08-03 23:48:48,300 - INFO - HTTP Request: POST https://huggingface.co/api/datasets/unrulyabstractions/temporal-awareness/preupload/main "HTTP/1.1 429 Too Many Requests"
HTTP Error 429 thrown while requesting POST https://huggingface.co/api/datasets/unrulyabstractions/temporal-awareness/preupload/main
2026-08-03 23:48:48,301 - WARNING - HTTP Error 429 thrown while requesting POST https://huggingface.co/api/datasets/unrulyabstractions/temporal-awareness/preupload/main
Rate limited. Waiting 158.0s before retry [Retry 1/5].
2026-08-03 23:48:48,301 - WARNING - Rate limited. Waiting 158.0s before retry [Retry 1/5].
2026-08-03 23:51:26,675 - INFO - HTTP Request: POST https://huggingface.co/api/datasets/unrulyabstractions/temporal-awareness/preupload/main "HTTP/1.1 200 OK"
2026-08-03 23:51:43,615 - INFO - HTTP Request: POST https://huggingface.co/api/datasets/unrulyabstractions/temporal-awareness/commit/main "HTTP/1.1 200 OK"
2026-08-03 23:51:43,626 - INFO - [commit 1/1] 1 files, 8.0 KB in 2m55s (46.0 B/s) | pass total 1/1 files, 8.0 KB, 2m55s
2026-08-03 23:51:43,626 - INFO - Waiting 120s for new files (done-file RUN_COMPLETE: absent)
2026-08-03 23:53:43,627 - INFO - Scanned /root/temporal-awareness/out/experiments/loc_qwen_risk: 4 files on disk, 1 to upload (8.1 KB)
2026-08-03 23:53:43,969 - INFO - HTTP Request: POST https://huggingface.co/api/datasets/unrulyabstractions/temporal-awareness/preupload/main "HTTP/1.1 429 Too Many Requests"
HTTP Error 429 thrown while requesting POST https://huggingface.co/api/datasets/unrulyabstractions/temporal-awareness/preupload/main
2026-08-03 23:53:43,969 - WARNING - HTTP Error 429 thrown while requesting POST https://huggingface.co/api/datasets/unrulyabstractions/temporal-awareness/preupload/main
Rate limited. Waiting 163.0s before retry [Retry 1/5].
2026-08-03 23:53:43,970 - WARNING - Rate limited. Waiting 163.0s before retry [Retry 1/5].
2026-08-03 23:56:27,326 - INFO - HTTP Request: POST https://huggingface.co/api/datasets/unrulyabstractions/temporal-awareness/preupload/main "HTTP/1.1 200 OK"
2026-08-03 23:56:50,153 - INFO - HTTP Request: POST https://huggingface.co/api/datasets/unrulyabstractions/temporal-awareness/commit/main "HTTP/1.1 200 OK"
2026-08-03 23:56:50,163 - INFO - [commit 1/1] 1 files, 8.1 KB in 3m06s (44.0 B/s) | pass total 1/1 files, 8.1 KB, 3m06s
2026-08-03 23:56:50,163 - INFO - Waiting 120s for new files (done-file RUN_COMPLETE: absent)
2026-08-03 23:58:50,164 - INFO - Scanned /root/temporal-awareness/out/experiments/loc_qwen_risk: 4 files on disk, 1 to upload (8.3 KB)
2026-08-03 23:58:50,512 - INFO - HTTP Request: POST https://huggingface.co/api/datasets/unrulyabstractions/temporal-awareness/preupload/main "HTTP/1.1 429 Too Many Requests"
HTTP Error 429 thrown while requesting POST https://huggingface.co/api/datasets/unrulyabstractions/temporal-awareness/preupload/main
2026-08-03 23:58:50,512 - WARNING - HTTP Error 429 thrown while requesting POST https://huggingface.co/api/datasets/unrulyabstractions/temporal-awareness/preupload/main
Rate limited. Waiting 156.0s before retry [Retry 1/5].
2026-08-03 23:58:50,512 - WARNING - Rate limited. Waiting 156.0s before retry [Retry 1/5].
2026-08-04 00:01:26,886 - INFO - HTTP Request: POST https://huggingface.co/api/datasets/unrulyabstractions/temporal-awareness/preupload/main "HTTP/1.1 200 OK"
2026-08-04 00:01:33,152 - INFO - HTTP Request: POST https://huggingface.co/api/datasets/unrulyabstractions/temporal-awareness/commit/main "HTTP/1.1 200 OK"
2026-08-04 00:01:33,156 - INFO - [commit 1/1] 1 files, 8.3 KB in 2m42s (52.0 B/s) | pass total 1/1 files, 8.3 KB, 2m42s
2026-08-04 00:01:33,157 - INFO - Waiting 120s for new files (done-file RUN_COMPLETE: absent)
2026-08-04 00:03:33,158 - INFO - Scanned /root/temporal-awareness/out/experiments/loc_qwen_risk: 4 files on disk, 1 to upload (24.6 KB)
2026-08-04 00:03:33,533 - INFO - HTTP Request: POST https://huggingface.co/api/datasets/unrulyabstractions/temporal-awareness/preupload/main "HTTP/1.1 200 OK"
2026-08-04 00:03:49,166 - INFO - HTTP Request: POST https://huggingface.co/api/datasets/unrulyabstractions/temporal-awareness/commit/main "HTTP/1.1 200 OK"
2026-08-04 00:03:49,176 - INFO - [commit 1/1] 1 files, 24.6 KB in 16.0s (1.5 KB/s) | pass total 1/1 files, 24.6 KB, 16.0s
2026-08-04 00:03:49,176 - INFO - Waiting 120s for new files (done-file RUN_COMPLETE: absent)
2026-08-04 00:05:49,177 - INFO - Scanned /root/temporal-awareness/out/experiments/loc_qwen_risk: 8 files on disk, 5 to upload (171.5 KB)
2026-08-04 00:05:49,551 - INFO - HTTP Request: POST https://huggingface.co/api/datasets/unrulyabstractions/temporal-awareness/preupload/main "HTTP/1.1 200 OK"
2026-08-04 00:06:01,332 - INFO - HTTP Request: POST https://huggingface.co/api/datasets/unrulyabstractions/temporal-awareness/commit/main "HTTP/1.1 200 OK"
2026-08-04 00:06:01,336 - INFO - [commit 1/1] 5 files, 171.5 KB in 12.2s (14.1 KB/s) | pass total 5/5 files, 171.5 KB, 12.2s
2026-08-04 00:06:01,336 - INFO - Waiting 120s for new files (done-file RUN_COMPLETE: absent)
2026-08-04 00:08:01,338 - INFO - Scanned /root/temporal-awareness/out/experiments/loc_qwen_risk: 9 files on disk, 2 to upload (367.8 KB)
2026-08-04 00:08:01,732 - INFO - HTTP Request: POST https://huggingface.co/api/datasets/unrulyabstractions/temporal-awareness/preupload/main "HTTP/1.1 200 OK"
2026-08-04 00:08:13,281 - INFO - HTTP Request: POST https://huggingface.co/api/datasets/unrulyabstractions/temporal-awareness/commit/main "HTTP/1.1 200 OK"
2026-08-04 00:08:13,292 - INFO - [commit 1/1] 2 files, 367.8 KB in 12.0s (30.8 KB/s) | pass total 2/2 files, 367.8 KB, 12.0s
2026-08-04 00:08:13,292 - INFO - Waiting 120s for new files (done-file RUN_COMPLETE: absent)
2026-08-04 00:10:13,294 - INFO - Scanned /root/temporal-awareness/out/experiments/loc_qwen_risk: 10 files on disk, 2 to upload (374.7 KB)
2026-08-04 00:10:13,691 - INFO - HTTP Request: POST https://huggingface.co/api/datasets/unrulyabstractions/temporal-awareness/preupload/main "HTTP/1.1 200 OK"
2026-08-04 00:10:18,938 - INFO - HTTP Request: POST https://huggingface.co/api/datasets/unrulyabstractions/temporal-awareness/commit/main "HTTP/1.1 200 OK"
2026-08-04 00:10:18,949 - INFO - [commit 1/1] 2 files, 374.7 KB in 5.7s (66.3 KB/s) | pass total 2/2 files, 374.7 KB, 5.7s
2026-08-04 00:10:18,949 - INFO - Waiting 120s for new files (done-file RUN_COMPLETE: absent)
2026-08-04 00:12:18,950 - INFO - Scanned /root/temporal-awareness/out/experiments/loc_qwen_risk: 10 files on disk, 1 to upload (49.9 KB)
2026-08-04 00:12:19,329 - INFO - HTTP Request: POST https://huggingface.co/api/datasets/unrulyabstractions/temporal-awareness/preupload/main "HTTP/1.1 200 OK"
2026-08-04 00:12:27,021 - INFO - HTTP Request: POST https://huggingface.co/api/datasets/unrulyabstractions/temporal-awareness/commit/main "HTTP/1.1 200 OK"
2026-08-04 00:12:27,025 - INFO - [commit 1/1] 1 files, 49.9 KB in 8.1s (6.2 KB/s) | pass total 1/1 files, 49.9 KB, 8.1s
2026-08-04 00:12:27,026 - INFO - Waiting 120s for new files (done-file RUN_COMPLETE: absent)
2026-08-04 00:14:27,027 - INFO - Scanned /root/temporal-awareness/out/experiments/loc_qwen_risk: 15 files on disk, 6 to upload (525.9 KB)
2026-08-04 00:14:27,428 - INFO - HTTP Request: POST https://huggingface.co/api/datasets/unrulyabstractions/temporal-awareness/preupload/main "HTTP/1.1 200 OK"
2026-08-04 00:14:39,513 - INFO - HTTP Request: POST https://huggingface.co/api/datasets/unrulyabstractions/temporal-awareness/commit/main "HTTP/1.1 200 OK"
2026-08-04 00:14:39,518 - INFO - [commit 1/1] 6 files, 525.9 KB in 12.5s (42.1 KB/s) | pass total 6/6 files, 525.9 KB, 12.5s
2026-08-04 00:14:39,518 - INFO - Waiting 120s for new files (done-file RUN_COMPLETE: absent)
2026-08-04 00:16:39,520 - INFO - Scanned /root/temporal-awareness/out/experiments/loc_qwen_risk: 16 files on disk, 2 to upload (393.0 KB)
2026-08-04 00:16:39,906 - INFO - HTTP Request: POST https://huggingface.co/api/datasets/unrulyabstractions/temporal-awareness/preupload/main "HTTP/1.1 200 OK"
2026-08-04 00:16:49,364 - INFO - HTTP Request: POST https://huggingface.co/api/datasets/unrulyabstractions/temporal-awareness/commit/main "HTTP/1.1 200 OK"
2026-08-04 00:16:49,375 - INFO - [commit 1/1] 2 files, 393.0 KB in 9.9s (39.9 KB/s) | pass total 2/2 files, 393.0 KB, 9.9s
2026-08-04 00:16:49,375 - INFO - Waiting 120s for new files (done-file RUN_COMPLETE: absent)
2026-08-04 00:18:49,377 - INFO - Scanned /root/temporal-awareness/out/experiments/loc_qwen_risk: 17 files on disk, 2 to upload (399.5 KB)
2026-08-04 00:18:49,740 - INFO - HTTP Request: POST https://huggingface.co/api/datasets/unrulyabstractions/temporal-awareness/preupload/main "HTTP/1.1 200 OK"
2026-08-04 00:18:55,822 - INFO - HTTP Request: POST https://huggingface.co/api/datasets/unrulyabstractions/temporal-awareness/commit/main "HTTP/1.1 200 OK"
2026-08-04 00:18:55,827 - INFO - [commit 1/1] 2 files, 399.5 KB in 6.4s (61.9 KB/s) | pass total 2/2 files, 399.5 KB, 6.5s
2026-08-04 00:18:55,827 - INFO - Waiting 120s for new files (done-file RUN_COMPLETE: absent)
2026-08-04 00:20:55,829 - INFO - Scanned /root/temporal-awareness/out/experiments/loc_qwen_risk: 17 files on disk, 1 to upload (74.8 KB)
2026-08-04 00:20:56,197 - INFO - HTTP Request: POST https://huggingface.co/api/datasets/unrulyabstractions/temporal-awareness/preupload/main "HTTP/1.1 200 OK"
2026-08-04 00:21:02,219 - INFO - HTTP Request: POST https://huggingface.co/api/datasets/unrulyabstractions/temporal-awareness/commit/main "HTTP/1.1 200 OK"
2026-08-04 00:21:02,230 - INFO - [commit 1/1] 1 files, 74.8 KB in 6.4s (11.7 KB/s) | pass total 1/1 files, 74.8 KB, 6.4s
2026-08-04 00:21:02,231 - INFO - Waiting 120s for new files (done-file RUN_COMPLETE: absent)
2026-08-04 00:23:02,232 - INFO - Scanned /root/temporal-awareness/out/experiments/loc_qwen_risk: 22 files on disk, 6 to upload (551.4 KB)
2026-08-04 00:23:02,657 - INFO - HTTP Request: POST https://huggingface.co/api/datasets/unrulyabstractions/temporal-awareness/preupload/main "HTTP/1.1 200 OK"
2026-08-04 00:23:15,739 - INFO - HTTP Request: POST https://huggingface.co/api/datasets/unrulyabstractions/temporal-awareness/commit/main "HTTP/1.1 200 OK"
2026-08-04 00:23:15,749 - INFO - [commit 1/1] 6 files, 551.4 KB in 13.5s (40.8 KB/s) | pass total 6/6 files, 551.4 KB, 13.5s
2026-08-04 00:23:15,750 - INFO - Waiting 120s for new files (done-file RUN_COMPLETE: absent)
2026-08-04 00:25:15,752 - INFO - Scanned /root/temporal-awareness/out/experiments/loc_qwen_risk: 23 files on disk, 2 to upload (422.4 KB)
2026-08-04 00:25:16,141 - INFO - HTTP Request: POST https://huggingface.co/api/datasets/unrulyabstractions/temporal-awareness/preupload/main "HTTP/1.1 200 OK"
2026-08-04 00:25:21,637 - INFO - HTTP Request: POST https://huggingface.co/api/datasets/unrulyabstractions/temporal-awareness/commit/main "HTTP/1.1 200 OK"
2026-08-04 00:25:21,647 - INFO - [commit 1/1] 2 files, 422.4 KB in 5.9s (71.6 KB/s) | pass total 2/2 files, 422.4 KB, 5.9s
2026-08-04 00:25:21,648 - INFO - Waiting 120s for new files (done-file RUN_COMPLETE: absent)
2026-08-04 00:27:21,650 - INFO - Scanned /root/temporal-awareness/out/experiments/loc_qwen_risk: 24 files on disk, 2 to upload (429.2 KB)
2026-08-04 00:27:22,037 - INFO - HTTP Request: POST https://huggingface.co/api/datasets/unrulyabstractions/temporal-awareness/preupload/main "HTTP/1.1 200 OK"
2026-08-04 00:27:28,156 - INFO - HTTP Request: POST https://huggingface.co/api/datasets/unrulyabstractions/temporal-awareness/commit/main "HTTP/1.1 200 OK"
2026-08-04 00:27:28,167 - INFO - [commit 1/1] 2 files, 429.2 KB in 6.5s (65.9 KB/s) | pass total 2/2 files, 429.2 KB, 6.5s
2026-08-04 00:27:28,167 - INFO - Waiting 120s for new files (done-file RUN_COMPLETE: absent)
2026-08-04 00:29:28,169 - INFO - Scanned /root/temporal-awareness/out/experiments/loc_qwen_risk: 24 files on disk, 1 to upload (98.9 KB)
2026-08-04 00:29:28,581 - INFO - HTTP Request: POST https://huggingface.co/api/datasets/unrulyabstractions/temporal-awareness/preupload/main "HTTP/1.1 200 OK"
2026-08-04 00:29:33,719 - INFO - HTTP Request: POST https://huggingface.co/api/datasets/unrulyabstractions/temporal-awareness/commit/main "HTTP/1.1 200 OK"
2026-08-04 00:29:33,729 - INFO - [commit 1/1] 1 files, 98.9 KB in 5.6s (17.8 KB/s) | pass total 1/1 files, 98.9 KB, 5.6s
2026-08-04 00:29:33,730 - INFO - Waiting 120s for new files (done-file RUN_COMPLETE: absent)
2026-08-04 00:31:33,732 - INFO - Scanned /root/temporal-awareness/out/experiments/loc_qwen_risk: 29 files on disk, 6 to upload (580.1 KB)
2026-08-04 00:31:34,158 - INFO - HTTP Request: POST https://huggingface.co/api/datasets/unrulyabstractions/temporal-awareness/preupload/main "HTTP/1.1 200 OK"
2026-08-04 00:31:39,594 - INFO - HTTP Request: POST https://huggingface.co/api/datasets/unrulyabstractions/temporal-awareness/commit/main "HTTP/1.1 200 OK"
2026-08-04 00:31:39,604 - INFO - [commit 1/1] 6 files, 580.1 KB in 5.9s (98.8 KB/s) | pass total 6/6 files, 580.1 KB, 5.9s
2026-08-04 00:31:39,605 - INFO - Waiting 120s for new files (done-file RUN_COMPLETE: absent)
2026-08-04 00:33:39,607 - INFO - Scanned /root/temporal-awareness/out/experiments/loc_qwen_risk: 30 files on disk, 2 to upload (446.0 KB)
2026-08-04 00:33:40,003 - INFO - HTTP Request: POST https://huggingface.co/api/datasets/unrulyabstractions/temporal-awareness/preupload/main "HTTP/1.1 200 OK"
2026-08-04 00:33:47,206 - INFO - HTTP Request: POST https://huggingface.co/api/datasets/unrulyabstractions/temporal-awareness/commit/main "HTTP/1.1 200 OK"
2026-08-04 00:33:47,218 - INFO - [commit 1/1] 2 files, 446.0 KB in 7.6s (58.6 KB/s) | pass total 2/2 files, 446.0 KB, 7.6s
2026-08-04 00:33:47,218 - INFO - Waiting 120s for new files (done-file RUN_COMPLETE: absent)
2026-08-04 00:35:47,221 - INFO - Scanned /root/temporal-awareness/out/experiments/loc_qwen_risk: 30 files on disk, 1 to upload (115.8 KB)
2026-08-04 00:35:47,591 - INFO - HTTP Request: POST https://huggingface.co/api/datasets/unrulyabstractions/temporal-awareness/preupload/main "HTTP/1.1 200 OK"
2026-08-04 00:35:56,308 - INFO - HTTP Request: POST https://huggingface.co/api/datasets/unrulyabstractions/temporal-awareness/commit/main "HTTP/1.1 200 OK"
2026-08-04 00:35:56,318 - INFO - [commit 1/1] 1 files, 115.8 KB in 9.1s (12.7 KB/s) | pass total 1/1 files, 115.8 KB, 9.1s
2026-08-04 00:35:56,319 - INFO - Waiting 120s for new files (done-file RUN_COMPLETE: absent)
2026-08-04 00:37:56,321 - INFO - Scanned /root/temporal-awareness/out/experiments/loc_qwen_risk: 31 files on disk, 2 to upload (456.4 KB)
2026-08-04 00:37:56,708 - INFO - HTTP Request: POST https://huggingface.co/api/datasets/unrulyabstractions/temporal-awareness/preupload/main "HTTP/1.1 200 OK"
2026-08-04 00:38:12,175 - INFO - HTTP Request: POST https://huggingface.co/api/datasets/unrulyabstractions/temporal-awareness/commit/main "HTTP/1.1 200 OK"
2026-08-04 00:38:12,178 - INFO - [commit 1/1] 2 files, 456.4 KB in 15.9s (28.8 KB/s) | pass total 2/2 files, 456.4 KB, 15.9s
2026-08-04 00:38:12,179 - INFO - Waiting 120s for new files (done-file RUN_COMPLETE: absent)
2026-08-04 00:40:12,180 - INFO - Scanned /root/temporal-awareness/out/experiments/loc_qwen_risk: 36 files on disk, 6 to upload (603.8 KB)
2026-08-04 00:40:12,619 - INFO - HTTP Request: POST https://huggingface.co/api/datasets/unrulyabstractions/temporal-awareness/preupload/main "HTTP/1.1 200 OK"
2026-08-04 00:40:18,342 - INFO - HTTP Request: POST https://huggingface.co/api/datasets/unrulyabstractions/temporal-awareness/commit/main "HTTP/1.1 200 OK"
2026-08-04 00:40:18,347 - INFO - [commit 1/1] 6 files, 603.8 KB in 6.2s (97.9 KB/s) | pass total 6/6 files, 603.8 KB, 6.2s
2026-08-04 00:40:18,347 - INFO - Waiting 120s for new files (done-file RUN_COMPLETE: absent)
2026-08-04 00:42:18,349 - INFO - Scanned /root/temporal-awareness/out/experiments/loc_qwen_risk: 36 files on disk, 1 to upload (132.8 KB)
2026-08-04 00:42:18,795 - INFO - HTTP Request: POST https://huggingface.co/api/datasets/unrulyabstractions/temporal-awareness/preupload/main "HTTP/1.1 200 OK"
2026-08-04 00:42:24,326 - INFO - HTTP Request: POST https://huggingface.co/api/datasets/unrulyabstractions/temporal-awareness/commit/main "HTTP/1.1 200 OK"
2026-08-04 00:42:24,336 - INFO - [commit 1/1] 1 files, 132.8 KB in 6.0s (22.2 KB/s) | pass total 1/1 files, 132.8 KB, 6.0s
2026-08-04 00:42:24,337 - INFO - Waiting 120s for new files (done-file RUN_COMPLETE: absent)
2026-08-04 00:44:24,339 - INFO - Scanned /root/temporal-awareness/out/experiments/loc_qwen_risk: 37 files on disk, 2 to upload (473.3 KB)
2026-08-04 00:44:24,728 - INFO - HTTP Request: POST https://huggingface.co/api/datasets/unrulyabstractions/temporal-awareness/preupload/main "HTTP/1.1 200 OK"
2026-08-04 00:44:29,953 - INFO - HTTP Request: POST https://huggingface.co/api/datasets/unrulyabstractions/temporal-awareness/commit/main "HTTP/1.1 200 OK"
2026-08-04 00:44:29,963 - INFO - [commit 1/1] 2 files, 473.3 KB in 5.6s (84.2 KB/s) | pass total 2/2 files, 473.3 KB, 5.6s
2026-08-04 00:44:29,964 - INFO - Waiting 120s for new files (done-file RUN_COMPLETE: absent)
2026-08-04 00:46:29,966 - INFO - Scanned /root/temporal-awareness/out/experiments/loc_qwen_risk: 38 files on disk, 2 to upload (479.6 KB)
2026-08-04 00:46:30,354 - INFO - HTTP Request: POST https://huggingface.co/api/datasets/unrulyabstractions/temporal-awareness/preupload/main "HTTP/1.1 200 OK"
2026-08-04 00:46:36,394 - INFO - HTTP Request: POST https://huggingface.co/api/datasets/unrulyabstractions/temporal-awareness/commit/main "HTTP/1.1 200 OK"
2026-08-04 00:46:36,404 - INFO - [commit 1/1] 2 files, 479.6 KB in 6.4s (74.5 KB/s) | pass total 2/2 files, 479.6 KB, 6.4s
2026-08-04 00:46:36,404 - INFO - Waiting 120s for new files (done-file RUN_COMPLETE: absent)
2026-08-04 00:48:36,407 - INFO - Scanned /root/temporal-awareness/out/experiments/loc_qwen_risk: 38 files on disk, 1 to upload (149.2 KB)
2026-08-04 00:48:36,802 - INFO - HTTP Request: POST https://huggingface.co/api/datasets/unrulyabstractions/temporal-awareness/preupload/main "HTTP/1.1 200 OK"
2026-08-04 00:48:41,830 - INFO - HTTP Request: POST https://huggingface.co/api/datasets/unrulyabstractions/temporal-awareness/commit/main "HTTP/1.1 200 OK"
2026-08-04 00:48:41,841 - INFO - [commit 1/1] 1 files, 149.2 KB in 5.4s (27.5 KB/s) | pass total 1/1 files, 149.2 KB, 5.4s
2026-08-04 00:48:41,841 - INFO - Waiting 120s for new files (done-file RUN_COMPLETE: absent)
2026-08-04 00:50:41,844 - INFO - Scanned /root/temporal-awareness/out/experiments/loc_qwen_risk: 43 files on disk, 6 to upload (630.3 KB)
2026-08-04 00:50:42,297 - INFO - HTTP Request: POST https://huggingface.co/api/datasets/unrulyabstractions/temporal-awareness/preupload/main "HTTP/1.1 200 OK"
2026-08-04 00:50:48,164 - INFO - HTTP Request: POST https://huggingface.co/api/datasets/unrulyabstractions/temporal-awareness/commit/main "HTTP/1.1 200 OK"
2026-08-04 00:50:48,174 - INFO - [commit 1/1] 6 files, 630.3 KB in 6.3s (99.6 KB/s) | pass total 6/6 files, 630.3 KB, 6.3s
2026-08-04 00:50:48,174 - INFO - Waiting 120s for new files (done-file RUN_COMPLETE: absent)
2026-08-04 00:52:48,177 - INFO - Scanned /root/temporal-awareness/out/experiments/loc_qwen_risk: 44 files on disk, 2 to upload (493.7 KB)
2026-08-04 00:52:48,628 - INFO - HTTP Request: POST https://huggingface.co/api/datasets/unrulyabstractions/temporal-awareness/preupload/main "HTTP/1.1 200 OK"
2026-08-04 00:52:54,454 - INFO - HTTP Request: POST https://huggingface.co/api/datasets/unrulyabstractions/temporal-awareness/commit/main "HTTP/1.1 200 OK"
2026-08-04 00:52:54,465 - INFO - [commit 1/1] 2 files, 493.7 KB in 6.3s (78.5 KB/s) | pass total 2/2 files, 493.7 KB, 6.3s
2026-08-04 00:52:54,466 - INFO - Waiting 120s for new files (done-file RUN_COMPLETE: absent)
2026-08-04 00:54:54,468 - INFO - Scanned /root/temporal-awareness/out/experiments/loc_qwen_risk: 44 files on disk, 1 to upload (165.4 KB)
2026-08-04 00:54:54,844 - INFO - HTTP Request: POST https://huggingface.co/api/datasets/unrulyabstractions/temporal-awareness/preupload/main "HTTP/1.1 200 OK"
2026-08-04 00:55:00,906 - INFO - HTTP Request: POST https://huggingface.co/api/datasets/unrulyabstractions/temporal-awareness/commit/main "HTTP/1.1 200 OK"
2026-08-04 00:55:00,916 - INFO - [commit 1/1] 1 files, 165.4 KB in 6.4s (25.7 KB/s) | pass total 1/1 files, 165.4 KB, 6.4s
2026-08-04 00:55:00,916 - INFO - Waiting 120s for new files (done-file RUN_COMPLETE: absent)
2026-08-04 00:57:00,919 - INFO - Scanned /root/temporal-awareness/out/experiments/loc_qwen_risk: 45 files on disk, 2 to upload (503.2 KB)
2026-08-04 00:57:01,302 - INFO - HTTP Request: POST https://huggingface.co/api/datasets/unrulyabstractions/temporal-awareness/preupload/main "HTTP/1.1 200 OK"
2026-08-04 00:57:07,667 - INFO - HTTP Request: POST https://huggingface.co/api/datasets/unrulyabstractions/temporal-awareness/commit/main "HTTP/1.1 200 OK"
2026-08-04 00:57:07,677 - INFO - [commit 1/1] 2 files, 503.2 KB in 6.8s (74.5 KB/s) | pass total 2/2 files, 503.2 KB, 6.8s
2026-08-04 00:57:07,677 - INFO - Waiting 120s for new files (done-file RUN_COMPLETE: absent)
2026-08-04 00:59:07,680 - INFO - Scanned /root/temporal-awareness/out/experiments/loc_qwen_risk: 50 files on disk, 6 to upload (650.8 KB)
2026-08-04 00:59:08,086 - INFO - HTTP Request: POST https://huggingface.co/api/datasets/unrulyabstractions/temporal-awareness/preupload/main "HTTP/1.1 200 OK"
2026-08-04 00:59:14,618 - INFO - HTTP Request: POST https://huggingface.co/api/datasets/unrulyabstractions/temporal-awareness/commit/main "HTTP/1.1 200 OK"
2026-08-04 00:59:14,632 - INFO - [commit 1/1] 6 files, 650.8 KB in 7.0s (93.6 KB/s) | pass total 6/6 files, 650.8 KB, 7.0s
2026-08-04 00:59:14,632 - INFO - Waiting 120s for new files (done-file RUN_COMPLETE: absent)
2026-08-04 01:01:14,635 - INFO - Scanned /root/temporal-awareness/out/experiments/loc_qwen_risk: 50 files on disk, 1 to upload (181.5 KB)
2026-08-04 01:01:15,013 - INFO - HTTP Request: POST https://huggingface.co/api/datasets/unrulyabstractions/temporal-awareness/preupload/main "HTTP/1.1 200 OK"
2026-08-04 01:01:36,534 - INFO - HTTP Request: POST https://huggingface.co/api/datasets/unrulyabstractions/temporal-awareness/commit/main "HTTP/1.1 200 OK"
2026-08-04 01:01:36,545 - INFO - [commit 1/1] 1 files, 181.5 KB in 21.9s (8.3 KB/s) | pass total 1/1 files, 181.5 KB, 21.9s
2026-08-04 01:01:36,545 - INFO - Waiting 120s for new files (done-file RUN_COMPLETE: absent)
2026-08-04 01:03:36,548 - INFO - Scanned /root/temporal-awareness/out/experiments/loc_qwen_risk: 51 files on disk, 2 to upload (521.4 KB)
2026-08-04 01:03:36,950 - INFO - HTTP Request: POST https://huggingface.co/api/datasets/unrulyabstractions/temporal-awareness/preupload/main "HTTP/1.1 200 OK"
2026-08-04 01:04:06,886 - INFO - HTTP Request: POST https://huggingface.co/api/datasets/unrulyabstractions/temporal-awareness/commit/main "HTTP/1.1 200 OK"
2026-08-04 01:04:06,897 - INFO - [commit 1/1] 2 files, 521.4 KB in 30.3s (17.2 KB/s) | pass total 2/2 files, 521.4 KB, 30.4s
2026-08-04 01:04:06,897 - INFO - Waiting 120s for new files (done-file RUN_COMPLETE: absent)
2026-08-04 01:06:06,900 - INFO - Scanned /root/temporal-awareness/out/experiments/loc_qwen_risk: 52 files on disk, 2 to upload (528.6 KB)
2026-08-04 01:06:07,279 - INFO - HTTP Request: POST https://huggingface.co/api/datasets/unrulyabstractions/temporal-awareness/preupload/main "HTTP/1.1 200 OK"
2026-08-04 01:06:35,544 - INFO - HTTP Request: POST https://huggingface.co/api/datasets/unrulyabstractions/temporal-awareness/commit/main "HTTP/1.1 200 OK"
2026-08-04 01:06:35,555 - INFO - [commit 1/1] 2 files, 528.6 KB in 28.7s (18.4 KB/s) | pass total 2/2 files, 528.6 KB, 28.7s
2026-08-04 01:06:35,555 - INFO - Waiting 120s for new files (done-file RUN_COMPLETE: absent)
2026-08-04 01:08:35,559 - INFO - Scanned /root/temporal-awareness/out/experiments/loc_qwen_risk: 52 files on disk, 1 to upload (198.8 KB)
2026-08-04 01:08:35,999 - INFO - HTTP Request: POST https://huggingface.co/api/datasets/unrulyabstractions/temporal-awareness/preupload/main "HTTP/1.1 200 OK"
2026-08-04 01:08:49,103 - INFO - HTTP Request: POST https://huggingface.co/api/datasets/unrulyabstractions/temporal-awareness/commit/main "HTTP/1.1 200 OK"
2026-08-04 01:08:49,113 - INFO - [commit 1/1] 1 files, 198.8 KB in 13.6s (14.7 KB/s) | pass total 1/1 files, 198.8 KB, 13.6s
2026-08-04 01:08:49,113 - INFO - Waiting 120s for new files (done-file RUN_COMPLETE: absent)
2026-08-04 01:10:49,117 - INFO - Scanned /root/temporal-awareness/out/experiments/loc_qwen_risk: 57 files on disk, 6 to upload (678.9 KB)
2026-08-04 01:10:49,737 - INFO - HTTP Request: POST https://huggingface.co/api/datasets/unrulyabstractions/temporal-awareness/preupload/main "HTTP/1.1 200 OK"
2026-08-04 01:11:08,572 - INFO - HTTP Request: POST https://huggingface.co/api/datasets/unrulyabstractions/temporal-awareness/commit/main "HTTP/1.1 200 OK"
2026-08-04 01:11:08,590 - INFO - [commit 1/1] 6 files, 678.9 KB in 19.5s (34.9 KB/s) | pass total 6/6 files, 678.9 KB, 19.5s
2026-08-04 01:11:08,591 - INFO - Waiting 120s for new files (done-file RUN_COMPLETE: absent)
2026-08-04 01:13:08,595 - INFO - Scanned /root/temporal-awareness/out/experiments/loc_qwen_risk: 58 files on disk, 2 to upload (544.7 KB)
2026-08-04 01:13:09,051 - INFO - HTTP Request: POST https://huggingface.co/api/datasets/unrulyabstractions/temporal-awareness/preupload/main "HTTP/1.1 200 OK"
2026-08-04 01:13:25,486 - INFO - HTTP Request: POST https://huggingface.co/api/datasets/unrulyabstractions/temporal-awareness/commit/main "HTTP/1.1 200 OK"
2026-08-04 01:13:25,491 - INFO - [commit 1/1] 2 files, 544.7 KB in 16.9s (32.2 KB/s) | pass total 2/2 files, 544.7 KB, 16.9s
2026-08-04 01:13:25,491 - INFO - Waiting 120s for new files (done-file RUN_COMPLETE: absent)
2026-08-04 01:15:25,495 - INFO - Scanned /root/temporal-awareness/out/experiments/loc_qwen_risk: 58 files on disk, 1 to upload (215.1 KB)
2026-08-04 01:15:26,317 - INFO - HTTP Request: POST https://huggingface.co/api/datasets/unrulyabstractions/temporal-awareness/preupload/main "HTTP/1.1 200 OK"
2026-08-04 01:15:44,141 - INFO - HTTP Request: POST https://huggingface.co/api/datasets/unrulyabstractions/temporal-awareness/commit/main "HTTP/1.1 200 OK"
2026-08-04 01:15:44,152 - INFO - [commit 1/1] 1 files, 215.1 KB in 18.7s (11.5 KB/s) | pass total 1/1 files, 215.1 KB, 18.7s
2026-08-04 01:15:44,152 - INFO - Waiting 120s for new files (done-file RUN_COMPLETE: absent)
2026-08-04 01:17:44,156 - INFO - Scanned /root/temporal-awareness/out/experiments/loc_qwen_risk: 59 files on disk, 2 to upload (555.0 KB)
2026-08-04 01:17:44,653 - INFO - HTTP Request: POST https://huggingface.co/api/datasets/unrulyabstractions/temporal-awareness/preupload/main "HTTP/1.1 200 OK"
2026-08-04 01:17:58,077 - INFO - HTTP Request: POST https://huggingface.co/api/datasets/unrulyabstractions/temporal-awareness/commit/main "HTTP/1.1 200 OK"
2026-08-04 01:17:58,088 - INFO - [commit 1/1] 2 files, 555.0 KB in 13.9s (39.8 KB/s) | pass total 2/2 files, 555.0 KB, 13.9s
2026-08-04 01:17:58,088 - INFO - Waiting 120s for new files (done-file RUN_COMPLETE: absent)
2026-08-04 01:19:58,092 - INFO - Scanned /root/temporal-awareness/out/experiments/loc_qwen_risk: 64 files on disk, 6 to upload (701.8 KB)
2026-08-04 01:19:58,582 - INFO - HTTP Request: POST https://huggingface.co/api/datasets/unrulyabstractions/temporal-awareness/preupload/main "HTTP/1.1 200 OK"
2026-08-04 01:20:17,542 - INFO - HTTP Request: POST https://huggingface.co/api/datasets/unrulyabstractions/temporal-awareness/commit/main "HTTP/1.1 200 OK"
2026-08-04 01:20:17,559 - INFO - [commit 1/1] 6 files, 701.8 KB in 19.5s (36.1 KB/s) | pass total 6/6 files, 701.8 KB, 19.5s
2026-08-04 01:20:17,559 - INFO - Waiting 120s for new files (done-file RUN_COMPLETE: absent)
2026-08-04 01:22:17,562 - INFO - Scanned /root/temporal-awareness/out/experiments/loc_qwen_risk: 64 files on disk, 1 to upload (231.1 KB)
2026-08-04 01:22:17,988 - INFO - HTTP Request: POST https://huggingface.co/api/datasets/unrulyabstractions/temporal-awareness/preupload/main "HTTP/1.1 200 OK"
2026-08-04 01:22:34,041 - INFO - HTTP Request: POST https://huggingface.co/api/datasets/unrulyabstractions/temporal-awareness/commit/main "HTTP/1.1 200 OK"
2026-08-04 01:22:34,056 - INFO - [commit 1/1] 1 files, 231.1 KB in 16.5s (14.0 KB/s) | pass total 1/1 files, 231.1 KB, 16.5s
2026-08-04 01:22:34,056 - INFO - Waiting 120s for new files (done-file RUN_COMPLETE: absent)
2026-08-04 01:24:34,059 - INFO - Scanned /root/temporal-awareness/out/experiments/loc_qwen_risk: 65 files on disk, 2 to upload (570.2 KB)
2026-08-04 01:24:34,625 - INFO - HTTP Request: POST https://huggingface.co/api/datasets/unrulyabstractions/temporal-awareness/preupload/main "HTTP/1.1 200 OK"
2026-08-04 01:25:01,469 - INFO - HTTP Request: POST https://huggingface.co/api/datasets/unrulyabstractions/temporal-awareness/commit/main "HTTP/1.1 200 OK"
2026-08-04 01:25:01,477 - INFO - [commit 1/1] 2 files, 570.2 KB in 27.4s (20.8 KB/s) | pass total 2/2 files, 570.2 KB, 27.4s
2026-08-04 01:25:01,477 - INFO - Waiting 120s for new files (done-file RUN_COMPLETE: absent)
2026-08-04 01:27:01,480 - INFO - Scanned /root/temporal-awareness/out/experiments/loc_qwen_risk: 66 files on disk, 2 to upload (576.8 KB)
2026-08-04 01:27:02,045 - INFO - HTTP Request: POST https://huggingface.co/api/datasets/unrulyabstractions/temporal-awareness/preupload/main "HTTP/1.1 200 OK"
2026-08-04 01:27:15,726 - INFO - HTTP Request: POST https://huggingface.co/api/datasets/unrulyabstractions/temporal-awareness/commit/main "HTTP/1.1 200 OK"
2026-08-04 01:27:15,730 - INFO - [commit 1/1] 2 files, 576.8 KB in 14.2s (40.5 KB/s) | pass total 2/2 files, 576.8 KB, 14.3s
2026-08-04 01:27:15,730 - INFO - Waiting 120s for new files (done-file RUN_COMPLETE: absent)
2026-08-04 01:29:15,734 - INFO - Scanned /root/temporal-awareness/out/experiments/loc_qwen_risk: 66 files on disk, 1 to upload (246.6 KB)
2026-08-04 01:29:16,129 - INFO - HTTP Request: POST https://huggingface.co/api/datasets/unrulyabstractions/temporal-awareness/preupload/main "HTTP/1.1 200 OK"
2026-08-04 01:29:40,480 - INFO - HTTP Request: POST https://huggingface.co/api/datasets/unrulyabstractions/temporal-awareness/commit/main "HTTP/1.1 200 OK"
2026-08-04 01:29:40,491 - INFO - [commit 1/1] 1 files, 246.6 KB in 24.8s (10.0 KB/s) | pass total 1/1 files, 246.6 KB, 24.8s
2026-08-04 01:29:40,492 - INFO - Waiting 120s for new files (done-file RUN_COMPLETE: absent)
2026-08-04 01:31:40,496 - INFO - Scanned /root/temporal-awareness/out/experiments/loc_qwen_risk: 71 files on disk, 6 to upload (726.2 KB)
2026-08-04 01:31:40,924 - INFO - HTTP Request: POST https://huggingface.co/api/datasets/unrulyabstractions/temporal-awareness/preupload/main "HTTP/1.1 200 OK"
2026-08-04 01:31:59,678 - INFO - HTTP Request: POST https://huggingface.co/api/datasets/unrulyabstractions/temporal-awareness/commit/main "HTTP/1.1 200 OK"
2026-08-04 01:31:59,688 - INFO - [commit 1/1] 6 files, 726.2 KB in 19.2s (37.8 KB/s) | pass total 6/6 files, 726.2 KB, 19.2s
2026-08-04 01:31:59,689 - INFO - Waiting 120s for new files (done-file RUN_COMPLETE: absent)
2026-08-04 01:33:59,698 - INFO - Scanned /root/temporal-awareness/out/experiments/loc_qwen_risk: 71 files on disk, 1 to upload (256.4 KB)
2026-08-04 01:34:00,196 - INFO - HTTP Request: POST https://huggingface.co/api/datasets/unrulyabstractions/temporal-awareness/preupload/main "HTTP/1.1 200 OK"
2026-08-04 01:34:22,833 - INFO - HTTP Request: POST https://huggingface.co/api/datasets/unrulyabstractions/temporal-awareness/commit/main "HTTP/1.1 200 OK"
2026-08-04 01:34:22,837 - INFO - [commit 1/1] 1 files, 256.4 KB in 23.1s (11.1 KB/s) | pass total 1/1 files, 256.4 KB, 23.1s
2026-08-04 01:34:22,837 - INFO - Waiting 120s for new files (done-file RUN_COMPLETE: absent)
2026-08-04 01:36:22,842 - INFO - Scanned /root/temporal-awareness/out/experiments/loc_qwen_risk: 72 files on disk, 2 to upload (594.8 KB)
2026-08-04 01:36:23,294 - INFO - HTTP Request: POST https://huggingface.co/api/datasets/unrulyabstractions/temporal-awareness/preupload/main "HTTP/1.1 200 OK"
2026-08-04 01:36:44,068 - INFO - HTTP Request: POST https://huggingface.co/api/datasets/unrulyabstractions/temporal-awareness/commit/main "HTTP/1.1 200 OK"
2026-08-04 01:36:44,078 - INFO - [commit 1/1] 2 files, 594.8 KB in 21.2s (28.0 KB/s) | pass total 2/2 files, 594.8 KB, 21.2s
2026-08-04 01:36:44,079 - INFO - Waiting 120s for new files (done-file RUN_COMPLETE: absent)
2026-08-04 01:38:44,082 - INFO - Scanned /root/temporal-awareness/out/experiments/loc_qwen_risk: 73 files on disk, 2 to upload (601.5 KB)
2026-08-04 01:38:44,577 - INFO - HTTP Request: POST https://huggingface.co/api/datasets/unrulyabstractions/temporal-awareness/preupload/main "HTTP/1.1 200 OK"
2026-08-04 01:39:19,199 - INFO - HTTP Request: POST https://huggingface.co/api/datasets/unrulyabstractions/temporal-awareness/commit/main "HTTP/1.1 200 OK"
2026-08-04 01:39:19,209 - INFO - [commit 1/1] 2 files, 601.5 KB in 35.1s (17.1 KB/s) | pass total 2/2 files, 601.5 KB, 35.1s
2026-08-04 01:39:19,209 - INFO - Waiting 120s for new files (done-file RUN_COMPLETE: absent)
2026-08-04 01:41:19,213 - INFO - Scanned /root/temporal-awareness/out/experiments/loc_qwen_risk: 73 files on disk, 1 to upload (272.8 KB)
2026-08-04 01:41:19,670 - INFO - HTTP Request: POST https://huggingface.co/api/datasets/unrulyabstractions/temporal-awareness/preupload/main "HTTP/1.1 200 OK"
2026-08-04 01:41:32,685 - INFO - HTTP Request: POST https://huggingface.co/api/datasets/unrulyabstractions/temporal-awareness/commit/main "HTTP/1.1 200 OK"
2026-08-04 01:41:32,696 - INFO - [commit 1/1] 1 files, 272.8 KB in 13.5s (20.2 KB/s) | pass total 1/1 files, 272.8 KB, 13.5s
2026-08-04 01:41:32,697 - INFO - Waiting 120s for new files (done-file RUN_COMPLETE: absent)
2026-08-04 01:43:32,701 - INFO - Scanned /root/temporal-awareness/out/experiments/loc_qwen_risk: 78 files on disk, 6 to upload (752.0 KB)
2026-08-04 01:43:33,203 - INFO - HTTP Request: POST https://huggingface.co/api/datasets/unrulyabstractions/temporal-awareness/preupload/main "HTTP/1.1 200 OK"
2026-08-04 01:43:52,509 - INFO - HTTP Request: POST https://huggingface.co/api/datasets/unrulyabstractions/temporal-awareness/commit/main "HTTP/1.1 200 OK"
2026-08-04 01:43:52,520 - INFO - [commit 1/1] 6 files, 752.0 KB in 19.8s (37.9 KB/s) | pass total 6/6 files, 752.0 KB, 19.8s
2026-08-04 01:43:52,521 - INFO - Waiting 120s for new files (done-file RUN_COMPLETE: absent)
2026-08-04 01:45:52,525 - INFO - Scanned /root/temporal-awareness/out/experiments/loc_qwen_risk: 79 files on disk, 2 to upload (618.5 KB)
2026-08-04 01:45:52,965 - INFO - HTTP Request: POST https://huggingface.co/api/datasets/unrulyabstractions/temporal-awareness/preupload/main "HTTP/1.1 200 OK"
2026-08-04 01:46:10,848 - INFO - HTTP Request: POST https://huggingface.co/api/datasets/unrulyabstractions/temporal-awareness/commit/main "HTTP/1.1 200 OK"
2026-08-04 01:46:10,858 - INFO - [commit 1/1] 2 files, 618.5 KB in 18.3s (33.7 KB/s) | pass total 2/2 files, 618.5 KB, 18.3s
2026-08-04 01:46:10,858 - INFO - Waiting 120s for new files (done-file RUN_COMPLETE: absent)
2026-08-04 01:48:10,864 - INFO - Scanned /root/temporal-awareness/out/experiments/loc_qwen_risk: 79 files on disk, 1 to upload (288.1 KB)
2026-08-04 01:48:11,719 - INFO - HTTP Request: POST https://huggingface.co/api/datasets/unrulyabstractions/temporal-awareness/preupload/main "HTTP/1.1 200 OK"
2026-08-04 01:48:29,915 - INFO - HTTP Request: POST https://huggingface.co/api/datasets/unrulyabstractions/temporal-awareness/commit/main "HTTP/1.1 200 OK"
2026-08-04 01:48:29,926 - INFO - [commit 1/1] 1 files, 288.1 KB in 19.1s (15.1 KB/s) | pass total 1/1 files, 288.1 KB, 19.1s
2026-08-04 01:48:29,926 - INFO - Waiting 120s for new files (done-file RUN_COMPLETE: absent)
2026-08-04 01:50:29,931 - INFO - Scanned /root/temporal-awareness/out/experiments/loc_qwen_risk: 80 files on disk, 2 to upload (627.4 KB)
2026-08-04 01:50:30,327 - INFO - HTTP Request: POST https://huggingface.co/api/datasets/unrulyabstractions/temporal-awareness/preupload/main "HTTP/1.1 200 OK"
2026-08-04 01:50:54,492 - INFO - HTTP Request: POST https://huggingface.co/api/datasets/unrulyabstractions/temporal-awareness/commit/main "HTTP/1.1 200 OK"
2026-08-04 01:50:54,502 - INFO - [commit 1/1] 2 files, 627.4 KB in 24.6s (25.5 KB/s) | pass total 2/2 files, 627.4 KB, 24.6s
2026-08-04 01:50:54,503 - INFO - Waiting 120s for new files (done-file RUN_COMPLETE: absent)
2026-08-04 01:52:54,507 - INFO - Scanned /root/temporal-awareness/out/experiments/loc_qwen_risk: 80 files on disk, 1 to upload (297.7 KB)
2026-08-04 01:52:54,928 - INFO - HTTP Request: POST https://huggingface.co/api/datasets/unrulyabstractions/temporal-awareness/preupload/main "HTTP/1.1 200 OK"
2026-08-04 01:53:21,203 - INFO - HTTP Request: POST https://huggingface.co/api/datasets/unrulyabstractions/temporal-awareness/commit/main "HTTP/1.1 200 OK"
2026-08-04 01:53:21,213 - INFO - [commit 1/1] 1 files, 297.7 KB in 26.7s (11.1 KB/s) | pass total 1/1 files, 297.7 KB, 26.7s
2026-08-04 01:53:21,213 - INFO - Waiting 120s for new files (done-file RUN_COMPLETE: absent)
2026-08-04 01:55:21,217 - INFO - Scanned /root/temporal-awareness/out/experiments/loc_qwen_risk: 85 files on disk, 6 to upload (777.7 KB)
2026-08-04 01:55:21,608 - INFO - HTTP Request: POST https://huggingface.co/api/datasets/unrulyabstractions/temporal-awareness/preupload/main "HTTP/1.1 200 OK"
2026-08-04 01:55:32,058 - INFO - HTTP Request: POST https://huggingface.co/api/datasets/unrulyabstractions/temporal-awareness/commit/main "HTTP/1.1 200 OK"
2026-08-04 01:55:32,065 - INFO - [commit 1/1] 6 files, 777.7 KB in 10.8s (71.7 KB/s) | pass total 6/6 files, 777.7 KB, 10.9s
2026-08-04 01:55:32,066 - INFO - Waiting 120s for new files (done-file RUN_COMPLETE: absent)
2026-08-04 01:57:32,071 - INFO - Scanned /root/temporal-awareness/out/experiments/loc_qwen_risk: 86 files on disk, 2 to upload (643.4 KB)
2026-08-04 01:57:32,600 - INFO - HTTP Request: POST https://huggingface.co/api/datasets/unrulyabstractions/temporal-awareness/preupload/main "HTTP/1.1 200 OK"
2026-08-04 01:57:43,851 - INFO - HTTP Request: POST https://huggingface.co/api/datasets/unrulyabstractions/temporal-awareness/commit/main "HTTP/1.1 200 OK"
2026-08-04 01:57:43,863 - INFO - [commit 1/1] 2 files, 643.4 KB in 11.8s (54.6 KB/s) | pass total 2/2 files, 643.4 KB, 11.8s
2026-08-04 01:57:43,863 - INFO - Waiting 120s for new files (done-file RUN_COMPLETE: absent)
2026-08-04 01:59:43,868 - INFO - Scanned /root/temporal-awareness/out/experiments/loc_qwen_risk: 86 files on disk, 1 to upload (312.7 KB)
2026-08-04 01:59:44,262 - INFO - HTTP Request: POST https://huggingface.co/api/datasets/unrulyabstractions/temporal-awareness/preupload/main "HTTP/1.1 200 OK"
2026-08-04 02:00:01,034 - INFO - HTTP Request: POST https://huggingface.co/api/datasets/unrulyabstractions/temporal-awareness/commit/main "HTTP/1.1 200 OK"
2026-08-04 02:00:01,042 - INFO - [commit 1/1] 1 files, 312.7 KB in 17.2s (18.2 KB/s) | pass total 1/1 files, 312.7 KB, 17.2s
2026-08-04 02:00:01,042 - INFO - Waiting 120s for new files (done-file RUN_COMPLETE: absent)
2026-08-04 02:02:01,047 - INFO - Scanned /root/temporal-awareness/out/experiments/loc_qwen_risk: 87 files on disk, 2 to upload (652.1 KB)
2026-08-04 02:02:01,592 - INFO - HTTP Request: POST https://huggingface.co/api/datasets/unrulyabstractions/temporal-awareness/preupload/main "HTTP/1.1 200 OK"
2026-08-04 02:02:20,862 - INFO - HTTP Request: POST https://huggingface.co/api/datasets/unrulyabstractions/temporal-awareness/commit/main "HTTP/1.1 200 OK"
2026-08-04 02:02:20,872 - INFO - [commit 1/1] 2 files, 652.1 KB in 19.8s (32.9 KB/s) | pass total 2/2 files, 652.1 KB, 19.8s
2026-08-04 02:02:20,872 - INFO - Waiting 120s for new files (done-file RUN_COMPLETE: absent)
2026-08-04 02:04:20,877 - INFO - Scanned /root/temporal-awareness/out/experiments/loc_qwen_risk: 87 files on disk, 1 to upload (322.1 KB)
2026-08-04 02:04:21,256 - INFO - HTTP Request: POST https://huggingface.co/api/datasets/unrulyabstractions/temporal-awareness/preupload/main "HTTP/1.1 200 OK"
2026-08-04 02:04:27,024 - INFO - HTTP Request: POST https://huggingface.co/api/datasets/unrulyabstractions/temporal-awareness/commit/main "HTTP/1.1 200 OK"
2026-08-04 02:04:27,027 - INFO - [commit 1/1] 1 files, 322.1 KB in 6.2s (52.4 KB/s) | pass total 1/1 files, 322.1 KB, 6.2s
2026-08-04 02:04:27,028 - INFO - Waiting 120s for new files (done-file RUN_COMPLETE: absent)
2026-08-04 02:06:27,038 - INFO - Scanned /root/temporal-awareness/out/experiments/loc_qwen_risk: 221 files on disk, 135 to upload (33.6 MB)
2026-08-04 02:06:27,962 - INFO - HTTP Request: POST https://huggingface.co/api/datasets/unrulyabstractions/temporal-awareness/preupload/main "HTTP/1.1 200 OK"
2026-08-04 02:06:28,558 - INFO - HTTP Request: POST https://huggingface.co/datasets/unrulyabstractions/temporal-awareness.git/info/lfs/objects/batch "HTTP/1.1 200 OK"
combined.png:   0%|          | 0.00/53.0k [00:00<?, ?B/s]
core.png:   0%|          | 0.00/216k [00:00<?, ?B/s][A

fork.png:   0%|          | 0.00/257k [00:00<?, ?B/s][A[A


logits.png:   0%|          | 0.00/311k [00:00<?, ?B/s][A[A[A



Upload 114 LFS files:   0%|          | 0/114 [00:00<?, ?it/s][A[A[A[A




probs.png:   0%|          | 0.00/238k [00:00<?, ?B/s][A[A[A[A[Acombined.png: 100%|██████████| 53.0k/53.0k [00:00<00:00, 456kB/s]

fork.png:  26%|██▌       | 65.5k/257k [00:00<00:00, 576kB/s][A[A
core.png:  30%|███       | 65.5k/216k [00:00<00:00, 553kB/s][A




probs.png:  28%|██▊       | 65.5k/238k [00:00<00:00, 571kB/s][A[A[A[A[A


logits.png:  21%|██        | 65.5k/311k [00:00<00:00, 523kB/s][A[A[A2026-08-04 02:06:29,220 - INFO - HTTP Request: PUT https://hf-hub-lfs-us-east-1.s3-accelerate.amazonaws.com/repos/ef/87/ef870e8dc8265ff802cde7e48a97a6727cc657365929f58754efc9d0b87852b3/ea4000b3c51788a4b0a6a26ed959dd8dcddad24d515ed39169707062416f36b4?X-Amz-Algorithm=AWS4-HMAC-SHA256&X-Amz-Content-Sha256=UNSIGNED-PAYLOAD&X-Amz-Credential=AKIA2JU7TKAQOYY2AAUF%2F20260804%2Fus-east-1%2Fs3%2Faws4_request&X-Amz-Date=20260804T020628Z&X-Amz-Expires=900&X-Amz-Signature=23b2e5c44e1d780d284087f1c850ed622750605a4cf766a857ea4fe1ed875cc1&X-Amz-SignedHeaders=host&x-amz-checksum-crc32=AAAAAA%3D%3D&x-amz-sdk-checksum-algorithm=CRC32&x-amz-storage-class=INTELLIGENT_TIERING&x-id=PutObject "HTTP/1.1 200 OK"
core.png: 100%|██████████| 216k/216k [00:00<00:00, 364kB/s] 
2026-08-04 02:06:29,240 - INFO - HTTP Request: PUT https://hf-hub-lfs-us-east-1.s3-accelerate.amazonaws.com/repos/ef/87/ef870e8dc8265ff802cde7e48a97a6727cc657365929f58754efc9d0b87852b3/5e97d016f854a589dc42deb76e9fe16072a3a3f088f4c2a4bc50318ff83b79ee?X-Amz-Algorithm=AWS4-HMAC-SHA256&X-Amz-Content-Sha256=UNSIGNED-PAYLOAD&X-Amz-Credential=AKIA2JU7TKAQOYY2AAUF%2F20260804%2Fus-east-1%2Fs3%2Faws4_request&X-Amz-Date=20260804T020628Z&X-Amz-Expires=900&X-Amz-Signature=0f888d4d1989529e7ab70ac126fe2f2e43ce0ad53ad1d3bc77b6319a469b11ef&X-Amz-SignedHeaders=host&x-amz-checksum-crc32=AAAAAA%3D%3D&x-amz-sdk-checksum-algorithm=CRC32&x-amz-storage-class=INTELLIGENT_TIERING&x-id=PutObject "HTTP/1.1 200 OK"
probs.png: 100%|██████████| 238k/238k [00:00<00:00, 393kB/s] 
2026-08-04 02:06:29,281 - INFO - HTTP Request: PUT https://hf-hub-lfs-us-east-1.s3-accelerate.amazonaws.com/repos/ef/87/ef870e8dc8265ff802cde7e48a97a6727cc657365929f58754efc9d0b87852b3/b52c30de1e59238fc889e492967ecc660be5cb1f67974cfea41c31056de255ed?X-Amz-Algorithm=AWS4-HMAC-SHA256&X-Amz-Content-Sha256=UNSIGNED-PAYLOAD&X-Amz-Credential=AKIA2JU7TKAQOYY2AAUF%2F20260804%2Fus-east-1%2Fs3%2Faws4_request&X-Amz-Date=20260804T020628Z&X-Amz-Expires=900&X-Amz-Signature=58786371e50f5b8e9c84bd604daea5c0131173e8639e8b671dd5774667050a6e&X-Amz-SignedHeaders=host&x-amz-checksum-crc32=AAAAAA%3D%3D&x-amz-sdk-checksum-algorithm=CRC32&x-amz-storage-class=INTELLIGENT_TIERING&x-id=PutObject "HTTP/1.1 200 OK"
combined.png: 100%|██████████| 53.0k/53.0k [00:00<00:00, 80.9kB/s]
2026-08-04 02:06:29,554 - INFO - HTTP Request: POST https://huggingface.co/datasets/unrulyabstractions/temporal-awareness.git/info/lfs/objects/verify "HTTP/1.1 200 OK"
trajectory.png:   0%|          | 0.00/240k [00:00<?, ?B/s]2026-08-04 02:06:29,632 - INFO - HTTP Request: PUT https://hf-hub-lfs-us-east-1.s3-accelerate.amazonaws.com/repos/ef/87/ef870e8dc8265ff802cde7e48a97a6727cc657365929f58754efc9d0b87852b3/4c9f4aa67b74e91ab8484aabf2b8441e7cff627c2eb7bb5f693acac8dc118c17?X-Amz-Algorithm=AWS4-HMAC-SHA256&X-Amz-Content-Sha256=UNSIGNED-PAYLOAD&X-Amz-Credential=AKIA2JU7TKAQOYY2AAUF%2F20260804%2Fus-east-1%2Fs3%2Faws4_request&X-Amz-Date=20260804T020628Z&X-Amz-Expires=900&X-Amz-Signature=3631a2f2304334dadb30e3ca34a4fa42e341ba87add3cf94091c851ccd576340&X-Amz-SignedHeaders=host&x-amz-checksum-crc32=AAAAAA%3D%3D&x-amz-sdk-checksum-algorithm=CRC32&x-amz-storage-class=INTELLIGENT_TIERING&x-id=PutObject "HTTP/1.1 200 OK"
fork.png: 100%|██████████| 257k/257k [00:01<00:00, 256kB/s] 
2026-08-04 02:06:29,710 - INFO - HTTP Request: POST https://huggingface.co/datasets/unrulyabstractions/temporal-awareness.git/info/lfs/objects/verify "HTTP/1.1 200 OK"




Upload 114 LFS files:   1%|          | 1/114 [00:01<02:01,  1.08s/it][A[A[A[A
vocab.png:   0%|          | 0.00/265k [00:00<?, ?B/s][A2026-08-04 02:06:29,715 - INFO - HTTP Request: POST https://huggingface.co/datasets/unrulyabstractions/temporal-awareness.git/info/lfs/objects/verify "HTTP/1.1 200 OK"


combined.png:   0%|          | 0.00/52.9k [00:00<?, ?B/s][A[A2026-08-04 02:06:29,739 - INFO - HTTP Request: PUT https://hf-hub-lfs-us-east-1.s3-accelerate.amazonaws.com/repos/ef/87/ef870e8dc8265ff802cde7e48a97a6727cc657365929f58754efc9d0b87852b3/83bd71921cd362483e63f66db70796ffd4e2fab0ff5aa608bef0eb21240e4b3d?X-Amz-Algorithm=AWS4-HMAC-SHA256&X-Amz-Content-Sha256=UNSIGNED-PAYLOAD&X-Amz-Credential=AKIA2JU7TKAQOYY2AAUF%2F20260804%2Fus-east-1%2Fs3%2Faws4_request&X-Amz-Date=20260804T020628Z&X-Amz-Expires=900&X-Amz-Signature=1148ddc5edd06e9f486d4b77c761b814be0f13c75a705c9eda5b12533ffd481f&X-Amz-SignedHeaders=host&x-amz-checksum-crc32=AAAAAA%3D%3D&x-amz-sdk-checksum-algorithm=CRC32&x-amz-storage-class=INTELLIGENT_TIERING&x-id=PutObject "HTTP/1.1 200 OK"
logits.png: 100%|██████████| 311k/311k [00:01<00:00, 282kB/s] 
2026-08-04 02:06:29,958 - INFO - HTTP Request: POST https://huggingface.co/datasets/unrulyabstractions/temporal-awareness.git/info/lfs/objects/verify "HTTP/1.1 200 OK"




Upload 114 LFS files:   3%|▎         | 3/114 [00:01<00:41,  2.70it/s][A[A[A[A


core.png:   0%|          | 0.00/207k [00:00<?, ?B/s][A[A[A2026-08-04 02:06:30,039 - INFO - HTTP Request: POST https://huggingface.co/datasets/unrulyabstractions/temporal-awareness.git/info/lfs/objects/verify "HTTP/1.1 200 OK"





fork.png:   0%|          | 0.00/119k [00:00<?, ?B/s][A[A[A[A[A2026-08-04 02:06:30,226 - INFO - HTTP Request: PUT https://hf-hub-lfs-us-east-1.s3-accelerate.amazonaws.com/repos/ef/87/ef870e8dc8265ff802cde7e48a97a6727cc657365929f58754efc9d0b87852b3/24455e885b0fac59227731a82e005c2f92446f9038a9fc7c0d39a970992f407b?X-Amz-Algorithm=AWS4-HMAC-SHA256&X-Amz-Content-Sha256=UNSIGNED-PAYLOAD&X-Amz-Credential=AKIA2JU7TKAQOYY2AAUF%2F20260804%2Fus-east-1%2Fs3%2Faws4_request&X-Amz-Date=20260804T020628Z&X-Amz-Expires=900&X-Amz-Signature=588d2162e93154fceaf82107359378f7813854ef1703cc2b680b10b777f73c2c&X-Amz-SignedHeaders=host&x-amz-checksum-crc32=AAAAAA%3D%3D&x-amz-sdk-checksum-algorithm=CRC32&x-amz-storage-class=INTELLIGENT_TIERING&x-id=PutObject "HTTP/1.1 200 OK"
combined.png: 100%|██████████| 52.9k/52.9k [00:00<00:00, 104kB/s]
2026-08-04 02:06:30,427 - INFO - HTTP Request: PUT https://hf-hub-lfs-us-east-1.s3-accelerate.amazonaws.com/repos/ef/87/ef870e8dc8265ff802cde7e48a97a6727cc657365929f58754efc9d0b87852b3/c71c8e8be6c20f6f4169c5a3879efeb435c8fc8360e0008f5d217e57363a5477?X-Amz-Algorithm=AWS4-HMAC-SHA256&X-Amz-Content-Sha256=UNSIGNED-PAYLOAD&X-Amz-Credential=AKIA2JU7TKAQOYY2AAUF%2F20260804%2Fus-east-1%2Fs3%2Faws4_request&X-Amz-Date=20260804T020628Z&X-Amz-Expires=900&X-Amz-Signature=c3a0685b95eb23c91be2e97ff7fa4d65c475096d93d8304140922dd22a6e96cb&X-Amz-SignedHeaders=host&x-amz-checksum-crc32=AAAAAA%3D%3D&x-amz-sdk-checksum-algorithm=CRC32&x-amz-storage-class=INTELLIGENT_TIERING&x-id=PutObject "HTTP/1.1 200 OK"
fork.png: 100%|██████████| 119k/119k [00:00<00:00, 306kB/s]
2026-08-04 02:06:30,431 - INFO - HTTP Request: PUT https://hf-hub-lfs-us-east-1.s3-accelerate.amazonaws.com/repos/ef/87/ef870e8dc8265ff802cde7e48a97a6727cc657365929f58754efc9d0b87852b3/231af642e134ac930e3c455ab463fcdb62c6d28f7044473ec7d3e60dc44674d6?X-Amz-Algorithm=AWS4-HMAC-SHA256&X-Amz-Content-Sha256=UNSIGNED-PAYLOAD&X-Amz-Credential=AKIA2JU7TKAQOYY2AAUF%2F20260804%2Fus-east-1%2Fs3%2Faws4_request&X-Amz-Date=20260804T020628Z&X-Amz-Expires=900&X-Amz-Signature=a394e66dcabd4b5597243c663ecd055cfb95f9c35e927771cd979f74a62194c1&X-Amz-SignedHeaders=host&x-amz-checksum-crc32=AAAAAA%3D%3D&x-amz-sdk-checksum-algorithm=CRC32&x-amz-storage-class=INTELLIGENT_TIERING&x-id=PutObject "HTTP/1.1 200 OK"
core.png: 100%|██████████| 207k/207k [00:00<00:00, 437kB/s]
2026-08-04 02:06:30,553 - INFO - HTTP Request: POST https://huggingface.co/datasets/unrulyabstractions/temporal-awareness.git/info/lfs/objects/verify "HTTP/1.1 200 OK"


logits.png:   0%|          | 0.00/367k [00:00<?, ?B/s][A[A2026-08-04 02:06:30,672 - INFO - HTTP Request: PUT https://hf-hub-lfs-us-east-1.s3-accelerate.amazonaws.com/repos/ef/87/ef870e8dc8265ff802cde7e48a97a6727cc657365929f58754efc9d0b87852b3/eb395b7789e39cdaa68c88914bc92ca24cee715a8ea48f52ceba8214f64b786e?X-Amz-Algorithm=AWS4-HMAC-SHA256&X-Amz-Content-Sha256=UNSIGNED-PAYLOAD&X-Amz-Credential=AKIA2JU7TKAQOYY2AAUF%2F20260804%2Fus-east-1%2Fs3%2Faws4_request&X-Amz-Date=20260804T020628Z&X-Amz-Expires=900&X-Amz-Signature=c1025bb2f659abd7a17133ec9a89763c387df815613cc72408748493fd0b9c34&X-Amz-SignedHeaders=host&x-amz-checksum-crc32=AAAAAA%3D%3D&x-amz-sdk-checksum-algorithm=CRC32&x-amz-storage-class=INTELLIGENT_TIERING&x-id=PutObject "HTTP/1.1 200 OK"
vocab.png: 100%|██████████| 265k/265k [00:00<00:00, 276kB/s]
2026-08-04 02:06:30,747 - INFO - HTTP Request: POST https://huggingface.co/datasets/unrulyabstractions/temporal-awareness.git/info/lfs/objects/verify "HTTP/1.1 200 OK"

probs.png:   0%|          | 0.00/173k [00:00<?, ?B/s][A2026-08-04 02:06:30,752 - INFO - HTTP Request: POST https://huggingface.co/datasets/unrulyabstractions/temporal-awareness.git/info/lfs/objects/verify "HTTP/1.1 200 OK"



trajectory.png:   0%|          | 0.00/219k [00:00<?, ?B/s][A[A[A2026-08-04 02:06:30,961 - INFO - HTTP Request: PUT https://hf-hub-lfs-us-east-1.s3-accelerate.amazonaws.com/repos/ef/87/ef870e8dc8265ff802cde7e48a97a6727cc657365929f58754efc9d0b87852b3/af994b90361f5342a92e3dfe3f723e117949c342fa6d6bba1bc6d6a65c8fc6a2?X-Amz-Algorithm=AWS4-HMAC-SHA256&X-Amz-Content-Sha256=UNSIGNED-PAYLOAD&X-Amz-Credential=AKIA2JU7TKAQOYY2AAUF%2F20260804%2Fus-east-1%2Fs3%2Faws4_request&X-Amz-Date=20260804T020628Z&X-Amz-Expires=900&X-Amz-Signature=2e3260038640668ed136b10e3532ea1e350ad85419ea008c2a4f0d92974f1b54&X-Amz-SignedHeaders=host&x-amz-checksum-crc32=AAAAAA%3D%3D&x-amz-sdk-checksum-algorithm=CRC32&x-amz-storage-class=INTELLIGENT_TIERING&x-id=PutObject "HTTP/1.1 200 OK"
trajectory.png: 100%|██████████| 240k/240k [00:01<00:00, 171kB/s]
2026-08-04 02:06:30,969 - INFO - HTTP Request: POST https://huggingface.co/datasets/unrulyabstractions/temporal-awareness.git/info/lfs/objects/verify "HTTP/1.1 200 OK"
vocab.png:   0%|          | 0.00/114k [00:00<?, ?B/s]2026-08-04 02:06:31,344 - INFO - HTTP Request: POST https://huggingface.co/datasets/unrulyabstractions/temporal-awareness.git/info/lfs/objects/verify "HTTP/1.1 200 OK"




Upload 114 LFS files:   5%|▌         | 6/114 [00:02<00:46,  2.34it/s][A[A[A[A




heatmap_layers_colnorm_denoising.png:   0%|          | 0.00/85.2k [00:00<?, ?B/s][A[A[A[A[A2026-08-04 02:06:31,507 - INFO - HTTP Request: PUT https://hf-hub-lfs-us-east-1.s3-accelerate.amazonaws.com/repos/ef/87/ef870e8dc8265ff802cde7e48a97a6727cc657365929f58754efc9d0b87852b3/0ad77c8e1da3eefbcdf865cf1cd1c4c7b9c2ad925c954e9b5bacfda9d648f7b8?X-Amz-Algorithm=AWS4-HMAC-SHA256&X-Amz-Content-Sha256=UNSIGNED-PAYLOAD&X-Amz-Credential=AKIA2JU7TKAQOYY2AAUF%2F20260804%2Fus-east-1%2Fs3%2Faws4_request&X-Amz-Date=20260804T020628Z&X-Amz-Expires=900&X-Amz-Signature=45ad6191991efbe71ba99aa7de7ae7a79eea54b0c2cae28177cb3755f9f5a377&X-Amz-SignedHeaders=host&x-amz-checksum-crc32=AAAAAA%3D%3D&x-amz-sdk-checksum-algorithm=CRC32&x-amz-storage-class=INTELLIGENT_TIERING&x-id=PutObject "HTTP/1.1 200 OK"
probs.png: 100%|██████████| 173k/173k [00:00<00:00, 228kB/s]
2026-08-04 02:06:31,600 - INFO - HTTP Request: PUT https://hf-hub-lfs-us-east-1.s3-accelerate.amazonaws.com/repos/ef/87/ef870e8dc8265ff802cde7e48a97a6727cc657365929f58754efc9d0b87852b3/426ec01a6ce2bd925604566a5310498ff1a12f3a4fb2f46a8946de4f3f2bd696?X-Amz-Algorithm=AWS4-HMAC-SHA256&X-Amz-Content-Sha256=UNSIGNED-PAYLOAD&X-Amz-Credential=AKIA2JU7TKAQOYY2AAUF%2F20260804%2Fus-east-1%2Fs3%2Faws4_request&X-Amz-Date=20260804T020628Z&X-Amz-Expires=900&X-Amz-Signature=0454fb7bed06d9a73212a7b540b1f98c6aef4bfcc0c1959b0094225488e1eb9a&X-Amz-SignedHeaders=host&x-amz-checksum-crc32=AAAAAA%3D%3D&x-amz-sdk-checksum-algorithm=CRC32&x-amz-storage-class=INTELLIGENT_TIERING&x-id=PutObject "HTTP/1.1 200 OK"
logits.png: 100%|██████████| 367k/367k [00:01<00:00, 350kB/s]
2026-08-04 02:06:31,627 - INFO - HTTP Request: PUT https://hf-hub-lfs-us-east-1.s3-accelerate.amazonaws.com/repos/ef/87/ef870e8dc8265ff802cde7e48a97a6727cc657365929f58754efc9d0b87852b3/99e510df5000f20ff80e0a131ee2692b1e301b68164767125e3736ce86bc3d93?X-Amz-Algorithm=AWS4-HMAC-SHA256&X-Amz-Content-Sha256=UNSIGNED-PAYLOAD&X-Amz-Credential=AKIA2JU7TKAQOYY2AAUF%2F20260804%2Fus-east-1%2Fs3%2Faws4_request&X-Amz-Date=20260804T020628Z&X-Amz-Expires=900&X-Amz-Signature=cd1e9d33d1fb841c4b69054c8c4703d27a9b7c1582be91397c62421286344cce&X-Amz-SignedHeaders=host&x-amz-checksum-crc32=AAAAAA%3D%3D&x-amz-sdk-checksum-algorithm=CRC32&x-amz-storage-class=INTELLIGENT_TIERING&x-id=PutObject "HTTP/1.1 200 OK"
vocab.png: 100%|██████████| 114k/114k [00:00<00:00, 173kB/s]
2026-08-04 02:06:31,834 - INFO - HTTP Request: POST https://huggingface.co/datasets/unrulyabstractions/temporal-awareness.git/info/lfs/objects/verify "HTTP/1.1 200 OK"
heatmap_layers_colnorm_noising.png:   0%|          | 0.00/85.1k [00:00<?, ?B/s]2026-08-04 02:06:31,884 - INFO - HTTP Request: POST https://huggingface.co/datasets/unrulyabstractions/temporal-awareness.git/info/lfs/objects/verify "HTTP/1.1 200 OK"




Upload 114 LFS files:  10%|▉         | 11/114 [00:03<00:24,  4.21it/s][A[A[A[A
heatmap_layers_denoising.png:   0%|          | 0.00/102k [00:00<?, ?B/s][A2026-08-04 02:06:31,937 - INFO - HTTP Request: PUT https://hf-hub-lfs-us-east-1.s3-accelerate.amazonaws.com/repos/ef/87/ef870e8dc8265ff802cde7e48a97a6727cc657365929f58754efc9d0b87852b3/552a51aaa76505ed128ff0cbabab4c12af4338af6cbdaa11f3d347a90db6bdef?X-Amz-Algorithm=AWS4-HMAC-SHA256&X-Amz-Content-Sha256=UNSIGNED-PAYLOAD&X-Amz-Credential=AKIA2JU7TKAQOYY2AAUF%2F20260804%2Fus-east-1%2Fs3%2Faws4_request&X-Amz-Date=20260804T020628Z&X-Amz-Expires=900&X-Amz-Signature=9763563da63b5a914086c2a54a19a34fcf8ca90c041f28983da9be6e5492f01f&X-Amz-SignedHeaders=host&x-amz-checksum-crc32=AAAAAA%3D%3D&x-amz-sdk-checksum-algorithm=CRC32&x-amz-storage-class=INTELLIGENT_TIERING&x-id=PutObject "HTTP/1.1 200 OK"
heatmap_layers_colnorm_denoising.png: 100%|██████████| 85.2k/85.2k [00:00<00:00, 144kB/s]
2026-08-04 02:06:31,951 - INFO - HTTP Request: POST https://huggingface.co/datasets/unrulyabstractions/temporal-awareness.git/info/lfs/objects/verify "HTTP/1.1 200 OK"


heatmap_layers_noising.png:   0%|          | 0.00/104k [00:00<?, ?B/s][A[A2026-08-04 02:06:32,043 - INFO - HTTP Request: PUT https://hf-hub-lfs-us-east-1.s3-accelerate.amazonaws.com/repos/ef/87/ef870e8dc8265ff802cde7e48a97a6727cc657365929f58754efc9d0b87852b3/f13cfe20eeacb54ed25426d2d7d0808f19517b39157ad97e385b0e37c207de62?X-Amz-Algorithm=AWS4-HMAC-SHA256&X-Amz-Content-Sha256=UNSIGNED-PAYLOAD&X-Amz-Credential=AKIA2JU7TKAQOYY2AAUF%2F20260804%2Fus-east-1%2Fs3%2Faws4_request&X-Amz-Date=20260804T020628Z&X-Amz-Expires=900&X-Amz-Signature=486a5d44d9729b04b2f14c1983806119d7576e53dc419fbfdaee1b9819fb699a&X-Amz-SignedHeaders=host&x-amz-checksum-crc32=AAAAAA%3D%3D&x-amz-sdk-checksum-algorithm=CRC32&x-amz-storage-class=INTELLIGENT_TIERING&x-id=PutObject "HTTP/1.1 200 OK"
trajectory.png: 100%|██████████| 219k/219k [00:01<00:00, 170kB/s]
2026-08-04 02:06:32,245 - INFO - HTTP Request: POST https://huggingface.co/datasets/unrulyabstractions/temporal-awareness.git/info/lfs/objects/verify "HTTP/1.1 200 OK"



attn_vs_mlp_layer.png:   0%|          | 0.00/192k [00:00<?, ?B/s][A[A[A2026-08-04 02:06:32,253 - INFO - HTTP Request: PUT https://hf-hub-lfs-us-east-1.s3-accelerate.amazonaws.com/repos/ef/87/ef870e8dc8265ff802cde7e48a97a6727cc657365929f58754efc9d0b87852b3/83802634131ad7b5a1d00a5fb924e4c5a18c3cab7141ba792277cd09c20b8fba?X-Amz-Algorithm=AWS4-HMAC-SHA256&X-Amz-Content-Sha256=UNSIGNED-PAYLOAD&X-Amz-Credential=AKIA2JU7TKAQOYY2AAUF%2F20260804%2Fus-east-1%2Fs3%2Faws4_request&X-Amz-Date=20260804T020628Z&X-Amz-Expires=900&X-Amz-Signature=b5e1e39887a367c21785263daf539696b936d90f408c9d15d2b4a4e95dd9227c&X-Amz-SignedHeaders=host&x-amz-checksum-crc32=AAAAAA%3D%3D&x-amz-sdk-checksum-algorithm=CRC32&x-amz-storage-class=INTELLIGENT_TIERING&x-id=PutObject "HTTP/1.1 200 OK"
heatmap_layers_colnorm_noising.png: 100%|██████████| 85.1k/85.1k [00:00<00:00, 203kB/s]
2026-08-04 02:06:32,286 - INFO - HTTP Request: PUT https://hf-hub-lfs-us-east-1.s3-accelerate.amazonaws.com/repos/ef/87/ef870e8dc8265ff802cde7e48a97a6727cc657365929f58754efc9d0b87852b3/88c7eb3f5e79cdc041999f9fdc2604bbd63b465489fba8db6d11303180e5cdc0?X-Amz-Algorithm=AWS4-HMAC-SHA256&X-Amz-Content-Sha256=UNSIGNED-PAYLOAD&X-Amz-Credential=AKIA2JU7TKAQOYY2AAUF%2F20260804%2Fus-east-1%2Fs3%2Faws4_request&X-Amz-Date=20260804T020628Z&X-Amz-Expires=900&X-Amz-Signature=eb1a92962c1b6ccb9da0183362bbfe28990bd14e120b14ee9c521e27d54dacb4&X-Amz-SignedHeaders=host&x-amz-checksum-crc32=AAAAAA%3D%3D&x-amz-sdk-checksum-algorithm=CRC32&x-amz-storage-class=INTELLIGENT_TIERING&x-id=PutObject "HTTP/1.1 200 OK"
heatmap_layers_denoising.png: 100%|██████████| 102k/102k [00:00<00:00, 255kB/s]
2026-08-04 02:06:32,372 - INFO - HTTP Request: POST https://huggingface.co/datasets/unrulyabstractions/temporal-awareness.git/info/lfs/objects/verify "HTTP/1.1 200 OK"




Upload 114 LFS files:  11%|█▏        | 13/114 [00:03<00:24,  4.18it/s][A[A[A[Aattn_vs_mlp_paired.png:   0%|          | 0.00/140k [00:00<?, ?B/s]2026-08-04 02:06:32,579 - INFO - HTTP Request: POST https://huggingface.co/datasets/unrulyabstractions/temporal-awareness.git/info/lfs/objects/verify "HTTP/1.1 200 OK"




Upload 114 LFS files:  14%|█▍        | 16/114 [00:03<00:17,  5.58it/s][A[A[A[A
component_importance_ranked.png:   0%|          | 0.00/118k [00:00<?, ?B/s][A2026-08-04 02:06:32,604 - INFO - HTTP Request: POST https://huggingface.co/datasets/unrulyabstractions/temporal-awareness.git/info/lfs/objects/verify "HTTP/1.1 200 OK"





cumulative_recovery.png:   0%|          | 0.00/108k [00:00<?, ?B/s][A[A[A[A[A2026-08-04 02:06:32,716 - INFO - HTTP Request: PUT https://hf-hub-lfs-us-east-1.s3-accelerate.amazonaws.com/repos/ef/87/ef870e8dc8265ff802cde7e48a97a6727cc657365929f58754efc9d0b87852b3/17eec0be110e6801c222d8d4e4ced12b9b53766583196cba66a2ad7a4a9c2a3a?X-Amz-Algorithm=AWS4-HMAC-SHA256&X-Amz-Content-Sha256=UNSIGNED-PAYLOAD&X-Amz-Credential=AKIA2JU7TKAQOYY2AAUF%2F20260804%2Fus-east-1%2Fs3%2Faws4_request&X-Amz-Date=20260804T020628Z&X-Amz-Expires=900&X-Amz-Signature=dda915a25c3b0b3317670274d8d56e657929e95d2e3ee125f11965b6cd165ca8&X-Amz-SignedHeaders=host&x-amz-checksum-crc32=AAAAAA%3D%3D&x-amz-sdk-checksum-algorithm=CRC32&x-amz-storage-class=INTELLIGENT_TIERING&x-id=PutObject "HTTP/1.1 200 OK"
attn_vs_mlp_layer.png: 100%|██████████| 192k/192k [00:00<00:00, 407kB/s]
2026-08-04 02:06:32,902 - INFO - HTTP Request: PUT https://hf-hub-lfs-us-east-1.s3-accelerate.amazonaws.com/repos/ef/87/ef870e8dc8265ff802cde7e48a97a6727cc657365929f58754efc9d0b87852b3/8ad96166da4e0358666455c1d1d2f75dac29c49bc6de6962eff9198575cb4df8?X-Amz-Algorithm=AWS4-HMAC-SHA256&X-Amz-Content-Sha256=UNSIGNED-PAYLOAD&X-Amz-Credential=AKIA2JU7TKAQOYY2AAUF%2F20260804%2Fus-east-1%2Fs3%2Faws4_request&X-Amz-Date=20260804T020628Z&X-Amz-Expires=900&X-Amz-Signature=a0a16d15d530a6d4de279444c460ca65e32ad5f732024937f1da4e43c3508e0b&X-Amz-SignedHeaders=host&x-amz-checksum-crc32=AAAAAA%3D%3D&x-amz-sdk-checksum-algorithm=CRC32&x-amz-storage-class=INTELLIGENT_TIERING&x-id=PutObject "HTTP/1.1 200 OK"
attn_vs_mlp_paired.png: 100%|██████████| 140k/140k [00:00<00:00, 264kB/s]
2026-08-04 02:06:33,043 - INFO - HTTP Request: POST https://huggingface.co/datasets/unrulyabstractions/temporal-awareness.git/info/lfs/objects/verify "HTTP/1.1 200 OK"
layer_component_interaction.png:   0%|          | 0.00/409k [00:00<?, ?B/s]2026-08-04 02:06:33,057 - INFO - HTTP Request: PUT https://hf-hub-lfs-us-east-1.s3-accelerate.amazonaws.com/repos/ef/87/ef870e8dc8265ff802cde7e48a97a6727cc657365929f58754efc9d0b87852b3/c804e6638c417eb76badd861a14901241c75ca1f51272af8e1ebef6a12ef3e23?X-Amz-Algorithm=AWS4-HMAC-SHA256&X-Amz-Content-Sha256=UNSIGNED-PAYLOAD&X-Amz-Credential=AKIA2JU7TKAQOYY2AAUF%2F20260804%2Fus-east-1%2Fs3%2Faws4_request&X-Amz-Date=20260804T020628Z&X-Amz-Expires=900&X-Amz-Signature=91810fb84d641c87ca1f870bfd0e43a9b0cc9727c6f66d6cb5e298163daa20a4&X-Amz-SignedHeaders=host&x-amz-checksum-crc32=AAAAAA%3D%3D&x-amz-sdk-checksum-algorithm=CRC32&x-amz-storage-class=INTELLIGENT_TIERING&x-id=PutObject "HTTP/1.1 200 OK"
component_importance_ranked.png: 100%|██████████| 118k/118k [00:00<00:00, 248kB/s]
2026-08-04 02:06:33,059 - INFO - HTTP Request: PUT https://hf-hub-lfs-us-east-1.s3-accelerate.amazonaws.com/repos/ef/87/ef870e8dc8265ff802cde7e48a97a6727cc657365929f58754efc9d0b87852b3/53afac9ff2799a7b3dad0c54260b66d4867a2bb92fe8ec573fff230a7f76cbe1?X-Amz-Algorithm=AWS4-HMAC-SHA256&X-Amz-Content-Sha256=UNSIGNED-PAYLOAD&X-Amz-Credential=AKIA2JU7TKAQOYY2AAUF%2F20260804%2Fus-east-1%2Fs3%2Faws4_request&X-Amz-Date=20260804T020628Z&X-Amz-Expires=900&X-Amz-Signature=f4c8cbb4c779c1b50e94dd4fa41a9cc94715a6e69ab48855c6c6db38ca10d1b6&X-Amz-SignedHeaders=host&x-amz-checksum-crc32=AAAAAA%3D%3D&x-amz-sdk-checksum-algorithm=CRC32&x-amz-storage-class=INTELLIGENT_TIERING&x-id=PutObject "HTTP/1.1 200 OK"
heatmap_layers_noising.png: 100%|██████████| 104k/104k [00:01<00:00, 94.2kB/s]
2026-08-04 02:06:33,087 - INFO - HTTP Request: PUT https://hf-hub-lfs-us-east-1.s3-accelerate.amazonaws.com/repos/ef/87/ef870e8dc8265ff802cde7e48a97a6727cc657365929f58754efc9d0b87852b3/6dba31cd80ef83a53fc0074d46f178f76ccc1e9eeeb9fe7e9ccd2888e0ee4332?X-Amz-Algorithm=AWS4-HMAC-SHA256&X-Amz-Content-Sha256=UNSIGNED-PAYLOAD&X-Amz-Credential=AKIA2JU7TKAQOYY2AAUF%2F20260804%2Fus-east-1%2Fs3%2Faws4_request&X-Amz-Date=20260804T020628Z&X-Amz-Expires=900&X-Amz-Signature=5cea03a39a484676c26518d7e86a7b823522e035579d22c1f952016b4d0fceb9&X-Amz-SignedHeaders=host&x-amz-checksum-crc32=AAAAAA%3D%3D&x-amz-sdk-checksum-algorithm=CRC32&x-amz-storage-class=INTELLIGENT_TIERING&x-id=PutObject "HTTP/1.1 200 OK"
cumulative_recovery.png: 100%|██████████| 108k/108k [00:00<00:00, 224kB/s]
2026-08-04 02:06:33,222 - INFO - HTTP Request: POST https://huggingface.co/datasets/unrulyabstractions/temporal-awareness.git/info/lfs/objects/verify "HTTP/1.1 200 OK"

difference_heatmap_layer.png:   0%|          | 0.00/146k [00:00<?, ?B/s][A2026-08-04 02:06:33,389 - INFO - HTTP Request: POST https://huggingface.co/datasets/unrulyabstractions/temporal-awareness.git/info/lfs/objects/verify "HTTP/1.1 200 OK"




Upload 114 LFS files:  16%|█▌        | 18/114 [00:04<00:22,  4.24it/s][A[A[A[A

noise_vs_denoise_per_component_layer.png:   0%|          | 0.00/211k [00:00<?, ?B/s][A[A2026-08-04 02:06:33,435 - INFO - HTTP Request: POST https://huggingface.co/datasets/unrulyabstractions/temporal-awareness.git/info/lfs/objects/verify "HTTP/1.1 200 OK"



noise_vs_denoise_per_component_position.png:   0%|          | 0.00/28.4k [00:00<?, ?B/s][A[A[A2026-08-04 02:06:33,501 - INFO - HTTP Request: POST https://huggingface.co/datasets/unrulyabstractions/temporal-awareness.git/info/lfs/objects/verify "HTTP/1.1 200 OK"




Upload 114 LFS files:  19%|█▉        | 22/114 [00:04<00:13,  6.71it/s][A[A[A[A




redundancy_gap.png:   0%|          | 0.00/96.3k [00:00<?, ?B/s][A[A[A[A[A2026-08-04 02:06:33,716 - INFO - HTTP Request: PUT https://hf-hub-lfs-us-east-1.s3-accelerate.amazonaws.com/repos/ef/87/ef870e8dc8265ff802cde7e48a97a6727cc657365929f58754efc9d0b87852b3/4a700b1ed94da001cc5283199931f28e132cab074d0eea21e26cc42eff4fa694?X-Amz-Algorithm=AWS4-HMAC-SHA256&X-Amz-Content-Sha256=UNSIGNED-PAYLOAD&X-Amz-Credential=AKIA2JU7TKAQOYY2AAUF%2F20260804%2Fus-east-1%2Fs3%2Faws4_request&X-Amz-Date=20260804T020628Z&X-Amz-Expires=900&X-Amz-Signature=d51add24f4a92e2a489797a41a64fe76fb33030ccc0bfb2234585b834815ee6b&X-Amz-SignedHeaders=host&x-amz-checksum-crc32=AAAAAA%3D%3D&x-amz-sdk-checksum-algorithm=CRC32&x-amz-storage-class=INTELLIGENT_TIERING&x-id=PutObject "HTTP/1.1 200 OK"
layer_component_interaction.png: 100%|██████████| 409k/409k [00:00<00:00, 608kB/s]
2026-08-04 02:06:33,810 - INFO - HTTP Request: PUT https://hf-hub-lfs-us-east-1.s3-accelerate.amazonaws.com/repos/ef/87/ef870e8dc8265ff802cde7e48a97a6727cc657365929f58754efc9d0b87852b3/4bf700336e4d7ddadcc52b4970c08d2580376ecc99304deb5328ea0c41cc6ab6?X-Amz-Algorithm=AWS4-HMAC-SHA256&X-Amz-Content-Sha256=UNSIGNED-PAYLOAD&X-Amz-Credential=AKIA2JU7TKAQOYY2AAUF%2F20260804%2Fus-east-1%2Fs3%2Faws4_request&X-Amz-Date=20260804T020628Z&X-Amz-Expires=900&X-Amz-Signature=d71052cce426fce6181a7cce30bdf5054d00719e3022f58035b93132a9b0d951&X-Amz-SignedHeaders=host&x-amz-checksum-crc32=AAAAAA%3D%3D&x-amz-sdk-checksum-algorithm=CRC32&x-amz-storage-class=INTELLIGENT_TIERING&x-id=PutObject "HTTP/1.1 200 OK"
noise_vs_denoise_per_component_position.png: 100%|██████████| 28.4k/28.4k [00:00<00:00, 75.7kB/s]
2026-08-04 02:06:33,959 - INFO - HTTP Request: PUT https://hf-hub-lfs-us-east-1.s3-accelerate.amazonaws.com/repos/ef/87/ef870e8dc8265ff802cde7e48a97a6727cc657365929f58754efc9d0b87852b3/def8c3d0106f9b93ddb6beb5f5d7582187dd38c5e9277f77727dcd52af27c8f7?X-Amz-Algorithm=AWS4-HMAC-SHA256&X-Amz-Content-Sha256=UNSIGNED-PAYLOAD&X-Amz-Credential=AKIA2JU7TKAQOYY2AAUF%2F20260804%2Fus-east-1%2Fs3%2Faws4_request&X-Amz-Date=20260804T020628Z&X-Amz-Expires=900&X-Amz-Signature=22aabc35fe30f8d914da82e0ea0efa234db32f540a20605be57f804299c83a30&X-Amz-SignedHeaders=host&x-amz-checksum-crc32=AAAAAA%3D%3D&x-amz-sdk-checksum-algorithm=CRC32&x-amz-storage-class=INTELLIGENT_TIERING&x-id=PutObject "HTTP/1.1 200 OK"
difference_heatmap_layer.png: 100%|██████████| 146k/146k [00:00<00:00, 198kB/s]
2026-08-04 02:06:34,003 - INFO - HTTP Request: POST https://huggingface.co/datasets/unrulyabstractions/temporal-awareness.git/info/lfs/objects/verify "HTTP/1.1 200 OK"
redundancy_gap_sorted.png:   0%|          | 0.00/85.2k [00:00<?, ?B/s]2026-08-04 02:06:34,022 - INFO - HTTP Request: PUT https://hf-hub-lfs-us-east-1.s3-accelerate.amazonaws.com/repos/ef/87/ef870e8dc8265ff802cde7e48a97a6727cc657365929f58754efc9d0b87852b3/7a9182ec1e985926a6781548d2da2a424b8c3ba2ddd7d821061d68bf901b968d?X-Amz-Algorithm=AWS4-HMAC-SHA256&X-Amz-Content-Sha256=UNSIGNED-PAYLOAD&X-Amz-Credential=AKIA2JU7TKAQOYY2AAUF%2F20260804%2Fus-east-1%2Fs3%2Faws4_request&X-Amz-Date=20260804T020628Z&X-Amz-Expires=900&X-Amz-Signature=7cd95378c0b548c1aaf8fd98db441daa22b56816fa80ecc95fb173ab92434fe0&X-Amz-SignedHeaders=host&x-amz-checksum-crc32=AAAAAA%3D%3D&x-amz-sdk-checksum-algorithm=CRC32&x-amz-storage-class=INTELLIGENT_TIERING&x-id=PutObject "HTTP/1.1 200 OK"
noise_vs_denoise_per_component_layer.png: 100%|██████████| 211k/211k [00:00<00:00, 334kB/s]
2026-08-04 02:06:34,129 - INFO - HTTP Request: POST https://huggingface.co/datasets/unrulyabstractions/temporal-awareness.git/info/lfs/objects/verify "HTTP/1.1 200 OK"

information_flow_diagram.png:   0%|          | 0.00/145k [00:00<?, ?B/s][A2026-08-04 02:06:34,143 - INFO - HTTP Request: PUT https://hf-hub-lfs-us-east-1.s3-accelerate.amazonaws.com/repos/ef/87/ef870e8dc8265ff802cde7e48a97a6727cc657365929f58754efc9d0b87852b3/a03f46642df640251292b15e8b26256f7f6bb24089649581537ff2fe7ca289d9?X-Amz-Algorithm=AWS4-HMAC-SHA256&X-Amz-Content-Sha256=UNSIGNED-PAYLOAD&X-Amz-Credential=AKIA2JU7TKAQOYY2AAUF%2F20260804%2Fus-east-1%2Fs3%2Faws4_request&X-Amz-Date=20260804T020628Z&X-Amz-Expires=900&X-Amz-Signature=fa6181b1102cba49269565cf749b16f41ce34c66497a48e161988f6f29455c4a&X-Amz-SignedHeaders=host&x-amz-checksum-crc32=AAAAAA%3D%3D&x-amz-sdk-checksum-algorithm=CRC32&x-amz-storage-class=INTELLIGENT_TIERING&x-id=PutObject "HTTP/1.1 200 OK"
redundancy_gap.png: 100%|██████████| 96.3k/96.3k [00:00<00:00, 150kB/s]
2026-08-04 02:06:34,278 - INFO - HTTP Request: POST https://huggingface.co/datasets/unrulyabstractions/temporal-awareness.git/info/lfs/objects/verify "HTTP/1.1 200 OK"




Upload 114 LFS files:  21%|██        | 24/114 [00:05<00:18,  4.90it/s][A[A[A[A

combined.png:   0%|          | 0.00/53.2k [00:00<?, ?B/s][A[A2026-08-04 02:06:34,301 - INFO - HTTP Request: POST https://huggingface.co/datasets/unrulyabstractions/temporal-awareness.git/info/lfs/objects/verify "HTTP/1.1 200 OK"



core.png:   0%|          | 0.00/210k [00:00<?, ?B/s][A[A[A2026-08-04 02:06:34,448 - INFO - HTTP Request: PUT https://hf-hub-lfs-us-east-1.s3-accelerate.amazonaws.com/repos/ef/87/ef870e8dc8265ff802cde7e48a97a6727cc657365929f58754efc9d0b87852b3/e7837acd82638793d9551e0212de28dad21b80edcb844e64a7ed8632a6001411?X-Amz-Algorithm=AWS4-HMAC-SHA256&X-Amz-Content-Sha256=UNSIGNED-PAYLOAD&X-Amz-Credential=AKIA2JU7TKAQOYY2AAUF%2F20260804%2Fus-east-1%2Fs3%2Faws4_request&X-Amz-Date=20260804T020628Z&X-Amz-Expires=900&X-Amz-Signature=57f343ab6149f1ecf5010efda0e46aca13cb4dfe46cc8ccab0db1ca25ae286c7&X-Amz-SignedHeaders=host&x-amz-checksum-crc32=AAAAAA%3D%3D&x-amz-sdk-checksum-algorithm=CRC32&x-amz-storage-class=INTELLIGENT_TIERING&x-id=PutObject "HTTP/1.1 200 OK"
redundancy_gap_sorted.png: 100%|██████████| 85.2k/85.2k [00:00<00:00, 191kB/s]
2026-08-04 02:06:34,582 - INFO - HTTP Request: PUT https://hf-hub-lfs-us-east-1.s3-accelerate.amazonaws.com/repos/ef/87/ef870e8dc8265ff802cde7e48a97a6727cc657365929f58754efc9d0b87852b3/f21c8bd644930f1ec5479be50d1b6d4024788fbfe433a67f015192ecd385a3ed?X-Amz-Algorithm=AWS4-HMAC-SHA256&X-Amz-Content-Sha256=UNSIGNED-PAYLOAD&X-Amz-Credential=AKIA2JU7TKAQOYY2AAUF%2F20260804%2Fus-east-1%2Fs3%2Faws4_request&X-Amz-Date=20260804T020628Z&X-Amz-Expires=900&X-Amz-Signature=d7a16eb3cd188953819b84aa6e44f8cfc2fec12b4711ce1ff566635bfec19fee&X-Amz-SignedHeaders=host&x-amz-checksum-crc32=AAAAAA%3D%3D&x-amz-sdk-checksum-algorithm=CRC32&x-amz-storage-class=INTELLIGENT_TIERING&x-id=PutObject "HTTP/1.1 200 OK"
information_flow_diagram.png: 100%|██████████| 145k/145k [00:00<00:00, 320kB/s]
2026-08-04 02:06:34,605 - INFO - HTTP Request: PUT https://hf-hub-lfs-us-east-1.s3-accelerate.amazonaws.com/repos/ef/87/ef870e8dc8265ff802cde7e48a97a6727cc657365929f58754efc9d0b87852b3/c5be71c1ae943ab05b75c4a4c2ed0249818a0fa962e7e3cb757c313286680f2c?X-Amz-Algorithm=AWS4-HMAC-SHA256&X-Amz-Content-Sha256=UNSIGNED-PAYLOAD&X-Amz-Credential=AKIA2JU7TKAQOYY2AAUF%2F20260804%2Fus-east-1%2Fs3%2Faws4_request&X-Amz-Date=20260804T020628Z&X-Amz-Expires=900&X-Amz-Signature=054f6de76694b3ed0f78b807a15a6e500fbd3c7c92623742b458d5db6bd22e5a&X-Amz-SignedHeaders=host&x-amz-checksum-crc32=AAAAAA%3D%3D&x-amz-sdk-checksum-algorithm=CRC32&x-amz-storage-class=INTELLIGENT_TIERING&x-id=PutObject "HTTP/1.1 200 OK"
combined.png: 100%|██████████| 53.2k/53.2k [00:00<00:00, 163kB/s]
2026-08-04 02:06:34,726 - INFO - HTTP Request: POST https://huggingface.co/datasets/unrulyabstractions/temporal-awareness.git/info/lfs/objects/verify "HTTP/1.1 200 OK"




Upload 114 LFS files:  24%|██▎       | 27/114 [00:06<00:16,  5.37it/s][A[A[A[Afork.png:   0%|          | 0.00/223k [00:00<?, ?B/s]2026-08-04 02:06:34,769 - INFO - HTTP Request: POST https://huggingface.co/datasets/unrulyabstractions/temporal-awareness.git/info/lfs/objects/verify "HTTP/1.1 200 OK"

logits.png:   0%|          | 0.00/337k [00:00<?, ?B/s][A2026-08-04 02:06:34,888 - INFO - HTTP Request: POST https://huggingface.co/datasets/unrulyabstractions/temporal-awareness.git/info/lfs/objects/verify "HTTP/1.1 200 OK"


probs.png:   0%|          | 0.00/218k [00:00<?, ?B/s][A[A2026-08-04 02:06:34,913 - INFO - HTTP Request: POST https://huggingface.co/datasets/unrulyabstractions/temporal-awareness.git/info/lfs/objects/verify "HTTP/1.1 200 OK"




Upload 114 LFS files:  25%|██▌       | 29/114 [00:06<00:13,  6.10it/s][A[A[A[A




trajectory.png:   0%|          | 0.00/230k [00:00<?, ?B/s][A[A[A[A[A2026-08-04 02:06:35,100 - INFO - HTTP Request: PUT https://hf-hub-lfs-us-east-1.s3-accelerate.amazonaws.com/repos/ef/87/ef870e8dc8265ff802cde7e48a97a6727cc657365929f58754efc9d0b87852b3/174cd8a57943d0fc3611d56a401cad88fe75e29292fd4d8043974dffa1556675?X-Amz-Algorithm=AWS4-HMAC-SHA256&X-Amz-Content-Sha256=UNSIGNED-PAYLOAD&X-Amz-Credential=AKIA2JU7TKAQOYY2AAUF%2F20260804%2Fus-east-1%2Fs3%2Faws4_request&X-Amz-Date=20260804T020628Z&X-Amz-Expires=900&X-Amz-Signature=7e1aca247b4e0d540a0a2af6d74b37a33389f8690122fe20aabe2cf3c3ac4eec&X-Amz-SignedHeaders=host&x-amz-checksum-crc32=AAAAAA%3D%3D&x-amz-sdk-checksum-algorithm=CRC32&x-amz-storage-class=INTELLIGENT_TIERING&x-id=PutObject "HTTP/1.1 200 OK"
core.png: 100%|██████████| 210k/210k [00:00<00:00, 263kB/s]
2026-08-04 02:06:35,364 - INFO - HTTP Request: PUT https://hf-hub-lfs-us-east-1.s3-accelerate.amazonaws.com/repos/ef/87/ef870e8dc8265ff802cde7e48a97a6727cc657365929f58754efc9d0b87852b3/8ea777318e23b59e1b0cffbb5c9273c27d6a8d549cad542c2f610b3216f821ac?X-Amz-Algorithm=AWS4-HMAC-SHA256&X-Amz-Content-Sha256=UNSIGNED-PAYLOAD&X-Amz-Credential=AKIA2JU7TKAQOYY2AAUF%2F20260804%2Fus-east-1%2Fs3%2Faws4_request&X-Amz-Date=20260804T020628Z&X-Amz-Expires=900&X-Amz-Signature=c6342d65acefd4ffbc089f8a2da644d2a4c265936aaa2f333060faf4ab922741&X-Amz-SignedHeaders=host&x-amz-checksum-crc32=AAAAAA%3D%3D&x-amz-sdk-checksum-algorithm=CRC32&x-amz-storage-class=INTELLIGENT_TIERING&x-id=PutObject "HTTP/1.1 200 OK"
logits.png: 100%|██████████| 337k/337k [00:00<00:00, 566kB/s]
2026-08-04 02:06:35,368 - INFO - HTTP Request: PUT https://hf-hub-lfs-us-east-1.s3-accelerate.amazonaws.com/repos/ef/87/ef870e8dc8265ff802cde7e48a97a6727cc657365929f58754efc9d0b87852b3/a4dae2e587bbb370f81c3362ff54ee9dd0088a9bbcd4aff1bd2850ecd92d9ab1?X-Amz-Algorithm=AWS4-HMAC-SHA256&X-Amz-Content-Sha256=UNSIGNED-PAYLOAD&X-Amz-Credential=AKIA2JU7TKAQOYY2AAUF%2F20260804%2Fus-east-1%2Fs3%2Faws4_request&X-Amz-Date=20260804T020628Z&X-Amz-Expires=900&X-Amz-Signature=a8cfce246cfeef26be0893c22930c8b42d2ee0e71326f8f12a7265000e07634c&X-Amz-SignedHeaders=host&x-amz-checksum-crc32=AAAAAA%3D%3D&x-amz-sdk-checksum-algorithm=CRC32&x-amz-storage-class=INTELLIGENT_TIERING&x-id=PutObject "HTTP/1.1 200 OK"
probs.png: 100%|██████████| 218k/218k [00:00<00:00, 455kB/s]
2026-08-04 02:06:35,419 - INFO - HTTP Request: POST https://huggingface.co/datasets/unrulyabstractions/temporal-awareness.git/info/lfs/objects/verify "HTTP/1.1 200 OK"
2026-08-04 02:06:35,420 - INFO - HTTP Request: PUT https://hf-hub-lfs-us-east-1.s3-accelerate.amazonaws.com/repos/ef/87/ef870e8dc8265ff802cde7e48a97a6727cc657365929f58754efc9d0b87852b3/dbd6f677076ae6609ee563e10cbcbc17119c519332ff2509c4846a15224ef859?X-Amz-Algorithm=AWS4-HMAC-SHA256&X-Amz-Content-Sha256=UNSIGNED-PAYLOAD&X-Amz-Credential=AKIA2JU7TKAQOYY2AAUF%2F20260804%2Fus-east-1%2Fs3%2Faws4_request&X-Amz-Date=20260804T020628Z&X-Amz-Expires=900&X-Amz-Signature=355a842e835806fcb212d981d37b2da94112c38ac089f42618dec674815f4d8a&X-Amz-SignedHeaders=host&x-amz-checksum-crc32=AAAAAA%3D%3D&x-amz-sdk-checksum-algorithm=CRC32&x-amz-storage-class=INTELLIGENT_TIERING&x-id=PutObject "HTTP/1.1 200 OK"
trajectory.png: 100%|██████████| 230k/230k [00:00<00:00, 454kB/s]




Upload 114 LFS files:  27%|██▋       | 31/114 [00:06<00:15,  5.36it/s][A[A[A[A
vocab.png:   0%|          | 0.00/217k [00:00<?, ?B/s][A2026-08-04 02:06:35,590 - INFO - HTTP Request: PUT https://hf-hub-lfs-us-east-1.s3-accelerate.amazonaws.com/repos/ef/87/ef870e8dc8265ff802cde7e48a97a6727cc657365929f58754efc9d0b87852b3/3a6018cf89c778aace17a432182933e84b181ab77043f952a572257dbbe5c1f8?X-Amz-Algorithm=AWS4-HMAC-SHA256&X-Amz-Content-Sha256=UNSIGNED-PAYLOAD&X-Amz-Credential=AKIA2JU7TKAQOYY2AAUF%2F20260804%2Fus-east-1%2Fs3%2Faws4_request&X-Amz-Date=20260804T020628Z&X-Amz-Expires=900&X-Amz-Signature=eda0c2098731255d3ecbd5486085a328376064e8e7bd7880d7783396757f7850&X-Amz-SignedHeaders=host&x-amz-checksum-crc32=AAAAAA%3D%3D&x-amz-sdk-checksum-algorithm=CRC32&x-amz-storage-class=INTELLIGENT_TIERING&x-id=PutObject "HTTP/1.1 200 OK"
fork.png: 100%|██████████| 223k/223k [00:00<00:00, 259kB/s]
2026-08-04 02:06:35,701 - INFO - HTTP Request: POST https://huggingface.co/datasets/unrulyabstractions/temporal-awareness.git/info/lfs/objects/verify "HTTP/1.1 200 OK"
combined.png:   0%|          | 0.00/53.1k [00:00<?, ?B/s]2026-08-04 02:06:35,704 - INFO - HTTP Request: POST https://huggingface.co/datasets/unrulyabstractions/temporal-awareness.git/info/lfs/objects/verify "HTTP/1.1 200 OK"


core.png:   0%|          | 0.00/221k [00:00<?, ?B/s][A[A2026-08-04 02:06:35,708 - INFO - HTTP Request: POST https://huggingface.co/datasets/unrulyabstractions/temporal-awareness.git/info/lfs/objects/verify "HTTP/1.1 200 OK"



fork.png:   0%|          | 0.00/107k [00:00<?, ?B/s][A[A[A2026-08-04 02:06:35,894 - INFO - HTTP Request: PUT https://hf-hub-lfs-us-east-1.s3-accelerate.amazonaws.com/repos/ef/87/ef870e8dc8265ff802cde7e48a97a6727cc657365929f58754efc9d0b87852b3/5807be2b2cb1726433ee8d153ac1a9bd01f4985b8057c01e3605c2571e80ecab?X-Amz-Algorithm=AWS4-HMAC-SHA256&X-Amz-Content-Sha256=UNSIGNED-PAYLOAD&X-Amz-Credential=AKIA2JU7TKAQOYY2AAUF%2F20260804%2Fus-east-1%2Fs3%2Faws4_request&X-Amz-Date=20260804T020628Z&X-Amz-Expires=900&X-Amz-Signature=7e4f57048b965beaf5f9d79c98f65ea41a29bc1bd2c98b1c78fdb0d4c9404cb8&X-Amz-SignedHeaders=host&x-amz-checksum-crc32=AAAAAA%3D%3D&x-amz-sdk-checksum-algorithm=CRC32&x-amz-storage-class=INTELLIGENT_TIERING&x-id=PutObject "HTTP/1.1 200 OK"
vocab.png: 100%|██████████| 217k/217k [00:00<00:00, 460kB/s]
2026-08-04 02:06:35,900 - INFO - HTTP Request: POST https://huggingface.co/datasets/unrulyabstractions/temporal-awareness.git/info/lfs/objects/verify "HTTP/1.1 200 OK"




Upload 114 LFS files:  28%|██▊       | 32/114 [00:07<00:19,  4.31it/s][A[A[A[A
logits.png:   0%|          | 0.00/366k [00:00<?, ?B/s][A2026-08-04 02:06:36,035 - INFO - HTTP Request: PUT https://hf-hub-lfs-us-east-1.s3-accelerate.amazonaws.com/repos/ef/87/ef870e8dc8265ff802cde7e48a97a6727cc657365929f58754efc9d0b87852b3/66186eecb79deca0098c958b032cc8f5bcfdc128000b1461a31fdb9220acbeba?X-Amz-Algorithm=AWS4-HMAC-SHA256&X-Amz-Content-Sha256=UNSIGNED-PAYLOAD&X-Amz-Credential=AKIA2JU7TKAQOYY2AAUF%2F20260804%2Fus-east-1%2Fs3%2Faws4_request&X-Amz-Date=20260804T020628Z&X-Amz-Expires=900&X-Amz-Signature=d665633b3af1c6b1e0bde5888e63f1ca7b1f57fa00acf0991ea0286c5a322705&X-Amz-SignedHeaders=host&x-amz-checksum-crc32=AAAAAA%3D%3D&x-amz-sdk-checksum-algorithm=CRC32&x-amz-storage-class=INTELLIGENT_TIERING&x-id=PutObject "HTTP/1.1 200 OK"
combined.png: 100%|██████████| 53.1k/53.1k [00:00<00:00, 159kB/s]
2026-08-04 02:06:36,094 - INFO - HTTP Request: PUT https://hf-hub-lfs-us-east-1.s3-accelerate.amazonaws.com/repos/ef/87/ef870e8dc8265ff802cde7e48a97a6727cc657365929f58754efc9d0b87852b3/d4c1dc9b07c56b7d7bb91a72861a04247096b1903cefa7ab6f052f3a1c24c7d4?X-Amz-Algorithm=AWS4-HMAC-SHA256&X-Amz-Content-Sha256=UNSIGNED-PAYLOAD&X-Amz-Credential=AKIA2JU7TKAQOYY2AAUF%2F20260804%2Fus-east-1%2Fs3%2Faws4_request&X-Amz-Date=20260804T020628Z&X-Amz-Expires=900&X-Amz-Signature=10bc70897d57f42188cf526d7132d85c5398d5f4a71ff5bc190f50a65e1df442&X-Amz-SignedHeaders=host&x-amz-checksum-crc32=AAAAAA%3D%3D&x-amz-sdk-checksum-algorithm=CRC32&x-amz-storage-class=INTELLIGENT_TIERING&x-id=PutObject "HTTP/1.1 200 OK"
fork.png: 100%|██████████| 107k/107k [00:00<00:00, 277kB/s]
2026-08-04 02:06:36,213 - INFO - HTTP Request: POST https://huggingface.co/datasets/unrulyabstractions/temporal-awareness.git/info/lfs/objects/verify "HTTP/1.1 200 OK"




Upload 114 LFS files:  32%|███▏      | 36/114 [00:07<00:12,  6.25it/s][A[A[A[Aprobs.png:   0%|          | 0.00/173k [00:00<?, ?B/s]2026-08-04 02:06:36,323 - INFO - HTTP Request: POST https://huggingface.co/datasets/unrulyabstractions/temporal-awareness.git/info/lfs/objects/verify "HTTP/1.1 200 OK"




Upload 114 LFS files:  32%|███▏      | 37/114 [00:07<00:11,  6.55it/s][A[A[A[A


trajectory.png:   0%|          | 0.00/215k [00:00<?, ?B/s][A[A[A2026-08-04 02:06:36,391 - INFO - HTTP Request: PUT https://hf-hub-lfs-us-east-1.s3-accelerate.amazonaws.com/repos/ef/87/ef870e8dc8265ff802cde7e48a97a6727cc657365929f58754efc9d0b87852b3/ccbe2cadad632c39e8e4d63f9ee4049eca7fd1a7638b53759cb3ce3960467e5b?X-Amz-Algorithm=AWS4-HMAC-SHA256&X-Amz-Content-Sha256=UNSIGNED-PAYLOAD&X-Amz-Credential=AKIA2JU7TKAQOYY2AAUF%2F20260804%2Fus-east-1%2Fs3%2Faws4_request&X-Amz-Date=20260804T020628Z&X-Amz-Expires=900&X-Amz-Signature=0c8eb023b5f9fedfdc6f47fec81def457855aaf74c854e7c9592e63443d327c8&X-Amz-SignedHeaders=host&x-amz-checksum-crc32=AAAAAA%3D%3D&x-amz-sdk-checksum-algorithm=CRC32&x-amz-storage-class=INTELLIGENT_TIERING&x-id=PutObject "HTTP/1.1 200 OK"
core.png: 100%|██████████| 221k/221k [00:00<00:00, 322kB/s]
2026-08-04 02:06:36,404 - INFO - HTTP Request: POST https://huggingface.co/datasets/unrulyabstractions/temporal-awareness.git/info/lfs/objects/verify "HTTP/1.1 200 OK"


vocab.png:   0%|          | 0.00/103k [00:00<?, ?B/s][A[A2026-08-04 02:06:36,412 - INFO - HTTP Request: PUT https://hf-hub-lfs-us-east-1.s3-accelerate.amazonaws.com/repos/ef/87/ef870e8dc8265ff802cde7e48a97a6727cc657365929f58754efc9d0b87852b3/90601f68560d17187be52d4e142c5c947a782a86d470b266a8c348aedffa7b88?X-Amz-Algorithm=AWS4-HMAC-SHA256&X-Amz-Content-Sha256=UNSIGNED-PAYLOAD&X-Amz-Credential=AKIA2JU7TKAQOYY2AAUF%2F20260804%2Fus-east-1%2Fs3%2Faws4_request&X-Amz-Date=20260804T020628Z&X-Amz-Expires=900&X-Amz-Signature=d5337e73523fe3be9101784100e8db73ae9cff4802249029e34ee7b9af277cda&X-Amz-SignedHeaders=host&x-amz-checksum-crc32=AAAAAA%3D%3D&x-amz-sdk-checksum-algorithm=CRC32&x-amz-storage-class=INTELLIGENT_TIERING&x-id=PutObject "HTTP/1.1 200 OK"
logits.png: 100%|██████████| 366k/366k [00:00<00:00, 718kB/s]
2026-08-04 02:06:36,720 - INFO - HTTP Request: POST https://huggingface.co/datasets/unrulyabstractions/temporal-awareness.git/info/lfs/objects/verify "HTTP/1.1 200 OK"




Upload 114 LFS files:  33%|███▎      | 38/114 [00:08<00:14,  5.15it/s][A[A[A[A
combined.png:   0%|          | 0.00/54.4k [00:00<?, ?B/s][A2026-08-04 02:06:36,724 - INFO - HTTP Request: PUT https://hf-hub-lfs-us-east-1.s3-accelerate.amazonaws.com/repos/ef/87/ef870e8dc8265ff802cde7e48a97a6727cc657365929f58754efc9d0b87852b3/0ba3a8bf3a11feff1a5c3c60aa08dd085927d4d8ed33bc02467758854e07f70b?X-Amz-Algorithm=AWS4-HMAC-SHA256&X-Amz-Content-Sha256=UNSIGNED-PAYLOAD&X-Amz-Credential=AKIA2JU7TKAQOYY2AAUF%2F20260804%2Fus-east-1%2Fs3%2Faws4_request&X-Amz-Date=20260804T020628Z&X-Amz-Expires=900&X-Amz-Signature=8ec305b87a58b71bb50c8934e9f80e9bb29878541ceeec9410193fdd9e77494d&X-Amz-SignedHeaders=host&x-amz-checksum-crc32=AAAAAA%3D%3D&x-amz-sdk-checksum-algorithm=CRC32&x-amz-storage-class=INTELLIGENT_TIERING&x-id=PutObject "HTTP/1.1 200 OK"
probs.png: 100%|██████████| 173k/173k [00:00<00:00, 339kB/s]
2026-08-04 02:06:36,745 - INFO - HTTP Request: POST https://huggingface.co/datasets/unrulyabstractions/temporal-awareness.git/info/lfs/objects/verify "HTTP/1.1 200 OK"
core.png:   0%|          | 0.00/170k [00:00<?, ?B/s]2026-08-04 02:06:36,765 - INFO - HTTP Request: PUT https://hf-hub-lfs-us-east-1.s3-accelerate.amazonaws.com/repos/ef/87/ef870e8dc8265ff802cde7e48a97a6727cc657365929f58754efc9d0b87852b3/0ba2b6d0599f9486691a392555fe7c4b46e46c7396bb62aed717739e1b4b6920?X-Amz-Algorithm=AWS4-HMAC-SHA256&X-Amz-Content-Sha256=UNSIGNED-PAYLOAD&X-Amz-Credential=AKIA2JU7TKAQOYY2AAUF%2F20260804%2Fus-east-1%2Fs3%2Faws4_request&X-Amz-Date=20260804T020628Z&X-Amz-Expires=900&X-Amz-Signature=98ced3ffc65f77c44a662fc722090ccc3a6f573fb3d66dfd8047604b1c33a200&X-Amz-SignedHeaders=host&x-amz-checksum-crc32=AAAAAA%3D%3D&x-amz-sdk-checksum-algorithm=CRC32&x-amz-storage-class=INTELLIGENT_TIERING&x-id=PutObject "HTTP/1.1 200 OK"
vocab.png: 100%|██████████| 103k/103k [00:00<00:00, 288kB/s]
2026-08-04 02:06:36,832 - INFO - HTTP Request: PUT https://hf-hub-lfs-us-east-1.s3-accelerate.amazonaws.com/repos/ef/87/ef870e8dc8265ff802cde7e48a97a6727cc657365929f58754efc9d0b87852b3/f8c050561a0c1ac7681e276e0176c3716a9a5f2da89e6a915a24a4ef85fffe22?X-Amz-Algorithm=AWS4-HMAC-SHA256&X-Amz-Content-Sha256=UNSIGNED-PAYLOAD&X-Amz-Credential=AKIA2JU7TKAQOYY2AAUF%2F20260804%2Fus-east-1%2Fs3%2Faws4_request&X-Amz-Date=20260804T020628Z&X-Amz-Expires=900&X-Amz-Signature=15a09b9a370975f83c8bd7fec6d36d8b1afec7d4f27215770af07af97660463b&X-Amz-SignedHeaders=host&x-amz-checksum-crc32=AAAAAA%3D%3D&x-amz-sdk-checksum-algorithm=CRC32&x-amz-storage-class=INTELLIGENT_TIERING&x-id=PutObject "HTTP/1.1 200 OK"
trajectory.png: 100%|██████████| 215k/215k [00:00<00:00, 423kB/s]
2026-08-04 02:06:37,017 - INFO - HTTP Request: POST https://huggingface.co/datasets/unrulyabstractions/temporal-awareness.git/info/lfs/objects/verify "HTTP/1.1 200 OK"




Upload 114 LFS files:  36%|███▌      | 41/114 [00:08<00:11,  6.49it/s][A[A[A[A

fork.png:   0%|          | 0.00/178k [00:00<?, ?B/s][A[A2026-08-04 02:06:37,051 - INFO - HTTP Request: PUT https://hf-hub-lfs-us-east-1.s3-accelerate.amazonaws.com/repos/ef/87/ef870e8dc8265ff802cde7e48a97a6727cc657365929f58754efc9d0b87852b3/66f2a552668e3b00911566920a3ec3e21e7d39fe68995cfd39f739a63ca33aca?X-Amz-Algorithm=AWS4-HMAC-SHA256&X-Amz-Content-Sha256=UNSIGNED-PAYLOAD&X-Amz-Credential=AKIA2JU7TKAQOYY2AAUF%2F20260804%2Fus-east-1%2Fs3%2Faws4_request&X-Amz-Date=20260804T020628Z&X-Amz-Expires=900&X-Amz-Signature=35925362e1a32397c72334d0d32f9ce6f25909f9c0536c701992130dac5180bb&X-Amz-SignedHeaders=host&x-amz-checksum-crc32=AAAAAA%3D%3D&x-amz-sdk-checksum-algorithm=CRC32&x-amz-storage-class=INTELLIGENT_TIERING&x-id=PutObject "HTTP/1.1 200 OK"
combined.png: 100%|██████████| 54.4k/54.4k [00:00<00:00, 165kB/s]
2026-08-04 02:06:37,089 - INFO - HTTP Request: POST https://huggingface.co/datasets/unrulyabstractions/temporal-awareness.git/info/lfs/objects/verify "HTTP/1.1 200 OK"

logits.png:   0%|          | 0.00/269k [00:00<?, ?B/s][A2026-08-04 02:06:37,159 - INFO - HTTP Request: PUT https://hf-hub-lfs-us-east-1.s3-accelerate.amazonaws.com/repos/ef/87/ef870e8dc8265ff802cde7e48a97a6727cc657365929f58754efc9d0b87852b3/9a1265f30660aa6a2de770d95ae07dde10f9243c80018589f9b8aa5ccf6c6512?X-Amz-Algorithm=AWS4-HMAC-SHA256&X-Amz-Content-Sha256=UNSIGNED-PAYLOAD&X-Amz-Credential=AKIA2JU7TKAQOYY2AAUF%2F20260804%2Fus-east-1%2Fs3%2Faws4_request&X-Amz-Date=20260804T020628Z&X-Amz-Expires=900&X-Amz-Signature=210bd8804f635afb3877abe96a8055e7199e83a19b48b0c41d5094a655eb2024&X-Amz-SignedHeaders=host&x-amz-checksum-crc32=AAAAAA%3D%3D&x-amz-sdk-checksum-algorithm=CRC32&x-amz-storage-class=INTELLIGENT_TIERING&x-id=PutObject "HTTP/1.1 200 OK"
core.png: 100%|██████████| 170k/170k [00:00<00:00, 412kB/s]
2026-08-04 02:06:37,205 - INFO - HTTP Request: POST https://huggingface.co/datasets/unrulyabstractions/temporal-awareness.git/info/lfs/objects/verify "HTTP/1.1 200 OK"




Upload 114 LFS files:  37%|███▋      | 42/114 [00:08<00:11,  6.26it/s][A[A[A[Aprobs.png:   0%|          | 0.00/179k [00:00<?, ?B/s]2026-08-04 02:06:37,379 - INFO - HTTP Request: POST https://huggingface.co/datasets/unrulyabstractions/temporal-awareness.git/info/lfs/objects/verify "HTTP/1.1 200 OK"




Upload 114 LFS files:  39%|███▊      | 44/114 [00:08<00:09,  7.33it/s][A[A[A[A


trajectory.png:   0%|          | 0.00/206k [00:00<?, ?B/s][A[A[A2026-08-04 02:06:37,430 - INFO - HTTP Request: PUT https://hf-hub-lfs-us-east-1.s3-accelerate.amazonaws.com/repos/ef/87/ef870e8dc8265ff802cde7e48a97a6727cc657365929f58754efc9d0b87852b3/ce4f810af7e9b0785b6ee2c04646eb80bd32ea81a0e53df88d5db019932880ff?X-Amz-Algorithm=AWS4-HMAC-SHA256&X-Amz-Content-Sha256=UNSIGNED-PAYLOAD&X-Amz-Credential=AKIA2JU7TKAQOYY2AAUF%2F20260804%2Fus-east-1%2Fs3%2Faws4_request&X-Amz-Date=20260804T020628Z&X-Amz-Expires=900&X-Amz-Signature=15d6b1b7da32684da218c4f51dc4774a6134d47c52c65d88d3156f3341e1a5d2&X-Amz-SignedHeaders=host&x-amz-checksum-crc32=AAAAAA%3D%3D&x-amz-sdk-checksum-algorithm=CRC32&x-amz-storage-class=INTELLIGENT_TIERING&x-id=PutObject "HTTP/1.1 200 OK"
fork.png: 100%|██████████| 178k/178k [00:00<00:00, 432kB/s]
2026-08-04 02:06:37,459 - INFO - HTTP Request: POST https://huggingface.co/datasets/unrulyabstractions/temporal-awareness.git/info/lfs/objects/verify "HTTP/1.1 200 OK"


vocab.png:   0%|          | 0.00/183k [00:00<?, ?B/s][A[A2026-08-04 02:06:37,536 - INFO - HTTP Request: PUT https://hf-hub-lfs-us-east-1.s3-accelerate.amazonaws.com/repos/ef/87/ef870e8dc8265ff802cde7e48a97a6727cc657365929f58754efc9d0b87852b3/d1a612f1c14872666323fad0341fd595a445724a1521b5a1f24fdcaf4fd87111?X-Amz-Algorithm=AWS4-HMAC-SHA256&X-Amz-Content-Sha256=UNSIGNED-PAYLOAD&X-Amz-Credential=AKIA2JU7TKAQOYY2AAUF%2F20260804%2Fus-east-1%2Fs3%2Faws4_request&X-Amz-Date=20260804T020628Z&X-Amz-Expires=900&X-Amz-Signature=c3fe3b7b994653d8ae1b6f95920bb5961d9d878496231a75e6562861f102ece1&X-Amz-SignedHeaders=host&x-amz-checksum-crc32=AAAAAA%3D%3D&x-amz-sdk-checksum-algorithm=CRC32&x-amz-storage-class=INTELLIGENT_TIERING&x-id=PutObject "HTTP/1.1 200 OK"
logits.png: 100%|██████████| 269k/269k [00:00<00:00, 602kB/s]
2026-08-04 02:06:37,828 - INFO - HTTP Request: POST https://huggingface.co/datasets/unrulyabstractions/temporal-awareness.git/info/lfs/objects/verify "HTTP/1.1 200 OK"




Upload 114 LFS files:  40%|████      | 46/114 [00:09<00:11,  6.09it/s][A[A[A[A
combined.png:   0%|          | 0.00/54.2k [00:00<?, ?B/s][A2026-08-04 02:06:37,855 - INFO - HTTP Request: POST https://huggingface.co/datasets/unrulyabstractions/temporal-awareness.git/info/lfs/objects/verify "HTTP/1.1 200 OK"
2026-08-04 02:06:37,856 - INFO - HTTP Request: PUT https://hf-hub-lfs-us-east-1.s3-accelerate.amazonaws.com/repos/ef/87/ef870e8dc8265ff802cde7e48a97a6727cc657365929f58754efc9d0b87852b3/5bef992063415207da1650ff7281ce3f9591a74819419edd7d00f73ed1794098?X-Amz-Algorithm=AWS4-HMAC-SHA256&X-Amz-Content-Sha256=UNSIGNED-PAYLOAD&X-Amz-Credential=AKIA2JU7TKAQOYY2AAUF%2F20260804%2Fus-east-1%2Fs3%2Faws4_request&X-Amz-Date=20260804T020628Z&X-Amz-Expires=900&X-Amz-Signature=85b9b46c8009b1c252a493d22c9a93e01fddc29d3ecaad1fa1b9b0edc91138c6&X-Amz-SignedHeaders=host&x-amz-checksum-crc32=AAAAAA%3D%3D&x-amz-sdk-checksum-algorithm=CRC32&x-amz-storage-class=INTELLIGENT_TIERING&x-id=PutObject "HTTP/1.1 200 OK"





core.png:   0%|          | 0.00/187k [00:00<?, ?B/s]2026-08-04 02:06:37,858 - INFO - HTTP Request: PUT https://hf-hub-lfs-us-east-1.s3-accelerate.amazonaws.com/repos/ef/87/ef870e8dc8265ff802cde7e48a97a6727cc657365929f58754efc9d0b87852b3/ef494bcf08910b80497be55d9703cb559774cd69399f62d3c80f8a2bba457752?X-Amz-Algorithm=AWS4-HMAC-SHA256&X-Amz-Content-Sha256=UNSIGNED-PAYLOAD&X-Amz-Credential=AKIA2JU7TKAQOYY2AAUF%2F20260804%2Fus-east-1%2Fs3%2Faws4_request&X-Amz-Date=20260804T020628Z&X-Amz-Expires=900&X-Amz-Signature=dff067b39b7f749cde1659b1c706e268b007b4c8f73fa1a0499e27a296074361&X-Amz-SignedHeaders=host&x-amz-checksum-crc32=AAAAAA%3D%3D&x-amz-sdk-checksum-algorithm=CRC32&x-amz-storage-class=INTELLIGENT_TIERING&x-id=PutObject "HTTP/1.1 200 OK"
[A[A[A[A[Aprobs.png: 100%|██████████| 179k/179k [00:00<00:00, 274kB/s]
trajectory.png: 100%|██████████| 206k/206k [00:00<00:00, 429kB/s]
2026-08-04 02:06:37,877 - INFO - HTTP Request: PUT https://hf-hub-lfs-us-east-1.s3-accelerate.amazonaws.com/repos/ef/87/ef870e8dc8265ff802cde7e48a97a6727cc657365929f58754efc9d0b87852b3/d2eabce1d19fc9848aa64a6d9d61349c0e1a1b748ddf6087312323da45970b08?X-Amz-Algorithm=AWS4-HMAC-SHA256&X-Amz-Content-Sha256=UNSIGNED-PAYLOAD&X-Amz-Credential=AKIA2JU7TKAQOYY2AAUF%2F20260804%2Fus-east-1%2Fs3%2Faws4_request&X-Amz-Date=20260804T020628Z&X-Amz-Expires=900&X-Amz-Signature=e41591e55c557822eaae177af12c427d69817242a7deb2052ab41af389622627&X-Amz-SignedHeaders=host&x-amz-checksum-crc32=AAAAAA%3D%3D&x-amz-sdk-checksum-algorithm=CRC32&x-amz-storage-class=INTELLIGENT_TIERING&x-id=PutObject "HTTP/1.1 200 OK"
vocab.png: 100%|██████████| 183k/183k [00:00<00:00, 439kB/s]
2026-08-04 02:06:38,141 - INFO - HTTP Request: POST https://huggingface.co/datasets/unrulyabstractions/temporal-awareness.git/info/lfs/objects/verify "HTTP/1.1 200 OK"




Upload 114 LFS files:  42%|████▏     | 48/114 [00:09<00:10,  6.18it/s][A[A[A[Afork.png:   0%|          | 0.00/165k [00:00<?, ?B/s]2026-08-04 02:06:38,148 - INFO - HTTP Request: POST https://huggingface.co/datasets/unrulyabstractions/temporal-awareness.git/info/lfs/objects/verify "HTTP/1.1 200 OK"


logits.png:   0%|          | 0.00/260k [00:00<?, ?B/s][A[A2026-08-04 02:06:38,155 - INFO - HTTP Request: PUT https://hf-hub-lfs-us-east-1.s3-accelerate.amazonaws.com/repos/ef/87/ef870e8dc8265ff802cde7e48a97a6727cc657365929f58754efc9d0b87852b3/590f660b6e4e3603365e83bfaa89e3d507d2558e7c993a5e04e460b38fe3f570?X-Amz-Algorithm=AWS4-HMAC-SHA256&X-Amz-Content-Sha256=UNSIGNED-PAYLOAD&X-Amz-Credential=AKIA2JU7TKAQOYY2AAUF%2F20260804%2Fus-east-1%2Fs3%2Faws4_request&X-Amz-Date=20260804T020628Z&X-Amz-Expires=900&X-Amz-Signature=65905b8520ce5b43a9c3ea50fa232df70872467fdbd1e988184adb325e8792c8&X-Amz-SignedHeaders=host&x-amz-checksum-crc32=AAAAAA%3D%3D&x-amz-sdk-checksum-algorithm=CRC32&x-amz-storage-class=INTELLIGENT_TIERING&x-id=PutObject "HTTP/1.1 200 OK"
combined.png: 100%|██████████| 54.2k/54.2k [00:00<00:00, 167kB/s]
2026-08-04 02:06:38,205 - INFO - HTTP Request: POST https://huggingface.co/datasets/unrulyabstractions/temporal-awareness.git/info/lfs/objects/verify "HTTP/1.1 200 OK"

probs.png:   0%|          | 0.00/172k [00:00<?, ?B/s][A2026-08-04 02:06:38,341 - INFO - HTTP Request: PUT https://hf-hub-lfs-us-east-1.s3-accelerate.amazonaws.com/repos/ef/87/ef870e8dc8265ff802cde7e48a97a6727cc657365929f58754efc9d0b87852b3/45c188c5b8bf9676cd61af1c1968fd54fe199a992ba256441ea28e9eeb79e859?X-Amz-Algorithm=AWS4-HMAC-SHA256&X-Amz-Content-Sha256=UNSIGNED-PAYLOAD&X-Amz-Credential=AKIA2JU7TKAQOYY2AAUF%2F20260804%2Fus-east-1%2Fs3%2Faws4_request&X-Amz-Date=20260804T020628Z&X-Amz-Expires=900&X-Amz-Signature=49dd36c92168ac6bd0f476aa53b8947c90044daa3a544860d65a40c370644563&X-Amz-SignedHeaders=host&x-amz-checksum-crc32=AAAAAA%3D%3D&x-amz-sdk-checksum-algorithm=CRC32&x-amz-storage-class=INTELLIGENT_TIERING&x-id=PutObject "HTTP/1.1 200 OK"
core.png: 100%|██████████| 187k/187k [00:00<00:00, 388kB/s]
2026-08-04 02:06:38,558 - INFO - HTTP Request: POST https://huggingface.co/datasets/unrulyabstractions/temporal-awareness.git/info/lfs/objects/verify "HTTP/1.1 200 OK"




Upload 114 LFS files:  45%|████▍     | 51/114 [00:09<00:09,  6.55it/s][A[A[A[A


trajectory.png:   0%|          | 0.00/194k [00:00<?, ?B/s][A[A[A2026-08-04 02:06:38,583 - INFO - HTTP Request: PUT https://hf-hub-lfs-us-east-1.s3-accelerate.amazonaws.com/repos/ef/87/ef870e8dc8265ff802cde7e48a97a6727cc657365929f58754efc9d0b87852b3/60a3123ca25588a550427a1406bc6d1daa76310aae671bd150c161b4de6969d3?X-Amz-Algorithm=AWS4-HMAC-SHA256&X-Amz-Content-Sha256=UNSIGNED-PAYLOAD&X-Amz-Credential=AKIA2JU7TKAQOYY2AAUF%2F20260804%2Fus-east-1%2Fs3%2Faws4_request&X-Amz-Date=20260804T020628Z&X-Amz-Expires=900&X-Amz-Signature=0cb4113fa544aca16ee519ee05749427ed0f8d8d71af62e85ef3a2fa8df04d63&X-Amz-SignedHeaders=host&x-amz-checksum-crc32=AAAAAA%3D%3D&x-amz-sdk-checksum-algorithm=CRC32&x-amz-storage-class=INTELLIGENT_TIERING&x-id=PutObject "HTTP/1.1 200 OK"
fork.png: 100%|██████████| 165k/165k [00:00<00:00, 374kB/s]
2026-08-04 02:06:38,595 - INFO - HTTP Request: PUT https://hf-hub-lfs-us-east-1.s3-accelerate.amazonaws.com/repos/ef/87/ef870e8dc8265ff802cde7e48a97a6727cc657365929f58754efc9d0b87852b3/928bda11dae2af21eb1034f7d8ecc4857b229a416e34a3b2d2866efc9baa48fd?X-Amz-Algorithm=AWS4-HMAC-SHA256&X-Amz-Content-Sha256=UNSIGNED-PAYLOAD&X-Amz-Credential=AKIA2JU7TKAQOYY2AAUF%2F20260804%2Fus-east-1%2Fs3%2Faws4_request&X-Amz-Date=20260804T020628Z&X-Amz-Expires=900&X-Amz-Signature=8c5b53a59a40773972ef2ebb64d1b5fe70389469128fd3b29ce171d6b43ac5e8&X-Amz-SignedHeaders=host&x-amz-checksum-crc32=AAAAAA%3D%3D&x-amz-sdk-checksum-algorithm=CRC32&x-amz-storage-class=INTELLIGENT_TIERING&x-id=PutObject "HTTP/1.1 200 OK"
probs.png: 100%|██████████| 172k/172k [00:00<00:00, 442kB/s]
2026-08-04 02:06:38,659 - INFO - HTTP Request: POST https://huggingface.co/datasets/unrulyabstractions/temporal-awareness.git/info/lfs/objects/verify "HTTP/1.1 200 OK"




Upload 114 LFS files:  46%|████▌     | 52/114 [00:10<00:08,  6.93it/s][A[A[A[Avocab.png:   0%|          | 0.00/168k [00:00<?, ?B/s]2026-08-04 02:06:38,881 - INFO - HTTP Request: POST https://huggingface.co/datasets/unrulyabstractions/temporal-awareness.git/info/lfs/objects/verify "HTTP/1.1 200 OK"




Upload 114 LFS files:  46%|████▋     | 53/114 [00:10<00:09,  6.29it/s][A[A[A[A
combined.png:   0%|          | 0.00/53.0k [00:00<?, ?B/s][A2026-08-04 02:06:38,928 - INFO - HTTP Request: POST https://huggingface.co/datasets/unrulyabstractions/temporal-awareness.git/info/lfs/objects/verify "HTTP/1.1 200 OK"





core.png:   0%|          | 0.00/216k [00:00<?, ?B/s][A[A[A[A[A2026-08-04 02:06:39,006 - INFO - HTTP Request: PUT https://hf-hub-lfs-us-east-1.s3-accelerate.amazonaws.com/repos/ef/87/ef870e8dc8265ff802cde7e48a97a6727cc657365929f58754efc9d0b87852b3/c33ce29c83fb434901567117cf05773a2f05b83759d9cf9b767b39c6fd4e49cd?X-Amz-Algorithm=AWS4-HMAC-SHA256&X-Amz-Content-Sha256=UNSIGNED-PAYLOAD&X-Amz-Credential=AKIA2JU7TKAQOYY2AAUF%2F20260804%2Fus-east-1%2Fs3%2Faws4_request&X-Amz-Date=20260804T020628Z&X-Amz-Expires=900&X-Amz-Signature=e9bc07a8892b84467c93cb9e612b380effe01ef858826d26bf6cb5c718bca730&X-Amz-SignedHeaders=host&x-amz-checksum-crc32=AAAAAA%3D%3D&x-amz-sdk-checksum-algorithm=CRC32&x-amz-storage-class=INTELLIGENT_TIERING&x-id=PutObject "HTTP/1.1 200 OK"
trajectory.png: 100%|██████████| 194k/194k [00:00<00:00, 434kB/s]
2026-08-04 02:06:39,039 - INFO - HTTP Request: PUT https://hf-hub-lfs-us-east-1.s3-accelerate.amazonaws.com/repos/ef/87/ef870e8dc8265ff802cde7e48a97a6727cc657365929f58754efc9d0b87852b3/ac2bd77f5d741909498b47d340517d9e4e9630845be0ee8ae96f179fb738a99e?X-Amz-Algorithm=AWS4-HMAC-SHA256&X-Amz-Content-Sha256=UNSIGNED-PAYLOAD&X-Amz-Credential=AKIA2JU7TKAQOYY2AAUF%2F20260804%2Fus-east-1%2Fs3%2Faws4_request&X-Amz-Date=20260804T020628Z&X-Amz-Expires=900&X-Amz-Signature=3eec831364dd88cc656730b4d9bd88ee5072dcd22bb23bc9218501ec1bb3e181&X-Amz-SignedHeaders=host&x-amz-checksum-crc32=AAAAAA%3D%3D&x-amz-sdk-checksum-algorithm=CRC32&x-amz-storage-class=INTELLIGENT_TIERING&x-id=PutObject "HTTP/1.1 200 OK"
vocab.png: 100%|██████████| 168k/168k [00:00<00:00, 443kB/s]
2026-08-04 02:06:39,053 - INFO - HTTP Request: PUT https://hf-hub-lfs-us-east-1.s3-accelerate.amazonaws.com/repos/ef/87/ef870e8dc8265ff802cde7e48a97a6727cc657365929f58754efc9d0b87852b3/c8f14e8f222ef17fdbb39349232adc105a123603e4a0181bb848175dba280e7d?X-Amz-Algorithm=AWS4-HMAC-SHA256&X-Amz-Content-Sha256=UNSIGNED-PAYLOAD&X-Amz-Credential=AKIA2JU7TKAQOYY2AAUF%2F20260804%2Fus-east-1%2Fs3%2Faws4_request&X-Amz-Date=20260804T020628Z&X-Amz-Expires=900&X-Amz-Signature=549894a15fe6f722a6d08b89f4d647428dd0654cf2f4707cb57e5df06d7c1e4d&X-Amz-SignedHeaders=host&x-amz-checksum-crc32=AAAAAA%3D%3D&x-amz-sdk-checksum-algorithm=CRC32&x-amz-storage-class=INTELLIGENT_TIERING&x-id=PutObject "HTTP/1.1 200 OK"
logits.png: 100%|██████████| 260k/260k [00:00<00:00, 288kB/s]
2026-08-04 02:06:39,194 - INFO - HTTP Request: PUT https://hf-hub-lfs-us-east-1.s3-accelerate.amazonaws.com/repos/ef/87/ef870e8dc8265ff802cde7e48a97a6727cc657365929f58754efc9d0b87852b3/591d1d709398935fbac5b6d740f6212d4a5ed64b294397f0a32c9a14204c551c?X-Amz-Algorithm=AWS4-HMAC-SHA256&X-Amz-Content-Sha256=UNSIGNED-PAYLOAD&X-Amz-Credential=AKIA2JU7TKAQOYY2AAUF%2F20260804%2Fus-east-1%2Fs3%2Faws4_request&X-Amz-Date=20260804T020628Z&X-Amz-Expires=900&X-Amz-Signature=e91d682c3d1f862aa4f105fa2cc5c2b2854f00e88394df1be8a811ae0713f544&X-Amz-SignedHeaders=host&x-amz-checksum-crc32=AAAAAA%3D%3D&x-amz-sdk-checksum-algorithm=CRC32&x-amz-storage-class=INTELLIGENT_TIERING&x-id=PutObject "HTTP/1.1 200 OK"
combined.png: 100%|██████████| 53.0k/53.0k [00:00<00:00, 170kB/s]
2026-08-04 02:06:39,298 - INFO - HTTP Request: POST https://huggingface.co/datasets/unrulyabstractions/temporal-awareness.git/info/lfs/objects/verify "HTTP/1.1 200 OK"
fork.png:   0%|          | 0.00/257k [00:00<?, ?B/s]2026-08-04 02:06:39,327 - INFO - HTTP Request: POST https://huggingface.co/datasets/unrulyabstractions/temporal-awareness.git/info/lfs/objects/verify "HTTP/1.1 200 OK"

logits.png:   0%|          | 0.00/311k [00:00<?, ?B/s][A2026-08-04 02:06:39,344 - INFO - HTTP Request: POST https://huggingface.co/datasets/unrulyabstractions/temporal-awareness.git/info/lfs/objects/verify "HTTP/1.1 200 OK"




Upload 114 LFS files:  47%|████▋     | 54/114 [00:10<00:13,  4.49it/s][A[A[A[A

probs.png:   0%|          | 0.00/238k [00:00<?, ?B/s][A[A2026-08-04 02:06:39,357 - INFO - HTTP Request: PUT https://hf-hub-lfs-us-east-1.s3-accelerate.amazonaws.com/repos/ef/87/ef870e8dc8265ff802cde7e48a97a6727cc657365929f58754efc9d0b87852b3/48272b82f9394b5320d4c33f305dbd509888d384e24e47726273d6b48bb291e4?X-Amz-Algorithm=AWS4-HMAC-SHA256&X-Amz-Content-Sha256=UNSIGNED-PAYLOAD&X-Amz-Credential=AKIA2JU7TKAQOYY2AAUF%2F20260804%2Fus-east-1%2Fs3%2Faws4_request&X-Amz-Date=20260804T020628Z&X-Amz-Expires=900&X-Amz-Signature=6c7b153ea2796d9074b36326b404d5a5cc00dc3922ff6128ea8e14281949bb7b&X-Amz-SignedHeaders=host&x-amz-checksum-crc32=AAAAAA%3D%3D&x-amz-sdk-checksum-algorithm=CRC32&x-amz-storage-class=INTELLIGENT_TIERING&x-id=PutObject "HTTP/1.1 200 OK"
core.png: 100%|██████████| 216k/216k [00:00<00:00, 503kB/s]
2026-08-04 02:06:39,484 - INFO - HTTP Request: POST https://huggingface.co/datasets/unrulyabstractions/temporal-awareness.git/info/lfs/objects/verify "HTTP/1.1 200 OK"




Upload 114 LFS files:  51%|█████     | 58/114 [00:10<00:06,  8.32it/s][A[A[A[A


trajectory.png:   0%|          | 0.00/240k [00:00<?, ?B/s][A[A[A2026-08-04 02:06:39,748 - INFO - HTTP Request: POST https://huggingface.co/datasets/unrulyabstractions/temporal-awareness.git/info/lfs/objects/verify "HTTP/1.1 200 OK"





vocab.png:   0%|          | 0.00/264k [00:00<?, ?B/s][A[A[A[A[A2026-08-04 02:06:39,800 - INFO - HTTP Request: PUT https://hf-hub-lfs-us-east-1.s3-accelerate.amazonaws.com/repos/ef/87/ef870e8dc8265ff802cde7e48a97a6727cc657365929f58754efc9d0b87852b3/be582c24a85939d94732624b0067dd144cc39d76368a331bb68e6920f39a7cca?X-Amz-Algorithm=AWS4-HMAC-SHA256&X-Amz-Content-Sha256=UNSIGNED-PAYLOAD&X-Amz-Credential=AKIA2JU7TKAQOYY2AAUF%2F20260804%2Fus-east-1%2Fs3%2Faws4_request&X-Amz-Date=20260804T020628Z&X-Amz-Expires=900&X-Amz-Signature=45938337a8c66053ec2c2fb10d35a942b77a8094a172970c2e4d85fde39b92c4&X-Amz-SignedHeaders=host&x-amz-checksum-crc32=AAAAAA%3D%3D&x-amz-sdk-checksum-algorithm=CRC32&x-amz-storage-class=INTELLIGENT_TIERING&x-id=PutObject "HTTP/1.1 200 OK"
logits.png: 100%|██████████| 311k/311k [00:00<00:00, 658kB/s]
2026-08-04 02:06:39,820 - INFO - HTTP Request: PUT https://hf-hub-lfs-us-east-1.s3-accelerate.amazonaws.com/repos/ef/87/ef870e8dc8265ff802cde7e48a97a6727cc657365929f58754efc9d0b87852b3/2b34ae9822f789397b925804a72dcebdd613922f6884a67f384b2478418549bc?X-Amz-Algorithm=AWS4-HMAC-SHA256&X-Amz-Content-Sha256=UNSIGNED-PAYLOAD&X-Amz-Credential=AKIA2JU7TKAQOYY2AAUF%2F20260804%2Fus-east-1%2Fs3%2Faws4_request&X-Amz-Date=20260804T020628Z&X-Amz-Expires=900&X-Amz-Signature=a7984738190a4698dcb6d059d2240d0669c0cc92c5b3dd2a861cbd29fd9f304a&X-Amz-SignedHeaders=host&x-amz-checksum-crc32=AAAAAA%3D%3D&x-amz-sdk-checksum-algorithm=CRC32&x-amz-storage-class=INTELLIGENT_TIERING&x-id=PutObject "HTTP/1.1 200 OK"
probs.png: 100%|██████████| 238k/238k [00:00<00:00, 500kB/s]
2026-08-04 02:06:39,849 - INFO - HTTP Request: PUT https://hf-hub-lfs-us-east-1.s3-accelerate.amazonaws.com/repos/ef/87/ef870e8dc8265ff802cde7e48a97a6727cc657365929f58754efc9d0b87852b3/701f81e68f050b8356fc3c40e40d5db92e59c9b1c6d74e45261bce89f3714f0d?X-Amz-Algorithm=AWS4-HMAC-SHA256&X-Amz-Content-Sha256=UNSIGNED-PAYLOAD&X-Amz-Credential=AKIA2JU7TKAQOYY2AAUF%2F20260804%2Fus-east-1%2Fs3%2Faws4_request&X-Amz-Date=20260804T020628Z&X-Amz-Expires=900&X-Amz-Signature=a7db2082628abd7c0e12acf07bf668ceb72401de3d9eee92b1d4ff2178e084a7&X-Amz-SignedHeaders=host&x-amz-checksum-crc32=AAAAAA%3D%3D&x-amz-sdk-checksum-algorithm=CRC32&x-amz-storage-class=INTELLIGENT_TIERING&x-id=PutObject "HTTP/1.1 200 OK"
fork.png: 100%|██████████| 257k/257k [00:00<00:00, 466kB/s]
2026-08-04 02:06:39,967 - INFO - HTTP Request: PUT https://hf-hub-lfs-us-east-1.s3-accelerate.amazonaws.com/repos/ef/87/ef870e8dc8265ff802cde7e48a97a6727cc657365929f58754efc9d0b87852b3/497e26e191cf8f5d72ef95827146667783606847267742a0303308fc2078bab2?X-Amz-Algorithm=AWS4-HMAC-SHA256&X-Amz-Content-Sha256=UNSIGNED-PAYLOAD&X-Amz-Credential=AKIA2JU7TKAQOYY2AAUF%2F20260804%2Fus-east-1%2Fs3%2Faws4_request&X-Amz-Date=20260804T020628Z&X-Amz-Expires=900&X-Amz-Signature=a001fa02b91e460f70081e7b0c14dd1bb5b7907bf07582330f17daeda4c8e3a8&X-Amz-SignedHeaders=host&x-amz-checksum-crc32=AAAAAA%3D%3D&x-amz-sdk-checksum-algorithm=CRC32&x-amz-storage-class=INTELLIGENT_TIERING&x-id=PutObject "HTTP/1.1 200 OK"
trajectory.png: 100%|██████████| 240k/240k [00:00<00:00, 497kB/s]
2026-08-04 02:06:40,086 - INFO - HTTP Request: POST https://huggingface.co/datasets/unrulyabstractions/temporal-awareness.git/info/lfs/objects/verify "HTTP/1.1 200 OK"
combined.png:   0%|          | 0.00/52.9k [00:00<?, ?B/s]2026-08-04 02:06:40,107 - INFO - HTTP Request: POST https://huggingface.co/datasets/unrulyabstractions/temporal-awareness.git/info/lfs/objects/verify "HTTP/1.1 200 OK"

core.png:   0%|          | 0.00/207k [00:00<?, ?B/s][A2026-08-04 02:06:40,163 - INFO - HTTP Request: POST https://huggingface.co/datasets/unrulyabstractions/temporal-awareness.git/info/lfs/objects/verify "HTTP/1.1 200 OK"




Upload 114 LFS files:  53%|█████▎    | 60/114 [00:11<00:09,  5.50it/s][A[A[A[A

fork.png:   0%|          | 0.00/119k [00:00<?, ?B/s][A[A2026-08-04 02:06:40,291 - INFO - HTTP Request: POST https://huggingface.co/datasets/unrulyabstractions/temporal-awareness.git/info/lfs/objects/verify "HTTP/1.1 200 OK"




Upload 114 LFS files:  55%|█████▌    | 63/114 [00:11<00:06,  7.72it/s][A[A[A[A


logits.png:   0%|          | 0.00/367k [00:00<?, ?B/s][A[A[A2026-08-04 02:06:40,436 - INFO - HTTP Request: PUT https://hf-hub-lfs-us-east-1.s3-accelerate.amazonaws.com/repos/ef/87/ef870e8dc8265ff802cde7e48a97a6727cc657365929f58754efc9d0b87852b3/ff6f1fa7390aa2a969189dde3fc3fdde0a50d6260f6c1473a21e60cd12b396fb?X-Amz-Algorithm=AWS4-HMAC-SHA256&X-Amz-Content-Sha256=UNSIGNED-PAYLOAD&X-Amz-Credential=AKIA2JU7TKAQOYY2AAUF%2F20260804%2Fus-east-1%2Fs3%2Faws4_request&X-Amz-Date=20260804T020628Z&X-Amz-Expires=900&X-Amz-Signature=5b0040978748435d915a72a03e9247484029c1e4f8694c9b74c0f6e61554836b&X-Amz-SignedHeaders=host&x-amz-checksum-crc32=AAAAAA%3D%3D&x-amz-sdk-checksum-algorithm=CRC32&x-amz-storage-class=INTELLIGENT_TIERING&x-id=PutObject "HTTP/1.1 200 OK"
combined.png: 100%|██████████| 52.9k/52.9k [00:00<00:00, 151kB/s]
2026-08-04 02:06:40,481 - INFO - HTTP Request: PUT https://hf-hub-lfs-us-east-1.s3-accelerate.amazonaws.com/repos/ef/87/ef870e8dc8265ff802cde7e48a97a6727cc657365929f58754efc9d0b87852b3/beb1c9dc639881cbb08fbf16bdc000faf8afad93b0dd95c323f1cba1eb6726d6?X-Amz-Algorithm=AWS4-HMAC-SHA256&X-Amz-Content-Sha256=UNSIGNED-PAYLOAD&X-Amz-Credential=AKIA2JU7TKAQOYY2AAUF%2F20260804%2Fus-east-1%2Fs3%2Faws4_request&X-Amz-Date=20260804T020628Z&X-Amz-Expires=900&X-Amz-Signature=9c83cdab08406492a1493dc2a6c70ffcac83dfa6e8a9d008da916cd055e2d01d&X-Amz-SignedHeaders=host&x-amz-checksum-crc32=AAAAAA%3D%3D&x-amz-sdk-checksum-algorithm=CRC32&x-amz-storage-class=INTELLIGENT_TIERING&x-id=PutObject "HTTP/1.1 200 OK"
core.png: 100%|██████████| 207k/207k [00:00<00:00, 553kB/s]
2026-08-04 02:06:40,530 - INFO - HTTP Request: PUT https://hf-hub-lfs-us-east-1.s3-accelerate.amazonaws.com/repos/ef/87/ef870e8dc8265ff802cde7e48a97a6727cc657365929f58754efc9d0b87852b3/14fd52a8a50406a51830fb00c08195f05aa8ee59a34b6192d46b24f23e499a1d?X-Amz-Algorithm=AWS4-HMAC-SHA256&X-Amz-Content-Sha256=UNSIGNED-PAYLOAD&X-Amz-Credential=AKIA2JU7TKAQOYY2AAUF%2F20260804%2Fus-east-1%2Fs3%2Faws4_request&X-Amz-Date=20260804T020628Z&X-Amz-Expires=900&X-Amz-Signature=d5703d63e6e3e8d21d8c1e74f0b65277b77b35092f409dd9596ac73a0003a346&X-Amz-SignedHeaders=host&x-amz-checksum-crc32=AAAAAA%3D%3D&x-amz-sdk-checksum-algorithm=CRC32&x-amz-storage-class=INTELLIGENT_TIERING&x-id=PutObject "HTTP/1.1 200 OK"
fork.png: 100%|██████████| 119k/119k [00:00<00:00, 324kB/s]
2026-08-04 02:06:40,684 - INFO - HTTP Request: PUT https://hf-hub-lfs-us-east-1.s3-accelerate.amazonaws.com/repos/ef/87/ef870e8dc8265ff802cde7e48a97a6727cc657365929f58754efc9d0b87852b3/e6604bea162f694f6240b0667f14e82f3942c22233dcb38a65d4c75c237c2667?X-Amz-Algorithm=AWS4-HMAC-SHA256&X-Amz-Content-Sha256=UNSIGNED-PAYLOAD&X-Amz-Credential=AKIA2JU7TKAQOYY2AAUF%2F20260804%2Fus-east-1%2Fs3%2Faws4_request&X-Amz-Date=20260804T020628Z&X-Amz-Expires=900&X-Amz-Signature=2f5f61fd63f534f49efb9d61fd3a1785dc87fa9c2a71aa9cc9d02e2c5f5a4000&X-Amz-SignedHeaders=host&x-amz-checksum-crc32=AAAAAA%3D%3D&x-amz-sdk-checksum-algorithm=CRC32&x-amz-storage-class=INTELLIGENT_TIERING&x-id=PutObject "HTTP/1.1 200 OK"
vocab.png: 100%|██████████| 264k/264k [00:00<00:00, 283kB/s]
2026-08-04 02:06:40,792 - INFO - HTTP Request: POST https://huggingface.co/datasets/unrulyabstractions/temporal-awareness.git/info/lfs/objects/verify "HTTP/1.1 200 OK"
2026-08-04 02:06:40,793 - INFO - HTTP Request: POST https://huggingface.co/datasets/unrulyabstractions/temporal-awareness.git/info/lfs/objects/verify "HTTP/1.1 200 OK"
probs.png:   0%|          | 0.00/173k [00:00<?, ?B/s]
trajectory.png:   0%|          | 0.00/219k [00:00<?, ?B/s][A2026-08-04 02:06:40,842 - INFO - HTTP Request: POST https://huggingface.co/datasets/unrulyabstractions/temporal-awareness.git/info/lfs/objects/verify "HTTP/1.1 200 OK"


vocab.png:   0%|          | 0.00/114k [00:00<?, ?B/s][A[A2026-08-04 02:06:40,903 - INFO - HTTP Request: PUT https://hf-hub-lfs-us-east-1.s3-accelerate.amazonaws.com/repos/ef/87/ef870e8dc8265ff802cde7e48a97a6727cc657365929f58754efc9d0b87852b3/532f1e322fbeafc90804d3b14313f0e11cfd1019f207b40393386b3363a1f653?X-Amz-Algorithm=AWS4-HMAC-SHA256&X-Amz-Content-Sha256=UNSIGNED-PAYLOAD&X-Amz-Credential=AKIA2JU7TKAQOYY2AAUF%2F20260804%2Fus-east-1%2Fs3%2Faws4_request&X-Amz-Date=20260804T020628Z&X-Amz-Expires=900&X-Amz-Signature=f9f8a33fb5c95223fe47e1921f3d51244238a58cb2c804e87b2179a6d0a098c2&X-Amz-SignedHeaders=host&x-amz-checksum-crc32=AAAAAA%3D%3D&x-amz-sdk-checksum-algorithm=CRC32&x-amz-storage-class=INTELLIGENT_TIERING&x-id=PutObject "HTTP/1.1 200 OK"
logits.png: 100%|██████████| 367k/367k [00:00<00:00, 601kB/s]
2026-08-04 02:06:40,966 - INFO - HTTP Request: POST https://huggingface.co/datasets/unrulyabstractions/temporal-awareness.git/info/lfs/objects/verify "HTTP/1.1 200 OK"




Upload 114 LFS files:  57%|█████▋    | 65/114 [00:12<00:09,  5.43it/s][A[A[A[A


heatmap_layers_colnorm_denoising.png:   0%|          | 0.00/85.2k [00:00<?, ?B/s][A[A[A2026-08-04 02:06:41,194 - INFO - HTTP Request: PUT https://hf-hub-lfs-us-east-1.s3-accelerate.amazonaws.com/repos/ef/87/ef870e8dc8265ff802cde7e48a97a6727cc657365929f58754efc9d0b87852b3/4d5f05e06a57a24b474d2cd6f226f8d4f066304b4c06f5e2d717b9b852c14bef?X-Amz-Algorithm=AWS4-HMAC-SHA256&X-Amz-Content-Sha256=UNSIGNED-PAYLOAD&X-Amz-Credential=AKIA2JU7TKAQOYY2AAUF%2F20260804%2Fus-east-1%2Fs3%2Faws4_request&X-Amz-Date=20260804T020628Z&X-Amz-Expires=900&X-Amz-Signature=fb0b59bba911352f97aea5c6c8ec651a328ea4fe1d15e190fc9075b24b535f35&X-Amz-SignedHeaders=host&x-amz-checksum-crc32=AAAAAA%3D%3D&x-amz-sdk-checksum-algorithm=CRC32&x-amz-storage-class=INTELLIGENT_TIERING&x-id=PutObject "HTTP/1.1 200 OK"
trajectory.png: 100%|██████████| 219k/219k [00:00<00:00, 548kB/s]
2026-08-04 02:06:41,206 - INFO - HTTP Request: POST https://huggingface.co/datasets/unrulyabstractions/temporal-awareness.git/info/lfs/objects/verify "HTTP/1.1 200 OK"
2026-08-04 02:06:41,207 - INFO - HTTP Request: PUT https://hf-hub-lfs-us-east-1.s3-accelerate.amazonaws.com/repos/ef/87/ef870e8dc8265ff802cde7e48a97a6727cc657365929f58754efc9d0b87852b3/f48d14662deeaccc4a43a34b155f1a38336880b5f23e90a124a6f8444f7a79b2?X-Amz-Algorithm=AWS4-HMAC-SHA256&X-Amz-Content-Sha256=UNSIGNED-PAYLOAD&X-Amz-Credential=AKIA2JU7TKAQOYY2AAUF%2F20260804%2Fus-east-1%2Fs3%2Faws4_request&X-Amz-Date=20260804T020628Z&X-Amz-Expires=900&X-Amz-Signature=68d1de09b92e56579e6de8523493926db2587b55dc8df6a37e72e61dfda21c4d&X-Amz-SignedHeaders=host&x-amz-checksum-crc32=AAAAAA%3D%3D&x-amz-sdk-checksum-algorithm=CRC32&x-amz-storage-class=INTELLIGENT_TIERING&x-id=PutObject "HTTP/1.1 200 OK"




Upload 114 LFS files:  60%|█████▉    | 68/114 [00:12<00:06,  6.81it/s][A[A[A[A
heatmap_layers_colnorm_noising.png:   0%|          | 0.00/85.1k [00:00<?, ?B/s][Avocab.png: 100%|██████████| 114k/114k [00:00<00:00, 311kB/s]
2026-08-04 02:06:41,226 - INFO - HTTP Request: PUT https://hf-hub-lfs-us-east-1.s3-accelerate.amazonaws.com/repos/ef/87/ef870e8dc8265ff802cde7e48a97a6727cc657365929f58754efc9d0b87852b3/1c040d0e3b49decaac73c4b5737fde0ea0e595d57e6dfeea1b81244287180e4d?X-Amz-Algorithm=AWS4-HMAC-SHA256&X-Amz-Content-Sha256=UNSIGNED-PAYLOAD&X-Amz-Credential=AKIA2JU7TKAQOYY2AAUF%2F20260804%2Fus-east-1%2Fs3%2Faws4_request&X-Amz-Date=20260804T020628Z&X-Amz-Expires=900&X-Amz-Signature=f8d9d8449674ba2ad73bf8caf7d9188933b51766503471c069381ef4cd3d3c18&X-Amz-SignedHeaders=host&x-amz-checksum-crc32=AAAAAA%3D%3D&x-amz-sdk-checksum-algorithm=CRC32&x-amz-storage-class=INTELLIGENT_TIERING&x-id=PutObject "HTTP/1.1 200 OK"
probs.png: 100%|██████████| 173k/173k [00:00<00:00, 399kB/s]
2026-08-04 02:06:41,356 - INFO - HTTP Request: PUT https://hf-hub-lfs-us-east-1.s3-accelerate.amazonaws.com/repos/ef/87/ef870e8dc8265ff802cde7e48a97a6727cc657365929f58754efc9d0b87852b3/552a51aaa76505ed128ff0cbabab4c12af4338af6cbdaa11f3d347a90db6bdef?X-Amz-Algorithm=AWS4-HMAC-SHA256&X-Amz-Content-Sha256=UNSIGNED-PAYLOAD&X-Amz-Credential=AKIA2JU7TKAQOYY2AAUF%2F20260804%2Fus-east-1%2Fs3%2Faws4_request&X-Amz-Date=20260804T020628Z&X-Amz-Expires=900&X-Amz-Signature=9763563da63b5a914086c2a54a19a34fcf8ca90c041f28983da9be6e5492f01f&X-Amz-SignedHeaders=host&x-amz-checksum-crc32=AAAAAA%3D%3D&x-amz-sdk-checksum-algorithm=CRC32&x-amz-storage-class=INTELLIGENT_TIERING&x-id=PutObject "HTTP/1.1 200 OK"
heatmap_layers_colnorm_denoising.png: 100%|██████████| 85.2k/85.2k [00:00<00:00, 219kB/s]
2026-08-04 02:06:41,512 - INFO - HTTP Request: POST https://huggingface.co/datasets/unrulyabstractions/temporal-awareness.git/info/lfs/objects/verify "HTTP/1.1 200 OK"
heatmap_layers_denoising.png:   0%|          | 0.00/102k [00:00<?, ?B/s]2026-08-04 02:06:41,522 - INFO - HTTP Request: POST https://huggingface.co/datasets/unrulyabstractions/temporal-awareness.git/info/lfs/objects/verify "HTTP/1.1 200 OK"




Upload 114 LFS files:  61%|██████▏   | 70/114 [00:12<00:06,  6.69it/s][A[A[A[A

heatmap_layers_noising.png:   0%|          | 0.00/104k [00:00<?, ?B/s][A[A2026-08-04 02:06:41,545 - INFO - HTTP Request: POST https://huggingface.co/datasets/unrulyabstractions/temporal-awareness.git/info/lfs/objects/verify "HTTP/1.1 200 OK"



attn_vs_mlp_layer.png:   0%|          | 0.00/192k [00:00<?, ?B/s][A[A[A2026-08-04 02:06:41,603 - INFO - HTTP Request: PUT https://hf-hub-lfs-us-east-1.s3-accelerate.amazonaws.com/repos/ef/87/ef870e8dc8265ff802cde7e48a97a6727cc657365929f58754efc9d0b87852b3/83802634131ad7b5a1d00a5fb924e4c5a18c3cab7141ba792277cd09c20b8fba?X-Amz-Algorithm=AWS4-HMAC-SHA256&X-Amz-Content-Sha256=UNSIGNED-PAYLOAD&X-Amz-Credential=AKIA2JU7TKAQOYY2AAUF%2F20260804%2Fus-east-1%2Fs3%2Faws4_request&X-Amz-Date=20260804T020628Z&X-Amz-Expires=900&X-Amz-Signature=b5e1e39887a367c21785263daf539696b936d90f408c9d15d2b4a4e95dd9227c&X-Amz-SignedHeaders=host&x-amz-checksum-crc32=AAAAAA%3D%3D&x-amz-sdk-checksum-algorithm=CRC32&x-amz-storage-class=INTELLIGENT_TIERING&x-id=PutObject "HTTP/1.1 200 OK"
heatmap_layers_colnorm_noising.png: 100%|██████████| 85.1k/85.1k [00:00<00:00, 216kB/s]
2026-08-04 02:06:41,615 - INFO - HTTP Request: POST https://huggingface.co/datasets/unrulyabstractions/temporal-awareness.git/info/lfs/objects/verify "HTTP/1.1 200 OK"

attn_vs_mlp_paired.png:   0%|          | 0.00/140k [00:00<?, ?B/s][A2026-08-04 02:06:41,869 - INFO - HTTP Request: PUT https://hf-hub-lfs-us-east-1.s3-accelerate.amazonaws.com/repos/ef/87/ef870e8dc8265ff802cde7e48a97a6727cc657365929f58754efc9d0b87852b3/88c7eb3f5e79cdc041999f9fdc2604bbd63b465489fba8db6d11303180e5cdc0?X-Amz-Algorithm=AWS4-HMAC-SHA256&X-Amz-Content-Sha256=UNSIGNED-PAYLOAD&X-Amz-Credential=AKIA2JU7TKAQOYY2AAUF%2F20260804%2Fus-east-1%2Fs3%2Faws4_request&X-Amz-Date=20260804T020628Z&X-Amz-Expires=900&X-Amz-Signature=eb1a92962c1b6ccb9da0183362bbfe28990bd14e120b14ee9c521e27d54dacb4&X-Amz-SignedHeaders=host&x-amz-checksum-crc32=AAAAAA%3D%3D&x-amz-sdk-checksum-algorithm=CRC32&x-amz-storage-class=INTELLIGENT_TIERING&x-id=PutObject "HTTP/1.1 200 OK"
heatmap_layers_denoising.png: 100%|██████████| 102k/102k [00:00<00:00, 287kB/s]
2026-08-04 02:06:41,905 - INFO - HTTP Request: PUT https://hf-hub-lfs-us-east-1.s3-accelerate.amazonaws.com/repos/ef/87/ef870e8dc8265ff802cde7e48a97a6727cc657365929f58754efc9d0b87852b3/53afac9ff2799a7b3dad0c54260b66d4867a2bb92fe8ec573fff230a7f76cbe1?X-Amz-Algorithm=AWS4-HMAC-SHA256&X-Amz-Content-Sha256=UNSIGNED-PAYLOAD&X-Amz-Credential=AKIA2JU7TKAQOYY2AAUF%2F20260804%2Fus-east-1%2Fs3%2Faws4_request&X-Amz-Date=20260804T020628Z&X-Amz-Expires=900&X-Amz-Signature=f4c8cbb4c779c1b50e94dd4fa41a9cc94715a6e69ab48855c6c6db38ca10d1b6&X-Amz-SignedHeaders=host&x-amz-checksum-crc32=AAAAAA%3D%3D&x-amz-sdk-checksum-algorithm=CRC32&x-amz-storage-class=INTELLIGENT_TIERING&x-id=PutObject "HTTP/1.1 200 OK"
heatmap_layers_noising.png: 100%|██████████| 104k/104k [00:00<00:00, 273kB/s]
2026-08-04 02:06:41,916 - INFO - HTTP Request: POST https://huggingface.co/datasets/unrulyabstractions/temporal-awareness.git/info/lfs/objects/verify "HTTP/1.1 200 OK"




Upload 114 LFS files:  64%|██████▍   | 73/114 [00:13<00:05,  6.99it/s][A[A[A[Acomponent_importance_ranked.png:   0%|          | 0.00/118k [00:00<?, ?B/s]2026-08-04 02:06:41,987 - INFO - HTTP Request: PUT https://hf-hub-lfs-us-east-1.s3-accelerate.amazonaws.com/repos/ef/87/ef870e8dc8265ff802cde7e48a97a6727cc657365929f58754efc9d0b87852b3/8ad96166da4e0358666455c1d1d2f75dac29c49bc6de6962eff9198575cb4df8?X-Amz-Algorithm=AWS4-HMAC-SHA256&X-Amz-Content-Sha256=UNSIGNED-PAYLOAD&X-Amz-Credential=AKIA2JU7TKAQOYY2AAUF%2F20260804%2Fus-east-1%2Fs3%2Faws4_request&X-Amz-Date=20260804T020628Z&X-Amz-Expires=900&X-Amz-Signature=a0a16d15d530a6d4de279444c460ca65e32ad5f732024937f1da4e43c3508e0b&X-Amz-SignedHeaders=host&x-amz-checksum-crc32=AAAAAA%3D%3D&x-amz-sdk-checksum-algorithm=CRC32&x-amz-storage-class=INTELLIGENT_TIERING&x-id=PutObject "HTTP/1.1 200 OK"
attn_vs_mlp_paired.png: 100%|██████████| 140k/140k [00:00<00:00, 376kB/s]
2026-08-04 02:06:42,013 - INFO - HTTP Request: PUT https://hf-hub-lfs-us-east-1.s3-accelerate.amazonaws.com/repos/ef/87/ef870e8dc8265ff802cde7e48a97a6727cc657365929f58754efc9d0b87852b3/17eec0be110e6801c222d8d4e4ced12b9b53766583196cba66a2ad7a4a9c2a3a?X-Amz-Algorithm=AWS4-HMAC-SHA256&X-Amz-Content-Sha256=UNSIGNED-PAYLOAD&X-Amz-Credential=AKIA2JU7TKAQOYY2AAUF%2F20260804%2Fus-east-1%2Fs3%2Faws4_request&X-Amz-Date=20260804T020628Z&X-Amz-Expires=900&X-Amz-Signature=dda915a25c3b0b3317670274d8d56e657929e95d2e3ee125f11965b6cd165ca8&X-Amz-SignedHeaders=host&x-amz-checksum-crc32=AAAAAA%3D%3D&x-amz-sdk-checksum-algorithm=CRC32&x-amz-storage-class=INTELLIGENT_TIERING&x-id=PutObject "HTTP/1.1 200 OK"
attn_vs_mlp_layer.png: 100%|██████████| 192k/192k [00:00<00:00, 410kB/s]
2026-08-04 02:06:42,133 - INFO - HTTP Request: POST https://huggingface.co/datasets/unrulyabstractions/temporal-awareness.git/info/lfs/objects/verify "HTTP/1.1 200 OK"




Upload 114 LFS files:  65%|██████▍   | 74/114 [00:13<00:06,  6.50it/s][A[A[A[A
cumulative_recovery.png:   0%|          | 0.00/108k [00:00<?, ?B/s][A2026-08-04 02:06:42,169 - INFO - HTTP Request: POST https://huggingface.co/datasets/unrulyabstractions/temporal-awareness.git/info/lfs/objects/verify "HTTP/1.1 200 OK"


layer_component_interaction.png:   0%|          | 0.00/409k [00:00<?, ?B/s][A[A2026-08-04 02:06:42,273 - INFO - HTTP Request: POST https://huggingface.co/datasets/unrulyabstractions/temporal-awareness.git/info/lfs/objects/verify "HTTP/1.1 200 OK"




Upload 114 LFS files:  67%|██████▋   | 76/114 [00:13<00:04,  7.74it/s][A[A[A[A


difference_heatmap_layer.png:   0%|          | 0.00/146k [00:00<?, ?B/s][A[A[A2026-08-04 02:06:42,284 - INFO - HTTP Request: PUT https://hf-hub-lfs-us-east-1.s3-accelerate.amazonaws.com/repos/ef/87/ef870e8dc8265ff802cde7e48a97a6727cc657365929f58754efc9d0b87852b3/c804e6638c417eb76badd861a14901241c75ca1f51272af8e1ebef6a12ef3e23?X-Amz-Algorithm=AWS4-HMAC-SHA256&X-Amz-Content-Sha256=UNSIGNED-PAYLOAD&X-Amz-Credential=AKIA2JU7TKAQOYY2AAUF%2F20260804%2Fus-east-1%2Fs3%2Faws4_request&X-Amz-Date=20260804T020628Z&X-Amz-Expires=900&X-Amz-Signature=91810fb84d641c87ca1f870bfd0e43a9b0cc9727c6f66d6cb5e298163daa20a4&X-Amz-SignedHeaders=host&x-amz-checksum-crc32=AAAAAA%3D%3D&x-amz-sdk-checksum-algorithm=CRC32&x-amz-storage-class=INTELLIGENT_TIERING&x-id=PutObject "HTTP/1.1 200 OK"
component_importance_ranked.png: 100%|██████████| 118k/118k [00:00<00:00, 322kB/s]
2026-08-04 02:06:42,329 - INFO - HTTP Request: POST https://huggingface.co/datasets/unrulyabstractions/temporal-awareness.git/info/lfs/objects/verify "HTTP/1.1 200 OK"
noise_vs_denoise_per_component_layer.png:   0%|          | 0.00/211k [00:00<?, ?B/s]2026-08-04 02:06:42,561 - INFO - HTTP Request: POST https://huggingface.co/datasets/unrulyabstractions/temporal-awareness.git/info/lfs/objects/verify "HTTP/1.1 200 OK"




Upload 114 LFS files:  68%|██████▊   | 78/114 [00:13<00:04,  7.48it/s][A[A[A[A




noise_vs_denoise_per_component_position.png:   0%|          | 0.00/28.4k [00:00<?, ?B/s][A[A[A[A[A2026-08-04 02:06:42,700 - INFO - HTTP Request: PUT https://hf-hub-lfs-us-east-1.s3-accelerate.amazonaws.com/repos/ef/87/ef870e8dc8265ff802cde7e48a97a6727cc657365929f58754efc9d0b87852b3/def8c3d0106f9b93ddb6beb5f5d7582187dd38c5e9277f77727dcd52af27c8f7?X-Amz-Algorithm=AWS4-HMAC-SHA256&X-Amz-Content-Sha256=UNSIGNED-PAYLOAD&X-Amz-Credential=AKIA2JU7TKAQOYY2AAUF%2F20260804%2Fus-east-1%2Fs3%2Faws4_request&X-Amz-Date=20260804T020628Z&X-Amz-Expires=900&X-Amz-Signature=22aabc35fe30f8d914da82e0ea0efa234db32f540a20605be57f804299c83a30&X-Amz-SignedHeaders=host&x-amz-checksum-crc32=AAAAAA%3D%3D&x-amz-sdk-checksum-algorithm=CRC32&x-amz-storage-class=INTELLIGENT_TIERING&x-id=PutObject "HTTP/1.1 200 OK"
difference_heatmap_layer.png: 100%|██████████| 146k/146k [00:00<00:00, 342kB/s]
2026-08-04 02:06:42,703 - INFO - HTTP Request: PUT https://hf-hub-lfs-us-east-1.s3-accelerate.amazonaws.com/repos/ef/87/ef870e8dc8265ff802cde7e48a97a6727cc657365929f58754efc9d0b87852b3/4a700b1ed94da001cc5283199931f28e132cab074d0eea21e26cc42eff4fa694?X-Amz-Algorithm=AWS4-HMAC-SHA256&X-Amz-Content-Sha256=UNSIGNED-PAYLOAD&X-Amz-Credential=AKIA2JU7TKAQOYY2AAUF%2F20260804%2Fus-east-1%2Fs3%2Faws4_request&X-Amz-Date=20260804T020628Z&X-Amz-Expires=900&X-Amz-Signature=d51add24f4a92e2a489797a41a64fe76fb33030ccc0bfb2234585b834815ee6b&X-Amz-SignedHeaders=host&x-amz-checksum-crc32=AAAAAA%3D%3D&x-amz-sdk-checksum-algorithm=CRC32&x-amz-storage-class=INTELLIGENT_TIERING&x-id=PutObject "HTTP/1.1 200 OK"
layer_component_interaction.png: 100%|██████████| 409k/409k [00:00<00:00, 767kB/s]
2026-08-04 02:06:42,766 - INFO - HTTP Request: PUT https://hf-hub-lfs-us-east-1.s3-accelerate.amazonaws.com/repos/ef/87/ef870e8dc8265ff802cde7e48a97a6727cc657365929f58754efc9d0b87852b3/7a9182ec1e985926a6781548d2da2a424b8c3ba2ddd7d821061d68bf901b968d?X-Amz-Algorithm=AWS4-HMAC-SHA256&X-Amz-Content-Sha256=UNSIGNED-PAYLOAD&X-Amz-Credential=AKIA2JU7TKAQOYY2AAUF%2F20260804%2Fus-east-1%2Fs3%2Faws4_request&X-Amz-Date=20260804T020628Z&X-Amz-Expires=900&X-Amz-Signature=7cd95378c0b548c1aaf8fd98db441daa22b56816fa80ecc95fb173ab92434fe0&X-Amz-SignedHeaders=host&x-amz-checksum-crc32=AAAAAA%3D%3D&x-amz-sdk-checksum-algorithm=CRC32&x-amz-storage-class=INTELLIGENT_TIERING&x-id=PutObject "HTTP/1.1 200 OK"
noise_vs_denoise_per_component_layer.png: 100%|██████████| 211k/211k [00:00<00:00, 485kB/s]
2026-08-04 02:06:42,917 - INFO - HTTP Request: PUT https://hf-hub-lfs-us-east-1.s3-accelerate.amazonaws.com/repos/ef/87/ef870e8dc8265ff802cde7e48a97a6727cc657365929f58754efc9d0b87852b3/4bf700336e4d7ddadcc52b4970c08d2580376ecc99304deb5328ea0c41cc6ab6?X-Amz-Algorithm=AWS4-HMAC-SHA256&X-Amz-Content-Sha256=UNSIGNED-PAYLOAD&X-Amz-Credential=AKIA2JU7TKAQOYY2AAUF%2F20260804%2Fus-east-1%2Fs3%2Faws4_request&X-Amz-Date=20260804T020628Z&X-Amz-Expires=900&X-Amz-Signature=d71052cce426fce6181a7cce30bdf5054d00719e3022f58035b93132a9b0d951&X-Amz-SignedHeaders=host&x-amz-checksum-crc32=AAAAAA%3D%3D&x-amz-sdk-checksum-algorithm=CRC32&x-amz-storage-class=INTELLIGENT_TIERING&x-id=PutObject "HTTP/1.1 200 OK"
noise_vs_denoise_per_component_position.png: 100%|██████████| 28.4k/28.4k [00:00<00:00, 79.8kB/s]
2026-08-04 02:06:42,966 - INFO - HTTP Request: POST https://huggingface.co/datasets/unrulyabstractions/temporal-awareness.git/info/lfs/objects/verify "HTTP/1.1 200 OK"
2026-08-04 02:06:42,967 - INFO - HTTP Request: POST https://huggingface.co/datasets/unrulyabstractions/temporal-awareness.git/info/lfs/objects/verify "HTTP/1.1 200 OK"
redundancy_gap.png:   0%|          | 0.00/96.3k [00:00<?, ?B/s]

redundancy_gap_sorted.png:   0%|          | 0.00/85.2k [00:00<?, ?B/s][A[A2026-08-04 02:06:43,040 - INFO - HTTP Request: POST https://huggingface.co/datasets/unrulyabstractions/temporal-awareness.git/info/lfs/objects/verify "HTTP/1.1 200 OK"



information_flow_diagram.png:   0%|          | 0.00/145k [00:00<?, ?B/s][A[A[A2026-08-04 02:06:43,180 - INFO - HTTP Request: POST https://huggingface.co/datasets/unrulyabstractions/temporal-awareness.git/info/lfs/objects/verify "HTTP/1.1 200 OK"





combined.png:   0%|          | 0.00/53.2k [00:00<?, ?B/s][A[A[A[A[A2026-08-04 02:06:43,231 - INFO - HTTP Request: PUT https://hf-hub-lfs-us-east-1.s3-accelerate.amazonaws.com/repos/ef/87/ef870e8dc8265ff802cde7e48a97a6727cc657365929f58754efc9d0b87852b3/6dba31cd80ef83a53fc0074d46f178f76ccc1e9eeeb9fe7e9ccd2888e0ee4332?X-Amz-Algorithm=AWS4-HMAC-SHA256&X-Amz-Content-Sha256=UNSIGNED-PAYLOAD&X-Amz-Credential=AKIA2JU7TKAQOYY2AAUF%2F20260804%2Fus-east-1%2Fs3%2Faws4_request&X-Amz-Date=20260804T020628Z&X-Amz-Expires=900&X-Amz-Signature=5cea03a39a484676c26518d7e86a7b823522e035579d22c1f952016b4d0fceb9&X-Amz-SignedHeaders=host&x-amz-checksum-crc32=AAAAAA%3D%3D&x-amz-sdk-checksum-algorithm=CRC32&x-amz-storage-class=INTELLIGENT_TIERING&x-id=PutObject "HTTP/1.1 200 OK"
cumulative_recovery.png: 100%|██████████| 108k/108k [00:01<00:00, 98.6kB/s]
2026-08-04 02:06:43,325 - INFO - HTTP Request: PUT https://hf-hub-lfs-us-east-1.s3-accelerate.amazonaws.com/repos/ef/87/ef870e8dc8265ff802cde7e48a97a6727cc657365929f58754efc9d0b87852b3/e7837acd82638793d9551e0212de28dad21b80edcb844e64a7ed8632a6001411?X-Amz-Algorithm=AWS4-HMAC-SHA256&X-Amz-Content-Sha256=UNSIGNED-PAYLOAD&X-Amz-Credential=AKIA2JU7TKAQOYY2AAUF%2F20260804%2Fus-east-1%2Fs3%2Faws4_request&X-Amz-Date=20260804T020628Z&X-Amz-Expires=900&X-Amz-Signature=57f343ab6149f1ecf5010efda0e46aca13cb4dfe46cc8ccab0db1ca25ae286c7&X-Amz-SignedHeaders=host&x-amz-checksum-crc32=AAAAAA%3D%3D&x-amz-sdk-checksum-algorithm=CRC32&x-amz-storage-class=INTELLIGENT_TIERING&x-id=PutObject "HTTP/1.1 200 OK"
redundancy_gap_sorted.png: 100%|██████████| 85.2k/85.2k [00:00<00:00, 239kB/s]
2026-08-04 02:06:43,330 - INFO - HTTP Request: PUT https://hf-hub-lfs-us-east-1.s3-accelerate.amazonaws.com/repos/ef/87/ef870e8dc8265ff802cde7e48a97a6727cc657365929f58754efc9d0b87852b3/a03f46642df640251292b15e8b26256f7f6bb24089649581537ff2fe7ca289d9?X-Amz-Algorithm=AWS4-HMAC-SHA256&X-Amz-Content-Sha256=UNSIGNED-PAYLOAD&X-Amz-Credential=AKIA2JU7TKAQOYY2AAUF%2F20260804%2Fus-east-1%2Fs3%2Faws4_request&X-Amz-Date=20260804T020628Z&X-Amz-Expires=900&X-Amz-Signature=fa6181b1102cba49269565cf749b16f41ce34c66497a48e161988f6f29455c4a&X-Amz-SignedHeaders=host&x-amz-checksum-crc32=AAAAAA%3D%3D&x-amz-sdk-checksum-algorithm=CRC32&x-amz-storage-class=INTELLIGENT_TIERING&x-id=PutObject "HTTP/1.1 200 OK"
redundancy_gap.png: 100%|██████████| 96.3k/96.3k [00:00<00:00, 266kB/s]
2026-08-04 02:06:43,441 - INFO - HTTP Request: PUT https://hf-hub-lfs-us-east-1.s3-accelerate.amazonaws.com/repos/ef/87/ef870e8dc8265ff802cde7e48a97a6727cc657365929f58754efc9d0b87852b3/f21c8bd644930f1ec5479be50d1b6d4024788fbfe433a67f015192ecd385a3ed?X-Amz-Algorithm=AWS4-HMAC-SHA256&X-Amz-Content-Sha256=UNSIGNED-PAYLOAD&X-Amz-Credential=AKIA2JU7TKAQOYY2AAUF%2F20260804%2Fus-east-1%2Fs3%2Faws4_request&X-Amz-Date=20260804T020628Z&X-Amz-Expires=900&X-Amz-Signature=d7a16eb3cd188953819b84aa6e44f8cfc2fec12b4711ce1ff566635bfec19fee&X-Amz-SignedHeaders=host&x-amz-checksum-crc32=AAAAAA%3D%3D&x-amz-sdk-checksum-algorithm=CRC32&x-amz-storage-class=INTELLIGENT_TIERING&x-id=PutObject "HTTP/1.1 200 OK"
information_flow_diagram.png: 100%|██████████| 145k/145k [00:00<00:00, 362kB/s]
2026-08-04 02:06:43,541 - INFO - HTTP Request: POST https://huggingface.co/datasets/unrulyabstractions/temporal-awareness.git/info/lfs/objects/verify "HTTP/1.1 200 OK"




Upload 114 LFS files:  69%|██████▉   | 79/114 [00:14<00:09,  3.56it/s][A[A[A[Acore.png:   0%|          | 0.00/210k [00:00<?, ?B/s]2026-08-04 02:06:43,589 - INFO - HTTP Request: POST https://huggingface.co/datasets/unrulyabstractions/temporal-awareness.git/info/lfs/objects/verify "HTTP/1.1 200 OK"

fork.png:   0%|          | 0.00/223k [00:00<?, ?B/s][A2026-08-04 02:06:43,594 - INFO - HTTP Request: POST https://huggingface.co/datasets/unrulyabstractions/temporal-awareness.git/info/lfs/objects/verify "HTTP/1.1 200 OK"


logits.png:   0%|          | 0.00/337k [00:00<?, ?B/s][A[A2026-08-04 02:06:43,597 - INFO - HTTP Request: PUT https://hf-hub-lfs-us-east-1.s3-accelerate.amazonaws.com/repos/ef/87/ef870e8dc8265ff802cde7e48a97a6727cc657365929f58754efc9d0b87852b3/574d2a437b9f5f7d8d54cd216804d56ee93af2b76c06d3e33791bdff5214fc17?X-Amz-Algorithm=AWS4-HMAC-SHA256&X-Amz-Content-Sha256=UNSIGNED-PAYLOAD&X-Amz-Credential=AKIA2JU7TKAQOYY2AAUF%2F20260804%2Fus-east-1%2Fs3%2Faws4_request&X-Amz-Date=20260804T020628Z&X-Amz-Expires=900&X-Amz-Signature=0fc37e797f5c6065c53e8b60599e15efaa209a5cded19f8b6c13c2af7147ef98&X-Amz-SignedHeaders=host&x-amz-checksum-crc32=AAAAAA%3D%3D&x-amz-sdk-checksum-algorithm=CRC32&x-amz-storage-class=INTELLIGENT_TIERING&x-id=PutObject "HTTP/1.1 200 OK"
combined.png: 100%|██████████| 53.2k/53.2k [00:00<00:00, 128kB/s]
2026-08-04 02:06:43,706 - INFO - HTTP Request: POST https://huggingface.co/datasets/unrulyabstractions/temporal-awareness.git/info/lfs/objects/verify "HTTP/1.1 200 OK"




Upload 114 LFS files:  75%|███████▌  | 86/114 [00:15<00:03,  8.51it/s][A[A[A[A


probs.png:   0%|          | 0.00/218k [00:00<?, ?B/s][A[A[A2026-08-04 02:06:43,948 - INFO - HTTP Request: POST https://huggingface.co/datasets/unrulyabstractions/temporal-awareness.git/info/lfs/objects/verify "HTTP/1.1 200 OK"





trajectory.png:   0%|          | 0.00/230k [00:00<?, ?B/s][A[A[A[A[A2026-08-04 02:06:43,960 - INFO - HTTP Request: PUT https://hf-hub-lfs-us-east-1.s3-accelerate.amazonaws.com/repos/ef/87/ef870e8dc8265ff802cde7e48a97a6727cc657365929f58754efc9d0b87852b3/2668abd2a8c462a02dfc1fe5b1c369447fa0c353f8899d1a0308244dfedef0ea?X-Amz-Algorithm=AWS4-HMAC-SHA256&X-Amz-Content-Sha256=UNSIGNED-PAYLOAD&X-Amz-Credential=AKIA2JU7TKAQOYY2AAUF%2F20260804%2Fus-east-1%2Fs3%2Faws4_request&X-Amz-Date=20260804T020628Z&X-Amz-Expires=900&X-Amz-Signature=afc817a108a1303c33f077394640fffd4fca5706b43b27b43c920f2ff329b07f&X-Amz-SignedHeaders=host&x-amz-checksum-crc32=AAAAAA%3D%3D&x-amz-sdk-checksum-algorithm=CRC32&x-amz-storage-class=INTELLIGENT_TIERING&x-id=PutObject "HTTP/1.1 200 OK"
core.png: 100%|██████████| 210k/210k [00:00<00:00, 502kB/s]
2026-08-04 02:06:44,055 - INFO - HTTP Request: PUT https://hf-hub-lfs-us-east-1.s3-accelerate.amazonaws.com/repos/ef/87/ef870e8dc8265ff802cde7e48a97a6727cc657365929f58754efc9d0b87852b3/14b8a5f60f7861de72ce77f7d56669d40070313cb36be0b2870db66f00186203?X-Amz-Algorithm=AWS4-HMAC-SHA256&X-Amz-Content-Sha256=UNSIGNED-PAYLOAD&X-Amz-Credential=AKIA2JU7TKAQOYY2AAUF%2F20260804%2Fus-east-1%2Fs3%2Faws4_request&X-Amz-Date=20260804T020628Z&X-Amz-Expires=900&X-Amz-Signature=9ccc5dcd038f0c5c4f9ac9fb29e304b44bebb28a39b1060429ff9de617459f75&X-Amz-SignedHeaders=host&x-amz-checksum-crc32=AAAAAA%3D%3D&x-amz-sdk-checksum-algorithm=CRC32&x-amz-storage-class=INTELLIGENT_TIERING&x-id=PutObject "HTTP/1.1 200 OK"
fork.png: 100%|██████████| 223k/223k [00:00<00:00, 479kB/s]
2026-08-04 02:06:44,070 - INFO - HTTP Request: PUT https://hf-hub-lfs-us-east-1.s3-accelerate.amazonaws.com/repos/ef/87/ef870e8dc8265ff802cde7e48a97a6727cc657365929f58754efc9d0b87852b3/064913320a0a8b27a15ec333ecaddac44c98fdd35506990c01bba904d01f0754?X-Amz-Algorithm=AWS4-HMAC-SHA256&X-Amz-Content-Sha256=UNSIGNED-PAYLOAD&X-Amz-Credential=AKIA2JU7TKAQOYY2AAUF%2F20260804%2Fus-east-1%2Fs3%2Faws4_request&X-Amz-Date=20260804T020628Z&X-Amz-Expires=900&X-Amz-Signature=3ec243aff5c7d46f8560efdbdc5f2c22469866e7c1cdb457430753130cbdab93&X-Amz-SignedHeaders=host&x-amz-checksum-crc32=AAAAAA%3D%3D&x-amz-sdk-checksum-algorithm=CRC32&x-amz-storage-class=INTELLIGENT_TIERING&x-id=PutObject "HTTP/1.1 200 OK"
logits.png: 100%|██████████| 337k/337k [00:00<00:00, 709kB/s]
2026-08-04 02:06:44,109 - INFO - HTTP Request: PUT https://hf-hub-lfs-us-east-1.s3-accelerate.amazonaws.com/repos/ef/87/ef870e8dc8265ff802cde7e48a97a6727cc657365929f58754efc9d0b87852b3/806620beb2342bb9b9c80dd05c2f9b7dc7bf4dd2dd054ece3b7b2df7c7c66e47?X-Amz-Algorithm=AWS4-HMAC-SHA256&X-Amz-Content-Sha256=UNSIGNED-PAYLOAD&X-Amz-Credential=AKIA2JU7TKAQOYY2AAUF%2F20260804%2Fus-east-1%2Fs3%2Faws4_request&X-Amz-Date=20260804T020628Z&X-Amz-Expires=900&X-Amz-Signature=7f05bf3355c93f89e6e408e24d25b3ade1cd3870e6156b9a45a4aac41b52ece8&X-Amz-SignedHeaders=host&x-amz-checksum-crc32=AAAAAA%3D%3D&x-amz-sdk-checksum-algorithm=CRC32&x-amz-storage-class=INTELLIGENT_TIERING&x-id=PutObject "HTTP/1.1 200 OK"
probs.png: 100%|██████████| 218k/218k [00:00<00:00, 542kB/s]
2026-08-04 02:06:44,285 - INFO - HTTP Request: POST https://huggingface.co/datasets/unrulyabstractions/temporal-awareness.git/info/lfs/objects/verify "HTTP/1.1 200 OK"




Upload 114 LFS files:  77%|███████▋  | 88/114 [00:15<00:03,  6.54it/s][A[A[A[Avocab.png:   0%|          | 0.00/217k [00:00<?, ?B/s]2026-08-04 02:06:44,402 - INFO - HTTP Request: PUT https://hf-hub-lfs-us-east-1.s3-accelerate.amazonaws.com/repos/ef/87/ef870e8dc8265ff802cde7e48a97a6727cc657365929f58754efc9d0b87852b3/fabdb6d29acd43cea1fce65e750727ea1a9f94266bb0337c8f90309902118ce8?X-Amz-Algorithm=AWS4-HMAC-SHA256&X-Amz-Content-Sha256=UNSIGNED-PAYLOAD&X-Amz-Credential=AKIA2JU7TKAQOYY2AAUF%2F20260804%2Fus-east-1%2Fs3%2Faws4_request&X-Amz-Date=20260804T020628Z&X-Amz-Expires=900&X-Amz-Signature=a72bab1ec120878dceb01cec7177b14600b367583af26b39ff14b6b97368b63e&X-Amz-SignedHeaders=host&x-amz-checksum-crc32=AAAAAA%3D%3D&x-amz-sdk-checksum-algorithm=CRC32&x-amz-storage-class=INTELLIGENT_TIERING&x-id=PutObject "HTTP/1.1 200 OK"
trajectory.png: 100%|██████████| 230k/230k [00:00<00:00, 506kB/s]
2026-08-04 02:06:44,444 - INFO - HTTP Request: POST https://huggingface.co/datasets/unrulyabstractions/temporal-awareness.git/info/lfs/objects/verify "HTTP/1.1 200 OK"

combined.png:   0%|          | 0.00/53.0k [00:00<?, ?B/s][A2026-08-04 02:06:44,495 - INFO - HTTP Request: POST https://huggingface.co/datasets/unrulyabstractions/temporal-awareness.git/info/lfs/objects/verify "HTTP/1.1 200 OK"


core.png:   0%|          | 0.00/221k [00:00<?, ?B/s][A[A2026-08-04 02:06:44,695 - INFO - HTTP Request: PUT https://hf-hub-lfs-us-east-1.s3-accelerate.amazonaws.com/repos/ef/87/ef870e8dc8265ff802cde7e48a97a6727cc657365929f58754efc9d0b87852b3/600f10462008524956068925523e5a3ebf93d895b6d1e8526693ac441858d541?X-Amz-Algorithm=AWS4-HMAC-SHA256&X-Amz-Content-Sha256=UNSIGNED-PAYLOAD&X-Amz-Credential=AKIA2JU7TKAQOYY2AAUF%2F20260804%2Fus-east-1%2Fs3%2Faws4_request&X-Amz-Date=20260804T020628Z&X-Amz-Expires=900&X-Amz-Signature=6fb851bb974c3685374ee072e5efc0507c6c9dcc4f4b6837d8b0e182348957e1&X-Amz-SignedHeaders=host&x-amz-checksum-crc32=AAAAAA%3D%3D&x-amz-sdk-checksum-algorithm=CRC32&x-amz-storage-class=INTELLIGENT_TIERING&x-id=PutObject "HTTP/1.1 200 OK"
vocab.png: 100%|██████████| 217k/217k [00:00<00:00, 530kB/s]
2026-08-04 02:06:44,720 - INFO - HTTP Request: POST https://huggingface.co/datasets/unrulyabstractions/temporal-awareness.git/info/lfs/objects/verify "HTTP/1.1 200 OK"
2026-08-04 02:06:44,722 - INFO - HTTP Request: POST https://huggingface.co/datasets/unrulyabstractions/temporal-awareness.git/info/lfs/objects/verify "HTTP/1.1 200 OK"




Upload 114 LFS files:  79%|███████▉  | 90/114 [00:16<00:04,  5.96it/s][A[A[A[Afork.png:   0%|          | 0.00/107k [00:00<?, ?B/s]


logits.png:   0%|          | 0.00/366k [00:00<?, ?B/s][A[A[A2026-08-04 02:06:44,925 - INFO - HTTP Request: PUT https://hf-hub-lfs-us-east-1.s3-accelerate.amazonaws.com/repos/ef/87/ef870e8dc8265ff802cde7e48a97a6727cc657365929f58754efc9d0b87852b3/4fa5874fac2b7a9d493760ab2360c3d0cbd986d4ba2fa6b4ad6e95d5c1990f32?X-Amz-Algorithm=AWS4-HMAC-SHA256&X-Amz-Content-Sha256=UNSIGNED-PAYLOAD&X-Amz-Credential=AKIA2JU7TKAQOYY2AAUF%2F20260804%2Fus-east-1%2Fs3%2Faws4_request&X-Amz-Date=20260804T020628Z&X-Amz-Expires=900&X-Amz-Signature=ae74988e5cb4bd3c1efc92d553c20a8756e11ad9d6f10d9e85f627ec51cf06e4&X-Amz-SignedHeaders=host&x-amz-checksum-crc32=AAAAAA%3D%3D&x-amz-sdk-checksum-algorithm=CRC32&x-amz-storage-class=INTELLIGENT_TIERING&x-id=PutObject "HTTP/1.1 200 OK"
core.png: 100%|██████████| 221k/221k [00:00<00:00, 514kB/s]
2026-08-04 02:06:44,945 - INFO - HTTP Request: PUT https://hf-hub-lfs-us-east-1.s3-accelerate.amazonaws.com/repos/ef/87/ef870e8dc8265ff802cde7e48a97a6727cc657365929f58754efc9d0b87852b3/eced4539c3cbde5e3eccf3c87f43b7971d6849e7f31a7db1a610b3d6f2e62032?X-Amz-Algorithm=AWS4-HMAC-SHA256&X-Amz-Content-Sha256=UNSIGNED-PAYLOAD&X-Amz-Credential=AKIA2JU7TKAQOYY2AAUF%2F20260804%2Fus-east-1%2Fs3%2Faws4_request&X-Amz-Date=20260804T020628Z&X-Amz-Expires=900&X-Amz-Signature=fb54e818ab18350dfa5fd24b76628239b16f9cc06098f01f33a742af4e595bf6&X-Amz-SignedHeaders=host&x-amz-checksum-crc32=AAAAAA%3D%3D&x-amz-sdk-checksum-algorithm=CRC32&x-amz-storage-class=INTELLIGENT_TIERING&x-id=PutObject "HTTP/1.1 200 OK"
combined.png: 100%|██████████| 53.0k/53.0k [00:00<00:00, 106kB/s]
2026-08-04 02:06:44,997 - INFO - HTTP Request: POST https://huggingface.co/datasets/unrulyabstractions/temporal-awareness.git/info/lfs/objects/verify "HTTP/1.1 200 OK"




Upload 114 LFS files:  82%|████████▏ | 93/114 [00:16<00:03,  7.00it/s][A[A[A[A
probs.png:   0%|          | 0.00/173k [00:00<?, ?B/s][A2026-08-04 02:06:45,073 - INFO - HTTP Request: PUT https://hf-hub-lfs-us-east-1.s3-accelerate.amazonaws.com/repos/ef/87/ef870e8dc8265ff802cde7e48a97a6727cc657365929f58754efc9d0b87852b3/bad0b1245a45029240385f27c7d414fbc357097ea6b70e5e0215f9349320d303?X-Amz-Algorithm=AWS4-HMAC-SHA256&X-Amz-Content-Sha256=UNSIGNED-PAYLOAD&X-Amz-Credential=AKIA2JU7TKAQOYY2AAUF%2F20260804%2Fus-east-1%2Fs3%2Faws4_request&X-Amz-Date=20260804T020628Z&X-Amz-Expires=900&X-Amz-Signature=2558f5dcc4c72bb64cc0e35a0fc875a72ebdec88b5db827ea5539e11d82f9ab8&X-Amz-SignedHeaders=host&x-amz-checksum-crc32=AAAAAA%3D%3D&x-amz-sdk-checksum-algorithm=CRC32&x-amz-storage-class=INTELLIGENT_TIERING&x-id=PutObject "HTTP/1.1 200 OK"
fork.png: 100%|██████████| 107k/107k [00:00<00:00, 304kB/s]
2026-08-04 02:06:45,234 - INFO - HTTP Request: POST https://huggingface.co/datasets/unrulyabstractions/temporal-awareness.git/info/lfs/objects/verify "HTTP/1.1 200 OK"
trajectory.png:   0%|          | 0.00/215k [00:00<?, ?B/s]2026-08-04 02:06:45,275 - INFO - HTTP Request: POST https://huggingface.co/datasets/unrulyabstractions/temporal-awareness.git/info/lfs/objects/verify "HTTP/1.1 200 OK"




Upload 114 LFS files:  83%|████████▎ | 95/114 [00:16<00:02,  7.04it/s][A[A[A[A

vocab.png:   0%|          | 0.00/104k [00:00<?, ?B/s][A[A2026-08-04 02:06:45,305 - INFO - HTTP Request: PUT https://hf-hub-lfs-us-east-1.s3-accelerate.amazonaws.com/repos/ef/87/ef870e8dc8265ff802cde7e48a97a6727cc657365929f58754efc9d0b87852b3/2cfa6ecd5f97ff189cb08b1dc658791f0d34db2cb2f343ff80da80c0c6143841?X-Amz-Algorithm=AWS4-HMAC-SHA256&X-Amz-Content-Sha256=UNSIGNED-PAYLOAD&X-Amz-Credential=AKIA2JU7TKAQOYY2AAUF%2F20260804%2Fus-east-1%2Fs3%2Faws4_request&X-Amz-Date=20260804T020628Z&X-Amz-Expires=900&X-Amz-Signature=4ad5ec41158cbb2777ffd61a0adad1feb62aa2915ae23c0910348523da6c3ddd&X-Amz-SignedHeaders=host&x-amz-checksum-crc32=AAAAAA%3D%3D&x-amz-sdk-checksum-algorithm=CRC32&x-amz-storage-class=INTELLIGENT_TIERING&x-id=PutObject "HTTP/1.1 200 OK"
logits.png: 100%|██████████| 366k/366k [00:00<00:00, 630kB/s]
2026-08-04 02:06:45,400 - INFO - HTTP Request: POST https://huggingface.co/datasets/unrulyabstractions/temporal-awareness.git/info/lfs/objects/verify "HTTP/1.1 200 OK"




Upload 114 LFS files:  84%|████████▍ | 96/114 [00:16<00:02,  7.17it/s][A[A[A[A


combined.png:   0%|          | 0.00/54.3k [00:00<?, ?B/s][A[A[A2026-08-04 02:06:45,426 - INFO - HTTP Request: PUT https://hf-hub-lfs-us-east-1.s3-accelerate.amazonaws.com/repos/ef/87/ef870e8dc8265ff802cde7e48a97a6727cc657365929f58754efc9d0b87852b3/97fd45fe7b780f1668837de428564a84263057dccd35c3c78d916fb110360840?X-Amz-Algorithm=AWS4-HMAC-SHA256&X-Amz-Content-Sha256=UNSIGNED-PAYLOAD&X-Amz-Credential=AKIA2JU7TKAQOYY2AAUF%2F20260804%2Fus-east-1%2Fs3%2Faws4_request&X-Amz-Date=20260804T020628Z&X-Amz-Expires=900&X-Amz-Signature=53bd34bb920a045fb7796aa608b073617c381f3202bac881c331723f668905f2&X-Amz-SignedHeaders=host&x-amz-checksum-crc32=AAAAAA%3D%3D&x-amz-sdk-checksum-algorithm=CRC32&x-amz-storage-class=INTELLIGENT_TIERING&x-id=PutObject "HTTP/1.1 200 OK"
probs.png: 100%|██████████| 173k/173k [00:00<00:00, 404kB/s]
2026-08-04 02:06:45,638 - INFO - HTTP Request: POST https://huggingface.co/datasets/unrulyabstractions/temporal-awareness.git/info/lfs/objects/verify "HTTP/1.1 200 OK"




Upload 114 LFS files:  85%|████████▌ | 97/114 [00:17<00:02,  6.39it/s][A[A[A[A
core.png:   0%|          | 0.00/170k [00:00<?, ?B/s][A2026-08-04 02:06:45,644 - INFO - HTTP Request: PUT https://hf-hub-lfs-us-east-1.s3-accelerate.amazonaws.com/repos/ef/87/ef870e8dc8265ff802cde7e48a97a6727cc657365929f58754efc9d0b87852b3/32c55bfffa98d2e22e480d33a8436c973029a29143a42319130892b6bb09f358?X-Amz-Algorithm=AWS4-HMAC-SHA256&X-Amz-Content-Sha256=UNSIGNED-PAYLOAD&X-Amz-Credential=AKIA2JU7TKAQOYY2AAUF%2F20260804%2Fus-east-1%2Fs3%2Faws4_request&X-Amz-Date=20260804T020628Z&X-Amz-Expires=900&X-Amz-Signature=fd7a592c7efad316cf4e9c43a3c7bcfbbfd1b102efa2772d522c1ce5965ec63b&X-Amz-SignedHeaders=host&x-amz-checksum-crc32=AAAAAA%3D%3D&x-amz-sdk-checksum-algorithm=CRC32&x-amz-storage-class=INTELLIGENT_TIERING&x-id=PutObject "HTTP/1.1 200 OK"
vocab.png: 100%|██████████| 104k/104k [00:00<00:00, 281kB/s]
2026-08-04 02:06:45,669 - INFO - HTTP Request: PUT https://hf-hub-lfs-us-east-1.s3-accelerate.amazonaws.com/repos/ef/87/ef870e8dc8265ff802cde7e48a97a6727cc657365929f58754efc9d0b87852b3/803c9995e62bc55603d000babbf75048f6006f3de97f30f85a1c2420c2d885da?X-Amz-Algorithm=AWS4-HMAC-SHA256&X-Amz-Content-Sha256=UNSIGNED-PAYLOAD&X-Amz-Credential=AKIA2JU7TKAQOYY2AAUF%2F20260804%2Fus-east-1%2Fs3%2Faws4_request&X-Amz-Date=20260804T020628Z&X-Amz-Expires=900&X-Amz-Signature=641129fac5f45492589fc8fd45c8e33e92ec3aa96ff2acef1ccd1ccc775e2977&X-Amz-SignedHeaders=host&x-amz-checksum-crc32=AAAAAA%3D%3D&x-amz-sdk-checksum-algorithm=CRC32&x-amz-storage-class=INTELLIGENT_TIERING&x-id=PutObject "HTTP/1.1 200 OK"
trajectory.png: 100%|██████████| 215k/215k [00:00<00:00, 496kB/s]
2026-08-04 02:06:45,709 - INFO - HTTP Request: PUT https://hf-hub-lfs-us-east-1.s3-accelerate.amazonaws.com/repos/ef/87/ef870e8dc8265ff802cde7e48a97a6727cc657365929f58754efc9d0b87852b3/850e5a1277b9a1185a8c8998cc1635e8fe8cd0ca3e1a9b098b5aafea450716a5?X-Amz-Algorithm=AWS4-HMAC-SHA256&X-Amz-Content-Sha256=UNSIGNED-PAYLOAD&X-Amz-Credential=AKIA2JU7TKAQOYY2AAUF%2F20260804%2Fus-east-1%2Fs3%2Faws4_request&X-Amz-Date=20260804T020628Z&X-Amz-Expires=900&X-Amz-Signature=214dc96072a490bf41bcf4888b063f8786afd2ac22626e714cc368512b44c4a7&X-Amz-SignedHeaders=host&x-amz-checksum-crc32=AAAAAA%3D%3D&x-amz-sdk-checksum-algorithm=CRC32&x-amz-storage-class=INTELLIGENT_TIERING&x-id=PutObject "HTTP/1.1 200 OK"
combined.png: 100%|██████████| 54.3k/54.3k [00:00<00:00, 176kB/s]
2026-08-04 02:06:45,738 - INFO - HTTP Request: POST https://huggingface.co/datasets/unrulyabstractions/temporal-awareness.git/info/lfs/objects/verify "HTTP/1.1 200 OK"
fork.png:   0%|          | 0.00/178k [00:00<?, ?B/s]2026-08-04 02:06:45,983 - INFO - HTTP Request: POST https://huggingface.co/datasets/unrulyabstractions/temporal-awareness.git/info/lfs/objects/verify "HTTP/1.1 200 OK"
2026-08-04 02:06:45,984 - INFO - HTTP Request: POST https://huggingface.co/datasets/unrulyabstractions/temporal-awareness.git/info/lfs/objects/verify "HTTP/1.1 200 OK"


logits.png:   0%|          | 0.00/269k [00:00<?, ?B/s][A[A



Upload 114 LFS files:  87%|████████▋ | 99/114 [00:17<00:02,  6.17it/s][A[A[A[A


probs.png:   0%|          | 0.00/179k [00:00<?, ?B/s][A[A[A2026-08-04 02:06:46,013 - INFO - HTTP Request: POST https://huggingface.co/datasets/unrulyabstractions/temporal-awareness.git/info/lfs/objects/verify "HTTP/1.1 200 OK"





trajectory.png:   0%|          | 0.00/206k [00:00<?, ?B/s][A[A[A[A[A2026-08-04 02:06:46,172 - INFO - HTTP Request: PUT https://hf-hub-lfs-us-east-1.s3-accelerate.amazonaws.com/repos/ef/87/ef870e8dc8265ff802cde7e48a97a6727cc657365929f58754efc9d0b87852b3/4c3ccd28e5ed70c6122e270ab6c0352fc86c9552367684474dab8118418bc20c?X-Amz-Algorithm=AWS4-HMAC-SHA256&X-Amz-Content-Sha256=UNSIGNED-PAYLOAD&X-Amz-Credential=AKIA2JU7TKAQOYY2AAUF%2F20260804%2Fus-east-1%2Fs3%2Faws4_request&X-Amz-Date=20260804T020628Z&X-Amz-Expires=900&X-Amz-Signature=b8bec650e51b9aee65c16ff7a24cff13f14652be27b1dcaf707f47f95cb02e22&X-Amz-SignedHeaders=host&x-amz-checksum-crc32=AAAAAA%3D%3D&x-amz-sdk-checksum-algorithm=CRC32&x-amz-storage-class=INTELLIGENT_TIERING&x-id=PutObject "HTTP/1.1 200 OK"
core.png: 100%|██████████| 170k/170k [00:00<00:00, 320kB/s]
2026-08-04 02:06:46,176 - INFO - HTTP Request: PUT https://hf-hub-lfs-us-east-1.s3-accelerate.amazonaws.com/repos/ef/87/ef870e8dc8265ff802cde7e48a97a6727cc657365929f58754efc9d0b87852b3/f780c823f357cf9747b856ead561e46ae709e7f5e670c08c9f53c025c2274173?X-Amz-Algorithm=AWS4-HMAC-SHA256&X-Amz-Content-Sha256=UNSIGNED-PAYLOAD&X-Amz-Credential=AKIA2JU7TKAQOYY2AAUF%2F20260804%2Fus-east-1%2Fs3%2Faws4_request&X-Amz-Date=20260804T020628Z&X-Amz-Expires=900&X-Amz-Signature=6eb69ee65243000a40292d6e16ce7899c625e4666c79900f189713acdecc22b3&X-Amz-SignedHeaders=host&x-amz-checksum-crc32=AAAAAA%3D%3D&x-amz-sdk-checksum-algorithm=CRC32&x-amz-storage-class=INTELLIGENT_TIERING&x-id=PutObject "HTTP/1.1 200 OK"
fork.png: 100%|██████████| 178k/178k [00:00<00:00, 406kB/s]
2026-08-04 02:06:46,411 - INFO - HTTP Request: PUT https://hf-hub-lfs-us-east-1.s3-accelerate.amazonaws.com/repos/ef/87/ef870e8dc8265ff802cde7e48a97a6727cc657365929f58754efc9d0b87852b3/5e696ba859c862eb5306d0c8b0fb5c33b27d7592a2cde5dc32f669ec7f1baf3d?X-Amz-Algorithm=AWS4-HMAC-SHA256&X-Amz-Content-Sha256=UNSIGNED-PAYLOAD&X-Amz-Credential=AKIA2JU7TKAQOYY2AAUF%2F20260804%2Fus-east-1%2Fs3%2Faws4_request&X-Amz-Date=20260804T020628Z&X-Amz-Expires=900&X-Amz-Signature=61f9cd195df6af3119e501f45aec2cbca46b9723b90cbe8f6556344edff7ff48&X-Amz-SignedHeaders=host&x-amz-checksum-crc32=AAAAAA%3D%3D&x-amz-sdk-checksum-algorithm=CRC32&x-amz-storage-class=INTELLIGENT_TIERING&x-id=PutObject "HTTP/1.1 200 OK"
probs.png: 100%|██████████| 179k/179k [00:00<00:00, 424kB/s]
2026-08-04 02:06:46,478 - INFO - HTTP Request: PUT https://hf-hub-lfs-us-east-1.s3-accelerate.amazonaws.com/repos/ef/87/ef870e8dc8265ff802cde7e48a97a6727cc657365929f58754efc9d0b87852b3/ee71a9b7c26ba7863ff239daff1f0d89a56e420c7ea4cf08bba8792df4a29f65?X-Amz-Algorithm=AWS4-HMAC-SHA256&X-Amz-Content-Sha256=UNSIGNED-PAYLOAD&X-Amz-Credential=AKIA2JU7TKAQOYY2AAUF%2F20260804%2Fus-east-1%2Fs3%2Faws4_request&X-Amz-Date=20260804T020628Z&X-Amz-Expires=900&X-Amz-Signature=74ea222eef4a11117d255452e4887dd8b3cee85f622c86685ab9cd00190320b6&X-Amz-SignedHeaders=host&x-amz-checksum-crc32=AAAAAA%3D%3D&x-amz-sdk-checksum-algorithm=CRC32&x-amz-storage-class=INTELLIGENT_TIERING&x-id=PutObject "HTTP/1.1 200 OK"
logits.png: 100%|██████████| 269k/269k [00:00<00:00, 546kB/s]
2026-08-04 02:06:46,494 - INFO - HTTP Request: POST https://huggingface.co/datasets/unrulyabstractions/temporal-awareness.git/info/lfs/objects/verify "HTTP/1.1 200 OK"




Upload 114 LFS files:  89%|████████▉ | 102/114 [00:17<00:01,  6.05it/s][A[A[A[Avocab.png:   0%|          | 0.00/183k [00:00<?, ?B/s]2026-08-04 02:06:46,641 - INFO - HTTP Request: POST https://huggingface.co/datasets/unrulyabstractions/temporal-awareness.git/info/lfs/objects/verify "HTTP/1.1 200 OK"




Upload 114 LFS files:  90%|█████████ | 103/114 [00:18<00:01,  6.16it/s][A[A[A[A
combined.png:   0%|          | 0.00/54.2k [00:00<?, ?B/s][A2026-08-04 02:06:46,757 - INFO - HTTP Request: POST https://huggingface.co/datasets/unrulyabstractions/temporal-awareness.git/info/lfs/objects/verify "HTTP/1.1 200 OK"


core.png:   0%|          | 0.00/187k [00:00<?, ?B/s][A[A2026-08-04 02:06:46,760 - INFO - HTTP Request: POST https://huggingface.co/datasets/unrulyabstractions/temporal-awareness.git/info/lfs/objects/verify "HTTP/1.1 200 OK"




Upload 114 LFS files:  91%|█████████ | 104/114 [00:18<00:01,  6.50it/s][A[A[A[A


fork.png:   0%|          | 0.00/165k [00:00<?, ?B/s][A[A[A2026-08-04 02:06:46,854 - INFO - HTTP Request: PUT https://hf-hub-lfs-us-east-1.s3-accelerate.amazonaws.com/repos/ef/87/ef870e8dc8265ff802cde7e48a97a6727cc657365929f58754efc9d0b87852b3/6f8a91d2279e3923e967dc1234d8c89b123d44a769148acc06333214f1f51006?X-Amz-Algorithm=AWS4-HMAC-SHA256&X-Amz-Content-Sha256=UNSIGNED-PAYLOAD&X-Amz-Credential=AKIA2JU7TKAQOYY2AAUF%2F20260804%2Fus-east-1%2Fs3%2Faws4_request&X-Amz-Date=20260804T020628Z&X-Amz-Expires=900&X-Amz-Signature=c214b73e2122cc0ec1184327cc9965dad3830e072d2085bb8fba8e9a71e8e72e&X-Amz-SignedHeaders=host&x-amz-checksum-crc32=AAAAAA%3D%3D&x-amz-sdk-checksum-algorithm=CRC32&x-amz-storage-class=INTELLIGENT_TIERING&x-id=PutObject "HTTP/1.1 200 OK"
trajectory.png: 100%|██████████| 206k/206k [00:00<00:00, 245kB/s]
2026-08-04 02:06:46,882 - INFO - HTTP Request: PUT https://hf-hub-lfs-us-east-1.s3-accelerate.amazonaws.com/repos/ef/87/ef870e8dc8265ff802cde7e48a97a6727cc657365929f58754efc9d0b87852b3/0632268d73d05afe99d593818c08871d9d3eedb35ab5b00a874c515239b9f841?X-Amz-Algorithm=AWS4-HMAC-SHA256&X-Amz-Content-Sha256=UNSIGNED-PAYLOAD&X-Amz-Credential=AKIA2JU7TKAQOYY2AAUF%2F20260804%2Fus-east-1%2Fs3%2Faws4_request&X-Amz-Date=20260804T020628Z&X-Amz-Expires=900&X-Amz-Signature=070f44fd0c0ffb91b75520817239b7f999aaa25ac1191cb2b176f62b5062710b&X-Amz-SignedHeaders=host&x-amz-checksum-crc32=AAAAAA%3D%3D&x-amz-sdk-checksum-algorithm=CRC32&x-amz-storage-class=INTELLIGENT_TIERING&x-id=PutObject "HTTP/1.1 200 OK"
vocab.png: 100%|██████████| 183k/183k [00:00<00:00, 473kB/s]
2026-08-04 02:06:47,002 - INFO - HTTP Request: PUT https://hf-hub-lfs-us-east-1.s3-accelerate.amazonaws.com/repos/ef/87/ef870e8dc8265ff802cde7e48a97a6727cc657365929f58754efc9d0b87852b3/5352a977b612a7c35a31fc766bc067b35d8bcdbf384c4f413436ed5186381ebb?X-Amz-Algorithm=AWS4-HMAC-SHA256&X-Amz-Content-Sha256=UNSIGNED-PAYLOAD&X-Amz-Credential=AKIA2JU7TKAQOYY2AAUF%2F20260804%2Fus-east-1%2Fs3%2Faws4_request&X-Amz-Date=20260804T020628Z&X-Amz-Expires=900&X-Amz-Signature=e562d6091f29c5fb1e21d0d7f549f7202fd15bf9205f3ec027cbfa37ddab2000&X-Amz-SignedHeaders=host&x-amz-checksum-crc32=AAAAAA%3D%3D&x-amz-sdk-checksum-algorithm=CRC32&x-amz-storage-class=INTELLIGENT_TIERING&x-id=PutObject "HTTP/1.1 200 OK"
combined.png: 100%|██████████| 54.2k/54.2k [00:00<00:00, 151kB/s]
2026-08-04 02:06:47,149 - INFO - HTTP Request: POST https://huggingface.co/datasets/unrulyabstractions/temporal-awareness.git/info/lfs/objects/verify "HTTP/1.1 200 OK"




Upload 114 LFS files:  93%|█████████▎| 106/114 [00:18<00:01,  5.95it/s][A[A[A[Alogits.png:   0%|          | 0.00/260k [00:00<?, ?B/s]2026-08-04 02:06:47,176 - INFO - HTTP Request: PUT https://hf-hub-lfs-us-east-1.s3-accelerate.amazonaws.com/repos/ef/87/ef870e8dc8265ff802cde7e48a97a6727cc657365929f58754efc9d0b87852b3/ab61ee2474ea2d5333a5f6cde92ca266dea88b4cbc99325e65e3144bfd827376?X-Amz-Algorithm=AWS4-HMAC-SHA256&X-Amz-Content-Sha256=UNSIGNED-PAYLOAD&X-Amz-Credential=AKIA2JU7TKAQOYY2AAUF%2F20260804%2Fus-east-1%2Fs3%2Faws4_request&X-Amz-Date=20260804T020628Z&X-Amz-Expires=900&X-Amz-Signature=fc204be38a9a00787226881eef4b28c56765f873dc520bc27756cdcf3a5aad46&X-Amz-SignedHeaders=host&x-amz-checksum-crc32=AAAAAA%3D%3D&x-amz-sdk-checksum-algorithm=CRC32&x-amz-storage-class=INTELLIGENT_TIERING&x-id=PutObject "HTTP/1.1 200 OK"
core.png: 100%|██████████| 187k/187k [00:00<00:00, 449kB/s]
2026-08-04 02:06:47,202 - INFO - HTTP Request: POST https://huggingface.co/datasets/unrulyabstractions/temporal-awareness.git/info/lfs/objects/verify "HTTP/1.1 200 OK"

probs.png:   0%|          | 0.00/172k [00:00<?, ?B/s][A2026-08-04 02:06:47,293 - INFO - HTTP Request: PUT https://hf-hub-lfs-us-east-1.s3-accelerate.amazonaws.com/repos/ef/87/ef870e8dc8265ff802cde7e48a97a6727cc657365929f58754efc9d0b87852b3/31dd01cbe0595030b0981b77f17c9f3bfcc9194a97275fcb7dbdd06ac3ae9967?X-Amz-Algorithm=AWS4-HMAC-SHA256&X-Amz-Content-Sha256=UNSIGNED-PAYLOAD&X-Amz-Credential=AKIA2JU7TKAQOYY2AAUF%2F20260804%2Fus-east-1%2Fs3%2Faws4_request&X-Amz-Date=20260804T020628Z&X-Amz-Expires=900&X-Amz-Signature=4ac4f8e140d5194767da6d48187fa95d38fd154cd0a0d49b9b1f785e010c2f64&X-Amz-SignedHeaders=host&x-amz-checksum-crc32=AAAAAA%3D%3D&x-amz-sdk-checksum-algorithm=CRC32&x-amz-storage-class=INTELLIGENT_TIERING&x-id=PutObject "HTTP/1.1 200 OK"
fork.png: 100%|██████████| 165k/165k [00:00<00:00, 310kB/s]
2026-08-04 02:06:47,311 - INFO - HTTP Request: POST https://huggingface.co/datasets/unrulyabstractions/temporal-awareness.git/info/lfs/objects/verify "HTTP/1.1 200 OK"




Upload 114 LFS files:  95%|█████████▍| 108/114 [00:18<00:00,  7.20it/s][A[A[A[A

trajectory.png:   0%|          | 0.00/194k [00:00<?, ?B/s][A[A2026-08-04 02:06:47,538 - INFO - HTTP Request: POST https://huggingface.co/datasets/unrulyabstractions/temporal-awareness.git/info/lfs/objects/verify "HTTP/1.1 200 OK"




Upload 114 LFS files:  96%|█████████▌| 109/114 [00:18<00:00,  6.41it/s][A[A[A[A


vocab.png:   0%|          | 0.00/168k [00:00<?, ?B/s][A[A[A2026-08-04 02:06:47,596 - INFO - HTTP Request: PUT https://hf-hub-lfs-us-east-1.s3-accelerate.amazonaws.com/repos/ef/87/ef870e8dc8265ff802cde7e48a97a6727cc657365929f58754efc9d0b87852b3/4331a47d40565853b04d23c778419afae101aa4e226a3be943407318526a2484?X-Amz-Algorithm=AWS4-HMAC-SHA256&X-Amz-Content-Sha256=UNSIGNED-PAYLOAD&X-Amz-Credential=AKIA2JU7TKAQOYY2AAUF%2F20260804%2Fus-east-1%2Fs3%2Faws4_request&X-Amz-Date=20260804T020628Z&X-Amz-Expires=900&X-Amz-Signature=f8b90f9a34412ad910ea8aefda4b51a74306efd39d7b669793c3b3c2411f847c&X-Amz-SignedHeaders=host&x-amz-checksum-crc32=AAAAAA%3D%3D&x-amz-sdk-checksum-algorithm=CRC32&x-amz-storage-class=INTELLIGENT_TIERING&x-id=PutObject "HTTP/1.1 200 OK"
logits.png: 100%|██████████| 260k/260k [00:00<00:00, 583kB/s]
2026-08-04 02:06:47,631 - INFO - HTTP Request: POST https://huggingface.co/datasets/unrulyabstractions/temporal-awareness.git/info/lfs/objects/verify "HTTP/1.1 200 OK"
2026-08-04 02:06:47,650 - INFO - HTTP Request: PUT https://hf-hub-lfs-us-east-1.s3-accelerate.amazonaws.com/repos/ef/87/ef870e8dc8265ff802cde7e48a97a6727cc657365929f58754efc9d0b87852b3/c9ca7c1419dd26696cda779fcff8ea0e85920619c0cda27b1218b02ae9512e8b?X-Amz-Algorithm=AWS4-HMAC-SHA256&X-Amz-Content-Sha256=UNSIGNED-PAYLOAD&X-Amz-Credential=AKIA2JU7TKAQOYY2AAUF%2F20260804%2Fus-east-1%2Fs3%2Faws4_request&X-Amz-Date=20260804T020628Z&X-Amz-Expires=900&X-Amz-Signature=e45823f9343661e54edd601ee85bf7aef2dfc775f1ce50289d204918e23284ba&X-Amz-SignedHeaders=host&x-amz-checksum-crc32=AAAAAA%3D%3D&x-amz-sdk-checksum-algorithm=CRC32&x-amz-storage-class=INTELLIGENT_TIERING&x-id=PutObject "HTTP/1.1 200 OK"
probs.png: 100%|██████████| 172k/172k [00:00<00:00, 385kB/s]
2026-08-04 02:06:47,689 - INFO - HTTP Request: PUT https://hf-hub-lfs-us-east-1.s3-accelerate.amazonaws.com/repos/ef/87/ef870e8dc8265ff802cde7e48a97a6727cc657365929f58754efc9d0b87852b3/4abb4a1a7e95c0f8a245e65fc86baa27f63c8dfb99f7ac9e18e2bb4f987116e1?X-Amz-Algorithm=AWS4-HMAC-SHA256&X-Amz-Content-Sha256=UNSIGNED-PAYLOAD&X-Amz-Credential=AKIA2JU7TKAQOYY2AAUF%2F20260804%2Fus-east-1%2Fs3%2Faws4_request&X-Amz-Date=20260804T020628Z&X-Amz-Expires=900&X-Amz-Signature=019d4ad5736c8102c96c3a52906f64a6b14d3ff95f41269584d8ecdbfb529220&X-Amz-SignedHeaders=host&x-amz-checksum-crc32=AAAAAA%3D%3D&x-amz-sdk-checksum-algorithm=CRC32&x-amz-storage-class=INTELLIGENT_TIERING&x-id=PutObject "HTTP/1.1 200 OK"
trajectory.png: 100%|██████████| 194k/194k [00:00<00:00, 515kB/s]
2026-08-04 02:06:47,946 - INFO - HTTP Request: PUT https://hf-hub-lfs-us-east-1.s3-accelerate.amazonaws.com/repos/ef/87/ef870e8dc8265ff802cde7e48a97a6727cc657365929f58754efc9d0b87852b3/c8caa84c000f9455f8d03a6082bd248fe6d50818d538116e4ecc69f9a8e5b851?X-Amz-Algorithm=AWS4-HMAC-SHA256&X-Amz-Content-Sha256=UNSIGNED-PAYLOAD&X-Amz-Credential=AKIA2JU7TKAQOYY2AAUF%2F20260804%2Fus-east-1%2Fs3%2Faws4_request&X-Amz-Date=20260804T020628Z&X-Amz-Expires=900&X-Amz-Signature=e22a4fac1fc986494cd8bc734e99efea053ca41b41f19aa1794e02fb4ef8ff34&X-Amz-SignedHeaders=host&x-amz-checksum-crc32=AAAAAA%3D%3D&x-amz-sdk-checksum-algorithm=CRC32&x-amz-storage-class=INTELLIGENT_TIERING&x-id=PutObject "HTTP/1.1 200 OK"
2026-08-04 02:06:47,947 - INFO - HTTP Request: POST https://huggingface.co/datasets/unrulyabstractions/temporal-awareness.git/info/lfs/objects/verify "HTTP/1.1 200 OK"
vocab.png: 100%|██████████| 168k/168k [00:00<00:00, 412kB/s]
2026-08-04 02:06:47,998 - INFO - HTTP Request: POST https://huggingface.co/datasets/unrulyabstractions/temporal-awareness.git/info/lfs/objects/verify "HTTP/1.1 200 OK"
2026-08-04 02:06:48,033 - INFO - HTTP Request: POST https://huggingface.co/datasets/unrulyabstractions/temporal-awareness.git/info/lfs/objects/verify "HTTP/1.1 200 OK"




Upload 114 LFS files:  97%|█████████▋| 111/114 [00:19<00:00,  5.30it/s][A[A[A[A2026-08-04 02:06:48,248 - INFO - HTTP Request: POST https://huggingface.co/datasets/unrulyabstractions/temporal-awareness.git/info/lfs/objects/verify "HTTP/1.1 200 OK"




Upload 114 LFS files: 100%|██████████| 114/114 [00:19<00:00,  7.25it/s][A[A[A[AUpload 114 LFS files: 100%|██████████| 114/114 [00:19<00:00,  5.81it/s]
2026-08-04 02:07:04,184 - INFO - HTTP Request: POST https://huggingface.co/api/datasets/unrulyabstractions/temporal-awareness/commit/main "HTTP/1.1 200 OK"
2026-08-04 02:07:04,198 - INFO - [commit 1/1] 135 files, 33.6 MB in 37.2s (925.2 KB/s) | pass total 135/135 files, 33.6 MB, 37.2s
2026-08-04 02:07:04,199 - INFO - Waiting 120s for new files (done-file RUN_COMPLETE: present)
2026-08-04 02:09:04,208 - INFO - Scanned /root/temporal-awareness/out/experiments/loc_qwen_risk: 221 files on disk, 0 to upload (0.0 B)
2026-08-04 02:09:04,209 - INFO - RUN_COMPLETE is present and nothing is pending; the run is fully synced
2026-08-04 02:09:04,209 - INFO - Done: 298 files, 56.4 MB in 3h04m33s -> unrulyabstractions/temporal-awareness/localization/loc_qwen_risk
2026-08-04 02:09:12,355 - INFO - HTTP Request: GET https://huggingface.co/api/datasets/unrulyabstractions/temporal-awareness "HTTP/1.1 200 OK"
2026-08-04 02:09:12,626 - INFO - Syncing /root/temporal-awareness/out/experiments/loc_qwen_risk -> unrulyabstractions/temporal-awareness/localization/loc_qwen_risk (dataset)
2026-08-04 02:09:12,629 - INFO - Scanned /root/temporal-awareness/out/experiments/loc_qwen_risk: 221 files on disk, 0 to upload (0.0 B)
2026-08-04 02:09:12,629 - INFO - Done: 0 files, 0.0 B in 0.0s -> unrulyabstractions/temporal-awareness/localization/loc_qwen_risk
2026-08-04 02:09:12,931 - INFO - HTTP Request: GET https://huggingface.co/api/datasets/unrulyabstractions/temporal-awareness/tree/main/localization%2Floc_qwen_risk?recursive=true&expand=false "HTTP/1.1 200 OK"
2026-08-04 02:09:12,950 - INFO - Verify unrulyabstractions/temporal-awareness/localization/loc_qwen_risk: 221 local, 221 remote, 0 missing, 0 size-mismatched
