evidence_share,question_share,probe,arm,mean_shared_options,n_context,ctx_tokens,context_fill,pathology,gold,pred,correct,parsed,mean_entropy,response
0.0320513761107577,0.10239862476009876,0,disjoint,0.0,8,3150,0.769,Viral pharyngitis,E,,False,False,,
0.023500119132222608,0.09975675733585376,0,random,1.5,8,2984,0.7285,Viral pharyngitis,E,,False,False,,
0.015669593252823688,0.11064127240388189,0,near_dup,4.0,8,3343,0.8162,Viral pharyngitis,E,,False,False,,
0.02167432454007212,0.0969727245537797,1,disjoint,0.0,8,3128,0.7637,Croup,A,,False,False,,
0.024855635754647665,0.08612159639596939,1,random,0.875,8,2893,0.7063,Croup,A,,False,False,,
0.025369469018187374,0.09787862865778152,1,near_dup,3.375,8,2932,0.7158,Croup,A,,False,False,,
0.06020274468755815,0.10244719494949095,2,disjoint,0.0,8,2848,0.6953,Tuberculosis,B,,False,False,,
0.038793409723439254,0.11652322206646204,2,random,1.25,8,2767,0.6755,Tuberculosis,B,,False,False,,
0.04659417478251271,0.11599877814296633,2,near_dup,3.5,8,2314,0.5649,Tuberculosis,B,,False,False,,
0.04822677653282881,0.1093458427785663,4,disjoint,0.0,8,3150,0.769,Anaphylaxis,B,,False,False,,
0.049170951067935675,0.11103237616771366,4,random,0.625,8,3032,0.7402,Anaphylaxis,B,,False,False,,
0.03999119409127161,0.11739092619973235,4,near_dup,3.0,8,3747,0.9148,Anaphylaxis,B,,False,False,,
0.02859366949996911,0.08534488975419663,5,disjoint,0.0,8,3075,0.7507,Acute COPD exacerbation / infection,C,,False,False,,
0.022972966340603307,0.0892089717235649,5,random,1.375,8,2848,0.6953,Acute COPD exacerbation / infection,C,,False,False,,
0.023243730523972772,0.0892545981623698,5,near_dup,4.0,8,3102,0.7573,Acute COPD exacerbation / infection,C,,False,False,,
0.02690130253904499,0.15763577849429566,6,disjoint,0.0,8,3114,0.7603,GERD,E,,False,False,,
0.03466792477411218,0.15051265177316964,6,random,0.875,8,3269,0.7981,GERD,E,,False,False,,
0.04086292775173206,0.1177276496819104,6,near_dup,3.0,8,2713,0.6624,GERD,E,,False,False,,
0.03988484406727366,0.12261961291369516,7,disjoint,0.0,8,2986,0.729,HIV (initial infection),A,,False,False,,
0.03640277893282473,0.11856423412245931,7,random,0.25,8,3024,0.7383,HIV (initial infection),A,,False,False,,
0.033847654645796865,0.1003453492448898,7,near_dup,3.625,8,3215,0.7849,HIV (initial infection),A,,False,False,,
0.035158344835508615,0.13026899374381173,8,disjoint,0.0,8,3222,0.7866,Unstable angina,C,,False,False,,
0.03012092667631805,0.12242106669145869,8,random,1.25,8,3183,0.7771,Unstable angina,C,,False,False,,
0.02910052306833677,0.11991048541676719,8,near_dup,4.0,8,3350,0.8179,Unstable angina,C,,False,False,,
0.04541810543742031,0.11480264348210767,9,disjoint,0.0,8,2626,0.6411,Scombroid food poisoning,B,,False,False,,
0.04120785201666877,0.10865897498297272,9,random,1.375,8,2926,0.7144,Scombroid food poisoning,B,,False,False,,
0.042855744090047665,0.10435781940759625,9,near_dup,3.125,8,2905,0.7092,Scombroid food poisoning,B,,False,False,,
0.031136414734646678,0.10645527727319859,10,disjoint,0.0,8,3177,0.7756,Atrial fibrillation,A,,False,False,,
0.025232232525013387,0.10476116216159426,10,random,1.5,8,3071,0.7498,Atrial fibrillation,A,,False,False,,
0.02632605331018567,0.11268600043695187,10,near_dup,4.0,8,2736,0.668,Atrial fibrillation,A,,False,False,,
0.024211019685026258,0.1421515579422703,12,disjoint,0.0,8,3339,0.8152,Pulmonary embolism,C,,False,False,,
0.025961194798583165,0.13653573534975294,12,random,0.5,8,3216,0.7852,Pulmonary embolism,C,,False,False,,
0.026019969081971794,0.11398504530370701,12,near_dup,3.125,8,2894,0.7065,Pulmonary embolism,C,,False,False,,
0.03795591200469062,0.14549015708325896,13,disjoint,0.0,8,3420,0.835,Influenza,E,,False,False,,
0.03176281548803672,0.1356503588540363,13,random,0.5,8,3513,0.8577,Influenza,E,,False,False,,
0.04110764717916027,0.11958187611890025,13,near_dup,4.0,8,2849,0.6956,Influenza,E,,False,False,,
0.024144694150891155,0.13021746765298303,15,disjoint,0.0,8,3262,0.7964,Allergic sinusitis,C,,False,False,,
0.018987476265465375,0.12678079487523064,15,random,1.5,8,2480,0.6055,Allergic sinusitis,C,,False,False,,
0.024471640805131756,0.12127635337674292,15,near_dup,4.0,8,2996,0.7314,Allergic sinusitis,C,,False,False,,
0.039961612099432386,0.10433992150501581,16,disjoint,0.0,8,2974,0.7261,Bronchospasm / acute asthma exacerbation,E,,False,False,,
0.035192742478102446,0.10280388227693038,16,random,0.375,8,3129,0.7639,Bronchospasm / acute asthma exacerbation,E,,False,False,,
0.0398529415106168,0.12123385466111358,16,near_dup,4.0,8,2409,0.5881,Bronchospasm / acute asthma exacerbation,E,,False,False,,
0.028703602321911603,0.11352462364448002,17,disjoint,0.0,8,3479,0.8494,Panic attack,A,,False,False,,
0.030221975001040846,0.11704621776152635,17,random,0.625,8,3312,0.8086,Panic attack,A,,False,False,,
0.04125107321306132,0.10546255852386821,17,near_dup,4.0,8,3666,0.895,Panic attack,A,,False,False,,
0.03301558698876761,0.12362346539157443,18,disjoint,0.0,8,2923,0.7136,Pulmonary neoplasm,A,,False,False,,
0.026418199704494327,0.10935366853664164,18,random,1.0,8,2933,0.7161,Pulmonary neoplasm,A,,False,False,,
0.02518983432673849,0.11162404482456623,18,near_dup,3.125,8,3267,0.7976,Pulmonary neoplasm,A,,False,False,,
0.03580557770328596,0.10834917808824684,19,disjoint,0.0,8,2974,0.7261,Epiglottitis,A,,False,False,,
0.03583021103986539,0.11142297609330853,19,random,0.375,8,3138,0.7661,Epiglottitis,A,,False,False,,
0.034931744914501905,0.11354518953157822,19,near_dup,3.0,8,2568,0.627,Epiglottitis,A,,False,False,,
0.02808356480090879,0.10994801155175082,20,disjoint,0.0,8,3463,0.8455,Pulmonary embolism,D,,False,False,,
0.026704279938712716,0.11643608299345942,20,random,0.5,8,3192,0.7793,Pulmonary embolism,D,,False,False,,
0.031729314592666924,0.09013579128077254,20,near_dup,4.0,8,3206,0.7827,Pulmonary embolism,D,,False,False,,
0.030996818211860955,0.10697152335342253,21,disjoint,0.0,8,3385,0.8264,URTI,D,,False,False,,
0.02821184265485499,0.1046599236142356,21,random,0.75,8,3280,0.8008,URTI,D,,False,False,,
0.021390953377704136,0.12712953073059907,21,near_dup,3.625,8,3219,0.7859,URTI,D,,False,False,,
0.034146552497986704,0.1070251203054795,22,disjoint,0.0,8,2940,0.7178,Unstable angina,E,,False,False,,
0.03239750303328037,0.11176786234136671,22,random,0.25,8,2960,0.7227,Unstable angina,E,,False,False,,
0.024392442894168198,0.11079974961467087,22,near_dup,4.0,8,3346,0.8169,Unstable angina,E,,False,False,,
0.03162996121682227,0.14646551533951424,23,disjoint,0.0,8,3103,0.7576,Acute otitis media,D,,False,False,,
0.03221035315073095,0.11371964011777891,23,random,0.625,8,2943,0.7185,Acute otitis media,D,,False,False,,
0.026058851392008364,0.10470808442187263,23,near_dup,4.0,8,2635,0.6433,Acute otitis media,D,,False,False,,
0.04318841695203446,0.11846649282233557,24,disjoint,0.0,8,3842,0.938,Pneumonia,D,,False,False,,
0.03914934684871696,0.12366500996722607,24,random,1.125,8,3329,0.8127,Pneumonia,D,,False,False,,
0.0571257229312323,0.10639953643112676,24,near_dup,4.0,8,2539,0.6199,Pneumonia,D,,False,False,,
0.03028788004303351,0.12141103624162497,25,disjoint,0.0,8,2838,0.6929,Epiglottitis,B,,False,False,,
0.02564908261410892,0.12038026453228667,25,random,1.125,8,3136,0.7656,Epiglottitis,B,,False,False,,
0.03299256111495197,0.12353040640300605,25,near_dup,3.625,8,2444,0.5967,Epiglottitis,B,,False,False,,
0.027499125484609976,0.11142094268871006,26,disjoint,0.0,8,2966,0.7241,Viral pharyngitis,B,,False,False,,
0.02182093998271739,0.11664574448514031,26,random,1.0,8,3036,0.7412,Viral pharyngitis,B,,False,False,,
0.020496672223089263,0.10786700456083054,26,near_dup,3.0,8,2917,0.7122,Viral pharyngitis,B,,False,False,,
0.02872329723322764,0.13381212690728717,27,disjoint,0.0,8,2756,0.6729,Myocarditis,E,,False,False,,
0.027984808897599578,0.13046579029469285,27,random,1.125,8,2976,0.7266,Myocarditis,E,,False,False,,
0.0295943588425871,0.11235404704348184,27,near_dup,3.25,8,3117,0.761,Myocarditis,E,,False,False,,
0.029309763864148408,0.1247670229859068,28,disjoint,0.0,8,3153,0.7698,Pulmonary embolism,E,,False,False,,
0.02917837561108172,0.1098230427087401,28,random,0.375,8,3168,0.7734,Pulmonary embolism,E,,False,False,,
0.030042355589102954,0.08914503979030997,28,near_dup,4.0,8,3395,0.8289,Pulmonary embolism,E,,False,False,,
0.03859409273718484,0.13670012434158707,29,disjoint,0.0,8,3352,0.8184,Pneumonia,B,,False,False,,
0.03795795579208061,0.12215244521212298,29,random,0.875,8,3029,0.7395,Pneumonia,B,,False,False,,
0.0400434369512368,0.10346317810035544,29,near_dup,3.625,8,2750,0.6714,Pneumonia,B,,False,False,,
0.03537490771850571,0.11903766931209248,30,disjoint,0.0,8,3115,0.7605,Influenza,A,,False,False,,
0.03217343823052943,0.128650662729342,30,random,0.625,8,3039,0.7419,Influenza,A,,False,False,,
0.044829642662080005,0.11097614022583002,30,near_dup,4.0,8,2847,0.6951,Influenza,A,,False,False,,
0.02702292089816183,0.0839203446812462,31,disjoint,0.0,8,3183,0.7771,Acute COPD exacerbation / infection,C,,False,False,,
0.029006757773458958,0.08508151334535796,31,random,0.5,8,2819,0.6882,Acute COPD exacerbation / infection,C,,False,False,,
0.0234975773782935,0.10146071255439892,31,near_dup,4.0,8,3386,0.8267,Acute COPD exacerbation / infection,C,,False,False,,
0.028319235410890542,0.13139031462924322,32,disjoint,0.0,8,3019,0.7371,URTI,C,,False,False,,
0.02146667781926226,0.12945147642312804,32,random,0.375,8,3008,0.7344,URTI,C,,False,False,,
0.027810162820969708,0.11908045219024643,32,near_dup,4.0,8,3913,0.9553,URTI,C,,False,False,,
0.05034843157045543,0.09553006703208666,33,disjoint,0.0,8,3241,0.7913,Anemia,C,,False,False,,
0.04771817149594426,0.09198579544317909,33,random,0.125,8,3295,0.8044,Anemia,C,,False,False,,
0.03590945914038457,0.09263238376297522,33,near_dup,4.0,8,3922,0.9575,Anemia,C,,False,False,,
0.03652926400536671,0.1067177919758251,34,disjoint,0.0,8,2832,0.6914,Anemia,C,,False,False,,
0.034547125425888225,0.09621779447479639,34,random,1.125,8,3112,0.7598,Anemia,C,,False,False,,
0.04114829792524688,0.0889225068531232,34,near_dup,3.75,8,2572,0.6279,Anemia,C,,False,False,,
0.033465811400674284,0.13247378838423174,36,disjoint,0.0,8,2515,0.614,Acute pulmonary edema,D,,False,False,,
0.03280963652650826,0.11136209730466362,36,random,1.125,8,3395,0.8289,Acute pulmonary edema,D,,False,False,,
0.03666391488513909,0.10946976585546508,36,near_dup,4.0,8,3351,0.8181,Acute pulmonary edema,D,,False,False,,
0.03409385940176435,0.11831407791396487,37,disjoint,0.0,8,2780,0.6787,Acute pulmonary edema,C,,False,False,,
0.03253786050481722,0.12265980461233994,37,random,1.25,8,3200,0.7812,Acute pulmonary edema,C,,False,False,,
0.034672058740397915,0.10692951698001707,37,near_dup,3.0,8,2959,0.7224,Acute pulmonary edema,C,,False,False,,
0.026999792768037878,0.0999224274783046,38,disjoint,0.0,8,3603,0.8796,Chronic rhinosinusitis,B,,False,False,,
0.02350785373710096,0.1178695744893048,38,random,1.25,8,2930,0.7153,Chronic rhinosinusitis,B,,False,False,,
0.01883149288187269,0.10339095858216751,38,near_dup,4.0,8,3070,0.7495,Chronic rhinosinusitis,B,,False,False,,
0.02948634058702737,0.13144070116686635,39,disjoint,0.0,8,2910,0.7104,URTI,E,,False,False,,
0.027336649800417945,0.12217183731263503,39,random,0.375,8,2926,0.7144,URTI,E,,False,False,,
0.03142925079737324,0.11692970609874465,39,near_dup,4.0,8,3584,0.875,URTI,E,,False,False,,
0.034667812258703634,0.15045185400231276,40,disjoint,0.0,8,3307,0.8074,Influenza,D,,False,False,,
0.031942294735927135,0.1208499477506848,40,random,1.625,8,2851,0.696,Influenza,D,,False,False,,
0.027782802615547553,0.10619235133344773,40,near_dup,4.0,8,3250,0.7935,Influenza,D,,False,False,,
0.03825760935433209,0.11598801260697655,41,disjoint,0.0,8,3030,0.7397,Acute dystonic reactions,C,,False,False,,
0.0357752614072524,0.12169627830007812,41,random,0.625,8,2694,0.6577,Acute dystonic reactions,C,,False,False,,
0.05176743268384598,0.09742793250916293,41,near_dup,4.0,8,2413,0.5891,Acute dystonic reactions,C,,False,False,,
0.03734646175871603,0.10990824963664636,42,disjoint,0.0,8,2771,0.6765,Unstable angina,B,,False,False,,
0.0338690890930593,0.11899670663115103,42,random,1.0,8,2928,0.7148,Unstable angina,B,,False,False,,
0.03755981710855849,0.09790583672292996,42,near_dup,4.0,8,3626,0.8853,Unstable angina,B,,False,False,,
0.02936142435646616,0.09294235274865059,43,disjoint,0.0,8,3185,0.7776,Pulmonary embolism,C,,False,False,,
0.0269405021390412,0.09851498098578304,43,random,1.125,8,3492,0.8525,Pulmonary embolism,C,,False,False,,
0.028710276790661737,0.10032567409507465,43,near_dup,3.625,8,2652,0.6475,Pulmonary embolism,C,,False,False,,
0.0447902396263089,0.0890980245458195,44,disjoint,0.0,8,3070,0.7495,Scombroid food poisoning,A,,False,False,,
0.044679662212729454,0.0888856575184036,44,random,1.0,8,2977,0.7268,Scombroid food poisoning,A,,False,False,,
0.04835656244540587,0.08103934700193349,44,near_dup,3.125,8,2853,0.6965,Scombroid food poisoning,A,,False,False,,
0.026487199123948812,0.11457402966334485,45,disjoint,0.0,8,3059,0.7468,Chronic rhinosinusitis,B,,False,False,,
0.028957918621017598,0.10740113862266298,45,random,0.25,8,2905,0.7092,Chronic rhinosinusitis,B,,False,False,,
0.019828816628432833,0.09871168396784924,45,near_dup,4.0,8,3001,0.7327,Chronic rhinosinusitis,B,,False,False,,
0.02621916774660349,0.1314962447650032,46,disjoint,0.0,8,3301,0.8059,Myocarditis,C,,False,False,,
0.027709403162589297,0.1266473594296258,46,random,0.75,8,3446,0.8413,Myocarditis,C,,False,False,,
0.022415522384108044,0.1127463596931193,46,near_dup,4.0,8,3501,0.8547,Myocarditis,C,,False,False,,
0.03466293777455576,0.11011955420690356,47,disjoint,0.0,8,3065,0.7483,Possible NSTEMI / STEMI,A,,False,False,,
0.0349080178712029,0.11445953058137093,47,random,1.25,8,3139,0.7664,Possible NSTEMI / STEMI,A,,False,False,,
0.031400128646055236,0.10280674540990731,47,near_dup,4.0,8,2933,0.7161,Possible NSTEMI / STEMI,A,,False,False,,
0.03771864378359169,0.12135853231302463,48,disjoint,0.0,8,3080,0.752,Bronchiectasis,D,,False,False,,
0.03311607403156813,0.12305620152619667,48,random,0.375,8,3237,0.7903,Bronchiectasis,D,,False,False,,
0.03854343014245387,0.09495255080400966,48,near_dup,4.0,8,3920,0.957,Bronchiectasis,D,,False,False,,
0.04163725674152374,0.07655821391381323,49,disjoint,0.0,8,3405,0.8313,Anaphylaxis,A,,False,False,,
0.04010400047991425,0.07979789020464523,49,random,0.125,8,3398,0.8296,Anaphylaxis,A,,False,False,,
0.04690878646215424,0.09418308184831403,49,near_dup,4.0,8,2594,0.6333,Anaphylaxis,A,,False,False,,
0.02591702989593614,0.08354360655357596,50,disjoint,0.0,8,2970,0.7251,Pericarditis,D,,False,False,,
0.027061459157266654,0.08136558067053556,50,random,1.0,8,2932,0.7158,Pericarditis,D,,False,False,,
0.023236057546455413,0.11696025839046342,50,near_dup,4.0,8,2892,0.7061,Pericarditis,D,,False,False,,
0.037114062113687396,0.07831228284339886,51,disjoint,0.0,8,2865,0.6995,HIV (initial infection),C,,False,False,,
0.03479699543095194,0.117223020613892,51,random,0.875,8,3017,0.7366,HIV (initial infection),C,,False,False,,
0.03582715493394062,0.10699416459101485,51,near_dup,4.0,8,3656,0.8926,HIV (initial infection),C,,False,False,,
0.0321702994115185,0.11436453576607164,52,disjoint,0.0,8,3022,0.7378,PSVT,E,,False,False,,
0.030860025202855468,0.11868282833893318,52,random,0.75,8,3042,0.7427,PSVT,E,,False,False,,
0.04111416669911705,0.12696562114433618,52,near_dup,4.0,8,2363,0.5769,PSVT,E,,False,False,,
0.029354194819461554,0.08282842343032826,53,disjoint,0.0,8,3124,0.7627,Bronchospasm / acute asthma exacerbation,C,,False,False,,
0.028325612875050865,0.08726557749469066,53,random,1.25,8,2626,0.6411,Bronchospasm / acute asthma exacerbation,C,,False,False,,
0.03329368602135219,0.09890395501861349,53,near_dup,3.5,8,2267,0.5535,Bronchospasm / acute asthma exacerbation,C,,False,False,,
0.03648527231416665,0.12683309392014053,54,disjoint,0.0,8,2907,0.7097,Chronic rhinosinusitis,A,,False,False,,
0.029943512781756,0.12988383519405033,54,random,0.625,8,3072,0.75,Chronic rhinosinusitis,A,,False,False,,
0.026767449104227126,0.10045736336178379,54,near_dup,4.0,8,2776,0.6777,Chronic rhinosinusitis,A,,False,False,,
0.028710551327094436,0.11938141420978354,55,disjoint,0.0,8,2713,0.6624,URTI,D,,False,False,,
0.02823690623336006,0.11077452624886064,55,random,0.75,8,2567,0.6267,URTI,D,,False,False,,
0.028158903907751665,0.1067512307636207,55,near_dup,4.0,8,2951,0.7205,URTI,D,,False,False,,
0.03129558500950225,0.08422750965837622,56,disjoint,0.0,8,3174,0.7749,Pericarditis,C,,False,False,,
0.03043382937903516,0.09633467942330753,56,random,1.25,8,3357,0.8196,Pericarditis,C,,False,False,,
0.0321193476265762,0.12457124936918262,56,near_dup,4.0,8,3145,0.7678,Pericarditis,C,,False,False,,
0.04794137185672298,0.1158834555753856,57,disjoint,0.0,8,2998,0.7319,Anemia,B,,False,False,,
0.04514420672785491,0.09474581083486555,57,random,1.25,8,3518,0.8589,Anemia,B,,False,False,,
0.05180360993836075,0.10100568056077464,57,near_dup,4.0,8,2745,0.6702,Anemia,B,,False,False,,
0.03611192916287109,0.10297925228223903,58,disjoint,0.0,8,2715,0.6628,Atrial fibrillation,C,,False,False,,
0.0321441886771936,0.10370689061528537,58,random,0.375,8,2762,0.6743,Atrial fibrillation,C,,False,False,,
0.029136664161342196,0.10279807196639013,58,near_dup,4.0,8,2439,0.5955,Atrial fibrillation,C,,False,False,,
0.03795581465237774,0.12840171334391925,59,disjoint,0.0,8,2983,0.7283,Pulmonary embolism,E,,False,False,,
0.0361365350545384,0.11665908858412877,59,random,1.0,8,2912,0.7109,Pulmonary embolism,E,,False,False,,
0.03230088431155309,0.10246017209283309,59,near_dup,4.0,8,3173,0.7747,Pulmonary embolism,E,,False,False,,
0.05826463463017717,0.10073232694412582,60,disjoint,0.0,8,3347,0.8171,Anemia,A,,False,False,,
0.04519431648077443,0.09850180159992306,60,random,0.375,8,3303,0.8064,Anemia,A,,False,False,,
0.04088140506064519,0.10361816395743517,60,near_dup,3.0,8,2524,0.6162,Anemia,A,,False,False,,
0.034689826556132175,0.0725049010507064,61,disjoint,0.0,8,2875,0.7019,Myasthenia gravis,E,,False,False,,
0.03725898187258281,0.08731601598265115,61,random,0.875,8,2334,0.5698,Myasthenia gravis,E,,False,False,,
0.03104504439397715,0.10351551306666806,61,near_dup,4.0,8,2577,0.6292,Myasthenia gravis,E,,False,False,,
0.0372656488470966,0.11425338892149739,62,disjoint,0.0,8,3312,0.8086,URTI,A,,False,False,,
0.030319436817080714,0.11762765611638315,62,random,1.375,8,3161,0.7717,URTI,A,,False,False,,
0.025557334069162607,0.11133479003910907,62,near_dup,4.0,8,3868,0.9443,URTI,A,,False,False,,
0.03130730983684771,0.10382035272778012,63,disjoint,0.0,8,2785,0.6799,Inguinal hernia,C,,False,False,,
0.032556677382672206,0.09467572922585532,63,random,0.75,8,2957,0.7219,Inguinal hernia,C,,False,False,,
0.03533553046872839,0.09078936611331301,63,near_dup,3.0,8,3696,0.9023,Inguinal hernia,C,,False,False,,
0.03863369161263108,0.12763891262875404,64,disjoint,0.0,8,3637,0.8879,Pneumonia,D,,False,False,,
0.03739390251575969,0.13356891819421435,64,random,0.75,8,3488,0.8516,Pneumonia,D,,False,False,,
0.056098667497280985,0.08752530160563765,64,near_dup,4.0,8,2617,0.6389,Pneumonia,D,,False,False,,
0.027972521405899897,0.11979966802027775,65,disjoint,0.0,8,3302,0.8062,Myocarditis,C,,False,False,,
0.019530587771441787,0.1058078056157683,65,random,1.5,8,3271,0.7986,Myocarditis,C,,False,False,,
0.02901813294738531,0.1097191339940764,65,near_dup,4.0,8,2365,0.5774,Myocarditis,C,,False,False,,
0.028624158789170906,0.12044706555752782,66,disjoint,0.0,8,2778,0.6782,Boerhaave,D,,False,False,,
0.030054017377551645,0.12114441381709184,66,random,0.5,8,2897,0.7073,Boerhaave,D,,False,False,,
0.027134526360896416,0.1094825299733202,66,near_dup,3.625,8,3460,0.8447,Boerhaave,D,,False,False,,
0.03151915468333755,0.1100130140548572,67,disjoint,0.0,8,2891,0.7058,Bronchiectasis,C,,False,False,,
0.026000726575148292,0.10225309743691469,67,random,0.75,8,2750,0.6714,Bronchiectasis,C,,False,False,,
0.024740442691836506,0.10858533377177082,67,near_dup,4.0,8,2975,0.7263,Bronchiectasis,C,,False,False,,
0.02965358560322784,0.12559540743677644,68,disjoint,0.0,8,2983,0.7283,Possible NSTEMI / STEMI,E,,False,False,,
0.030419798771617934,0.14218166953651235,68,random,0.25,8,3008,0.7344,Possible NSTEMI / STEMI,E,,False,False,,
0.02746640337863937,0.10732280791853555,68,near_dup,4.0,8,3880,0.9473,Possible NSTEMI / STEMI,E,,False,False,,
0.04079340977477841,0.11052753666444914,69,disjoint,0.0,8,3109,0.759,Bronchitis,E,,False,False,,
0.03453763012657873,0.11939794835780049,69,random,1.125,8,3466,0.8462,Bronchitis,E,,False,False,,
0.03715753063443117,0.10648441970261047,69,near_dup,3.25,8,3934,0.9604,Bronchitis,E,,False,False,,
0.043270261405268684,0.12335706958401715,70,disjoint,0.0,8,3529,0.8616,Pneumonia,A,,False,False,,
0.05018792720511556,0.12537804686871823,70,random,1.5,8,2957,0.7219,Pneumonia,A,,False,False,,
0.050071399338776246,0.1034055859054206,70,near_dup,4.0,8,2378,0.5806,Pneumonia,A,,False,False,,
0.029406182511593215,0.11450285320461262,71,disjoint,0.0,8,2894,0.7065,Acute COPD exacerbation / infection,B,,False,False,,
0.027688708345522173,0.11806880723452196,71,random,0.25,8,2960,0.7227,Acute COPD exacerbation / infection,B,,False,False,,
0.023569078170112334,0.11144558339583455,71,near_dup,4.0,8,3088,0.7539,Acute COPD exacerbation / infection,B,,False,False,,
0.03582383578759618,0.13252433144953102,72,disjoint,0.0,8,3189,0.7786,GERD,B,,False,False,,
0.031169837398920208,0.14364436620962806,72,random,0.875,8,3459,0.8445,GERD,B,,False,False,,
0.03139083924179431,0.1494475165818585,72,near_dup,3.0,8,2660,0.6494,GERD,B,,False,False,,
0.0351123490545433,0.10859196092496859,73,disjoint,0.0,8,2799,0.6833,Acute pulmonary edema,A,,False,False,,
0.0329994302301202,0.11467717326013371,73,random,0.5,8,3072,0.75,Acute pulmonary edema,A,,False,False,,
0.03298941382672638,0.11242207519535441,73,near_dup,3.375,8,3216,0.7852,Acute pulmonary edema,A,,False,False,,
0.03148085103021003,0.11599748272419674,75,disjoint,0.0,8,3114,0.7603,Bronchiectasis,C,,False,False,,
0.02980799929355271,0.12423070328077301,75,random,0.625,8,3492,0.8525,Bronchiectasis,C,,False,False,,
0.025964852422475815,0.10684249412588542,75,near_dup,4.0,8,3240,0.791,Bronchiectasis,C,,False,False,,
0.042233669955749065,0.09845775357825914,77,disjoint,0.0,8,3205,0.7825,HIV (initial infection),A,,False,False,,
0.03914997330866754,0.08751396252046106,77,random,0.375,8,3353,0.8186,HIV (initial infection),A,,False,False,,
0.034588776412419975,0.08871696725691436,77,near_dup,4.0,8,3718,0.9077,HIV (initial infection),A,,False,False,,
0.031245878868503496,0.11172575908130966,78,disjoint,0.0,8,2919,0.7126,GERD,D,,False,False,,
0.03209923900431022,0.12218496371497167,78,random,0.875,8,2666,0.6509,GERD,D,,False,False,,
0.028149167279480025,0.12812388663587626,78,near_dup,3.0,8,3058,0.7466,GERD,D,,False,False,,
0.036494451662292704,0.1056398888467811,79,disjoint,0.0,8,3386,0.8267,Bronchospasm / acute asthma exacerbation,E,,False,False,,
0.02897982086869888,0.10093183549906826,79,random,1.125,8,3688,0.9004,Bronchospasm / acute asthma exacerbation,E,,False,False,,
0.04259167563577648,0.08780726872646483,79,near_dup,4.0,8,2321,0.5667,Bronchospasm / acute asthma exacerbation,E,,False,False,,
0.0279509424653952,0.11027150033623911,80,disjoint,0.0,8,3221,0.7864,Bronchitis,E,,False,False,,
0.026238779551931657,0.11349284868629184,80,random,0.75,8,3339,0.8152,Bronchitis,E,,False,False,,
0.027176570263691247,0.12283618925721385,80,near_dup,4.0,8,2431,0.5935,Bronchitis,E,,False,False,,
0.02960175191401504,0.13955293075559894,81,disjoint,0.0,8,3202,0.7817,URTI,A,,False,False,,
0.02751495598931797,0.14125537358631846,81,random,0.625,8,3282,0.8013,URTI,A,,False,False,,
0.0221606023987988,0.11167860821296927,81,near_dup,4.0,8,3829,0.9348,URTI,A,,False,False,,
0.03371529100695625,0.12614760849101003,82,disjoint,0.0,8,3112,0.7598,Spontaneous rib fracture,D,,False,False,,
0.030187961470801383,0.11468787685589632,82,random,0.875,8,3278,0.8003,Spontaneous rib fracture,D,,False,False,,
0.030134002066915855,0.11105942771246191,82,near_dup,3.0,8,2608,0.6367,Spontaneous rib fracture,D,,False,False,,
0.03748466496472247,0.10339040642429609,83,disjoint,0.0,8,2811,0.6863,Myasthenia gravis,E,,False,False,,
0.0325380057329312,0.11022315680020256,83,random,0.875,8,3103,0.7576,Myasthenia gravis,E,,False,False,,
0.028415911714546382,0.11783339846442686,83,near_dup,4.0,8,2360,0.5762,Myasthenia gravis,E,,False,False,,
0.03222792313317768,0.07467345004261006,84,disjoint,0.0,8,2969,0.7249,Atrial fibrillation,C,,False,False,,
0.030977813759818673,0.08278004349267576,84,random,0.625,8,2845,0.6946,Atrial fibrillation,C,,False,False,,
0.01979150192346424,0.09058232546522049,84,near_dup,4.0,8,2515,0.614,Atrial fibrillation,C,,False,False,,
0.038909808587050065,0.08109494622476632,85,disjoint,0.0,8,3236,0.79,Anaphylaxis,A,,False,False,,
0.03843368380330503,0.09340153705852572,85,random,0.25,8,3152,0.7695,Anaphylaxis,A,,False,False,,
0.041110360936727375,0.10383946685760748,85,near_dup,3.0,8,3349,0.8176,Anaphylaxis,A,,False,False,,
0.024165367227396928,0.11909514967555879,86,disjoint,0.0,8,3277,0.8,Pulmonary neoplasm,A,,False,False,,
0.031694043427705765,0.11078237973561045,86,random,0.875,8,3167,0.7732,Pulmonary neoplasm,A,,False,False,,
0.024773649682174437,0.09512049191107508,86,near_dup,3.0,8,3190,0.7788,Pulmonary neoplasm,A,,False,False,,
0.030938737036194652,0.11111602422897704,87,disjoint,0.0,8,3153,0.7698,Sarcoidosis,D,,False,False,,
0.025591258890926838,0.11355147253925679,87,random,0.875,8,2799,0.6833,Sarcoidosis,D,,False,False,,
0.028891527035739273,0.10299529456096934,87,near_dup,3.125,8,3257,0.7952,Sarcoidosis,D,,False,False,,
0.03696238895645365,0.09518990157812368,88,disjoint,0.0,8,3375,0.824,Anaphylaxis,C,,False,False,,
0.03634154624887742,0.10901301525882445,88,random,0.5,8,3195,0.78,Anaphylaxis,C,,False,False,,
0.0485481362848077,0.1121914411050966,88,near_dup,3.0,8,3208,0.7832,Anaphylaxis,C,,False,False,,
0.03657184398616664,0.13325250835623592,89,disjoint,0.0,8,2962,0.7231,Panic attack,A,,False,False,,
0.041293843009043485,0.1242087866194197,89,random,1.0,8,3097,0.7561,Panic attack,A,,False,False,,
0.0448121739027556,0.113139825858525,89,near_dup,4.0,8,3467,0.8464,Panic attack,A,,False,False,,
0.04353951533266809,0.1130202261483646,90,disjoint,0.0,8,3173,0.7747,Tuberculosis,E,,False,False,,
0.03557612810982391,0.10653225838177605,90,random,0.875,8,2947,0.7195,Tuberculosis,E,,False,False,,
0.04101247889047954,0.08457484557584394,90,near_dup,4.0,8,3399,0.8298,Tuberculosis,E,,False,False,,
0.037170317489653826,0.10925520843011327,91,disjoint,0.0,8,2815,0.6873,Allergic sinusitis,E,,False,False,,
0.026067072147270665,0.1040773085114779,91,random,1.25,8,2850,0.6958,Allergic sinusitis,E,,False,False,,
0.034931398258777335,0.0862789893290028,91,near_dup,4.0,8,3116,0.7607,Allergic sinusitis,E,,False,False,,
0.031747324217576534,0.12608153965265956,92,disjoint,0.0,8,2914,0.7114,Myasthenia gravis,E,,False,False,,
0.02866507494763937,0.13412225635693176,92,random,0.5,8,2970,0.7251,Myasthenia gravis,E,,False,False,,
0.0377528014651034,0.11944838547788095,92,near_dup,4.0,8,2493,0.6086,Myasthenia gravis,E,,False,False,,
0.04152467884705402,0.11742939660325646,93,disjoint,0.0,8,3021,0.7375,Acute dystonic reactions,B,,False,False,,
0.035524912062101066,0.12111852409725543,93,random,1.5,8,2881,0.7034,Acute dystonic reactions,B,,False,False,,
0.03850431297905743,0.1099777334893588,93,near_dup,4.0,8,2368,0.5781,Acute dystonic reactions,B,,False,False,,
0.039926091936649755,0.10996363328013103,94,disjoint,0.0,8,2728,0.666,Unstable angina,D,,False,False,,
0.03362045454559848,0.09990114404354244,94,random,0.25,8,2749,0.6711,Unstable angina,D,,False,False,,
0.02620414469856769,0.09594142255082261,94,near_dup,4.0,8,3936,0.9609,Unstable angina,D,,False,False,,
0.031918940439936705,0.1336154685850488,95,disjoint,0.0,8,3121,0.762,URTI,B,,False,False,,
0.024902111603296362,0.12241240013099741,95,random,0.75,8,2890,0.7056,URTI,B,,False,False,,
0.027997279423289,0.09321666505275061,95,near_dup,4.0,8,3550,0.8667,URTI,B,,False,False,,
0.030829212249955162,0.14674093952635303,96,disjoint,0.0,8,2797,0.6829,Anaphylaxis,A,,False,False,,
0.029207667452283204,0.14472564793686615,96,random,0.75,8,2571,0.6277,Anaphylaxis,A,,False,False,,
0.033552609907928854,0.12001796176627977,96,near_dup,4.0,8,3504,0.8555,Anaphylaxis,A,,False,False,,
0.0361941855517216,0.109793840580096,97,disjoint,0.0,8,3299,0.8054,Acute rhinosinusitis,A,,False,False,,
0.03743216959992424,0.10491998894576682,97,random,0.25,8,3458,0.8442,Acute rhinosinusitis,A,,False,False,,
0.024930097337346524,0.09269549758755602,97,near_dup,4.0,8,2898,0.7075,Acute rhinosinusitis,A,,False,False,,
0.04303710366366431,0.12089971909153974,98,disjoint,0.0,8,2899,0.7078,GERD,B,,False,False,,
0.03607266323524527,0.14604810525634093,98,random,0.875,8,3137,0.7659,GERD,B,,False,False,,
0.0287532066431595,0.14002774667460471,98,near_dup,3.0,8,3601,0.8792,GERD,B,,False,False,,
0.027576419903198257,0.1212720167968655,99,disjoint,0.0,8,3104,0.7578,Stable angina,B,,False,False,,
0.02314516315527726,0.09900755099806702,99,random,1.125,8,3004,0.7334,Stable angina,B,,False,False,,
0.027851808961713687,0.11405823010863969,99,near_dup,4.0,8,3070,0.7495,Stable angina,B,,False,False,,
0.03752446809085086,0.12384981712239096,100,disjoint,0.0,8,3010,0.7349,Pulmonary embolism,B,,False,False,,
0.03942538649425842,0.10643336916109547,100,random,1.5,8,3050,0.7446,Pulmonary embolism,B,,False,False,,
0.041569324559532106,0.10732716034544865,100,near_dup,4.0,8,3325,0.8118,Pulmonary embolism,B,,False,False,,
0.05312542075989768,0.10188266233308241,101,disjoint,0.0,8,2976,0.7266,Anemia,E,,False,False,,
0.046136960096191615,0.10664172042015707,101,random,1.25,8,2838,0.6929,Anemia,E,,False,False,,
0.05944694590289146,0.10239103089406854,101,near_dup,4.0,8,3312,0.8086,Anemia,E,,False,False,,
0.03871348511893302,0.1152596399988397,102,disjoint,0.0,8,3048,0.7441,Bronchitis,D,,False,False,,
0.03237925996654667,0.09891945202980423,102,random,1.125,8,3282,0.8013,Bronchitis,D,,False,False,,
0.03944144956767559,0.12698323487711605,102,near_dup,4.0,8,2782,0.6792,Bronchitis,D,,False,False,,
0.04960741847753525,0.09271018308936618,103,disjoint,0.0,8,2996,0.7314,Anemia,C,,False,False,,
0.052355299645569175,0.08939933087822283,103,random,0.375,8,3143,0.7673,Anemia,C,,False,False,,
0.04802428791299462,0.08222468940948602,103,near_dup,4.0,8,2377,0.5803,Anemia,C,,False,False,,
0.029903344286140054,0.12747335402673343,104,disjoint,0.0,8,3151,0.7693,Atrial fibrillation,E,,False,False,,
0.029302038688911125,0.1260743516832008,104,random,1.125,8,3325,0.8118,Atrial fibrillation,E,,False,False,,
0.024992443664814346,0.1215734423167305,104,near_dup,4.0,8,2662,0.6499,Atrial fibrillation,E,,False,False,,
0.031446969631360844,0.10385651381511707,105,disjoint,0.0,8,3336,0.8145,Epiglottitis,E,,False,False,,
0.03132944364915602,0.10429411206860095,105,random,0.125,8,3172,0.7744,Epiglottitis,E,,False,False,,
0.04017254264908843,0.09218131774105132,105,near_dup,3.0,8,2550,0.6226,Epiglottitis,E,,False,False,,
0.02686881908448413,0.12749008923128713,106,disjoint,0.0,8,2963,0.7234,Guillain-Barré syndrome,D,,False,False,,
0.0256533720967127,0.11829552421113476,106,random,0.375,8,3195,0.78,Guillain-Barré syndrome,D,,False,False,,
0.021442103083245456,0.10198036779183894,106,near_dup,3.125,8,2916,0.7119,Guillain-Barré syndrome,D,,False,False,,
0.04039997808285989,0.08993112989264773,107,disjoint,0.0,8,3037,0.7415,HIV (initial infection),C,,False,False,,
0.0395340766699519,0.09933917834132444,107,random,0.75,8,3125,0.7629,HIV (initial infection),C,,False,False,,
0.03931152407312766,0.09162085098796524,107,near_dup,4.0,8,3684,0.8994,HIV (initial infection),C,,False,False,,
0.06471894663991407,0.11810960130242165,108,disjoint,0.0,8,2850,0.6958,Anemia,A,,False,False,,
0.061136056028772146,0.11723101215466158,108,random,0.625,8,3129,0.7639,Anemia,A,,False,False,,
0.05170739634195343,0.11432408347900491,108,near_dup,3.25,8,2952,0.7207,Anemia,A,,False,False,,
0.037249933811835945,0.13267062922386685,109,disjoint,0.0,8,3370,0.8228,HIV (initial infection),E,,False,False,,
0.03473450712044723,0.10533808430773206,109,random,0.25,8,3283,0.8015,HIV (initial infection),E,,False,False,,
0.028775763930752873,0.09127347918547457,109,near_dup,3.125,8,3569,0.8713,HIV (initial infection),E,,False,False,,
0.023660459424718283,0.15729022519371938,110,disjoint,0.0,8,2657,0.6487,Bronchitis,B,,False,False,,
0.021971028923871927,0.1408585850149393,110,random,0.875,8,2867,0.7,Bronchitis,B,,False,False,,
0.020216572476783767,0.13805651280563325,110,near_dup,4.0,8,2982,0.728,Bronchitis,B,,False,False,,
0.03381138198892586,0.1127304052351974,111,disjoint,0.0,8,3353,0.8186,Chronic rhinosinusitis,C,,False,False,,
0.028700165144982748,0.12086574011482298,111,random,0.5,8,3557,0.8684,Chronic rhinosinusitis,C,,False,False,,
0.02138941886369139,0.11540567986230599,111,near_dup,4.0,8,3083,0.7527,Chronic rhinosinusitis,C,,False,False,,
0.03698234606417827,0.10982698730367702,112,disjoint,0.0,8,3307,0.8074,Pulmonary embolism,C,,False,False,,
0.04342159564839676,0.10798130762123037,112,random,1.25,8,3375,0.824,Pulmonary embolism,C,,False,False,,
0.03534776790183969,0.09352482439862797,112,near_dup,4.0,8,3692,0.9014,Pulmonary embolism,C,,False,False,,
0.033527361432788894,0.08973251530551352,113,disjoint,0.0,8,3252,0.7939,Anemia,C,,False,False,,
0.030457849759841338,0.09126622045005206,113,random,0.375,8,3206,0.7827,Anemia,C,,False,False,,
0.03912815955118276,0.09646962350961985,113,near_dup,4.0,8,2383,0.5818,Anemia,C,,False,False,,
0.03138453286373988,0.1267372144793626,114,disjoint,0.0,8,3393,0.8284,URTI,A,,False,False,,
0.02640050830086693,0.12484316875634249,114,random,0.375,8,3210,0.7837,URTI,A,,False,False,,
0.024247489040135406,0.11254098334757145,114,near_dup,4.0,8,3882,0.9478,URTI,A,,False,False,,
0.03970705275423825,0.09871553057746496,115,disjoint,0.0,8,2806,0.6851,Scombroid food poisoning,D,,False,False,,
0.03513315800228156,0.09743106545647606,115,random,0.5,8,3093,0.7551,Scombroid food poisoning,D,,False,False,,
0.03130550685455091,0.09420585538464366,115,near_dup,4.0,8,3837,0.9368,Scombroid food poisoning,D,,False,False,,
0.031159287493210286,0.13092986819538055,117,disjoint,0.0,8,2883,0.7039,Panic attack,D,,False,False,,
0.032300999824656174,0.13309953360294458,117,random,0.5,8,2873,0.7014,Panic attack,D,,False,False,,
0.03583242479362525,0.11534040803962853,117,near_dup,3.125,8,2849,0.6956,Panic attack,D,,False,False,,
0.03244863213330973,0.10399441375193419,118,disjoint,0.0,8,3270,0.7983,Bronchospasm / acute asthma exacerbation,E,,False,False,,
0.04041690028680023,0.09254726480867248,118,random,0.75,8,3305,0.8069,Bronchospasm / acute asthma exacerbation,E,,False,False,,
0.03517315536737442,0.11770468264876399,118,near_dup,3.5,8,2451,0.5984,Bronchospasm / acute asthma exacerbation,E,,False,False,,
0.04535041336202994,0.1262813831344829,119,disjoint,0.0,8,2834,0.6919,Anemia,C,,False,False,,
0.05365572596201673,0.11537381242669653,119,random,1.0,8,2827,0.6902,Anemia,C,,False,False,,
0.04744512139586732,0.1137363779489533,119,near_dup,3.625,8,3250,0.7935,Anemia,C,,False,False,,
0.032652805479301605,0.13128048260114156,121,disjoint,0.0,8,3103,0.7576,Acute otitis media,B,,False,False,,
0.029686891604796983,0.1293931178515777,121,random,1.375,8,3146,0.7681,Acute otitis media,B,,False,False,,
0.03449089571950026,0.11277740106743295,121,near_dup,4.0,8,2902,0.7085,Acute otitis media,B,,False,False,,
0.040399338759016246,0.12217402447276982,122,disjoint,0.0,8,2999,0.7322,Localized edema,A,,False,False,,
0.02735789785219822,0.12127464432705892,122,random,0.75,8,3369,0.8225,Localized edema,A,,False,False,,
0.03798663917405065,0.11022743375360733,122,near_dup,3.125,8,3572,0.8721,Localized edema,A,,False,False,,
0.039632398838875815,0.13281512643152382,123,disjoint,0.0,8,3489,0.8518,Pneumonia,E,,False,False,,
0.039573006390128285,0.13238918113347609,123,random,0.125,8,3554,0.8677,Pneumonia,E,,False,False,,
0.0400165997853037,0.10793318778451066,123,near_dup,4.0,8,2616,0.6387,Pneumonia,E,,False,False,,
0.044425549858715385,0.09232553253968945,124,disjoint,0.0,8,2701,0.6594,Anemia,C,,False,False,,
0.03963038985966705,0.11334508573054336,124,random,0.25,8,2781,0.679,Anemia,C,,False,False,,
0.038485924393171445,0.09249997767619789,124,near_dup,4.0,8,3644,0.8896,Anemia,C,,False,False,,
0.028047104278812185,0.11922599775425624,125,disjoint,0.0,8,2886,0.7046,Guillain-Barré syndrome,B,,False,False,,
0.021822532347869128,0.10767800676694605,125,random,0.75,8,2844,0.6943,Guillain-Barré syndrome,B,,False,False,,
0.03028744643961545,0.11467550230736379,125,near_dup,4.0,8,2694,0.6577,Guillain-Barré syndrome,B,,False,False,,
0.04177877743495628,0.120625267692958,126,disjoint,0.0,8,3325,0.8118,Anemia,E,,False,False,,
0.04289088098448701,0.12236405204748735,126,random,0.25,8,3361,0.8206,Anemia,E,,False,False,,
0.04979317856486887,0.1238231809620629,126,near_dup,3.0,8,2821,0.6887,Anemia,E,,False,False,,
0.030877014869474806,0.12814572306524497,127,disjoint,0.0,8,3050,0.7446,Bronchitis,C,,False,False,,
0.03211774583905935,0.12673322507180274,127,random,0.25,8,3001,0.7327,Bronchitis,C,,False,False,,
0.024081938798190095,0.12714809003955452,127,near_dup,4.0,8,2509,0.6125,Bronchitis,C,,False,False,,
0.030288773821666837,0.12626584827376064,128,disjoint,0.0,8,3485,0.8508,Viral pharyngitis,D,,False,False,,
0.028229867239133455,0.12074047479836736,128,random,1.25,8,3347,0.8171,Viral pharyngitis,D,,False,False,,
0.02381091902498156,0.08940927085495787,128,near_dup,4.0,8,3056,0.7461,Viral pharyngitis,D,,False,False,,
0.035900316754123196,0.11604561226704391,129,disjoint,0.0,8,3316,0.8096,Myasthenia gravis,C,,False,False,,
0.03409204450144898,0.12496620535239344,129,random,1.125,8,3425,0.8362,Myasthenia gravis,C,,False,False,,
0.031560086557874456,0.11077585510793142,129,near_dup,4.0,8,2484,0.6064,Myasthenia gravis,C,,False,False,,
0.038549418619368225,0.13745885118987644,130,disjoint,0.0,8,3005,0.7336,Pneumonia,A,,False,False,,
0.03342052493826486,0.13220568792166887,130,random,1.5,8,3173,0.7747,Pneumonia,A,,False,False,,
0.040611949283629656,0.0973960869378061,130,near_dup,4.0,8,3047,0.7439,Pneumonia,A,,False,False,,
0.0357518034579698,0.1067789720982546,131,disjoint,0.0,8,2939,0.7175,Chagas,C,,False,False,,
0.029658773593837395,0.10125068406341597,131,random,0.875,8,3088,0.7539,Chagas,C,,False,False,,
0.033274403802352026,0.09377885617868742,131,near_dup,3.125,8,2765,0.675,Chagas,C,,False,False,,
0.034376712603261694,0.10778856073011411,132,disjoint,0.0,8,3644,0.8896,Anaphylaxis,A,,False,False,,
0.03415881143882871,0.1108273427162203,132,random,1.0,8,3406,0.8315,Anaphylaxis,A,,False,False,,
0.04423427360597998,0.09517301868618233,132,near_dup,4.0,8,2885,0.7043,Anaphylaxis,A,,False,False,,
0.03887853576452471,0.11498866806505248,133,disjoint,0.0,8,2891,0.7058,Pulmonary embolism,B,,False,False,,
0.033481061429483816,0.11548443104402395,133,random,1.25,8,3274,0.7993,Pulmonary embolism,B,,False,False,,
0.03395894143613987,0.10350239061517641,133,near_dup,3.75,8,3587,0.8757,Pulmonary embolism,B,,False,False,,
0.03281123972556088,0.13697432093613315,134,disjoint,0.0,8,3042,0.7427,URTI,E,,False,False,,
0.028775625920388848,0.12540599596104585,134,random,0.5,8,2998,0.7319,URTI,E,,False,False,,
0.019847823117743246,0.14210384486068506,134,near_dup,3.375,8,3564,0.8701,URTI,E,,False,False,,
0.03220895539561752,0.12106939579098253,135,disjoint,0.0,8,2857,0.6975,Acute pulmonary edema,E,,False,False,,
0.03610721409495454,0.10525055286416318,135,random,0.25,8,2824,0.6895,Acute pulmonary edema,E,,False,False,,
0.02924729118240066,0.10804162092972547,135,near_dup,4.0,8,3852,0.9404,Acute pulmonary edema,E,,False,False,,
0.033904682321008295,0.12629479177849134,136,disjoint,0.0,8,2657,0.6487,Atrial fibrillation,D,,False,False,,
0.038868628413183615,0.11859569119405933,136,random,1.25,8,2848,0.6953,Atrial fibrillation,D,,False,False,,
0.03588219135417603,0.10646671745780623,136,near_dup,4.0,8,2464,0.6016,Atrial fibrillation,D,,False,False,,
0.0333766337716952,0.10127075876516756,137,disjoint,0.0,8,3150,0.769,HIV (initial infection),C,,False,False,,
0.03317243172205053,0.09916333691217005,137,random,0.25,8,3123,0.7625,HIV (initial infection),C,,False,False,,
0.0382504740555305,0.09659564632602269,137,near_dup,3.375,8,2954,0.7212,HIV (initial infection),C,,False,False,,
0.040817684901412576,0.10086989223054843,138,disjoint,0.0,8,3022,0.7378,Scombroid food poisoning,A,,False,False,,
0.0415471596934367,0.100047635671217,138,random,0.625,8,2989,0.7297,Scombroid food poisoning,A,,False,False,,
0.04562468302901834,0.10036049209156772,138,near_dup,3.25,8,3324,0.8115,Scombroid food poisoning,A,,False,False,,
0.03331119392532855,0.11695103738020407,139,disjoint,0.0,8,3017,0.7366,Viral pharyngitis,A,,False,False,,
0.03476938427775167,0.11598505212168675,139,random,0.75,8,3065,0.7483,Viral pharyngitis,A,,False,False,,
0.02609527100867126,0.09744998232054058,139,near_dup,4.0,8,2430,0.5933,Viral pharyngitis,A,,False,False,,
0.03320760634960607,0.10776415665168315,140,disjoint,0.0,8,3110,0.7593,Viral pharyngitis,B,,False,False,,
0.03203527152072638,0.11209037102526054,140,random,0.25,8,2894,0.7065,Viral pharyngitis,B,,False,False,,
0.025586730742361397,0.10296014398772968,140,near_dup,4.0,8,2582,0.6304,Viral pharyngitis,B,,False,False,,
0.03817835377412848,0.11139637383894296,141,disjoint,0.0,8,3154,0.77,Atrial fibrillation,E,,False,False,,
0.03458845254499465,0.11177955069433665,141,random,0.625,8,3274,0.7993,Atrial fibrillation,E,,False,False,,
0.04491740763478447,0.09956525507732294,141,near_dup,4.0,8,2822,0.689,Atrial fibrillation,E,,False,False,,
0.03721180441789329,0.11614505219040439,142,disjoint,0.0,8,2891,0.7058,Pulmonary embolism,C,,False,False,,
0.03631768643390387,0.11004445518483408,142,random,0.75,8,3043,0.7429,Pulmonary embolism,C,,False,False,,
0.04051981616066769,0.09462938613432925,142,near_dup,4.0,8,3328,0.8125,Pulmonary embolism,C,,False,False,,
0.026272074042935856,0.11060495206038468,143,disjoint,0.0,8,3149,0.7688,URTI,D,,False,False,,
0.023260533635038882,0.11134864170162473,143,random,0.5,8,2874,0.7017,URTI,D,,False,False,,
0.023909057315904647,0.10767687483894406,143,near_dup,4.0,8,3682,0.8989,URTI,D,,False,False,,
0.03607504753745161,0.10830433860974154,144,disjoint,0.0,8,3131,0.7644,Possible NSTEMI / STEMI,A,,False,False,,
0.03406637275475077,0.10257895768882008,144,random,1.75,8,3185,0.7776,Possible NSTEMI / STEMI,A,,False,False,,
0.036565231188433245,0.10323892565793358,144,near_dup,3.875,8,3180,0.7764,Possible NSTEMI / STEMI,A,,False,False,,
0.03134722518734634,0.12029792099201586,145,disjoint,0.0,8,3200,0.7812,Pulmonary neoplasm,A,,False,False,,
0.028827534202719107,0.12752704936428927,145,random,1.375,8,2698,0.6587,Pulmonary neoplasm,A,,False,False,,
0.030948248255299404,0.11649689454498002,145,near_dup,4.0,8,2014,0.4917,Pulmonary neoplasm,A,,False,False,,
0.03130671828694176,0.11264030481106602,146,disjoint,0.0,8,3140,0.7666,Viral pharyngitis,E,,False,False,,
0.026549683621851727,0.12073891470208764,146,random,0.625,8,3207,0.783,Viral pharyngitis,E,,False,False,,
0.02673533561755903,0.11559993583068717,146,near_dup,4.0,8,2472,0.6035,Viral pharyngitis,E,,False,False,,
0.04058999745757319,0.11301129368803231,147,disjoint,0.0,8,3291,0.8035,Possible NSTEMI / STEMI,A,,False,False,,
0.037187645822996274,0.1216719928488601,147,random,0.875,8,3257,0.7952,Possible NSTEMI / STEMI,A,,False,False,,
0.036411454959306866,0.09510450787638547,147,near_dup,3.125,8,3639,0.8884,Possible NSTEMI / STEMI,A,,False,False,,
0.04751039430266246,0.10853291731473291,148,disjoint,0.0,8,3003,0.7332,Inguinal hernia,C,,False,False,,
0.03996747246128507,0.10224757681135088,148,random,0.625,8,3252,0.7939,Inguinal hernia,C,,False,False,,
0.043238769518211484,0.08793153226724826,148,near_dup,3.0,8,3758,0.9175,Inguinal hernia,C,,False,False,,
0.029409397233393975,0.08876484038773924,149,disjoint,0.0,8,3380,0.8252,Acute COPD exacerbation / infection,D,,False,False,,
0.023841238871682435,0.08973553079704288,149,random,1.0,8,3194,0.7798,Acute COPD exacerbation / infection,D,,False,False,,
0.023271003607078455,0.08601408613321837,149,near_dup,4.0,8,2609,0.637,Acute COPD exacerbation / infection,D,,False,False,,
0.044083410961320624,0.10781451145885512,150,disjoint,0.0,8,3191,0.7791,Pneumonia,C,,False,False,,
0.041087101271841675,0.10946977004641667,150,random,0.625,8,3088,0.7539,Pneumonia,C,,False,False,,
0.057593258330598474,0.09827687624056125,150,near_dup,4.0,8,2675,0.6531,Pneumonia,C,,False,False,,
0.04531732888426632,0.10906364946276881,151,disjoint,0.0,8,2757,0.6731,Influenza,C,,False,False,,
0.038977890042588115,0.12259908716077916,151,random,0.25,8,2779,0.6785,Influenza,C,,False,False,,
0.02962320626829751,0.08348235564335482,151,near_dup,3.0,8,2990,0.73,Influenza,C,,False,False,,
0.03279737111006398,0.11511649802559987,152,disjoint,0.0,8,2983,0.7283,Chronic rhinosinusitis,D,,False,False,,
0.028647851664572954,0.09509350986627396,152,random,1.0,8,2899,0.7078,Chronic rhinosinusitis,D,,False,False,,
0.021638056394294836,0.08947461858770112,152,near_dup,4.0,8,2920,0.7129,Chronic rhinosinusitis,D,,False,False,,
0.04592930609942414,0.13369633624097332,153,disjoint,0.0,8,3515,0.8582,Pneumonia,B,,False,False,,
0.04878249653847888,0.13473029505985323,153,random,1.25,8,2964,0.7236,Pneumonia,B,,False,False,,
0.03983016521669924,0.11034511663456215,153,near_dup,4.0,8,3031,0.74,Pneumonia,B,,False,False,,
0.03356020670616999,0.09721781592816114,154,disjoint,0.0,8,3165,0.7727,Viral pharyngitis,E,,False,False,,
0.028873977411421947,0.10196097148582339,154,random,0.375,8,3037,0.7415,Viral pharyngitis,E,,False,False,,
0.02756128431065008,0.0930343513682601,154,near_dup,4.0,8,2267,0.5535,Viral pharyngitis,E,,False,False,,
0.0377051598043181,0.11140312567295041,155,disjoint,0.0,8,3247,0.7927,GERD,D,,False,False,,
0.026987758523318917,0.09832259209360927,155,random,1.0,8,3117,0.761,GERD,D,,False,False,,
0.029908292402978987,0.12544307830830803,155,near_dup,3.375,8,3518,0.8589,GERD,D,,False,False,,
0.028679020717390813,0.07648766109196004,156,disjoint,0.0,8,3124,0.7627,Myasthenia gravis,D,,False,False,,
0.02566447720164433,0.08412114391103387,156,random,0.375,8,3163,0.7722,Myasthenia gravis,D,,False,False,,
0.022692646089126356,0.08495411272451747,156,near_dup,3.25,8,2941,0.718,Myasthenia gravis,D,,False,False,,
0.03271388555003796,0.08990663092845352,157,disjoint,0.0,8,3184,0.7773,Bronchospasm / acute asthma exacerbation,A,,False,False,,
0.02390528444084339,0.08713647601689445,157,random,0.75,8,2875,0.7019,Bronchospasm / acute asthma exacerbation,A,,False,False,,
0.036865452595520765,0.09863043083169032,157,near_dup,3.5,8,2436,0.5947,Bronchospasm / acute asthma exacerbation,A,,False,False,,
0.031658036590670235,0.13392001295869704,158,disjoint,0.0,8,3072,0.75,Acute rhinosinusitis,B,,False,False,,
0.027472327099530958,0.12396965236985125,158,random,1.0,8,3232,0.7891,Acute rhinosinusitis,B,,False,False,,
0.020535883610136807,0.12134822305961279,158,near_dup,4.0,8,2739,0.6687,Acute rhinosinusitis,B,,False,False,,
0.03331410755345132,0.1204232210147893,159,disjoint,0.0,8,2978,0.7271,Bronchiectasis,E,,False,False,,
0.030407289566937834,0.11629920451377984,159,random,0.5,8,3227,0.7878,Bronchiectasis,E,,False,False,,
0.025467673112871125,0.12974061469867593,159,near_dup,4.0,8,2865,0.6995,Bronchiectasis,E,,False,False,,
0.02724129194393754,0.1265758899608045,160,disjoint,0.0,8,3357,0.8196,Unstable angina,D,,False,False,,
0.029795776586979628,0.14324768452934222,160,random,0.875,8,3096,0.7559,Unstable angina,D,,False,False,,
0.02596086828270927,0.12932281154644443,160,near_dup,4.0,8,3090,0.7544,Unstable angina,D,,False,False,,
0.029760245328361634,0.12397238373523578,161,disjoint,0.0,8,3352,0.8184,Tuberculosis,B,,False,False,,
0.02844917619950138,0.10179242429876467,161,random,0.875,8,3040,0.7422,Tuberculosis,B,,False,False,,
0.03404483037593309,0.11092502116662217,161,near_dup,4.0,8,3088,0.7539,Tuberculosis,B,,False,False,,
0.03405320306774229,0.10757033467234578,162,disjoint,0.0,8,3051,0.7449,Possible NSTEMI / STEMI,E,,False,False,,
0.026419666392030194,0.12265772534010466,162,random,0.625,8,3145,0.7678,Possible NSTEMI / STEMI,E,,False,False,,
0.03507182709290646,0.11791595521208365,162,near_dup,3.875,8,3464,0.8457,Possible NSTEMI / STEMI,E,,False,False,,
0.030670492385979742,0.10695345024578273,163,disjoint,0.0,8,3163,0.7722,Viral pharyngitis,B,,False,False,,
0.031603395589627326,0.1097324909933377,163,random,1.0,8,3040,0.7422,Viral pharyngitis,B,,False,False,,
0.024755092497798614,0.10092197298945393,163,near_dup,4.0,8,2519,0.615,Viral pharyngitis,B,,False,False,,
0.02941529464442283,0.13634373603053973,164,disjoint,0.0,8,2680,0.6543,Myocarditis,A,,False,False,,
0.027207796258153394,0.10513765300856903,164,random,0.5,8,2857,0.6975,Myocarditis,A,,False,False,,
0.028090567619074136,0.1087947293635807,164,near_dup,4.0,8,2625,0.6409,Myocarditis,A,,False,False,,
0.03186852313228883,0.0910284075216623,165,disjoint,0.0,8,3455,0.8435,Bronchospasm / acute asthma exacerbation,D,,False,False,,
0.026491938711842522,0.09763229402597062,165,random,0.75,8,3129,0.7639,Bronchospasm / acute asthma exacerbation,D,,False,False,,
0.03566516780119855,0.09360989222477656,165,near_dup,3.5,8,2722,0.6646,Bronchospasm / acute asthma exacerbation,D,,False,False,,
0.03159606270492077,0.11284886893554358,166,disjoint,0.0,8,2835,0.6921,Pulmonary embolism,B,,False,False,,
0.033751334180124104,0.11319520272081718,166,random,0.875,8,3159,0.7712,Pulmonary embolism,B,,False,False,,
0.03221713149105199,0.11182629851828096,166,near_dup,4.0,8,3463,0.8455,Pulmonary embolism,B,,False,False,,
0.026401767900097184,0.09886811370961368,168,disjoint,0.0,8,2982,0.728,URTI,B,,False,False,,
0.02492330566747114,0.10139419547340367,168,random,0.625,8,2686,0.6558,URTI,B,,False,False,,
0.02385520028474275,0.13771879361593165,168,near_dup,4.0,8,2997,0.7317,URTI,B,,False,False,,
0.02332732966169715,0.1452746942450176,169,disjoint,0.0,8,2960,0.7227,URTI,D,,False,False,,
0.017639167999732308,0.1253675617845147,169,random,0.875,8,3072,0.75,URTI,D,,False,False,,
0.020403448012075387,0.10760149018460652,169,near_dup,4.0,8,3502,0.855,URTI,D,,False,False,,
0.025713333423482254,0.12292897810402792,170,disjoint,0.0,8,3348,0.8174,Viral pharyngitis,C,,False,False,,
0.026446100702742115,0.12310306019207928,170,random,1.125,8,3268,0.7979,Viral pharyngitis,C,,False,False,,
0.02019601032952778,0.11511469032848254,170,near_dup,4.0,8,2400,0.5859,Viral pharyngitis,C,,False,False,,
0.030184870964149013,0.13471034320537,171,disjoint,0.0,8,3010,0.7349,SLE,A,,False,False,,
0.03805301559623331,0.12088367852993542,171,random,1.625,8,3157,0.7708,SLE,A,,False,False,,
0.03065191861242056,0.12344575111637823,171,near_dup,3.25,8,3616,0.8828,SLE,A,,False,False,,
0.03241074984543957,0.11280947446357459,172,disjoint,0.0,8,2895,0.7068,Acute pulmonary edema,E,,False,False,,
0.029409614886390045,0.11908728350681486,172,random,0.75,8,3055,0.7458,Acute pulmonary edema,E,,False,False,,
0.03761499319807626,0.10474452241760446,172,near_dup,4.0,8,2965,0.7239,Acute pulmonary edema,E,,False,False,,
0.037177363177761436,0.11213659260829445,173,disjoint,0.0,8,3035,0.741,Bronchospasm / acute asthma exacerbation,B,,False,False,,
0.032848356931935996,0.10594748766743578,173,random,1.25,8,2887,0.7048,Bronchospasm / acute asthma exacerbation,B,,False,False,,
0.034482046496123075,0.10572820507513825,173,near_dup,3.25,8,2781,0.679,Bronchospasm / acute asthma exacerbation,B,,False,False,,
0.02705383111606352,0.12161253803787986,174,disjoint,0.0,8,3209,0.7834,Myasthenia gravis,D,,False,False,,
0.027398759993957356,0.1222470811844687,174,random,0.875,8,3367,0.822,Myasthenia gravis,D,,False,False,,
0.02650340460240841,0.0986192548807594,174,near_dup,4.0,8,2436,0.5947,Myasthenia gravis,D,,False,False,,
0.02664395702595357,0.13511555564036826,175,disjoint,0.0,8,3012,0.7354,Bronchitis,C,,False,False,,
0.02363421703921631,0.12658485864812974,175,random,1.25,8,2939,0.7175,Bronchitis,C,,False,False,,
0.01871945937455166,0.11195127730024979,175,near_dup,3.0,8,2611,0.6375,Bronchitis,C,,False,False,,
0.032198302214965224,0.08010061825916637,176,disjoint,0.0,8,3102,0.7573,Bronchospasm / acute asthma exacerbation,A,,False,False,,
0.03575273512979038,0.07781474031799007,176,random,1.375,8,2881,0.7034,Bronchospasm / acute asthma exacerbation,A,,False,False,,
0.031487866101088,0.07956772021134384,176,near_dup,4.0,8,3153,0.7698,Bronchospasm / acute asthma exacerbation,A,,False,False,,
0.034272292687091976,0.11952720229601255,177,disjoint,0.0,8,3352,0.8184,Anaphylaxis,E,,False,False,,
0.035163017571903765,0.12091178260743618,177,random,0.375,8,3519,0.8591,Anaphylaxis,E,,False,False,,
0.04577363730641082,0.12832240280113183,177,near_dup,4.0,8,2560,0.625,Anaphylaxis,E,,False,False,,
0.026161215151660144,0.11201736778457416,178,disjoint,0.0,8,2951,0.7205,Viral pharyngitis,A,,False,False,,
0.023487902057240717,0.11773204820929095,178,random,1.125,8,3398,0.8296,Viral pharyngitis,A,,False,False,,
0.023134917093557306,0.12471602542791516,178,near_dup,4.0,8,2501,0.6106,Viral pharyngitis,A,,False,False,,
0.026491674594581127,0.13810183241730556,179,disjoint,0.0,8,2646,0.646,Acute laryngitis,C,,False,False,,
0.0213425488473149,0.10613885698694503,179,random,1.125,8,2856,0.6973,Acute laryngitis,C,,False,False,,
0.024125419193296693,0.10628599888877943,179,near_dup,4.0,8,2479,0.6052,Acute laryngitis,C,,False,False,,
0.030537904851371422,0.09069240033568349,180,disjoint,0.0,8,2652,0.6475,Acute COPD exacerbation / infection,D,,False,False,,
0.02502395850024186,0.0851902678841725,180,random,0.625,8,2762,0.6743,Acute COPD exacerbation / infection,D,,False,False,,
0.02913165945210494,0.08309498184826225,180,near_dup,4.0,8,3487,0.8513,Acute COPD exacerbation / infection,D,,False,False,,
0.03161630016984418,0.1241101141931722,181,disjoint,0.0,8,2930,0.7153,Stable angina,C,,False,False,,
0.027335508086252958,0.11872904182382626,181,random,1.125,8,2924,0.7139,Stable angina,C,,False,False,,
0.02082036851788871,0.11047777443309315,181,near_dup,4.0,8,2949,0.72,Stable angina,C,,False,False,,
0.027550474129384384,0.12597650311363395,182,disjoint,0.0,8,3305,0.8069,SLE,E,,False,False,,
0.026451817888300866,0.11541860854049446,182,random,0.875,8,2864,0.6992,SLE,E,,False,False,,
0.03355990652926266,0.10738541554746917,182,near_dup,3.25,8,3031,0.74,SLE,E,,False,False,,
0.033399721345631406,0.12493009274476208,183,disjoint,0.0,8,3086,0.7534,Anaphylaxis,D,,False,False,,
0.034395428927382454,0.11329495075187879,183,random,1.875,8,3178,0.7759,Anaphylaxis,D,,False,False,,
0.03796903000329621,0.09844083162170136,183,near_dup,4.0,8,3507,0.8562,Anaphylaxis,D,,False,False,,
0.04574740256066434,0.10341695627721492,184,disjoint,0.0,8,3321,0.8108,Anaphylaxis,E,,False,False,,
0.038989802793366835,0.11312293716036947,184,random,0.375,8,3079,0.7517,Anaphylaxis,E,,False,False,,
0.04346253472613171,0.10286736036505317,184,near_dup,3.625,8,3620,0.8838,Anaphylaxis,E,,False,False,,
0.02829344489146024,0.11499551088490989,185,disjoint,0.0,8,3216,0.7852,Acute laryngitis,B,,False,False,,
0.019100411533145234,0.0990585399849806,185,random,0.875,8,2953,0.7209,Acute laryngitis,B,,False,False,,
0.025115541648119688,0.11313850343867671,185,near_dup,4.0,8,2483,0.6062,Acute laryngitis,B,,False,False,,
0.025931421434506774,0.12411618819169234,186,disjoint,0.0,8,3233,0.7893,Viral pharyngitis,D,,False,False,,
0.023015748476609588,0.10767775430576876,186,random,1.125,8,3034,0.7407,Viral pharyngitis,D,,False,False,,
0.024400124966632575,0.10376683823415078,186,near_dup,4.0,8,2481,0.6057,Viral pharyngitis,D,,False,False,,
0.036203323426889256,0.12849015453684842,187,disjoint,0.0,8,2937,0.717,Acute pulmonary edema,D,,False,False,,
0.031351884244941175,0.13039857400144683,187,random,1.125,8,3273,0.7991,Acute pulmonary edema,D,,False,False,,
0.035697189799975604,0.11188130644586636,187,near_dup,4.0,8,3653,0.8918,Acute pulmonary edema,D,,False,False,,
0.03438837968860753,0.11363866660394706,188,disjoint,0.0,8,3075,0.7507,Pancreatic neoplasm,C,,False,False,,
0.03237355558667332,0.11535027626086958,188,random,0.125,8,2984,0.7285,Pancreatic neoplasm,C,,False,False,,
0.027200743061257526,0.09640123107237741,188,near_dup,3.5,8,3268,0.7979,Pancreatic neoplasm,C,,False,False,,
0.031202924641547725,0.0792555974185234,189,disjoint,0.0,8,3274,0.7993,Acute COPD exacerbation / infection,C,,False,False,,
0.024335179405170493,0.08814758464723127,189,random,0.875,8,2918,0.7124,Acute COPD exacerbation / infection,C,,False,False,,
0.021638712591084186,0.086781576705107,189,near_dup,4.0,8,3945,0.9631,Acute COPD exacerbation / infection,C,,False,False,,
0.052588329010177404,0.11843452938774135,190,disjoint,0.0,8,3180,0.7764,Inguinal hernia,C,,False,False,,
0.054034707543905824,0.11465451118419878,190,random,0.5,8,3165,0.7727,Inguinal hernia,C,,False,False,,
0.06314530794043094,0.08749527186591877,190,near_dup,3.0,8,3664,0.8945,Inguinal hernia,C,,False,False,,
0.030559550534235314,0.11860090228583431,192,disjoint,0.0,8,3128,0.7637,Stable angina,C,,False,False,,
0.03049035812728107,0.11564218327839626,192,random,1.25,8,2974,0.7261,Stable angina,C,,False,False,,
0.026270006579579785,0.09907404682599008,192,near_dup,4.0,8,3215,0.7849,Stable angina,C,,False,False,,
0.03693309308437165,0.1309670289629139,193,disjoint,0.0,8,2773,0.677,GERD,B,,False,False,,
0.032173239029361866,0.13920667162165046,193,random,1.125,8,3134,0.7651,GERD,B,,False,False,,
0.02982376686122734,0.12553396590374177,193,near_dup,3.0,8,3128,0.7637,GERD,B,,False,False,,
0.032152627216419205,0.0864795098095783,194,disjoint,0.0,8,3179,0.7761,Pulmonary embolism,A,,False,False,,
0.030592385301133618,0.08556092143408023,194,random,1.375,8,3199,0.781,Pulmonary embolism,A,,False,False,,
0.030092070868704468,0.08517371144262142,194,near_dup,4.0,8,3155,0.7703,Pulmonary embolism,A,,False,False,,
0.053286712092813104,0.09611098023015074,195,disjoint,0.0,8,2779,0.6785,Anemia,C,,False,False,,
0.06027786748018116,0.09991544047079515,195,random,0.75,8,3238,0.7905,Anemia,C,,False,False,,
0.05602062470279634,0.0881477233269834,195,near_dup,3.25,8,3199,0.781,Anemia,C,,False,False,,
0.03215356613509357,0.13721631982480176,196,disjoint,0.0,8,3133,0.7649,Acute pulmonary edema,E,,False,False,,
0.025847452750895172,0.1214604454144137,196,random,0.625,8,3304,0.8066,Acute pulmonary edema,E,,False,False,,
0.037832820031326264,0.10108231616322882,196,near_dup,4.0,8,2828,0.6904,Acute pulmonary edema,E,,False,False,,
0.04381710721645504,0.12943089288455667,197,disjoint,0.0,8,2937,0.717,Anemia,A,,False,False,,
0.04118761443533003,0.12511026174615836,197,random,0.875,8,2820,0.6885,Anemia,A,,False,False,,
0.040813824569340795,0.13107441515603568,197,near_dup,3.25,8,3133,0.7649,Anemia,A,,False,False,,
0.03568863045074977,0.12525686724984553,198,disjoint,0.0,8,2898,0.7075,Myasthenia gravis,B,,False,False,,
0.039097333734389395,0.13168732651683968,198,random,1.125,8,2628,0.6416,Myasthenia gravis,B,,False,False,,
0.03691100841388106,0.1118856957036769,198,near_dup,4.0,8,2495,0.6091,Myasthenia gravis,B,,False,False,,
0.029907137257396244,0.12188001596950926,199,disjoint,0.0,8,2964,0.7236,Pulmonary neoplasm,C,,False,False,,
0.02616108585789334,0.11723007731779944,199,random,1.5,8,3414,0.8335,Pulmonary neoplasm,C,,False,False,,
0.02790268327225931,0.11153959337389097,199,near_dup,3.125,8,3160,0.7715,Pulmonary neoplasm,C,,False,False,,
0.0314755930157844,0.11859671161801089,200,disjoint,0.0,8,3175,0.7751,Acute laryngitis,D,,False,False,,
0.027277709916234016,0.1000458395719761,200,random,0.75,8,2864,0.6992,Acute laryngitis,D,,False,False,,
0.03187773661920801,0.12802986096357927,200,near_dup,4.0,8,2541,0.6204,Acute laryngitis,D,,False,False,,
0.027625228845863603,0.11675249875406735,201,disjoint,0.0,8,3025,0.7385,PSVT,D,,False,False,,
0.030185347219230607,0.1225267871413962,201,random,1.0,8,3398,0.8296,PSVT,D,,False,False,,
0.03595726829371415,0.11181964407296618,201,near_dup,4.0,8,2368,0.5781,PSVT,D,,False,False,,
0.0348692609986756,0.1069431657961104,202,disjoint,0.0,8,2809,0.6858,Possible NSTEMI / STEMI,C,,False,False,,
0.03285072845756076,0.11176511481608031,202,random,0.75,8,2803,0.6843,Possible NSTEMI / STEMI,C,,False,False,,
0.03346526686800644,0.10632941633230075,202,near_dup,4.0,8,3442,0.8403,Possible NSTEMI / STEMI,C,,False,False,,
0.035992392353364266,0.09560883815720445,203,disjoint,0.0,8,3351,0.8181,Acute laryngitis,B,,False,False,,
0.03013111825566739,0.09395337389287306,203,random,0.5,8,3146,0.7681,Acute laryngitis,B,,False,False,,
0.023998257471248507,0.09885957751248498,203,near_dup,4.0,8,2554,0.6235,Acute laryngitis,B,,False,False,,
0.03228254275745712,0.11992654616187792,204,disjoint,0.0,8,3006,0.7339,Pulmonary neoplasm,C,,False,False,,
0.029670410876860842,0.12371408523176797,204,random,0.5,8,3009,0.7346,Pulmonary neoplasm,C,,False,False,,
0.02974966014153324,0.10954982473049313,204,near_dup,4.0,8,2937,0.717,Pulmonary neoplasm,C,,False,False,,
0.02473823798209196,0.131528031808557,205,disjoint,0.0,8,3054,0.7456,Viral pharyngitis,E,,False,False,,
0.023143257800256833,0.11050915592932142,205,random,0.375,8,3046,0.7437,Viral pharyngitis,E,,False,False,,
0.025569819306838326,0.0997067268108367,205,near_dup,4.0,8,2502,0.6108,Viral pharyngitis,E,,False,False,,
0.03763173034531064,0.12637424032436684,206,disjoint,0.0,8,2865,0.6995,Atrial fibrillation,E,,False,False,,
0.036338239413453266,0.1231361160898814,206,random,0.5,8,2672,0.6523,Atrial fibrillation,E,,False,False,,
0.029560270078945905,0.11872804171434836,206,near_dup,4.0,8,2677,0.6536,Atrial fibrillation,E,,False,False,,
0.031227678031427786,0.10495550281484611,207,disjoint,0.0,8,3005,0.7336,Inguinal hernia,A,,False,False,,
0.03502331257914193,0.10633443354163319,207,random,0.5,8,3179,0.7761,Inguinal hernia,A,,False,False,,
0.028825283574406058,0.08304921013041167,207,near_dup,3.0,8,3651,0.8914,Inguinal hernia,A,,False,False,,
0.029022060392890126,0.10180467244208558,208,disjoint,0.0,8,3128,0.7637,URTI,A,,False,False,,
0.025553034647600725,0.12514478129742201,208,random,1.0,8,3000,0.7324,URTI,A,,False,False,,
0.018099109016475268,0.11238840498845093,208,near_dup,4.0,8,3645,0.8899,URTI,A,,False,False,,
0.047319321500253864,0.0928911080918624,209,disjoint,0.0,8,3335,0.8142,HIV (initial infection),D,,False,False,,
0.054428128991276026,0.10095394656673307,209,random,1.125,8,3354,0.8188,HIV (initial infection),D,,False,False,,
0.054826411069370806,0.09658410722477129,209,near_dup,4.0,8,3714,0.9067,HIV (initial infection),D,,False,False,,
0.04113660356961191,0.08591012546094134,210,disjoint,0.0,8,2949,0.72,Anaphylaxis,A,,False,False,,
0.044531243620440364,0.09955326559429523,210,random,0.375,8,3310,0.8081,Anaphylaxis,A,,False,False,,
0.040605091577162966,0.0904063840789604,210,near_dup,3.0,8,3796,0.9268,Anaphylaxis,A,,False,False,,
0.02872630418278277,0.08457483165693702,211,disjoint,0.0,8,2831,0.6912,Viral pharyngitis,C,,False,False,,
0.02378899413452018,0.10511753996252082,211,random,0.75,8,2983,0.7283,Viral pharyngitis,C,,False,False,,
0.020013679037219845,0.11488024479331216,211,near_dup,4.0,8,3321,0.8108,Viral pharyngitis,C,,False,False,,
0.03539050981635228,0.10813104925910011,212,disjoint,0.0,8,3023,0.738,Anaphylaxis,D,,False,False,,
0.03323285930673592,0.10789938041125424,212,random,0.375,8,3012,0.7354,Anaphylaxis,D,,False,False,,
0.0354039513040334,0.11146134830050869,212,near_dup,4.0,8,3038,0.7417,Anaphylaxis,D,,False,False,,
0.031206426734570414,0.124205468033324,213,disjoint,0.0,8,3023,0.738,Stable angina,D,,False,False,,
0.03695296702790074,0.11725645137630636,213,random,0.625,8,2544,0.6211,Stable angina,D,,False,False,,
0.026060026983032003,0.10910078012238955,213,near_dup,4.0,8,2940,0.7178,Stable angina,D,,False,False,,
0.028997446308494546,0.1327177726852824,215,disjoint,0.0,8,3001,0.7327,GERD,B,,False,False,,
0.02746736966946628,0.13953688269975828,215,random,1.25,8,3733,0.9114,GERD,B,,False,False,,
0.03444070223486051,0.1559775159257697,215,near_dup,3.75,8,2594,0.6333,GERD,B,,False,False,,
0.028355253831250593,0.11290583644222352,216,disjoint,0.0,8,3088,0.7539,Atrial fibrillation,C,,False,False,,
0.02931760437786579,0.12970214329834562,216,random,1.0,8,3244,0.792,Atrial fibrillation,C,,False,False,,
0.026557331439107656,0.11658151799201733,216,near_dup,4.0,8,2461,0.6008,Atrial fibrillation,C,,False,False,,
0.029292432533111423,0.0988436545303557,217,disjoint,0.0,8,3489,0.8518,Epiglottitis,E,,False,False,,
0.021570383541984484,0.11928387149237096,217,random,0.75,8,3346,0.8169,Epiglottitis,E,,False,False,,
0.03175821012700908,0.10149106737662805,217,near_dup,3.0,8,2554,0.6235,Epiglottitis,E,,False,False,,
0.03284781661932357,0.08943863204331137,218,disjoint,0.0,8,2825,0.6897,Myasthenia gravis,D,,False,False,,
0.026330511274863966,0.08360869514581282,218,random,0.625,8,2914,0.7114,Myasthenia gravis,D,,False,False,,
0.028926544124260545,0.09439897176343948,218,near_dup,3.25,8,2431,0.5935,Myasthenia gravis,D,,False,False,,
0.027475711307488382,0.10894880856358213,219,disjoint,0.0,8,3300,0.8057,Viral pharyngitis,D,,False,False,,
0.024725902258069254,0.1045290451584151,219,random,1.0,8,3077,0.7512,Viral pharyngitis,D,,False,False,,
0.022552580281626433,0.11066193864826346,219,near_dup,4.0,8,2482,0.606,Viral pharyngitis,D,,False,False,,
0.028419072623364627,0.11911244886869099,220,disjoint,0.0,8,2605,0.636,Myocarditis,C,,False,False,,
0.026030738561530598,0.12222521888179472,220,random,1.0,8,3066,0.7485,Myocarditis,C,,False,False,,
0.020884458033833653,0.10199191246647388,220,near_dup,4.0,8,2510,0.6128,Myocarditis,C,,False,False,,
0.0274964948912384,0.12076856946805492,222,disjoint,0.0,8,3314,0.8091,Pancreatic neoplasm,D,,False,False,,
0.028477229439886287,0.10389246109843953,222,random,1.0,8,3227,0.7878,Pancreatic neoplasm,D,,False,False,,
0.03124230814864859,0.10443767691322137,222,near_dup,4.0,8,3352,0.8184,Pancreatic neoplasm,D,,False,False,,
0.027070951167843305,0.09352957359078573,223,disjoint,0.0,8,2731,0.6667,Acute dystonic reactions,C,,False,False,,
0.029909641918493435,0.10075620211136993,223,random,0.75,8,2696,0.6582,Acute dystonic reactions,C,,False,False,,
0.030602088780142367,0.09543905027385335,223,near_dup,4.0,8,2357,0.5754,Acute dystonic reactions,C,,False,False,,
0.04267387269646861,0.11460662404715549,224,disjoint,0.0,8,3490,0.8521,Acute pulmonary edema,E,,False,False,,
0.03823827815358527,0.11726459836063441,224,random,0.625,8,3392,0.8281,Acute pulmonary edema,E,,False,False,,
0.03837331983959302,0.11635616912826663,224,near_dup,3.0,8,2926,0.7144,Acute pulmonary edema,E,,False,False,,
0.028042894118698314,0.11748423436074518,225,disjoint,0.0,8,3389,0.8274,Pulmonary neoplasm,C,,False,False,,
0.022034558074665256,0.10759803487599129,225,random,1.25,8,2695,0.658,Pulmonary neoplasm,C,,False,False,,
0.022344917117152363,0.09209487435146002,225,near_dup,3.875,8,3909,0.9543,Pulmonary neoplasm,C,,False,False,,
0.025567900549503975,0.13052273311768658,226,disjoint,0.0,8,2884,0.7041,Guillain-Barré syndrome,D,,False,False,,
0.027043784473789856,0.13162966592790326,226,random,0.375,8,3149,0.7688,Guillain-Barré syndrome,D,,False,False,,
0.029677049300516956,0.12003013925277628,226,near_dup,4.0,8,2562,0.6255,Guillain-Barré syndrome,D,,False,False,,
0.028789362084353343,0.12054598653048743,227,disjoint,0.0,8,2917,0.7122,Pulmonary embolism,A,,False,False,,
0.025574787403456867,0.10983331696115783,227,random,1.625,8,3303,0.8064,Pulmonary embolism,A,,False,False,,
0.029153982672141865,0.1258032043260755,227,near_dup,4.0,8,2943,0.7185,Pulmonary embolism,A,,False,False,,
0.030229333613533527,0.1152190100910957,228,disjoint,0.0,8,2944,0.7188,Pericarditis,E,,False,False,,
0.025208248058333993,0.13207542032614583,228,random,1.625,8,2511,0.613,Pericarditis,E,,False,False,,
0.020122757108765654,0.10912318230839446,228,near_dup,4.0,8,3578,0.8735,Pericarditis,E,,False,False,,
0.03989263152470812,0.13450742600252852,229,disjoint,0.0,8,3264,0.7969,Inguinal hernia,A,,False,False,,
0.03434026625473052,0.12677828702726401,229,random,0.75,8,3038,0.7417,Inguinal hernia,A,,False,False,,
0.04083016738877632,0.12142142801894806,229,near_dup,3.0,8,3629,0.886,Inguinal hernia,A,,False,False,,
0.03261116563226096,0.10276242590043694,230,disjoint,0.0,8,2792,0.6816,Panic attack,C,,False,False,,
0.03130023760604672,0.11152810334169772,230,random,1.5,8,3351,0.8181,Panic attack,C,,False,False,,
0.029609849327243865,0.09181738066399703,230,near_dup,4.0,8,3637,0.8879,Panic attack,C,,False,False,,
0.03352777266991325,0.11657999006274622,231,disjoint,0.0,8,3335,0.8142,Acute pulmonary edema,A,,False,False,,
0.031871389714069664,0.12417800995172001,231,random,0.75,8,3352,0.8184,Acute pulmonary edema,A,,False,False,,
0.042834983236389235,0.1105139101127861,231,near_dup,3.0,8,3123,0.7625,Acute pulmonary edema,A,,False,False,,
0.03195735890767537,0.11064623171841959,232,disjoint,0.0,8,3234,0.7896,Sarcoidosis,E,,False,False,,
0.0349244826938957,0.10012598794855876,232,random,0.375,8,3185,0.7776,Sarcoidosis,E,,False,False,,
0.03448637027759105,0.11485125822218833,232,near_dup,3.0,8,2719,0.6638,Sarcoidosis,E,,False,False,,
0.039486761786974967,0.10928183780197287,233,disjoint,0.0,8,3361,0.8206,Inguinal hernia,A,,False,False,,
0.04060838691657409,0.1126553469512146,233,random,0.25,8,3091,0.7546,Inguinal hernia,A,,False,False,,
0.03910462147905491,0.08179910053149797,233,near_dup,3.0,8,3683,0.8992,Inguinal hernia,A,,False,False,,
0.03173740438069217,0.07662174708093517,234,disjoint,0.0,8,3219,0.7859,Atrial fibrillation,C,,False,False,,
0.03405088592262473,0.08626364867814118,234,random,0.875,8,2893,0.7063,Atrial fibrillation,C,,False,False,,
0.028292005095863715,0.08839346298918827,234,near_dup,4.0,8,2597,0.634,Atrial fibrillation,C,,False,False,,
0.03131951438263059,0.13159561787324492,235,disjoint,0.0,8,2778,0.6782,PSVT,C,,False,False,,
0.027102745312731713,0.14449974461604143,235,random,0.625,8,2984,0.7285,PSVT,C,,False,False,,
0.026862563157919794,0.11142966227635043,235,near_dup,4.0,8,3323,0.8113,PSVT,C,,False,False,,
0.03762918699067086,0.12038322762964526,236,disjoint,0.0,8,2956,0.7217,Panic attack,D,,False,False,,
0.03762918699067086,0.12038322762964526,236,random,0.0,8,2956,0.7217,Panic attack,D,,False,False,,
0.04363885102793574,0.11174043000937672,236,near_dup,3.0,8,3286,0.8022,Panic attack,D,,False,False,,
0.026082731841597706,0.1170227023321786,237,disjoint,0.0,8,3291,0.8035,Pericarditis,C,,False,False,,
0.023805379983969033,0.12078658937389264,237,random,0.625,8,2836,0.6924,Pericarditis,C,,False,False,,
0.02239504388126079,0.10347240119881462,237,near_dup,4.0,8,3121,0.762,Pericarditis,C,,False,False,,
0.033340058143949136,0.1375132621906232,238,disjoint,0.0,8,3072,0.75,Influenza,D,,False,False,,
0.03562569711357355,0.09209305979311466,238,random,0.625,8,2708,0.6611,Influenza,D,,False,False,,
0.03630781071842648,0.11599934594414663,238,near_dup,4.0,8,2720,0.6641,Influenza,D,,False,False,,
0.02747623933828436,0.14789138462219853,239,disjoint,0.0,8,2896,0.707,GERD,E,,False,False,,
0.031837768241530284,0.14811021022615023,239,random,1.125,8,3088,0.7539,GERD,E,,False,False,,
0.029289461381267756,0.11283837466180557,239,near_dup,4.0,8,3196,0.7803,GERD,E,,False,False,,
0.03537920056260191,0.10072183764714282,240,disjoint,0.0,8,3142,0.7671,Anaphylaxis,C,,False,False,,
0.03989045793423429,0.11894269604817964,240,random,0.625,8,2921,0.7131,Anaphylaxis,C,,False,False,,
0.037229002569802105,0.10596613031520974,240,near_dup,3.0,8,3392,0.8281,Anaphylaxis,C,,False,False,,
0.023705315397819504,0.1141860469506355,241,disjoint,0.0,8,3544,0.8652,Pulmonary embolism,C,,False,False,,
0.02261611093126703,0.11576696686825017,241,random,0.75,8,3191,0.7791,Pulmonary embolism,C,,False,False,,
0.020673028702731244,0.09907826207927428,241,near_dup,3.125,8,3064,0.748,Pulmonary embolism,C,,False,False,,
0.033108462288510054,0.08397055418754462,242,disjoint,0.0,8,2946,0.7192,Pericarditis,A,,False,False,,
0.03267933210008778,0.09060813870746642,242,random,1.25,8,3383,0.8259,Pericarditis,A,,False,False,,
0.02705762887489982,0.09130038484727265,242,near_dup,3.25,8,3452,0.8428,Pericarditis,A,,False,False,,
0.030553211094229482,0.12522318557603285,243,disjoint,0.0,8,3201,0.7815,Pericarditis,A,,False,False,,
0.023684538493398577,0.11209478536329698,243,random,0.875,8,3200,0.7812,Pericarditis,A,,False,False,,
0.02248214765859302,0.12412760065490147,243,near_dup,4.0,8,3376,0.8242,Pericarditis,A,,False,False,,
0.03252833560691215,0.10714241344248876,244,disjoint,0.0,8,3347,0.8171,Localized edema,E,,False,False,,
0.03257219880470075,0.1134874349590973,244,random,0.875,8,2953,0.7209,Localized edema,E,,False,False,,
0.033045103831682354,0.098277260287432,244,near_dup,3.125,8,3653,0.8918,Localized edema,E,,False,False,,
0.029887301585404202,0.12336175225209445,245,disjoint,0.0,8,3072,0.75,Pericarditis,B,,False,False,,
0.03050914517370984,0.10198836344352458,245,random,0.625,8,3275,0.7996,Pericarditis,B,,False,False,,
0.02615776311722584,0.13378000039665494,245,near_dup,4.0,8,2815,0.6873,Pericarditis,B,,False,False,,
0.03845416253898293,0.10610974266455742,246,disjoint,0.0,8,3078,0.7515,Anemia,E,,False,False,,
0.052507029089611024,0.10511033795773983,246,random,0.75,8,2932,0.7158,Anemia,E,,False,False,,
0.044847162935184315,0.09985177987982752,246,near_dup,3.0,8,3291,0.8035,Anemia,E,,False,False,,
0.040482507552951574,0.1308177925675409,247,disjoint,0.0,8,2757,0.6731,Acute dystonic reactions,D,,False,False,,
0.038878302730154246,0.12305208995530847,247,random,0.625,8,3014,0.7358,Acute dystonic reactions,D,,False,False,,
0.03324055956909433,0.0975051251007244,247,near_dup,4.0,8,2245,0.5481,Acute dystonic reactions,D,,False,False,,
0.02606830731383525,0.1039696256411844,248,disjoint,0.0,8,3243,0.7917,Acute dystonic reactions,D,,False,False,,
0.02840493430267088,0.10170245623157825,248,random,0.5,8,2977,0.7268,Acute dystonic reactions,D,,False,False,,
0.027764133803430013,0.09621127120772144,248,near_dup,4.0,8,2240,0.5469,Acute dystonic reactions,D,,False,False,,
0.036013488948810846,0.11825370850419858,249,disjoint,0.0,8,2858,0.6978,Tuberculosis,B,,False,False,,
0.03156027504883241,0.1143509253161028,249,random,0.75,8,2823,0.6892,Tuberculosis,B,,False,False,,
0.0350803799010464,0.08998588072427083,249,near_dup,4.0,8,2284,0.5576,Tuberculosis,B,,False,False,,
0.03426649475295562,0.09351501091441605,250,disjoint,0.0,8,2977,0.7268,Bronchospasm / acute asthma exacerbation,A,,False,False,,
0.03222265809017699,0.0989115938427858,250,random,1.0,8,2898,0.7075,Bronchospasm / acute asthma exacerbation,A,,False,False,,
0.03691099381831009,0.09542130494810408,250,near_dup,3.5,8,2542,0.6206,Bronchospasm / acute asthma exacerbation,A,,False,False,,
0.026965291646774858,0.11988804489374161,251,disjoint,0.0,8,2930,0.7153,Possible NSTEMI / STEMI,A,,False,False,,
0.02718430696404539,0.12264369611511938,251,random,0.5,8,3116,0.7607,Possible NSTEMI / STEMI,A,,False,False,,
0.029605875606648624,0.10395192343275994,251,near_dup,4.0,8,3277,0.8,Possible NSTEMI / STEMI,A,,False,False,,
0.03077681630384177,0.14218752227316145,252,disjoint,0.0,8,3056,0.7461,URTI,E,,False,False,,
0.028415017426596023,0.13436915029160446,252,random,0.375,8,2917,0.7122,URTI,E,,False,False,,
0.028341252749669366,0.10752549161406932,252,near_dup,4.0,8,3800,0.9277,URTI,E,,False,False,,
0.029210880893515423,0.10876950270903762,253,disjoint,0.0,8,3279,0.8005,Bronchospasm / acute asthma exacerbation,B,,False,False,,
0.028491242352174595,0.1098736252024537,253,random,0.125,8,3122,0.7622,Bronchospasm / acute asthma exacerbation,B,,False,False,,
0.04247945893439464,0.1050888064346509,253,near_dup,4.0,8,2307,0.5632,Bronchospasm / acute asthma exacerbation,B,,False,False,,
0.0256659867009148,0.14384857653203653,254,disjoint,0.0,8,3230,0.7886,Bronchitis,A,,False,False,,
0.023658853984670714,0.1278051535045961,254,random,0.75,8,3049,0.7444,Bronchitis,A,,False,False,,
0.019359316996997222,0.11796475151641062,254,near_dup,3.75,8,3830,0.9351,Bronchitis,A,,False,False,,
0.028000696882372722,0.125632735878753,255,disjoint,0.0,8,3027,0.739,Pulmonary embolism,A,,False,False,,
0.027739876473788172,0.12950914660905255,255,random,0.75,8,3014,0.7358,Pulmonary embolism,A,,False,False,,
0.03489180185715668,0.09492582060192944,255,near_dup,4.0,8,3307,0.8074,Pulmonary embolism,A,,False,False,,
0.02719419040658977,0.10211866922327317,256,disjoint,0.0,8,3012,0.7354,Viral pharyngitis,D,,False,False,,
0.027615566388703883,0.11169823765521869,256,random,1.25,8,2936,0.7168,Viral pharyngitis,D,,False,False,,
0.025373716911417432,0.10724651387135964,256,near_dup,4.0,8,2572,0.6279,Viral pharyngitis,D,,False,False,,
0.031201130128465593,0.10592551721492782,257,disjoint,0.0,8,3174,0.7749,Pneumonia,C,,False,False,,
0.03357481106650084,0.11857924491778249,257,random,1.75,8,2813,0.6868,Pneumonia,C,,False,False,,
0.029837253561709076,0.10492968645849032,257,near_dup,4.0,8,3566,0.8706,Pneumonia,C,,False,False,,
0.029299207410076633,0.13347155656083487,258,disjoint,0.0,8,2558,0.6245,GERD,B,,False,False,,
0.03332701420004014,0.14152724893938284,258,random,0.75,8,3037,0.7415,GERD,B,,False,False,,
0.028938018236658536,0.1338452550553484,258,near_dup,4.0,8,3493,0.8528,GERD,B,,False,False,,
0.035103695932775736,0.1359327510217554,259,disjoint,0.0,8,3091,0.7546,Unstable angina,B,,False,False,,
0.030152465449646115,0.1400891287921695,259,random,1.25,8,3606,0.8804,Unstable angina,B,,False,False,,
0.030636733921710402,0.13646393783710664,259,near_dup,4.0,8,3109,0.759,Unstable angina,B,,False,False,,
0.029606748459627852,0.12122535870730644,260,disjoint,0.0,8,2996,0.7314,SLE,D,,False,False,,
0.025529889288009144,0.12438317295891466,260,random,0.125,8,3010,0.7349,SLE,D,,False,False,,
0.03126990984310396,0.09207415577839129,260,near_dup,4.0,8,3349,0.8176,SLE,D,,False,False,,
0.03369783749803901,0.13506666308967397,261,disjoint,0.0,8,2937,0.717,Anaphylaxis,B,,False,False,,
0.03988427555304952,0.12577612819586648,261,random,1.0,8,2843,0.6941,Anaphylaxis,B,,False,False,,
0.046841898758430034,0.12093200080562383,261,near_dup,4.0,8,2571,0.6277,Anaphylaxis,B,,False,False,,
0.03490184262045659,0.13693488434364554,262,disjoint,0.0,8,3645,0.8899,Acute pulmonary edema,E,,False,False,,
0.03205141058424488,0.12505230700480752,262,random,1.125,8,3527,0.8611,Acute pulmonary edema,E,,False,False,,
0.03259741878719069,0.11840184863103786,262,near_dup,4.0,8,3564,0.8701,Acute pulmonary edema,E,,False,False,,
0.038326730515109375,0.09602772371727042,263,disjoint,0.0,8,3254,0.7944,Atrial fibrillation,C,,False,False,,
0.03299833358323667,0.08901197333034361,263,random,0.375,8,3430,0.8374,Atrial fibrillation,C,,False,False,,
0.02029390049574431,0.11296035954001127,263,near_dup,4.0,8,2903,0.7087,Atrial fibrillation,C,,False,False,,
0.03424382938828785,0.12026708912162576,264,disjoint,0.0,8,3008,0.7344,Acute otitis media,B,,False,False,,
0.03417640253610443,0.12004262738628313,264,random,0.75,8,2970,0.7251,Acute otitis media,B,,False,False,,
0.03967011338681914,0.11649339576251805,264,near_dup,4.0,8,2769,0.676,Acute otitis media,B,,False,False,,
0.034944302577059716,0.13270862814533757,265,disjoint,0.0,8,3256,0.7949,Possible NSTEMI / STEMI,D,,False,False,,
0.025720728910528123,0.1155557857491658,265,random,0.875,8,3178,0.7759,Possible NSTEMI / STEMI,D,,False,False,,
0.03004809850244783,0.1316450136800995,265,near_dup,3.25,8,3092,0.7549,Possible NSTEMI / STEMI,D,,False,False,,
0.03004457539645955,0.11076412624242948,266,disjoint,0.0,8,3071,0.7498,Possible NSTEMI / STEMI,A,,False,False,,
0.03244819983956404,0.11012454440060537,266,random,1.75,8,3226,0.7876,Possible NSTEMI / STEMI,A,,False,False,,
0.026466543436981738,0.10288893424876733,266,near_dup,4.0,8,3006,0.7339,Possible NSTEMI / STEMI,A,,False,False,,
0.044717456825310364,0.13678551923658233,267,disjoint,0.0,8,3007,0.7341,Panic attack,C,,False,False,,
0.043296763906255364,0.12000901049759705,267,random,0.875,8,3005,0.7336,Panic attack,C,,False,False,,
0.03292095151846297,0.13045538692676928,267,near_dup,3.375,8,3464,0.8457,Panic attack,C,,False,False,,
0.03953037696192041,0.12603054198552854,268,disjoint,0.0,8,3267,0.7976,Panic attack,E,,False,False,,
0.03911057935329154,0.11799982278898824,268,random,0.75,8,3185,0.7776,Panic attack,E,,False,False,,
0.03943008842179552,0.12513556143676396,268,near_dup,3.625,8,3686,0.8999,Panic attack,E,,False,False,,
0.021449187894177157,0.11898876307532191,269,disjoint,0.0,8,3568,0.8711,Viral pharyngitis,D,,False,False,,
0.023088593618012965,0.09715195703756763,269,random,0.375,8,3536,0.8633,Viral pharyngitis,D,,False,False,,
0.023015445534838364,0.09809787271660753,269,near_dup,4.0,8,2374,0.5796,Viral pharyngitis,D,,False,False,,
0.030116579931927845,0.14386412156454753,270,disjoint,0.0,8,3464,0.8457,URTI,B,,False,False,,
0.025062109882128425,0.13032011817995226,270,random,0.875,8,3290,0.8032,URTI,B,,False,False,,
0.022772221607738174,0.12030818531638943,270,near_dup,4.0,8,3486,0.8511,URTI,B,,False,False,,
0.0426600047503598,0.12656267015699996,271,disjoint,0.0,8,2798,0.6831,Panic attack,C,,False,False,,
0.0431685823132284,0.11932566069299355,271,random,0.625,8,2869,0.7004,Panic attack,C,,False,False,,
0.0436496238107793,0.12133218811504776,271,near_dup,3.0,8,3297,0.8049,Panic attack,C,,False,False,,
0.04845962120452896,0.12693678023060784,272,disjoint,0.0,8,3136,0.7656,Anemia,E,,False,False,,
0.050012027204502374,0.1266711009593564,272,random,0.125,8,3333,0.8137,Anemia,E,,False,False,,
0.04964051168644801,0.11061411727860104,272,near_dup,3.0,8,2453,0.5989,Anemia,E,,False,False,,
0.034560032130684704,0.10038509643345606,273,disjoint,0.0,8,2867,0.7,Atrial fibrillation,A,,False,False,,
0.03087238088482991,0.09490238083526492,273,random,1.0,8,2790,0.6812,Atrial fibrillation,A,,False,False,,
0.03888684902631212,0.09260208741034148,273,near_dup,4.0,8,2551,0.6228,Atrial fibrillation,A,,False,False,,
0.02551849326118827,0.12026827076624613,274,disjoint,0.0,8,2943,0.7185,Viral pharyngitis,C,,False,False,,
0.028798951039789245,0.11450394397252239,274,random,1.625,8,3151,0.7693,Viral pharyngitis,C,,False,False,,
0.02819716052908916,0.10038204093871173,274,near_dup,4.0,8,2451,0.5984,Viral pharyngitis,C,,False,False,,
0.03740771659067832,0.10778265669796383,275,disjoint,0.0,8,3186,0.7778,Acute dystonic reactions,E,,False,False,,
0.04292900353902951,0.10034574328892631,275,random,0.5,8,3091,0.7546,Acute dystonic reactions,E,,False,False,,
0.03591245197458193,0.11230832494038623,275,near_dup,4.0,8,2339,0.571,Acute dystonic reactions,E,,False,False,,
0.034262956483871676,0.11331091113970615,276,disjoint,0.0,8,2730,0.6665,Localized edema,C,,False,False,,
0.030712838371982798,0.11168768679635832,276,random,0.875,8,3260,0.7959,Localized edema,C,,False,False,,
0.030303338367957622,0.10061669858987443,276,near_dup,3.125,8,3695,0.9021,Localized edema,C,,False,False,,
0.0335763468319783,0.11421040967252338,277,disjoint,0.0,8,3274,0.7993,Viral pharyngitis,D,,False,False,,
0.02805001212982461,0.11798982098844135,277,random,0.25,8,3546,0.8657,Viral pharyngitis,D,,False,False,,
0.028845476190326735,0.09618325395422289,277,near_dup,4.0,8,2494,0.6089,Viral pharyngitis,D,,False,False,,
0.02555709020816721,0.10594654554734007,278,disjoint,0.0,8,3151,0.7693,Pulmonary embolism,A,,False,False,,
0.02991795976413414,0.1149608851847006,278,random,1.125,8,2876,0.7021,Pulmonary embolism,A,,False,False,,
0.03498657571617514,0.0981174285261659,278,near_dup,4.0,8,2882,0.7036,Pulmonary embolism,A,,False,False,,
0.033964703761739656,0.11972315566526959,279,disjoint,0.0,8,3068,0.749,Sarcoidosis,D,,False,False,,
0.032347772241337225,0.11798611937410897,279,random,0.625,8,2929,0.7151,Sarcoidosis,D,,False,False,,
0.028864772320957854,0.10714664540137164,279,near_dup,3.625,8,3010,0.7349,Sarcoidosis,D,,False,False,,
0.032225167931756005,0.1176710184008698,280,disjoint,0.0,8,3075,0.7507,Bronchitis,E,,False,False,,
0.02683533643721603,0.12408862334996229,280,random,0.75,8,2895,0.7068,Bronchitis,E,,False,False,,
0.036424310339498334,0.11535658421780681,280,near_dup,3.0,8,3407,0.8318,Bronchitis,E,,False,False,,
0.03773422360245604,0.1309935365570709,281,disjoint,0.0,8,3153,0.7698,Tuberculosis,A,,False,False,,
0.03290432764333673,0.13298589216719847,281,random,0.875,8,3081,0.7522,Tuberculosis,A,,False,False,,
0.03279392508557066,0.11259782577690203,281,near_dup,4.0,8,2178,0.5317,Tuberculosis,A,,False,False,,
0.03363439059467055,0.14433151356934104,282,disjoint,0.0,8,2624,0.6406,URTI,C,,False,False,,
0.02756955465883948,0.08810100161645096,282,random,0.75,8,2711,0.6619,URTI,C,,False,False,,
0.024692533173947595,0.10607951616839273,282,near_dup,4.0,8,3930,0.9595,URTI,C,,False,False,,
0.03855915876920335,0.10264196895150235,283,disjoint,0.0,8,3429,0.8372,Pneumonia,D,,False,False,,
0.033469005837105215,0.11673799670097651,283,random,1.125,8,3542,0.8647,Pneumonia,D,,False,False,,
0.035685920796822757,0.12259958384674974,283,near_dup,3.625,8,2802,0.6841,Pneumonia,D,,False,False,,
0.026542395309661515,0.12572768596874084,284,disjoint,0.0,8,3264,0.7969,Acute otitis media,A,,False,False,,
0.023247978562721983,0.13435769195348257,284,random,0.875,8,3011,0.7351,Acute otitis media,A,,False,False,,
0.03817827196326107,0.10325891528918874,284,near_dup,4.0,8,2798,0.6831,Acute otitis media,A,,False,False,,
0.037094187806360424,0.07380749747244408,285,disjoint,0.0,8,3274,0.7993,Scombroid food poisoning,A,,False,False,,
0.04054070624988526,0.07308846167870797,285,random,0.375,8,3162,0.772,Scombroid food poisoning,A,,False,False,,
0.04012130288174376,0.0751386447736877,285,near_dup,3.625,8,2990,0.73,Scombroid food poisoning,A,,False,False,,
0.04171623138245195,0.12175766927975928,286,disjoint,0.0,8,3658,0.8931,Pneumonia,D,,False,False,,
0.03985482768621296,0.11715099817229202,286,random,0.375,8,3466,0.8462,Pneumonia,D,,False,False,,
0.04745572799583897,0.110994176051463,286,near_dup,4.0,8,2620,0.6396,Pneumonia,D,,False,False,,
0.02537217881763354,0.08394792916078586,287,disjoint,0.0,8,3336,0.8145,Acute laryngitis,A,,False,False,,
0.023235057378769852,0.08685908803454367,287,random,1.0,8,3130,0.7642,Acute laryngitis,A,,False,False,,
0.020794875264982693,0.10189617591095157,287,near_dup,4.0,8,2536,0.6191,Acute laryngitis,A,,False,False,,
0.02583736545057036,0.11755218375765253,288,disjoint,0.0,8,2814,0.687,Chagas,A,,False,False,,
0.026293121511116624,0.11021635835641064,288,random,0.75,8,2939,0.7175,Chagas,A,,False,False,,
0.026721485221059993,0.11371798618347384,288,near_dup,3.375,8,3549,0.8665,Chagas,A,,False,False,,
0.040584202244644985,0.1315375707054045,289,disjoint,0.0,8,3732,0.9111,Pneumonia,B,,False,False,,
0.03775067810784094,0.12812957137066405,289,random,1.0,8,3222,0.7866,Pneumonia,B,,False,False,,
0.04064523987472057,0.11241869943478378,289,near_dup,4.0,8,2707,0.6609,Pneumonia,B,,False,False,,
0.031147314934059978,0.12540820499270922,290,disjoint,0.0,8,3436,0.8389,URTI,A,,False,False,,
0.02535693322715815,0.12264291556493845,290,random,1.75,8,2908,0.71,URTI,A,,False,False,,
0.021962378086755052,0.12052733857126441,290,near_dup,3.625,8,3240,0.791,URTI,A,,False,False,,
0.030843527609249577,0.12587140085088322,291,disjoint,0.0,8,2799,0.6833,PSVT,E,,False,False,,
0.03457540331874043,0.1283135726407636,291,random,0.625,8,3168,0.7734,PSVT,E,,False,False,,
0.042773959852638654,0.10474452486960217,291,near_dup,4.0,8,3476,0.8486,PSVT,E,,False,False,,
0.033076776468078606,0.1278414282569429,292,disjoint,0.0,8,3386,0.8267,GERD,B,,False,False,,
0.036542936897603795,0.1403308140434092,292,random,0.875,8,3448,0.8418,GERD,B,,False,False,,
0.03655444772448391,0.13173195030685747,292,near_dup,3.0,8,3090,0.7544,GERD,B,,False,False,,
0.028253747237613425,0.11816964788158657,293,disjoint,0.0,8,3335,0.8142,Stable angina,D,,False,False,,
0.03031858493341133,0.12177035110653378,293,random,0.375,8,3443,0.8406,Stable angina,D,,False,False,,
0.029255624918732792,0.10674408046179451,293,near_dup,4.0,8,3179,0.7761,Stable angina,D,,False,False,,
0.02678037597797811,0.07713342174247373,294,disjoint,0.0,8,3114,0.7603,Bronchospasm / acute asthma exacerbation,C,,False,False,,
0.026580620848108083,0.09310421725967899,294,random,1.375,8,3131,0.7644,Bronchospasm / acute asthma exacerbation,C,,False,False,,
0.029106438552844338,0.0931459326093318,294,near_dup,4.0,8,3235,0.7898,Bronchospasm / acute asthma exacerbation,C,,False,False,,
0.03165468742372468,0.10481905168126104,295,disjoint,0.0,8,3266,0.7974,Stable angina,D,,False,False,,
0.031102735840249807,0.10734807643893873,295,random,0.5,8,3274,0.7993,Stable angina,D,,False,False,,
0.02673241717275232,0.10590026503632544,295,near_dup,4.0,8,3391,0.8279,Stable angina,D,,False,False,,
0.036548995645716786,0.13663848113355925,296,disjoint,0.0,8,2868,0.7002,Panic attack,A,,False,False,,
0.03428381527191959,0.12999090454832185,296,random,0.875,8,3145,0.7678,Panic attack,A,,False,False,,
0.037446700618602335,0.11500633393006865,296,near_dup,3.375,8,3236,0.79,Panic attack,A,,False,False,,
0.034125972422771156,0.11727517758845352,297,disjoint,0.0,8,2846,0.6948,Sarcoidosis,A,,False,False,,
0.03715088209719397,0.10883497122267727,297,random,0.625,8,2537,0.6194,Sarcoidosis,A,,False,False,,
0.03026062445132993,0.11955886046780506,297,near_dup,3.5,8,3129,0.7639,Sarcoidosis,A,,False,False,,
0.0422088360064663,0.08325311283988412,298,disjoint,0.0,8,2977,0.7268,Anaphylaxis,A,,False,False,,
0.038370397145627066,0.11350656783179147,298,random,1.0,8,3188,0.7783,Anaphylaxis,A,,False,False,,
0.04374976526014507,0.09466009368770756,298,near_dup,3.125,8,3655,0.8923,Anaphylaxis,A,,False,False,,
0.042444124119356275,0.08209428917325567,299,disjoint,0.0,8,2985,0.7288,Anaphylaxis,A,,False,False,,
0.04258894914528355,0.08968460118921939,299,random,0.25,8,2868,0.7002,Anaphylaxis,A,,False,False,,
0.049218416097573936,0.10524265690037282,299,near_dup,3.125,8,3427,0.8367,Anaphylaxis,A,,False,False,,
0.02393679111264646,0.11258581584115745,300,disjoint,0.0,8,2706,0.6606,Viral pharyngitis,C,,False,False,,
0.021907307440415025,0.11009866703534499,300,random,0.875,8,3009,0.7346,Viral pharyngitis,C,,False,False,,
0.020913567670504563,0.09310428513708757,300,near_dup,4.0,8,2702,0.6597,Viral pharyngitis,C,,False,False,,
0.03175411926349625,0.11744835352874361,302,disjoint,0.0,8,2972,0.7256,Pancreatic neoplasm,D,,False,False,,
0.03237546587479301,0.11401272978400812,302,random,1.125,8,3105,0.7581,Pancreatic neoplasm,D,,False,False,,
0.03201257620821707,0.11086665756738512,302,near_dup,4.0,8,3784,0.9238,Pancreatic neoplasm,D,,False,False,,
0.037784307525726035,0.12786553985642968,303,disjoint,0.0,8,2869,0.7004,Atrial fibrillation,B,,False,False,,
0.031251189910108224,0.1299015268450603,303,random,0.625,8,2575,0.6287,Atrial fibrillation,B,,False,False,,
0.02233828997123055,0.12190891828504391,303,near_dup,3.5,8,2699,0.6589,Atrial fibrillation,B,,False,False,,
0.038344817905453965,0.09855115604295861,304,disjoint,0.0,8,3021,0.7375,Pneumonia,A,,False,False,,
0.040463176381308585,0.10671050295786699,304,random,1.875,8,2723,0.6648,Pneumonia,A,,False,False,,
0.05269446052261628,0.09946967722498812,304,near_dup,4.0,8,2549,0.6223,Pneumonia,A,,False,False,,
0.030023778090253472,0.12630862947844435,305,disjoint,0.0,8,3340,0.8154,SLE,E,,False,False,,
0.0264605525881052,0.12424992708838545,305,random,0.5,8,3055,0.7458,SLE,E,,False,False,,
0.03311182890320197,0.10367047538602492,305,near_dup,3.25,8,3469,0.8469,SLE,E,,False,False,,
0.027673739125020802,0.11094857821444748,306,disjoint,0.0,8,3068,0.749,Chronic rhinosinusitis,D,,False,False,,
0.026273791067069396,0.10814330963330576,306,random,0.125,8,3181,0.7766,Chronic rhinosinusitis,D,,False,False,,
0.035892698040697724,0.09101829511928372,306,near_dup,3.5,8,2902,0.7085,Chronic rhinosinusitis,D,,False,False,,
0.030504451162414625,0.1361143416725099,308,disjoint,0.0,8,2866,0.6997,Pulmonary embolism,B,,False,False,,
0.03201779056689702,0.12769241771457018,308,random,1.25,8,2793,0.6819,Pulmonary embolism,B,,False,False,,
0.035268225241452456,0.11969484871224267,308,near_dup,4.0,8,3173,0.7747,Pulmonary embolism,B,,False,False,,
0.031974105280824006,0.11976221006625565,309,disjoint,0.0,8,3013,0.7356,Acute rhinosinusitis,B,,False,False,,
0.028298886871198192,0.12267043324391125,309,random,0.75,8,3072,0.75,Acute rhinosinusitis,B,,False,False,,
0.025960034923627973,0.12375888526730705,309,near_dup,3.375,8,3486,0.8511,Acute rhinosinusitis,B,,False,False,,
0.05420109804254025,0.12138135646819137,310,disjoint,0.0,8,2992,0.7305,Anemia,A,,False,False,,
0.054316077614203095,0.11446292088658083,310,random,0.75,8,3133,0.7649,Anemia,A,,False,False,,
0.046454118797555566,0.10349770551692927,310,near_dup,4.0,8,3944,0.9629,Anemia,A,,False,False,,
0.03369026923610363,0.12120609085832257,311,disjoint,0.0,8,3308,0.8076,Chronic rhinosinusitis,E,,False,False,,
0.027195156362722628,0.12344447553914506,311,random,1.0,8,3322,0.811,Chronic rhinosinusitis,E,,False,False,,
0.029721514380071312,0.10595242691488238,311,near_dup,4.0,8,2703,0.6599,Chronic rhinosinusitis,E,,False,False,,
0.03872651542769745,0.12627871208678698,312,disjoint,0.0,8,2817,0.6877,Anemia,C,,False,False,,
0.03670359280658886,0.12779212728491984,312,random,0.75,8,3466,0.8462,Anemia,C,,False,False,,
0.03595364699140191,0.1272442195477197,312,near_dup,3.25,8,3239,0.7908,Anemia,C,,False,False,,
0.035390830744290724,0.10201537676039152,313,disjoint,0.0,8,2796,0.6826,Sarcoidosis,C,,False,False,,
0.03006804719916545,0.10288497462897794,313,random,0.375,8,3034,0.7407,Sarcoidosis,C,,False,False,,
0.027126831526402384,0.11583591170347063,313,near_dup,3.375,8,3004,0.7334,Sarcoidosis,C,,False,False,,
0.03273869352415204,0.1135520410243771,314,disjoint,0.0,8,3465,0.8459,Chronic rhinosinusitis,E,,False,False,,
0.025938971390132792,0.11734873628302012,314,random,0.375,8,3284,0.8018,Chronic rhinosinusitis,E,,False,False,,
0.017691631481284276,0.12494061835604953,314,near_dup,4.0,8,3073,0.7502,Chronic rhinosinusitis,E,,False,False,,
0.031063971196999773,0.1061735118564684,315,disjoint,0.0,8,3138,0.7661,Viral pharyngitis,D,,False,False,,
0.02632625392288901,0.10178321976127336,315,random,0.625,8,2948,0.7197,Viral pharyngitis,D,,False,False,,
0.030546790207154118,0.12207677834521746,315,near_dup,4.0,8,2484,0.6064,Viral pharyngitis,D,,False,False,,
0.036802416638238356,0.12318243616755353,316,disjoint,0.0,8,3476,0.8486,SLE,C,,False,False,,
0.03274404164403677,0.11539274971437408,316,random,0.5,8,3130,0.7642,SLE,C,,False,False,,
0.041236810211557895,0.10905872825242113,316,near_dup,3.0,8,2478,0.605,SLE,C,,False,False,,
0.03305463117430918,0.11902740690129576,317,disjoint,0.0,8,2817,0.6877,Epiglottitis,D,,False,False,,
0.033927153854165226,0.12777658906270517,317,random,0.375,8,2967,0.7244,Epiglottitis,D,,False,False,,
0.03435757610714063,0.12575025626574643,317,near_dup,3.625,8,2500,0.6104,Epiglottitis,D,,False,False,,
0.027424340922152624,0.11914656611043029,318,disjoint,0.0,8,3397,0.8293,Pulmonary neoplasm,E,,False,False,,
0.028758033688063733,0.12306628969236044,318,random,2.0,8,3524,0.8604,Pulmonary neoplasm,E,,False,False,,
0.0279822111770045,0.11766263058234472,318,near_dup,3.875,8,2320,0.5664,Pulmonary neoplasm,E,,False,False,,
0.05972127208951861,0.11148775434412528,319,disjoint,0.0,8,3282,0.8013,HIV (initial infection),E,,False,False,,
0.05216288554947823,0.10086585411045235,319,random,0.25,8,3273,0.7991,HIV (initial infection),E,,False,False,,
0.050610398466233164,0.09388610919995699,319,near_dup,4.0,8,3678,0.8979,HIV (initial infection),E,,False,False,,
0.041989622470282484,0.10281691588170361,320,disjoint,0.0,8,3302,0.8062,Tuberculosis,A,,False,False,,
0.037532253219978884,0.09936684971762588,320,random,0.625,8,2887,0.7048,Tuberculosis,A,,False,False,,
0.03477179268520558,0.09617925730708521,320,near_dup,4.0,8,3012,0.7354,Tuberculosis,A,,False,False,,
0.033688158728182316,0.12918982560222503,321,disjoint,0.0,8,3074,0.7505,PSVT,A,,False,False,,
0.033235755225177854,0.13043561803351622,321,random,0.375,8,3234,0.7896,PSVT,A,,False,False,,
0.030513626232277602,0.11462684777507093,321,near_dup,4.0,8,3158,0.771,PSVT,A,,False,False,,
0.026041964069008827,0.10096766373317223,323,disjoint,0.0,8,3257,0.7952,Sarcoidosis,B,,False,False,,
0.03407960222102702,0.11018614123167936,323,random,1.0,8,2760,0.6738,Sarcoidosis,B,,False,False,,
0.032083178841276094,0.11114821974479128,323,near_dup,3.0,8,2655,0.6482,Sarcoidosis,B,,False,False,,
0.028846035173046403,0.12460184345400194,324,disjoint,0.0,8,3223,0.7869,Chronic rhinosinusitis,A,,False,False,,
0.0292317948769778,0.10282082555204397,324,random,0.625,8,2756,0.6729,Chronic rhinosinusitis,A,,False,False,,
0.026016393152531236,0.10056333602551604,324,near_dup,4.0,8,2735,0.6677,Chronic rhinosinusitis,A,,False,False,,
0.035938912886194885,0.10254748489387566,325,disjoint,0.0,8,3272,0.7988,Anemia,D,,False,False,,
0.03476067661540583,0.11408950365148485,325,random,0.5,8,3019,0.7371,Anemia,D,,False,False,,
0.03785953167243861,0.09653269889531657,325,near_dup,3.0,8,2633,0.6428,Anemia,D,,False,False,,
0.033586437959456816,0.12815349405718734,326,disjoint,0.0,8,2851,0.696,Boerhaave,B,,False,False,,
0.035436773468973115,0.11939334818453062,326,random,0.75,8,2967,0.7244,Boerhaave,B,,False,False,,
0.03478715955861844,0.10475168863194995,326,near_dup,4.0,8,3236,0.79,Boerhaave,B,,False,False,,
0.03100847190944478,0.10409946036816109,327,disjoint,0.0,8,2615,0.6384,Myasthenia gravis,A,,False,False,,
0.02964783608331345,0.11523009044321952,327,random,0.25,8,2598,0.6343,Myasthenia gravis,A,,False,False,,
0.026433601204189472,0.09896902494074311,327,near_dup,4.0,8,2781,0.679,Myasthenia gravis,A,,False,False,,
0.030139488546410576,0.1506199664218002,328,disjoint,0.0,8,2742,0.6694,GERD,C,,False,False,,
0.033805301383836195,0.11450434573634993,328,random,0.875,8,2612,0.6377,GERD,C,,False,False,,
0.030205311326426454,0.13841103370214114,328,near_dup,4.0,8,3146,0.7681,GERD,C,,False,False,,
0.02985062492371071,0.11859049581835279,329,disjoint,0.0,8,2994,0.731,URTI,A,,False,False,,
0.030118545284494758,0.12007038823503535,329,random,0.625,8,2757,0.6731,URTI,A,,False,False,,
0.021796188069856726,0.12714759958180366,329,near_dup,4.0,8,3236,0.79,URTI,A,,False,False,,
0.030194963779649697,0.11284380636789137,330,disjoint,0.0,8,3533,0.8625,Bronchiectasis,C,,False,False,,
0.030194963779649697,0.11284380636789137,330,random,0.0,8,3533,0.8625,Bronchiectasis,C,,False,False,,
0.03448065111297183,0.0969744640387944,330,near_dup,4.0,8,3752,0.916,Bronchiectasis,C,,False,False,,
0.02780254300159868,0.10900480699638138,331,disjoint,0.0,8,3349,0.8176,Stable angina,A,,False,False,,
0.03335093587520532,0.12276258649217198,331,random,0.75,8,2758,0.6733,Stable angina,A,,False,False,,
0.027950867341132835,0.11459209521854063,331,near_dup,4.0,8,3285,0.802,Stable angina,A,,False,False,,
0.029579275520518422,0.1232932413186063,332,disjoint,0.0,8,3184,0.7773,Chronic rhinosinusitis,A,,False,False,,
0.026799575600307435,0.11531397591897985,332,random,0.25,8,3379,0.825,Chronic rhinosinusitis,A,,False,False,,
0.024470788368489593,0.09011788560746936,332,near_dup,4.0,8,2912,0.7109,Chronic rhinosinusitis,A,,False,False,,
0.025584412025636993,0.09529939672211185,333,disjoint,0.0,8,3030,0.7397,URTI,C,,False,False,,
0.0253273631533375,0.10698072900413536,333,random,1.125,8,3162,0.772,URTI,C,,False,False,,
0.026150463410886005,0.11808134593593422,333,near_dup,4.0,8,3125,0.7629,URTI,C,,False,False,,
0.04989707554341294,0.1152918569277972,334,disjoint,0.0,8,3386,0.8267,Influenza,D,,False,False,,
0.04619220254244283,0.10991295791609446,334,random,1.5,8,3716,0.9072,Influenza,D,,False,False,,
0.04714465560391545,0.11822556866536615,334,near_dup,4.0,8,2914,0.7114,Influenza,D,,False,False,,
0.03237739863106981,0.12244072280736873,335,disjoint,0.0,8,3266,0.7974,Unstable angina,C,,False,False,,
0.031746618187753484,0.11029940927255666,335,random,0.375,8,3218,0.7856,Unstable angina,C,,False,False,,
0.0246126861020457,0.11295412730396492,335,near_dup,4.0,8,3019,0.7371,Unstable angina,C,,False,False,,
0.022145364244352095,0.1012886044482002,336,disjoint,0.0,8,2994,0.731,Viral pharyngitis,D,,False,False,,
0.02119690302060917,0.12256765108031686,336,random,0.75,8,2939,0.7175,Viral pharyngitis,D,,False,False,,
0.025246077188057825,0.12978407307673478,336,near_dup,4.0,8,2679,0.6541,Viral pharyngitis,D,,False,False,,
0.028888598913908936,0.08090769363479922,337,disjoint,0.0,8,3310,0.8081,Spontaneous pneumothorax,C,,False,False,,
0.020132217498030514,0.1267265167844016,337,random,0.875,8,3098,0.7563,Spontaneous pneumothorax,C,,False,False,,
0.026189203505055048,0.11113762556487927,337,near_dup,4.0,8,3112,0.7598,Spontaneous pneumothorax,C,,False,False,,
0.02753238455625251,0.12508420657832175,339,disjoint,0.0,8,3201,0.7815,URTI,C,,False,False,,
0.027376643105526455,0.13024078177113552,339,random,0.625,8,2805,0.6848,URTI,C,,False,False,,
0.03346923195931595,0.11369493771053385,339,near_dup,4.0,8,3291,0.8035,URTI,C,,False,False,,
0.026033857750007883,0.1292837080254685,340,disjoint,0.0,8,2787,0.6804,Viral pharyngitis,D,,False,False,,
0.028607706786715426,0.10328816285618814,340,random,0.5,8,3058,0.7466,Viral pharyngitis,D,,False,False,,
0.024384692704188637,0.11034482305694837,340,near_dup,4.0,8,2453,0.5989,Viral pharyngitis,D,,False,False,,
0.03266797977266833,0.08469877237803303,341,disjoint,0.0,8,3293,0.804,Bronchospasm / acute asthma exacerbation,E,,False,False,,
0.03427034494234249,0.08250602867337875,341,random,1.0,8,3160,0.7715,Bronchospasm / acute asthma exacerbation,E,,False,False,,
0.030385886784642935,0.09220020951033803,341,near_dup,4.0,8,2425,0.592,Bronchospasm / acute asthma exacerbation,E,,False,False,,
0.04313238966278732,0.11003470937430393,342,disjoint,0.0,8,2875,0.7019,Acute dystonic reactions,C,,False,False,,
0.035764866421232,0.11164195278252009,342,random,0.875,8,2965,0.7239,Acute dystonic reactions,C,,False,False,,
0.03787681745598093,0.09296669690229464,342,near_dup,4.0,8,2374,0.5796,Acute dystonic reactions,C,,False,False,,
0.03224405998480506,0.1209210169618018,343,disjoint,0.0,8,3230,0.7886,Possible NSTEMI / STEMI,E,,False,False,,
0.030751051293918863,0.11475562865962274,343,random,1.375,8,3146,0.7681,Possible NSTEMI / STEMI,E,,False,False,,
0.028673065011389554,0.10586918883927865,343,near_dup,4.0,8,3845,0.9387,Possible NSTEMI / STEMI,E,,False,False,,
0.03387866719276644,0.08927942011359846,344,disjoint,0.0,8,3211,0.7839,Myasthenia gravis,A,,False,False,,
0.03397410991601646,0.08920233443495817,344,random,0.5,8,2997,0.7317,Myasthenia gravis,A,,False,False,,
0.031408946408191696,0.09665483506250894,344,near_dup,4.0,8,2480,0.6055,Myasthenia gravis,A,,False,False,,
0.03207766395644285,0.12304718322411645,345,disjoint,0.0,8,2894,0.7065,Influenza,E,,False,False,,
0.022701348847476766,0.1228679557389114,345,random,1.25,8,2917,0.7122,Influenza,E,,False,False,,
0.0265884623513557,0.11649531962029869,345,near_dup,4.0,8,3108,0.7588,Influenza,E,,False,False,,
0.030345810460858047,0.14434896213788306,347,disjoint,0.0,8,3416,0.834,URTI,E,,False,False,,
0.03312393203668762,0.14013452619838063,347,random,0.5,8,3476,0.8486,URTI,E,,False,False,,
0.03059959053643979,0.13875933697272558,347,near_dup,4.0,8,3285,0.802,URTI,E,,False,False,,
0.05701515590772033,0.131597036801395,348,disjoint,0.0,8,2987,0.7292,Anemia,B,,False,False,,
0.056833367445506155,0.13111860936623998,348,random,0.25,8,2851,0.696,Anemia,B,,False,False,,
0.04556160653010011,0.12005242441955488,348,near_dup,3.0,8,2555,0.6238,Anemia,B,,False,False,,
0.03225084437872283,0.09683463956753258,349,disjoint,0.0,8,3015,0.7361,Chronic rhinosinusitis,C,,False,False,,
0.0361795898352284,0.09655511659366312,349,random,1.25,8,2831,0.6912,Chronic rhinosinusitis,C,,False,False,,
0.024453484584228136,0.09527276401786366,349,near_dup,4.0,8,3081,0.7522,Chronic rhinosinusitis,C,,False,False,,
0.029816595575539395,0.12620199310185853,350,disjoint,0.0,8,3392,0.8281,Bronchospasm / acute asthma exacerbation,E,,False,False,,
0.02560750994598493,0.12052858926472254,350,random,0.75,8,3513,0.8577,Bronchospasm / acute asthma exacerbation,E,,False,False,,
0.029813606190145947,0.12277615480707027,350,near_dup,3.5,8,2480,0.6055,Bronchospasm / acute asthma exacerbation,E,,False,False,,
0.028109546576160938,0.13144257954263594,351,disjoint,0.0,8,3264,0.7969,URTI,B,,False,False,,
0.03063305260729976,0.13940837906557135,351,random,0.125,8,3233,0.7893,URTI,B,,False,False,,
0.022349693535943516,0.12888302023202414,351,near_dup,4.0,8,3582,0.8745,URTI,B,,False,False,,
0.04127700510434806,0.11201921354222577,352,disjoint,0.0,8,3162,0.772,Anemia,C,,False,False,,
0.03264927861164324,0.09314461890608072,352,random,0.375,8,3005,0.7336,Anemia,C,,False,False,,
0.04883572817198001,0.10296267038938822,352,near_dup,3.0,8,2397,0.5852,Anemia,C,,False,False,,
0.05099376256112009,0.11921795319358353,353,disjoint,0.0,8,3139,0.7664,Anemia,D,,False,False,,
0.047996703593526036,0.11301441954128677,353,random,1.125,8,3283,0.8015,Anemia,D,,False,False,,
0.0479860584018752,0.11580461837002076,353,near_dup,3.0,8,2813,0.6868,Anemia,D,,False,False,,
0.029756893913145177,0.11732395027502207,354,disjoint,0.0,8,2872,0.7012,Myasthenia gravis,C,,False,False,,
0.024517079524230212,0.10955872103659203,354,random,0.375,8,2742,0.6694,Myasthenia gravis,C,,False,False,,
0.023847770658903755,0.12256485001125839,354,near_dup,4.0,8,2428,0.5928,Myasthenia gravis,C,,False,False,,
0.0246464768279111,0.12084017679444514,355,disjoint,0.0,8,2966,0.7241,Pulmonary embolism,E,,False,False,,
0.02731218613917008,0.11917411549802637,355,random,1.875,8,2668,0.6514,Pulmonary embolism,E,,False,False,,
0.028702717914711684,0.11614115999691421,355,near_dup,4.0,8,2881,0.7034,Pulmonary embolism,E,,False,False,,
0.030945195554522797,0.0932517757973983,357,disjoint,0.0,8,3198,0.7808,Acute rhinosinusitis,D,,False,False,,
0.031054681894602254,0.10658236216841033,357,random,1.0,8,2877,0.7024,Acute rhinosinusitis,D,,False,False,,
0.02299466694239527,0.10219296697323443,357,near_dup,4.0,8,2810,0.686,Acute rhinosinusitis,D,,False,False,,
0.038470631174277514,0.11534963285521371,358,disjoint,0.0,8,3347,0.8171,Localized edema,D,,False,False,,
0.0272848877357319,0.11285555305221351,358,random,0.75,8,3090,0.7544,Localized edema,D,,False,False,,
0.03617066427250393,0.0927272516710218,358,near_dup,3.125,8,3723,0.9089,Localized edema,D,,False,False,,
0.02689666634250898,0.1340858916300931,359,disjoint,0.0,8,3329,0.8127,Tuberculosis,E,,False,False,,
0.02941742437542416,0.11850572370894952,359,random,1.125,8,2946,0.7192,Tuberculosis,E,,False,False,,
0.032854806500836276,0.10652126590139233,359,near_dup,4.0,8,3320,0.8105,Tuberculosis,E,,False,False,,
0.03155339622753672,0.11919369011593517,360,disjoint,0.0,8,3523,0.8601,Myasthenia gravis,C,,False,False,,
0.026073042114148848,0.11933723775291583,360,random,0.125,8,3714,0.9067,Myasthenia gravis,C,,False,False,,
0.028745469884597696,0.11906407778587891,360,near_dup,4.0,8,2458,0.6001,Myasthenia gravis,C,,False,False,,
0.0338994439371163,0.13070535122824367,361,disjoint,0.0,8,3061,0.7473,Bronchitis,E,,False,False,,
0.025318728963611647,0.12756898451334564,361,random,0.875,8,2656,0.6484,Bronchitis,E,,False,False,,
0.023296511921216734,0.12853159844235051,361,near_dup,4.0,8,3285,0.802,Bronchitis,E,,False,False,,
0.031195995135931298,0.13512775762501406,362,disjoint,0.0,8,2700,0.6592,Acute pulmonary edema,B,,False,False,,
0.032892343966523185,0.10091482088319026,362,random,0.875,8,3177,0.7756,Acute pulmonary edema,B,,False,False,,
0.026755721541121602,0.10359004726342391,362,near_dup,4.0,8,3268,0.7979,Acute pulmonary edema,B,,False,False,,
0.032714782166294754,0.1286440880940063,363,disjoint,0.0,8,3585,0.8752,Panic attack,B,,False,False,,
0.033459917496657,0.14088728109345539,363,random,0.5,8,3551,0.8669,Panic attack,B,,False,False,,
0.034137112903408706,0.12438298659253633,363,near_dup,4.0,8,3875,0.946,Panic attack,B,,False,False,,
0.02506416277901735,0.09633410432434175,364,disjoint,0.0,8,2839,0.6931,Acute dystonic reactions,D,,False,False,,
0.023167613457189873,0.09606239805725636,364,random,0.375,8,2962,0.7231,Acute dystonic reactions,D,,False,False,,
0.022108272853074595,0.109640092094196,364,near_dup,4.0,8,2443,0.5964,Acute dystonic reactions,D,,False,False,,
0.048153225565329194,0.13481099120690487,365,disjoint,0.0,8,3208,0.7832,Anemia,E,,False,False,,
0.05029065679991618,0.1274671766004758,365,random,0.625,8,3222,0.7866,Anemia,E,,False,False,,
0.05006837999098934,0.11212536877428647,365,near_dup,3.625,8,3449,0.842,Anemia,E,,False,False,,
0.0548238733317703,0.12291995031409897,366,disjoint,0.0,8,2862,0.6987,Anemia,E,,False,False,,
0.04716599002131261,0.12212154144071974,366,random,0.625,8,2834,0.6919,Anemia,E,,False,False,,
0.03915495326509699,0.11436528446211014,366,near_dup,4.0,8,3906,0.9536,Anemia,E,,False,False,,
0.02568760975555051,0.12080791604239494,367,disjoint,0.0,8,3123,0.7625,Viral pharyngitis,E,,False,False,,
0.027132874907692894,0.1172461578680668,367,random,0.75,8,3423,0.8357,Viral pharyngitis,E,,False,False,,
0.02499880490358919,0.09825389613979496,367,near_dup,4.0,8,2777,0.678,Viral pharyngitis,E,,False,False,,
0.03454378599417396,0.11217157089413377,368,disjoint,0.0,8,2967,0.7244,Acute laryngitis,A,,False,False,,
0.03852730835205875,0.09845101095561404,368,random,0.875,8,2911,0.7107,Acute laryngitis,A,,False,False,,
0.0246039208577713,0.10122200976184104,368,near_dup,4.0,8,2491,0.6082,Acute laryngitis,A,,False,False,,
0.05367667056270875,0.1171673076460138,369,disjoint,0.0,8,3149,0.7688,Anemia,E,,False,False,,
0.05092115723527968,0.11842710798373446,369,random,0.125,8,2904,0.709,Anemia,E,,False,False,,
0.04977366788079962,0.11049708280916093,369,near_dup,3.25,8,2619,0.6394,Anemia,E,,False,False,,
0.03714381574536674,0.10755119111126987,370,disjoint,0.0,8,3372,0.8232,Sarcoidosis,B,,False,False,,
0.029136754892533645,0.11428455622080946,370,random,0.5,8,2720,0.6641,Sarcoidosis,B,,False,False,,
0.036878653743769974,0.104963708363357,370,near_dup,3.0,8,3563,0.8699,Sarcoidosis,B,,False,False,,
0.03357547061750665,0.13007166326860897,371,disjoint,0.0,8,2799,0.6833,Possible NSTEMI / STEMI,B,,False,False,,
0.03230616729706526,0.1210381679047714,371,random,0.375,8,2895,0.7068,Possible NSTEMI / STEMI,B,,False,False,,
0.03104166206321679,0.11684452884219354,371,near_dup,3.375,8,3139,0.7664,Possible NSTEMI / STEMI,B,,False,False,,
0.031262500895536505,0.12138202757341787,373,disjoint,0.0,8,2723,0.6648,Viral pharyngitis,D,,False,False,,
0.025301347937784158,0.12161935269250534,373,random,0.625,8,2751,0.6716,Viral pharyngitis,D,,False,False,,
0.019613068259786814,0.13335022262617713,373,near_dup,4.0,8,2407,0.5876,Viral pharyngitis,D,,False,False,,
0.04286800813861191,0.12345746520441025,374,disjoint,0.0,8,2781,0.679,Anemia,D,,False,False,,
0.05044310225639492,0.11157991192158079,374,random,0.625,8,3057,0.7463,Anemia,D,,False,False,,
0.05277677401318215,0.09510555495944573,374,near_dup,3.0,8,3246,0.7925,Anemia,D,,False,False,,
0.028859857702627778,0.11250844718597364,375,disjoint,0.0,8,3163,0.7722,Pulmonary embolism,B,,False,False,,
0.030296199809527025,0.11083631416113349,375,random,1.375,8,2867,0.7,Pulmonary embolism,B,,False,False,,
0.03455192712135613,0.09617039333534194,375,near_dup,4.0,8,2848,0.6953,Pulmonary embolism,B,,False,False,,
0.02296115568606183,0.10795496767968871,376,disjoint,0.0,8,2996,0.7314,Viral pharyngitis,D,,False,False,,
0.021210165723459795,0.11515828578558285,376,random,0.875,8,2620,0.6396,Viral pharyngitis,D,,False,False,,
0.016636418440612033,0.11413195945351617,376,near_dup,4.0,8,2522,0.6157,Viral pharyngitis,D,,False,False,,
0.045059182215482,0.11093951037764782,377,disjoint,0.0,8,3117,0.761,Acute dystonic reactions,C,,False,False,,
0.03952092496911064,0.09495245682774112,377,random,1.5,8,3091,0.7546,Acute dystonic reactions,C,,False,False,,
0.038681772886775434,0.11725550363189541,377,near_dup,4.0,8,2249,0.5491,Acute dystonic reactions,C,,False,False,,
0.049337648903019726,0.12714729078288656,378,disjoint,0.0,8,2644,0.6455,Anemia,D,,False,False,,
0.05337770312326029,0.12338227359578013,378,random,0.875,8,3479,0.8494,Anemia,D,,False,False,,
0.04006776728783734,0.10773983510443941,378,near_dup,3.25,8,3585,0.8752,Anemia,D,,False,False,,
0.02999639164772816,0.13052872718981234,379,disjoint,0.0,8,3462,0.8452,Bronchitis,A,,False,False,,
0.02831723101553507,0.12512250203144504,379,random,1.375,8,3630,0.8862,Bronchitis,A,,False,False,,
0.02978988306131214,0.12686663135536946,379,near_dup,4.0,8,3065,0.7483,Bronchitis,A,,False,False,,
0.047544981352984905,0.12792158272350207,380,disjoint,0.0,8,2821,0.6887,Anemia,D,,False,False,,
0.03872000885894522,0.13113140253699385,380,random,0.5,8,2938,0.7173,Anemia,D,,False,False,,
0.042036589758936316,0.12276193616708042,380,near_dup,3.875,8,2621,0.6399,Anemia,D,,False,False,,
0.030098913863184862,0.11833606876462,381,disjoint,0.0,8,3206,0.7827,Bronchitis,A,,False,False,,
0.029932269040727988,0.13378836026822682,381,random,0.5,8,3211,0.7839,Bronchitis,A,,False,False,,
0.0385503537254408,0.10696159703365993,381,near_dup,4.0,8,2145,0.5237,Bronchitis,A,,False,False,,
0.026482595916604623,0.09344096321001416,382,disjoint,0.0,8,3188,0.7783,Acute COPD exacerbation / infection,D,,False,False,,
0.023327512142714113,0.10156293625914259,382,random,1.0,8,2921,0.7131,Acute COPD exacerbation / infection,D,,False,False,,
0.025512878914014436,0.09508987209119368,382,near_dup,4.0,8,3376,0.8242,Acute COPD exacerbation / infection,D,,False,False,,
0.027115385033539496,0.0978076603350928,383,disjoint,0.0,8,3293,0.804,Viral pharyngitis,C,,False,False,,
0.029983664164319634,0.0872079091714113,383,random,0.75,8,3048,0.7441,Viral pharyngitis,C,,False,False,,
0.024046104241278954,0.10023955728684086,383,near_dup,4.0,8,2520,0.6152,Viral pharyngitis,C,,False,False,,
