layer,retrained_explicit_test_acc,retrained_implicit_acc
0,0.99,0.8083333333333333
1,0.985,0.79
2,0.995,0.805
3,1.0,0.8183333333333334
4,1.0,0.8083333333333333
5,1.0,0.8416666666666667
6,1.0,0.8183333333333334
7,0.995,0.8116666666666666
8,0.985,0.8033333333333333
9,0.99,0.7766666666666666
10,0.985,0.76
11,0.965,0.72
