2026-08-03 23:04:22,221 - INFO - HTTP Request: GET https://huggingface.co/api/datasets/unrulyabstractions/temporal-awareness "HTTP/1.1 200 OK"
2026-08-03 23:04:22,437 - INFO - Syncing /root/temporal-awareness/out/experiments/loc_mistral_investment -> unrulyabstractions/temporal-awareness/localization/loc_mistral_investment (dataset)
2026-08-03 23:04:22,437 - INFO - Scanned /root/temporal-awareness/out/experiments/loc_mistral_investment: 4 files on disk, 4 to upload (14.1 KB)
2026-08-03 23:04:22,549 - INFO - HTTP Request: POST https://huggingface.co/api/datasets/unrulyabstractions/temporal-awareness/preupload/main "HTTP/1.1 200 OK"
2026-08-03 23:04:33,654 - INFO - HTTP Request: POST https://huggingface.co/api/datasets/unrulyabstractions/temporal-awareness/commit/main "HTTP/1.1 200 OK"
2026-08-03 23:04:33,657 - INFO - [commit 1/1] 4 files, 14.1 KB in 11.2s (1.3 KB/s) | pass total 4/4 files, 14.1 KB, 11.2s
2026-08-03 23:04:33,658 - INFO - Waiting 120s for new files (done-file RUN_COMPLETE: absent)
2026-08-03 23:06:33,658 - INFO - Scanned /root/temporal-awareness/out/experiments/loc_mistral_investment: 4 files on disk, 1 to upload (607.0 B)
2026-08-03 23:06:34,064 - INFO - HTTP Request: POST https://huggingface.co/api/datasets/unrulyabstractions/temporal-awareness/preupload/main "HTTP/1.1 200 OK"
No files have been modified since last commit. Skipping to prevent empty commit.
2026-08-03 23:06:34,065 - WARNING - No files have been modified since last commit. Skipping to prevent empty commit.
2026-08-03 23:06:34,200 - INFO - HTTP Request: GET https://huggingface.co/api/datasets/unrulyabstractions/temporal-awareness/revision/main "HTTP/1.1 200 OK"
2026-08-03 23:06:34,500 - INFO - [commit 1/1] 1 files, 607.0 B in 0.8s (721.0 B/s) | pass total 1/1 files, 607.0 B, 0.8s
2026-08-03 23:06:34,500 - INFO - Waiting 120s for new files (done-file RUN_COMPLETE: absent)
2026-08-03 23:08:34,501 - INFO - Scanned /root/temporal-awareness/out/experiments/loc_mistral_investment: 4 files on disk, 1 to upload (1.1 KB)
2026-08-03 23:08:34,843 - INFO - HTTP Request: POST https://huggingface.co/api/datasets/unrulyabstractions/temporal-awareness/preupload/main "HTTP/1.1 200 OK"
2026-08-03 23:08:43,384 - INFO - HTTP Request: POST https://huggingface.co/api/datasets/unrulyabstractions/temporal-awareness/commit/main "HTTP/1.1 200 OK"
2026-08-03 23:08:43,386 - INFO - [commit 1/1] 1 files, 1.1 KB in 8.9s (123.0 B/s) | pass total 1/1 files, 1.1 KB, 8.9s
2026-08-03 23:08:43,386 - INFO - Waiting 120s for new files (done-file RUN_COMPLETE: absent)
2026-08-03 23:10:43,387 - INFO - Scanned /root/temporal-awareness/out/experiments/loc_mistral_investment: 4 files on disk, 1 to upload (1.2 KB)
2026-08-03 23:10:43,737 - INFO - HTTP Request: POST https://huggingface.co/api/datasets/unrulyabstractions/temporal-awareness/preupload/main "HTTP/1.1 200 OK"
2026-08-03 23:10:50,462 - INFO - HTTP Request: POST https://huggingface.co/api/datasets/unrulyabstractions/temporal-awareness/commit/main "HTTP/1.1 200 OK"
2026-08-03 23:10:50,464 - INFO - [commit 1/1] 1 files, 1.2 KB in 7.1s (173.0 B/s) | pass total 1/1 files, 1.2 KB, 7.1s
2026-08-03 23:10:50,464 - INFO - Waiting 120s for new files (done-file RUN_COMPLETE: absent)
2026-08-03 23:12:50,465 - INFO - Scanned /root/temporal-awareness/out/experiments/loc_mistral_investment: 4 files on disk, 1 to upload (1.3 KB)
2026-08-03 23:12:50,656 - INFO - HTTP Request: POST https://huggingface.co/api/datasets/unrulyabstractions/temporal-awareness/preupload/main "HTTP/1.1 200 OK"
2026-08-03 23:13:00,873 - INFO - HTTP Request: POST https://huggingface.co/api/datasets/unrulyabstractions/temporal-awareness/commit/main "HTTP/1.1 200 OK"
2026-08-03 23:13:00,875 - INFO - [commit 1/1] 1 files, 1.3 KB in 10.4s (131.0 B/s) | pass total 1/1 files, 1.3 KB, 10.4s
2026-08-03 23:13:00,875 - INFO - Waiting 120s for new files (done-file RUN_COMPLETE: absent)
2026-08-03 23:15:00,875 - INFO - Scanned /root/temporal-awareness/out/experiments/loc_mistral_investment: 4 files on disk, 1 to upload (1.4 KB)
2026-08-03 23:15:01,184 - INFO - HTTP Request: POST https://huggingface.co/api/datasets/unrulyabstractions/temporal-awareness/preupload/main "HTTP/1.1 200 OK"
2026-08-03 23:15:10,010 - INFO - HTTP Request: POST https://huggingface.co/api/datasets/unrulyabstractions/temporal-awareness/commit/main "HTTP/1.1 200 OK"
2026-08-03 23:15:10,011 - INFO - [commit 1/1] 1 files, 1.4 KB in 9.1s (153.0 B/s) | pass total 1/1 files, 1.4 KB, 9.1s
2026-08-03 23:15:10,011 - INFO - Waiting 120s for new files (done-file RUN_COMPLETE: absent)
2026-08-03 23:17:10,012 - INFO - Scanned /root/temporal-awareness/out/experiments/loc_mistral_investment: 4 files on disk, 1 to upload (1.5 KB)
2026-08-03 23:17:10,180 - INFO - HTTP Request: POST https://huggingface.co/api/datasets/unrulyabstractions/temporal-awareness/preupload/main "HTTP/1.1 200 OK"
2026-08-03 23:17:16,996 - INFO - HTTP Request: POST https://huggingface.co/api/datasets/unrulyabstractions/temporal-awareness/commit/main "HTTP/1.1 200 OK"
2026-08-03 23:17:16,997 - INFO - [commit 1/1] 1 files, 1.5 KB in 7.0s (221.0 B/s) | pass total 1/1 files, 1.5 KB, 7.0s
2026-08-03 23:17:16,998 - INFO - Waiting 120s for new files (done-file RUN_COMPLETE: absent)
2026-08-03 23:19:16,999 - INFO - Scanned /root/temporal-awareness/out/experiments/loc_mistral_investment: 4 files on disk, 1 to upload (2.1 KB)
2026-08-03 23:19:17,244 - INFO - HTTP Request: POST https://huggingface.co/api/datasets/unrulyabstractions/temporal-awareness/preupload/main "HTTP/1.1 200 OK"
2026-08-03 23:19:25,626 - INFO - HTTP Request: POST https://huggingface.co/api/datasets/unrulyabstractions/temporal-awareness/commit/main "HTTP/1.1 200 OK"
2026-08-03 23:19:25,627 - INFO - [commit 1/1] 1 files, 2.1 KB in 8.6s (248.0 B/s) | pass total 1/1 files, 2.1 KB, 8.6s
2026-08-03 23:19:25,628 - INFO - Waiting 120s for new files (done-file RUN_COMPLETE: absent)
2026-08-03 23:21:25,628 - INFO - Scanned /root/temporal-awareness/out/experiments/loc_mistral_investment: 4 files on disk, 1 to upload (2.2 KB)
2026-08-03 23:21:25,910 - INFO - HTTP Request: POST https://huggingface.co/api/datasets/unrulyabstractions/temporal-awareness/preupload/main "HTTP/1.1 200 OK"
2026-08-03 23:21:38,101 - INFO - HTTP Request: POST https://huggingface.co/api/datasets/unrulyabstractions/temporal-awareness/commit/main "HTTP/1.1 200 OK"
2026-08-03 23:21:38,103 - INFO - [commit 1/1] 1 files, 2.2 KB in 12.5s (183.0 B/s) | pass total 1/1 files, 2.2 KB, 12.5s
2026-08-03 23:21:38,103 - INFO - Waiting 120s for new files (done-file RUN_COMPLETE: absent)
2026-08-03 23:23:38,104 - INFO - Scanned /root/temporal-awareness/out/experiments/loc_mistral_investment: 4 files on disk, 1 to upload (2.3 KB)
2026-08-03 23:23:38,279 - INFO - HTTP Request: POST https://huggingface.co/api/datasets/unrulyabstractions/temporal-awareness/preupload/main "HTTP/1.1 200 OK"
2026-08-03 23:23:49,842 - INFO - HTTP Request: POST https://huggingface.co/api/datasets/unrulyabstractions/temporal-awareness/commit/main "HTTP/1.1 200 OK"
2026-08-03 23:23:49,843 - INFO - [commit 1/1] 1 files, 2.3 KB in 11.7s (198.0 B/s) | pass total 1/1 files, 2.3 KB, 11.7s
2026-08-03 23:23:49,843 - INFO - Waiting 120s for new files (done-file RUN_COMPLETE: absent)
2026-08-03 23:25:49,844 - INFO - Scanned /root/temporal-awareness/out/experiments/loc_mistral_investment: 4 files on disk, 1 to upload (2.4 KB)
2026-08-03 23:25:50,097 - INFO - HTTP Request: POST https://huggingface.co/api/datasets/unrulyabstractions/temporal-awareness/preupload/main "HTTP/1.1 200 OK"
2026-08-03 23:26:01,280 - INFO - HTTP Request: POST https://huggingface.co/api/datasets/unrulyabstractions/temporal-awareness/commit/main "HTTP/1.1 200 OK"
2026-08-03 23:26:01,281 - INFO - [commit 1/1] 1 files, 2.4 KB in 11.4s (216.0 B/s) | pass total 1/1 files, 2.4 KB, 11.4s
2026-08-03 23:26:01,281 - INFO - Waiting 120s for new files (done-file RUN_COMPLETE: absent)
2026-08-03 23:28:01,282 - INFO - Scanned /root/temporal-awareness/out/experiments/loc_mistral_investment: 4 files on disk, 1 to upload (2.5 KB)
2026-08-03 23:28:01,629 - INFO - HTTP Request: POST https://huggingface.co/api/datasets/unrulyabstractions/temporal-awareness/preupload/main "HTTP/1.1 200 OK"
2026-08-03 23:28:10,909 - INFO - HTTP Request: POST https://huggingface.co/api/datasets/unrulyabstractions/temporal-awareness/commit/main "HTTP/1.1 200 OK"
2026-08-03 23:28:10,910 - INFO - [commit 1/1] 1 files, 2.5 KB in 9.6s (270.0 B/s) | pass total 1/1 files, 2.5 KB, 9.6s
2026-08-03 23:28:10,911 - INFO - Waiting 120s for new files (done-file RUN_COMPLETE: absent)
2026-08-03 23:30:10,911 - INFO - Scanned /root/temporal-awareness/out/experiments/loc_mistral_investment: 4 files on disk, 1 to upload (2.7 KB)
2026-08-03 23:30:11,052 - INFO - HTTP Request: POST https://huggingface.co/api/datasets/unrulyabstractions/temporal-awareness/preupload/main "HTTP/1.1 200 OK"
2026-08-03 23:30:18,090 - INFO - HTTP Request: POST https://huggingface.co/api/datasets/unrulyabstractions/temporal-awareness/commit/main "HTTP/1.1 200 OK"
2026-08-03 23:30:18,092 - INFO - [commit 1/1] 1 files, 2.7 KB in 7.2s (383.0 B/s) | pass total 1/1 files, 2.7 KB, 7.2s
2026-08-03 23:30:18,092 - INFO - Waiting 120s for new files (done-file RUN_COMPLETE: absent)
2026-08-03 23:32:18,093 - INFO - Scanned /root/temporal-awareness/out/experiments/loc_mistral_investment: 4 files on disk, 1 to upload (2.7 KB)
2026-08-03 23:32:18,389 - INFO - HTTP Request: POST https://huggingface.co/api/datasets/unrulyabstractions/temporal-awareness/preupload/main "HTTP/1.1 200 OK"
2026-08-03 23:32:27,034 - INFO - HTTP Request: POST https://huggingface.co/api/datasets/unrulyabstractions/temporal-awareness/commit/main "HTTP/1.1 200 OK"
2026-08-03 23:32:27,035 - INFO - [commit 1/1] 1 files, 2.7 KB in 8.9s (312.0 B/s) | pass total 1/1 files, 2.7 KB, 8.9s
2026-08-03 23:32:27,035 - INFO - Waiting 120s for new files (done-file RUN_COMPLETE: absent)
2026-08-03 23:34:27,036 - INFO - Scanned /root/temporal-awareness/out/experiments/loc_mistral_investment: 4 files on disk, 1 to upload (2.9 KB)
2026-08-03 23:34:27,242 - INFO - HTTP Request: POST https://huggingface.co/api/datasets/unrulyabstractions/temporal-awareness/preupload/main "HTTP/1.1 200 OK"
2026-08-03 23:34:39,553 - INFO - HTTP Request: POST https://huggingface.co/api/datasets/unrulyabstractions/temporal-awareness/commit/main "HTTP/1.1 200 OK"
2026-08-03 23:34:39,554 - INFO - [commit 1/1] 1 files, 2.9 KB in 12.5s (233.0 B/s) | pass total 1/1 files, 2.9 KB, 12.5s
2026-08-03 23:34:39,554 - INFO - Waiting 120s for new files (done-file RUN_COMPLETE: absent)
2026-08-03 23:36:39,555 - INFO - Scanned /root/temporal-awareness/out/experiments/loc_mistral_investment: 4 files on disk, 1 to upload (3.4 KB)
2026-08-03 23:36:39,744 - INFO - HTTP Request: POST https://huggingface.co/api/datasets/unrulyabstractions/temporal-awareness/preupload/main "HTTP/1.1 200 OK"
2026-08-03 23:36:47,120 - INFO - HTTP Request: POST https://huggingface.co/api/datasets/unrulyabstractions/temporal-awareness/commit/main "HTTP/1.1 200 OK"
2026-08-03 23:36:47,121 - INFO - [commit 1/1] 1 files, 3.4 KB in 7.6s (465.0 B/s) | pass total 1/1 files, 3.4 KB, 7.6s
2026-08-03 23:36:47,122 - INFO - Waiting 120s for new files (done-file RUN_COMPLETE: absent)
2026-08-03 23:38:47,122 - INFO - Scanned /root/temporal-awareness/out/experiments/loc_mistral_investment: 4 files on disk, 1 to upload (3.5 KB)
2026-08-03 23:38:47,319 - INFO - HTTP Request: POST https://huggingface.co/api/datasets/unrulyabstractions/temporal-awareness/preupload/main "HTTP/1.1 200 OK"
2026-08-03 23:38:58,696 - INFO - HTTP Request: POST https://huggingface.co/api/datasets/unrulyabstractions/temporal-awareness/commit/main "HTTP/1.1 200 OK"
2026-08-03 23:38:58,697 - INFO - [commit 1/1] 1 files, 3.5 KB in 11.6s (306.0 B/s) | pass total 1/1 files, 3.5 KB, 11.6s
2026-08-03 23:38:58,698 - INFO - Waiting 120s for new files (done-file RUN_COMPLETE: absent)
2026-08-03 23:40:58,698 - INFO - Scanned /root/temporal-awareness/out/experiments/loc_mistral_investment: 4 files on disk, 1 to upload (3.6 KB)
2026-08-03 23:40:58,881 - INFO - HTTP Request: POST https://huggingface.co/api/datasets/unrulyabstractions/temporal-awareness/preupload/main "HTTP/1.1 200 OK"
2026-08-03 23:41:04,418 - INFO - HTTP Request: POST https://huggingface.co/api/datasets/unrulyabstractions/temporal-awareness/commit/main "HTTP/1.1 200 OK"
2026-08-03 23:41:04,426 - INFO - [commit 1/1] 1 files, 3.6 KB in 5.7s (645.0 B/s) | pass total 1/1 files, 3.6 KB, 5.7s
2026-08-03 23:41:04,427 - INFO - Waiting 120s for new files (done-file RUN_COMPLETE: absent)
2026-08-03 23:43:04,427 - INFO - Scanned /root/temporal-awareness/out/experiments/loc_mistral_investment: 4 files on disk, 1 to upload (3.7 KB)
2026-08-03 23:43:04,844 - INFO - HTTP Request: POST https://huggingface.co/api/datasets/unrulyabstractions/temporal-awareness/preupload/main "HTTP/1.1 200 OK"
2026-08-03 23:43:14,794 - INFO - HTTP Request: POST https://huggingface.co/api/datasets/unrulyabstractions/temporal-awareness/commit/main "HTTP/1.1 200 OK"
2026-08-03 23:43:14,799 - INFO - [commit 1/1] 1 files, 3.7 KB in 10.4s (369.0 B/s) | pass total 1/1 files, 3.7 KB, 10.4s
2026-08-03 23:43:14,799 - INFO - Waiting 120s for new files (done-file RUN_COMPLETE: absent)
2026-08-03 23:45:14,800 - INFO - Scanned /root/temporal-awareness/out/experiments/loc_mistral_investment: 4 files on disk, 1 to upload (3.9 KB)
2026-08-03 23:45:14,943 - INFO - HTTP Request: POST https://huggingface.co/api/datasets/unrulyabstractions/temporal-awareness/preupload/main "HTTP/1.1 429 Too Many Requests"
HTTP Error 429 thrown while requesting POST https://huggingface.co/api/datasets/unrulyabstractions/temporal-awareness/preupload/main
2026-08-03 23:45:14,943 - WARNING - HTTP Error 429 thrown while requesting POST https://huggingface.co/api/datasets/unrulyabstractions/temporal-awareness/preupload/main
Rate limited. Waiting 72.0s before retry [Retry 1/5].
2026-08-03 23:45:14,943 - WARNING - Rate limited. Waiting 72.0s before retry [Retry 1/5].
2026-08-03 23:46:27,054 - INFO - HTTP Request: POST https://huggingface.co/api/datasets/unrulyabstractions/temporal-awareness/preupload/main "HTTP/1.1 200 OK"
2026-08-03 23:46:42,096 - INFO - HTTP Request: POST https://huggingface.co/api/datasets/unrulyabstractions/temporal-awareness/commit/main "HTTP/1.1 200 OK"
2026-08-03 23:46:42,100 - INFO - [commit 1/1] 1 files, 3.9 KB in 1m27s (45.0 B/s) | pass total 1/1 files, 3.9 KB, 1m27s
2026-08-03 23:46:42,100 - INFO - Waiting 120s for new files (done-file RUN_COMPLETE: absent)
2026-08-03 23:48:42,101 - INFO - Scanned /root/temporal-awareness/out/experiments/loc_mistral_investment: 4 files on disk, 1 to upload (4.0 KB)
2026-08-03 23:48:42,246 - INFO - HTTP Request: POST https://huggingface.co/api/datasets/unrulyabstractions/temporal-awareness/preupload/main "HTTP/1.1 429 Too Many Requests"
HTTP Error 429 thrown while requesting POST https://huggingface.co/api/datasets/unrulyabstractions/temporal-awareness/preupload/main
2026-08-03 23:48:42,246 - WARNING - HTTP Error 429 thrown while requesting POST https://huggingface.co/api/datasets/unrulyabstractions/temporal-awareness/preupload/main
Rate limited. Waiting 164.0s before retry [Retry 1/5].
2026-08-03 23:48:42,247 - WARNING - Rate limited. Waiting 164.0s before retry [Retry 1/5].
2026-08-03 23:51:26,351 - INFO - HTTP Request: POST https://huggingface.co/api/datasets/unrulyabstractions/temporal-awareness/preupload/main "HTTP/1.1 200 OK"
2026-08-03 23:51:43,499 - INFO - HTTP Request: POST https://huggingface.co/api/datasets/unrulyabstractions/temporal-awareness/commit/main "HTTP/1.1 200 OK"
2026-08-03 23:51:43,501 - INFO - [commit 1/1] 1 files, 4.0 KB in 3m01s (22.0 B/s) | pass total 1/1 files, 4.0 KB, 3m01s
2026-08-03 23:51:43,502 - INFO - Waiting 120s for new files (done-file RUN_COMPLETE: absent)
2026-08-03 23:53:43,502 - INFO - Scanned /root/temporal-awareness/out/experiments/loc_mistral_investment: 4 files on disk, 1 to upload (4.2 KB)
2026-08-03 23:53:43,591 - INFO - HTTP Request: POST https://huggingface.co/api/datasets/unrulyabstractions/temporal-awareness/preupload/main "HTTP/1.1 429 Too Many Requests"
HTTP Error 429 thrown while requesting POST https://huggingface.co/api/datasets/unrulyabstractions/temporal-awareness/preupload/main
2026-08-03 23:53:43,592 - WARNING - HTTP Error 429 thrown while requesting POST https://huggingface.co/api/datasets/unrulyabstractions/temporal-awareness/preupload/main
Rate limited. Waiting 163.0s before retry [Retry 1/5].
2026-08-03 23:53:43,592 - WARNING - Rate limited. Waiting 163.0s before retry [Retry 1/5].
2026-08-03 23:56:26,700 - INFO - HTTP Request: POST https://huggingface.co/api/datasets/unrulyabstractions/temporal-awareness/preupload/main "HTTP/1.1 200 OK"
2026-08-03 23:56:40,126 - INFO - HTTP Request: POST https://huggingface.co/api/datasets/unrulyabstractions/temporal-awareness/commit/main "HTTP/1.1 200 OK"
2026-08-03 23:56:40,133 - INFO - [commit 1/1] 1 files, 4.2 KB in 2m56s (24.0 B/s) | pass total 1/1 files, 4.2 KB, 2m56s
2026-08-03 23:56:40,133 - INFO - Waiting 120s for new files (done-file RUN_COMPLETE: absent)
2026-08-03 23:58:40,134 - INFO - Scanned /root/temporal-awareness/out/experiments/loc_mistral_investment: 4 files on disk, 1 to upload (4.5 KB)
2026-08-03 23:58:40,278 - INFO - HTTP Request: POST https://huggingface.co/api/datasets/unrulyabstractions/temporal-awareness/preupload/main "HTTP/1.1 429 Too Many Requests"
HTTP Error 429 thrown while requesting POST https://huggingface.co/api/datasets/unrulyabstractions/temporal-awareness/preupload/main
2026-08-03 23:58:40,278 - WARNING - HTTP Error 429 thrown while requesting POST https://huggingface.co/api/datasets/unrulyabstractions/temporal-awareness/preupload/main
Rate limited. Waiting 166.0s before retry [Retry 1/5].
2026-08-03 23:58:40,278 - WARNING - Rate limited. Waiting 166.0s before retry [Retry 1/5].
2026-08-04 00:01:26,402 - INFO - HTTP Request: POST https://huggingface.co/api/datasets/unrulyabstractions/temporal-awareness/preupload/main "HTTP/1.1 200 OK"
2026-08-04 00:01:40,020 - INFO - HTTP Request: POST https://huggingface.co/api/datasets/unrulyabstractions/temporal-awareness/commit/main "HTTP/1.1 200 OK"
2026-08-04 00:01:40,067 - INFO - [commit 1/1] 1 files, 4.5 KB in 2m59s (25.0 B/s) | pass total 1/1 files, 4.5 KB, 2m59s
2026-08-04 00:01:40,068 - INFO - Waiting 120s for new files (done-file RUN_COMPLETE: absent)
2026-08-04 00:03:40,068 - INFO - Scanned /root/temporal-awareness/out/experiments/loc_mistral_investment: 4 files on disk, 1 to upload (4.8 KB)
2026-08-04 00:03:40,241 - INFO - HTTP Request: POST https://huggingface.co/api/datasets/unrulyabstractions/temporal-awareness/preupload/main "HTTP/1.1 200 OK"
2026-08-04 00:03:49,674 - INFO - HTTP Request: POST https://huggingface.co/api/datasets/unrulyabstractions/temporal-awareness/commit/main "HTTP/1.1 200 OK"
2026-08-04 00:03:49,677 - INFO - [commit 1/1] 1 files, 4.8 KB in 9.6s (511.0 B/s) | pass total 1/1 files, 4.8 KB, 9.6s
2026-08-04 00:03:49,677 - INFO - Waiting 120s for new files (done-file RUN_COMPLETE: absent)
2026-08-04 00:05:49,678 - INFO - Scanned /root/temporal-awareness/out/experiments/loc_mistral_investment: 4 files on disk, 1 to upload (4.9 KB)
2026-08-04 00:05:49,787 - INFO - HTTP Request: POST https://huggingface.co/api/datasets/unrulyabstractions/temporal-awareness/preupload/main "HTTP/1.1 200 OK"
2026-08-04 00:05:57,901 - INFO - HTTP Request: POST https://huggingface.co/api/datasets/unrulyabstractions/temporal-awareness/commit/main "HTTP/1.1 200 OK"
2026-08-04 00:05:57,902 - INFO - [commit 1/1] 1 files, 4.9 KB in 8.2s (615.0 B/s) | pass total 1/1 files, 4.9 KB, 8.2s
2026-08-04 00:05:57,902 - INFO - Waiting 120s for new files (done-file RUN_COMPLETE: absent)
2026-08-04 00:07:57,903 - INFO - Scanned /root/temporal-awareness/out/experiments/loc_mistral_investment: 4 files on disk, 1 to upload (5.0 KB)
2026-08-04 00:07:58,059 - INFO - HTTP Request: POST https://huggingface.co/api/datasets/unrulyabstractions/temporal-awareness/preupload/main "HTTP/1.1 200 OK"
2026-08-04 00:08:07,917 - INFO - HTTP Request: POST https://huggingface.co/api/datasets/unrulyabstractions/temporal-awareness/commit/main "HTTP/1.1 200 OK"
2026-08-04 00:08:07,919 - INFO - [commit 1/1] 1 files, 5.0 KB in 10.0s (508.0 B/s) | pass total 1/1 files, 5.0 KB, 10.0s
2026-08-04 00:08:07,919 - INFO - Waiting 120s for new files (done-file RUN_COMPLETE: absent)
2026-08-04 00:10:07,920 - INFO - Scanned /root/temporal-awareness/out/experiments/loc_mistral_investment: 4 files on disk, 1 to upload (5.1 KB)
2026-08-04 00:10:08,124 - INFO - HTTP Request: POST https://huggingface.co/api/datasets/unrulyabstractions/temporal-awareness/preupload/main "HTTP/1.1 200 OK"
2026-08-04 00:10:19,576 - INFO - HTTP Request: POST https://huggingface.co/api/datasets/unrulyabstractions/temporal-awareness/commit/main "HTTP/1.1 200 OK"
2026-08-04 00:10:19,578 - INFO - [commit 1/1] 1 files, 5.1 KB in 11.7s (450.0 B/s) | pass total 1/1 files, 5.1 KB, 11.7s
2026-08-04 00:10:19,578 - INFO - Waiting 120s for new files (done-file RUN_COMPLETE: absent)
2026-08-04 00:12:19,579 - INFO - Scanned /root/temporal-awareness/out/experiments/loc_mistral_investment: 4 files on disk, 1 to upload (5.3 KB)
2026-08-04 00:12:19,747 - INFO - HTTP Request: POST https://huggingface.co/api/datasets/unrulyabstractions/temporal-awareness/preupload/main "HTTP/1.1 200 OK"
2026-08-04 00:12:25,639 - INFO - HTTP Request: POST https://huggingface.co/api/datasets/unrulyabstractions/temporal-awareness/commit/main "HTTP/1.1 200 OK"
2026-08-04 00:12:25,640 - INFO - [commit 1/1] 1 files, 5.3 KB in 6.1s (890.0 B/s) | pass total 1/1 files, 5.3 KB, 6.1s
2026-08-04 00:12:25,640 - INFO - Waiting 120s for new files (done-file RUN_COMPLETE: absent)
2026-08-04 00:14:25,641 - INFO - Scanned /root/temporal-awareness/out/experiments/loc_mistral_investment: 4 files on disk, 1 to upload (5.3 KB)
2026-08-04 00:14:25,758 - INFO - HTTP Request: POST https://huggingface.co/api/datasets/unrulyabstractions/temporal-awareness/preupload/main "HTTP/1.1 200 OK"
2026-08-04 00:14:40,367 - INFO - HTTP Request: POST https://huggingface.co/api/datasets/unrulyabstractions/temporal-awareness/commit/main "HTTP/1.1 200 OK"
2026-08-04 00:14:40,368 - INFO - [commit 1/1] 1 files, 5.3 KB in 14.7s (368.0 B/s) | pass total 1/1 files, 5.3 KB, 14.7s
2026-08-04 00:14:40,368 - INFO - Waiting 120s for new files (done-file RUN_COMPLETE: absent)
2026-08-04 00:16:40,369 - INFO - Scanned /root/temporal-awareness/out/experiments/loc_mistral_investment: 4 files on disk, 1 to upload (5.5 KB)
2026-08-04 00:16:40,533 - INFO - HTTP Request: POST https://huggingface.co/api/datasets/unrulyabstractions/temporal-awareness/preupload/main "HTTP/1.1 200 OK"
2026-08-04 00:16:49,529 - INFO - HTTP Request: POST https://huggingface.co/api/datasets/unrulyabstractions/temporal-awareness/commit/main "HTTP/1.1 200 OK"
2026-08-04 00:16:49,530 - INFO - [commit 1/1] 1 files, 5.5 KB in 9.2s (609.0 B/s) | pass total 1/1 files, 5.5 KB, 9.2s
2026-08-04 00:16:49,531 - INFO - Waiting 120s for new files (done-file RUN_COMPLETE: absent)
2026-08-04 00:18:49,532 - INFO - Scanned /root/temporal-awareness/out/experiments/loc_mistral_investment: 4 files on disk, 1 to upload (5.6 KB)
2026-08-04 00:18:49,639 - INFO - HTTP Request: POST https://huggingface.co/api/datasets/unrulyabstractions/temporal-awareness/preupload/main "HTTP/1.1 200 OK"
2026-08-04 00:19:02,750 - INFO - HTTP Request: POST https://huggingface.co/api/datasets/unrulyabstractions/temporal-awareness/commit/main "HTTP/1.1 200 OK"
2026-08-04 00:19:02,752 - INFO - [commit 1/1] 1 files, 5.6 KB in 13.2s (433.0 B/s) | pass total 1/1 files, 5.6 KB, 13.2s
2026-08-04 00:19:02,753 - INFO - Waiting 120s for new files (done-file RUN_COMPLETE: absent)
2026-08-04 00:21:02,754 - INFO - Scanned /root/temporal-awareness/out/experiments/loc_mistral_investment: 4 files on disk, 1 to upload (5.7 KB)
2026-08-04 00:21:02,886 - INFO - HTTP Request: POST https://huggingface.co/api/datasets/unrulyabstractions/temporal-awareness/preupload/main "HTTP/1.1 200 OK"
2026-08-04 00:21:07,786 - INFO - HTTP Request: POST https://huggingface.co/api/datasets/unrulyabstractions/temporal-awareness/commit/main "HTTP/1.1 200 OK"
2026-08-04 00:21:07,788 - INFO - [commit 1/1] 1 files, 5.7 KB in 5.0s (1.1 KB/s) | pass total 1/1 files, 5.7 KB, 5.0s
2026-08-04 00:21:07,788 - INFO - Waiting 120s for new files (done-file RUN_COMPLETE: absent)
2026-08-04 00:23:07,789 - INFO - Scanned /root/temporal-awareness/out/experiments/loc_mistral_investment: 4 files on disk, 1 to upload (5.8 KB)
2026-08-04 00:23:07,999 - INFO - HTTP Request: POST https://huggingface.co/api/datasets/unrulyabstractions/temporal-awareness/preupload/main "HTTP/1.1 200 OK"
2026-08-04 00:23:12,791 - INFO - HTTP Request: POST https://huggingface.co/api/datasets/unrulyabstractions/temporal-awareness/commit/main "HTTP/1.1 200 OK"
2026-08-04 00:23:12,793 - INFO - [commit 1/1] 1 files, 5.8 KB in 5.0s (1.2 KB/s) | pass total 1/1 files, 5.8 KB, 5.0s
2026-08-04 00:23:12,793 - INFO - Waiting 120s for new files (done-file RUN_COMPLETE: absent)
2026-08-04 00:25:12,794 - INFO - Scanned /root/temporal-awareness/out/experiments/loc_mistral_investment: 4 files on disk, 1 to upload (5.9 KB)
2026-08-04 00:25:12,934 - INFO - HTTP Request: POST https://huggingface.co/api/datasets/unrulyabstractions/temporal-awareness/preupload/main "HTTP/1.1 200 OK"
2026-08-04 00:25:27,427 - INFO - HTTP Request: POST https://huggingface.co/api/datasets/unrulyabstractions/temporal-awareness/commit/main "HTTP/1.1 200 OK"
2026-08-04 00:25:27,428 - INFO - [commit 1/1] 1 files, 5.9 KB in 14.6s (414.0 B/s) | pass total 1/1 files, 5.9 KB, 14.6s
2026-08-04 00:25:27,429 - INFO - Waiting 120s for new files (done-file RUN_COMPLETE: absent)
2026-08-04 00:27:27,430 - INFO - Scanned /root/temporal-awareness/out/experiments/loc_mistral_investment: 4 files on disk, 1 to upload (6.1 KB)
2026-08-04 00:27:27,600 - INFO - HTTP Request: POST https://huggingface.co/api/datasets/unrulyabstractions/temporal-awareness/preupload/main "HTTP/1.1 200 OK"
2026-08-04 00:27:32,302 - INFO - HTTP Request: POST https://huggingface.co/api/datasets/unrulyabstractions/temporal-awareness/commit/main "HTTP/1.1 200 OK"
2026-08-04 00:27:32,303 - INFO - [commit 1/1] 1 files, 6.1 KB in 4.9s (1.2 KB/s) | pass total 1/1 files, 6.1 KB, 4.9s
2026-08-04 00:27:32,304 - INFO - Waiting 120s for new files (done-file RUN_COMPLETE: absent)
2026-08-04 00:29:32,305 - INFO - Scanned /root/temporal-awareness/out/experiments/loc_mistral_investment: 4 files on disk, 1 to upload (6.2 KB)
2026-08-04 00:29:32,434 - INFO - HTTP Request: POST https://huggingface.co/api/datasets/unrulyabstractions/temporal-awareness/preupload/main "HTTP/1.1 200 OK"
2026-08-04 00:29:37,379 - INFO - HTTP Request: POST https://huggingface.co/api/datasets/unrulyabstractions/temporal-awareness/commit/main "HTTP/1.1 200 OK"
2026-08-04 00:29:37,380 - INFO - [commit 1/1] 1 files, 6.2 KB in 5.1s (1.2 KB/s) | pass total 1/1 files, 6.2 KB, 5.1s
2026-08-04 00:29:37,380 - INFO - Waiting 120s for new files (done-file RUN_COMPLETE: absent)
2026-08-04 00:31:37,381 - INFO - Scanned /root/temporal-awareness/out/experiments/loc_mistral_investment: 4 files on disk, 1 to upload (6.2 KB)
2026-08-04 00:31:37,547 - INFO - HTTP Request: POST https://huggingface.co/api/datasets/unrulyabstractions/temporal-awareness/preupload/main "HTTP/1.1 200 OK"
2026-08-04 00:31:42,123 - INFO - HTTP Request: POST https://huggingface.co/api/datasets/unrulyabstractions/temporal-awareness/commit/main "HTTP/1.1 200 OK"
2026-08-04 00:31:42,125 - INFO - [commit 1/1] 1 files, 6.2 KB in 4.7s (1.3 KB/s) | pass total 1/1 files, 6.2 KB, 4.7s
2026-08-04 00:31:42,125 - INFO - Waiting 120s for new files (done-file RUN_COMPLETE: absent)
2026-08-04 00:33:42,126 - INFO - Scanned /root/temporal-awareness/out/experiments/loc_mistral_investment: 4 files on disk, 1 to upload (6.4 KB)
2026-08-04 00:33:42,291 - INFO - HTTP Request: POST https://huggingface.co/api/datasets/unrulyabstractions/temporal-awareness/preupload/main "HTTP/1.1 200 OK"
2026-08-04 00:33:47,486 - INFO - HTTP Request: POST https://huggingface.co/api/datasets/unrulyabstractions/temporal-awareness/commit/main "HTTP/1.1 200 OK"
2026-08-04 00:33:47,487 - INFO - [commit 1/1] 1 files, 6.4 KB in 5.4s (1.2 KB/s) | pass total 1/1 files, 6.4 KB, 5.4s
2026-08-04 00:33:47,487 - INFO - Waiting 120s for new files (done-file RUN_COMPLETE: absent)
2026-08-04 00:35:47,488 - INFO - Scanned /root/temporal-awareness/out/experiments/loc_mistral_investment: 4 files on disk, 1 to upload (6.5 KB)
2026-08-04 00:35:47,591 - INFO - HTTP Request: POST https://huggingface.co/api/datasets/unrulyabstractions/temporal-awareness/preupload/main "HTTP/1.1 200 OK"
2026-08-04 00:35:54,839 - INFO - HTTP Request: POST https://huggingface.co/api/datasets/unrulyabstractions/temporal-awareness/commit/main "HTTP/1.1 200 OK"
2026-08-04 00:35:54,842 - INFO - [commit 1/1] 1 files, 6.5 KB in 7.4s (907.0 B/s) | pass total 1/1 files, 6.5 KB, 7.4s
2026-08-04 00:35:54,842 - INFO - Waiting 120s for new files (done-file RUN_COMPLETE: absent)
2026-08-04 00:37:54,843 - INFO - Scanned /root/temporal-awareness/out/experiments/loc_mistral_investment: 8 files on disk, 5 to upload (146.5 KB)
2026-08-04 00:37:55,031 - INFO - HTTP Request: POST https://huggingface.co/api/datasets/unrulyabstractions/temporal-awareness/preupload/main "HTTP/1.1 200 OK"
2026-08-04 00:38:06,471 - INFO - HTTP Request: POST https://huggingface.co/api/datasets/unrulyabstractions/temporal-awareness/commit/main "HTTP/1.1 200 OK"
2026-08-04 00:38:06,473 - INFO - [commit 1/1] 5 files, 146.5 KB in 11.6s (12.6 KB/s) | pass total 5/5 files, 146.5 KB, 11.6s
2026-08-04 00:38:06,473 - INFO - Waiting 120s for new files (done-file RUN_COMPLETE: absent)
2026-08-04 00:40:06,474 - INFO - Scanned /root/temporal-awareness/out/experiments/loc_mistral_investment: 8 files on disk, 1 to upload (23.1 KB)
2026-08-04 00:40:06,647 - INFO - HTTP Request: POST https://huggingface.co/api/datasets/unrulyabstractions/temporal-awareness/preupload/main "HTTP/1.1 200 OK"
2026-08-04 00:40:10,956 - INFO - HTTP Request: POST https://huggingface.co/api/datasets/unrulyabstractions/temporal-awareness/commit/main "HTTP/1.1 200 OK"
2026-08-04 00:40:10,957 - INFO - [commit 1/1] 1 files, 23.1 KB in 4.5s (5.1 KB/s) | pass total 1/1 files, 23.1 KB, 4.5s
2026-08-04 00:40:10,958 - INFO - Waiting 120s for new files (done-file RUN_COMPLETE: absent)
2026-08-04 00:42:10,959 - INFO - Scanned /root/temporal-awareness/out/experiments/loc_mistral_investment: 9 files on disk, 2 to upload (325.6 KB)
2026-08-04 00:42:11,068 - INFO - HTTP Request: POST https://huggingface.co/api/datasets/unrulyabstractions/temporal-awareness/preupload/main "HTTP/1.1 200 OK"
2026-08-04 00:42:16,150 - INFO - HTTP Request: POST https://huggingface.co/api/datasets/unrulyabstractions/temporal-awareness/commit/main "HTTP/1.1 200 OK"
2026-08-04 00:42:16,152 - INFO - [commit 1/1] 2 files, 325.6 KB in 5.2s (62.7 KB/s) | pass total 2/2 files, 325.6 KB, 5.2s
2026-08-04 00:42:16,152 - INFO - Waiting 120s for new files (done-file RUN_COMPLETE: absent)
2026-08-04 00:44:16,153 - INFO - Scanned /root/temporal-awareness/out/experiments/loc_mistral_investment: 10 files on disk, 2 to upload (330.8 KB)
2026-08-04 00:44:16,350 - INFO - HTTP Request: POST https://huggingface.co/api/datasets/unrulyabstractions/temporal-awareness/preupload/main "HTTP/1.1 200 OK"
2026-08-04 00:44:21,371 - INFO - HTTP Request: POST https://huggingface.co/api/datasets/unrulyabstractions/temporal-awareness/commit/main "HTTP/1.1 200 OK"
2026-08-04 00:44:21,372 - INFO - [commit 1/1] 2 files, 330.8 KB in 5.2s (63.4 KB/s) | pass total 2/2 files, 330.8 KB, 5.2s
2026-08-04 00:44:21,372 - INFO - Waiting 120s for new files (done-file RUN_COMPLETE: absent)
2026-08-04 00:46:21,374 - INFO - Scanned /root/temporal-awareness/out/experiments/loc_mistral_investment: 15 files on disk, 6 to upload (464.3 KB)
2026-08-04 00:46:21,568 - INFO - HTTP Request: POST https://huggingface.co/api/datasets/unrulyabstractions/temporal-awareness/preupload/main "HTTP/1.1 200 OK"
2026-08-04 00:46:26,809 - INFO - HTTP Request: POST https://huggingface.co/api/datasets/unrulyabstractions/temporal-awareness/commit/main "HTTP/1.1 200 OK"
2026-08-04 00:46:26,810 - INFO - [commit 1/1] 6 files, 464.3 KB in 5.4s (85.4 KB/s) | pass total 6/6 files, 464.3 KB, 5.4s
2026-08-04 00:46:26,811 - INFO - Waiting 120s for new files (done-file RUN_COMPLETE: absent)
2026-08-04 00:48:26,812 - INFO - Scanned /root/temporal-awareness/out/experiments/loc_mistral_investment: 15 files on disk, 1 to upload (43.4 KB)
2026-08-04 00:48:27,088 - INFO - HTTP Request: POST https://huggingface.co/api/datasets/unrulyabstractions/temporal-awareness/preupload/main "HTTP/1.1 200 OK"
2026-08-04 00:48:31,640 - INFO - HTTP Request: POST https://huggingface.co/api/datasets/unrulyabstractions/temporal-awareness/commit/main "HTTP/1.1 200 OK"
2026-08-04 00:48:31,642 - INFO - [commit 1/1] 1 files, 43.4 KB in 4.8s (9.0 KB/s) | pass total 1/1 files, 43.4 KB, 4.8s
2026-08-04 00:48:31,642 - INFO - Waiting 120s for new files (done-file RUN_COMPLETE: absent)
2026-08-04 00:50:31,644 - INFO - Scanned /root/temporal-awareness/out/experiments/loc_mistral_investment: 16 files on disk, 2 to upload (346.3 KB)
2026-08-04 00:50:31,819 - INFO - HTTP Request: POST https://huggingface.co/api/datasets/unrulyabstractions/temporal-awareness/preupload/main "HTTP/1.1 200 OK"
2026-08-04 00:50:36,243 - INFO - HTTP Request: POST https://huggingface.co/api/datasets/unrulyabstractions/temporal-awareness/commit/main "HTTP/1.1 200 OK"
2026-08-04 00:50:36,244 - INFO - [commit 1/1] 2 files, 346.3 KB in 4.6s (75.3 KB/s) | pass total 2/2 files, 346.3 KB, 4.6s
2026-08-04 00:50:36,244 - INFO - Waiting 120s for new files (done-file RUN_COMPLETE: absent)
2026-08-04 00:52:36,246 - INFO - Scanned /root/temporal-awareness/out/experiments/loc_mistral_investment: 17 files on disk, 2 to upload (352.0 KB)
2026-08-04 00:52:36,528 - INFO - HTTP Request: POST https://huggingface.co/api/datasets/unrulyabstractions/temporal-awareness/preupload/main "HTTP/1.1 200 OK"
2026-08-04 00:52:41,171 - INFO - HTTP Request: POST https://huggingface.co/api/datasets/unrulyabstractions/temporal-awareness/commit/main "HTTP/1.1 200 OK"
2026-08-04 00:52:41,172 - INFO - [commit 1/1] 2 files, 352.0 KB in 4.9s (71.4 KB/s) | pass total 2/2 files, 352.0 KB, 4.9s
2026-08-04 00:52:41,173 - INFO - Waiting 120s for new files (done-file RUN_COMPLETE: absent)
2026-08-04 00:54:41,174 - INFO - Scanned /root/temporal-awareness/out/experiments/loc_mistral_investment: 22 files on disk, 6 to upload (484.6 KB)
2026-08-04 00:54:41,415 - INFO - HTTP Request: POST https://huggingface.co/api/datasets/unrulyabstractions/temporal-awareness/preupload/main "HTTP/1.1 200 OK"
2026-08-04 00:54:46,327 - INFO - HTTP Request: POST https://huggingface.co/api/datasets/unrulyabstractions/temporal-awareness/commit/main "HTTP/1.1 200 OK"
2026-08-04 00:54:46,328 - INFO - [commit 1/1] 6 files, 484.6 KB in 5.2s (94.0 KB/s) | pass total 6/6 files, 484.6 KB, 5.2s
2026-08-04 00:54:46,329 - INFO - Waiting 120s for new files (done-file RUN_COMPLETE: absent)
2026-08-04 00:56:46,331 - INFO - Scanned /root/temporal-awareness/out/experiments/loc_mistral_investment: 22 files on disk, 1 to upload (63.4 KB)
2026-08-04 00:56:46,503 - INFO - HTTP Request: POST https://huggingface.co/api/datasets/unrulyabstractions/temporal-awareness/preupload/main "HTTP/1.1 200 OK"
2026-08-04 00:56:54,148 - INFO - HTTP Request: POST https://huggingface.co/api/datasets/unrulyabstractions/temporal-awareness/commit/main "HTTP/1.1 200 OK"
2026-08-04 00:56:54,149 - INFO - [commit 1/1] 1 files, 63.4 KB in 7.8s (8.1 KB/s) | pass total 1/1 files, 63.4 KB, 7.8s
2026-08-04 00:56:54,150 - INFO - Waiting 120s for new files (done-file RUN_COMPLETE: absent)
2026-08-04 00:58:54,152 - INFO - Scanned /root/temporal-awareness/out/experiments/loc_mistral_investment: 23 files on disk, 2 to upload (364.9 KB)
2026-08-04 00:58:54,399 - INFO - HTTP Request: POST https://huggingface.co/api/datasets/unrulyabstractions/temporal-awareness/preupload/main "HTTP/1.1 200 OK"
2026-08-04 00:59:06,948 - INFO - HTTP Request: POST https://huggingface.co/api/datasets/unrulyabstractions/temporal-awareness/commit/main "HTTP/1.1 200 OK"
2026-08-04 00:59:06,950 - INFO - [commit 1/1] 2 files, 364.9 KB in 12.8s (28.5 KB/s) | pass total 2/2 files, 364.9 KB, 12.8s
2026-08-04 00:59:06,950 - INFO - Waiting 120s for new files (done-file RUN_COMPLETE: absent)
2026-08-04 01:01:06,952 - INFO - Scanned /root/temporal-awareness/out/experiments/loc_mistral_investment: 24 files on disk, 2 to upload (370.0 KB)
2026-08-04 01:01:07,189 - INFO - HTTP Request: POST https://huggingface.co/api/datasets/unrulyabstractions/temporal-awareness/preupload/main "HTTP/1.1 200 OK"
2026-08-04 01:01:31,304 - INFO - HTTP Request: POST https://huggingface.co/api/datasets/unrulyabstractions/temporal-awareness/commit/main "HTTP/1.1 200 OK"
2026-08-04 01:01:31,305 - INFO - [commit 1/1] 2 files, 370.0 KB in 24.4s (15.2 KB/s) | pass total 2/2 files, 370.0 KB, 24.4s
2026-08-04 01:01:31,305 - INFO - Waiting 120s for new files (done-file RUN_COMPLETE: absent)
2026-08-04 01:03:31,307 - INFO - Scanned /root/temporal-awareness/out/experiments/loc_mistral_investment: 24 files on disk, 1 to upload (78.4 KB)
2026-08-04 01:03:31,468 - INFO - HTTP Request: POST https://huggingface.co/api/datasets/unrulyabstractions/temporal-awareness/preupload/main "HTTP/1.1 200 OK"
2026-08-04 01:03:53,401 - INFO - HTTP Request: POST https://huggingface.co/api/datasets/unrulyabstractions/temporal-awareness/commit/main "HTTP/1.1 200 OK"
2026-08-04 01:03:53,403 - INFO - [commit 1/1] 1 files, 78.4 KB in 22.1s (3.5 KB/s) | pass total 1/1 files, 78.4 KB, 22.1s
2026-08-04 01:03:53,403 - INFO - Waiting 120s for new files (done-file RUN_COMPLETE: absent)
2026-08-04 01:05:53,405 - INFO - Scanned /root/temporal-awareness/out/experiments/loc_mistral_investment: 29 files on disk, 6 to upload (507.3 KB)
2026-08-04 01:05:53,549 - INFO - HTTP Request: POST https://huggingface.co/api/datasets/unrulyabstractions/temporal-awareness/preupload/main "HTTP/1.1 200 OK"
2026-08-04 01:06:14,726 - INFO - HTTP Request: POST https://huggingface.co/api/datasets/unrulyabstractions/temporal-awareness/commit/main "HTTP/1.1 200 OK"
2026-08-04 01:06:14,727 - INFO - [commit 1/1] 6 files, 507.3 KB in 21.3s (23.8 KB/s) | pass total 6/6 files, 507.3 KB, 21.3s
2026-08-04 01:06:14,727 - INFO - Waiting 120s for new files (done-file RUN_COMPLETE: absent)
2026-08-04 01:08:14,729 - INFO - Scanned /root/temporal-awareness/out/experiments/loc_mistral_investment: 30 files on disk, 2 to upload (386.5 KB)
2026-08-04 01:08:15,055 - INFO - HTTP Request: POST https://huggingface.co/api/datasets/unrulyabstractions/temporal-awareness/preupload/main "HTTP/1.1 200 OK"
2026-08-04 01:08:34,313 - INFO - HTTP Request: POST https://huggingface.co/api/datasets/unrulyabstractions/temporal-awareness/commit/main "HTTP/1.1 200 OK"
2026-08-04 01:08:34,314 - INFO - [commit 1/1] 2 files, 386.5 KB in 19.6s (19.7 KB/s) | pass total 2/2 files, 386.5 KB, 19.6s
2026-08-04 01:08:34,314 - INFO - Waiting 120s for new files (done-file RUN_COMPLETE: absent)
2026-08-04 01:10:34,316 - INFO - Scanned /root/temporal-awareness/out/experiments/loc_mistral_investment: 31 files on disk, 2 to upload (392.4 KB)
2026-08-04 01:10:34,803 - INFO - HTTP Request: POST https://huggingface.co/api/datasets/unrulyabstractions/temporal-awareness/preupload/main "HTTP/1.1 200 OK"
2026-08-04 01:10:55,363 - INFO - HTTP Request: POST https://huggingface.co/api/datasets/unrulyabstractions/temporal-awareness/commit/main "HTTP/1.1 200 OK"
2026-08-04 01:10:55,365 - INFO - [commit 1/1] 2 files, 392.4 KB in 21.0s (18.6 KB/s) | pass total 2/2 files, 392.4 KB, 21.1s
2026-08-04 01:10:55,365 - INFO - Waiting 120s for new files (done-file RUN_COMPLETE: absent)
2026-08-04 01:12:55,368 - INFO - Scanned /root/temporal-awareness/out/experiments/loc_mistral_investment: 36 files on disk, 6 to upload (526.1 KB)
2026-08-04 01:12:55,765 - INFO - HTTP Request: POST https://huggingface.co/api/datasets/unrulyabstractions/temporal-awareness/preupload/main "HTTP/1.1 200 OK"
2026-08-04 01:13:16,772 - INFO - HTTP Request: POST https://huggingface.co/api/datasets/unrulyabstractions/temporal-awareness/commit/main "HTTP/1.1 200 OK"
2026-08-04 01:13:16,774 - INFO - [commit 1/1] 6 files, 526.1 KB in 21.4s (24.6 KB/s) | pass total 6/6 files, 526.1 KB, 21.4s
2026-08-04 01:13:16,774 - INFO - Waiting 120s for new files (done-file RUN_COMPLETE: absent)
2026-08-04 01:15:16,776 - INFO - Scanned /root/temporal-awareness/out/experiments/loc_mistral_investment: 36 files on disk, 1 to upload (105.4 KB)
2026-08-04 01:15:17,295 - INFO - HTTP Request: POST https://huggingface.co/api/datasets/unrulyabstractions/temporal-awareness/preupload/main "HTTP/1.1 200 OK"
2026-08-04 01:15:35,388 - INFO - HTTP Request: POST https://huggingface.co/api/datasets/unrulyabstractions/temporal-awareness/commit/main "HTTP/1.1 200 OK"
2026-08-04 01:15:35,390 - INFO - [commit 1/1] 1 files, 105.4 KB in 18.6s (5.7 KB/s) | pass total 1/1 files, 105.4 KB, 18.6s
2026-08-04 01:15:35,390 - INFO - Waiting 120s for new files (done-file RUN_COMPLETE: absent)
2026-08-04 01:17:35,393 - INFO - Scanned /root/temporal-awareness/out/experiments/loc_mistral_investment: 37 files on disk, 2 to upload (407.2 KB)
2026-08-04 01:17:35,615 - INFO - HTTP Request: POST https://huggingface.co/api/datasets/unrulyabstractions/temporal-awareness/preupload/main "HTTP/1.1 200 OK"
2026-08-04 01:17:53,595 - INFO - HTTP Request: POST https://huggingface.co/api/datasets/unrulyabstractions/temporal-awareness/commit/main "HTTP/1.1 200 OK"
2026-08-04 01:17:53,596 - INFO - [commit 1/1] 2 files, 407.2 KB in 18.2s (22.4 KB/s) | pass total 2/2 files, 407.2 KB, 18.2s
2026-08-04 01:17:53,596 - INFO - Waiting 120s for new files (done-file RUN_COMPLETE: absent)
2026-08-04 01:19:53,599 - INFO - Scanned /root/temporal-awareness/out/experiments/loc_mistral_investment: 38 files on disk, 2 to upload (412.8 KB)
2026-08-04 01:19:53,847 - INFO - HTTP Request: POST https://huggingface.co/api/datasets/unrulyabstractions/temporal-awareness/preupload/main "HTTP/1.1 200 OK"
2026-08-04 01:20:14,621 - INFO - HTTP Request: POST https://huggingface.co/api/datasets/unrulyabstractions/temporal-awareness/commit/main "HTTP/1.1 200 OK"
2026-08-04 01:20:14,623 - INFO - [commit 1/1] 2 files, 412.8 KB in 21.0s (19.6 KB/s) | pass total 2/2 files, 412.8 KB, 21.0s
2026-08-04 01:20:14,623 - INFO - Waiting 120s for new files (done-file RUN_COMPLETE: absent)
2026-08-04 01:22:14,626 - INFO - Scanned /root/temporal-awareness/out/experiments/loc_mistral_investment: 43 files on disk, 6 to upload (546.3 KB)
2026-08-04 01:22:14,884 - INFO - HTTP Request: POST https://huggingface.co/api/datasets/unrulyabstractions/temporal-awareness/preupload/main "HTTP/1.1 200 OK"
2026-08-04 01:22:25,819 - INFO - HTTP Request: POST https://huggingface.co/api/datasets/unrulyabstractions/temporal-awareness/commit/main "HTTP/1.1 200 OK"
2026-08-04 01:22:25,820 - INFO - [commit 1/1] 6 files, 546.3 KB in 11.2s (48.8 KB/s) | pass total 6/6 files, 546.3 KB, 11.2s
2026-08-04 01:22:25,821 - INFO - Waiting 120s for new files (done-file RUN_COMPLETE: absent)
2026-08-04 01:24:25,824 - INFO - Scanned /root/temporal-awareness/out/experiments/loc_mistral_investment: 43 files on disk, 1 to upload (126.0 KB)
2026-08-04 01:24:26,054 - INFO - HTTP Request: POST https://huggingface.co/api/datasets/unrulyabstractions/temporal-awareness/preupload/main "HTTP/1.1 200 OK"
2026-08-04 01:24:56,221 - INFO - HTTP Request: POST https://huggingface.co/api/datasets/unrulyabstractions/temporal-awareness/commit/main "HTTP/1.1 200 OK"
2026-08-04 01:24:56,223 - INFO - [commit 1/1] 1 files, 126.0 KB in 30.4s (4.1 KB/s) | pass total 1/1 files, 126.0 KB, 30.4s
2026-08-04 01:24:56,223 - INFO - Waiting 120s for new files (done-file RUN_COMPLETE: absent)
2026-08-04 01:26:56,226 - INFO - Scanned /root/temporal-awareness/out/experiments/loc_mistral_investment: 44 files on disk, 2 to upload (428.6 KB)
2026-08-04 01:26:56,474 - INFO - HTTP Request: POST https://huggingface.co/api/datasets/unrulyabstractions/temporal-awareness/preupload/main "HTTP/1.1 200 OK"
2026-08-04 01:27:16,172 - INFO - HTTP Request: POST https://huggingface.co/api/datasets/unrulyabstractions/temporal-awareness/commit/main "HTTP/1.1 200 OK"
2026-08-04 01:27:16,173 - INFO - [commit 1/1] 2 files, 428.6 KB in 19.9s (21.5 KB/s) | pass total 2/2 files, 428.6 KB, 19.9s
2026-08-04 01:27:16,173 - INFO - Waiting 120s for new files (done-file RUN_COMPLETE: absent)
2026-08-04 01:29:16,177 - INFO - Scanned /root/temporal-awareness/out/experiments/loc_mistral_investment: 45 files on disk, 2 to upload (434.2 KB)
2026-08-04 01:29:16,339 - INFO - HTTP Request: POST https://huggingface.co/api/datasets/unrulyabstractions/temporal-awareness/preupload/main "HTTP/1.1 200 OK"
2026-08-04 01:29:36,916 - INFO - HTTP Request: POST https://huggingface.co/api/datasets/unrulyabstractions/temporal-awareness/commit/main "HTTP/1.1 200 OK"
2026-08-04 01:29:36,918 - INFO - [commit 1/1] 2 files, 434.2 KB in 20.7s (20.9 KB/s) | pass total 2/2 files, 434.2 KB, 20.7s
2026-08-04 01:29:36,919 - INFO - Waiting 120s for new files (done-file RUN_COMPLETE: absent)
2026-08-04 01:31:36,922 - INFO - Scanned /root/temporal-awareness/out/experiments/loc_mistral_investment: 50 files on disk, 6 to upload (567.9 KB)
2026-08-04 01:31:37,157 - INFO - HTTP Request: POST https://huggingface.co/api/datasets/unrulyabstractions/temporal-awareness/preupload/main "HTTP/1.1 200 OK"
2026-08-04 01:32:01,012 - INFO - HTTP Request: POST https://huggingface.co/api/datasets/unrulyabstractions/temporal-awareness/commit/main "HTTP/1.1 200 OK"
2026-08-04 01:32:01,014 - INFO - [commit 1/1] 6 files, 567.9 KB in 24.1s (23.6 KB/s) | pass total 6/6 files, 567.9 KB, 24.1s
2026-08-04 01:32:01,014 - INFO - Waiting 120s for new files (done-file RUN_COMPLETE: absent)
2026-08-04 01:34:01,017 - INFO - Scanned /root/temporal-awareness/out/experiments/loc_mistral_investment: 50 files on disk, 1 to upload (146.9 KB)
2026-08-04 01:34:01,269 - INFO - HTTP Request: POST https://huggingface.co/api/datasets/unrulyabstractions/temporal-awareness/preupload/main "HTTP/1.1 200 OK"
2026-08-04 01:34:26,846 - INFO - HTTP Request: POST https://huggingface.co/api/datasets/unrulyabstractions/temporal-awareness/commit/main "HTTP/1.1 200 OK"
2026-08-04 01:34:26,847 - INFO - [commit 1/1] 1 files, 146.9 KB in 25.8s (5.7 KB/s) | pass total 1/1 files, 146.9 KB, 25.8s
2026-08-04 01:34:26,847 - INFO - Waiting 120s for new files (done-file RUN_COMPLETE: absent)
2026-08-04 01:36:26,851 - INFO - Scanned /root/temporal-awareness/out/experiments/loc_mistral_investment: 51 files on disk, 2 to upload (448.7 KB)
2026-08-04 01:36:27,344 - INFO - HTTP Request: POST https://huggingface.co/api/datasets/unrulyabstractions/temporal-awareness/preupload/main "HTTP/1.1 200 OK"
2026-08-04 01:36:41,229 - INFO - HTTP Request: POST https://huggingface.co/api/datasets/unrulyabstractions/temporal-awareness/commit/main "HTTP/1.1 200 OK"
2026-08-04 01:36:41,231 - INFO - [commit 1/1] 2 files, 448.7 KB in 14.4s (31.2 KB/s) | pass total 2/2 files, 448.7 KB, 14.4s
2026-08-04 01:36:41,231 - INFO - Waiting 120s for new files (done-file RUN_COMPLETE: absent)
2026-08-04 01:38:41,234 - INFO - Scanned /root/temporal-awareness/out/experiments/loc_mistral_investment: 52 files on disk, 2 to upload (454.1 KB)
2026-08-04 01:38:41,564 - INFO - HTTP Request: POST https://huggingface.co/api/datasets/unrulyabstractions/temporal-awareness/preupload/main "HTTP/1.1 200 OK"
2026-08-04 01:39:03,717 - INFO - HTTP Request: POST https://huggingface.co/api/datasets/unrulyabstractions/temporal-awareness/commit/main "HTTP/1.1 200 OK"
2026-08-04 01:39:03,719 - INFO - [commit 1/1] 2 files, 454.1 KB in 22.5s (20.2 KB/s) | pass total 2/2 files, 454.1 KB, 22.5s
2026-08-04 01:39:03,719 - INFO - Waiting 120s for new files (done-file RUN_COMPLETE: absent)
2026-08-04 01:41:03,722 - INFO - Scanned /root/temporal-awareness/out/experiments/loc_mistral_investment: 57 files on disk, 6 to upload (587.6 KB)
2026-08-04 01:41:04,039 - INFO - HTTP Request: POST https://huggingface.co/api/datasets/unrulyabstractions/temporal-awareness/preupload/main "HTTP/1.1 200 OK"
2026-08-04 01:41:28,761 - INFO - HTTP Request: POST https://huggingface.co/api/datasets/unrulyabstractions/temporal-awareness/commit/main "HTTP/1.1 200 OK"
2026-08-04 01:41:28,762 - INFO - [commit 1/1] 6 files, 587.6 KB in 25.0s (23.5 KB/s) | pass total 6/6 files, 587.6 KB, 25.0s
2026-08-04 01:41:28,762 - INFO - Waiting 120s for new files (done-file RUN_COMPLETE: absent)
2026-08-04 01:43:28,766 - INFO - Scanned /root/temporal-awareness/out/experiments/loc_mistral_investment: 57 files on disk, 1 to upload (167.2 KB)
2026-08-04 01:43:28,926 - INFO - HTTP Request: POST https://huggingface.co/api/datasets/unrulyabstractions/temporal-awareness/preupload/main "HTTP/1.1 200 OK"
2026-08-04 01:43:44,096 - INFO - HTTP Request: POST https://huggingface.co/api/datasets/unrulyabstractions/temporal-awareness/commit/main "HTTP/1.1 200 OK"
2026-08-04 01:43:44,097 - INFO - [commit 1/1] 1 files, 167.2 KB in 15.3s (10.9 KB/s) | pass total 1/1 files, 167.2 KB, 15.3s
2026-08-04 01:43:44,098 - INFO - Waiting 120s for new files (done-file RUN_COMPLETE: absent)
2026-08-04 01:45:44,101 - INFO - Scanned /root/temporal-awareness/out/experiments/loc_mistral_investment: 58 files on disk, 2 to upload (469.0 KB)
2026-08-04 01:45:44,405 - INFO - HTTP Request: POST https://huggingface.co/api/datasets/unrulyabstractions/temporal-awareness/preupload/main "HTTP/1.1 200 OK"
2026-08-04 01:46:06,118 - INFO - HTTP Request: POST https://huggingface.co/api/datasets/unrulyabstractions/temporal-awareness/commit/main "HTTP/1.1 200 OK"
2026-08-04 01:46:06,119 - INFO - [commit 1/1] 2 files, 469.0 KB in 22.0s (21.3 KB/s) | pass total 2/2 files, 469.0 KB, 22.0s
2026-08-04 01:46:06,120 - INFO - Waiting 120s for new files (done-file RUN_COMPLETE: absent)
2026-08-04 01:48:06,123 - INFO - Scanned /root/temporal-awareness/out/experiments/loc_mistral_investment: 59 files on disk, 2 to upload (474.5 KB)
2026-08-04 01:48:06,465 - INFO - HTTP Request: POST https://huggingface.co/api/datasets/unrulyabstractions/temporal-awareness/preupload/main "HTTP/1.1 200 OK"
2026-08-04 01:48:27,471 - INFO - HTTP Request: POST https://huggingface.co/api/datasets/unrulyabstractions/temporal-awareness/commit/main "HTTP/1.1 200 OK"
2026-08-04 01:48:27,472 - INFO - [commit 1/1] 2 files, 474.5 KB in 21.3s (22.2 KB/s) | pass total 2/2 files, 474.5 KB, 21.4s
2026-08-04 01:48:27,473 - INFO - Waiting 120s for new files (done-file RUN_COMPLETE: absent)
2026-08-04 01:50:27,477 - INFO - Scanned /root/temporal-awareness/out/experiments/loc_mistral_investment: 59 files on disk, 1 to upload (181.5 KB)
2026-08-04 01:50:27,736 - INFO - HTTP Request: POST https://huggingface.co/api/datasets/unrulyabstractions/temporal-awareness/preupload/main "HTTP/1.1 200 OK"
2026-08-04 01:50:54,546 - INFO - HTTP Request: POST https://huggingface.co/api/datasets/unrulyabstractions/temporal-awareness/commit/main "HTTP/1.1 200 OK"
2026-08-04 01:50:54,547 - INFO - [commit 1/1] 1 files, 181.5 KB in 27.1s (6.7 KB/s) | pass total 1/1 files, 181.5 KB, 27.1s
2026-08-04 01:50:54,547 - INFO - Waiting 120s for new files (done-file RUN_COMPLETE: absent)
2026-08-04 01:52:54,551 - INFO - Scanned /root/temporal-awareness/out/experiments/loc_mistral_investment: 64 files on disk, 6 to upload (610.5 KB)
2026-08-04 01:52:54,736 - INFO - HTTP Request: POST https://huggingface.co/api/datasets/unrulyabstractions/temporal-awareness/preupload/main "HTTP/1.1 200 OK"
2026-08-04 01:53:20,937 - INFO - HTTP Request: POST https://huggingface.co/api/datasets/unrulyabstractions/temporal-awareness/commit/main "HTTP/1.1 200 OK"
2026-08-04 01:53:20,939 - INFO - [commit 1/1] 6 files, 610.5 KB in 26.4s (23.1 KB/s) | pass total 6/6 files, 610.5 KB, 26.4s
2026-08-04 01:53:20,939 - INFO - Waiting 120s for new files (done-file RUN_COMPLETE: absent)
2026-08-04 01:55:20,944 - INFO - Scanned /root/temporal-awareness/out/experiments/loc_mistral_investment: 65 files on disk, 2 to upload (488.2 KB)
2026-08-04 01:55:21,137 - INFO - HTTP Request: POST https://huggingface.co/api/datasets/unrulyabstractions/temporal-awareness/preupload/main "HTTP/1.1 200 OK"
2026-08-04 01:55:42,250 - INFO - HTTP Request: POST https://huggingface.co/api/datasets/unrulyabstractions/temporal-awareness/commit/main "HTTP/1.1 200 OK"
2026-08-04 01:55:42,252 - INFO - [commit 1/1] 2 files, 488.2 KB in 21.3s (22.9 KB/s) | pass total 2/2 files, 488.2 KB, 21.3s
2026-08-04 01:55:42,252 - INFO - Waiting 120s for new files (done-file RUN_COMPLETE: absent)
2026-08-04 01:57:42,256 - INFO - Scanned /root/temporal-awareness/out/experiments/loc_mistral_investment: 66 files on disk, 2 to upload (494.2 KB)
2026-08-04 01:57:42,412 - INFO - HTTP Request: POST https://huggingface.co/api/datasets/unrulyabstractions/temporal-awareness/preupload/main "HTTP/1.1 200 OK"
2026-08-04 01:57:48,411 - INFO - HTTP Request: POST https://huggingface.co/api/datasets/unrulyabstractions/temporal-awareness/commit/main "HTTP/1.1 200 OK"
2026-08-04 01:57:48,412 - INFO - [commit 1/1] 2 files, 494.2 KB in 6.2s (80.3 KB/s) | pass total 2/2 files, 494.2 KB, 6.2s
2026-08-04 01:57:48,413 - INFO - Waiting 120s for new files (done-file RUN_COMPLETE: absent)
2026-08-04 01:59:48,417 - INFO - Scanned /root/temporal-awareness/out/experiments/loc_mistral_investment: 66 files on disk, 1 to upload (201.3 KB)
2026-08-04 01:59:48,591 - INFO - HTTP Request: POST https://huggingface.co/api/datasets/unrulyabstractions/temporal-awareness/preupload/main "HTTP/1.1 200 OK"
2026-08-04 02:00:02,747 - INFO - HTTP Request: POST https://huggingface.co/api/datasets/unrulyabstractions/temporal-awareness/commit/main "HTTP/1.1 200 OK"
2026-08-04 02:00:02,748 - INFO - [commit 1/1] 1 files, 201.3 KB in 14.3s (14.0 KB/s) | pass total 1/1 files, 201.3 KB, 14.3s
2026-08-04 02:00:02,749 - INFO - Waiting 120s for new files (done-file RUN_COMPLETE: absent)
2026-08-04 02:02:02,753 - INFO - Scanned /root/temporal-awareness/out/experiments/loc_mistral_investment: 71 files on disk, 6 to upload (628.9 KB)
2026-08-04 02:02:02,931 - INFO - HTTP Request: POST https://huggingface.co/api/datasets/unrulyabstractions/temporal-awareness/preupload/main "HTTP/1.1 200 OK"
2026-08-04 02:02:25,275 - INFO - HTTP Request: POST https://huggingface.co/api/datasets/unrulyabstractions/temporal-awareness/commit/main "HTTP/1.1 200 OK"
2026-08-04 02:02:25,276 - INFO - [commit 1/1] 6 files, 628.9 KB in 22.5s (27.9 KB/s) | pass total 6/6 files, 628.9 KB, 22.5s
2026-08-04 02:02:25,277 - INFO - Waiting 120s for new files (done-file RUN_COMPLETE: absent)
2026-08-04 02:04:25,281 - INFO - Scanned /root/temporal-awareness/out/experiments/loc_mistral_investment: 72 files on disk, 2 to upload (507.5 KB)
2026-08-04 02:04:25,418 - INFO - HTTP Request: POST https://huggingface.co/api/datasets/unrulyabstractions/temporal-awareness/preupload/main "HTTP/1.1 200 OK"
2026-08-04 02:04:31,379 - INFO - HTTP Request: POST https://huggingface.co/api/datasets/unrulyabstractions/temporal-awareness/commit/main "HTTP/1.1 200 OK"
2026-08-04 02:04:32,847 - INFO - [commit 1/1] 2 files, 507.5 KB in 7.6s (67.1 KB/s) | pass total 2/2 files, 507.5 KB, 7.6s
2026-08-04 02:04:32,847 - INFO - Waiting 120s for new files (done-file RUN_COMPLETE: absent)
2026-08-04 02:06:32,851 - INFO - Scanned /root/temporal-awareness/out/experiments/loc_mistral_investment: 72 files on disk, 1 to upload (215.0 KB)
2026-08-04 02:06:33,014 - INFO - HTTP Request: POST https://huggingface.co/api/datasets/unrulyabstractions/temporal-awareness/preupload/main "HTTP/1.1 200 OK"
2026-08-04 02:06:51,201 - INFO - HTTP Request: POST https://huggingface.co/api/datasets/unrulyabstractions/temporal-awareness/commit/main "HTTP/1.1 200 OK"
2026-08-04 02:06:51,202 - INFO - [commit 1/1] 1 files, 215.0 KB in 18.4s (11.7 KB/s) | pass total 1/1 files, 215.0 KB, 18.4s
2026-08-04 02:06:51,202 - INFO - Waiting 120s for new files (done-file RUN_COMPLETE: absent)
2026-08-04 02:08:51,207 - INFO - Scanned /root/temporal-awareness/out/experiments/loc_mistral_investment: 73 files on disk, 2 to upload (514.9 KB)
2026-08-04 02:08:51,389 - INFO - HTTP Request: POST https://huggingface.co/api/datasets/unrulyabstractions/temporal-awareness/preupload/main "HTTP/1.1 200 OK"
2026-08-04 02:09:13,199 - INFO - HTTP Request: POST https://huggingface.co/api/datasets/unrulyabstractions/temporal-awareness/commit/main "HTTP/1.1 200 OK"
2026-08-04 02:09:13,201 - INFO - [commit 1/1] 2 files, 514.9 KB in 22.0s (23.4 KB/s) | pass total 2/2 files, 514.9 KB, 22.0s
2026-08-04 02:09:13,201 - INFO - Waiting 120s for new files (done-file RUN_COMPLETE: absent)
2026-08-04 02:11:13,206 - INFO - Scanned /root/temporal-awareness/out/experiments/loc_mistral_investment: 78 files on disk, 6 to upload (647.8 KB)
2026-08-04 02:11:13,454 - INFO - HTTP Request: POST https://huggingface.co/api/datasets/unrulyabstractions/temporal-awareness/preupload/main "HTTP/1.1 200 OK"
2026-08-04 02:11:22,610 - INFO - HTTP Request: POST https://huggingface.co/api/datasets/unrulyabstractions/temporal-awareness/commit/main "HTTP/1.1 200 OK"
2026-08-04 02:11:22,612 - INFO - [commit 1/1] 6 files, 647.8 KB in 9.4s (68.9 KB/s) | pass total 6/6 files, 647.8 KB, 9.4s
2026-08-04 02:11:22,612 - INFO - Waiting 120s for new files (done-file RUN_COMPLETE: absent)
2026-08-04 02:13:22,617 - INFO - Scanned /root/temporal-awareness/out/experiments/loc_mistral_investment: 78 files on disk, 1 to upload (228.8 KB)
2026-08-04 02:13:22,798 - INFO - HTTP Request: POST https://huggingface.co/api/datasets/unrulyabstractions/temporal-awareness/preupload/main "HTTP/1.1 200 OK"
2026-08-04 02:13:41,719 - INFO - HTTP Request: POST https://huggingface.co/api/datasets/unrulyabstractions/temporal-awareness/commit/main "HTTP/1.1 200 OK"
2026-08-04 02:13:41,721 - INFO - [commit 1/1] 1 files, 228.8 KB in 19.1s (12.0 KB/s) | pass total 1/1 files, 228.8 KB, 19.1s
2026-08-04 02:13:41,721 - INFO - Waiting 120s for new files (done-file RUN_COMPLETE: absent)
2026-08-04 02:15:41,726 - INFO - Scanned /root/temporal-awareness/out/experiments/loc_mistral_investment: 79 files on disk, 2 to upload (528.1 KB)
2026-08-04 02:15:41,867 - INFO - HTTP Request: POST https://huggingface.co/api/datasets/unrulyabstractions/temporal-awareness/preupload/main "HTTP/1.1 200 OK"
2026-08-04 02:15:54,091 - INFO - HTTP Request: POST https://huggingface.co/api/datasets/unrulyabstractions/temporal-awareness/commit/main "HTTP/1.1 200 OK"
2026-08-04 02:15:54,093 - INFO - [commit 1/1] 2 files, 528.1 KB in 12.4s (42.7 KB/s) | pass total 2/2 files, 528.1 KB, 12.4s
2026-08-04 02:15:54,093 - INFO - Waiting 120s for new files (done-file RUN_COMPLETE: absent)
2026-08-04 02:17:54,098 - INFO - Scanned /root/temporal-awareness/out/experiments/loc_mistral_investment: 79 files on disk, 1 to upload (237.1 KB)
2026-08-04 02:17:54,362 - INFO - HTTP Request: POST https://huggingface.co/api/datasets/unrulyabstractions/temporal-awareness/preupload/main "HTTP/1.1 200 OK"
2026-08-04 02:18:07,131 - INFO - HTTP Request: POST https://huggingface.co/api/datasets/unrulyabstractions/temporal-awareness/commit/main "HTTP/1.1 200 OK"
2026-08-04 02:18:07,132 - INFO - [commit 1/1] 1 files, 237.1 KB in 13.0s (18.2 KB/s) | pass total 1/1 files, 237.1 KB, 13.0s
2026-08-04 02:18:07,133 - INFO - Waiting 120s for new files (done-file RUN_COMPLETE: absent)
2026-08-04 02:20:07,138 - INFO - Scanned /root/temporal-awareness/out/experiments/loc_mistral_investment: 80 files on disk, 2 to upload (536.6 KB)
2026-08-04 02:20:07,319 - INFO - HTTP Request: POST https://huggingface.co/api/datasets/unrulyabstractions/temporal-awareness/preupload/main "HTTP/1.1 200 OK"
2026-08-04 02:20:24,227 - INFO - HTTP Request: POST https://huggingface.co/api/datasets/unrulyabstractions/temporal-awareness/commit/main "HTTP/1.1 200 OK"
2026-08-04 02:20:24,229 - INFO - [commit 1/1] 2 files, 536.6 KB in 17.1s (31.4 KB/s) | pass total 2/2 files, 536.6 KB, 17.1s
2026-08-04 02:20:24,229 - INFO - Waiting 120s for new files (done-file RUN_COMPLETE: absent)
2026-08-04 02:22:24,234 - INFO - Scanned /root/temporal-awareness/out/experiments/loc_mistral_investment: 85 files on disk, 6 to upload (669.3 KB)
2026-08-04 02:22:24,561 - INFO - HTTP Request: POST https://huggingface.co/api/datasets/unrulyabstractions/temporal-awareness/preupload/main "HTTP/1.1 200 OK"
2026-08-04 02:22:44,475 - INFO - HTTP Request: POST https://huggingface.co/api/datasets/unrulyabstractions/temporal-awareness/commit/main "HTTP/1.1 200 OK"
2026-08-04 02:22:44,477 - INFO - [commit 1/1] 6 files, 669.3 KB in 20.2s (33.1 KB/s) | pass total 6/6 files, 669.3 KB, 20.2s
2026-08-04 02:22:44,477 - INFO - Waiting 120s for new files (done-file RUN_COMPLETE: absent)
2026-08-04 02:24:44,482 - INFO - Scanned /root/temporal-awareness/out/experiments/loc_mistral_investment: 85 files on disk, 1 to upload (250.6 KB)
2026-08-04 02:24:44,658 - INFO - HTTP Request: POST https://huggingface.co/api/datasets/unrulyabstractions/temporal-awareness/preupload/main "HTTP/1.1 200 OK"
2026-08-04 02:24:55,580 - INFO - HTTP Request: POST https://huggingface.co/api/datasets/unrulyabstractions/temporal-awareness/commit/main "HTTP/1.1 200 OK"
2026-08-04 02:24:55,582 - INFO - [commit 1/1] 1 files, 250.6 KB in 11.1s (22.6 KB/s) | pass total 1/1 files, 250.6 KB, 11.1s
2026-08-04 02:24:55,582 - INFO - Waiting 120s for new files (done-file RUN_COMPLETE: absent)
2026-08-04 02:26:55,587 - INFO - Scanned /root/temporal-awareness/out/experiments/loc_mistral_investment: 86 files on disk, 2 to upload (551.8 KB)
2026-08-04 02:26:55,890 - INFO - HTTP Request: POST https://huggingface.co/api/datasets/unrulyabstractions/temporal-awareness/preupload/main "HTTP/1.1 200 OK"
2026-08-04 02:27:03,103 - INFO - HTTP Request: POST https://huggingface.co/api/datasets/unrulyabstractions/temporal-awareness/commit/main "HTTP/1.1 200 OK"
2026-08-04 02:27:03,105 - INFO - [commit 1/1] 2 files, 551.8 KB in 7.5s (73.4 KB/s) | pass total 2/2 files, 551.8 KB, 7.5s
2026-08-04 02:27:03,105 - INFO - Waiting 120s for new files (done-file RUN_COMPLETE: absent)
2026-08-04 02:29:03,110 - INFO - Scanned /root/temporal-awareness/out/experiments/loc_mistral_investment: 87 files on disk, 2 to upload (557.0 KB)
2026-08-04 02:29:03,284 - INFO - HTTP Request: POST https://huggingface.co/api/datasets/unrulyabstractions/temporal-awareness/preupload/main "HTTP/1.1 200 OK"
2026-08-04 02:29:09,390 - INFO - HTTP Request: POST https://huggingface.co/api/datasets/unrulyabstractions/temporal-awareness/commit/main "HTTP/1.1 200 OK"
2026-08-04 02:29:09,391 - INFO - [commit 1/1] 2 files, 557.0 KB in 6.3s (88.7 KB/s) | pass total 2/2 files, 557.0 KB, 6.3s
2026-08-04 02:29:09,392 - INFO - Waiting 120s for new files (done-file RUN_COMPLETE: absent)
2026-08-04 02:31:09,397 - INFO - Scanned /root/temporal-awareness/out/experiments/loc_mistral_investment: 87 files on disk, 1 to upload (263.4 KB)
2026-08-04 02:31:09,580 - INFO - HTTP Request: POST https://huggingface.co/api/datasets/unrulyabstractions/temporal-awareness/preupload/main "HTTP/1.1 200 OK"
2026-08-04 02:31:27,765 - INFO - HTTP Request: POST https://huggingface.co/api/datasets/unrulyabstractions/temporal-awareness/commit/main "HTTP/1.1 200 OK"
2026-08-04 02:31:27,766 - INFO - [commit 1/1] 1 files, 263.4 KB in 18.4s (14.3 KB/s) | pass total 1/1 files, 263.4 KB, 18.4s
2026-08-04 02:31:27,767 - INFO - Waiting 120s for new files (done-file RUN_COMPLETE: absent)
2026-08-04 02:33:27,771 - INFO - Scanned /root/temporal-awareness/out/experiments/loc_mistral_investment: 92 files on disk, 6 to upload (692.2 KB)
2026-08-04 02:33:27,949 - INFO - HTTP Request: POST https://huggingface.co/api/datasets/unrulyabstractions/temporal-awareness/preupload/main "HTTP/1.1 200 OK"
2026-08-04 02:33:37,700 - INFO - HTTP Request: POST https://huggingface.co/api/datasets/unrulyabstractions/temporal-awareness/commit/main "HTTP/1.1 200 OK"
2026-08-04 02:33:37,702 - INFO - [commit 1/1] 6 files, 692.2 KB in 9.9s (69.7 KB/s) | pass total 6/6 files, 692.2 KB, 9.9s
2026-08-04 02:33:37,703 - INFO - Waiting 120s for new files (done-file RUN_COMPLETE: absent)
2026-08-04 02:35:37,708 - INFO - Scanned /root/temporal-awareness/out/experiments/loc_mistral_investment: 92 files on disk, 1 to upload (271.4 KB)
2026-08-04 02:35:37,884 - INFO - HTTP Request: POST https://huggingface.co/api/datasets/unrulyabstractions/temporal-awareness/preupload/main "HTTP/1.1 200 OK"
2026-08-04 02:35:58,079 - INFO - HTTP Request: POST https://huggingface.co/api/datasets/unrulyabstractions/temporal-awareness/commit/main "HTTP/1.1 200 OK"
2026-08-04 02:35:58,081 - INFO - [commit 1/1] 1 files, 271.4 KB in 20.4s (13.3 KB/s) | pass total 1/1 files, 271.4 KB, 20.4s
2026-08-04 02:35:58,081 - INFO - Waiting 120s for new files (done-file RUN_COMPLETE: absent)
2026-08-04 02:37:58,087 - INFO - Scanned /root/temporal-awareness/out/experiments/loc_mistral_investment: 93 files on disk, 2 to upload (572.0 KB)
2026-08-04 02:37:58,253 - INFO - HTTP Request: POST https://huggingface.co/api/datasets/unrulyabstractions/temporal-awareness/preupload/main "HTTP/1.1 200 OK"
2026-08-04 02:38:07,073 - INFO - HTTP Request: POST https://huggingface.co/api/datasets/unrulyabstractions/temporal-awareness/commit/main "HTTP/1.1 200 OK"
2026-08-04 02:38:07,075 - INFO - [commit 1/1] 2 files, 572.0 KB in 9.0s (63.6 KB/s) | pass total 2/2 files, 572.0 KB, 9.0s
2026-08-04 02:38:07,075 - INFO - Waiting 120s for new files (done-file RUN_COMPLETE: absent)
2026-08-04 02:40:07,081 - INFO - Scanned /root/temporal-awareness/out/experiments/loc_mistral_investment: 94 files on disk, 2 to upload (577.1 KB)
2026-08-04 02:40:07,271 - INFO - HTTP Request: POST https://huggingface.co/api/datasets/unrulyabstractions/temporal-awareness/preupload/main "HTTP/1.1 200 OK"
2026-08-04 02:40:14,697 - INFO - HTTP Request: POST https://huggingface.co/api/datasets/unrulyabstractions/temporal-awareness/commit/main "HTTP/1.1 200 OK"
2026-08-04 02:40:14,698 - INFO - [commit 1/1] 2 files, 577.1 KB in 7.6s (75.8 KB/s) | pass total 2/2 files, 577.1 KB, 7.6s
2026-08-04 02:40:14,699 - INFO - Waiting 120s for new files (done-file RUN_COMPLETE: absent)
2026-08-04 02:42:14,704 - INFO - Scanned /root/temporal-awareness/out/experiments/loc_mistral_investment: 94 files on disk, 1 to upload (283.9 KB)
2026-08-04 02:42:14,875 - INFO - HTTP Request: POST https://huggingface.co/api/datasets/unrulyabstractions/temporal-awareness/preupload/main "HTTP/1.1 200 OK"
2026-08-04 02:42:29,969 - INFO - HTTP Request: POST https://huggingface.co/api/datasets/unrulyabstractions/temporal-awareness/commit/main "HTTP/1.1 200 OK"
2026-08-04 02:42:29,970 - INFO - [commit 1/1] 1 files, 283.9 KB in 15.3s (18.6 KB/s) | pass total 1/1 files, 283.9 KB, 15.3s
2026-08-04 02:42:29,971 - INFO - Waiting 120s for new files (done-file RUN_COMPLETE: absent)
2026-08-04 02:44:29,976 - INFO - Scanned /root/temporal-awareness/out/experiments/loc_mistral_investment: 99 files on disk, 6 to upload (712.6 KB)
2026-08-04 02:44:30,143 - INFO - HTTP Request: POST https://huggingface.co/api/datasets/unrulyabstractions/temporal-awareness/preupload/main "HTTP/1.1 200 OK"
2026-08-04 02:44:46,308 - INFO - HTTP Request: POST https://huggingface.co/api/datasets/unrulyabstractions/temporal-awareness/commit/main "HTTP/1.1 200 OK"
2026-08-04 02:44:46,310 - INFO - [commit 1/1] 6 files, 712.6 KB in 16.3s (43.6 KB/s) | pass total 6/6 files, 712.6 KB, 16.3s
2026-08-04 02:44:46,310 - INFO - Waiting 120s for new files (done-file RUN_COMPLETE: absent)
2026-08-04 02:46:46,316 - INFO - Scanned /root/temporal-awareness/out/experiments/loc_mistral_investment: 99 files on disk, 1 to upload (291.9 KB)
2026-08-04 02:46:46,437 - INFO - HTTP Request: POST https://huggingface.co/api/datasets/unrulyabstractions/temporal-awareness/preupload/main "HTTP/1.1 200 OK"
2026-08-04 02:46:55,575 - INFO - HTTP Request: POST https://huggingface.co/api/datasets/unrulyabstractions/temporal-awareness/commit/main "HTTP/1.1 200 OK"
2026-08-04 02:46:55,576 - INFO - [commit 1/1] 1 files, 291.9 KB in 9.3s (31.5 KB/s) | pass total 1/1 files, 291.9 KB, 9.3s
2026-08-04 02:46:55,577 - INFO - Waiting 120s for new files (done-file RUN_COMPLETE: absent)
2026-08-04 02:48:55,582 - INFO - Scanned /root/temporal-awareness/out/experiments/loc_mistral_investment: 100 files on disk, 2 to upload (590.7 KB)
2026-08-04 02:48:55,858 - INFO - HTTP Request: POST https://huggingface.co/api/datasets/unrulyabstractions/temporal-awareness/preupload/main "HTTP/1.1 200 OK"
2026-08-04 02:49:16,147 - INFO - HTTP Request: POST https://huggingface.co/api/datasets/unrulyabstractions/temporal-awareness/commit/main "HTTP/1.1 200 OK"
2026-08-04 02:49:16,149 - INFO - [commit 1/1] 2 files, 590.7 KB in 20.6s (28.7 KB/s) | pass total 2/2 files, 590.7 KB, 20.6s
2026-08-04 02:49:16,149 - INFO - Waiting 120s for new files (done-file RUN_COMPLETE: absent)
2026-08-04 02:51:16,155 - INFO - Scanned /root/temporal-awareness/out/experiments/loc_mistral_investment: 101 files on disk, 2 to upload (596.4 KB)
2026-08-04 02:51:16,328 - INFO - HTTP Request: POST https://huggingface.co/api/datasets/unrulyabstractions/temporal-awareness/preupload/main "HTTP/1.1 200 OK"
2026-08-04 02:51:36,839 - INFO - HTTP Request: POST https://huggingface.co/api/datasets/unrulyabstractions/temporal-awareness/commit/main "HTTP/1.1 200 OK"
2026-08-04 02:51:36,840 - INFO - [commit 1/1] 2 files, 596.4 KB in 20.7s (28.8 KB/s) | pass total 2/2 files, 596.4 KB, 20.7s
2026-08-04 02:51:36,841 - INFO - Waiting 120s for new files (done-file RUN_COMPLETE: absent)
2026-08-04 02:53:36,847 - INFO - Scanned /root/temporal-awareness/out/experiments/loc_mistral_investment: 101 files on disk, 1 to upload (304.9 KB)
2026-08-04 02:53:37,013 - INFO - HTTP Request: POST https://huggingface.co/api/datasets/unrulyabstractions/temporal-awareness/preupload/main "HTTP/1.1 200 OK"
2026-08-04 02:53:45,708 - INFO - HTTP Request: POST https://huggingface.co/api/datasets/unrulyabstractions/temporal-awareness/commit/main "HTTP/1.1 200 OK"
2026-08-04 02:53:45,710 - INFO - [commit 1/1] 1 files, 304.9 KB in 8.9s (34.4 KB/s) | pass total 1/1 files, 304.9 KB, 8.9s
2026-08-04 02:53:45,710 - INFO - Waiting 120s for new files (done-file RUN_COMPLETE: absent)
2026-08-04 02:55:45,716 - INFO - Scanned /root/temporal-awareness/out/experiments/loc_mistral_investment: 106 files on disk, 6 to upload (732.8 KB)
2026-08-04 02:55:45,878 - INFO - HTTP Request: POST https://huggingface.co/api/datasets/unrulyabstractions/temporal-awareness/preupload/main "HTTP/1.1 200 OK"
2026-08-04 02:55:51,820 - INFO - HTTP Request: POST https://huggingface.co/api/datasets/unrulyabstractions/temporal-awareness/commit/main "HTTP/1.1 200 OK"
2026-08-04 02:55:51,822 - INFO - [commit 1/1] 6 files, 732.8 KB in 6.1s (120.0 KB/s) | pass total 6/6 files, 732.8 KB, 6.1s
2026-08-04 02:55:51,822 - INFO - Waiting 120s for new files (done-file RUN_COMPLETE: absent)
2026-08-04 02:57:51,828 - INFO - Scanned /root/temporal-awareness/out/experiments/loc_mistral_investment: 106 files on disk, 1 to upload (312.6 KB)
2026-08-04 02:57:51,947 - INFO - HTTP Request: POST https://huggingface.co/api/datasets/unrulyabstractions/temporal-awareness/preupload/main "HTTP/1.1 200 OK"
2026-08-04 02:57:57,673 - INFO - HTTP Request: POST https://huggingface.co/api/datasets/unrulyabstractions/temporal-awareness/commit/main "HTTP/1.1 200 OK"
2026-08-04 02:57:57,674 - INFO - [commit 1/1] 1 files, 312.6 KB in 5.8s (53.5 KB/s) | pass total 1/1 files, 312.6 KB, 5.9s
2026-08-04 02:57:57,674 - INFO - Waiting 120s for new files (done-file RUN_COMPLETE: absent)
2026-08-04 02:59:57,681 - INFO - Scanned /root/temporal-awareness/out/experiments/loc_mistral_investment: 107 files on disk, 2 to upload (614.2 KB)
2026-08-04 02:59:57,864 - INFO - HTTP Request: POST https://huggingface.co/api/datasets/unrulyabstractions/temporal-awareness/preupload/main "HTTP/1.1 200 OK"
2026-08-04 03:00:02,430 - INFO - HTTP Request: POST https://huggingface.co/api/datasets/unrulyabstractions/temporal-awareness/commit/main "HTTP/1.1 200 OK"
2026-08-04 03:00:02,431 - INFO - [commit 1/1] 2 files, 614.2 KB in 4.8s (129.3 KB/s) | pass total 2/2 files, 614.2 KB, 4.8s
2026-08-04 03:00:02,432 - INFO - Waiting 120s for new files (done-file RUN_COMPLETE: absent)
2026-08-04 03:02:02,438 - INFO - Scanned /root/temporal-awareness/out/experiments/loc_mistral_investment: 107 files on disk, 1 to upload (319.8 KB)
2026-08-04 03:02:02,611 - INFO - HTTP Request: POST https://huggingface.co/api/datasets/unrulyabstractions/temporal-awareness/preupload/main "HTTP/1.1 200 OK"
2026-08-04 03:02:19,887 - INFO - HTTP Request: POST https://huggingface.co/api/datasets/unrulyabstractions/temporal-awareness/commit/main "HTTP/1.1 200 OK"
2026-08-04 03:02:19,888 - INFO - [commit 1/1] 1 files, 319.8 KB in 17.4s (18.3 KB/s) | pass total 1/1 files, 319.8 KB, 17.5s
2026-08-04 03:02:19,888 - INFO - Waiting 120s for new files (done-file RUN_COMPLETE: absent)
2026-08-04 03:04:19,894 - INFO - Scanned /root/temporal-awareness/out/experiments/loc_mistral_investment: 108 files on disk, 2 to upload (622.0 KB)
2026-08-04 03:04:20,061 - INFO - HTTP Request: POST https://huggingface.co/api/datasets/unrulyabstractions/temporal-awareness/preupload/main "HTTP/1.1 200 OK"
2026-08-04 03:04:34,151 - INFO - HTTP Request: POST https://huggingface.co/api/datasets/unrulyabstractions/temporal-awareness/commit/main "HTTP/1.1 200 OK"
2026-08-04 03:04:34,153 - INFO - [commit 1/1] 2 files, 622.0 KB in 14.3s (43.6 KB/s) | pass total 2/2 files, 622.0 KB, 14.3s
2026-08-04 03:04:34,153 - INFO - Waiting 120s for new files (done-file RUN_COMPLETE: absent)
2026-08-04 03:06:34,159 - INFO - Scanned /root/temporal-awareness/out/experiments/loc_mistral_investment: 113 files on disk, 6 to upload (753.8 KB)
2026-08-04 03:06:39,864 - INFO - HTTP Request: POST https://huggingface.co/api/datasets/unrulyabstractions/temporal-awareness/preupload/main "HTTP/1.1 200 OK"
2026-08-04 03:06:51,116 - INFO - HTTP Request: POST https://huggingface.co/api/datasets/unrulyabstractions/temporal-awareness/commit/main "HTTP/1.1 200 OK"
2026-08-04 03:06:51,118 - INFO - [commit 1/1] 6 files, 753.8 KB in 17.0s (44.5 KB/s) | pass total 6/6 files, 753.8 KB, 17.0s
2026-08-04 03:06:51,118 - INFO - Waiting 120s for new files (done-file RUN_COMPLETE: absent)
2026-08-04 03:08:51,122 - INFO - Scanned /root/temporal-awareness/out/experiments/loc_mistral_investment: 113 files on disk, 1 to upload (332.7 KB)
2026-08-04 03:08:51,746 - INFO - HTTP Request: POST https://huggingface.co/api/datasets/unrulyabstractions/temporal-awareness/preupload/main "HTTP/1.1 200 OK"
2026-08-04 03:09:04,473 - INFO - HTTP Request: POST https://huggingface.co/api/datasets/unrulyabstractions/temporal-awareness/commit/main "HTTP/1.1 200 OK"
2026-08-04 03:09:04,474 - INFO - [commit 1/1] 1 files, 332.7 KB in 13.4s (24.9 KB/s) | pass total 1/1 files, 332.7 KB, 13.4s
2026-08-04 03:09:04,474 - INFO - Waiting 120s for new files (done-file RUN_COMPLETE: absent)
2026-08-04 03:11:04,481 - INFO - Scanned /root/temporal-awareness/out/experiments/loc_mistral_investment: 114 files on disk, 2 to upload (633.2 KB)
2026-08-04 03:11:04,900 - INFO - HTTP Request: POST https://huggingface.co/api/datasets/unrulyabstractions/temporal-awareness/preupload/main "HTTP/1.1 200 OK"
2026-08-04 03:11:11,530 - INFO - HTTP Request: POST https://huggingface.co/api/datasets/unrulyabstractions/temporal-awareness/commit/main "HTTP/1.1 200 OK"
2026-08-04 03:11:11,531 - INFO - [commit 1/1] 2 files, 633.2 KB in 7.1s (89.8 KB/s) | pass total 2/2 files, 633.2 KB, 7.1s
2026-08-04 03:11:11,532 - INFO - Waiting 120s for new files (done-file RUN_COMPLETE: absent)
2026-08-04 03:13:11,536 - INFO - Scanned /root/temporal-awareness/out/experiments/loc_mistral_investment: 114 files on disk, 1 to upload (340.4 KB)
2026-08-04 03:13:11,957 - INFO - HTTP Request: POST https://huggingface.co/api/datasets/unrulyabstractions/temporal-awareness/preupload/main "HTTP/1.1 200 OK"
2026-08-04 03:13:45,309 - INFO - HTTP Request: POST https://huggingface.co/api/datasets/unrulyabstractions/temporal-awareness/commit/main "HTTP/1.1 200 OK"
2026-08-04 03:13:45,311 - INFO - [commit 1/1] 1 files, 340.4 KB in 33.8s (10.1 KB/s) | pass total 1/1 files, 340.4 KB, 33.8s
2026-08-04 03:13:45,311 - INFO - Waiting 120s for new files (done-file RUN_COMPLETE: absent)
2026-08-04 03:15:45,318 - INFO - Scanned /root/temporal-awareness/out/experiments/loc_mistral_investment: 115 files on disk, 2 to upload (640.7 KB)
2026-08-04 03:15:45,436 - INFO - HTTP Request: POST https://huggingface.co/api/datasets/unrulyabstractions/temporal-awareness/preupload/main "HTTP/1.1 200 OK"
2026-08-04 03:16:13,024 - INFO - HTTP Request: POST https://huggingface.co/api/datasets/unrulyabstractions/temporal-awareness/commit/main "HTTP/1.1 200 OK"
2026-08-04 03:16:13,025 - INFO - [commit 1/1] 2 files, 640.7 KB in 27.7s (23.1 KB/s) | pass total 2/2 files, 640.7 KB, 27.7s
2026-08-04 03:16:13,026 - INFO - Waiting 120s for new files (done-file RUN_COMPLETE: absent)
2026-08-04 03:18:13,032 - INFO - Scanned /root/temporal-awareness/out/experiments/loc_mistral_investment: 120 files on disk, 6 to upload (773.4 KB)
2026-08-04 03:18:13,271 - INFO - HTTP Request: POST https://huggingface.co/api/datasets/unrulyabstractions/temporal-awareness/preupload/main "HTTP/1.1 200 OK"
2026-08-04 03:18:20,404 - INFO - HTTP Request: POST https://huggingface.co/api/datasets/unrulyabstractions/temporal-awareness/commit/main "HTTP/1.1 200 OK"
2026-08-04 03:18:20,405 - INFO - [commit 1/1] 6 files, 773.4 KB in 7.4s (104.9 KB/s) | pass total 6/6 files, 773.4 KB, 7.4s
2026-08-04 03:18:20,405 - INFO - Waiting 120s for new files (done-file RUN_COMPLETE: absent)
2026-08-04 03:20:20,412 - INFO - Scanned /root/temporal-awareness/out/experiments/loc_mistral_investment: 120 files on disk, 1 to upload (353.4 KB)
2026-08-04 03:20:20,551 - INFO - HTTP Request: POST https://huggingface.co/api/datasets/unrulyabstractions/temporal-awareness/preupload/main "HTTP/1.1 200 OK"
2026-08-04 03:20:43,607 - INFO - HTTP Request: POST https://huggingface.co/api/datasets/unrulyabstractions/temporal-awareness/commit/main "HTTP/1.1 200 OK"
2026-08-04 03:20:43,608 - INFO - [commit 1/1] 1 files, 353.4 KB in 23.2s (15.2 KB/s) | pass total 1/1 files, 353.4 KB, 23.2s
2026-08-04 03:20:43,608 - INFO - Waiting 120s for new files (done-file RUN_COMPLETE: absent)
2026-08-04 03:22:43,615 - INFO - Scanned /root/temporal-awareness/out/experiments/loc_mistral_investment: 121 files on disk, 2 to upload (652.7 KB)
2026-08-04 03:22:43,798 - INFO - HTTP Request: POST https://huggingface.co/api/datasets/unrulyabstractions/temporal-awareness/preupload/main "HTTP/1.1 200 OK"
2026-08-04 03:23:03,102 - INFO - HTTP Request: POST https://huggingface.co/api/datasets/unrulyabstractions/temporal-awareness/commit/main "HTTP/1.1 200 OK"
2026-08-04 03:23:03,103 - INFO - [commit 1/1] 2 files, 652.7 KB in 19.5s (33.5 KB/s) | pass total 2/2 files, 652.7 KB, 19.5s
2026-08-04 03:23:03,103 - INFO - Waiting 120s for new files (done-file RUN_COMPLETE: absent)
2026-08-04 03:25:03,110 - INFO - Scanned /root/temporal-awareness/out/experiments/loc_mistral_investment: 121 files on disk, 1 to upload (361.3 KB)
2026-08-04 03:25:03,445 - INFO - HTTP Request: POST https://huggingface.co/api/datasets/unrulyabstractions/temporal-awareness/preupload/main "HTTP/1.1 200 OK"
2026-08-04 03:25:17,111 - INFO - HTTP Request: POST https://huggingface.co/api/datasets/unrulyabstractions/temporal-awareness/commit/main "HTTP/1.1 200 OK"
2026-08-04 03:25:17,113 - INFO - [commit 1/1] 1 files, 361.3 KB in 14.0s (25.8 KB/s) | pass total 1/1 files, 361.3 KB, 14.0s
2026-08-04 03:25:17,113 - INFO - Waiting 120s for new files (done-file RUN_COMPLETE: absent)
2026-08-04 03:27:17,120 - INFO - Scanned /root/temporal-awareness/out/experiments/loc_mistral_investment: 122 files on disk, 2 to upload (660.0 KB)
2026-08-04 03:27:17,447 - INFO - HTTP Request: POST https://huggingface.co/api/datasets/unrulyabstractions/temporal-awareness/preupload/main "HTTP/1.1 200 OK"
2026-08-04 03:27:30,462 - INFO - HTTP Request: POST https://huggingface.co/api/datasets/unrulyabstractions/temporal-awareness/commit/main "HTTP/1.1 200 OK"
2026-08-04 03:27:30,464 - INFO - [commit 1/1] 2 files, 660.0 KB in 13.3s (49.5 KB/s) | pass total 2/2 files, 660.0 KB, 13.4s
2026-08-04 03:27:30,464 - INFO - Waiting 120s for new files (done-file RUN_COMPLETE: absent)
2026-08-04 03:29:30,471 - INFO - Scanned /root/temporal-awareness/out/experiments/loc_mistral_investment: 127 files on disk, 6 to upload (792.7 KB)
2026-08-04 03:29:30,804 - INFO - HTTP Request: POST https://huggingface.co/api/datasets/unrulyabstractions/temporal-awareness/preupload/main "HTTP/1.1 200 OK"
2026-08-04 03:29:47,233 - INFO - HTTP Request: POST https://huggingface.co/api/datasets/unrulyabstractions/temporal-awareness/commit/main "HTTP/1.1 200 OK"
2026-08-04 03:29:47,235 - INFO - [commit 1/1] 6 files, 792.7 KB in 16.8s (47.3 KB/s) | pass total 6/6 files, 792.7 KB, 16.8s
2026-08-04 03:29:47,236 - INFO - Waiting 120s for new files (done-file RUN_COMPLETE: absent)
2026-08-04 03:31:47,243 - INFO - Scanned /root/temporal-awareness/out/experiments/loc_mistral_investment: 127 files on disk, 1 to upload (373.8 KB)
2026-08-04 03:31:47,501 - INFO - HTTP Request: POST https://huggingface.co/api/datasets/unrulyabstractions/temporal-awareness/preupload/main "HTTP/1.1 200 OK"
2026-08-04 03:32:14,926 - INFO - HTTP Request: POST https://huggingface.co/api/datasets/unrulyabstractions/temporal-awareness/commit/main "HTTP/1.1 200 OK"
2026-08-04 03:32:14,927 - INFO - [commit 1/1] 1 files, 373.8 KB in 27.7s (13.5 KB/s) | pass total 1/1 files, 373.8 KB, 27.7s
2026-08-04 03:32:14,927 - INFO - Waiting 120s for new files (done-file RUN_COMPLETE: absent)
2026-08-04 03:34:14,935 - INFO - Scanned /root/temporal-awareness/out/experiments/loc_mistral_investment: 128 files on disk, 2 to upload (672.9 KB)
2026-08-04 03:34:15,125 - INFO - HTTP Request: POST https://huggingface.co/api/datasets/unrulyabstractions/temporal-awareness/preupload/main "HTTP/1.1 200 OK"
2026-08-04 03:34:27,644 - INFO - HTTP Request: POST https://huggingface.co/api/datasets/unrulyabstractions/temporal-awareness/commit/main "HTTP/1.1 200 OK"
2026-08-04 03:34:27,645 - INFO - [commit 1/1] 2 files, 672.9 KB in 12.7s (52.9 KB/s) | pass total 2/2 files, 672.9 KB, 12.7s
2026-08-04 03:34:27,646 - INFO - Waiting 120s for new files (done-file RUN_COMPLETE: absent)
2026-08-04 03:36:27,653 - INFO - Scanned /root/temporal-awareness/out/experiments/loc_mistral_investment: 128 files on disk, 1 to upload (381.6 KB)
2026-08-04 03:36:27,824 - INFO - HTTP Request: POST https://huggingface.co/api/datasets/unrulyabstractions/temporal-awareness/preupload/main "HTTP/1.1 200 OK"
2026-08-04 03:36:43,929 - INFO - HTTP Request: POST https://huggingface.co/api/datasets/unrulyabstractions/temporal-awareness/commit/main "HTTP/1.1 200 OK"
2026-08-04 03:36:43,930 - INFO - [commit 1/1] 1 files, 381.6 KB in 16.3s (23.4 KB/s) | pass total 1/1 files, 381.6 KB, 16.3s
2026-08-04 03:36:43,930 - INFO - Waiting 120s for new files (done-file RUN_COMPLETE: absent)
2026-08-04 03:38:43,935 - INFO - Scanned /root/temporal-awareness/out/experiments/loc_mistral_investment: 129 files on disk, 2 to upload (680.3 KB)
2026-08-04 03:38:44,101 - INFO - HTTP Request: POST https://huggingface.co/api/datasets/unrulyabstractions/temporal-awareness/preupload/main "HTTP/1.1 200 OK"
2026-08-04 03:39:01,636 - INFO - HTTP Request: POST https://huggingface.co/api/datasets/unrulyabstractions/temporal-awareness/commit/main "HTTP/1.1 200 OK"
2026-08-04 03:39:01,637 - INFO - [commit 1/1] 2 files, 680.3 KB in 17.7s (38.4 KB/s) | pass total 2/2 files, 680.3 KB, 17.7s
2026-08-04 03:39:01,637 - INFO - Waiting 120s for new files (done-file RUN_COMPLETE: absent)
2026-08-04 03:41:01,645 - INFO - Scanned /root/temporal-awareness/out/experiments/loc_mistral_investment: 130 files on disk, 2 to upload (683.4 KB)
2026-08-04 03:41:01,891 - INFO - HTTP Request: POST https://huggingface.co/api/datasets/unrulyabstractions/temporal-awareness/preupload/main "HTTP/1.1 200 OK"
2026-08-04 03:41:23,980 - INFO - HTTP Request: POST https://huggingface.co/api/datasets/unrulyabstractions/temporal-awareness/commit/main "HTTP/1.1 200 OK"
2026-08-04 03:41:23,982 - INFO - [commit 1/1] 2 files, 683.4 KB in 22.3s (30.6 KB/s) | pass total 2/2 files, 683.4 KB, 22.3s
2026-08-04 03:41:23,982 - INFO - Waiting 120s for new files (done-file RUN_COMPLETE: absent)
2026-08-04 03:43:23,990 - INFO - Scanned /root/temporal-awareness/out/experiments/loc_mistral_investment: 134 files on disk, 5 to upload (521.5 KB)
2026-08-04 03:43:24,303 - INFO - HTTP Request: POST https://huggingface.co/api/datasets/unrulyabstractions/temporal-awareness/preupload/main "HTTP/1.1 200 OK"
2026-08-04 03:43:48,424 - INFO - HTTP Request: POST https://huggingface.co/api/datasets/unrulyabstractions/temporal-awareness/commit/main "HTTP/1.1 200 OK"
2026-08-04 03:43:48,426 - INFO - [commit 1/1] 5 files, 521.5 KB in 24.4s (21.3 KB/s) | pass total 5/5 files, 521.5 KB, 24.4s
2026-08-04 03:43:48,426 - INFO - Waiting 120s for new files (done-file RUN_COMPLETE: absent)
2026-08-04 03:45:48,434 - INFO - Scanned /root/temporal-awareness/out/experiments/loc_mistral_investment: 135 files on disk, 2 to upload (694.9 KB)
2026-08-04 03:45:48,732 - INFO - HTTP Request: POST https://huggingface.co/api/datasets/unrulyabstractions/temporal-awareness/preupload/main "HTTP/1.1 200 OK"
2026-08-04 03:46:16,682 - INFO - HTTP Request: POST https://huggingface.co/api/datasets/unrulyabstractions/temporal-awareness/commit/main "HTTP/1.1 200 OK"
2026-08-04 03:46:16,683 - INFO - [commit 1/1] 2 files, 694.9 KB in 28.2s (24.6 KB/s) | pass total 2/2 files, 694.9 KB, 28.3s
2026-08-04 03:46:16,683 - INFO - Waiting 120s for new files (done-file RUN_COMPLETE: absent)
2026-08-04 03:48:16,691 - INFO - Scanned /root/temporal-awareness/out/experiments/loc_mistral_investment: 135 files on disk, 1 to upload (402.2 KB)
2026-08-04 03:48:16,917 - INFO - HTTP Request: POST https://huggingface.co/api/datasets/unrulyabstractions/temporal-awareness/preupload/main "HTTP/1.1 200 OK"
2026-08-04 03:48:28,719 - INFO - HTTP Request: POST https://huggingface.co/api/datasets/unrulyabstractions/temporal-awareness/commit/main "HTTP/1.1 200 OK"
2026-08-04 03:48:28,720 - INFO - [commit 1/1] 1 files, 402.2 KB in 12.0s (33.4 KB/s) | pass total 1/1 files, 402.2 KB, 12.0s
2026-08-04 03:48:28,721 - INFO - Waiting 120s for new files (done-file RUN_COMPLETE: absent)
2026-08-04 03:50:28,728 - INFO - Scanned /root/temporal-awareness/out/experiments/loc_mistral_investment: 136 files on disk, 2 to upload (702.6 KB)
2026-08-04 03:50:28,874 - INFO - HTTP Request: POST https://huggingface.co/api/datasets/unrulyabstractions/temporal-awareness/preupload/main "HTTP/1.1 200 OK"
2026-08-04 03:50:42,177 - INFO - HTTP Request: POST https://huggingface.co/api/datasets/unrulyabstractions/temporal-awareness/commit/main "HTTP/1.1 200 OK"
2026-08-04 03:50:42,179 - INFO - [commit 1/1] 2 files, 702.6 KB in 13.4s (52.2 KB/s) | pass total 2/2 files, 702.6 KB, 13.5s
2026-08-04 03:50:42,179 - INFO - Waiting 120s for new files (done-file RUN_COMPLETE: absent)
2026-08-04 03:52:42,183 - INFO - Scanned /root/temporal-awareness/out/experiments/loc_mistral_investment: 136 files on disk, 1 to upload (409.6 KB)
2026-08-04 03:52:42,377 - INFO - HTTP Request: POST https://huggingface.co/api/datasets/unrulyabstractions/temporal-awareness/preupload/main "HTTP/1.1 200 OK"
2026-08-04 03:53:06,682 - INFO - HTTP Request: POST https://huggingface.co/api/datasets/unrulyabstractions/temporal-awareness/commit/main "HTTP/1.1 200 OK"
2026-08-04 03:53:06,684 - INFO - [commit 1/1] 1 files, 409.6 KB in 24.5s (16.7 KB/s) | pass total 1/1 files, 409.6 KB, 24.5s
2026-08-04 03:53:06,684 - INFO - Waiting 120s for new files (done-file RUN_COMPLETE: absent)
2026-08-04 03:55:06,692 - INFO - Scanned /root/temporal-awareness/out/experiments/loc_mistral_investment: 141 files on disk, 6 to upload (837.3 KB)
2026-08-04 03:55:06,929 - INFO - HTTP Request: POST https://huggingface.co/api/datasets/unrulyabstractions/temporal-awareness/preupload/main "HTTP/1.1 200 OK"
2026-08-04 03:55:17,393 - INFO - HTTP Request: POST https://huggingface.co/api/datasets/unrulyabstractions/temporal-awareness/commit/main "HTTP/1.1 200 OK"
2026-08-04 03:55:17,395 - INFO - [commit 1/1] 6 files, 837.3 KB in 10.7s (78.2 KB/s) | pass total 6/6 files, 837.3 KB, 10.7s
2026-08-04 03:55:17,395 - INFO - Waiting 120s for new files (done-file RUN_COMPLETE: absent)
2026-08-04 03:57:17,403 - INFO - Scanned /root/temporal-awareness/out/experiments/loc_mistral_investment: 142 files on disk, 2 to upload (715.5 KB)
2026-08-04 03:57:17,546 - INFO - HTTP Request: POST https://huggingface.co/api/datasets/unrulyabstractions/temporal-awareness/preupload/main "HTTP/1.1 200 OK"
2026-08-04 03:57:25,918 - INFO - HTTP Request: POST https://huggingface.co/api/datasets/unrulyabstractions/temporal-awareness/commit/main "HTTP/1.1 200 OK"
2026-08-04 03:57:25,919 - INFO - [commit 1/1] 2 files, 715.5 KB in 8.5s (84.0 KB/s) | pass total 2/2 files, 715.5 KB, 8.5s
2026-08-04 03:57:25,919 - INFO - Waiting 120s for new files (done-file RUN_COMPLETE: absent)
2026-08-04 03:59:25,928 - INFO - Scanned /root/temporal-awareness/out/experiments/loc_mistral_investment: 142 files on disk, 1 to upload (421.8 KB)
2026-08-04 03:59:26,094 - INFO - HTTP Request: POST https://huggingface.co/api/datasets/unrulyabstractions/temporal-awareness/preupload/main "HTTP/1.1 200 OK"
2026-08-04 03:59:49,126 - INFO - HTTP Request: POST https://huggingface.co/api/datasets/unrulyabstractions/temporal-awareness/commit/main "HTTP/1.1 200 OK"
2026-08-04 03:59:49,127 - INFO - [commit 1/1] 1 files, 421.8 KB in 23.2s (18.2 KB/s) | pass total 1/1 files, 421.8 KB, 23.2s
2026-08-04 03:59:49,128 - INFO - Waiting 120s for new files (done-file RUN_COMPLETE: absent)
2026-08-04 04:01:49,136 - INFO - Scanned /root/temporal-awareness/out/experiments/loc_mistral_investment: 143 files on disk, 2 to upload (723.3 KB)
2026-08-04 04:01:49,308 - INFO - HTTP Request: POST https://huggingface.co/api/datasets/unrulyabstractions/temporal-awareness/preupload/main "HTTP/1.1 200 OK"
2026-08-04 04:02:05,348 - INFO - HTTP Request: POST https://huggingface.co/api/datasets/unrulyabstractions/temporal-awareness/commit/main "HTTP/1.1 200 OK"
2026-08-04 04:02:05,349 - INFO - [commit 1/1] 2 files, 723.3 KB in 16.2s (44.6 KB/s) | pass total 2/2 files, 723.3 KB, 16.2s
2026-08-04 04:02:05,349 - INFO - Waiting 120s for new files (done-file RUN_COMPLETE: absent)
2026-08-04 04:04:05,357 - INFO - Scanned /root/temporal-awareness/out/experiments/loc_mistral_investment: 143 files on disk, 1 to upload (429.4 KB)
2026-08-04 04:04:05,566 - INFO - HTTP Request: POST https://huggingface.co/api/datasets/unrulyabstractions/temporal-awareness/preupload/main "HTTP/1.1 200 OK"
2026-08-04 04:04:22,750 - INFO - HTTP Request: POST https://huggingface.co/api/datasets/unrulyabstractions/temporal-awareness/commit/main "HTTP/1.1 200 OK"
2026-08-04 04:04:22,751 - INFO - [commit 1/1] 1 files, 429.4 KB in 17.4s (24.7 KB/s) | pass total 1/1 files, 429.4 KB, 17.4s
2026-08-04 04:04:22,752 - INFO - Waiting 120s for new files (done-file RUN_COMPLETE: absent)
2026-08-04 04:06:22,760 - INFO - Scanned /root/temporal-awareness/out/experiments/loc_mistral_investment: 148 files on disk, 6 to upload (857.3 KB)
2026-08-04 04:06:22,896 - INFO - HTTP Request: POST https://huggingface.co/api/datasets/unrulyabstractions/temporal-awareness/preupload/main "HTTP/1.1 200 OK"
2026-08-04 04:06:43,734 - INFO - HTTP Request: POST https://huggingface.co/api/datasets/unrulyabstractions/temporal-awareness/commit/main "HTTP/1.1 200 OK"
2026-08-04 04:06:43,735 - INFO - [commit 1/1] 6 files, 857.3 KB in 21.0s (40.9 KB/s) | pass total 6/6 files, 857.3 KB, 21.0s
2026-08-04 04:06:43,735 - INFO - Waiting 120s for new files (done-file RUN_COMPLETE: absent)
2026-08-04 04:08:43,744 - INFO - Scanned /root/temporal-awareness/out/experiments/loc_mistral_investment: 148 files on disk, 1 to upload (436.9 KB)
2026-08-04 04:08:44,030 - INFO - HTTP Request: POST https://huggingface.co/api/datasets/unrulyabstractions/temporal-awareness/preupload/main "HTTP/1.1 200 OK"
2026-08-04 04:08:57,018 - INFO - HTTP Request: POST https://huggingface.co/api/datasets/unrulyabstractions/temporal-awareness/commit/main "HTTP/1.1 200 OK"
2026-08-04 04:08:57,020 - INFO - [commit 1/1] 1 files, 436.9 KB in 13.3s (32.9 KB/s) | pass total 1/1 files, 436.9 KB, 13.3s
2026-08-04 04:08:57,020 - INFO - Waiting 120s for new files (done-file RUN_COMPLETE: absent)
2026-08-04 04:10:57,028 - INFO - Scanned /root/temporal-awareness/out/experiments/loc_mistral_investment: 149 files on disk, 2 to upload (737.2 KB)
2026-08-04 04:10:57,199 - INFO - HTTP Request: POST https://huggingface.co/api/datasets/unrulyabstractions/temporal-awareness/preupload/main "HTTP/1.1 200 OK"
2026-08-04 04:11:21,282 - INFO - HTTP Request: POST https://huggingface.co/api/datasets/unrulyabstractions/temporal-awareness/commit/main "HTTP/1.1 200 OK"
2026-08-04 04:11:21,284 - INFO - [commit 1/1] 2 files, 737.2 KB in 24.3s (30.4 KB/s) | pass total 2/2 files, 737.2 KB, 24.3s
2026-08-04 04:11:21,284 - INFO - Waiting 120s for new files (done-file RUN_COMPLETE: absent)
2026-08-04 04:13:21,293 - INFO - Scanned /root/temporal-awareness/out/experiments/loc_mistral_investment: 149 files on disk, 1 to upload (444.3 KB)
2026-08-04 04:13:21,518 - INFO - HTTP Request: POST https://huggingface.co/api/datasets/unrulyabstractions/temporal-awareness/preupload/main "HTTP/1.1 200 OK"
2026-08-04 04:13:26,398 - INFO - HTTP Request: POST https://huggingface.co/api/datasets/unrulyabstractions/temporal-awareness/commit/main "HTTP/1.1 200 OK"
2026-08-04 04:13:26,399 - INFO - [commit 1/1] 1 files, 444.3 KB in 5.1s (87.0 KB/s) | pass total 1/1 files, 444.3 KB, 5.1s
2026-08-04 04:13:26,400 - INFO - Waiting 120s for new files (done-file RUN_COMPLETE: absent)
2026-08-04 04:15:26,408 - INFO - Scanned /root/temporal-awareness/out/experiments/loc_mistral_investment: 150 files on disk, 2 to upload (744.1 KB)
2026-08-04 04:15:26,599 - INFO - HTTP Request: POST https://huggingface.co/api/datasets/unrulyabstractions/temporal-awareness/preupload/main "HTTP/1.1 200 OK"
2026-08-04 04:15:45,930 - INFO - HTTP Request: POST https://huggingface.co/api/datasets/unrulyabstractions/temporal-awareness/commit/main "HTTP/1.1 200 OK"
2026-08-04 04:15:45,932 - INFO - [commit 1/1] 2 files, 744.1 KB in 19.5s (38.1 KB/s) | pass total 2/2 files, 744.1 KB, 19.5s
2026-08-04 04:15:45,932 - INFO - Waiting 120s for new files (done-file RUN_COMPLETE: absent)
2026-08-04 04:17:45,941 - INFO - Scanned /root/temporal-awareness/out/experiments/loc_mistral_investment: 155 files on disk, 6 to upload (876.2 KB)
2026-08-04 04:17:46,084 - INFO - HTTP Request: POST https://huggingface.co/api/datasets/unrulyabstractions/temporal-awareness/preupload/main "HTTP/1.1 200 OK"
2026-08-04 04:18:03,790 - INFO - HTTP Request: POST https://huggingface.co/api/datasets/unrulyabstractions/temporal-awareness/commit/main "HTTP/1.1 200 OK"
2026-08-04 04:18:03,791 - INFO - [commit 1/1] 6 files, 876.2 KB in 17.9s (49.1 KB/s) | pass total 6/6 files, 876.2 KB, 17.9s
2026-08-04 04:18:03,791 - INFO - Waiting 120s for new files (done-file RUN_COMPLETE: absent)
2026-08-04 04:20:03,800 - INFO - Scanned /root/temporal-awareness/out/experiments/loc_mistral_investment: 155 files on disk, 1 to upload (456.3 KB)
2026-08-04 04:20:03,921 - INFO - HTTP Request: POST https://huggingface.co/api/datasets/unrulyabstractions/temporal-awareness/preupload/main "HTTP/1.1 200 OK"
2026-08-04 04:20:12,417 - INFO - HTTP Request: POST https://huggingface.co/api/datasets/unrulyabstractions/temporal-awareness/commit/main "HTTP/1.1 200 OK"
2026-08-04 04:20:12,752 - INFO - [commit 1/1] 1 files, 456.3 KB in 9.0s (51.0 KB/s) | pass total 1/1 files, 456.3 KB, 9.0s
2026-08-04 04:20:12,753 - INFO - Waiting 120s for new files (done-file RUN_COMPLETE: absent)
2026-08-04 04:22:12,762 - INFO - Scanned /root/temporal-awareness/out/experiments/loc_mistral_investment: 156 files on disk, 2 to upload (756.5 KB)
2026-08-04 04:22:12,888 - INFO - HTTP Request: POST https://huggingface.co/api/datasets/unrulyabstractions/temporal-awareness/preupload/main "HTTP/1.1 200 OK"
2026-08-04 04:22:18,676 - INFO - HTTP Request: POST https://huggingface.co/api/datasets/unrulyabstractions/temporal-awareness/commit/main "HTTP/1.1 200 OK"
2026-08-04 04:22:18,678 - INFO - [commit 1/1] 2 files, 756.5 KB in 5.9s (127.9 KB/s) | pass total 2/2 files, 756.5 KB, 5.9s
2026-08-04 04:22:18,678 - INFO - Waiting 120s for new files (done-file RUN_COMPLETE: absent)
2026-08-04 04:24:18,687 - INFO - Scanned /root/temporal-awareness/out/experiments/loc_mistral_investment: 156 files on disk, 1 to upload (463.2 KB)
2026-08-04 04:24:18,816 - INFO - HTTP Request: POST https://huggingface.co/api/datasets/unrulyabstractions/temporal-awareness/preupload/main "HTTP/1.1 200 OK"
2026-08-04 04:24:38,551 - INFO - HTTP Request: POST https://huggingface.co/api/datasets/unrulyabstractions/temporal-awareness/commit/main "HTTP/1.1 200 OK"
2026-08-04 04:24:38,552 - INFO - [commit 1/1] 1 files, 463.2 KB in 19.9s (23.3 KB/s) | pass total 1/1 files, 463.2 KB, 19.9s
2026-08-04 04:24:38,552 - INFO - Waiting 120s for new files (done-file RUN_COMPLETE: absent)
2026-08-04 04:26:38,561 - INFO - Scanned /root/temporal-awareness/out/experiments/loc_mistral_investment: 157 files on disk, 2 to upload (763.8 KB)
2026-08-04 04:26:38,689 - INFO - HTTP Request: POST https://huggingface.co/api/datasets/unrulyabstractions/temporal-awareness/preupload/main "HTTP/1.1 200 OK"
2026-08-04 04:26:52,314 - INFO - HTTP Request: POST https://huggingface.co/api/datasets/unrulyabstractions/temporal-awareness/commit/main "HTTP/1.1 200 OK"
2026-08-04 04:26:52,316 - INFO - [commit 1/1] 2 files, 763.8 KB in 13.8s (55.5 KB/s) | pass total 2/2 files, 763.8 KB, 13.8s
2026-08-04 04:26:52,316 - INFO - Waiting 120s for new files (done-file RUN_COMPLETE: absent)
2026-08-04 04:28:52,325 - INFO - Scanned /root/temporal-awareness/out/experiments/loc_mistral_investment: 157 files on disk, 1 to upload (470.5 KB)
2026-08-04 04:28:52,533 - INFO - HTTP Request: POST https://huggingface.co/api/datasets/unrulyabstractions/temporal-awareness/preupload/main "HTTP/1.1 200 OK"
2026-08-04 04:28:57,573 - INFO - HTTP Request: POST https://huggingface.co/api/datasets/unrulyabstractions/temporal-awareness/commit/main "HTTP/1.1 200 OK"
2026-08-04 04:28:57,575 - INFO - [commit 1/1] 1 files, 470.5 KB in 5.2s (89.6 KB/s) | pass total 1/1 files, 470.5 KB, 5.3s
2026-08-04 04:28:57,575 - INFO - Waiting 120s for new files (done-file RUN_COMPLETE: absent)
2026-08-04 04:30:57,584 - INFO - Scanned /root/temporal-awareness/out/experiments/loc_mistral_investment: 162 files on disk, 6 to upload (897.8 KB)
2026-08-04 04:30:57,724 - INFO - HTTP Request: POST https://huggingface.co/api/datasets/unrulyabstractions/temporal-awareness/preupload/main "HTTP/1.1 200 OK"
2026-08-04 04:31:02,477 - INFO - HTTP Request: POST https://huggingface.co/api/datasets/unrulyabstractions/temporal-awareness/commit/main "HTTP/1.1 200 OK"
2026-08-04 04:31:02,479 - INFO - [commit 1/1] 6 files, 897.8 KB in 4.9s (183.4 KB/s) | pass total 6/6 files, 897.8 KB, 4.9s
2026-08-04 04:31:02,480 - INFO - Waiting 120s for new files (done-file RUN_COMPLETE: absent)
2026-08-04 04:33:02,489 - INFO - Scanned /root/temporal-awareness/out/experiments/loc_mistral_investment: 162 files on disk, 1 to upload (477.4 KB)
2026-08-04 04:33:02,625 - INFO - HTTP Request: POST https://huggingface.co/api/datasets/unrulyabstractions/temporal-awareness/preupload/main "HTTP/1.1 200 OK"
2026-08-04 04:33:08,654 - INFO - HTTP Request: POST https://huggingface.co/api/datasets/unrulyabstractions/temporal-awareness/commit/main "HTTP/1.1 200 OK"
2026-08-04 04:33:08,655 - INFO - [commit 1/1] 1 files, 477.4 KB in 6.2s (77.4 KB/s) | pass total 1/1 files, 477.4 KB, 6.2s
2026-08-04 04:33:08,655 - INFO - Waiting 120s for new files (done-file RUN_COMPLETE: absent)
2026-08-04 04:35:08,665 - INFO - Scanned /root/temporal-awareness/out/experiments/loc_mistral_investment: 163 files on disk, 2 to upload (777.7 KB)
2026-08-04 04:35:08,812 - INFO - HTTP Request: POST https://huggingface.co/api/datasets/unrulyabstractions/temporal-awareness/preupload/main "HTTP/1.1 200 OK"
2026-08-04 04:35:13,764 - INFO - HTTP Request: POST https://huggingface.co/api/datasets/unrulyabstractions/temporal-awareness/commit/main "HTTP/1.1 200 OK"
2026-08-04 04:35:13,776 - INFO - [commit 1/1] 2 files, 777.7 KB in 5.1s (152.1 KB/s) | pass total 2/2 files, 777.7 KB, 5.1s
2026-08-04 04:35:13,777 - INFO - Waiting 120s for new files (done-file RUN_COMPLETE: absent)
2026-08-04 04:37:13,786 - INFO - Scanned /root/temporal-awareness/out/experiments/loc_mistral_investment: 163 files on disk, 1 to upload (484.2 KB)
2026-08-04 04:37:14,053 - INFO - HTTP Request: POST https://huggingface.co/api/datasets/unrulyabstractions/temporal-awareness/preupload/main "HTTP/1.1 200 OK"
2026-08-04 04:37:21,285 - INFO - HTTP Request: POST https://huggingface.co/api/datasets/unrulyabstractions/temporal-awareness/commit/main "HTTP/1.1 200 OK"
2026-08-04 04:37:21,286 - INFO - [commit 1/1] 1 files, 484.2 KB in 7.5s (64.6 KB/s) | pass total 1/1 files, 484.2 KB, 7.5s
2026-08-04 04:37:21,286 - INFO - Waiting 120s for new files (done-file RUN_COMPLETE: absent)
2026-08-04 04:39:21,295 - INFO - Scanned /root/temporal-awareness/out/experiments/loc_mistral_investment: 164 files on disk, 2 to upload (784.8 KB)
2026-08-04 04:39:21,426 - INFO - HTTP Request: POST https://huggingface.co/api/datasets/unrulyabstractions/temporal-awareness/preupload/main "HTTP/1.1 200 OK"
2026-08-04 04:39:40,966 - INFO - HTTP Request: POST https://huggingface.co/api/datasets/unrulyabstractions/temporal-awareness/commit/main "HTTP/1.1 200 OK"
2026-08-04 04:39:40,968 - INFO - [commit 1/1] 2 files, 784.8 KB in 19.7s (39.9 KB/s) | pass total 2/2 files, 784.8 KB, 19.7s
2026-08-04 04:39:40,968 - INFO - Waiting 120s for new files (done-file RUN_COMPLETE: absent)
2026-08-04 04:41:40,977 - INFO - Scanned /root/temporal-awareness/out/experiments/loc_mistral_investment: 164 files on disk, 1 to upload (491.3 KB)
2026-08-04 04:41:41,162 - INFO - HTTP Request: POST https://huggingface.co/api/datasets/unrulyabstractions/temporal-awareness/preupload/main "HTTP/1.1 200 OK"
2026-08-04 04:41:58,887 - INFO - HTTP Request: POST https://huggingface.co/api/datasets/unrulyabstractions/temporal-awareness/commit/main "HTTP/1.1 200 OK"
2026-08-04 04:41:58,888 - INFO - [commit 1/1] 1 files, 491.3 KB in 17.9s (27.4 KB/s) | pass total 1/1 files, 491.3 KB, 17.9s
2026-08-04 04:41:58,889 - INFO - Waiting 120s for new files (done-file RUN_COMPLETE: absent)
2026-08-04 04:43:58,898 - INFO - Scanned /root/temporal-awareness/out/experiments/loc_mistral_investment: 169 files on disk, 6 to upload (919.3 KB)
2026-08-04 04:43:59,082 - INFO - HTTP Request: POST https://huggingface.co/api/datasets/unrulyabstractions/temporal-awareness/preupload/main "HTTP/1.1 200 OK"
2026-08-04 04:44:05,382 - INFO - HTTP Request: POST https://huggingface.co/api/datasets/unrulyabstractions/temporal-awareness/commit/main "HTTP/1.1 200 OK"
2026-08-04 04:44:05,384 - INFO - [commit 1/1] 6 files, 919.3 KB in 6.5s (141.7 KB/s) | pass total 6/6 files, 919.3 KB, 6.5s
2026-08-04 04:44:05,384 - INFO - Waiting 120s for new files (done-file RUN_COMPLETE: absent)
2026-08-04 04:46:05,394 - INFO - Scanned /root/temporal-awareness/out/experiments/loc_mistral_investment: 169 files on disk, 1 to upload (498.4 KB)
2026-08-04 04:46:05,546 - INFO - HTTP Request: POST https://huggingface.co/api/datasets/unrulyabstractions/temporal-awareness/preupload/main "HTTP/1.1 200 OK"
2026-08-04 04:46:19,814 - INFO - HTTP Request: POST https://huggingface.co/api/datasets/unrulyabstractions/temporal-awareness/commit/main "HTTP/1.1 200 OK"
2026-08-04 04:46:19,815 - INFO - [commit 1/1] 1 files, 498.4 KB in 14.4s (34.6 KB/s) | pass total 1/1 files, 498.4 KB, 14.4s
2026-08-04 04:46:19,816 - INFO - Waiting 120s for new files (done-file RUN_COMPLETE: absent)
2026-08-04 04:48:19,825 - INFO - Scanned /root/temporal-awareness/out/experiments/loc_mistral_investment: 170 files on disk, 2 to upload (799.2 KB)
2026-08-04 04:48:20,118 - INFO - HTTP Request: POST https://huggingface.co/api/datasets/unrulyabstractions/temporal-awareness/preupload/main "HTTP/1.1 200 OK"
2026-08-04 04:48:30,115 - INFO - HTTP Request: POST https://huggingface.co/api/datasets/unrulyabstractions/temporal-awareness/commit/main "HTTP/1.1 200 OK"
2026-08-04 04:48:30,116 - INFO - [commit 1/1] 2 files, 799.2 KB in 10.3s (77.7 KB/s) | pass total 2/2 files, 799.2 KB, 10.3s
2026-08-04 04:48:30,117 - INFO - Waiting 120s for new files (done-file RUN_COMPLETE: absent)
2026-08-04 04:50:30,126 - INFO - Scanned /root/temporal-awareness/out/experiments/loc_mistral_investment: 170 files on disk, 1 to upload (505.4 KB)
2026-08-04 04:50:30,308 - INFO - HTTP Request: POST https://huggingface.co/api/datasets/unrulyabstractions/temporal-awareness/preupload/main "HTTP/1.1 200 OK"
2026-08-04 04:50:54,224 - INFO - HTTP Request: POST https://huggingface.co/api/datasets/unrulyabstractions/temporal-awareness/commit/main "HTTP/1.1 200 OK"
2026-08-04 04:50:54,225 - INFO - [commit 1/1] 1 files, 505.4 KB in 24.1s (21.0 KB/s) | pass total 1/1 files, 505.4 KB, 24.1s
2026-08-04 04:50:54,225 - INFO - Waiting 120s for new files (done-file RUN_COMPLETE: absent)
2026-08-04 04:52:54,236 - INFO - Scanned /root/temporal-awareness/out/experiments/loc_mistral_investment: 171 files on disk, 2 to upload (806.5 KB)
2026-08-04 04:52:54,474 - INFO - HTTP Request: POST https://huggingface.co/api/datasets/unrulyabstractions/temporal-awareness/preupload/main "HTTP/1.1 200 OK"
2026-08-04 04:53:00,170 - INFO - HTTP Request: POST https://huggingface.co/api/datasets/unrulyabstractions/temporal-awareness/commit/main "HTTP/1.1 200 OK"
2026-08-04 04:53:00,172 - INFO - [commit 1/1] 2 files, 806.5 KB in 5.9s (135.9 KB/s) | pass total 2/2 files, 806.5 KB, 5.9s
2026-08-04 04:53:00,172 - INFO - Waiting 120s for new files (done-file RUN_COMPLETE: absent)
2026-08-04 04:55:00,182 - INFO - Scanned /root/temporal-awareness/out/experiments/loc_mistral_investment: 171 files on disk, 1 to upload (512.4 KB)
2026-08-04 04:55:00,333 - INFO - HTTP Request: POST https://huggingface.co/api/datasets/unrulyabstractions/temporal-awareness/preupload/main "HTTP/1.1 200 OK"
2026-08-04 04:55:05,117 - INFO - HTTP Request: POST https://huggingface.co/api/datasets/unrulyabstractions/temporal-awareness/commit/main "HTTP/1.1 200 OK"
2026-08-04 04:55:05,119 - INFO - [commit 1/1] 1 files, 512.4 KB in 4.9s (103.8 KB/s) | pass total 1/1 files, 512.4 KB, 4.9s
2026-08-04 04:55:05,119 - INFO - Waiting 120s for new files (done-file RUN_COMPLETE: absent)
2026-08-04 04:57:05,132 - INFO - Scanned /root/temporal-awareness/out/experiments/loc_mistral_investment: 264 files on disk, 94 to upload (42.8 MB)
2026-08-04 04:57:05,361 - INFO - HTTP Request: POST https://huggingface.co/api/datasets/unrulyabstractions/temporal-awareness/preupload/main "HTTP/1.1 200 OK"
2026-08-04 04:57:05,614 - INFO - HTTP Request: POST https://huggingface.co/datasets/unrulyabstractions/temporal-awareness.git/info/lfs/objects/batch "HTTP/1.1 200 OK"
combined.png:   0%|          | 0.00/53.0k [00:00<?, ?B/s]
core.png:   0%|          | 0.00/226k [00:00<?, ?B/s][A

fork.png:   0%|          | 0.00/261k [00:00<?, ?B/s][A[A


logits.png:   0%|          | 0.00/312k [00:00<?, ?B/s][A[A[A



Upload 85 LFS files:   0%|          | 0/85 [00:00<?, ?it/s][A[A[A[A




probs.png:   0%|          | 0.00/247k [00:00<?, ?B/s][A[A[A[A[A
core.png:  29%|██▉       | 65.5k/226k [00:00<00:00, 444kB/s][A

fork.png:  25%|██▌       | 65.5k/261k [00:00<00:00, 448kB/s][A[A


logits.png:  21%|██        | 65.5k/312k [00:00<00:00, 454kB/s][A[A[A




probs.png:  27%|██▋       | 65.5k/247k [00:00<00:00, 455kB/s][A[A[A[A[Acombined.png: 100%|██████████| 53.0k/53.0k [00:00<00:00, 290kB/s]
core.png: 100%|██████████| 226k/226k [00:00<00:00, 999kB/s] [A

fork.png: 100%|██████████| 261k/261k [00:00<00:00, 1.17MB/s][A[A


logits.png:  84%|████████▍ | 262k/312k [00:00<00:00, 1.18MB/s][A[A[A




probs.png: 100%|██████████| 247k/247k [00:00<00:00, 1.11MB/s][A[A[A[A[A2026-08-04 04:57:06,142 - INFO - HTTP Request: PUT https://hf-hub-lfs-us-east-1.s3-accelerate.amazonaws.com/repos/ef/87/ef870e8dc8265ff802cde7e48a97a6727cc657365929f58754efc9d0b87852b3/c148da5664609069f283cee43c648d35890101f7fdc4b1ce5b71acd0586dccfc?X-Amz-Algorithm=AWS4-HMAC-SHA256&X-Amz-Content-Sha256=UNSIGNED-PAYLOAD&X-Amz-Credential=AKIA2JU7TKAQOYY2AAUF%2F20260804%2Fus-east-1%2Fs3%2Faws4_request&X-Amz-Date=20260804T045705Z&X-Amz-Expires=900&X-Amz-Signature=30cdc8467c330ce65f52a9fdb19f58f379f914f71331a235627350059465281a&X-Amz-SignedHeaders=host&x-amz-checksum-crc32=AAAAAA%3D%3D&x-amz-sdk-checksum-algorithm=CRC32&x-amz-storage-class=INTELLIGENT_TIERING&x-id=PutObject "HTTP/1.1 200 OK"
combined.png: 100%|██████████| 53.0k/53.0k [00:00<00:00, 110kB/s]
2026-08-04 04:57:06,172 - INFO - HTTP Request: PUT https://hf-hub-lfs-us-east-1.s3-accelerate.amazonaws.com/repos/ef/87/ef870e8dc8265ff802cde7e48a97a6727cc657365929f58754efc9d0b87852b3/f1bdb4da69358dcd4d660c2c6ebdc4e4bf9a50e6480453f812b179cb8497f500?X-Amz-Algorithm=AWS4-HMAC-SHA256&X-Amz-Content-Sha256=UNSIGNED-PAYLOAD&X-Amz-Credential=AKIA2JU7TKAQOYY2AAUF%2F20260804%2Fus-east-1%2Fs3%2Faws4_request&X-Amz-Date=20260804T045705Z&X-Amz-Expires=900&X-Amz-Signature=3a59d2b840a49fde81847a24fd4a6ac0eb9f29c96c09ea918f3bb94fe3b5806d&X-Amz-SignedHeaders=host&x-amz-checksum-crc32=AAAAAA%3D%3D&x-amz-sdk-checksum-algorithm=CRC32&x-amz-storage-class=INTELLIGENT_TIERING&x-id=PutObject "HTTP/1.1 200 OK"
core.png: 100%|██████████| 226k/226k [00:00<00:00, 443kB/s]
2026-08-04 04:57:06,227 - INFO - HTTP Request: PUT https://hf-hub-lfs-us-east-1.s3-accelerate.amazonaws.com/repos/ef/87/ef870e8dc8265ff802cde7e48a97a6727cc657365929f58754efc9d0b87852b3/8b3dc6c8d568f8bac0a4ba83ceaf82227d13ff79a1e9004abf213a63eaa9b405?X-Amz-Algorithm=AWS4-HMAC-SHA256&X-Amz-Content-Sha256=UNSIGNED-PAYLOAD&X-Amz-Credential=AKIA2JU7TKAQOYY2AAUF%2F20260804%2Fus-east-1%2Fs3%2Faws4_request&X-Amz-Date=20260804T045705Z&X-Amz-Expires=900&X-Amz-Signature=35dc704e195938862da39c79690acd25eabd6c3102b5969e20de1b105a2204a9&X-Amz-SignedHeaders=host&x-amz-checksum-crc32=AAAAAA%3D%3D&x-amz-sdk-checksum-algorithm=CRC32&x-amz-storage-class=INTELLIGENT_TIERING&x-id=PutObject "HTTP/1.1 200 OK"
logits.png: 100%|██████████| 312k/312k [00:00<00:00, 557kB/s] 
2026-08-04 04:57:06,233 - INFO - HTTP Request: PUT https://hf-hub-lfs-us-east-1.s3-accelerate.amazonaws.com/repos/ef/87/ef870e8dc8265ff802cde7e48a97a6727cc657365929f58754efc9d0b87852b3/ee1430629e10d8103b75186a4761a519d1df29192efcfe50269412b02c94a426?X-Amz-Algorithm=AWS4-HMAC-SHA256&X-Amz-Content-Sha256=UNSIGNED-PAYLOAD&X-Amz-Credential=AKIA2JU7TKAQOYY2AAUF%2F20260804%2Fus-east-1%2Fs3%2Faws4_request&X-Amz-Date=20260804T045705Z&X-Amz-Expires=900&X-Amz-Signature=af7068946d699905a76281ce6f05de6cb4a56687e4c4f5f0c7618c1ae962756f&X-Amz-SignedHeaders=host&x-amz-checksum-crc32=AAAAAA%3D%3D&x-amz-sdk-checksum-algorithm=CRC32&x-amz-storage-class=INTELLIGENT_TIERING&x-id=PutObject "HTTP/1.1 200 OK"
fork.png: 100%|██████████| 261k/261k [00:00<00:00, 458kB/s] 
2026-08-04 04:57:06,262 - INFO - HTTP Request: PUT https://hf-hub-lfs-us-east-1.s3-accelerate.amazonaws.com/repos/ef/87/ef870e8dc8265ff802cde7e48a97a6727cc657365929f58754efc9d0b87852b3/2113e6a9bee10bdb36910cf6acddeeabc2940c15bc09dd788afca24e6fc00c54?X-Amz-Algorithm=AWS4-HMAC-SHA256&X-Amz-Content-Sha256=UNSIGNED-PAYLOAD&X-Amz-Credential=AKIA2JU7TKAQOYY2AAUF%2F20260804%2Fus-east-1%2Fs3%2Faws4_request&X-Amz-Date=20260804T045705Z&X-Amz-Expires=900&X-Amz-Signature=e26b74ec1ef48c0a02cd0f9659ae5da842d2e7dc7942011ce3330dc86f0d9790&X-Amz-SignedHeaders=host&x-amz-checksum-crc32=AAAAAA%3D%3D&x-amz-sdk-checksum-algorithm=CRC32&x-amz-storage-class=INTELLIGENT_TIERING&x-id=PutObject "HTTP/1.1 200 OK"
probs.png: 100%|██████████| 247k/247k [00:00<00:00, 416kB/s] 
2026-08-04 04:57:06,319 - INFO - HTTP Request: POST https://huggingface.co/datasets/unrulyabstractions/temporal-awareness.git/info/lfs/objects/verify "HTTP/1.1 200 OK"




Upload 85 LFS files:   1%|          | 1/85 [00:00<00:54,  1.54it/s][A[A[A[Atrajectory.png:   0%|          | 0.00/238k [00:00<?, ?B/s]2026-08-04 04:57:06,509 - INFO - HTTP Request: POST https://huggingface.co/datasets/unrulyabstractions/temporal-awareness.git/info/lfs/objects/verify "HTTP/1.1 200 OK"




Upload 85 LFS files:   2%|▏         | 2/85 [00:00<00:31,  2.63it/s][A[A[A[A
vocab.png:   0%|          | 0.00/268k [00:00<?, ?B/s][A2026-08-04 04:57:06,516 - INFO - HTTP Request: POST https://huggingface.co/datasets/unrulyabstractions/temporal-awareness.git/info/lfs/objects/verify "HTTP/1.1 200 OK"
2026-08-04 04:57:06,517 - INFO - HTTP Request: POST https://huggingface.co/datasets/unrulyabstractions/temporal-awareness.git/info/lfs/objects/verify "HTTP/1.1 200 OK"


combined.png:   0%|          | 0.00/52.8k [00:00<?, ?B/s][A[A


core.png:   0%|          | 0.00/191k [00:00<?, ?B/s][A[A[A2026-08-04 04:57:06,549 - INFO - HTTP Request: POST https://huggingface.co/datasets/unrulyabstractions/temporal-awareness.git/info/lfs/objects/verify "HTTP/1.1 200 OK"





fork.png:   0%|          | 0.00/258k [00:00<?, ?B/s][A[A[A[A[A2026-08-04 04:57:06,658 - INFO - HTTP Request: PUT https://hf-hub-lfs-us-east-1.s3-accelerate.amazonaws.com/repos/ef/87/ef870e8dc8265ff802cde7e48a97a6727cc657365929f58754efc9d0b87852b3/5f93bde8dc343bae82eeb895a69b52e16587a1068c5d772c178dddfdc0d89188?X-Amz-Algorithm=AWS4-HMAC-SHA256&X-Amz-Content-Sha256=UNSIGNED-PAYLOAD&X-Amz-Credential=AKIA2JU7TKAQOYY2AAUF%2F20260804%2Fus-east-1%2Fs3%2Faws4_request&X-Amz-Date=20260804T045705Z&X-Amz-Expires=900&X-Amz-Signature=91eba708c5752296ad8f7d995db88b428b27fcdfb61904621d5e2d6059620dfa&X-Amz-SignedHeaders=host&x-amz-checksum-crc32=AAAAAA%3D%3D&x-amz-sdk-checksum-algorithm=CRC32&x-amz-storage-class=INTELLIGENT_TIERING&x-id=PutObject "HTTP/1.1 200 OK"
trajectory.png: 100%|██████████| 238k/238k [00:00<00:00, 702kB/s]
2026-08-04 04:57:06,681 - INFO - HTTP Request: PUT https://hf-hub-lfs-us-east-1.s3-accelerate.amazonaws.com/repos/ef/87/ef870e8dc8265ff802cde7e48a97a6727cc657365929f58754efc9d0b87852b3/68a398b5173fa4f39c80a8cb2b2bfbd2e4a7eab592524e12af356170966d8365?X-Amz-Algorithm=AWS4-HMAC-SHA256&X-Amz-Content-Sha256=UNSIGNED-PAYLOAD&X-Amz-Credential=AKIA2JU7TKAQOYY2AAUF%2F20260804%2Fus-east-1%2Fs3%2Faws4_request&X-Amz-Date=20260804T045705Z&X-Amz-Expires=900&X-Amz-Signature=1b1e806c786e5456b9a1ec0d2334f11fdb76fbd09c826b605e4ced573215a2f5&X-Amz-SignedHeaders=host&x-amz-checksum-crc32=AAAAAA%3D%3D&x-amz-sdk-checksum-algorithm=CRC32&x-amz-storage-class=INTELLIGENT_TIERING&x-id=PutObject "HTTP/1.1 200 OK"
combined.png: 100%|██████████| 52.8k/52.8k [00:00<00:00, 324kB/s]
2026-08-04 04:57:06,734 - INFO - HTTP Request: PUT https://hf-hub-lfs-us-east-1.s3-accelerate.amazonaws.com/repos/ef/87/ef870e8dc8265ff802cde7e48a97a6727cc657365929f58754efc9d0b87852b3/90379a76542b4dc084f87be0aefe0ea59a5eef0138a1002ea43005977530d003?X-Amz-Algorithm=AWS4-HMAC-SHA256&X-Amz-Content-Sha256=UNSIGNED-PAYLOAD&X-Amz-Credential=AKIA2JU7TKAQOYY2AAUF%2F20260804%2Fus-east-1%2Fs3%2Faws4_request&X-Amz-Date=20260804T045705Z&X-Amz-Expires=900&X-Amz-Signature=e3b2ed076833b802396e595ad3f233db7a3637c9773d99f6afd191a05a377260&X-Amz-SignedHeaders=host&x-amz-checksum-crc32=AAAAAA%3D%3D&x-amz-sdk-checksum-algorithm=CRC32&x-amz-storage-class=INTELLIGENT_TIERING&x-id=PutObject "HTTP/1.1 200 OK"
core.png: 100%|██████████| 191k/191k [00:00<00:00, 885kB/s]
2026-08-04 04:57:06,790 - INFO - HTTP Request: POST https://huggingface.co/datasets/unrulyabstractions/temporal-awareness.git/info/lfs/objects/verify "HTTP/1.1 200 OK"
logits.png:   0%|          | 0.00/294k [00:00<?, ?B/s]2026-08-04 04:57:06,826 - INFO - HTTP Request: PUT https://hf-hub-lfs-us-east-1.s3-accelerate.amazonaws.com/repos/ef/87/ef870e8dc8265ff802cde7e48a97a6727cc657365929f58754efc9d0b87852b3/3a3d3d3fe92381eadeac59d8b64005c25d2198f598dac1294b5ae2b5facb14e3?X-Amz-Algorithm=AWS4-HMAC-SHA256&X-Amz-Content-Sha256=UNSIGNED-PAYLOAD&X-Amz-Credential=AKIA2JU7TKAQOYY2AAUF%2F20260804%2Fus-east-1%2Fs3%2Faws4_request&X-Amz-Date=20260804T045705Z&X-Amz-Expires=900&X-Amz-Signature=531225ad5ca33112381d60c81a4ccef1145e206f0c36678e048ca9b6d61e7e19&X-Amz-SignedHeaders=host&x-amz-checksum-crc32=AAAAAA%3D%3D&x-amz-sdk-checksum-algorithm=CRC32&x-amz-storage-class=INTELLIGENT_TIERING&x-id=PutObject "HTTP/1.1 200 OK"
vocab.png: 100%|██████████| 268k/268k [00:00<00:00, 845kB/s]
2026-08-04 04:57:06,838 - INFO - HTTP Request: POST https://huggingface.co/datasets/unrulyabstractions/temporal-awareness.git/info/lfs/objects/verify "HTTP/1.1 200 OK"




Upload 85 LFS files:   7%|▋         | 6/85 [00:01<00:11,  6.64it/s][A[A[A[A
probs.png:   0%|          | 0.00/212k [00:00<?, ?B/s][A2026-08-04 04:57:06,865 - INFO - HTTP Request: PUT https://hf-hub-lfs-us-east-1.s3-accelerate.amazonaws.com/repos/ef/87/ef870e8dc8265ff802cde7e48a97a6727cc657365929f58754efc9d0b87852b3/9dc8c70e50c416c6b0edc7f4087d6a699ffe277271d358c3736cf3939ab7271e?X-Amz-Algorithm=AWS4-HMAC-SHA256&X-Amz-Content-Sha256=UNSIGNED-PAYLOAD&X-Amz-Credential=AKIA2JU7TKAQOYY2AAUF%2F20260804%2Fus-east-1%2Fs3%2Faws4_request&X-Amz-Date=20260804T045705Z&X-Amz-Expires=900&X-Amz-Signature=9aeb58a576e608dfbe00b3ab804c6b4b2a8f25b17d1f4a65be1762fe72b1d12b&X-Amz-SignedHeaders=host&x-amz-checksum-crc32=AAAAAA%3D%3D&x-amz-sdk-checksum-algorithm=CRC32&x-amz-storage-class=INTELLIGENT_TIERING&x-id=PutObject "HTTP/1.1 200 OK"
fork.png: 100%|██████████| 258k/258k [00:00<00:00, 817kB/s]
2026-08-04 04:57:06,882 - INFO - HTTP Request: POST https://huggingface.co/datasets/unrulyabstractions/temporal-awareness.git/info/lfs/objects/verify "HTTP/1.1 200 OK"


trajectory.png:   0%|          | 0.00/223k [00:00<?, ?B/s][A[A2026-08-04 04:57:06,986 - INFO - HTTP Request: POST https://huggingface.co/datasets/unrulyabstractions/temporal-awareness.git/info/lfs/objects/verify "HTTP/1.1 200 OK"




Upload 85 LFS files:   8%|▊         | 7/85 [00:01<00:11,  6.67it/s][A[A[A[A


vocab.png:   0%|          | 0.00/264k [00:00<?, ?B/s][A[A[A2026-08-04 04:57:07,018 - INFO - HTTP Request: POST https://huggingface.co/datasets/unrulyabstractions/temporal-awareness.git/info/lfs/objects/verify "HTTP/1.1 200 OK"





heatmap_layers_colnorm_denoising.png:   0%|          | 0.00/80.1k [00:00<?, ?B/s][A[A[A[A[A2026-08-04 04:57:07,124 - INFO - HTTP Request: PUT https://hf-hub-lfs-us-east-1.s3-accelerate.amazonaws.com/repos/ef/87/ef870e8dc8265ff802cde7e48a97a6727cc657365929f58754efc9d0b87852b3/46d08e11b90dbaf44e34c9942ab5f68aea01f8b29727f4d08bd84ebc40a4170d?X-Amz-Algorithm=AWS4-HMAC-SHA256&X-Amz-Content-Sha256=UNSIGNED-PAYLOAD&X-Amz-Credential=AKIA2JU7TKAQOYY2AAUF%2F20260804%2Fus-east-1%2Fs3%2Faws4_request&X-Amz-Date=20260804T045705Z&X-Amz-Expires=900&X-Amz-Signature=75cf006a1ef0e8f19b534416f749e8366787a24cfe6acf04a49b8cb66f2ae9b1&X-Amz-SignedHeaders=host&x-amz-checksum-crc32=AAAAAA%3D%3D&x-amz-sdk-checksum-algorithm=CRC32&x-amz-storage-class=INTELLIGENT_TIERING&x-id=PutObject "HTTP/1.1 200 OK"
probs.png: 100%|██████████| 212k/212k [00:00<00:00, 742kB/s]
2026-08-04 04:57:07,144 - INFO - HTTP Request: PUT https://hf-hub-lfs-us-east-1.s3-accelerate.amazonaws.com/repos/ef/87/ef870e8dc8265ff802cde7e48a97a6727cc657365929f58754efc9d0b87852b3/7d02e96e5475f18f7db41540cbc49681170976e386677ce074994a51fa1a1a53?X-Amz-Algorithm=AWS4-HMAC-SHA256&X-Amz-Content-Sha256=UNSIGNED-PAYLOAD&X-Amz-Credential=AKIA2JU7TKAQOYY2AAUF%2F20260804%2Fus-east-1%2Fs3%2Faws4_request&X-Amz-Date=20260804T045705Z&X-Amz-Expires=900&X-Amz-Signature=383257f92a2459b67d97c8794584fd3866794a8d11cb949faa0165dadc481d92&X-Amz-SignedHeaders=host&x-amz-checksum-crc32=AAAAAA%3D%3D&x-amz-sdk-checksum-algorithm=CRC32&x-amz-storage-class=INTELLIGENT_TIERING&x-id=PutObject "HTTP/1.1 200 OK"
logits.png: 100%|██████████| 294k/294k [00:00<00:00, 832kB/s]
2026-08-04 04:57:07,214 - INFO - HTTP Request: PUT https://hf-hub-lfs-us-east-1.s3-accelerate.amazonaws.com/repos/ef/87/ef870e8dc8265ff802cde7e48a97a6727cc657365929f58754efc9d0b87852b3/b66c8aadb6c55856fe12ddd57ddfe8c0287ac8299a7d997df8abf121f09bb274?X-Amz-Algorithm=AWS4-HMAC-SHA256&X-Amz-Content-Sha256=UNSIGNED-PAYLOAD&X-Amz-Credential=AKIA2JU7TKAQOYY2AAUF%2F20260804%2Fus-east-1%2Fs3%2Faws4_request&X-Amz-Date=20260804T045705Z&X-Amz-Expires=900&X-Amz-Signature=a29cb81e5f2fe35c9ced360e0107d7df7b88977dc4c5de260e1b1ba436545b26&X-Amz-SignedHeaders=host&x-amz-checksum-crc32=AAAAAA%3D%3D&x-amz-sdk-checksum-algorithm=CRC32&x-amz-storage-class=INTELLIGENT_TIERING&x-id=PutObject "HTTP/1.1 200 OK"
trajectory.png: 100%|██████████| 223k/223k [00:00<00:00, 674kB/s]
2026-08-04 04:57:07,239 - INFO - HTTP Request: PUT https://hf-hub-lfs-us-east-1.s3-accelerate.amazonaws.com/repos/ef/87/ef870e8dc8265ff802cde7e48a97a6727cc657365929f58754efc9d0b87852b3/fa89dc491317f805e1583b239208c3cb62b386fc1646e54dad1cdc4625d16670?X-Amz-Algorithm=AWS4-HMAC-SHA256&X-Amz-Content-Sha256=UNSIGNED-PAYLOAD&X-Amz-Credential=AKIA2JU7TKAQOYY2AAUF%2F20260804%2Fus-east-1%2Fs3%2Faws4_request&X-Amz-Date=20260804T045705Z&X-Amz-Expires=900&X-Amz-Signature=1d3e81ae4a16e85873bb85a5c09eb8accfefb6ae91b16ba2a1b979136848c05d&X-Amz-SignedHeaders=host&x-amz-checksum-crc32=AAAAAA%3D%3D&x-amz-sdk-checksum-algorithm=CRC32&x-amz-storage-class=INTELLIGENT_TIERING&x-id=PutObject "HTTP/1.1 200 OK"
heatmap_layers_colnorm_denoising.png: 100%|██████████| 80.1k/80.1k [00:00<00:00, 363kB/s]
2026-08-04 04:57:07,272 - INFO - HTTP Request: PUT https://hf-hub-lfs-us-east-1.s3-accelerate.amazonaws.com/repos/ef/87/ef870e8dc8265ff802cde7e48a97a6727cc657365929f58754efc9d0b87852b3/fb8fe08b360975c42fc352c9ee48f33b07a73ef5f0be58e2943ee405088d19ed?X-Amz-Algorithm=AWS4-HMAC-SHA256&X-Amz-Content-Sha256=UNSIGNED-PAYLOAD&X-Amz-Credential=AKIA2JU7TKAQOYY2AAUF%2F20260804%2Fus-east-1%2Fs3%2Faws4_request&X-Amz-Date=20260804T045705Z&X-Amz-Expires=900&X-Amz-Signature=2536189b560b6162ba3f9111215215d4338ca20cfb6a2c405d0992fd78c6cc6a&X-Amz-SignedHeaders=host&x-amz-checksum-crc32=AAAAAA%3D%3D&x-amz-sdk-checksum-algorithm=CRC32&x-amz-storage-class=INTELLIGENT_TIERING&x-id=PutObject "HTTP/1.1 200 OK"
vocab.png: 100%|██████████| 264k/264k [00:00<00:00, 927kB/s]
2026-08-04 04:57:07,284 - INFO - HTTP Request: POST https://huggingface.co/datasets/unrulyabstractions/temporal-awareness.git/info/lfs/objects/verify "HTTP/1.1 200 OK"
heatmap_layers_colnorm_noising.png:   0%|          | 0.00/79.6k [00:00<?, ?B/s]2026-08-04 04:57:07,287 - INFO - HTTP Request: POST https://huggingface.co/datasets/unrulyabstractions/temporal-awareness.git/info/lfs/objects/verify "HTTP/1.1 200 OK"




Upload 85 LFS files:  13%|█▎        | 11/85 [00:01<00:08,  9.20it/s][A[A[A[A
heatmap_layers_denoising.png:   0%|          | 0.00/98.5k [00:00<?, ?B/s][A2026-08-04 04:57:07,365 - INFO - HTTP Request: POST https://huggingface.co/datasets/unrulyabstractions/temporal-awareness.git/info/lfs/objects/verify "HTTP/1.1 200 OK"


heatmap_layers_noising.png:   0%|          | 0.00/86.4k [00:00<?, ?B/s][A[A2026-08-04 04:57:07,384 - INFO - HTTP Request: POST https://huggingface.co/datasets/unrulyabstractions/temporal-awareness.git/info/lfs/objects/verify "HTTP/1.1 200 OK"



attn_vs_mlp_layer.png:   0%|          | 0.00/162k [00:00<?, ?B/s][A[A[A2026-08-04 04:57:07,479 - INFO - HTTP Request: POST https://huggingface.co/datasets/unrulyabstractions/temporal-awareness.git/info/lfs/objects/verify "HTTP/1.1 200 OK"




Upload 85 LFS files:  16%|█▋        | 14/85 [00:01<00:06, 10.87it/s][A[A[A[A




attn_vs_mlp_paired.png:   0%|          | 0.00/165k [00:00<?, ?B/s][A[A[A[A[A2026-08-04 04:57:07,496 - INFO - HTTP Request: PUT https://hf-hub-lfs-us-east-1.s3-accelerate.amazonaws.com/repos/ef/87/ef870e8dc8265ff802cde7e48a97a6727cc657365929f58754efc9d0b87852b3/dc703245ad4dfd6aaa47e594e7c807d0dbd87a77ca0c5db01ef6665a786e513c?X-Amz-Algorithm=AWS4-HMAC-SHA256&X-Amz-Content-Sha256=UNSIGNED-PAYLOAD&X-Amz-Credential=AKIA2JU7TKAQOYY2AAUF%2F20260804%2Fus-east-1%2Fs3%2Faws4_request&X-Amz-Date=20260804T045705Z&X-Amz-Expires=900&X-Amz-Signature=2ffdfdd69211fa52010278a1c728859a7037d71dfb26052dcc50bcf9ff9e1a06&X-Amz-SignedHeaders=host&x-amz-checksum-crc32=AAAAAA%3D%3D&x-amz-sdk-checksum-algorithm=CRC32&x-amz-storage-class=INTELLIGENT_TIERING&x-id=PutObject "HTTP/1.1 200 OK"
heatmap_layers_colnorm_noising.png: 100%|██████████| 79.6k/79.6k [00:00<00:00, 376kB/s]
2026-08-04 04:57:07,503 - INFO - HTTP Request: PUT https://hf-hub-lfs-us-east-1.s3-accelerate.amazonaws.com/repos/ef/87/ef870e8dc8265ff802cde7e48a97a6727cc657365929f58754efc9d0b87852b3/a2c69bc64c27e4c1fe32baa2e47b8a77a23f86625d8a7f980670c0e6b2df8f32?X-Amz-Algorithm=AWS4-HMAC-SHA256&X-Amz-Content-Sha256=UNSIGNED-PAYLOAD&X-Amz-Credential=AKIA2JU7TKAQOYY2AAUF%2F20260804%2Fus-east-1%2Fs3%2Faws4_request&X-Amz-Date=20260804T045705Z&X-Amz-Expires=900&X-Amz-Signature=f6e27ee8838e86375950eb6c2206088b502ccf67835c878ba4ee0590bf52adff&X-Amz-SignedHeaders=host&x-amz-checksum-crc32=AAAAAA%3D%3D&x-amz-sdk-checksum-algorithm=CRC32&x-amz-storage-class=INTELLIGENT_TIERING&x-id=PutObject "HTTP/1.1 200 OK"
heatmap_layers_denoising.png: 100%|██████████| 98.5k/98.5k [00:00<00:00, 457kB/s]
2026-08-04 04:57:07,559 - INFO - HTTP Request: PUT https://hf-hub-lfs-us-east-1.s3-accelerate.amazonaws.com/repos/ef/87/ef870e8dc8265ff802cde7e48a97a6727cc657365929f58754efc9d0b87852b3/0a6446197c7d47806667b9360555fce5b694827e98ab826ea0af6e5e6cb6c318?X-Amz-Algorithm=AWS4-HMAC-SHA256&X-Amz-Content-Sha256=UNSIGNED-PAYLOAD&X-Amz-Credential=AKIA2JU7TKAQOYY2AAUF%2F20260804%2Fus-east-1%2Fs3%2Faws4_request&X-Amz-Date=20260804T045705Z&X-Amz-Expires=900&X-Amz-Signature=8a8aefa0d07e10cc596601fe54dea679d04997afc9d3fed5f48725537e300e4f&X-Amz-SignedHeaders=host&x-amz-checksum-crc32=AAAAAA%3D%3D&x-amz-sdk-checksum-algorithm=CRC32&x-amz-storage-class=INTELLIGENT_TIERING&x-id=PutObject "HTTP/1.1 200 OK"
heatmap_layers_noising.png: 100%|██████████| 86.4k/86.4k [00:00<00:00, 445kB/s]
2026-08-04 04:57:07,605 - INFO - HTTP Request: POST https://huggingface.co/datasets/unrulyabstractions/temporal-awareness.git/info/lfs/objects/verify "HTTP/1.1 200 OK"




Upload 85 LFS files:  19%|█▉        | 16/85 [00:01<00:05, 11.84it/s][A[A[A[Acomponent_importance_ranked.png:   0%|          | 0.00/121k [00:00<?, ?B/s]2026-08-04 04:57:07,613 - INFO - HTTP Request: POST https://huggingface.co/datasets/unrulyabstractions/temporal-awareness.git/info/lfs/objects/verify "HTTP/1.1 200 OK"

cumulative_recovery.png:   0%|          | 0.00/128k [00:00<?, ?B/s][A2026-08-04 04:57:07,640 - INFO - HTTP Request: PUT https://hf-hub-lfs-us-east-1.s3-accelerate.amazonaws.com/repos/ef/87/ef870e8dc8265ff802cde7e48a97a6727cc657365929f58754efc9d0b87852b3/96fb7c92da1930bdace52aadcc4c52fe79b41053e379d413f37bc23ac60bcb25?X-Amz-Algorithm=AWS4-HMAC-SHA256&X-Amz-Content-Sha256=UNSIGNED-PAYLOAD&X-Amz-Credential=AKIA2JU7TKAQOYY2AAUF%2F20260804%2Fus-east-1%2Fs3%2Faws4_request&X-Amz-Date=20260804T045705Z&X-Amz-Expires=900&X-Amz-Signature=3dcfd6bfebfb28138132bcd5830c3c42c0a722e3a59ab2c94d0791cb3f17a517&X-Amz-SignedHeaders=host&x-amz-checksum-crc32=AAAAAA%3D%3D&x-amz-sdk-checksum-algorithm=CRC32&x-amz-storage-class=INTELLIGENT_TIERING&x-id=PutObject "HTTP/1.1 200 OK"
attn_vs_mlp_layer.png: 100%|██████████| 162k/162k [00:00<00:00, 635kB/s]
2026-08-04 04:57:07,672 - INFO - HTTP Request: POST https://huggingface.co/datasets/unrulyabstractions/temporal-awareness.git/info/lfs/objects/verify "HTTP/1.1 200 OK"


layer_component_interaction.png:   0%|          | 0.00/342k [00:00<?, ?B/s][A[A2026-08-04 04:57:07,756 - INFO - HTTP Request: POST https://huggingface.co/datasets/unrulyabstractions/temporal-awareness.git/info/lfs/objects/verify "HTTP/1.1 200 OK"




Upload 85 LFS files:  22%|██▏       | 19/85 [00:02<00:04, 13.85it/s][A[A[A[A


difference_heatmap_layer.png:   0%|          | 0.00/153k [00:00<?, ?B/s][A[A[A2026-08-04 04:57:07,791 - INFO - HTTP Request: PUT https://hf-hub-lfs-us-east-1.s3-accelerate.amazonaws.com/repos/ef/87/ef870e8dc8265ff802cde7e48a97a6727cc657365929f58754efc9d0b87852b3/f6ffcd657bcfcf0233e38d84402386b45daad350d0a746c85774c7d94d8f6cfc?X-Amz-Algorithm=AWS4-HMAC-SHA256&X-Amz-Content-Sha256=UNSIGNED-PAYLOAD&X-Amz-Credential=AKIA2JU7TKAQOYY2AAUF%2F20260804%2Fus-east-1%2Fs3%2Faws4_request&X-Amz-Date=20260804T045705Z&X-Amz-Expires=900&X-Amz-Signature=8f197d651c956528d55b005899de694ba0db5061558d9d54ef2a6afe2d627981&X-Amz-SignedHeaders=host&x-amz-checksum-crc32=AAAAAA%3D%3D&x-amz-sdk-checksum-algorithm=CRC32&x-amz-storage-class=INTELLIGENT_TIERING&x-id=PutObject "HTTP/1.1 200 OK"
attn_vs_mlp_paired.png: 100%|██████████| 165k/165k [00:00<00:00, 529kB/s]
2026-08-04 04:57:07,837 - INFO - HTTP Request: PUT https://hf-hub-lfs-us-east-1.s3-accelerate.amazonaws.com/repos/ef/87/ef870e8dc8265ff802cde7e48a97a6727cc657365929f58754efc9d0b87852b3/17bbb82c8902618aa7450890e752fee8039a75c2b57ded0a6a677da64b72c8fc?X-Amz-Algorithm=AWS4-HMAC-SHA256&X-Amz-Content-Sha256=UNSIGNED-PAYLOAD&X-Amz-Credential=AKIA2JU7TKAQOYY2AAUF%2F20260804%2Fus-east-1%2Fs3%2Faws4_request&X-Amz-Date=20260804T045705Z&X-Amz-Expires=900&X-Amz-Signature=2b68c0f81d13f12ad319019e74f3906831bec4fb6422211a88abf243798c5819&X-Amz-SignedHeaders=host&x-amz-checksum-crc32=AAAAAA%3D%3D&x-amz-sdk-checksum-algorithm=CRC32&x-amz-storage-class=INTELLIGENT_TIERING&x-id=PutObject "HTTP/1.1 200 OK"
cumulative_recovery.png: 100%|██████████| 128k/128k [00:00<00:00, 571kB/s]
2026-08-04 04:57:07,849 - INFO - HTTP Request: PUT https://hf-hub-lfs-us-east-1.s3-accelerate.amazonaws.com/repos/ef/87/ef870e8dc8265ff802cde7e48a97a6727cc657365929f58754efc9d0b87852b3/61b4cb2ddae0c17d639e58bbc0112eaaa7e99d45a5ee98eba922857c3f03fdf0?X-Amz-Algorithm=AWS4-HMAC-SHA256&X-Amz-Content-Sha256=UNSIGNED-PAYLOAD&X-Amz-Credential=AKIA2JU7TKAQOYY2AAUF%2F20260804%2Fus-east-1%2Fs3%2Faws4_request&X-Amz-Date=20260804T045705Z&X-Amz-Expires=900&X-Amz-Signature=6483bd966952e79e3172eeeb98c5df7a8cb0c99c69f0707f5e3f3f3f41ee6d06&X-Amz-SignedHeaders=host&x-amz-checksum-crc32=AAAAAA%3D%3D&x-amz-sdk-checksum-algorithm=CRC32&x-amz-storage-class=INTELLIGENT_TIERING&x-id=PutObject "HTTP/1.1 200 OK"
component_importance_ranked.png: 100%|██████████| 121k/121k [00:00<00:00, 498kB/s]
2026-08-04 04:57:07,945 - INFO - HTTP Request: POST https://huggingface.co/datasets/unrulyabstractions/temporal-awareness.git/info/lfs/objects/verify "HTTP/1.1 200 OK"
noise_vs_denoise_per_component_layer.png:   0%|          | 0.00/1.16M [00:00<?, ?B/s]2026-08-04 04:57:07,977 - INFO - HTTP Request: PUT https://hf-hub-lfs-us-east-1.s3-accelerate.amazonaws.com/repos/ef/87/ef870e8dc8265ff802cde7e48a97a6727cc657365929f58754efc9d0b87852b3/af095d883ef8e006a246f4d817427c299a8cceeff52d8527aeb8fbfe3dbacbd5?X-Amz-Algorithm=AWS4-HMAC-SHA256&X-Amz-Content-Sha256=UNSIGNED-PAYLOAD&X-Amz-Credential=AKIA2JU7TKAQOYY2AAUF%2F20260804%2Fus-east-1%2Fs3%2Faws4_request&X-Amz-Date=20260804T045705Z&X-Amz-Expires=900&X-Amz-Signature=51124f5b862d25ae38e63321b8540398ec6a5ac8eba6152934677683b978841a&X-Amz-SignedHeaders=host&x-amz-checksum-crc32=AAAAAA%3D%3D&x-amz-sdk-checksum-algorithm=CRC32&x-amz-storage-class=INTELLIGENT_TIERING&x-id=PutObject "HTTP/1.1 200 OK"
difference_heatmap_layer.png: 100%|██████████| 153k/153k [00:00<00:00, 692kB/s]
2026-08-04 04:57:07,990 - INFO - HTTP Request: POST https://huggingface.co/datasets/unrulyabstractions/temporal-awareness.git/info/lfs/objects/verify "HTTP/1.1 200 OK"




Upload 85 LFS files:  25%|██▍       | 21/85 [00:02<00:05, 11.95it/s][A[A[A[A
redundancy_gap.png:   0%|          | 0.00/94.2k [00:00<?, ?B/s][A2026-08-04 04:57:07,995 - INFO - HTTP Request: POST https://huggingface.co/datasets/unrulyabstractions/temporal-awareness.git/info/lfs/objects/verify "HTTP/1.1 200 OK"



redundancy_gap_sorted.png:   0%|          | 0.00/84.8k [00:00<?, ?B/s][A[A[A2026-08-04 04:57:08,018 - INFO - HTTP Request: PUT https://hf-hub-lfs-us-east-1.s3-accelerate.amazonaws.com/repos/ef/87/ef870e8dc8265ff802cde7e48a97a6727cc657365929f58754efc9d0b87852b3/f8ee11ae12e347b98270c22b8eaa85d3db45fa6bc4bd5afcee61bba642e1fe57?X-Amz-Algorithm=AWS4-HMAC-SHA256&X-Amz-Content-Sha256=UNSIGNED-PAYLOAD&X-Amz-Credential=AKIA2JU7TKAQOYY2AAUF%2F20260804%2Fus-east-1%2Fs3%2Faws4_request&X-Amz-Date=20260804T045705Z&X-Amz-Expires=900&X-Amz-Signature=2cd23725f45a6270e4fa61c06d238737411ed47d9e19e8d59eeebee139f8ba87&X-Amz-SignedHeaders=host&x-amz-checksum-crc32=AAAAAA%3D%3D&x-amz-sdk-checksum-algorithm=CRC32&x-amz-storage-class=INTELLIGENT_TIERING&x-id=PutObject "HTTP/1.1 200 OK"
layer_component_interaction.png: 100%|██████████| 342k/342k [00:00<00:00, 990kB/s]
2026-08-04 04:57:08,128 - INFO - HTTP Request: POST https://huggingface.co/datasets/unrulyabstractions/temporal-awareness.git/info/lfs/objects/verify "HTTP/1.1 200 OK"


information_flow_diagram.png:   0%|          | 0.00/151k [00:00<?, ?B/s][A[A2026-08-04 04:57:08,132 - INFO - HTTP Request: POST https://huggingface.co/datasets/unrulyabstractions/temporal-awareness.git/info/lfs/objects/verify "HTTP/1.1 200 OK"




Upload 85 LFS files:  27%|██▋       | 23/85 [00:02<00:04, 12.46it/s][A[A[A[A




combined.png:   0%|          | 0.00/53.2k [00:00<?, ?B/s][A[A[A[A[Anoise_vs_denoise_per_component_layer.png:  62%|██████▏   | 721k/1.16M [00:00<00:00, 3.54MB/s]2026-08-04 04:57:08,180 - INFO - HTTP Request: PUT https://hf-hub-lfs-us-east-1.s3-accelerate.amazonaws.com/repos/ef/87/ef870e8dc8265ff802cde7e48a97a6727cc657365929f58754efc9d0b87852b3/d7e20a4595105334c628917c7d162d136dfc9719d3caed786c197069699c1570?X-Amz-Algorithm=AWS4-HMAC-SHA256&X-Amz-Content-Sha256=UNSIGNED-PAYLOAD&X-Amz-Credential=AKIA2JU7TKAQOYY2AAUF%2F20260804%2Fus-east-1%2Fs3%2Faws4_request&X-Amz-Date=20260804T045705Z&X-Amz-Expires=900&X-Amz-Signature=b6d5e41a16f734e9e21f5c1a0e28c3a8db115d97540e82a0e4014b37ce4cc152&X-Amz-SignedHeaders=host&x-amz-checksum-crc32=AAAAAA%3D%3D&x-amz-sdk-checksum-algorithm=CRC32&x-amz-storage-class=INTELLIGENT_TIERING&x-id=PutObject "HTTP/1.1 200 OK"
redundancy_gap.png: 100%|██████████| 94.2k/94.2k [00:00<00:00, 499kB/s]
2026-08-04 04:57:08,187 - INFO - HTTP Request: PUT https://hf-hub-lfs-us-east-1.s3-accelerate.amazonaws.com/repos/ef/87/ef870e8dc8265ff802cde7e48a97a6727cc657365929f58754efc9d0b87852b3/552ae29f5799869a0891177bd8675b74e31e9c7a1b064bc24dd5b51b98d8569b?X-Amz-Algorithm=AWS4-HMAC-SHA256&X-Amz-Content-Sha256=UNSIGNED-PAYLOAD&X-Amz-Credential=AKIA2JU7TKAQOYY2AAUF%2F20260804%2Fus-east-1%2Fs3%2Faws4_request&X-Amz-Date=20260804T045705Z&X-Amz-Expires=900&X-Amz-Signature=cf636f79883aa82e66c145132472c9515a6754d7f027580e47549bfedb9c46a1&X-Amz-SignedHeaders=host&x-amz-checksum-crc32=AAAAAA%3D%3D&x-amz-sdk-checksum-algorithm=CRC32&x-amz-storage-class=INTELLIGENT_TIERING&x-id=PutObject "HTTP/1.1 200 OK"
redundancy_gap_sorted.png: 100%|██████████| 84.8k/84.8k [00:00<00:00, 444kB/s]
noise_vs_denoise_per_component_layer.png:  96%|█████████▌| 1.11M/1.16M [00:00<00:00, 3.22MB/s]2026-08-04 04:57:08,315 - INFO - HTTP Request: PUT https://hf-hub-lfs-us-east-1.s3-accelerate.amazonaws.com/repos/ef/87/ef870e8dc8265ff802cde7e48a97a6727cc657365929f58754efc9d0b87852b3/90173713cb30a49f4459c79a957ca5e945d45e262dcd5a0189e1442c933feecf?X-Amz-Algorithm=AWS4-HMAC-SHA256&X-Amz-Content-Sha256=UNSIGNED-PAYLOAD&X-Amz-Credential=AKIA2JU7TKAQOYY2AAUF%2F20260804%2Fus-east-1%2Fs3%2Faws4_request&X-Amz-Date=20260804T045705Z&X-Amz-Expires=900&X-Amz-Signature=848e7b4f5a831f679510b0367db972549e779662fe96b27b0bdaed2115d164e3&X-Amz-SignedHeaders=host&x-amz-checksum-crc32=AAAAAA%3D%3D&x-amz-sdk-checksum-algorithm=CRC32&x-amz-storage-class=INTELLIGENT_TIERING&x-id=PutObject "HTTP/1.1 200 OK"
combined.png: 100%|██████████| 53.2k/53.2k [00:00<00:00, 292kB/s]
2026-08-04 04:57:08,332 - INFO - HTTP Request: POST https://huggingface.co/datasets/unrulyabstractions/temporal-awareness.git/info/lfs/objects/verify "HTTP/1.1 200 OK"

core.png:   0%|          | 0.00/274k [00:00<?, ?B/s][A2026-08-04 04:57:08,376 - INFO - HTTP Request: PUT https://hf-hub-lfs-us-east-1.s3-accelerate.amazonaws.com/repos/ef/87/ef870e8dc8265ff802cde7e48a97a6727cc657365929f58754efc9d0b87852b3/ace01ccb048e37214291dd01d4eb644cdd99f991615bb1111bfb2431732e4d8b?X-Amz-Algorithm=AWS4-HMAC-SHA256&X-Amz-Content-Sha256=UNSIGNED-PAYLOAD&X-Amz-Credential=AKIA2JU7TKAQOYY2AAUF%2F20260804%2Fus-east-1%2Fs3%2Faws4_request&X-Amz-Date=20260804T045705Z&X-Amz-Expires=900&X-Amz-Signature=6bbcfc8edadf53341c15fce6d1364f90d21aa192cf9af22b8c99d74a099da7ff&X-Amz-SignedHeaders=host&x-amz-checksum-crc32=AAAAAA%3D%3D&x-amz-sdk-checksum-algorithm=CRC32&x-amz-storage-class=INTELLIGENT_TIERING&x-id=PutObject "HTTP/1.1 200 OK"
information_flow_diagram.png: 100%|██████████| 151k/151k [00:00<00:00, 608kB/s]
2026-08-04 04:57:08,461 - INFO - HTTP Request: POST https://huggingface.co/datasets/unrulyabstractions/temporal-awareness.git/info/lfs/objects/verify "HTTP/1.1 200 OK"


fork.png:   0%|          | 0.00/309k [00:00<?, ?B/s][A[A2026-08-04 04:57:08,466 - INFO - HTTP Request: POST https://huggingface.co/datasets/unrulyabstractions/temporal-awareness.git/info/lfs/objects/verify "HTTP/1.1 200 OK"



logits.png:   0%|          | 0.00/383k [00:00<?, ?B/s][A[A[A2026-08-04 04:57:08,540 - INFO - HTTP Request: POST https://huggingface.co/datasets/unrulyabstractions/temporal-awareness.git/info/lfs/objects/verify "HTTP/1.1 200 OK"





probs.png:   0%|          | 0.00/281k [00:00<?, ?B/s][A[A[A[A[A


logits.png: 100%|██████████| 383k/383k [00:00<00:00, 3.56MB/s][A[A[A2026-08-04 04:57:08,619 - INFO - HTTP Request: PUT https://hf-hub-lfs-us-east-1.s3-accelerate.amazonaws.com/repos/ef/87/ef870e8dc8265ff802cde7e48a97a6727cc657365929f58754efc9d0b87852b3/e29b8a341d4637ccbfb04138e89eeb47de0ae4a253ee99118f5d22f47db627e2?X-Amz-Algorithm=AWS4-HMAC-SHA256&X-Amz-Content-Sha256=UNSIGNED-PAYLOAD&X-Amz-Credential=AKIA2JU7TKAQOYY2AAUF%2F20260804%2Fus-east-1%2Fs3%2Faws4_request&X-Amz-Date=20260804T045705Z&X-Amz-Expires=900&X-Amz-Signature=3bf78ef1faf0c20d2eb763504113d6a5f755e83a48c175caddc133533cd54498&X-Amz-SignedHeaders=host&x-amz-checksum-crc32=AAAAAA%3D%3D&x-amz-sdk-checksum-algorithm=CRC32&x-amz-storage-class=INTELLIGENT_TIERING&x-id=PutObject "HTTP/1.1 200 OK"
core.png: 100%|██████████| 274k/274k [00:00<00:00, 956kB/s]
2026-08-04 04:57:08,732 - INFO - HTTP Request: POST https://huggingface.co/datasets/unrulyabstractions/temporal-awareness.git/info/lfs/objects/verify "HTTP/1.1 200 OK"

trajectory.png:   0%|          | 0.00/249k [00:00<?, ?B/s][A2026-08-04 04:57:08,803 - INFO - HTTP Request: PUT https://hf-hub-lfs-us-east-1.s3-accelerate.amazonaws.com/repos/ef/87/ef870e8dc8265ff802cde7e48a97a6727cc657365929f58754efc9d0b87852b3/5e721c72c3356b25b409b347c50040751454773f35af271238da806e5fabbb12?X-Amz-Algorithm=AWS4-HMAC-SHA256&X-Amz-Content-Sha256=UNSIGNED-PAYLOAD&X-Amz-Credential=AKIA2JU7TKAQOYY2AAUF%2F20260804%2Fus-east-1%2Fs3%2Faws4_request&X-Amz-Date=20260804T045705Z&X-Amz-Expires=900&X-Amz-Signature=d0410d281815c79378e7d0eaa90103bd8b7fd5d48ce78d164fb5f367303603e9&X-Amz-SignedHeaders=host&x-amz-checksum-crc32=AAAAAA%3D%3D&x-amz-sdk-checksum-algorithm=CRC32&x-amz-storage-class=INTELLIGENT_TIERING&x-id=PutObject "HTTP/1.1 200 OK"
logits.png: 100%|██████████| 383k/383k [00:00<00:00, 1.14MB/s]
2026-08-04 04:57:08,814 - INFO - HTTP Request: PUT https://hf-hub-lfs-us-east-1.s3-accelerate.amazonaws.com/repos/ef/87/ef870e8dc8265ff802cde7e48a97a6727cc657365929f58754efc9d0b87852b3/8ecb94f55f09c636ae4d9e5d76c7f981070bba0467b59c51441259aec747d885?X-Amz-Algorithm=AWS4-HMAC-SHA256&X-Amz-Content-Sha256=UNSIGNED-PAYLOAD&X-Amz-Credential=AKIA2JU7TKAQOYY2AAUF%2F20260804%2Fus-east-1%2Fs3%2Faws4_request&X-Amz-Date=20260804T045705Z&X-Amz-Expires=900&X-Amz-Signature=3d4b609712c0501cd8a9f4bb08141b443993c4b86b57eefb58b159f6b98e6154&X-Amz-SignedHeaders=host&x-amz-checksum-crc32=AAAAAA%3D%3D&x-amz-sdk-checksum-algorithm=CRC32&x-amz-storage-class=INTELLIGENT_TIERING&x-id=PutObject "HTTP/1.1 200 OK"
noise_vs_denoise_per_component_layer.png: 100%|██████████| 1.16M/1.16M [00:00<00:00, 1.34MB/s]
2026-08-04 04:57:08,831 - INFO - HTTP Request: PUT https://hf-hub-lfs-us-east-1.s3-accelerate.amazonaws.com/repos/ef/87/ef870e8dc8265ff802cde7e48a97a6727cc657365929f58754efc9d0b87852b3/67cc9ca08edd101a9ffdb737e3139ed23c703f0c730ba2c3a4ec45141cd1c86a?X-Amz-Algorithm=AWS4-HMAC-SHA256&X-Amz-Content-Sha256=UNSIGNED-PAYLOAD&X-Amz-Credential=AKIA2JU7TKAQOYY2AAUF%2F20260804%2Fus-east-1%2Fs3%2Faws4_request&X-Amz-Date=20260804T045705Z&X-Amz-Expires=900&X-Amz-Signature=d3d8cf155cf9837331135d7bbeca5bc32e4d06fafb8dafd2e8f510ac00771b00&X-Amz-SignedHeaders=host&x-amz-checksum-crc32=AAAAAA%3D%3D&x-amz-sdk-checksum-algorithm=CRC32&x-amz-storage-class=INTELLIGENT_TIERING&x-id=PutObject "HTTP/1.1 200 OK"
fork.png: 100%|██████████| 309k/309k [00:00<00:00, 836kB/s]
2026-08-04 04:57:08,878 - INFO - HTTP Request: PUT https://hf-hub-lfs-us-east-1.s3-accelerate.amazonaws.com/repos/ef/87/ef870e8dc8265ff802cde7e48a97a6727cc657365929f58754efc9d0b87852b3/271630341c11d23015d48a9db312e3a23e502a93086e50e35000bd9c482a2ccf?X-Amz-Algorithm=AWS4-HMAC-SHA256&X-Amz-Content-Sha256=UNSIGNED-PAYLOAD&X-Amz-Credential=AKIA2JU7TKAQOYY2AAUF%2F20260804%2Fus-east-1%2Fs3%2Faws4_request&X-Amz-Date=20260804T045705Z&X-Amz-Expires=900&X-Amz-Signature=c51552a4e1a50b36a52856e9fc2f57204ebf69a84aba9765806aa7834d751d08&X-Amz-SignedHeaders=host&x-amz-checksum-crc32=AAAAAA%3D%3D&x-amz-sdk-checksum-algorithm=CRC32&x-amz-storage-class=INTELLIGENT_TIERING&x-id=PutObject "HTTP/1.1 200 OK"
probs.png: 100%|██████████| 281k/281k [00:00<00:00, 834kB/s]
2026-08-04 04:57:08,944 - INFO - HTTP Request: POST https://huggingface.co/datasets/unrulyabstractions/temporal-awareness.git/info/lfs/objects/verify "HTTP/1.1 200 OK"
vocab.png:   0%|          | 0.00/316k [00:00<?, ?B/s]2026-08-04 04:57:08,954 - INFO - HTTP Request: POST https://huggingface.co/datasets/unrulyabstractions/temporal-awareness.git/info/lfs/objects/verify "HTTP/1.1 200 OK"


combined.png:   0%|          | 0.00/53.1k [00:00<?, ?B/s][A[A2026-08-04 04:57:08,975 - INFO - HTTP Request: POST https://huggingface.co/datasets/unrulyabstractions/temporal-awareness.git/info/lfs/objects/verify "HTTP/1.1 200 OK"




Upload 85 LFS files:  29%|██▉       | 25/85 [00:03<00:10,  5.73it/s][A[A[A[A


core.png:   0%|          | 0.00/235k [00:00<?, ?B/s][A[A[A2026-08-04 04:57:08,992 - INFO - HTTP Request: PUT https://hf-hub-lfs-us-east-1.s3-accelerate.amazonaws.com/repos/ef/87/ef870e8dc8265ff802cde7e48a97a6727cc657365929f58754efc9d0b87852b3/f573f0276acfc2ebb417ffabca261d2b216d74614ca06e59340a203cca7d7a20?X-Amz-Algorithm=AWS4-HMAC-SHA256&X-Amz-Content-Sha256=UNSIGNED-PAYLOAD&X-Amz-Credential=AKIA2JU7TKAQOYY2AAUF%2F20260804%2Fus-east-1%2Fs3%2Faws4_request&X-Amz-Date=20260804T045705Z&X-Amz-Expires=900&X-Amz-Signature=252c92ce26e9dd9169ccb5e643143bd7dba3f97743e75addf86afb83e66bd773&X-Amz-SignedHeaders=host&x-amz-checksum-crc32=AAAAAA%3D%3D&x-amz-sdk-checksum-algorithm=CRC32&x-amz-storage-class=INTELLIGENT_TIERING&x-id=PutObject "HTTP/1.1 200 OK"
trajectory.png: 100%|██████████| 249k/249k [00:00<00:00, 959kB/s]
2026-08-04 04:57:09,045 - INFO - HTTP Request: POST https://huggingface.co/datasets/unrulyabstractions/temporal-awareness.git/info/lfs/objects/verify "HTTP/1.1 200 OK"

fork.png:   0%|          | 0.00/284k [00:00<?, ?B/s][A2026-08-04 04:57:09,143 - INFO - HTTP Request: POST https://huggingface.co/datasets/unrulyabstractions/temporal-awareness.git/info/lfs/objects/verify "HTTP/1.1 200 OK"




Upload 85 LFS files:  40%|████      | 34/85 [00:03<00:03, 13.37it/s][A[A[A[A




logits.png:   0%|          | 0.00/429k [00:00<?, ?B/s][A[A[A[A[A2026-08-04 04:57:09,161 - INFO - HTTP Request: PUT https://hf-hub-lfs-us-east-1.s3-accelerate.amazonaws.com/repos/ef/87/ef870e8dc8265ff802cde7e48a97a6727cc657365929f58754efc9d0b87852b3/356ee7d67cc2d0989856f7eed696ba1868f804de63e44cb93fd7aa4ccf909adb?X-Amz-Algorithm=AWS4-HMAC-SHA256&X-Amz-Content-Sha256=UNSIGNED-PAYLOAD&X-Amz-Credential=AKIA2JU7TKAQOYY2AAUF%2F20260804%2Fus-east-1%2Fs3%2Faws4_request&X-Amz-Date=20260804T045705Z&X-Amz-Expires=900&X-Amz-Signature=da80bcac2f2f382422f4373da303857cdc2d7927b4a57eb9b49dfd83ec8206c8&X-Amz-SignedHeaders=host&x-amz-checksum-crc32=AAAAAA%3D%3D&x-amz-sdk-checksum-algorithm=CRC32&x-amz-storage-class=INTELLIGENT_TIERING&x-id=PutObject "HTTP/1.1 200 OK"
combined.png: 100%|██████████| 53.1k/53.1k [00:00<00:00, 256kB/s]





logits.png: 100%|██████████| 429k/429k [00:00<00:00, 3.92MB/s][A[A[A[A[A2026-08-04 04:57:09,277 - INFO - HTTP Request: POST https://huggingface.co/datasets/unrulyabstractions/temporal-awareness.git/info/lfs/objects/verify "HTTP/1.1 200 OK"


probs.png:   0%|          | 0.00/314k [00:00<?, ?B/s][A[A2026-08-04 04:57:09,300 - INFO - HTTP Request: PUT https://hf-hub-lfs-us-east-1.s3-accelerate.amazonaws.com/repos/ef/87/ef870e8dc8265ff802cde7e48a97a6727cc657365929f58754efc9d0b87852b3/7e5d3a2c2444f3b4668b0f1f250ab7776754eff76e5e6554965428506a860ae6?X-Amz-Algorithm=AWS4-HMAC-SHA256&X-Amz-Content-Sha256=UNSIGNED-PAYLOAD&X-Amz-Credential=AKIA2JU7TKAQOYY2AAUF%2F20260804%2Fus-east-1%2Fs3%2Faws4_request&X-Amz-Date=20260804T045705Z&X-Amz-Expires=900&X-Amz-Signature=0ff3a2e473b1dfb2eefe727d3dc17f2b29529a6e274f54405c85bc6f426d2f0c&X-Amz-SignedHeaders=host&x-amz-checksum-crc32=AAAAAA%3D%3D&x-amz-sdk-checksum-algorithm=CRC32&x-amz-storage-class=INTELLIGENT_TIERING&x-id=PutObject "HTTP/1.1 200 OK"
core.png: 100%|██████████| 235k/235k [00:00<00:00, 724kB/s]
2026-08-04 04:57:09,307 - INFO - HTTP Request: PUT https://hf-hub-lfs-us-east-1.s3-accelerate.amazonaws.com/repos/ef/87/ef870e8dc8265ff802cde7e48a97a6727cc657365929f58754efc9d0b87852b3/740f4bedbd9593ad9503e272391b32d2c40b493701d9b2579f28cb94db300330?X-Amz-Algorithm=AWS4-HMAC-SHA256&X-Amz-Content-Sha256=UNSIGNED-PAYLOAD&X-Amz-Credential=AKIA2JU7TKAQOYY2AAUF%2F20260804%2Fus-east-1%2Fs3%2Faws4_request&X-Amz-Date=20260804T045705Z&X-Amz-Expires=900&X-Amz-Signature=7b453c28e03430c15015a0a79cc84889cb7ef6e7cf8ad24e76b40ccce33311e7&X-Amz-SignedHeaders=host&x-amz-checksum-crc32=AAAAAA%3D%3D&x-amz-sdk-checksum-algorithm=CRC32&x-amz-storage-class=INTELLIGENT_TIERING&x-id=PutObject "HTTP/1.1 200 OK"
vocab.png: 100%|██████████| 316k/316k [00:00<00:00, 873kB/s]
2026-08-04 04:57:09,316 - INFO - HTTP Request: PUT https://hf-hub-lfs-us-east-1.s3-accelerate.amazonaws.com/repos/ef/87/ef870e8dc8265ff802cde7e48a97a6727cc657365929f58754efc9d0b87852b3/985b4d7d51eb73d86d2c106e1293c2abc1f7ed6554d4f34274874d26108c52d8?X-Amz-Algorithm=AWS4-HMAC-SHA256&X-Amz-Content-Sha256=UNSIGNED-PAYLOAD&X-Amz-Credential=AKIA2JU7TKAQOYY2AAUF%2F20260804%2Fus-east-1%2Fs3%2Faws4_request&X-Amz-Date=20260804T045705Z&X-Amz-Expires=900&X-Amz-Signature=40be419ec769ff2030048ad3d3db7524df602b58c05876f1996753765a54f90c&X-Amz-SignedHeaders=host&x-amz-checksum-crc32=AAAAAA%3D%3D&x-amz-sdk-checksum-algorithm=CRC32&x-amz-storage-class=INTELLIGENT_TIERING&x-id=PutObject "HTTP/1.1 200 OK"
fork.png: 100%|██████████| 284k/284k [00:00<00:00, 1.05MB/s]
2026-08-04 04:57:09,374 - INFO - HTTP Request: POST https://huggingface.co/datasets/unrulyabstractions/temporal-awareness.git/info/lfs/objects/verify "HTTP/1.1 200 OK"
trajectory.png:   0%|          | 0.00/299k [00:00<?, ?B/s]2026-08-04 04:57:09,377 - INFO - HTTP Request: POST https://huggingface.co/datasets/unrulyabstractions/temporal-awareness.git/info/lfs/objects/verify "HTTP/1.1 200 OK"




Upload 85 LFS files:  44%|████▎     | 37/85 [00:03<00:03, 13.23it/s][A[A[A[A
vocab.png:   0%|          | 0.00/290k [00:00<?, ?B/s][A2026-08-04 04:57:09,394 - INFO - HTTP Request: POST https://huggingface.co/datasets/unrulyabstractions/temporal-awareness.git/info/lfs/objects/verify "HTTP/1.1 200 OK"



combined.png:   0%|          | 0.00/54.4k [00:00<?, ?B/s][A[A[A2026-08-04 04:57:09,502 - INFO - HTTP Request: PUT https://hf-hub-lfs-us-east-1.s3-accelerate.amazonaws.com/repos/ef/87/ef870e8dc8265ff802cde7e48a97a6727cc657365929f58754efc9d0b87852b3/a2abadff01cd0c31fa5b51cf058cf62fc2011a45fda87cf528fbd690960f4bd6?X-Amz-Algorithm=AWS4-HMAC-SHA256&X-Amz-Content-Sha256=UNSIGNED-PAYLOAD&X-Amz-Credential=AKIA2JU7TKAQOYY2AAUF%2F20260804%2Fus-east-1%2Fs3%2Faws4_request&X-Amz-Date=20260804T045705Z&X-Amz-Expires=900&X-Amz-Signature=8814057a0abc81f137b056c54d3510246c5caca231dfd4c5491cff6651f6aa2a&X-Amz-SignedHeaders=host&x-amz-checksum-crc32=AAAAAA%3D%3D&x-amz-sdk-checksum-algorithm=CRC32&x-amz-storage-class=INTELLIGENT_TIERING&x-id=PutObject "HTTP/1.1 200 OK"
probs.png: 100%|██████████| 314k/314k [00:00<00:00, 1.39MB/s]
2026-08-04 04:57:09,508 - INFO - HTTP Request: PUT https://hf-hub-lfs-us-east-1.s3-accelerate.amazonaws.com/repos/ef/87/ef870e8dc8265ff802cde7e48a97a6727cc657365929f58754efc9d0b87852b3/5fed3253fa735edf86439ee700eb1c2417d24c70b7d425d9ae427edabbb7dcd8?X-Amz-Algorithm=AWS4-HMAC-SHA256&X-Amz-Content-Sha256=UNSIGNED-PAYLOAD&X-Amz-Credential=AKIA2JU7TKAQOYY2AAUF%2F20260804%2Fus-east-1%2Fs3%2Faws4_request&X-Amz-Date=20260804T045705Z&X-Amz-Expires=900&X-Amz-Signature=583a662cec6d01f4d183beef8f0e1a876df16cd51ee04e6b68da16d18e06abe0&X-Amz-SignedHeaders=host&x-amz-checksum-crc32=AAAAAA%3D%3D&x-amz-sdk-checksum-algorithm=CRC32&x-amz-storage-class=INTELLIGENT_TIERING&x-id=PutObject "HTTP/1.1 200 OK"
logits.png: 100%|██████████| 429k/429k [00:00<00:00, 1.18MB/s]
2026-08-04 04:57:09,513 - INFO - HTTP Request: PUT https://hf-hub-lfs-us-east-1.s3-accelerate.amazonaws.com/repos/ef/87/ef870e8dc8265ff802cde7e48a97a6727cc657365929f58754efc9d0b87852b3/07d293878b71af5b16985c1817ceb221f154be9731886b2ea827a1760bff983c?X-Amz-Algorithm=AWS4-HMAC-SHA256&X-Amz-Content-Sha256=UNSIGNED-PAYLOAD&X-Amz-Credential=AKIA2JU7TKAQOYY2AAUF%2F20260804%2Fus-east-1%2Fs3%2Faws4_request&X-Amz-Date=20260804T045705Z&X-Amz-Expires=900&X-Amz-Signature=ec005e0713ec049d8a4553973d17b63aab2083b22a923499b452dcf91629551a&X-Amz-SignedHeaders=host&x-amz-checksum-crc32=AAAAAA%3D%3D&x-amz-sdk-checksum-algorithm=CRC32&x-amz-storage-class=INTELLIGENT_TIERING&x-id=PutObject "HTTP/1.1 200 OK"
vocab.png: 100%|██████████| 290k/290k [00:00<00:00, 2.15MB/s]
2026-08-04 04:57:09,547 - INFO - HTTP Request: PUT https://hf-hub-lfs-us-east-1.s3-accelerate.amazonaws.com/repos/ef/87/ef870e8dc8265ff802cde7e48a97a6727cc657365929f58754efc9d0b87852b3/5322b31988816d835e0aff17566241c604021687830157da82c931a44e9e6155?X-Amz-Algorithm=AWS4-HMAC-SHA256&X-Amz-Content-Sha256=UNSIGNED-PAYLOAD&X-Amz-Credential=AKIA2JU7TKAQOYY2AAUF%2F20260804%2Fus-east-1%2Fs3%2Faws4_request&X-Amz-Date=20260804T045705Z&X-Amz-Expires=900&X-Amz-Signature=a3f437ac5528954c5a50126dffaf59faf3cb497df4a92317c298eac4f65d01bb&X-Amz-SignedHeaders=host&x-amz-checksum-crc32=AAAAAA%3D%3D&x-amz-sdk-checksum-algorithm=CRC32&x-amz-storage-class=INTELLIGENT_TIERING&x-id=PutObject "HTTP/1.1 200 OK"
trajectory.png: 100%|██████████| 299k/299k [00:00<00:00, 1.73MB/s]
2026-08-04 04:57:09,598 - INFO - HTTP Request: PUT https://hf-hub-lfs-us-east-1.s3-accelerate.amazonaws.com/repos/ef/87/ef870e8dc8265ff802cde7e48a97a6727cc657365929f58754efc9d0b87852b3/62790ae284f1e79137e26439a3f72819bbc74651ebe2a0b91d11a6c2dc56bd3d?X-Amz-Algorithm=AWS4-HMAC-SHA256&X-Amz-Content-Sha256=UNSIGNED-PAYLOAD&X-Amz-Credential=AKIA2JU7TKAQOYY2AAUF%2F20260804%2Fus-east-1%2Fs3%2Faws4_request&X-Amz-Date=20260804T045705Z&X-Amz-Expires=900&X-Amz-Signature=46a5d15dc23059b565eb4ff48004de16ad5bfcf363baa68c4c8895ef0bb0e69d&X-Amz-SignedHeaders=host&x-amz-checksum-crc32=AAAAAA%3D%3D&x-amz-sdk-checksum-algorithm=CRC32&x-amz-storage-class=INTELLIGENT_TIERING&x-id=PutObject "HTTP/1.1 200 OK"
combined.png: 100%|██████████| 54.4k/54.4k [00:00<00:00, 267kB/s]
2026-08-04 04:57:09,610 - INFO - HTTP Request: POST https://huggingface.co/datasets/unrulyabstractions/temporal-awareness.git/info/lfs/objects/verify "HTTP/1.1 200 OK"
core.png:   0%|          | 0.00/180k [00:00<?, ?B/s]2026-08-04 04:57:09,625 - INFO - HTTP Request: POST https://huggingface.co/datasets/unrulyabstractions/temporal-awareness.git/info/lfs/objects/verify "HTTP/1.1 200 OK"
2026-08-04 04:57:09,626 - INFO - HTTP Request: POST https://huggingface.co/datasets/unrulyabstractions/temporal-awareness.git/info/lfs/objects/verify "HTTP/1.1 200 OK"




Upload 85 LFS files:  47%|████▋     | 40/85 [00:03<00:03, 12.91it/s][A[A[A[A
fork.png:   0%|          | 0.00/222k [00:00<?, ?B/s][A

logits.png:   0%|          | 0.00/252k [00:00<?, ?B/s][A[A2026-08-04 04:57:09,649 - INFO - HTTP Request: POST https://huggingface.co/datasets/unrulyabstractions/temporal-awareness.git/info/lfs/objects/verify "HTTP/1.1 200 OK"



probs.png:   0%|          | 0.00/195k [00:00<?, ?B/s][A[A[A2026-08-04 04:57:09,672 - INFO - HTTP Request: POST https://huggingface.co/datasets/unrulyabstractions/temporal-awareness.git/info/lfs/objects/verify "HTTP/1.1 200 OK"





trajectory.png:   0%|          | 0.00/210k [00:00<?, ?B/s][A[A[A[A[A2026-08-04 04:57:09,764 - INFO - HTTP Request: PUT https://hf-hub-lfs-us-east-1.s3-accelerate.amazonaws.com/repos/ef/87/ef870e8dc8265ff802cde7e48a97a6727cc657365929f58754efc9d0b87852b3/21d1551fbf04caa29c90543a9a5e09a45d91ca91625d7801d746fb4a9414127f?X-Amz-Algorithm=AWS4-HMAC-SHA256&X-Amz-Content-Sha256=UNSIGNED-PAYLOAD&X-Amz-Credential=AKIA2JU7TKAQOYY2AAUF%2F20260804%2Fus-east-1%2Fs3%2Faws4_request&X-Amz-Date=20260804T045705Z&X-Amz-Expires=900&X-Amz-Signature=780409dd6a438e421ad7a3bdc5401633657edbb949e539c1423ac5a0f7d00bc7&X-Amz-SignedHeaders=host&x-amz-checksum-crc32=AAAAAA%3D%3D&x-amz-sdk-checksum-algorithm=CRC32&x-amz-storage-class=INTELLIGENT_TIERING&x-id=PutObject "HTTP/1.1 200 OK"
fork.png: 100%|██████████| 222k/222k [00:00<00:00, 1.62MB/s]
2026-08-04 04:57:09,789 - INFO - HTTP Request: PUT https://hf-hub-lfs-us-east-1.s3-accelerate.amazonaws.com/repos/ef/87/ef870e8dc8265ff802cde7e48a97a6727cc657365929f58754efc9d0b87852b3/4a020d939fc0fda26069df3c54286c486567ed6d952e28428f9ac86347142eb0?X-Amz-Algorithm=AWS4-HMAC-SHA256&X-Amz-Content-Sha256=UNSIGNED-PAYLOAD&X-Amz-Credential=AKIA2JU7TKAQOYY2AAUF%2F20260804%2Fus-east-1%2Fs3%2Faws4_request&X-Amz-Date=20260804T045705Z&X-Amz-Expires=900&X-Amz-Signature=6cc05ca8fdd2077c8757a5f269d2d09ca1cbc17ad8b4c4a837d7cd4ab2bdf203&X-Amz-SignedHeaders=host&x-amz-checksum-crc32=AAAAAA%3D%3D&x-amz-sdk-checksum-algorithm=CRC32&x-amz-storage-class=INTELLIGENT_TIERING&x-id=PutObject "HTTP/1.1 200 OK"
core.png: 100%|██████████| 180k/180k [00:00<00:00, 1.01MB/s]
2026-08-04 04:57:09,799 - INFO - HTTP Request: PUT https://hf-hub-lfs-us-east-1.s3-accelerate.amazonaws.com/repos/ef/87/ef870e8dc8265ff802cde7e48a97a6727cc657365929f58754efc9d0b87852b3/ff281bbf62480fec7023236ad9d95336d3eb31c554adac10bec725502846b2d5?X-Amz-Algorithm=AWS4-HMAC-SHA256&X-Amz-Content-Sha256=UNSIGNED-PAYLOAD&X-Amz-Credential=AKIA2JU7TKAQOYY2AAUF%2F20260804%2Fus-east-1%2Fs3%2Faws4_request&X-Amz-Date=20260804T045705Z&X-Amz-Expires=900&X-Amz-Signature=b73384f68c5be3d9deffe36f2183d0c7e0c28f5cca7bc81c751f5f467a64040e&X-Amz-SignedHeaders=host&x-amz-checksum-crc32=AAAAAA%3D%3D&x-amz-sdk-checksum-algorithm=CRC32&x-amz-storage-class=INTELLIGENT_TIERING&x-id=PutObject "HTTP/1.1 200 OK"
logits.png: 100%|██████████| 252k/252k [00:00<00:00, 1.48MB/s]
2026-08-04 04:57:09,820 - INFO - HTTP Request: PUT https://hf-hub-lfs-us-east-1.s3-accelerate.amazonaws.com/repos/ef/87/ef870e8dc8265ff802cde7e48a97a6727cc657365929f58754efc9d0b87852b3/4847bfa071d6ae91965508993d561bb9ca780de74ad254a53603be4b9795fc46?X-Amz-Algorithm=AWS4-HMAC-SHA256&X-Amz-Content-Sha256=UNSIGNED-PAYLOAD&X-Amz-Credential=AKIA2JU7TKAQOYY2AAUF%2F20260804%2Fus-east-1%2Fs3%2Faws4_request&X-Amz-Date=20260804T045705Z&X-Amz-Expires=900&X-Amz-Signature=6a119ddb32657025a09e9fd77b1ac108360eb423a0a069f5d249870fb1797f08&X-Amz-SignedHeaders=host&x-amz-checksum-crc32=AAAAAA%3D%3D&x-amz-sdk-checksum-algorithm=CRC32&x-amz-storage-class=INTELLIGENT_TIERING&x-id=PutObject "HTTP/1.1 200 OK"
probs.png: 100%|██████████| 195k/195k [00:00<00:00, 1.14MB/s]
2026-08-04 04:57:09,883 - INFO - HTTP Request: POST https://huggingface.co/datasets/unrulyabstractions/temporal-awareness.git/info/lfs/objects/verify "HTTP/1.1 200 OK"
vocab.png:   0%|          | 0.00/229k [00:00<?, ?B/s]2026-08-04 04:57:09,887 - INFO - HTTP Request: POST https://huggingface.co/datasets/unrulyabstractions/temporal-awareness.git/info/lfs/objects/verify "HTTP/1.1 200 OK"

combined.png:   0%|          | 0.00/54.2k [00:00<?, ?B/s][A2026-08-04 04:57:09,891 - INFO - HTTP Request: PUT https://hf-hub-lfs-us-east-1.s3-accelerate.amazonaws.com/repos/ef/87/ef870e8dc8265ff802cde7e48a97a6727cc657365929f58754efc9d0b87852b3/1ee0fa59f3107f30ae7e140d4a093e297b849ffd7dcaecc7c90417fd2b63c865?X-Amz-Algorithm=AWS4-HMAC-SHA256&X-Amz-Content-Sha256=UNSIGNED-PAYLOAD&X-Amz-Credential=AKIA2JU7TKAQOYY2AAUF%2F20260804%2Fus-east-1%2Fs3%2Faws4_request&X-Amz-Date=20260804T045705Z&X-Amz-Expires=900&X-Amz-Signature=c263c627ad752785b71cc03cd3400c816adadf7f7304f05f882abce9ae5f5caa&X-Amz-SignedHeaders=host&x-amz-checksum-crc32=AAAAAA%3D%3D&x-amz-sdk-checksum-algorithm=CRC32&x-amz-storage-class=INTELLIGENT_TIERING&x-id=PutObject "HTTP/1.1 200 OK"
trajectory.png: 100%|██████████| 210k/210k [00:00<00:00, 961kB/s]
2026-08-04 04:57:09,895 - INFO - HTTP Request: POST https://huggingface.co/datasets/unrulyabstractions/temporal-awareness.git/info/lfs/objects/verify "HTTP/1.1 200 OK"


core.png:   0%|          | 0.00/168k [00:00<?, ?B/s][A[A2026-08-04 04:57:09,921 - INFO - HTTP Request: POST https://huggingface.co/datasets/unrulyabstractions/temporal-awareness.git/info/lfs/objects/verify "HTTP/1.1 200 OK"




Upload 85 LFS files:  52%|█████▏    | 44/85 [00:04<00:03, 13.11it/s][A[A[A[A


fork.png:   0%|          | 0.00/209k [00:00<?, ?B/s][A[A[A2026-08-04 04:57:10,007 - INFO - HTTP Request: POST https://huggingface.co/datasets/unrulyabstractions/temporal-awareness.git/info/lfs/objects/verify "HTTP/1.1 200 OK"





logits.png:   0%|          | 0.00/260k [00:00<?, ?B/s][A[A[A[A[A2026-08-04 04:57:10,043 - INFO - HTTP Request: PUT https://hf-hub-lfs-us-east-1.s3-accelerate.amazonaws.com/repos/ef/87/ef870e8dc8265ff802cde7e48a97a6727cc657365929f58754efc9d0b87852b3/52c196829fe288a7d66b853ed231a70c2279edb0898407edee8cb083a79d265d?X-Amz-Algorithm=AWS4-HMAC-SHA256&X-Amz-Content-Sha256=UNSIGNED-PAYLOAD&X-Amz-Credential=AKIA2JU7TKAQOYY2AAUF%2F20260804%2Fus-east-1%2Fs3%2Faws4_request&X-Amz-Date=20260804T045705Z&X-Amz-Expires=900&X-Amz-Signature=536b52d26c22aed941b437b051d8ff4471897fbbb99f68782009d8e7dea9fa70&X-Amz-SignedHeaders=host&x-amz-checksum-crc32=AAAAAA%3D%3D&x-amz-sdk-checksum-algorithm=CRC32&x-amz-storage-class=INTELLIGENT_TIERING&x-id=PutObject "HTTP/1.1 200 OK"
combined.png: 100%|██████████| 54.2k/54.2k [00:00<00:00, 347kB/s]
2026-08-04 04:57:10,067 - INFO - HTTP Request: PUT https://hf-hub-lfs-us-east-1.s3-accelerate.amazonaws.com/repos/ef/87/ef870e8dc8265ff802cde7e48a97a6727cc657365929f58754efc9d0b87852b3/25d05173c669e08ccefc971828f94932e05db1cd82fd88989de178887bc5cdaf?X-Amz-Algorithm=AWS4-HMAC-SHA256&X-Amz-Content-Sha256=UNSIGNED-PAYLOAD&X-Amz-Credential=AKIA2JU7TKAQOYY2AAUF%2F20260804%2Fus-east-1%2Fs3%2Faws4_request&X-Amz-Date=20260804T045705Z&X-Amz-Expires=900&X-Amz-Signature=9d48eb9cd2ddea78c5de2d570ea143656d8728ed4b0d333fc9ed1e16a54423c7&X-Amz-SignedHeaders=host&x-amz-checksum-crc32=AAAAAA%3D%3D&x-amz-sdk-checksum-algorithm=CRC32&x-amz-storage-class=INTELLIGENT_TIERING&x-id=PutObject "HTTP/1.1 200 OK"
fork.png: 100%|██████████| 209k/209k [00:00<00:00, 1.44MB/s]
2026-08-04 04:57:10,081 - INFO - HTTP Request: PUT https://hf-hub-lfs-us-east-1.s3-accelerate.amazonaws.com/repos/ef/87/ef870e8dc8265ff802cde7e48a97a6727cc657365929f58754efc9d0b87852b3/163d7203045fa509136a65c30caa7d52ebaa6097788dd4e021e89e79f4eb6e5d?X-Amz-Algorithm=AWS4-HMAC-SHA256&X-Amz-Content-Sha256=UNSIGNED-PAYLOAD&X-Amz-Credential=AKIA2JU7TKAQOYY2AAUF%2F20260804%2Fus-east-1%2Fs3%2Faws4_request&X-Amz-Date=20260804T045705Z&X-Amz-Expires=900&X-Amz-Signature=9e10363c6e692db46247212bb4a117b9d81c21c095c1180808d1dbab106265d6&X-Amz-SignedHeaders=host&x-amz-checksum-crc32=AAAAAA%3D%3D&x-amz-sdk-checksum-algorithm=CRC32&x-amz-storage-class=INTELLIGENT_TIERING&x-id=PutObject "HTTP/1.1 200 OK"
vocab.png: 100%|██████████| 229k/229k [00:00<00:00, 1.16MB/s]
2026-08-04 04:57:10,086 - INFO - HTTP Request: PUT https://hf-hub-lfs-us-east-1.s3-accelerate.amazonaws.com/repos/ef/87/ef870e8dc8265ff802cde7e48a97a6727cc657365929f58754efc9d0b87852b3/d865dafc0a35d532f7877288c9d3ce1f204a2ebe02af5d9e84ac5ae00b7ec770?X-Amz-Algorithm=AWS4-HMAC-SHA256&X-Amz-Content-Sha256=UNSIGNED-PAYLOAD&X-Amz-Credential=AKIA2JU7TKAQOYY2AAUF%2F20260804%2Fus-east-1%2Fs3%2Faws4_request&X-Amz-Date=20260804T045705Z&X-Amz-Expires=900&X-Amz-Signature=a347762152e2c2a4643ef7624d19818fa7a892d421ecd035a0499d5af23069f0&X-Amz-SignedHeaders=host&x-amz-checksum-crc32=AAAAAA%3D%3D&x-amz-sdk-checksum-algorithm=CRC32&x-amz-storage-class=INTELLIGENT_TIERING&x-id=PutObject "HTTP/1.1 200 OK"
core.png: 100%|██████████| 168k/168k [00:00<00:00, 888kB/s]
2026-08-04 04:57:10,176 - INFO - HTTP Request: POST https://huggingface.co/datasets/unrulyabstractions/temporal-awareness.git/info/lfs/objects/verify "HTTP/1.1 200 OK"
probs.png:   0%|          | 0.00/193k [00:00<?, ?B/s]2026-08-04 04:57:10,197 - INFO - HTTP Request: POST https://huggingface.co/datasets/unrulyabstractions/temporal-awareness.git/info/lfs/objects/verify "HTTP/1.1 200 OK"

trajectory.png:   0%|          | 0.00/207k [00:00<?, ?B/s][A2026-08-04 04:57:10,199 - INFO - HTTP Request: POST https://huggingface.co/datasets/unrulyabstractions/temporal-awareness.git/info/lfs/objects/verify "HTTP/1.1 200 OK"




Upload 85 LFS files:  58%|█████▊    | 49/85 [00:04<00:02, 14.56it/s][A[A[A[A

vocab.png:   0%|          | 0.00/217k [00:00<?, ?B/s][A[A2026-08-04 04:57:10,210 - INFO - HTTP Request: PUT https://hf-hub-lfs-us-east-1.s3-accelerate.amazonaws.com/repos/ef/87/ef870e8dc8265ff802cde7e48a97a6727cc657365929f58754efc9d0b87852b3/f4c70054b4f97056752e7517fb44b5983ad3bbcf3d4d25baa4db91d2c4d00420?X-Amz-Algorithm=AWS4-HMAC-SHA256&X-Amz-Content-Sha256=UNSIGNED-PAYLOAD&X-Amz-Credential=AKIA2JU7TKAQOYY2AAUF%2F20260804%2Fus-east-1%2Fs3%2Faws4_request&X-Amz-Date=20260804T045705Z&X-Amz-Expires=900&X-Amz-Signature=0470de315ada6061fa3152bb1237fafa8f26d5012a7b65fa80e93e46206c239d&X-Amz-SignedHeaders=host&x-amz-checksum-crc32=AAAAAA%3D%3D&x-amz-sdk-checksum-algorithm=CRC32&x-amz-storage-class=INTELLIGENT_TIERING&x-id=PutObject "HTTP/1.1 200 OK"
logits.png: 100%|██████████| 260k/260k [00:00<00:00, 1.29MB/s]
2026-08-04 04:57:10,218 - INFO - HTTP Request: POST https://huggingface.co/datasets/unrulyabstractions/temporal-awareness.git/info/lfs/objects/verify "HTTP/1.1 200 OK"



combined.png:   0%|          | 0.00/52.9k [00:00<?, ?B/s][A[A[A2026-08-04 04:57:10,321 - INFO - HTTP Request: POST https://huggingface.co/datasets/unrulyabstractions/temporal-awareness.git/info/lfs/objects/verify "HTTP/1.1 200 OK"




Upload 85 LFS files:  62%|██████▏   | 53/85 [00:04<00:01, 17.42it/s][A[A[A[A




core.png:   0%|          | 0.00/226k [00:00<?, ?B/s][A[A[A[A[A2026-08-04 04:57:10,330 - INFO - HTTP Request: PUT https://hf-hub-lfs-us-east-1.s3-accelerate.amazonaws.com/repos/ef/87/ef870e8dc8265ff802cde7e48a97a6727cc657365929f58754efc9d0b87852b3/30bb15ec00dd444b53a6c44784e80b4945958569a732c46bd15978fbc55b1b08?X-Amz-Algorithm=AWS4-HMAC-SHA256&X-Amz-Content-Sha256=UNSIGNED-PAYLOAD&X-Amz-Credential=AKIA2JU7TKAQOYY2AAUF%2F20260804%2Fus-east-1%2Fs3%2Faws4_request&X-Amz-Date=20260804T045705Z&X-Amz-Expires=900&X-Amz-Signature=ca8094d4168b4a19ae8f24757b28a12b4d371864429906533ea892753632f1fc&X-Amz-SignedHeaders=host&x-amz-checksum-crc32=AAAAAA%3D%3D&x-amz-sdk-checksum-algorithm=CRC32&x-amz-storage-class=INTELLIGENT_TIERING&x-id=PutObject "HTTP/1.1 200 OK"
combined.png: 100%|██████████| 52.9k/52.9k [00:00<00:00, 474kB/s]
2026-08-04 04:57:10,358 - INFO - HTTP Request: PUT https://hf-hub-lfs-us-east-1.s3-accelerate.amazonaws.com/repos/ef/87/ef870e8dc8265ff802cde7e48a97a6727cc657365929f58754efc9d0b87852b3/f730c8c65a78a9ca701a3f8fc1514c634870d8cf6c00fb9d96b03962b872ee2f?X-Amz-Algorithm=AWS4-HMAC-SHA256&X-Amz-Content-Sha256=UNSIGNED-PAYLOAD&X-Amz-Credential=AKIA2JU7TKAQOYY2AAUF%2F20260804%2Fus-east-1%2Fs3%2Faws4_request&X-Amz-Date=20260804T045705Z&X-Amz-Expires=900&X-Amz-Signature=a18d59905fe02a8209da512e53d1f096e3c3f23005990dd0fa90a60af73d765a&X-Amz-SignedHeaders=host&x-amz-checksum-crc32=AAAAAA%3D%3D&x-amz-sdk-checksum-algorithm=CRC32&x-amz-storage-class=INTELLIGENT_TIERING&x-id=PutObject "HTTP/1.1 200 OK"
vocab.png: 100%|██████████| 217k/217k [00:00<00:00, 1.37MB/s]
2026-08-04 04:57:10,375 - INFO - HTTP Request: PUT https://hf-hub-lfs-us-east-1.s3-accelerate.amazonaws.com/repos/ef/87/ef870e8dc8265ff802cde7e48a97a6727cc657365929f58754efc9d0b87852b3/c2044d8127d72848b84df9ec8fffac81565579be34686073d9104a175636811e?X-Amz-Algorithm=AWS4-HMAC-SHA256&X-Amz-Content-Sha256=UNSIGNED-PAYLOAD&X-Amz-Credential=AKIA2JU7TKAQOYY2AAUF%2F20260804%2Fus-east-1%2Fs3%2Faws4_request&X-Amz-Date=20260804T045705Z&X-Amz-Expires=900&X-Amz-Signature=514ffe07f9b03973723b3c0cfb00d784b918381b8f6b606ee382876152bb65ac&X-Amz-SignedHeaders=host&x-amz-checksum-crc32=AAAAAA%3D%3D&x-amz-sdk-checksum-algorithm=CRC32&x-amz-storage-class=INTELLIGENT_TIERING&x-id=PutObject "HTTP/1.1 200 OK"
trajectory.png: 100%|██████████| 207k/207k [00:00<00:00, 1.16MB/s]
2026-08-04 04:57:10,381 - INFO - HTTP Request: PUT https://hf-hub-lfs-us-east-1.s3-accelerate.amazonaws.com/repos/ef/87/ef870e8dc8265ff802cde7e48a97a6727cc657365929f58754efc9d0b87852b3/5d2fb09e00c04178adaf90de09685787b1698eea8f4b9be9ff6648907ab397d3?X-Amz-Algorithm=AWS4-HMAC-SHA256&X-Amz-Content-Sha256=UNSIGNED-PAYLOAD&X-Amz-Credential=AKIA2JU7TKAQOYY2AAUF%2F20260804%2Fus-east-1%2Fs3%2Faws4_request&X-Amz-Date=20260804T045705Z&X-Amz-Expires=900&X-Amz-Signature=8e82a3c1f641c2ce7e81e81740460f28eb205d0670f3b2273c410dc525add618&X-Amz-SignedHeaders=host&x-amz-checksum-crc32=AAAAAA%3D%3D&x-amz-sdk-checksum-algorithm=CRC32&x-amz-storage-class=INTELLIGENT_TIERING&x-id=PutObject "HTTP/1.1 200 OK"
probs.png: 100%|██████████| 193k/193k [00:00<00:00, 941kB/s]
2026-08-04 04:57:10,408 - INFO - HTTP Request: POST https://huggingface.co/datasets/unrulyabstractions/temporal-awareness.git/info/lfs/objects/verify "HTTP/1.1 200 OK"
fork.png:   0%|          | 0.00/261k [00:00<?, ?B/s]2026-08-04 04:57:10,451 - INFO - HTTP Request: POST https://huggingface.co/datasets/unrulyabstractions/temporal-awareness.git/info/lfs/objects/verify "HTTP/1.1 200 OK"
2026-08-04 04:57:10,452 - INFO - HTTP Request: POST https://huggingface.co/datasets/unrulyabstractions/temporal-awareness.git/info/lfs/objects/verify "HTTP/1.1 200 OK"

logits.png:   0%|          | 0.00/312k [00:00<?, ?B/s][A

probs.png:   0%|          | 0.00/247k [00:00<?, ?B/s][A[A2026-08-04 04:57:10,483 - INFO - HTTP Request: POST https://huggingface.co/datasets/unrulyabstractions/temporal-awareness.git/info/lfs/objects/verify "HTTP/1.1 200 OK"




Upload 85 LFS files:  66%|██████▌   | 56/85 [00:04<00:01, 17.68it/s][A[A[A[A


trajectory.png:   0%|          | 0.00/238k [00:00<?, ?B/s][A[A[A2026-08-04 04:57:10,512 - INFO - HTTP Request: PUT https://hf-hub-lfs-us-east-1.s3-accelerate.amazonaws.com/repos/ef/87/ef870e8dc8265ff802cde7e48a97a6727cc657365929f58754efc9d0b87852b3/98260950c8ca152b09ee34fca692a20bd98dfd896e386a9c66ce767174918b68?X-Amz-Algorithm=AWS4-HMAC-SHA256&X-Amz-Content-Sha256=UNSIGNED-PAYLOAD&X-Amz-Credential=AKIA2JU7TKAQOYY2AAUF%2F20260804%2Fus-east-1%2Fs3%2Faws4_request&X-Amz-Date=20260804T045705Z&X-Amz-Expires=900&X-Amz-Signature=ef820c92409508d8e59a11878f0a6df3840be07365ac8ec3a42354aed076f570&X-Amz-SignedHeaders=host&x-amz-checksum-crc32=AAAAAA%3D%3D&x-amz-sdk-checksum-algorithm=CRC32&x-amz-storage-class=INTELLIGENT_TIERING&x-id=PutObject "HTTP/1.1 200 OK"
core.png: 100%|██████████| 226k/226k [00:00<00:00, 1.19MB/s]
2026-08-04 04:57:10,589 - INFO - HTTP Request: POST https://huggingface.co/datasets/unrulyabstractions/temporal-awareness.git/info/lfs/objects/verify "HTTP/1.1 200 OK"





vocab.png:   0%|          | 0.00/268k [00:00<?, ?B/s][A[A[A[A[A2026-08-04 04:57:10,596 - INFO - HTTP Request: PUT https://hf-hub-lfs-us-east-1.s3-accelerate.amazonaws.com/repos/ef/87/ef870e8dc8265ff802cde7e48a97a6727cc657365929f58754efc9d0b87852b3/f558a69edb5c754a876bea13b39f786276f88dda66f1000d753ece5eaa0f7f4e?X-Amz-Algorithm=AWS4-HMAC-SHA256&X-Amz-Content-Sha256=UNSIGNED-PAYLOAD&X-Amz-Credential=AKIA2JU7TKAQOYY2AAUF%2F20260804%2Fus-east-1%2Fs3%2Faws4_request&X-Amz-Date=20260804T045705Z&X-Amz-Expires=900&X-Amz-Signature=caa0fa9d5c38ec83b0d3cf7b4bc3d2aae480cfd8a8db2f813e89f962c9dcc32a&X-Amz-SignedHeaders=host&x-amz-checksum-crc32=AAAAAA%3D%3D&x-amz-sdk-checksum-algorithm=CRC32&x-amz-storage-class=INTELLIGENT_TIERING&x-id=PutObject "HTTP/1.1 200 OK"
fork.png: 100%|██████████| 261k/261k [00:00<00:00, 1.39MB/s]
2026-08-04 04:57:10,636 - INFO - HTTP Request: PUT https://hf-hub-lfs-us-east-1.s3-accelerate.amazonaws.com/repos/ef/87/ef870e8dc8265ff802cde7e48a97a6727cc657365929f58754efc9d0b87852b3/c288dfbb90738d5e0cc31b0bc503e7111b3e0fe6450894ce424c1f1aeee85682?X-Amz-Algorithm=AWS4-HMAC-SHA256&X-Amz-Content-Sha256=UNSIGNED-PAYLOAD&X-Amz-Credential=AKIA2JU7TKAQOYY2AAUF%2F20260804%2Fus-east-1%2Fs3%2Faws4_request&X-Amz-Date=20260804T045705Z&X-Amz-Expires=900&X-Amz-Signature=02b3307b57ef22d7dbb8e0e8360521264fb7d8699e3b37416043e08b527812de&X-Amz-SignedHeaders=host&x-amz-checksum-crc32=AAAAAA%3D%3D&x-amz-sdk-checksum-algorithm=CRC32&x-amz-storage-class=INTELLIGENT_TIERING&x-id=PutObject "HTTP/1.1 200 OK"
logits.png: 100%|██████████| 312k/312k [00:00<00:00, 1.70MB/s]
2026-08-04 04:57:10,646 - INFO - HTTP Request: PUT https://hf-hub-lfs-us-east-1.s3-accelerate.amazonaws.com/repos/ef/87/ef870e8dc8265ff802cde7e48a97a6727cc657365929f58754efc9d0b87852b3/7970056a5967dbe80aefd6e16b7ffe8b585747df3c48a916145780ea3e7f02ed?X-Amz-Algorithm=AWS4-HMAC-SHA256&X-Amz-Content-Sha256=UNSIGNED-PAYLOAD&X-Amz-Credential=AKIA2JU7TKAQOYY2AAUF%2F20260804%2Fus-east-1%2Fs3%2Faws4_request&X-Amz-Date=20260804T045705Z&X-Amz-Expires=900&X-Amz-Signature=c71d7c58e73b61620d877724288be0f39541f13ba0b85cfe75ccfc82c885e858&X-Amz-SignedHeaders=host&x-amz-checksum-crc32=AAAAAA%3D%3D&x-amz-sdk-checksum-algorithm=CRC32&x-amz-storage-class=INTELLIGENT_TIERING&x-id=PutObject "HTTP/1.1 200 OK"
probs.png: 100%|██████████| 247k/247k [00:00<00:00, 1.29MB/s]
2026-08-04 04:57:10,705 - INFO - HTTP Request: POST https://huggingface.co/datasets/unrulyabstractions/temporal-awareness.git/info/lfs/objects/verify "HTTP/1.1 200 OK"




Upload 85 LFS files:  69%|██████▉   | 59/85 [00:05<00:01, 16.37it/s][A[A[A[Acombined.png:   0%|          | 0.00/52.8k [00:00<?, ?B/s]2026-08-04 04:57:10,719 - INFO - HTTP Request: PUT https://hf-hub-lfs-us-east-1.s3-accelerate.amazonaws.com/repos/ef/87/ef870e8dc8265ff802cde7e48a97a6727cc657365929f58754efc9d0b87852b3/b64ff67d18d13210746fe059525549c3293b6f518ac2d5403b3a294d4294fb13?X-Amz-Algorithm=AWS4-HMAC-SHA256&X-Amz-Content-Sha256=UNSIGNED-PAYLOAD&X-Amz-Credential=AKIA2JU7TKAQOYY2AAUF%2F20260804%2Fus-east-1%2Fs3%2Faws4_request&X-Amz-Date=20260804T045705Z&X-Amz-Expires=900&X-Amz-Signature=11fe80d5b09dcff18b864ff10acde59cbf6deafbdce5efd1e8188d637f392a7e&X-Amz-SignedHeaders=host&x-amz-checksum-crc32=AAAAAA%3D%3D&x-amz-sdk-checksum-algorithm=CRC32&x-amz-storage-class=INTELLIGENT_TIERING&x-id=PutObject "HTTP/1.1 200 OK"
trajectory.png: 100%|██████████| 238k/238k [00:00<00:00, 1.01MB/s]
2026-08-04 04:57:10,731 - INFO - HTTP Request: POST https://huggingface.co/datasets/unrulyabstractions/temporal-awareness.git/info/lfs/objects/verify "HTTP/1.1 200 OK"

core.png:   0%|          | 0.00/191k [00:00<?, ?B/s][A2026-08-04 04:57:10,764 - INFO - HTTP Request: PUT https://hf-hub-lfs-us-east-1.s3-accelerate.amazonaws.com/repos/ef/87/ef870e8dc8265ff802cde7e48a97a6727cc657365929f58754efc9d0b87852b3/692b380412f76927ab7fb2809c7f54e1c0ff90fe2c604d8add6470ffd53d01f1?X-Amz-Algorithm=AWS4-HMAC-SHA256&X-Amz-Content-Sha256=UNSIGNED-PAYLOAD&X-Amz-Credential=AKIA2JU7TKAQOYY2AAUF%2F20260804%2Fus-east-1%2Fs3%2Faws4_request&X-Amz-Date=20260804T045705Z&X-Amz-Expires=900&X-Amz-Signature=6715a01676b7d423506c2c63f8689ae6131d800cf1a8ae807815ed7ad19a0a4e&X-Amz-SignedHeaders=host&x-amz-checksum-crc32=AAAAAA%3D%3D&x-amz-sdk-checksum-algorithm=CRC32&x-amz-storage-class=INTELLIGENT_TIERING&x-id=PutObject "HTTP/1.1 200 OK"
vocab.png: 100%|██████████| 268k/268k [00:00<00:00, 1.53MB/s]
2026-08-04 04:57:10,795 - INFO - HTTP Request: POST https://huggingface.co/datasets/unrulyabstractions/temporal-awareness.git/info/lfs/objects/verify "HTTP/1.1 200 OK"


fork.png:   0%|          | 0.00/258k [00:00<?, ?B/s][A[A2026-08-04 04:57:10,798 - INFO - HTTP Request: POST https://huggingface.co/datasets/unrulyabstractions/temporal-awareness.git/info/lfs/objects/verify "HTTP/1.1 200 OK"



logits.png:   0%|          | 0.00/294k [00:00<?, ?B/s][A[A[A2026-08-04 04:57:10,822 - INFO - HTTP Request: PUT https://hf-hub-lfs-us-east-1.s3-accelerate.amazonaws.com/repos/ef/87/ef870e8dc8265ff802cde7e48a97a6727cc657365929f58754efc9d0b87852b3/6769ba247c504849aaa70437b981c07704619d41da4f2151b77181c0499a0ff3?X-Amz-Algorithm=AWS4-HMAC-SHA256&X-Amz-Content-Sha256=UNSIGNED-PAYLOAD&X-Amz-Credential=AKIA2JU7TKAQOYY2AAUF%2F20260804%2Fus-east-1%2Fs3%2Faws4_request&X-Amz-Date=20260804T045705Z&X-Amz-Expires=900&X-Amz-Signature=ec8c0bae9124784f1e242393d18bcaac74c085fc062cdcbecb1fa6b3ec96c30b&X-Amz-SignedHeaders=host&x-amz-checksum-crc32=AAAAAA%3D%3D&x-amz-sdk-checksum-algorithm=CRC32&x-amz-storage-class=INTELLIGENT_TIERING&x-id=PutObject "HTTP/1.1 200 OK"
combined.png: 100%|██████████| 52.8k/52.8k [00:00<00:00, 454kB/s]
2026-08-04 04:57:10,841 - INFO - HTTP Request: POST https://huggingface.co/datasets/unrulyabstractions/temporal-awareness.git/info/lfs/objects/verify "HTTP/1.1 200 OK"




Upload 85 LFS files:  74%|███████▍  | 63/85 [00:05<00:01, 19.12it/s][A[A[A[Aprobs.png:   0%|          | 0.00/212k [00:00<?, ?B/s]2026-08-04 04:57:10,896 - INFO - HTTP Request: PUT https://hf-hub-lfs-us-east-1.s3-accelerate.amazonaws.com/repos/ef/87/ef870e8dc8265ff802cde7e48a97a6727cc657365929f58754efc9d0b87852b3/cbb3b7a3c78a05398f6d5ef83c4c43018f77b0a520ab9b446dd7e6099a7b6526?X-Amz-Algorithm=AWS4-HMAC-SHA256&X-Amz-Content-Sha256=UNSIGNED-PAYLOAD&X-Amz-Credential=AKIA2JU7TKAQOYY2AAUF%2F20260804%2Fus-east-1%2Fs3%2Faws4_request&X-Amz-Date=20260804T045705Z&X-Amz-Expires=900&X-Amz-Signature=295f91a5dc3ab2e21e56501924561042fe8c8c21a08afa85bb05bf5c811c3763&X-Amz-SignedHeaders=host&x-amz-checksum-crc32=AAAAAA%3D%3D&x-amz-sdk-checksum-algorithm=CRC32&x-amz-storage-class=INTELLIGENT_TIERING&x-id=PutObject "HTTP/1.1 200 OK"
core.png: 100%|██████████| 191k/191k [00:00<00:00, 1.15MB/s]
2026-08-04 04:57:10,906 - INFO - HTTP Request: POST https://huggingface.co/datasets/unrulyabstractions/temporal-awareness.git/info/lfs/objects/verify "HTTP/1.1 200 OK"

trajectory.png:   0%|          | 0.00/223k [00:00<?, ?B/s][A2026-08-04 04:57:10,955 - INFO - HTTP Request: PUT https://hf-hub-lfs-us-east-1.s3-accelerate.amazonaws.com/repos/ef/87/ef870e8dc8265ff802cde7e48a97a6727cc657365929f58754efc9d0b87852b3/3568f02f635c6dff7a3f566afdca8795b04db24eef7c074b2d84033e1485f88c?X-Amz-Algorithm=AWS4-HMAC-SHA256&X-Amz-Content-Sha256=UNSIGNED-PAYLOAD&X-Amz-Credential=AKIA2JU7TKAQOYY2AAUF%2F20260804%2Fus-east-1%2Fs3%2Faws4_request&X-Amz-Date=20260804T045705Z&X-Amz-Expires=900&X-Amz-Signature=dc58a50fc005ff28679637d7d6c5d54e8b7973bec8751fe275db83c00f5e1a30&X-Amz-SignedHeaders=host&x-amz-checksum-crc32=AAAAAA%3D%3D&x-amz-sdk-checksum-algorithm=CRC32&x-amz-storage-class=INTELLIGENT_TIERING&x-id=PutObject "HTTP/1.1 200 OK"
logits.png: 100%|██████████| 294k/294k [00:00<00:00, 1.89MB/s]
2026-08-04 04:57:10,964 - INFO - HTTP Request: PUT https://hf-hub-lfs-us-east-1.s3-accelerate.amazonaws.com/repos/ef/87/ef870e8dc8265ff802cde7e48a97a6727cc657365929f58754efc9d0b87852b3/d7450859c8e2182bf30559745e999ed758474b7ee55d33d3971818a90d063c3f?X-Amz-Algorithm=AWS4-HMAC-SHA256&X-Amz-Content-Sha256=UNSIGNED-PAYLOAD&X-Amz-Credential=AKIA2JU7TKAQOYY2AAUF%2F20260804%2Fus-east-1%2Fs3%2Faws4_request&X-Amz-Date=20260804T045705Z&X-Amz-Expires=900&X-Amz-Signature=b4360bb42cfdc623c8ba1aa554cdc7a969de3af15e4316769e2c029cc5aba80c&X-Amz-SignedHeaders=host&x-amz-checksum-crc32=AAAAAA%3D%3D&x-amz-sdk-checksum-algorithm=CRC32&x-amz-storage-class=INTELLIGENT_TIERING&x-id=PutObject "HTTP/1.1 200 OK"
fork.png: 100%|██████████| 258k/258k [00:00<00:00, 1.53MB/s]
2026-08-04 04:57:10,976 - INFO - HTTP Request: POST https://huggingface.co/datasets/unrulyabstractions/temporal-awareness.git/info/lfs/objects/verify "HTTP/1.1 200 OK"


vocab.png:   0%|          | 0.00/264k [00:00<?, ?B/s][A[A2026-08-04 04:57:11,032 - INFO - HTTP Request: POST https://huggingface.co/datasets/unrulyabstractions/temporal-awareness.git/info/lfs/objects/verify "HTTP/1.1 200 OK"



core.png:   0%|          | 0.00/274k [00:00<?, ?B/s][A[A[A2026-08-04 04:57:11,036 - INFO - HTTP Request: POST https://huggingface.co/datasets/unrulyabstractions/temporal-awareness.git/info/lfs/objects/verify "HTTP/1.1 200 OK"




Upload 85 LFS files:  78%|███████▊  | 66/85 [00:05<00:01, 18.01it/s][A[A[A[A




combined.png:   0%|          | 0.00/54.3k [00:00<?, ?B/s][A[A[A[A[A2026-08-04 04:57:11,055 - INFO - HTTP Request: PUT https://hf-hub-lfs-us-east-1.s3-accelerate.amazonaws.com/repos/ef/87/ef870e8dc8265ff802cde7e48a97a6727cc657365929f58754efc9d0b87852b3/4cab405286a2d11d0a403a4c5e6af3f0dab083598a2e463d21f3eb2a127d5d97?X-Amz-Algorithm=AWS4-HMAC-SHA256&X-Amz-Content-Sha256=UNSIGNED-PAYLOAD&X-Amz-Credential=AKIA2JU7TKAQOYY2AAUF%2F20260804%2Fus-east-1%2Fs3%2Faws4_request&X-Amz-Date=20260804T045705Z&X-Amz-Expires=900&X-Amz-Signature=75119658648025408da527ff87b6461d1db8efe3c0565ec74cbd48f930ae032e&X-Amz-SignedHeaders=host&x-amz-checksum-crc32=AAAAAA%3D%3D&x-amz-sdk-checksum-algorithm=CRC32&x-amz-storage-class=INTELLIGENT_TIERING&x-id=PutObject "HTTP/1.1 200 OK"
trajectory.png: 100%|██████████| 223k/223k [00:00<00:00, 1.50MB/s]
2026-08-04 04:57:11,058 - INFO - HTTP Request: PUT https://hf-hub-lfs-us-east-1.s3-accelerate.amazonaws.com/repos/ef/87/ef870e8dc8265ff802cde7e48a97a6727cc657365929f58754efc9d0b87852b3/9f78fde4ba88989474c5f34b956be2ad8bb1ea80f62cc47c340bc30c73abe100?X-Amz-Algorithm=AWS4-HMAC-SHA256&X-Amz-Content-Sha256=UNSIGNED-PAYLOAD&X-Amz-Credential=AKIA2JU7TKAQOYY2AAUF%2F20260804%2Fus-east-1%2Fs3%2Faws4_request&X-Amz-Date=20260804T045705Z&X-Amz-Expires=900&X-Amz-Signature=fa46b5816e2deb325d4f8539d4d70fa2462fb3925867c7b110a09180c50618e8&X-Amz-SignedHeaders=host&x-amz-checksum-crc32=AAAAAA%3D%3D&x-amz-sdk-checksum-algorithm=CRC32&x-amz-storage-class=INTELLIGENT_TIERING&x-id=PutObject "HTTP/1.1 200 OK"
probs.png: 100%|██████████| 212k/212k [00:00<00:00, 987kB/s]
2026-08-04 04:57:11,100 - INFO - HTTP Request: PUT https://hf-hub-lfs-us-east-1.s3-accelerate.amazonaws.com/repos/ef/87/ef870e8dc8265ff802cde7e48a97a6727cc657365929f58754efc9d0b87852b3/d97057c998ffe41ece8f8580bb72d4502fdda149612e0cd0914e0d3dbf8d5321?X-Amz-Algorithm=AWS4-HMAC-SHA256&X-Amz-Content-Sha256=UNSIGNED-PAYLOAD&X-Amz-Credential=AKIA2JU7TKAQOYY2AAUF%2F20260804%2Fus-east-1%2Fs3%2Faws4_request&X-Amz-Date=20260804T045705Z&X-Amz-Expires=900&X-Amz-Signature=464b1f78800206e137f8114cc9d880e6e4b7589c247ac4c14851c88e45f50ba3&X-Amz-SignedHeaders=host&x-amz-checksum-crc32=AAAAAA%3D%3D&x-amz-sdk-checksum-algorithm=CRC32&x-amz-storage-class=INTELLIGENT_TIERING&x-id=PutObject "HTTP/1.1 200 OK"
vocab.png: 100%|██████████| 264k/264k [00:00<00:00, 2.14MB/s]
2026-08-04 04:57:11,133 - INFO - HTTP Request: PUT https://hf-hub-lfs-us-east-1.s3-accelerate.amazonaws.com/repos/ef/87/ef870e8dc8265ff802cde7e48a97a6727cc657365929f58754efc9d0b87852b3/3c529e7e4c4156d0f6cbc3bc34e4b83a51f15d946e8ae7c8a24de36dc72f2056?X-Amz-Algorithm=AWS4-HMAC-SHA256&X-Amz-Content-Sha256=UNSIGNED-PAYLOAD&X-Amz-Credential=AKIA2JU7TKAQOYY2AAUF%2F20260804%2Fus-east-1%2Fs3%2Faws4_request&X-Amz-Date=20260804T045705Z&X-Amz-Expires=900&X-Amz-Signature=728514f0b2ef9f97a4858ea92b91d11ef7fface5fbad69c37123954556b2fdc3&X-Amz-SignedHeaders=host&x-amz-checksum-crc32=AAAAAA%3D%3D&x-amz-sdk-checksum-algorithm=CRC32&x-amz-storage-class=INTELLIGENT_TIERING&x-id=PutObject "HTTP/1.1 200 OK"
combined.png: 100%|██████████| 54.3k/54.3k [00:00<00:00, 567kB/s]
2026-08-04 04:57:11,160 - INFO - HTTP Request: POST https://huggingface.co/datasets/unrulyabstractions/temporal-awareness.git/info/lfs/objects/verify "HTTP/1.1 200 OK"




Upload 85 LFS files:  80%|████████  | 68/85 [00:05<00:00, 17.63it/s][A[A[A[Acore.png:   0%|          | 0.00/180k [00:00<?, ?B/s]2026-08-04 04:57:11,172 - INFO - HTTP Request: POST https://huggingface.co/datasets/unrulyabstractions/temporal-awareness.git/info/lfs/objects/verify "HTTP/1.1 200 OK"
2026-08-04 04:57:11,172 - INFO - HTTP Request: PUT https://hf-hub-lfs-us-east-1.s3-accelerate.amazonaws.com/repos/ef/87/ef870e8dc8265ff802cde7e48a97a6727cc657365929f58754efc9d0b87852b3/631a4e5b1fd4d5d0f2e6aa382c0aeecbe829e52a4090ccacaf294fad09e74d51?X-Amz-Algorithm=AWS4-HMAC-SHA256&X-Amz-Content-Sha256=UNSIGNED-PAYLOAD&X-Amz-Credential=AKIA2JU7TKAQOYY2AAUF%2F20260804%2Fus-east-1%2Fs3%2Faws4_request&X-Amz-Date=20260804T045705Z&X-Amz-Expires=900&X-Amz-Signature=5e11483d131b73bedac6f03d4147ace618e7ff35731863871644c18ce199dbd5&X-Amz-SignedHeaders=host&x-amz-checksum-crc32=AAAAAA%3D%3D&x-amz-sdk-checksum-algorithm=CRC32&x-amz-storage-class=INTELLIGENT_TIERING&x-id=PutObject "HTTP/1.1 200 OK"
core.png: 100%|██████████| 274k/274k [00:00<00:00, 1.94MB/s]

fork.png:   0%|          | 0.00/221k [00:00<?, ?B/s][A2026-08-04 04:57:11,215 - INFO - HTTP Request: POST https://huggingface.co/datasets/unrulyabstractions/temporal-awareness.git/info/lfs/objects/verify "HTTP/1.1 200 OK"


logits.png:   0%|          | 0.00/252k [00:00<?, ?B/s][A[A2026-08-04 04:57:11,219 - INFO - HTTP Request: POST https://huggingface.co/datasets/unrulyabstractions/temporal-awareness.git/info/lfs/objects/verify "HTTP/1.1 200 OK"



probs.png:   0%|          | 0.00/195k [00:00<?, ?B/s][A[A[A2026-08-04 04:57:11,253 - INFO - HTTP Request: POST https://huggingface.co/datasets/unrulyabstractions/temporal-awareness.git/info/lfs/objects/verify "HTTP/1.1 200 OK"





trajectory.png:   0%|          | 0.00/210k [00:00<?, ?B/s][A[A[A[A[A2026-08-04 04:57:11,324 - INFO - HTTP Request: PUT https://hf-hub-lfs-us-east-1.s3-accelerate.amazonaws.com/repos/ef/87/ef870e8dc8265ff802cde7e48a97a6727cc657365929f58754efc9d0b87852b3/dccd625b065d95dae6382c80aae23869718b23c18c7ff97accf80532d6b13a22?X-Amz-Algorithm=AWS4-HMAC-SHA256&X-Amz-Content-Sha256=UNSIGNED-PAYLOAD&X-Amz-Credential=AKIA2JU7TKAQOYY2AAUF%2F20260804%2Fus-east-1%2Fs3%2Faws4_request&X-Amz-Date=20260804T045705Z&X-Amz-Expires=900&X-Amz-Signature=4be501236b50d4114dd91f3abc3d0733f85429efc8093c78a5398b0e9bebe3b2&X-Amz-SignedHeaders=host&x-amz-checksum-crc32=AAAAAA%3D%3D&x-amz-sdk-checksum-algorithm=CRC32&x-amz-storage-class=INTELLIGENT_TIERING&x-id=PutObject "HTTP/1.1 200 OK"
probs.png: 100%|██████████| 195k/195k [00:00<00:00, 1.88MB/s]
2026-08-04 04:57:11,326 - INFO - HTTP Request: PUT https://hf-hub-lfs-us-east-1.s3-accelerate.amazonaws.com/repos/ef/87/ef870e8dc8265ff802cde7e48a97a6727cc657365929f58754efc9d0b87852b3/15ea0c9e1de1740f2e545f8170199d71afd9fa251cded6d577593ad635a4e7ba?X-Amz-Algorithm=AWS4-HMAC-SHA256&X-Amz-Content-Sha256=UNSIGNED-PAYLOAD&X-Amz-Credential=AKIA2JU7TKAQOYY2AAUF%2F20260804%2Fus-east-1%2Fs3%2Faws4_request&X-Amz-Date=20260804T045705Z&X-Amz-Expires=900&X-Amz-Signature=0ba33a617fe096bada0e7a20e1e137503018cf89020065e26e4023640af37d68&X-Amz-SignedHeaders=host&x-amz-checksum-crc32=AAAAAA%3D%3D&x-amz-sdk-checksum-algorithm=CRC32&x-amz-storage-class=INTELLIGENT_TIERING&x-id=PutObject "HTTP/1.1 200 OK"
fork.png: 100%|██████████| 221k/221k [00:00<00:00, 1.46MB/s]
2026-08-04 04:57:11,356 - INFO - HTTP Request: PUT https://hf-hub-lfs-us-east-1.s3-accelerate.amazonaws.com/repos/ef/87/ef870e8dc8265ff802cde7e48a97a6727cc657365929f58754efc9d0b87852b3/5355ff5cee71b9211765e39c77f2a7b12e777d16d8756d34c5ddff9d3d098042?X-Amz-Algorithm=AWS4-HMAC-SHA256&X-Amz-Content-Sha256=UNSIGNED-PAYLOAD&X-Amz-Credential=AKIA2JU7TKAQOYY2AAUF%2F20260804%2Fus-east-1%2Fs3%2Faws4_request&X-Amz-Date=20260804T045705Z&X-Amz-Expires=900&X-Amz-Signature=944555cd504b04e71616eed91a34444dcc9d0e7e9f6e5c2de199e4950f33678f&X-Amz-SignedHeaders=host&x-amz-checksum-crc32=AAAAAA%3D%3D&x-amz-sdk-checksum-algorithm=CRC32&x-amz-storage-class=INTELLIGENT_TIERING&x-id=PutObject "HTTP/1.1 200 OK"
core.png: 100%|██████████| 180k/180k [00:00<00:00, 924kB/s]
2026-08-04 04:57:11,368 - INFO - HTTP Request: PUT https://hf-hub-lfs-us-east-1.s3-accelerate.amazonaws.com/repos/ef/87/ef870e8dc8265ff802cde7e48a97a6727cc657365929f58754efc9d0b87852b3/518196d726e7d4617c57dafa8e96195b6eebb2db087250985252924e986841a9?X-Amz-Algorithm=AWS4-HMAC-SHA256&X-Amz-Content-Sha256=UNSIGNED-PAYLOAD&X-Amz-Credential=AKIA2JU7TKAQOYY2AAUF%2F20260804%2Fus-east-1%2Fs3%2Faws4_request&X-Amz-Date=20260804T045705Z&X-Amz-Expires=900&X-Amz-Signature=cffb54bac0d97478f9ccfa8984e85f4679ba2e5ac9de4c8944859cdef8890909&X-Amz-SignedHeaders=host&x-amz-checksum-crc32=AAAAAA%3D%3D&x-amz-sdk-checksum-algorithm=CRC32&x-amz-storage-class=INTELLIGENT_TIERING&x-id=PutObject "HTTP/1.1 200 OK"
logits.png: 100%|██████████| 252k/252k [00:00<00:00, 1.66MB/s]
2026-08-04 04:57:11,399 - INFO - HTTP Request: POST https://huggingface.co/datasets/unrulyabstractions/temporal-awareness.git/info/lfs/objects/verify "HTTP/1.1 200 OK"
vocab.png:   0%|          | 0.00/228k [00:00<?, ?B/s]2026-08-04 04:57:11,441 - INFO - HTTP Request: POST https://huggingface.co/datasets/unrulyabstractions/temporal-awareness.git/info/lfs/objects/verify "HTTP/1.1 200 OK"




Upload 85 LFS files:  86%|████████▌ | 73/85 [00:05<00:00, 17.68it/s][A[A[A[A
combined.png:   0%|          | 0.00/54.1k [00:00<?, ?B/s][A2026-08-04 04:57:11,444 - INFO - HTTP Request: POST https://huggingface.co/datasets/unrulyabstractions/temporal-awareness.git/info/lfs/objects/verify "HTTP/1.1 200 OK"
2026-08-04 04:57:11,445 - INFO - HTTP Request: PUT https://hf-hub-lfs-us-east-1.s3-accelerate.amazonaws.com/repos/ef/87/ef870e8dc8265ff802cde7e48a97a6727cc657365929f58754efc9d0b87852b3/4304e2fa98335a951c9e38f8000bfcdd28ae8fd168e17b5f2b252d6714ec6e7a?X-Amz-Algorithm=AWS4-HMAC-SHA256&X-Amz-Content-Sha256=UNSIGNED-PAYLOAD&X-Amz-Credential=AKIA2JU7TKAQOYY2AAUF%2F20260804%2Fus-east-1%2Fs3%2Faws4_request&X-Amz-Date=20260804T045705Z&X-Amz-Expires=900&X-Amz-Signature=f98d62b0db7b9308858aec5e65f1b0c19e42d0ff99f7ab5f7ca4400a8026246d&X-Amz-SignedHeaders=host&x-amz-checksum-crc32=AAAAAA%3D%3D&x-amz-sdk-checksum-algorithm=CRC32&x-amz-storage-class=INTELLIGENT_TIERING&x-id=PutObject "HTTP/1.1 200 OK"
trajectory.png: 100%|██████████| 210k/210k [00:00<00:00, 1.09MB/s]


core.png:   0%|          | 0.00/168k [00:00<?, ?B/s][A[A2026-08-04 04:57:11,453 - INFO - HTTP Request: POST https://huggingface.co/datasets/unrulyabstractions/temporal-awareness.git/info/lfs/objects/verify "HTTP/1.1 200 OK"



fork.png:   0%|          | 0.00/209k [00:00<?, ?B/s][A[A[A2026-08-04 04:57:11,552 - INFO - HTTP Request: PUT https://hf-hub-lfs-us-east-1.s3-accelerate.amazonaws.com/repos/ef/87/ef870e8dc8265ff802cde7e48a97a6727cc657365929f58754efc9d0b87852b3/cbebb76065941d76066105e929ec9396b13159271ba29627b91c4692838ac4d7?X-Amz-Algorithm=AWS4-HMAC-SHA256&X-Amz-Content-Sha256=UNSIGNED-PAYLOAD&X-Amz-Credential=AKIA2JU7TKAQOYY2AAUF%2F20260804%2Fus-east-1%2Fs3%2Faws4_request&X-Amz-Date=20260804T045705Z&X-Amz-Expires=900&X-Amz-Signature=a79ec9bf82e37ed58070b9e947cc24987dcb280e94933544d48521c38f0e6f56&X-Amz-SignedHeaders=host&x-amz-checksum-crc32=AAAAAA%3D%3D&x-amz-sdk-checksum-algorithm=CRC32&x-amz-storage-class=INTELLIGENT_TIERING&x-id=PutObject "HTTP/1.1 200 OK"
core.png: 100%|██████████| 168k/168k [00:00<00:00, 1.60MB/s]
2026-08-04 04:57:11,555 - INFO - HTTP Request: PUT https://hf-hub-lfs-us-east-1.s3-accelerate.amazonaws.com/repos/ef/87/ef870e8dc8265ff802cde7e48a97a6727cc657365929f58754efc9d0b87852b3/18c9e93e25a9bea221dcc54db819189629e22927db5458fe0386d927119edfa8?X-Amz-Algorithm=AWS4-HMAC-SHA256&X-Amz-Content-Sha256=UNSIGNED-PAYLOAD&X-Amz-Credential=AKIA2JU7TKAQOYY2AAUF%2F20260804%2Fus-east-1%2Fs3%2Faws4_request&X-Amz-Date=20260804T045705Z&X-Amz-Expires=900&X-Amz-Signature=860ccbcad671e6b38821bb8f84d0edabe824c2b5f54479eb9683098c9dbe8d69&X-Amz-SignedHeaders=host&x-amz-checksum-crc32=AAAAAA%3D%3D&x-amz-sdk-checksum-algorithm=CRC32&x-amz-storage-class=INTELLIGENT_TIERING&x-id=PutObject "HTTP/1.1 200 OK"
combined.png: 100%|██████████| 54.1k/54.1k [00:00<00:00, 479kB/s]
2026-08-04 04:57:11,565 - INFO - HTTP Request: POST https://huggingface.co/datasets/unrulyabstractions/temporal-awareness.git/info/lfs/objects/verify "HTTP/1.1 200 OK"




Upload 85 LFS files:  91%|█████████ | 77/85 [00:05<00:00, 20.68it/s][A[A[A[A
logits.png:   0%|          | 0.00/260k [00:00<?, ?B/s][A2026-08-04 04:57:11,584 - INFO - HTTP Request: PUT https://hf-hub-lfs-us-east-1.s3-accelerate.amazonaws.com/repos/ef/87/ef870e8dc8265ff802cde7e48a97a6727cc657365929f58754efc9d0b87852b3/7e8f9395a780b70f9df87380b91b3ccf2d2cc59090e4bd8ec3bd9bde1cd627a1?X-Amz-Algorithm=AWS4-HMAC-SHA256&X-Amz-Content-Sha256=UNSIGNED-PAYLOAD&X-Amz-Credential=AKIA2JU7TKAQOYY2AAUF%2F20260804%2Fus-east-1%2Fs3%2Faws4_request&X-Amz-Date=20260804T045705Z&X-Amz-Expires=900&X-Amz-Signature=3574ad73ba4da3afa0f441c7e76339b3c3b7449b8c4bf2695bad0eb354524106&X-Amz-SignedHeaders=host&x-amz-checksum-crc32=AAAAAA%3D%3D&x-amz-sdk-checksum-algorithm=CRC32&x-amz-storage-class=INTELLIGENT_TIERING&x-id=PutObject "HTTP/1.1 200 OK"
vocab.png: 100%|██████████| 228k/228k [00:00<00:00, 1.24MB/s]
2026-08-04 04:57:11,599 - INFO - HTTP Request: PUT https://hf-hub-lfs-us-east-1.s3-accelerate.amazonaws.com/repos/ef/87/ef870e8dc8265ff802cde7e48a97a6727cc657365929f58754efc9d0b87852b3/652b81132a65a7db659a321a63f4540c289ddff4be033491a5cda61753b215b2?X-Amz-Algorithm=AWS4-HMAC-SHA256&X-Amz-Content-Sha256=UNSIGNED-PAYLOAD&X-Amz-Credential=AKIA2JU7TKAQOYY2AAUF%2F20260804%2Fus-east-1%2Fs3%2Faws4_request&X-Amz-Date=20260804T045705Z&X-Amz-Expires=900&X-Amz-Signature=c28dd80b89ca504fc964b1572fe3bc0d08707bf0ed0d74d7e0730f29dc3d4953&X-Amz-SignedHeaders=host&x-amz-checksum-crc32=AAAAAA%3D%3D&x-amz-sdk-checksum-algorithm=CRC32&x-amz-storage-class=INTELLIGENT_TIERING&x-id=PutObject "HTTP/1.1 200 OK"
fork.png: 100%|██████████| 209k/209k [00:00<00:00, 1.44MB/s]
2026-08-04 04:57:11,632 - INFO - HTTP Request: POST https://huggingface.co/datasets/unrulyabstractions/temporal-awareness.git/info/lfs/objects/verify "HTTP/1.1 200 OK"
probs.png:   0%|          | 0.00/193k [00:00<?, ?B/s]2026-08-04 04:57:11,636 - INFO - HTTP Request: POST https://huggingface.co/datasets/unrulyabstractions/temporal-awareness.git/info/lfs/objects/verify "HTTP/1.1 200 OK"


trajectory.png:   0%|          | 0.00/207k [00:00<?, ?B/s][A[A2026-08-04 04:57:11,656 - INFO - HTTP Request: POST https://huggingface.co/datasets/unrulyabstractions/temporal-awareness.git/info/lfs/objects/verify "HTTP/1.1 200 OK"



vocab.png:   0%|          | 0.00/217k [00:00<?, ?B/s][A[A[A2026-08-04 04:57:11,682 - INFO - HTTP Request: POST https://huggingface.co/datasets/unrulyabstractions/temporal-awareness.git/info/lfs/objects/verify "HTTP/1.1 200 OK"




Upload 85 LFS files:  95%|█████████▌| 81/85 [00:06<00:00, 23.65it/s][A[A[A[A2026-08-04 04:57:11,726 - INFO - HTTP Request: PUT https://hf-hub-lfs-us-east-1.s3-accelerate.amazonaws.com/repos/ef/87/ef870e8dc8265ff802cde7e48a97a6727cc657365929f58754efc9d0b87852b3/af748d7773dc07c94167221f5c2ca90c8f374aebb13b445bba8e8ad62a5f586e?X-Amz-Algorithm=AWS4-HMAC-SHA256&X-Amz-Content-Sha256=UNSIGNED-PAYLOAD&X-Amz-Credential=AKIA2JU7TKAQOYY2AAUF%2F20260804%2Fus-east-1%2Fs3%2Faws4_request&X-Amz-Date=20260804T045705Z&X-Amz-Expires=900&X-Amz-Signature=006d8e1a7465aabfe740eeafabe3ef657dc58298ada1d3bb645e79aa026986c2&X-Amz-SignedHeaders=host&x-amz-checksum-crc32=AAAAAA%3D%3D&x-amz-sdk-checksum-algorithm=CRC32&x-amz-storage-class=INTELLIGENT_TIERING&x-id=PutObject "HTTP/1.1 200 OK"
logits.png: 100%|██████████| 260k/260k [00:00<00:00, 1.62MB/s]
2026-08-04 04:57:11,739 - INFO - HTTP Request: PUT https://hf-hub-lfs-us-east-1.s3-accelerate.amazonaws.com/repos/ef/87/ef870e8dc8265ff802cde7e48a97a6727cc657365929f58754efc9d0b87852b3/5df8e400e5d8fb884e238d3c29ea8ca4c850dcb881d54df6402d819a6a4c67fa?X-Amz-Algorithm=AWS4-HMAC-SHA256&X-Amz-Content-Sha256=UNSIGNED-PAYLOAD&X-Amz-Credential=AKIA2JU7TKAQOYY2AAUF%2F20260804%2Fus-east-1%2Fs3%2Faws4_request&X-Amz-Date=20260804T045705Z&X-Amz-Expires=900&X-Amz-Signature=4cde3f83440ea083f9093ac33ad8dc105eaf9314fa336f2a03001afac4468d08&X-Amz-SignedHeaders=host&x-amz-checksum-crc32=AAAAAA%3D%3D&x-amz-sdk-checksum-algorithm=CRC32&x-amz-storage-class=INTELLIGENT_TIERING&x-id=PutObject "HTTP/1.1 200 OK"
trajectory.png: 100%|██████████| 207k/207k [00:00<00:00, 2.02MB/s]
2026-08-04 04:57:11,785 - INFO - HTTP Request: PUT https://hf-hub-lfs-us-east-1.s3-accelerate.amazonaws.com/repos/ef/87/ef870e8dc8265ff802cde7e48a97a6727cc657365929f58754efc9d0b87852b3/3b3eefdb5d9b71c4d10f5c49f830d1aba44eba8595a947e74050ea60abc1400d?X-Amz-Algorithm=AWS4-HMAC-SHA256&X-Amz-Content-Sha256=UNSIGNED-PAYLOAD&X-Amz-Credential=AKIA2JU7TKAQOYY2AAUF%2F20260804%2Fus-east-1%2Fs3%2Faws4_request&X-Amz-Date=20260804T045705Z&X-Amz-Expires=900&X-Amz-Signature=eafb80319d40722ca58878ecd283fe4b31d67c4f774a9aff2ad2eca1a9b23968&X-Amz-SignedHeaders=host&x-amz-checksum-crc32=AAAAAA%3D%3D&x-amz-sdk-checksum-algorithm=CRC32&x-amz-storage-class=INTELLIGENT_TIERING&x-id=PutObject "HTTP/1.1 200 OK"
probs.png: 100%|██████████| 193k/193k [00:00<00:00, 1.27MB/s]
2026-08-04 04:57:11,802 - INFO - HTTP Request: PUT https://hf-hub-lfs-us-east-1.s3-accelerate.amazonaws.com/repos/ef/87/ef870e8dc8265ff802cde7e48a97a6727cc657365929f58754efc9d0b87852b3/6b39cc1ad7ff5e66b88fa09eb5642568614adac176e9b0c492102b9f66ab49b3?X-Amz-Algorithm=AWS4-HMAC-SHA256&X-Amz-Content-Sha256=UNSIGNED-PAYLOAD&X-Amz-Credential=AKIA2JU7TKAQOYY2AAUF%2F20260804%2Fus-east-1%2Fs3%2Faws4_request&X-Amz-Date=20260804T045705Z&X-Amz-Expires=900&X-Amz-Signature=0f3ee6ebe88e4a6abc6e5c8182fa9dadce7dbfbedcf9ed9dfeaddefa4d1a27e6&X-Amz-SignedHeaders=host&x-amz-checksum-crc32=AAAAAA%3D%3D&x-amz-sdk-checksum-algorithm=CRC32&x-amz-storage-class=INTELLIGENT_TIERING&x-id=PutObject "HTTP/1.1 200 OK"
vocab.png: 100%|██████████| 217k/217k [00:00<00:00, 1.49MB/s]
2026-08-04 04:57:11,815 - INFO - HTTP Request: POST https://huggingface.co/datasets/unrulyabstractions/temporal-awareness.git/info/lfs/objects/verify "HTTP/1.1 200 OK"
2026-08-04 04:57:11,873 - INFO - HTTP Request: POST https://huggingface.co/datasets/unrulyabstractions/temporal-awareness.git/info/lfs/objects/verify "HTTP/1.1 200 OK"
2026-08-04 04:57:11,880 - INFO - HTTP Request: POST https://huggingface.co/datasets/unrulyabstractions/temporal-awareness.git/info/lfs/objects/verify "HTTP/1.1 200 OK"




Upload 85 LFS files:  99%|█████████▉| 84/85 [00:06<00:00, 20.72it/s][A[A[A[A2026-08-04 04:57:11,936 - INFO - HTTP Request: POST https://huggingface.co/datasets/unrulyabstractions/temporal-awareness.git/info/lfs/objects/verify "HTTP/1.1 200 OK"
Upload 85 LFS files: 100%|██████████| 85/85 [00:06<00:00, 13.56it/s]
2026-08-04 04:57:30,620 - INFO - HTTP Request: POST https://huggingface.co/api/datasets/unrulyabstractions/temporal-awareness/commit/main "HTTP/1.1 200 OK"
2026-08-04 04:57:30,624 - INFO - [commit 1/1] 94 files, 42.8 MB in 25.5s (1.7 MB/s) | pass total 94/94 files, 42.8 MB, 25.5s
2026-08-04 04:57:30,624 - INFO - Waiting 120s for new files (done-file RUN_COMPLETE: absent)
2026-08-04 04:59:30,639 - INFO - Scanned /root/temporal-awareness/out/experiments/loc_mistral_investment: 305 files on disk, 42 to upload (6.7 MB)
2026-08-04 04:59:30,825 - INFO - HTTP Request: POST https://huggingface.co/api/datasets/unrulyabstractions/temporal-awareness/preupload/main "HTTP/1.1 200 OK"
2026-08-04 04:59:30,901 - INFO - HTTP Request: POST https://huggingface.co/datasets/unrulyabstractions/temporal-awareness.git/info/lfs/objects/batch "HTTP/1.1 200 OK"
combined.png:   0%|          | 0.00/53.2k [00:00<?, ?B/s]
fork.png:   0%|          | 0.00/309k [00:00<?, ?B/s][A

Upload 13 LFS files:   0%|          | 0/13 [00:00<?, ?it/s][A[A


probs.png:   0%|          | 0.00/281k [00:00<?, ?B/s][A[A[A



trajectory.png:   0%|          | 0.00/249k [00:00<?, ?B/s][A[A[A[A




logits.png:   0%|          | 0.00/383k [00:00<?, ?B/s][A[A[A[A[A
fork.png:  64%|██████▎   | 197k/309k [00:00<00:00, 1.94MB/s][A



trajectory.png:  79%|███████▉  | 197k/249k [00:00<00:00, 1.89MB/s][A[A[A[A




logits.png:  51%|█████▏    | 197k/383k [00:00<00:00, 1.57MB/s][A[A[A[A[A2026-08-04 04:59:31,212 - INFO - HTTP Request: PUT https://hf-hub-lfs-us-east-1.s3-accelerate.amazonaws.com/repos/ef/87/ef870e8dc8265ff802cde7e48a97a6727cc657365929f58754efc9d0b87852b3/ce4901f619750474e5f3e963bb51a9adc33d3f21f48fda809da289810bf1eb96?X-Amz-Algorithm=AWS4-HMAC-SHA256&X-Amz-Content-Sha256=UNSIGNED-PAYLOAD&X-Amz-Credential=AKIA2JU7TKAQOYY2AAUF%2F20260804%2Fus-east-1%2Fs3%2Faws4_request&X-Amz-Date=20260804T045930Z&X-Amz-Expires=900&X-Amz-Signature=759a59e38885e8b64c95b191cfa9dd84aa8a685365f95af7b9d351e77bd1e2f7&X-Amz-SignedHeaders=host&x-amz-checksum-crc32=AAAAAA%3D%3D&x-amz-sdk-checksum-algorithm=CRC32&x-amz-storage-class=INTELLIGENT_TIERING&x-id=PutObject "HTTP/1.1 200 OK"
combined.png: 100%|██████████| 53.2k/53.2k [00:00<00:00, 172kB/s]
2026-08-04 04:59:31,233 - INFO - HTTP Request: PUT https://hf-hub-lfs-us-east-1.s3-accelerate.amazonaws.com/repos/ef/87/ef870e8dc8265ff802cde7e48a97a6727cc657365929f58754efc9d0b87852b3/6e510449ac1693d817d27a8c4b8f14c1eebcbdd169b4e71eba8e139a110f483b?X-Amz-Algorithm=AWS4-HMAC-SHA256&X-Amz-Content-Sha256=UNSIGNED-PAYLOAD&X-Amz-Credential=AKIA2JU7TKAQOYY2AAUF%2F20260804%2Fus-east-1%2Fs3%2Faws4_request&X-Amz-Date=20260804T045930Z&X-Amz-Expires=900&X-Amz-Signature=9e597cff39863267e26510e0c1c7d241b636ea62139ba9fc8792a9acfa880d9f&X-Amz-SignedHeaders=host&x-amz-checksum-crc32=AAAAAA%3D%3D&x-amz-sdk-checksum-algorithm=CRC32&x-amz-storage-class=INTELLIGENT_TIERING&x-id=PutObject "HTTP/1.1 200 OK"
trajectory.png: 100%|██████████| 249k/249k [00:00<00:00, 835kB/s] 



probs.png:  23%|██▎       | 65.5k/281k [00:00<00:01, 195kB/s][A[A[A2026-08-04 04:59:31,283 - INFO - HTTP Request: PUT https://hf-hub-lfs-us-east-1.s3-accelerate.amazonaws.com/repos/ef/87/ef870e8dc8265ff802cde7e48a97a6727cc657365929f58754efc9d0b87852b3/3b2fd8db24e209b09e679af1109c7cb1891817883d32a0c6e33b483bb516a5ac?X-Amz-Algorithm=AWS4-HMAC-SHA256&X-Amz-Content-Sha256=UNSIGNED-PAYLOAD&X-Amz-Credential=AKIA2JU7TKAQOYY2AAUF%2F20260804%2Fus-east-1%2Fs3%2Faws4_request&X-Amz-Date=20260804T045930Z&X-Amz-Expires=900&X-Amz-Signature=57e2091c2de5689b7cd759d2017f0f6c3fbffac84bfda2292763e1ed98677288&X-Amz-SignedHeaders=host&x-amz-checksum-crc32=AAAAAA%3D%3D&x-amz-sdk-checksum-algorithm=CRC32&x-amz-storage-class=INTELLIGENT_TIERING&x-id=PutObject "HTTP/1.1 200 OK"
fork.png: 100%|██████████| 309k/309k [00:00<00:00, 882kB/s] 
2026-08-04 04:59:31,328 - INFO - HTTP Request: POST https://huggingface.co/datasets/unrulyabstractions/temporal-awareness.git/info/lfs/objects/verify "HTTP/1.1 200 OK"


Upload 13 LFS files:   8%|▊         | 1/13 [00:00<00:04,  2.53it/s][A[Avocab.png:   0%|          | 0.00/316k [00:00<?, ?B/s]2026-08-04 04:59:31,352 - INFO - HTTP Request: PUT https://hf-hub-lfs-us-east-1.s3-accelerate.amazonaws.com/repos/ef/87/ef870e8dc8265ff802cde7e48a97a6727cc657365929f58754efc9d0b87852b3/e45714c08369dc09b7b7b01b3e01e5df71a94babd4f92610c30ed057b2d936ab?X-Amz-Algorithm=AWS4-HMAC-SHA256&X-Amz-Content-Sha256=UNSIGNED-PAYLOAD&X-Amz-Credential=AKIA2JU7TKAQOYY2AAUF%2F20260804%2Fus-east-1%2Fs3%2Faws4_request&X-Amz-Date=20260804T045930Z&X-Amz-Expires=900&X-Amz-Signature=163df87e65fea0a546ba22d664b9de93fcd62d76404f5a210c4b91fedbbe9c88&X-Amz-SignedHeaders=host&x-amz-checksum-crc32=AAAAAA%3D%3D&x-amz-sdk-checksum-algorithm=CRC32&x-amz-storage-class=INTELLIGENT_TIERING&x-id=PutObject "HTTP/1.1 200 OK"
logits.png: 100%|██████████| 383k/383k [00:00<00:00, 921kB/s] 
2026-08-04 04:59:31,425 - INFO - HTTP Request: POST https://huggingface.co/datasets/unrulyabstractions/temporal-awareness.git/info/lfs/objects/verify "HTTP/1.1 200 OK"

combined.png:   0%|          | 0.00/53.0k [00:00<?, ?B/s][A2026-08-04 04:59:31,460 - INFO - HTTP Request: POST https://huggingface.co/datasets/unrulyabstractions/temporal-awareness.git/info/lfs/objects/verify "HTTP/1.1 200 OK"


Upload 13 LFS files:  23%|██▎       | 3/13 [00:00<00:01,  6.60it/s][A[A



core.png:   0%|          | 0.00/235k [00:00<?, ?B/s][A[A[A[A2026-08-04 04:59:31,516 - INFO - HTTP Request: PUT https://hf-hub-lfs-us-east-1.s3-accelerate.amazonaws.com/repos/ef/87/ef870e8dc8265ff802cde7e48a97a6727cc657365929f58754efc9d0b87852b3/3dccebea395148fc07111b137765292a698baacd8a100c97ac6e4c2bc6b54655?X-Amz-Algorithm=AWS4-HMAC-SHA256&X-Amz-Content-Sha256=UNSIGNED-PAYLOAD&X-Amz-Credential=AKIA2JU7TKAQOYY2AAUF%2F20260804%2Fus-east-1%2Fs3%2Faws4_request&X-Amz-Date=20260804T045930Z&X-Amz-Expires=900&X-Amz-Signature=f8f6dcac7a19371e8e983e12b43a83eb121f834d64e356771f3d78e1369d7f08&X-Amz-SignedHeaders=host&x-amz-checksum-crc32=AAAAAA%3D%3D&x-amz-sdk-checksum-algorithm=CRC32&x-amz-storage-class=INTELLIGENT_TIERING&x-id=PutObject "HTTP/1.1 200 OK"
probs.png: 100%|██████████| 281k/281k [00:00<00:00, 482kB/s] 
2026-08-04 04:59:31,572 - INFO - HTTP Request: PUT https://hf-hub-lfs-us-east-1.s3-accelerate.amazonaws.com/repos/ef/87/ef870e8dc8265ff802cde7e48a97a6727cc657365929f58754efc9d0b87852b3/ccbeb3bc05087f28804640ab06554b574497f1b066728b9d3d2e54845145c9b5?X-Amz-Algorithm=AWS4-HMAC-SHA256&X-Amz-Content-Sha256=UNSIGNED-PAYLOAD&X-Amz-Credential=AKIA2JU7TKAQOYY2AAUF%2F20260804%2Fus-east-1%2Fs3%2Faws4_request&X-Amz-Date=20260804T045930Z&X-Amz-Expires=900&X-Amz-Signature=b4a35d93e4d7f5b8c6a7d61aa87e11a1877c7afd03d7ac6f4ff63b8e5379b58e&X-Amz-SignedHeaders=host&x-amz-checksum-crc32=AAAAAA%3D%3D&x-amz-sdk-checksum-algorithm=CRC32&x-amz-storage-class=INTELLIGENT_TIERING&x-id=PutObject "HTTP/1.1 200 OK"
vocab.png: 100%|██████████| 316k/316k [00:00<00:00, 1.30MB/s]
2026-08-04 04:59:31,592 - INFO - HTTP Request: POST https://huggingface.co/datasets/unrulyabstractions/temporal-awareness.git/info/lfs/objects/verify "HTTP/1.1 200 OK"


Upload 13 LFS files:  31%|███       | 4/13 [00:00<00:01,  6.92it/s][A[Afork.png:   0%|          | 0.00/284k [00:00<?, ?B/s]2026-08-04 04:59:31,605 - INFO - HTTP Request: POST https://huggingface.co/datasets/unrulyabstractions/temporal-awareness.git/info/lfs/objects/verify "HTTP/1.1 200 OK"



logits.png:   0%|          | 0.00/429k [00:00<?, ?B/s][A[A[A2026-08-04 04:59:31,629 - INFO - HTTP Request: PUT https://hf-hub-lfs-us-east-1.s3-accelerate.amazonaws.com/repos/ef/87/ef870e8dc8265ff802cde7e48a97a6727cc657365929f58754efc9d0b87852b3/ad96aff71c524061ce7a933b13d55dcb38fdefdfa89f38cd791dcebee96a2a83?X-Amz-Algorithm=AWS4-HMAC-SHA256&X-Amz-Content-Sha256=UNSIGNED-PAYLOAD&X-Amz-Credential=AKIA2JU7TKAQOYY2AAUF%2F20260804%2Fus-east-1%2Fs3%2Faws4_request&X-Amz-Date=20260804T045930Z&X-Amz-Expires=900&X-Amz-Signature=60f074715ce43124fd4c03a327173ccee123cf2d47261a893b67e541f1120d9e&X-Amz-SignedHeaders=host&x-amz-checksum-crc32=AAAAAA%3D%3D&x-amz-sdk-checksum-algorithm=CRC32&x-amz-storage-class=INTELLIGENT_TIERING&x-id=PutObject "HTTP/1.1 200 OK"
combined.png: 100%|██████████| 53.0k/53.0k [00:00<00:00, 260kB/s]
2026-08-04 04:59:31,637 - INFO - HTTP Request: PUT https://hf-hub-lfs-us-east-1.s3-accelerate.amazonaws.com/repos/ef/87/ef870e8dc8265ff802cde7e48a97a6727cc657365929f58754efc9d0b87852b3/12caf713a6dafa83576d18abe4f9228776fba0f01b7c3d0139a8c699f8985707?X-Amz-Algorithm=AWS4-HMAC-SHA256&X-Amz-Content-Sha256=UNSIGNED-PAYLOAD&X-Amz-Credential=AKIA2JU7TKAQOYY2AAUF%2F20260804%2Fus-east-1%2Fs3%2Faws4_request&X-Amz-Date=20260804T045930Z&X-Amz-Expires=900&X-Amz-Signature=88d642285b9da2e95cae2ee499d632ceb5bbcfc5dc72b7980f68fdd0f09a6268&X-Amz-SignedHeaders=host&x-amz-checksum-crc32=AAAAAA%3D%3D&x-amz-sdk-checksum-algorithm=CRC32&x-amz-storage-class=INTELLIGENT_TIERING&x-id=PutObject "HTTP/1.1 200 OK"
core.png: 100%|██████████| 235k/235k [00:00<00:00, 1.34MB/s]
2026-08-04 04:59:31,729 - INFO - HTTP Request: POST https://huggingface.co/datasets/unrulyabstractions/temporal-awareness.git/info/lfs/objects/verify "HTTP/1.1 200 OK"

probs.png:   0%|          | 0.00/315k [00:00<?, ?B/s][A2026-08-04 04:59:31,741 - INFO - HTTP Request: PUT https://hf-hub-lfs-us-east-1.s3-accelerate.amazonaws.com/repos/ef/87/ef870e8dc8265ff802cde7e48a97a6727cc657365929f58754efc9d0b87852b3/0fb068f7bf615b03b547feb7b5265f7e93c7895f86c148b966bbd41e0114931f?X-Amz-Algorithm=AWS4-HMAC-SHA256&X-Amz-Content-Sha256=UNSIGNED-PAYLOAD&X-Amz-Credential=AKIA2JU7TKAQOYY2AAUF%2F20260804%2Fus-east-1%2Fs3%2Faws4_request&X-Amz-Date=20260804T045930Z&X-Amz-Expires=900&X-Amz-Signature=bbb38feae7c4808bc7fa80cf17f615fb2edaefd7e03595e2d27a3b81939a0f67&X-Amz-SignedHeaders=host&x-amz-checksum-crc32=AAAAAA%3D%3D&x-amz-sdk-checksum-algorithm=CRC32&x-amz-storage-class=INTELLIGENT_TIERING&x-id=PutObject "HTTP/1.1 200 OK"
fork.png: 100%|██████████| 284k/284k [00:00<00:00, 1.92MB/s]
2026-08-04 04:59:31,743 - INFO - HTTP Request: POST https://huggingface.co/datasets/unrulyabstractions/temporal-awareness.git/info/lfs/objects/verify "HTTP/1.1 200 OK"
trajectory.png:   0%|          | 0.00/299k [00:00<?, ?B/s]2026-08-04 04:59:31,764 - INFO - HTTP Request: POST https://huggingface.co/datasets/unrulyabstractions/temporal-awareness.git/info/lfs/objects/verify "HTTP/1.1 200 OK"


Upload 13 LFS files:  46%|████▌     | 6/13 [00:00<00:00,  8.65it/s][A[A



vocab.png:   0%|          | 0.00/290k [00:00<?, ?B/s][A[A[A[A2026-08-04 04:59:31,852 - INFO - HTTP Request: POST https://huggingface.co/datasets/unrulyabstractions/temporal-awareness.git/info/lfs/objects/verify "HTTP/1.1 200 OK"
2026-08-04 04:59:31,861 - INFO - HTTP Request: PUT https://hf-hub-lfs-us-east-1.s3-accelerate.amazonaws.com/repos/ef/87/ef870e8dc8265ff802cde7e48a97a6727cc657365929f58754efc9d0b87852b3/c558b6a63b75d7386c8c92ddbd82b37914367ed4e3d1c41a0ff9d122a10d8211?X-Amz-Algorithm=AWS4-HMAC-SHA256&X-Amz-Content-Sha256=UNSIGNED-PAYLOAD&X-Amz-Credential=AKIA2JU7TKAQOYY2AAUF%2F20260804%2Fus-east-1%2Fs3%2Faws4_request&X-Amz-Date=20260804T045930Z&X-Amz-Expires=900&X-Amz-Signature=7e285919d350c84088f7922dc28ec2eb9320149e90377febd909b6cd072fbf80&X-Amz-SignedHeaders=host&x-amz-checksum-crc32=AAAAAA%3D%3D&x-amz-sdk-checksum-algorithm=CRC32&x-amz-storage-class=INTELLIGENT_TIERING&x-id=PutObject "HTTP/1.1 200 OK"
logits.png: 100%|██████████| 429k/429k [00:00<00:00, 1.68MB/s]
2026-08-04 04:59:31,990 - INFO - HTTP Request: POST https://huggingface.co/datasets/unrulyabstractions/temporal-awareness.git/info/lfs/objects/verify "HTTP/1.1 200 OK"


Upload 13 LFS files:  77%|███████▋  | 10/13 [00:01<00:00, 12.36it/s][A[A2026-08-04 04:59:32,003 - INFO - HTTP Request: PUT https://hf-hub-lfs-us-east-1.s3-accelerate.amazonaws.com/repos/ef/87/ef870e8dc8265ff802cde7e48a97a6727cc657365929f58754efc9d0b87852b3/227d9435458482ea2bc642bf3ae354ecbef38273c48fceaedd1ca69de3092369?X-Amz-Algorithm=AWS4-HMAC-SHA256&X-Amz-Content-Sha256=UNSIGNED-PAYLOAD&X-Amz-Credential=AKIA2JU7TKAQOYY2AAUF%2F20260804%2Fus-east-1%2Fs3%2Faws4_request&X-Amz-Date=20260804T045930Z&X-Amz-Expires=900&X-Amz-Signature=a0ca76c3956e052b46967afb9f6672a5c39574ad2cc5c868620c80b6f95cbb95&X-Amz-SignedHeaders=host&x-amz-checksum-crc32=AAAAAA%3D%3D&x-amz-sdk-checksum-algorithm=CRC32&x-amz-storage-class=INTELLIGENT_TIERING&x-id=PutObject "HTTP/1.1 200 OK"
vocab.png: 100%|██████████| 290k/290k [00:00<00:00, 1.22MB/s]
2026-08-04 04:59:32,054 - INFO - HTTP Request: PUT https://hf-hub-lfs-us-east-1.s3-accelerate.amazonaws.com/repos/ef/87/ef870e8dc8265ff802cde7e48a97a6727cc657365929f58754efc9d0b87852b3/cac37fdd33d9c1e57b9ad3a2ff487b1f3317654f278a61e1c7e1d6bd9088305d?X-Amz-Algorithm=AWS4-HMAC-SHA256&X-Amz-Content-Sha256=UNSIGNED-PAYLOAD&X-Amz-Credential=AKIA2JU7TKAQOYY2AAUF%2F20260804%2Fus-east-1%2Fs3%2Faws4_request&X-Amz-Date=20260804T045930Z&X-Amz-Expires=900&X-Amz-Signature=2dba9718f7af423a020ae3a4a318b801eeb27f9f7b0b0a3fdd6a400d11a8874f&X-Amz-SignedHeaders=host&x-amz-checksum-crc32=AAAAAA%3D%3D&x-amz-sdk-checksum-algorithm=CRC32&x-amz-storage-class=INTELLIGENT_TIERING&x-id=PutObject "HTTP/1.1 200 OK"
probs.png: 100%|██████████| 315k/315k [00:00<00:00, 970kB/s]
2026-08-04 04:59:32,060 - INFO - HTTP Request: PUT https://hf-hub-lfs-us-east-1.s3-accelerate.amazonaws.com/repos/ef/87/ef870e8dc8265ff802cde7e48a97a6727cc657365929f58754efc9d0b87852b3/fbcd2a749b149dcc46975b2a9ca52c86df26eecdd0210247872472787ac9ac87?X-Amz-Algorithm=AWS4-HMAC-SHA256&X-Amz-Content-Sha256=UNSIGNED-PAYLOAD&X-Amz-Credential=AKIA2JU7TKAQOYY2AAUF%2F20260804%2Fus-east-1%2Fs3%2Faws4_request&X-Amz-Date=20260804T045930Z&X-Amz-Expires=900&X-Amz-Signature=18aae3ccb08af2fcdb508129840390a120fa2a5546e831165e6012b4192c030d&X-Amz-SignedHeaders=host&x-amz-checksum-crc32=AAAAAA%3D%3D&x-amz-sdk-checksum-algorithm=CRC32&x-amz-storage-class=INTELLIGENT_TIERING&x-id=PutObject "HTTP/1.1 200 OK"
trajectory.png: 100%|██████████| 299k/299k [00:00<00:00, 944kB/s]
2026-08-04 04:59:32,077 - INFO - HTTP Request: POST https://huggingface.co/datasets/unrulyabstractions/temporal-awareness.git/info/lfs/objects/verify "HTTP/1.1 200 OK"
2026-08-04 04:59:32,169 - INFO - HTTP Request: POST https://huggingface.co/datasets/unrulyabstractions/temporal-awareness.git/info/lfs/objects/verify "HTTP/1.1 200 OK"
2026-08-04 04:59:32,171 - INFO - HTTP Request: POST https://huggingface.co/datasets/unrulyabstractions/temporal-awareness.git/info/lfs/objects/verify "HTTP/1.1 200 OK"


Upload 13 LFS files:  92%|█████████▏| 12/13 [00:01<00:00, 11.94it/s][A[AUpload 13 LFS files: 100%|██████████| 13/13 [00:01<00:00, 10.49it/s]
2026-08-04 04:59:37,241 - INFO - HTTP Request: POST https://huggingface.co/api/datasets/unrulyabstractions/temporal-awareness/commit/main "HTTP/1.1 200 OK"
2026-08-04 04:59:37,244 - INFO - [commit 1/1] 42 files, 6.7 MB in 6.6s (1.0 MB/s) | pass total 42/42 files, 6.7 MB, 6.6s
2026-08-04 04:59:37,244 - INFO - Waiting 120s for new files (done-file RUN_COMPLETE: present)
2026-08-04 05:01:37,259 - INFO - Scanned /root/temporal-awareness/out/experiments/loc_mistral_investment: 305 files on disk, 0 to upload (0.0 B)
2026-08-04 05:01:37,260 - INFO - RUN_COMPLETE is present and nothing is pending; the run is fully synced
2026-08-04 05:01:37,260 - INFO - Done: 460 files, 105.0 MB in 5h57m14s -> unrulyabstractions/temporal-awareness/localization/loc_mistral_investment
2026-08-04 05:01:46,014 - INFO - HTTP Request: GET https://huggingface.co/api/datasets/unrulyabstractions/temporal-awareness "HTTP/1.1 200 OK"
2026-08-04 05:01:46,260 - INFO - Syncing /root/temporal-awareness/out/experiments/loc_mistral_investment -> unrulyabstractions/temporal-awareness/localization/loc_mistral_investment (dataset)
2026-08-04 05:01:46,268 - INFO - Scanned /root/temporal-awareness/out/experiments/loc_mistral_investment: 305 files on disk, 0 to upload (0.0 B)
2026-08-04 05:01:46,268 - INFO - Done: 0 files, 0.0 B in 0.0s -> unrulyabstractions/temporal-awareness/localization/loc_mistral_investment
2026-08-04 05:01:46,414 - INFO - HTTP Request: GET https://huggingface.co/api/datasets/unrulyabstractions/temporal-awareness/tree/main/localization%2Floc_mistral_investment?recursive=true&expand=false "HTTP/1.1 200 OK"
2026-08-04 05:01:46,430 - INFO - Verify unrulyabstractions/temporal-awareness/localization/loc_mistral_investment: 305 local, 305 remote, 0 missing, 0 size-mismatched
