train_dataset,feature_name,best_lr_explicit_layer,best_lr_explicit_acc,best_lr_implicit_layer,best_lr_implicit_acc,best_wlr_explicit_layer,best_wlr_explicit_acc,best_wlr_implicit_layer,best_wlr_implicit_acc,best_mm_explicit_layer,best_mm_explicit_acc,best_mm_implicit_layer,best_mm_implicit_acc,best_wmm_explicit_layer,best_wmm_explicit_acc,best_wmm_implicit_layer,best_wmm_implicit_acc
explicit_train_only,last_answer_token,14,0.995,26,0.8366666666666667,22,0.99,22,0.7866666666666666,14,0.945,14,0.7066666666666667,22,0.995,26,0.79
explicit_train_only,mean_answer_tokens,10,0.985,14,0.81,14,0.985,14,0.6733333333333333,10,0.97,14,0.7416666666666667,14,0.985,22,0.695
explicit_train_plus_redteam_20260322-090107,last_answer_token,18,1.0,26,0.8566666666666667,18,0.98,26,0.7733333333333333,14,0.935,14,0.6316666666666667,18,0.98,26,0.7833333333333333
explicit_train_plus_redteam_20260322-090107,mean_answer_tokens,10,0.985,14,0.855,14,0.985,14,0.75,10,0.97,10,0.7916666666666666,14,0.985,26,0.765
explicit_train_plus_redteam_20260322-090107_plus_20260403-183445,last_answer_token,14,0.99,22,0.86,14,0.955,26,0.7916666666666666,14,0.92,14,0.625,18,0.97,26,0.8033333333333333
explicit_train_plus_redteam_20260322-090107_plus_20260403-183445,mean_answer_tokens,10,0.985,14,0.8916666666666667,14,0.965,14,0.7783333333333333,14,0.975,10,0.7633333333333333,18,0.975,14,0.795
