{
  "model": "codellama/CodeLlama-7b-Python-hf",
  "n_layers": 32,
  "d_model": 4096,
  "pca_dim": 256,
  "n_boot": 1000,
  "behavioral": {
    "code_return": {
      "n": 150,
      "task_accuracy": 0.4266666666666667,
      "exact_match": 0.4266666666666667,
      "any_valid": 0.4266666666666667
    }
  },
  "behavioral_per_type": {
    "int": 0.8,
    "str": 0.16666666666666666,
    "bool": 0.8333333333333334,
    "list": 0.23333333333333334,
    "float": 0.1
  },
  "probing": {
    "layer_0": {
      "probe": 0.6533333333333333,
      "ci_lo": 0.5178571428571429,
      "ci_hi": 0.7543942403177756,
      "bow": 0.44666666666666666,
      "name_only": 0.6533333333333333,
      "gap_name": 0.0,
      "p_value_vs_name": 1.0,
      "probe_wins": 0,
      "n_boot_valid": 1000,
      "best_pos": 2,
      "pca_dim": 256,
      "n_boot": 1000
    },
    "layer_8": {
      "probe": 0.8,
      "ci_lo": 0.6603572862304296,
      "ci_hi": 0.8653846153846154,
      "bow": 0.44666666666666666,
      "name_only": 0.7133333333333333,
      "gap_name": 0.08666666666666678,
      "p_value_vs_name": 0.10699999999999998,
      "probe_wins": 893,
      "n_boot_valid": 1000,
      "best_pos": 3,
      "pca_dim": 256,
      "n_boot": 1000
    },
    "layer_16": {
      "probe": 0.8,
      "ci_lo": 0.6610169491525424,
      "ci_hi": 0.8867924528301887,
      "bow": 0.5533333333333333,
      "name_only": 0.7066666666666666,
      "gap_name": 0.09333333333333349,
      "p_value_vs_name": 0.11599999999999999,
      "probe_wins": 884,
      "n_boot_valid": 1000,
      "best_pos": 4,
      "pca_dim": 256,
      "n_boot": 1000
    },
    "layer_24": {
      "probe": 0.8266666666666668,
      "ci_lo": 0.6833333333333333,
      "ci_hi": 0.8947822141560798,
      "bow": 0.5533333333333333,
      "name_only": 0.7,
      "gap_name": 0.12666666666666682,
      "p_value_vs_name": 0.09399999999999997,
      "probe_wins": 906,
      "n_boot_valid": 1000,
      "best_pos": 4,
      "pca_dim": 256,
      "n_boot": 1000
    },
    "layer_30": {
      "probe": 0.7866666666666667,
      "ci_lo": 0.6665322580645161,
      "ci_hi": 0.8704196217494089,
      "bow": 0.5533333333333333,
      "name_only": 0.74,
      "gap_name": 0.046666666666666745,
      "p_value_vs_name": 0.17700000000000005,
      "probe_wins": 823,
      "n_boot_valid": 1000,
      "best_pos": 4,
      "pca_dim": 256,
      "n_boot": 1000
    },
    "layer_31": {
      "probe": 0.7733333333333334,
      "ci_lo": 0.6346153846153846,
      "ci_hi": 0.8571428571428571,
      "bow": 0.5533333333333333,
      "name_only": 0.72,
      "gap_name": 0.053333333333333455,
      "p_value_vs_name": 0.243,
      "probe_wins": 757,
      "n_boot_valid": 1000,
      "best_pos": 4,
      "pca_dim": 256,
      "n_boot": 1000
    }
  },
  "nonsense_L0": {
    "probe": 0.31999999999999995
  },
  "nonsense_L8": {
    "probe": 0.34
  },
  "nonsense_L16": {
    "probe": 0.32666666666666666
  },
  "nonsense_L24": {
    "probe": 0.3266666666666666
  },
  "nonsense_L30": {
    "probe": 0.3466666666666666
  },
  "nonsense_L31": {
    "probe": 0.38
  },
  "rhyme_behavioral": {
    "rhyme": {
      "n": 90,
      "task_accuracy": 0.13333333333333333,
      "exact_match": 0.011111111111111112,
      "any_valid": 0.13333333333333333
    }
  }
}