{
  "model": "bigcode/santacoder",
  "n_layers": 24,
  "d_model": 2048,
  "pca_dim": 128,
  "n_boot": 1000,
  "behavioral": {
    "code_return": {
      "n": 150,
      "task_accuracy": 0.41333333333333333,
      "exact_match": 0.41333333333333333,
      "any_valid": 0.41333333333333333
    }
  },
  "behavioral_per_type": {
    "int": 0.8666666666666667,
    "str": 0.13333333333333333,
    "bool": 0.6666666666666666,
    "list": 0.23333333333333334,
    "float": 0.16666666666666666
  },
  "probing": {
    "layer_0": {
      "probe": 0.6933333333333334,
      "ci_lo": 0.5613684210526315,
      "ci_hi": 0.7857522796352583,
      "bow": 0.44666666666666666,
      "name_only": 0.6933333333333334,
      "gap_name": 0.0,
      "p_value_vs_name": 1.0,
      "probe_wins": 0,
      "n_boot_valid": 1000,
      "best_pos": 2,
      "pca_dim": 128,
      "n_boot": 1000
    },
    "layer_6": {
      "probe": 0.8466666666666667,
      "ci_lo": 0.6719945355191257,
      "ci_hi": 0.9038461538461539,
      "bow": 0.6866666666666666,
      "name_only": 0.7266666666666666,
      "gap_name": 0.1200000000000001,
      "p_value_vs_name": 0.21999999999999997,
      "probe_wins": 780,
      "n_boot_valid": 1000,
      "best_pos": 6,
      "pca_dim": 128,
      "n_boot": 1000
    },
    "layer_12": {
      "probe": 0.9,
      "ci_lo": 0.7636132511556241,
      "ci_hi": 0.9500781249999999,
      "bow": 0.6733333333333332,
      "name_only": 0.72,
      "gap_name": 0.18000000000000005,
      "p_value_vs_name": 0.020000000000000018,
      "probe_wins": 980,
      "n_boot_valid": 1000,
      "best_pos": 5,
      "pca_dim": 128,
      "n_boot": 1000
    },
    "layer_18": {
      "probe": 0.8600000000000001,
      "ci_lo": 0.6851851851851852,
      "ci_hi": 0.9090909090909091,
      "bow": 0.6733333333333332,
      "name_only": 0.7466666666666667,
      "gap_name": 0.1133333333333334,
      "p_value_vs_name": 0.18999999999999995,
      "probe_wins": 810,
      "n_boot_valid": 1000,
      "best_pos": 5,
      "pca_dim": 128,
      "n_boot": 1000
    },
    "layer_22": {
      "probe": 0.8466666666666667,
      "ci_lo": 0.7082974137931035,
      "ci_hi": 0.9122807017543859,
      "bow": 0.6266666666666667,
      "name_only": 0.7466666666666667,
      "gap_name": 0.09999999999999998,
      "p_value_vs_name": 0.17000000000000004,
      "probe_wins": 830,
      "n_boot_valid": 1000,
      "best_pos": 4,
      "pca_dim": 128,
      "n_boot": 1000
    },
    "layer_23": {
      "probe": 0.8466666666666667,
      "ci_lo": 0.7114772727272728,
      "ci_hi": 0.9149379432624113,
      "bow": 0.6266666666666667,
      "name_only": 0.7466666666666667,
      "gap_name": 0.09999999999999998,
      "p_value_vs_name": 0.16100000000000003,
      "probe_wins": 839,
      "n_boot_valid": 1000,
      "best_pos": 4,
      "pca_dim": 128,
      "n_boot": 1000
    }
  },
  "nonsense_L0": {
    "probe": 0.35333333333333333
  },
  "nonsense_L6": {
    "probe": 0.32666666666666666
  },
  "nonsense_L12": {
    "probe": 0.32
  },
  "nonsense_L18": {
    "probe": 0.33333333333333337
  },
  "nonsense_L22": {
    "probe": 0.3466666666666667
  },
  "nonsense_L23": {
    "probe": 0.3333333333333333
  },
  "rhyme_behavioral": {
    "rhyme": {
      "n": 90,
      "task_accuracy": 0.08888888888888889,
      "exact_match": 0.011111111111111112,
      "any_valid": 0.08888888888888889
    }
  }
}