{
  "model": "codellama/CodeLlama-7b-Python-hf",
  "n_layers": 32,
  "d_model": 4096,
  "pca_dim": 128,
  "n_boot": 1000,
  "behavioral": {
    "code_return": {
      "n": 150,
      "task_accuracy": 0.4266666666666667,
      "exact_match": 0.4266666666666667,
      "any_valid": 0.4266666666666667
    }
  },
  "behavioral_per_type": {
    "int": 0.8,
    "str": 0.16666666666666666,
    "bool": 0.8333333333333334,
    "list": 0.23333333333333334,
    "float": 0.1
  },
  "probing": {
    "layer_0": {
      "probe": 0.6533333333333333,
      "ci_lo": 0.5178571428571429,
      "ci_hi": 0.7543942403177756,
      "bow": 0.44666666666666666,
      "name_only": 0.6533333333333333,
      "gap_name": 0.0,
      "p_value_vs_name": 1.0,
      "probe_wins": 0,
      "n_boot_valid": 1000,
      "best_pos": 2,
      "pca_dim": 128,
      "n_boot": 1000
    },
    "layer_8": {
      "probe": 0.8,
      "ci_lo": 0.6603572862304296,
      "ci_hi": 0.8653846153846154,
      "bow": 0.44666666666666666,
      "name_only": 0.7133333333333333,
      "gap_name": 0.08666666666666678,
      "p_value_vs_name": 0.10699999999999998,
      "probe_wins": 893,
      "n_boot_valid": 1000,
      "best_pos": 3,
      "pca_dim": 128,
      "n_boot": 1000
    },
    "layer_16": {
      "probe": 0.7933333333333333,
      "ci_lo": 0.6666666666666666,
      "ci_hi": 0.8727272727272727,
      "bow": 0.5533333333333333,
      "name_only": 0.7066666666666666,
      "gap_name": 0.08666666666666678,
      "p_value_vs_name": 0.10999999999999999,
      "probe_wins": 890,
      "n_boot_valid": 1000,
      "best_pos": 4,
      "pca_dim": 128,
      "n_boot": 1000
    },
    "layer_24": {
      "probe": 0.8066666666666669,
      "ci_lo": 0.6730681818181818,
      "ci_hi": 0.8793275862068965,
      "bow": 0.5533333333333333,
      "name_only": 0.7,
      "gap_name": 0.10666666666666691,
      "p_value_vs_name": 0.131,
      "probe_wins": 869,
      "n_boot_valid": 1000,
      "best_pos": 4,
      "pca_dim": 128,
      "n_boot": 1000
    },
    "layer_30": {
      "probe": 0.7666666666666666,
      "ci_lo": 0.6326262083780881,
      "ci_hi": 0.8490566037735849,
      "bow": 0.44666666666666666,
      "name_only": 0.74,
      "gap_name": 0.026666666666666616,
      "p_value_vs_name": 0.20999999999999996,
      "probe_wins": 790,
      "n_boot_valid": 1000,
      "best_pos": 3,
      "pca_dim": 128,
      "n_boot": 1000
    },
    "layer_31": {
      "probe": 0.7733333333333332,
      "ci_lo": 0.6199761904761905,
      "ci_hi": 0.8400526315789473,
      "bow": 0.5533333333333333,
      "name_only": 0.72,
      "gap_name": 0.05333333333333323,
      "p_value_vs_name": 0.33599999999999997,
      "probe_wins": 664,
      "n_boot_valid": 1000,
      "best_pos": 4,
      "pca_dim": 128,
      "n_boot": 1000
    }
  },
  "nonsense_L0": {
    "probe": 0.31999999999999995
  },
  "nonsense_L8": {
    "probe": 0.3466666666666667
  },
  "nonsense_L16": {
    "probe": 0.31999999999999995
  },
  "nonsense_L24": {
    "probe": 0.33333333333333337
  },
  "nonsense_L30": {
    "probe": 0.36
  },
  "nonsense_L31": {
    "probe": 0.38
  },
  "rhyme_behavioral": {
    "rhyme": {
      "n": 90,
      "task_accuracy": 0.13333333333333333,
      "exact_match": 0.011111111111111112,
      "any_valid": 0.13333333333333333
    }
  }
}