{
  "model": "pythia-410m",
  "n_layers": 24,
  "d_model": 1024,
  "pca_dim": 128,
  "n_boot": 1000,
  "behavioral": {
    "code_return": {
      "n": 150,
      "task_accuracy": 0.26666666666666666,
      "exact_match": 0.26666666666666666,
      "any_valid": 0.26666666666666666
    }
  },
  "behavioral_per_type": {
    "int": 0.5,
    "str": 0.06666666666666667,
    "bool": 0.6,
    "list": 0.13333333333333333,
    "float": 0.03333333333333333
  },
  "probing": {
    "layer_0": {
      "probe": 0.6199999999999999,
      "ci_lo": 0.5090829346092504,
      "ci_hi": 0.7454545454545455,
      "bow": 0.44666666666666666,
      "name_only": 0.6199999999999999,
      "gap_name": 0.0,
      "p_value_vs_name": 1.0,
      "probe_wins": 0,
      "n_boot_valid": 1000,
      "best_pos": 2,
      "pca_dim": 128,
      "n_boot": 1000
    },
    "layer_6": {
      "probe": 0.6866666666666666,
      "ci_lo": 0.5592812907431551,
      "ci_hi": 0.7872647299509001,
      "bow": 0.5799999999999998,
      "name_only": 0.6199999999999999,
      "gap_name": 0.06666666666666676,
      "p_value_vs_name": 0.43200000000000005,
      "probe_wins": 568,
      "n_boot_valid": 1000,
      "best_pos": 4,
      "pca_dim": 128,
      "n_boot": 1000
    },
    "layer_12": {
      "probe": 0.6933333333333332,
      "ci_lo": 0.5806290322580645,
      "ci_hi": 0.8070175438596491,
      "bow": 0.6799999999999999,
      "name_only": 0.6799999999999999,
      "gap_name": 0.013333333333333308,
      "p_value_vs_name": 0.369,
      "probe_wins": 631,
      "n_boot_valid": 1000,
      "best_pos": 5,
      "pca_dim": 128,
      "n_boot": 1000
    },
    "layer_18": {
      "probe": 0.74,
      "ci_lo": 0.5925925925925926,
      "ci_hi": 0.8114081062194269,
      "bow": 0.5799999999999998,
      "name_only": 0.6666666666666666,
      "gap_name": 0.07333333333333336,
      "p_value_vs_name": 0.359,
      "probe_wins": 641,
      "n_boot_valid": 1000,
      "best_pos": 4,
      "pca_dim": 128,
      "n_boot": 1000
    },
    "layer_22": {
      "probe": 0.7333333333333334,
      "ci_lo": 0.5960805084745763,
      "ci_hi": 0.8214285714285714,
      "bow": 0.4533333333333333,
      "name_only": 0.6733333333333333,
      "gap_name": 0.06000000000000005,
      "p_value_vs_name": 0.137,
      "probe_wins": 863,
      "n_boot_valid": 1000,
      "best_pos": 3,
      "pca_dim": 128,
      "n_boot": 1000
    },
    "layer_23": {
      "probe": 0.7333333333333334,
      "ci_lo": 0.5761501210653753,
      "ci_hi": 0.8113502358490566,
      "bow": 0.6533333333333333,
      "name_only": 0.6199999999999999,
      "gap_name": 0.11333333333333351,
      "p_value_vs_name": 0.268,
      "probe_wins": 732,
      "n_boot_valid": 1000,
      "best_pos": 7,
      "pca_dim": 128,
      "n_boot": 1000
    }
  },
  "nonsense_L0": {
    "probe": 0.3333333333333333
  },
  "nonsense_L6": {
    "probe": 0.36666666666666664
  },
  "nonsense_L12": {
    "probe": 0.33333333333333337
  },
  "nonsense_L18": {
    "probe": 0.31333333333333335
  },
  "nonsense_L22": {
    "probe": 0.3066666666666667
  },
  "nonsense_L23": {
    "probe": 0.30666666666666664
  },
  "rhyme_behavioral": {
    "rhyme": {
      "n": 90,
      "task_accuracy": 0.044444444444444446,
      "exact_match": 0.0,
      "any_valid": 0.044444444444444446
    }
  }
}