{
  "model": "pythia-1b",
  "n_layers": 16,
  "d_model": 2048,
  "pca_dim": 128,
  "n_boot": 1000,
  "behavioral": {
    "code_return": {
      "n": 150,
      "task_accuracy": 0.32,
      "exact_match": 0.32,
      "any_valid": 0.32
    }
  },
  "behavioral_per_type": {
    "int": 0.6333333333333333,
    "str": 0.1,
    "bool": 0.7666666666666667,
    "list": 0.1,
    "float": 0.0
  },
  "probing": {
    "layer_0": {
      "probe": 0.6533333333333333,
      "ci_lo": 0.55,
      "ci_hi": 0.78,
      "bow": 0.44666666666666666,
      "name_only": 0.6533333333333333,
      "gap_name": 0.0,
      "p_value_vs_name": 1.0,
      "probe_wins": 0,
      "n_boot_valid": 1000,
      "best_pos": 2,
      "pca_dim": 128,
      "n_boot": 1000
    },
    "layer_4": {
      "probe": 0.72,
      "ci_lo": 0.5490037950664137,
      "ci_hi": 0.7895481628599801,
      "bow": 0.6799999999999999,
      "name_only": 0.6666666666666666,
      "gap_name": 0.053333333333333344,
      "p_value_vs_name": 0.45499999999999996,
      "probe_wins": 545,
      "n_boot_valid": 1000,
      "best_pos": 5,
      "pca_dim": 128,
      "n_boot": 1000
    },
    "layer_8": {
      "probe": 0.72,
      "ci_lo": 0.6,
      "ci_hi": 0.8490566037735849,
      "bow": 0.6799999999999999,
      "name_only": 0.6599999999999999,
      "gap_name": 0.06000000000000005,
      "p_value_vs_name": 0.16800000000000004,
      "probe_wins": 832,
      "n_boot_valid": 1000,
      "best_pos": 5,
      "pca_dim": 128,
      "n_boot": 1000
    },
    "layer_12": {
      "probe": 0.72,
      "ci_lo": 0.5780786546610169,
      "ci_hi": 0.8039322250639387,
      "bow": 0.6533333333333333,
      "name_only": 0.6599999999999999,
      "gap_name": 0.06000000000000005,
      "p_value_vs_name": 0.373,
      "probe_wins": 627,
      "n_boot_valid": 1000,
      "best_pos": 7,
      "pca_dim": 128,
      "n_boot": 1000
    },
    "layer_14": {
      "probe": 0.7666666666666667,
      "ci_lo": 0.5740079365079365,
      "ci_hi": 0.8000980392156862,
      "bow": 0.6533333333333333,
      "name_only": 0.6533333333333333,
      "gap_name": 0.1133333333333334,
      "p_value_vs_name": 0.31699999999999995,
      "probe_wins": 683,
      "n_boot_valid": 1000,
      "best_pos": 7,
      "pca_dim": 128,
      "n_boot": 1000
    },
    "layer_15": {
      "probe": 0.7933333333333333,
      "ci_lo": 0.5932203389830508,
      "ci_hi": 0.8245614035087719,
      "bow": 0.6533333333333333,
      "name_only": 0.6466666666666667,
      "gap_name": 0.1466666666666666,
      "p_value_vs_name": 0.16700000000000004,
      "probe_wins": 833,
      "n_boot_valid": 1000,
      "best_pos": 7,
      "pca_dim": 128,
      "n_boot": 1000
    }
  },
  "nonsense_L0": {
    "probe": 0.3266666666666667
  },
  "nonsense_L4": {
    "probe": 0.31333333333333335
  },
  "nonsense_L8": {
    "probe": 0.32
  },
  "nonsense_L12": {
    "probe": 0.3333333333333333
  },
  "nonsense_L14": {
    "probe": 0.3
  },
  "nonsense_L15": {
    "probe": 0.30666666666666664
  },
  "rhyme_behavioral": {
    "rhyme": {
      "n": 90,
      "task_accuracy": 0.08888888888888889,
      "exact_match": 0.0,
      "any_valid": 0.08888888888888889
    }
  }
}