{
  "model": "pythia-1.4b",
  "n_layers": 24,
  "d_model": 2048,
  "pca_dim": 128,
  "n_boot": 1000,
  "behavioral": {
    "code_return": {
      "n": 150,
      "task_accuracy": 0.38666666666666666,
      "exact_match": 0.38666666666666666,
      "any_valid": 0.38666666666666666
    }
  },
  "behavioral_per_type": {
    "int": 0.7666666666666667,
    "str": 0.13333333333333333,
    "bool": 0.6,
    "list": 0.3333333333333333,
    "float": 0.1
  },
  "probing": {
    "layer_0": {
      "probe": 0.6733333333333332,
      "ci_lo": 0.5437877480586712,
      "ci_hi": 0.7678914835164835,
      "bow": 0.44666666666666666,
      "name_only": 0.6733333333333332,
      "gap_name": 0.0,
      "p_value_vs_name": 1.0,
      "probe_wins": 0,
      "n_boot_valid": 1000,
      "best_pos": 2,
      "pca_dim": 128,
      "n_boot": 1000
    },
    "layer_6": {
      "probe": 0.76,
      "ci_lo": 0.6078256302521008,
      "ci_hi": 0.8518518518518519,
      "bow": 0.6799999999999999,
      "name_only": 0.7,
      "gap_name": 0.06000000000000005,
      "p_value_vs_name": 0.238,
      "probe_wins": 762,
      "n_boot_valid": 1000,
      "best_pos": 5,
      "pca_dim": 128,
      "n_boot": 1000
    },
    "layer_12": {
      "probe": 0.7466666666666667,
      "ci_lo": 0.6345663265306122,
      "ci_hi": 0.8571428571428571,
      "bow": 0.6799999999999999,
      "name_only": 0.6599999999999999,
      "gap_name": 0.08666666666666678,
      "p_value_vs_name": 0.134,
      "probe_wins": 866,
      "n_boot_valid": 1000,
      "best_pos": 5,
      "pca_dim": 128,
      "n_boot": 1000
    },
    "layer_18": {
      "probe": 0.7666666666666667,
      "ci_lo": 0.6551724137931034,
      "ci_hi": 0.8688904068002428,
      "bow": 0.5799999999999998,
      "name_only": 0.6799999999999999,
      "gap_name": 0.08666666666666678,
      "p_value_vs_name": 0.11099999999999999,
      "probe_wins": 889,
      "n_boot_valid": 1000,
      "best_pos": 4,
      "pca_dim": 128,
      "n_boot": 1000
    },
    "layer_22": {
      "probe": 0.7533333333333333,
      "ci_lo": 0.653804347826087,
      "ci_hi": 0.8628110859728506,
      "bow": 0.5799999999999998,
      "name_only": 0.6533333333333333,
      "gap_name": 0.09999999999999998,
      "p_value_vs_name": 0.11399999999999999,
      "probe_wins": 886,
      "n_boot_valid": 1000,
      "best_pos": 4,
      "pca_dim": 128,
      "n_boot": 1000
    },
    "layer_23": {
      "probe": 0.76,
      "ci_lo": 0.6538461538461539,
      "ci_hi": 0.8666981132075472,
      "bow": 0.5799999999999998,
      "name_only": 0.6666666666666666,
      "gap_name": 0.09333333333333338,
      "p_value_vs_name": 0.11499999999999999,
      "probe_wins": 885,
      "n_boot_valid": 1000,
      "best_pos": 4,
      "pca_dim": 128,
      "n_boot": 1000
    }
  },
  "nonsense_L0": {
    "probe": 0.31999999999999995
  },
  "nonsense_L6": {
    "probe": 0.3466666666666666
  },
  "nonsense_L12": {
    "probe": 0.33999999999999997
  },
  "nonsense_L18": {
    "probe": 0.32666666666666666
  },
  "nonsense_L22": {
    "probe": 0.32666666666666666
  },
  "nonsense_L23": {
    "probe": 0.32666666666666666
  },
  "rhyme_behavioral": {
    "rhyme": {
      "n": 90,
      "task_accuracy": 0.022222222222222223,
      "exact_match": 0.0,
      "any_valid": 0.022222222222222223
    }
  }
}