{
  "model": "NousResearch/Meta-Llama-3.1-8B-Instruct",
  "max_context": 32768,
  "seed": 42,
  "n_options": 5,
  "cases_completed": 43,
  "correct": 10,
  "accuracy": 0.23255813953488372,
  "hedging_rate": 1.0,
  "mean_entropy": 0.18060523898452505,
  "mean_logprob": -0.08116669247129664,
  "accuracy_by_context_bin": {
    "0%-20%": {
      "count": 9,
      "correct": 3,
      "accuracy": 0.3333333333333333,
      "mean_entropy": 0.33458500538546,
      "hedging_rate": 1.0
    },
    "20%-40%": {
      "count": 10,
      "correct": 1,
      "accuracy": 0.1,
      "mean_entropy": 0.18356089108574922,
      "hedging_rate": 1.0
    },
    "40%-60%": {
      "count": 8,
      "correct": 2,
      "accuracy": 0.25,
      "mean_entropy": 0.14033996665113768,
      "hedging_rate": 1.0
    },
    "60%-80%": {
      "count": 9,
      "correct": 2,
      "accuracy": 0.2222222222222222,
      "mean_entropy": 0.13285285716718861,
      "hedging_rate": 1.0
    },
    "80%-100%": {
      "count": 7,
      "correct": 2,
      "accuracy": 0.2857142857142857,
      "mean_entropy": 0.08582226704202081,
      "hedging_rate": 1.0
    }
  }
}