{
  "condition": "baseline",
  "signed_strength": 0.0,
  "steering_applied": false,
  "n_runs": 165,
  "n_tasks": 165,
  "n_trials": 1,
  "success_rate": 0.43636363636363634,
  "mean_reward": 0.43636363636363634,
  "pass^1": 0.43636363636363634,
  "mean_steps": 16.848484848484848,
  "mean_tool_actions": 8.727272727272727,
  "mean_respond_actions": 8.121212121212121,
  "parse_error_rate": 0.15151515151515152,
  "unknown_action_rate": 0.0,
  "tool_error_rate": 0.5818181818181818,
  "transfer_to_human_rate": 0.2,
  "mean_agent_output_tokens": 1101.290909090909,
  "mean_agent_generation_seconds": 102.66558254270842
}
