{
  "condition": "steer_immediate_minus128",
  "signed_strength": -128.0,
  "steering_applied": true,
  "n_runs": 165,
  "n_tasks": 165,
  "n_trials": 1,
  "success_rate": 0.32727272727272727,
  "mean_reward": 0.32727272727272727,
  "pass^1": 0.32727272727272727,
  "mean_steps": 17.563636363636363,
  "mean_tool_actions": 8.957575757575757,
  "mean_respond_actions": 8.606060606060606,
  "parse_error_rate": 0.26666666666666666,
  "unknown_action_rate": 0.0,
  "tool_error_rate": 0.7636363636363637,
  "transfer_to_human_rate": 0.17575757575757575,
  "mean_agent_output_tokens": 1206.0848484848484,
  "mean_agent_generation_seconds": 109.22291270458336
}
