{
  "condition": "steer_long_term_plus128",
  "signed_strength": 128.0,
  "steering_applied": true,
  "n_runs": 165,
  "n_tasks": 165,
  "n_trials": 1,
  "success_rate": 0.28484848484848485,
  "mean_reward": 0.28484848484848485,
  "pass^1": 0.28484848484848485,
  "mean_steps": 16.44242424242424,
  "mean_tool_actions": 8.357575757575757,
  "mean_respond_actions": 8.084848484848484,
  "parse_error_rate": 0.18787878787878787,
  "unknown_action_rate": 0.0,
  "tool_error_rate": 0.6303030303030303,
  "transfer_to_human_rate": 0.3212121212121212,
  "mean_agent_output_tokens": 1307.0969696969696,
  "mean_agent_generation_seconds": 113.36983121525158
}
