{
  "probe_type": "mean_mass",
  "model_name": "gpt2",
  "layer": 10,
  "explicit_dataset_path": "/Users/michalmraz/code/spar-ai/temporal-awareness/data/raw/temporal_scope_AB_randomized/temporal_scope_explicit_expanded_500.json",
  "n_pairs": 500,
  "n_samples": 1000,
  "train_size": 800,
  "test_size": 200,
  "train_accuracy": 0.8375,
  "test_accuracy": 0.855,
  "direction_norm": 35.48947525024414,
  "score_scale": 866.5844116210938,
  "random_state": 42,
  "device": "cpu",
  "created_at": "2026-03-25T21:21:25Z",
  "direction": [
    -0.5664342641830444,
    1.3609778881072998,
    -1.759247064590454,
    0.4267920255661011,
    -0.44560694694519043,
    1.6184511184692383,
    0.7881643772125244,
    2.0037357807159424,
    0.15081888437271118,
    0.7168583869934082,
    0.24590885639190674,
    1.0471038818359375,
    1.660667896270752,
    0.8755700588226318,
    -0.612062931060791,
    0.09359736740589142,
    -1.588937520980835,
    1.3387150764465332,
    0.8002331256866455,
    -0.7267613410949707,
    -1.781033992767334,
    0.7844671010971069,
    0.923064112663269,
    1.2073978185653687,
    -1.2416568994522095,
    0.9792472124099731,
    -1.2080832719802856,
    1.156726360321045,
    -0.63932865858078,
    0.09553301334381104,
    0.7007285952568054,
    -1.5029007196426392,
    0.9766371846199036,
    -1.8216326236724854,
    -1.7377903461456299,
    1.6265138387680054,
    -2.1320676803588867,
    1.819697618484497,
    1.5600340366363525,
    0.6011757850646973,
    0.16307333111763,
    2.064079761505127,
    1.65403413772583,
    0.8741617202758789,
    1.4548101425170898,
    -0.9096988439559937,
    -0.4543810188770294,
    -0.7727494239807129,
    -0.7148070335388184,
    -0.8493880033493042,
    -1.2989892959594727,
    1.775892734527588,
    1.335085391998291,
    1.2450578212738037,
    -1.7653980255126953,
    0.9763717651367188,
    1.351371169090271,
    1.8560473918914795,
    0.023255586624145508,
    -1.4859251976013184,
    -1.0144929885864258,
    0.060471534729003906,
    1.3915680646896362,
    -0.6749584078788757,
    -0.3993797302246094,
    -0.9125676155090332,
    -2.3531060218811035,
    -1.2598721981048584,
    0.062259674072265625,
    0.6755157113075256,
    -2.5505456924438477,
    0.6324681639671326,
    1.9208229780197144,
    1.3302985429763794,
    -0.4235635995864868,
    -2.457223892211914,
    2.085649013519287,
    1.643751859664917,
    0.80675208568573,
    -0.016046524047851562,
    1.8901333808898926,
    2.566326141357422,
    -0.0440906286239624,
    2.6058998107910156,
    -0.416229248046875,
    0.5579873919487,
    -2.1149728298187256,
    -0.21694660186767578,
    -0.026895105838775635,
    1.1806244850158691,
    1.309460163116455,
    -0.2653682827949524,
    1.2829467058181763,
    0.11398208141326904,
    0.8224443793296814,
    2.093514919281006,
    -1.9510854482650757,
    -0.3016165494918823,
    1.543666124343872,
    -1.2119953632354736,
    -0.3261733055114746,
    -0.699188232421875,
    2.0328125953674316,
    1.7782831192016602,
    0.46847063302993774,
    -1.533583402633667,
    0.9499372839927673,
    0.30044376850128174,
    2.8077239990234375,
    -1.9787110090255737,
    -0.566688060760498,
    -0.49865496158599854,
    -2.3496525287628174,
    -0.10961806774139404,
    1.7822716236114502,
    -1.2177821397781372,
    0.09779858589172363,
    -1.1232342720031738,
    -1.6315727233886719,
    -0.7751830816268921,
    -0.5753893852233887,
    1.61724853515625,
    -0.28839176893234253,
    1.2572643756866455,
    1.0997388362884521,
    0.10977411270141602,
    1.3394728899002075,
    -0.27854812145233154,
    -1.3479845523834229,
    0.8694076538085938,
    1.7805447578430176,
    -0.9008245468139648,
    1.4713363647460938,
    -1.568056344985962,
    -0.6397956609725952,
    0.3420701324939728,
    -1.164064884185791,
    -0.8245975971221924,
    -0.06491276621818542,
    -2.867780923843384,
    0.31043219566345215,
    0.6815145015716553,
    1.78294837474823,
    -1.0674355030059814,
    -1.0315324068069458,
    1.2073187828063965,
    1.546973466873169,
    -0.5104148387908936,
    1.4319109916687012,
    -0.9586226940155029,
    0.6158242225646973,
    -2.432886838912964,
    0.8786723613739014,
    0.2122269570827484,
    -1.5771541595458984,
    1.31125807762146,
    -1.2767333984375,
    1.4379627704620361,
    1.4148602485656738,
    0.3137925863265991,
    0.6828372478485107,
    1.129282832145691,
    -0.6301146745681763,
    -0.9879680871963501,
    3.041564702987671,
    -2.515336513519287,
    0.31201258301734924,
    -1.118901252746582,
    -1.6739894151687622,
    -1.258622646331787,
    -0.6058705449104309,
    -1.0308891534805298,
    -2.570723533630371,
    -0.9564673900604248,
    -1.989197850227356,
    -3.600154399871826,
    2.1321964263916016,
    -0.5039021968841553,
    0.044676780700683594,
    -0.18829190731048584,
    -0.5420372486114502,
    -0.7342875003814697,
    0.7996460795402527,
    1.2364826202392578,
    0.6474924683570862,
    0.33873897790908813,
    -4.120111465454102,
    -0.26000943779945374,
    -1.3754127025604248,
    -3.5594263076782227,
    0.12355422973632812,
    3.0417919158935547,
    0.06757527589797974,
    1.1758986711502075,
    -0.9730632901191711,
    -2.811246156692505,
    -2.039398193359375,
    0.04101341962814331,
    0.9217361211776733,
    2.9940168857574463,
    -0.5414110422134399,
    0.6850883960723877,
    -1.7577571868896484,
    1.0889614820480347,
    -1.2012121677398682,
    1.4149444103240967,
    2.7578885555267334,
    1.2165019512176514,
    0.7610809803009033,
    0.5424021482467651,
    -0.7746109962463379,
    -0.25986719131469727,
    0.5375361442565918,
    -2.0647506713867188,
    0.884488582611084,
    0.23139965534210205,
    0.0006949901580810547,
    -3.6241633892059326,
    -3.234856128692627,
    -0.9640560150146484,
    0.31644296646118164,
    -0.474031925201416,
    0.27221250534057617,
    0.45299530029296875,
    0.5176486968994141,
    0.4456901550292969,
    1.0510363578796387,
    -1.932023525238037,
    -0.7608344554901123,
    0.8818480968475342,
    -0.3110499978065491,
    2.1578378677368164,
    1.1200522184371948,
    -0.7524009943008423,
    -2.146205186843872,
    1.301612138748169,
    2.155508518218994,
    1.5776135921478271,
    1.619834542274475,
    0.15172404050827026,
    -1.034334659576416,
    0.6660788059234619,
    -0.29213905334472656,
    0.8649996519088745,
    -0.891943097114563,
    -0.9238227009773254,
    0.23369765281677246,
    -2.295682907104492,
    0.2451779842376709,
    0.3084038496017456,
    -0.5313510298728943,
    -0.9192950129508972,
    0.1634812355041504,
    -2.620095729827881,
    -0.2733025550842285,
    2.542782783508301,
    -2.395951747894287,
    0.0904897153377533,
    2.5481185913085938,
    0.04377448558807373,
    0.7341285943984985,
    1.1054747104644775,
    -1.1705749034881592,
    0.029397249221801758,
    -0.5055773258209229,
    -1.0073519945144653,
    -0.016675949096679688,
    -1.418578863143921,
    -0.9127285480499268,
    1.6973406076431274,
    -0.04142341762781143,
    -0.39347124099731445,
    -1.465124487876892,
    -0.5240616202354431,
    -0.5571060180664062,
    0.7552477121353149,
    -0.18974235653877258,
    0.8966152667999268,
    1.2014663219451904,
    -1.1169617176055908,
    -0.7490747570991516,
    -1.1089891195297241,
    -1.3776955604553223,
    -0.9584214687347412,
    0.22135663032531738,
    -0.27800118923187256,
    -0.9172506928443909,
    -0.4792748689651489,
    0.8119754791259766,
    -1.4602935314178467,
    3.043433427810669,
    -0.09238828718662262,
    0.9362866878509521,
    0.07306849956512451,
    1.7745203971862793,
    -1.122169852256775,
    -1.4275014400482178,
    -0.7832061052322388,
    -0.015317440032958984,
    0.20322704315185547,
    -0.810418963432312,
    -1.2605834007263184,
    0.19490981101989746,
    1.7854652404785156,
    0.7509303689002991,
