{
  "probe_type": "mean_mass",
  "model_name": "gpt2",
  "layer": 7,
  "explicit_dataset_path": "/Users/michalmraz/code/spar-ai/temporal-awareness/data/raw/temporal_scope_AB_randomized/temporal_scope_explicit_expanded_500.json",
  "n_pairs": 500,
  "n_samples": 1000,
  "train_size": 800,
  "test_size": 200,
  "train_accuracy": 0.87,
  "test_accuracy": 0.855,
  "direction_norm": 24.425233840942383,
  "score_scale": 427.16070556640625,
  "random_state": 42,
  "device": "cpu",
  "created_at": "2026-03-25T21:17:20Z",
  "direction": [
    -0.9401309490203857,
    0.9286746382713318,
    -0.12300229072570801,
    0.3000870943069458,
    -0.469992458820343,
    1.0033584833145142,
    0.053505778312683105,
    1.5528099536895752,
    1.5684198141098022,
    -0.589390754699707,
    -0.43971991539001465,
    1.087058424949646,
    0.5211989879608154,
    -0.21649456024169922,
    0.0802299976348877,
    -0.1575080156326294,
    -1.0578501224517822,
    0.7971253395080566,
    0.11553812026977539,
    -0.5743263363838196,
    -2.204066753387451,
    0.6803741455078125,
    0.9191046953201294,
    0.08295333385467529,
    -0.8995155096054077,
    0.24883675575256348,
    -0.5051071643829346,
    1.0416665077209473,
    0.3949105739593506,
    0.5769995450973511,
    0.33857405185699463,
    -1.675729513168335,
    0.489652156829834,
    -0.8326430320739746,
    -1.250314712524414,
    0.4745584726333618,
    -0.2643713355064392,
    1.13157320022583,
    0.17105555534362793,
    -0.31021595001220703,
    -0.21188873052597046,
    0.7509210705757141,
    1.8885663747787476,
    0.7389984726905823,
    -0.1915600299835205,
    -0.5931597948074341,
    -0.7890584468841553,
    -1.161516785621643,
    -0.49072515964508057,
    -0.2124713957309723,
    -1.2567963600158691,
    0.6907749176025391,
    0.22280241549015045,
    0.14368724822998047,
    -0.6473201513290405,
    0.17718148231506348,
    0.9691025614738464,
    1.983093023300171,
    -1.5726920366287231,
    -1.2662296295166016,
    -0.7213137149810791,
    0.5622562170028687,
    0.7929953336715698,
    -0.47857123613357544,
    -0.23937034606933594,
    -0.7946819067001343,
    -1.3389017581939697,
    -1.122188925743103,
    0.3885304629802704,
    0.515363872051239,
    -1.661138892173767,
    0.6801071763038635,
    1.0206314325332642,
    1.0709348917007446,
    0.06195646524429321,
    -0.8042848110198975,
    1.28171706199646,
    1.4913991689682007,
    -0.06131221354007721,
    0.5921630859375,
    1.4654805660247803,
    0.6328624486923218,
    -0.35964372754096985,
    1.6542761325836182,
    -0.49972665309906006,
    0.7215348482131958,
    -0.9459730982780457,
    -0.15171432495117188,
    -0.07753819227218628,
    0.5817610621452332,
    0.7870045900344849,
    -0.12457294762134552,
    0.6582350730895996,
    -0.40704452991485596,
    0.42159906029701233,
    1.5009154081344604,
    -1.334982991218567,
    0.11400562524795532,
    0.9408910870552063,
    -1.5751676559448242,
    0.5897912383079529,
    0.01108694076538086,
    1.100640058517456,
    0.8624652624130249,
    -0.043588586151599884,
    -1.6064624786376953,
    0.29909664392471313,
    0.6633895635604858,
    1.4240421056747437,
    -0.7884480357170105,
    0.034052371978759766,
    -0.11918050050735474,
    -1.4641897678375244,
    0.3329830765724182,
    1.372326374053955,
    -0.505688488483429,
    -0.30939942598342896,
    -0.3264855444431305,
    -1.1779663562774658,
    -1.1510494947433472,
    -0.04140806198120117,
    0.2336863875389099,
    -0.11543941497802734,
    1.1451451778411865,
    1.010524034500122,
    -0.18350212275981903,
    0.8580496907234192,
    0.41321617364883423,
    -0.7079727053642273,
    -0.09627842903137207,
    1.4634013175964355,
    -1.2315421104431152,
    1.5224509239196777,
    -0.7354770302772522,
    -0.2743241786956787,
    0.28230252861976624,
    -0.8582407236099243,
    -0.6154571771621704,
    -0.03790855407714844,
    -1.7464354038238525,
    -0.502027690410614,
    0.3162500858306885,
    1.4040387868881226,
    -0.8167681097984314,
    -0.20972716808319092,
    -0.2732020616531372,
    0.6036832332611084,
    -0.35794904828071594,
    1.6531585454940796,
    -0.670494794845581,
    0.12156349420547485,
    -1.2121655941009521,
    0.6815078854560852,
    0.7160868644714355,
    -1.3655805587768555,
    0.08011771738529205,
    -1.1901108026504517,
    0.7151215076446533,
    0.08869457244873047,
    -0.18808488547801971,
    0.18200445175170898,
    0.9093853235244751,
    -1.1134471893310547,
    -0.8604844212532043,
    2.084960460662842,
    -0.3399925231933594,
    0.6419181823730469,
    0.2994112968444824,
    -0.5712487697601318,
    -0.5662806034088135,
    0.6142333149909973,
    -0.00038695335388183594,
    -2.055245876312256,
    -0.9984070062637329,
    -1.4378573894500732,
    -1.6733423471450806,
    0.772652268409729,
    0.1108250617980957,
    -0.07214713096618652,
    0.130690336227417,
    0.08485925197601318,
    0.08146506547927856,
    -0.3175848722457886,
    1.1045796871185303,
    -0.15433919429779053,
    -0.6570581197738647,
    -2.6485421657562256,
    0.1131429374217987,
    -1.0651153326034546,
    -1.8585375547409058,
    0.043216824531555176,
    1.4729591608047485,
    0.8076053261756897,
    0.4574752449989319,
    -0.5524731874465942,
    -1.6454861164093018,
    -2.0719144344329834,
    0.39584624767303467,
    0.7490021586418152,
    2.4052743911743164,
    -0.11411738395690918,
    0.5221835970878601,
    -0.8230251669883728,
    0.9238843321800232,
    -0.8146157264709473,
    0.20932278037071228,
    1.5465606451034546,
    1.4132087230682373,
    0.3372383117675781,
    0.7869992852210999,
    -0.6796467304229736,
    -0.6093391180038452,
    1.2364643812179565,
    -1.0025306940078735,
    -0.07534444332122803,
    0.4219438433647156,
    -0.5641797780990601,
    -2.2549986839294434,
    -1.4891542196273804,
    0.049933552742004395,
    -0.168626606464386,
    -0.9678765535354614,
    -0.43709468841552734,
    -0.08371992409229279,
    0.1714441180229187,
    -1.2240252494812012,
    0.6455956101417542,
    -0.6746591329574585,
    -0.031090259552001953,
    0.3065965175628662,
    0.18224404752254486,
    1.4718437194824219,
    0.4549645781517029,
    -0.3108082115650177,
    -0.8349145650863647,
    1.6399956941604614,
    0.4485411047935486,
    0.7985999584197998,
    0.5321464538574219,
    -1.1441192626953125,
    -0.9753419160842896,
    0.4850221276283264,
    -0.5431293845176697,
    -0.3578912019729614,
    -0.39058172702789307,
    -0.3039628863334656,
    0.9631204605102539,
    -1.6807997226715088,
    0.6027259230613708,
    -0.19089248776435852,
    0.1389918029308319,
    0.9371036291122437,
    0.14804649353027344,
    -1.3534400463104248,
    -0.6833996772766113,
    1.3509817123413086,
    -1.0375888347625732,
    0.08440876007080078,
    2.630383014678955,
    0.17734268307685852,
    -0.355105996131897,
    1.1705576181411743,
    -0.7629097700119019,
    0.19487214088439941,
    -0.270873486995697,
    0.20905305445194244,
    -0.019143104553222656,
    -0.8232403993606567,
    -0.608569860458374,
    2.004702091217041,
    -0.3802937865257263,
    -0.26892125606536865,
    -0.568703293800354,
    0.046823740005493164,
    -0.365864634513855,
    0.506049394607544,
    0.03971785306930542,
    0.6937342286109924,
    1.0865274667739868,
    -0.895753026008606,
    -0.17710936069488525,
    -0.355671763420105,
    -0.45127809047698975,
    -0.633281946182251,
    0.7529503703117371,
    -0.14432500302791595,
    -1.3687365055084229,
    -0.5440770387649536,
    0.9457378387451172,
    -1.667172908782959,
    1.6699638366699219,
    -0.15322783589363098,
    -0.149210587143898,
    -0.4700693190097809,
    1.5215950012207031,
    -2.256812334060669,
    -0.47744229435920715,
    -0.6096253991127014,
    -0.27729660272598267,
    0.10450088977813721,
    0.022478103637695312,
    -1.0936393737792969,
