{
  "probe_type": "mean_mass",
  "model_name": "gpt2",
  "layer": 3,
  "explicit_dataset_path": "/Users/michalmraz/code/spar-ai/temporal-awareness/data/raw/temporal_scope_AB_randomized/temporal_scope_explicit_expanded_500.json",
  "n_pairs": 500,
  "n_samples": 1000,
  "train_size": 800,
  "test_size": 200,
  "train_accuracy": 0.81,
  "test_accuracy": 0.825,
  "direction_norm": 15.441221237182617,
  "score_scale": 178.55726623535156,
  "random_state": 42,
  "device": "cpu",
  "created_at": "2026-03-25T21:12:30Z",
  "direction": [
    -0.4437759220600128,
    -0.025567419826984406,
    0.26315248012542725,
    0.18934795260429382,
    -0.13367164134979248,
    0.6319538354873657,
    0.4301276206970215,
    0.7905945777893066,
    1.4514362812042236,
    -0.6450490951538086,
    -0.4138377606868744,
    0.4840618669986725,
    -0.4605891704559326,
    -0.08565978705883026,
    -0.004340648651123047,
    0.23848873376846313,
    -0.4846082031726837,
    0.6642448902130127,
    0.10515090823173523,
    -0.13389134407043457,
    -0.9192085862159729,
    0.4484090805053711,
    0.41692012548446655,
    -0.007320314645767212,
    -0.39064693450927734,
    0.16509366035461426,
    -0.6142948269844055,
    0.09652639180421829,
    -0.23841527104377747,
    0.6138103604316711,
    0.30277103185653687,
    -0.5159607529640198,
    0.33394038677215576,
    -0.0919305682182312,
    -0.77259761095047,
    0.4160912036895752,
    -0.141302227973938,
    0.10762004554271698,
    -0.2155093550682068,
    -0.32424992322921753,
    0.04497620463371277,
    0.005383893847465515,
    0.8601516485214233,
    0.0220242440700531,
    -0.12139013409614563,
    -0.17715632915496826,
    -0.3673411011695862,
    -0.7707401514053345,
    -0.34417080879211426,
    -0.3944060802459717,
    -0.6102308630943298,
    0.3714016377925873,
    0.0496404767036438,
    0.30725032091140747,
    0.00024759769439697266,
    0.4204217195510864,
    0.186372309923172,
    1.569253921508789,
    -0.6276153922080994,
    -0.6978498101234436,
    -0.08043918013572693,
    0.06597709655761719,
    -0.028113245964050293,
    -0.6685559749603271,
    -0.2860603332519531,
    -0.4619845151901245,
    -0.2183065265417099,
    -0.49646782875061035,
    -0.14558571577072144,
    0.36613112688064575,
    -1.0216845273971558,
    0.5274648666381836,
    0.2552978992462158,
    0.2884240448474884,
    0.1275932490825653,
    -0.3628733456134796,
    0.6138147115707397,
    0.517772912979126,
    -0.1054241955280304,
    0.008755922317504883,
    0.8016008138656616,
    0.10668396949768066,
    -0.4039258062839508,
    0.27103209495544434,
    0.0061073899269104,
    0.7370039224624634,
    -0.7770276665687561,
    -0.1398906707763672,
    0.08604426681995392,
    0.22067031264305115,
    0.24342381954193115,
    -0.0946485847234726,
    0.7311490178108215,
    -0.7130837440490723,
    0.5351182222366333,
    0.5683470368385315,
    -0.3811444044113159,
    0.04332846403121948,
    0.7175518274307251,
    -0.4343365430831909,
    0.255342960357666,
    0.13419485092163086,
    1.196502923965454,
    0.6038519740104675,
    0.006839632987976074,
    -0.7964960336685181,
    -0.16340449452400208,
    0.1914265751838684,
    1.0557737350463867,
    -0.26114144921302795,
    -0.2380838394165039,
    -0.09243428707122803,
    -0.683268129825592,
    -0.30481013655662537,
    0.7829476594924927,
    -0.6918796896934509,
    -0.5197047591209412,
    -0.35271966457366943,
    -0.8753776550292969,
    -0.8109534978866577,
    0.12791261076927185,
    0.40066468715667725,
    -0.3813517391681671,
    0.7843418717384338,
    0.3374338746070862,
    -0.22240829467773438,
    0.7138106822967529,
    0.7652031779289246,
    -0.12944330275058746,
    -0.4626542329788208,
    0.4096718728542328,
    -0.6530070304870605,
    0.9632610082626343,
    -0.37543603777885437,
    -0.3752138912677765,
    0.340176522731781,
    -0.652949333190918,
    -0.365031361579895,
    0.049443796277046204,
    -0.2614588439464569,
    -0.8191834688186646,
    0.5674424171447754,
    0.4073143005371094,
    -0.5753026008605957,
    -0.20604848861694336,
    -0.08820512890815735,
    0.5708309412002563,
    -0.003182530403137207,
    0.7825515866279602,
    -0.23655986785888672,
    0.578866183757782,
    -1.2462838888168335,
    0.1516486406326294,
    0.7505260705947876,
    -0.5316528081893921,
    -0.30672869086265564,
    -0.4846586585044861,
    0.6841885447502136,
    -0.36469754576683044,
    0.6435120105743408,
    0.23309707641601562,
    -0.07267385721206665,
    -0.5780749917030334,
    -0.8853172063827515,
    1.5867948532104492,
    0.001961231231689453,
    0.4337857961654663,
    0.6758356094360352,
    -0.5484504699707031,
    0.16247540712356567,
    0.6528809666633606,
    0.00980156660079956,
    -1.1746008396148682,
    -0.5898037552833557,
    -0.7225932478904724,
    -0.5595204830169678,
    0.2235933542251587,
    0.07746654748916626,
    -0.43777525424957275,
    0.5057551860809326,
    -0.03140336275100708,
    -0.5731970071792603,
    -0.30187612771987915,
    0.9962133169174194,
    0.01590070128440857,
    -0.5760406255722046,
    -1.2470006942749023,
    0.23557636141777039,
    -1.0204801559448242,
    -0.4186106026172638,
    -0.10457438230514526,
    0.9390913844108582,
    0.2062227725982666,
    0.21750247478485107,
    -0.0974828377366066,
    -1.2511951923370361,
    -1.0080029964447021,
    0.38388606905937195,
    0.3571726083755493,
    1.2758405208587646,
    -0.45400479435920715,
    0.6321551203727722,
    -0.20946413278579712,
    0.6308664083480835,
    -0.3935161232948303,
    0.3316158056259155,
    0.9669619798660278,
    0.09184452891349792,
    0.09347331523895264,
    0.5945241451263428,
    -0.518340528011322,
    -0.48939049243927,
    0.6608421206474304,
    -0.7215585708618164,
    0.09280642867088318,
    0.13331808149814606,
    -0.543840765953064,
    -1.2596893310546875,
    -0.5290106534957886,
    -0.43913254141807556,
    -0.00019991397857666016,
    -0.28978121280670166,
    0.009476922452449799,
    -0.10568013787269592,
    0.6222901344299316,
    -0.8801779747009277,
    0.020353242754936218,
    -0.14165356755256653,
    0.031816720962524414,
    -0.07336843013763428,
    0.2057816982269287,
    0.9511569738388062,
    0.10588708519935608,
    0.08429443836212158,
    -0.34088796377182007,
    0.7318626642227173,
    -0.282928466796875,
    0.5865826606750488,
    -0.4410693049430847,
    -0.2872793674468994,
    -0.4553750157356262,
    0.8899784088134766,
    -0.616569995880127,
    0.08814731240272522,
    -0.6266143918037415,
    -0.30368390679359436,
    1.0254448652267456,
    -0.7312107682228088,
    -0.21346861124038696,
    -0.17360293865203857,
    0.11312888562679291,
    0.4660474956035614,
    0.15003734827041626,
    -0.7164044976234436,
    0.09328877925872803,
    0.678411602973938,
    -0.30679938197135925,
    0.4945850372314453,
    1.0863518714904785,
    -0.248465895652771,
    -0.3354344964027405,
    0.7395360469818115,
    -0.3267176151275635,
    -0.3082728981971741,
    -0.04684540629386902,
    0.18587537109851837,
    0.036220550537109375,
    -0.910072922706604,
    0.28625938296318054,
    1.1952455043792725,
    0.056487828493118286,
    0.1881837248802185,
    -0.6327881813049316,
    0.2166985720396042,
    -0.003378152847290039,
    -0.06444740295410156,
    0.5103088617324829,
    0.5664932727813721,
    1.4371223449707031,
    -0.8580740690231323,
    -0.06079840660095215,
    -0.208346426486969,
    0.3117276430130005,
    -0.31969451904296875,
    1.3445074558258057,
    -0.51921147108078,
    -0.8841872215270996,
    -0.32300227880477905,
    1.1428518295288086,
    -1.2273892164230347,
    1.1958072185516357,
    -0.09687753021717072,
    -0.14592193067073822,
    -0.4160248041152954,
    0.9968611598014832,
    -0.8797418475151062,
    -0.012061253190040588,
    -0.22661715745925903,
    -0.694818377494812,
