depth,probe,turn,kind,n_tokens,ctx_tokens,share
0,0,0,system,48,204,0.23783455836014764
0,0,1,probe,143,204,0.19658836419210432
0,1,0,system,48,309,0.22603289841834528
0,1,1,probe,248,309,0.20167295400884777
0,2,0,system,48,434,0.22134412876117873
0,2,1,probe,373,434,0.21517301787911264
0,3,0,system,48,372,0.22251654941938934
0,3,1,probe,311,372,0.2090078458660851
0,4,0,system,48,359,0.223500042563931
0,4,1,probe,298,359,0.20793302355793672
0,5,0,system,48,384,0.21518733433634923
0,5,1,probe,323,384,0.21585071737111453
0,6,0,system,48,320,0.22449567635019413
0,6,1,probe,259,320,0.2092389199402403
0,7,0,system,48,417,0.21855864152281454
0,7,1,probe,356,417,0.21292582451585415
0,8,0,system,48,297,0.22471518291269751
0,8,1,probe,236,297,0.21028229747455426
0,9,0,system,48,693,0.2086497214911768
0,9,1,probe,632,693,0.22435648384052592
0,10,0,system,48,343,0.22145103950799155
0,10,1,probe,282,343,0.20979348744369145
0,11,0,system,48,317,0.22572526297328038
0,11,1,probe,256,317,0.2071072218550222
0,12,0,system,48,340,0.22321925240431253
0,12,1,probe,279,340,0.20228654307634275
0,13,0,system,48,383,0.21609840881791362
0,13,1,probe,322,383,0.21260943035852
0,14,0,system,48,582,0.21143280298584763
0,14,1,probe,521,582,0.22325559899513353
0,15,0,system,48,420,0.21890075978080845
0,15,1,probe,359,420,0.21281485537632724
0,16,0,system,48,260,0.23347330762014187
0,16,1,probe,199,260,0.20402299121661185
0,17,0,system,48,348,0.22848120590987983
0,17,1,probe,287,348,0.2103003994089363
0,18,0,system,48,417,0.22703879682228373
0,18,1,probe,356,417,0.20964809442105234
0,19,0,system,48,391,0.22479424503586928
0,19,1,probe,330,391,0.2084992273338671
0,20,0,system,48,378,0.21766319125424735
0,20,1,probe,317,378,0.21376909275617656
0,21,0,system,48,480,0.21224399198243213
0,21,1,probe,419,480,0.21957166858024937
0,22,0,system,48,476,0.21248625032880616
0,22,1,probe,415,476,0.2182464131286231
0,23,0,system,48,362,0.22601040237709666
0,23,1,probe,301,362,0.20950786302938523
0,24,0,system,48,296,0.2276124266384937
0,24,1,probe,235,296,0.20723340074480673
0,25,0,system,48,478,0.21094835431229889
0,25,1,probe,417,478,0.220103689177702
0,26,0,system,48,333,0.22529901687045076
0,26,1,probe,272,333,0.2075914326509715
0,27,0,system,48,444,0.21565846525750507
0,27,1,probe,383,444,0.22010592574918203
0,28,0,system,48,388,0.21804624673898979
0,28,1,probe,327,388,0.21356104721123012
0,29,0,system,48,405,0.2119071118332983
0,29,1,probe,344,405,0.2199470952784621
0,30,0,system,48,329,0.22614264743678145
0,30,1,probe,268,329,0.20550852390204336
0,31,0,system,48,329,0.22650874173706503
0,31,1,probe,268,329,0.20649511166262785
0,32,0,system,48,412,0.21984906796992432
0,32,1,probe,351,412,0.21237852847559524
0,33,0,system,48,278,0.2298134066370901
0,33,1,probe,217,278,0.20526891107995712
0,34,0,system,48,537,0.2153134528049932
0,34,1,probe,476,537,0.2149265072398801
0,35,0,system,48,331,0.22551456723876223
0,35,1,probe,270,331,0.20326087327712342
0,36,0,system,48,497,0.21820718449768345
0,36,1,probe,436,497,0.22045197265405328
0,37,0,system,48,315,0.22345417828357186
0,37,1,probe,254,315,0.20858357009468045
0,38,0,system,48,285,0.22769262967989054
0,38,1,probe,224,285,0.20522612994805245
0,39,0,system,48,369,0.22238313461775142
0,39,1,probe,308,369,0.2069598139847502
2,0,0,system,48,677,0.1528416401348509
2,0,1,filler_q,22,677,0.009599863718881043
2,0,2,filler_a,200,677,0.04082272773289267
2,0,3,filler_q,32,677,0.011786722836190802
2,0,4,filler_a,199,677,0.058303595261061554
2,0,5,probe,143,677,0.17579594134426388
2,1,0,system,48,782,0.14420335888532496
2,1,1,filler_q,22,782,0.008287533015467325
2,1,2,filler_a,200,782,0.039712826278695934
2,1,3,filler_q,32,782,0.012822206347917392
2,1,4,filler_a,199,782,0.05717766631213097
2,1,5,probe,248,782,0.18110801187497425
2,2,0,system,48,907,0.14396141972242002
2,2,1,filler_q,22,907,0.009342969835054355
2,2,2,filler_a,200,907,0.040886312394899545
2,2,3,filler_q,32,907,0.013817847297222024
2,2,4,filler_a,199,907,0.05520063090328212
2,2,5,probe,373,907,0.17672035602223765
2,3,0,system,48,845,0.14752575822587083
2,3,1,filler_q,22,845,0.009262697509086393
2,3,2,filler_a,200,845,0.03967553302117711
2,3,3,filler_q,32,845,0.01314108916127622
2,3,4,filler_a,199,845,0.056009755781230415
2,3,5,probe,311,845,0.17398130935657982
2,4,0,system,48,832,0.14315142280222876
2,4,1,filler_q,22,832,0.009188888493153758
2,4,2,filler_a,200,832,0.03833640804278514
2,4,3,filler_q,32,832,0.013258214809715074
2,4,4,filler_a,199,832,0.056798030520452944
2,4,5,probe,298,832,0.17567637021983593
2,5,0,system,48,857,0.14382196878744205
2,5,1,filler_q,22,857,0.00890249929707822
2,5,2,filler_a,200,857,0.03860823051264996
2,5,3,filler_q,32,857,0.012447768759688022
2,5,4,filler_a,199,857,0.05610171569718374
2,5,5,probe,323,857,0.1820582382829757
2,6,0,system,48,793,0.14650729670301227
2,6,1,filler_q,22,793,0.008500355541502658
2,6,2,filler_a,200,793,0.038905203461715075
2,6,3,filler_q,32,793,0.013137391192719575
2,6,4,filler_a,199,793,0.05634958212098899
2,6,5,probe,259,793,0.1787910313093524
2,7,0,system,48,890,0.13945619192687067
2,7,1,filler_q,22,890,0.009300954663509968
2,7,2,filler_a,200,890,0.03947885244087062
2,7,3,filler_q,32,890,0.014074712709067414
2,7,4,filler_a,199,890,0.055830799234280436
2,7,5,probe,356,890,0.18167248492658553
2,8,0,system,48,770,0.14717515335141867
2,8,1,filler_q,22,770,0.00828429173909922
2,8,2,filler_a,200,770,0.040905132311754515
2,8,3,filler_q,32,770,0.011669228366477423
2,8,4,filler_a,199,770,0.05529607871696146
2,8,5,probe,236,770,0.17807515168904725
2,9,0,system,48,1166,0.14336355677517582
2,9,1,filler_q,22,1166,0.010747015890892272
2,9,2,filler_a,200,1166,0.04414858049639441
2,9,3,filler_q,32,1166,0.013959412230421483
2,9,4,filler_a,199,1166,0.05212394276209468
2,9,5,probe,632,1166,0.18021050720231724
2,10,0,system,48,816,0.14156246395476949
2,10,1,filler_q,22,816,0.009215188984100158
2,10,2,filler_a,200,816,0.03724811487962249
2,10,3,filler_q,32,816,0.01319716580847025
2,10,4,filler_a,199,816,0.056888221658097426
2,10,5,probe,282,816,0.17717373148324045
2,11,0,system,48,790,0.14698656838009674
2,11,1,filler_q,22,790,0.008323639597619186
2,11,2,filler_a,200,790,0.039342239276875225
2,11,3,filler_q,32,790,0.012720090909009956
2,11,4,filler_a,199,790,0.05662571886889593
2,11,5,probe,256,790,0.1738641324621447
2,12,0,system,48,813,0.1428317869768046
2,12,1,filler_q,22,813,0.009429932341707198
2,12,2,filler_a,200,813,0.03841635012531308
2,12,3,filler_q,32,813,0.01316561625835909
2,12,4,filler_a,199,813,0.05531034215681859
2,12,5,probe,279,813,0.17006486665891993
2,13,0,system,48,856,0.14276675596430607
2,13,1,filler_q,22,856,0.008907390508125161
2,13,2,filler_a,200,856,0.03862947465400991
2,13,3,filler_q,32,856,0.012750458359521098
2,13,4,filler_a,199,856,0.05709021557922028
2,13,5,probe,322,856,0.1815792691856397
2,14,0,system,48,1055,0.1419958087798554
2,14,1,filler_q,22,1055,0.010838868456552813
2,14,2,filler_a,200,1055,0.0438291561780274
2,14,3,filler_q,32,1055,0.014849060978745865
2,14,4,filler_a,199,1055,0.05316575357922829
2,14,5,probe,521,1055,0.17613094818430092
2,15,0,system,48,893,0.13896260001231112
2,15,1,filler_q,22,893,0.008886541460912365
2,15,2,filler_a,200,893,0.038642094960126716
2,15,3,filler_q,32,893,0.013834237194592895
2,15,4,filler_a,199,893,0.0551953402944344
2,15,5,probe,359,893,0.18449739260990947
2,16,0,system,48,733,0.1479420142707961
2,16,1,filler_q,22,733,0.00936306576803955
2,16,2,filler_a,200,733,0.04253109955982847
2,16,3,filler_q,32,733,0.012010309243378555
2,16,4,filler_a,199,733,0.057935711656803814
2,16,5,probe,199,733,0.17938227103583024
2,17,0,system,48,821,0.14380371145343035
2,17,1,filler_q,22,821,0.009446987918891522
2,17,2,filler_a,200,821,0.03786438191306559
2,17,3,filler_q,32,821,0.01341284216733291
2,17,4,filler_a,199,821,0.05677641353481424
2,17,5,probe,287,821,0.17951960122430097
2,18,0,system,48,890,0.1454174517331738
2,18,1,filler_q,22,890,0.00924840478179989
2,18,2,filler_a,200,890,0.03948081276550109
2,18,3,filler_q,32,890,0.013991480801650132
2,18,4,filler_a,199,890,0.054955279106171186
2,18,5,probe,356,890,0.17432241604827103
2,19,0,system,48,864,0.14517978426967101
2,19,1,filler_q,22,864,0.009297945070096613
2,19,2,filler_a,200,864,0.04072836311497775
2,19,3,filler_q,32,864,0.012842722763189665
2,19,4,filler_a,199,864,0.05824331580135068
2,19,5,probe,330,864,0.17369019131930935
2,20,0,system,48,851,0.1445086353771488
2,20,1,filler_q,22,851,0.008890822906861521
2,20,2,filler_a,200,851,0.03811654545160387
2,20,3,filler_q,32,851,0.01275284156935041
2,20,4,filler_a,199,851,0.05749339939187253
2,20,5,probe,317,851,0.17874541923283024
2,21,0,system,48,953,0.14886145560963565
2,21,1,filler_q,22,953,0.009469591454539624
2,21,2,filler_a,200,953,0.03991765860985808
2,21,3,filler_q,32,953,0.01388740790005212
2,21,4,filler_a,199,953,0.05304693980483488
2,21,5,probe,419,953,0.16896782524187387
2,22,0,system,48,949,0.14553852551493177
2,22,1,filler_q,22,949,0.009173126567998593
2,22,2,filler_a,200,949,0.038917774052120595
2,22,3,filler_q,32,949,0.013620047230262205
2,22,4,filler_a,199,949,0.05290866323104783
2,22,5,probe,415,949,0.17737611133626616
2,23,0,system,48,835,0.14358939125893994
2,23,1,filler_q,22,835,0.009393103434705783
2,23,2,filler_a,200,835,0.03963920271647031
2,23,3,filler_q,32,835,0.013652933644011876
2,23,4,filler_a,199,835,0.058159764608823224
2,23,5,probe,301,835,0.17652059481358837
2,24,0,system,48,769,0.14629003647420927
2,24,1,filler_q,22,769,0.008270863268324758
2,24,2,filler_a,200,769,0.04111452513604918
2,24,3,filler_q,32,769,0.011634044193601464
2,24,4,filler_a,199,769,0.05511563860665398
2,24,5,probe,235,769,0.17843971625692823
2,25,0,system,48,951,0.14415418686548365
2,25,1,filler_q,22,951,0.009470720073572511
2,25,2,filler_a,200,951,0.03918744873818088
2,25,3,filler_q,32,951,0.013858961446344449
2,25,4,filler_a,199,951,0.05335443158704111
2,25,5,probe,417,951,0.1784634999945361
2,26,0,system,48,806,0.1453559450958485
2,26,1,filler_q,22,806,0.00934624382063616
2,26,2,filler_a,200,806,0.03851092213974609
2,26,3,filler_q,32,806,0.013764863178998896
2,26,4,filler_a,199,806,0.05513369289971887
2,26,5,probe,272,806,0.17775096969947607
2,27,0,system,48,917,0.1432535255219957
2,27,1,filler_q,22,917,0.0089221267393808
2,27,2,filler_a,200,917,0.0397532587472394
2,27,3,filler_q,32,917,0.014417179899176789
2,27,4,filler_a,199,917,0.054865590528872646
2,27,5,probe,383,917,0.17842046914737145
2,28,0,system,48,861,0.14233947067209382
2,28,1,filler_q,22,861,0.00907713718542782
2,28,2,filler_a,200,861,0.03972375521786931
2,28,3,filler_q,32,861,0.01280647769507855
2,28,4,filler_a,199,861,0.05806561023367288
2,28,5,probe,327,861,0.17987657132401683
2,29,0,system,48,878,0.14045737203897524
2,29,1,filler_q,22,878,0.009148028758748105
2,29,2,filler_a,200,878,0.04005649406963219
2,29,3,filler_q,32,878,0.011949198251253398
2,29,4,filler_a,199,878,0.05615127994423785
2,29,5,probe,344,878,0.18317857232796056
2,30,0,system,48,802,0.14672495381934372
2,30,1,filler_q,22,802,0.008962508173442477
2,30,2,filler_a,200,802,0.03875936881900594
2,30,3,filler_q,32,802,0.013508882377835285
2,30,4,filler_a,199,802,0.056080187356599566
2,30,5,probe,268,802,0.17655711808255997
2,31,0,system,48,802,0.14399364713273624
2,31,1,filler_q,22,802,0.008941513560135724
2,31,2,filler_a,200,802,0.03833355051094304
2,31,3,filler_q,32,802,0.013274388973999064
2,31,4,filler_a,199,802,0.055026489899586875
2,31,5,probe,268,802,0.17891993325719072
2,32,0,system,48,885,0.14218119548696237
2,32,1,filler_q,22,885,0.009563520895370986
2,32,2,filler_a,200,885,0.04059748393041983
2,32,3,filler_q,32,885,0.013568183531022722
2,32,4,filler_a,199,885,0.05688950778989058
2,32,5,probe,351,885,0.1738187286908547
2,33,0,system,48,751,0.1471416551705837
2,33,1,filler_q,22,751,0.008516472436815182
2,33,2,filler_a,200,751,0.04128175693406732
2,33,3,filler_q,32,751,0.011586451684786605
2,33,4,filler_a,199,751,0.056536211759280156
2,33,5,probe,217,751,0.18508555173968974
2,34,0,system,48,1010,0.14523903915110628
2,34,1,filler_q,22,1010,0.0103265622440674
2,34,2,filler_a,200,1010,0.04143593682942708
2,34,3,filler_q,32,1010,0.012510231950852166
2,34,4,filler_a,199,1010,0.053625352001622946
2,34,5,probe,476,1010,0.17775513476933402
2,35,0,system,48,804,0.145867105343815
2,35,1,filler_q,22,804,0.009209616156019033
2,35,2,filler_a,200,804,0.03864857259691674
2,35,3,filler_q,32,804,0.013376451071497783
2,35,4,filler_a,199,804,0.05505107367018737
2,35,5,probe,270,804,0.17582338941522585
2,36,0,system,48,970,0.1446494654163509
2,36,1,filler_q,22,970,0.009417681750159093
2,36,2,filler_a,200,970,0.038075127150223084
2,36,3,filler_q,32,970,0.013449705706135087
2,36,4,filler_a,199,970,0.05469591150400206
2,36,5,probe,436,970,0.1821508402507952
2,37,0,system,48,788,0.14621899732148685
2,37,1,filler_q,22,788,0.008122903449622973
2,37,2,filler_a,200,788,0.03902233702883402
2,37,3,filler_q,32,788,0.012617925882563663
2,37,4,filler_a,199,788,0.055265921808441
2,37,5,probe,254,788,0.1801321581037692
2,38,0,system,48,758,0.14647517763664536
2,38,1,filler_q,22,758,0.008117413722454298
2,38,2,filler_a,200,758,0.04078294348669723
2,38,3,filler_q,32,758,0.011228269842935887
2,38,4,filler_a,199,758,0.05663049753651182
2,38,5,probe,224,758,0.18480352269457148
2,39,0,system,48,842,0.14553056599463482
2,39,1,filler_q,22,842,0.009420236167299279
2,39,2,filler_a,200,842,0.03994082406414525
2,39,3,filler_q,32,842,0.013689475263766734
2,39,4,filler_a,199,842,0.05682273838956846
2,39,5,probe,308,842,0.1719637435146732
4,0,0,system,48,1140,0.14382412912371229
4,0,1,filler_q,22,1140,0.005831907340095341
4,0,2,filler_a,200,1140,0.023560181622101193
4,0,3,filler_q,32,1140,0.004634627294628013
4,0,4,filler_a,199,1140,0.016796030212430972
4,0,5,filler_q,24,1140,0.004882221917368806
4,0,6,filler_a,200,1140,0.01752472087052496
4,0,7,filler_q,19,1140,0.0061953246973439
4,0,8,filler_a,200,1140,0.04129576551428694
4,0,9,probe,143,1140,0.19277975638186878
4,1,0,system,48,1245,0.13865224982466887
4,1,1,filler_q,22,1245,0.006068106817650693
4,1,2,filler_a,200,1245,0.022460192428789195
4,1,3,filler_q,32,1245,0.005387043424750437
4,1,4,filler_a,199,1245,0.01755866069342416
4,1,5,filler_q,24,1245,0.004157034155365975
4,1,6,filler_a,200,1245,0.018243302267887538
4,1,7,filler_q,19,1245,0.007065515684218567
4,1,8,filler_a,200,1245,0.03914261632477982
4,1,9,probe,248,1245,0.19646786591600168
4,2,0,system,48,1370,0.13592118059779743
4,2,1,filler_q,22,1370,0.005542064534530695
4,2,2,filler_a,200,1370,0.023866556939587225
4,2,3,filler_q,32,1370,0.004209351040599537
4,2,4,filler_a,199,1370,0.019313155867312005
4,2,5,filler_q,24,1370,0.005521959700913863
4,2,6,filler_a,200,1370,0.017359724293867333
4,2,7,filler_q,19,1370,0.009168832594651524
4,2,8,filler_a,200,1370,0.037104426367827625
4,2,9,probe,373,1370,0.192117355128425
4,3,0,system,48,1308,0.1365677727312348
4,3,1,filler_q,22,1308,0.005919359610527598
4,3,2,filler_a,200,1308,0.022065119147520174
4,3,3,filler_q,32,1308,0.004695853127829554
4,3,4,filler_a,199,1308,0.018402774795798302
4,3,5,filler_q,24,1308,0.005235467533075702
4,3,6,filler_a,200,1308,0.01670374119792065
4,3,7,filler_q,19,1308,0.008536822243406355
4,3,8,filler_a,200,1308,0.03852056680983941
4,3,9,probe,311,1308,0.19249377820504945
4,4,0,system,48,1295,0.1360121821058645
4,4,1,filler_q,22,1295,0.005675017293849379
4,4,2,filler_a,200,1295,0.022027573726868616
4,4,3,filler_q,32,1295,0.004454789779993219
4,4,4,filler_a,199,1295,0.018343870205271534
4,4,5,filler_q,24,1295,0.0053869372133417
4,4,6,filler_a,200,1295,0.01617874862231548
4,4,7,filler_q,19,1295,0.008422367920357216
4,4,8,filler_a,200,1295,0.039273771014927086
4,4,9,probe,298,1295,0.19222504383124603
4,5,0,system,48,1320,0.1337681014431375
4,5,1,filler_q,22,1320,0.006014079819381782
4,5,2,filler_a,200,1320,0.02267712715907363
4,5,3,filler_q,32,1320,0.004710114449291925
4,5,4,filler_a,199,1320,0.018523566864785453
4,5,5,filler_q,24,1320,0.004991699185886339
4,5,6,filler_a,200,1320,0.016627618977814482
4,5,7,filler_q,19,1320,0.007754767277569984
4,5,8,filler_a,200,1320,0.03774580782224015
4,5,9,probe,323,1320,0.1971059913081926
4,6,0,system,48,1256,0.13950412871206705
4,6,1,filler_q,22,1256,0.005907623703994057
4,6,2,filler_a,200,1256,0.022661625362062565
4,6,3,filler_q,32,1256,0.005070282346603392
4,6,4,filler_a,199,1256,0.017663297685048453
4,6,5,filler_q,24,1256,0.004264235352120495
4,6,6,filler_a,200,1256,0.017035113960929323
4,6,7,filler_q,19,1256,0.008752384783814888
4,6,8,filler_a,200,1256,0.03811738343339505
4,6,9,probe,259,1256,0.19474154835766774
4,7,0,system,48,1353,0.132558512590626
4,7,1,filler_q,22,1353,0.005747197531387166
4,7,2,filler_a,200,1353,0.022542582316175033
4,7,3,filler_q,32,1353,0.004199742679527934
4,7,4,filler_a,199,1353,0.018678675429465174
4,7,5,filler_q,24,1353,0.005771894472415448
4,7,6,filler_a,200,1353,0.017264074060929935
4,7,7,filler_q,19,1353,0.008400659034622617
4,7,8,filler_a,200,1353,0.03752663281067698
4,7,9,probe,356,1353,0.19550849833597944
4,8,0,system,48,1233,0.14178187626187672
4,8,1,filler_q,22,1233,0.006364895629426972
4,8,2,filler_a,200,1233,0.02258011301643174
4,8,3,filler_q,32,1233,0.00559027249915144
4,8,4,filler_a,199,1233,0.01643261308597414
4,8,5,filler_q,24,1233,0.004289166088096376
4,8,6,filler_a,200,1233,0.018074575602428835
4,8,7,filler_q,19,1233,0.0069770370891378405
4,8,8,filler_a,200,1233,0.03895815985146911
4,8,9,probe,236,1233,0.19419902411482642
4,9,0,system,48,1629,0.12773404359216844
4,9,1,filler_q,22,1629,0.006884585605264033
4,9,2,filler_a,200,1629,0.02589468908178826
4,9,3,filler_q,32,1629,0.005355333409475859
4,9,4,filler_a,199,1629,0.020232371130791408
4,9,5,filler_q,24,1629,0.006359098643778638
4,9,6,filler_a,200,1629,0.019316895819767418
4,9,7,filler_q,19,1629,0.009476260553577065
4,9,8,filler_a,200,1629,0.033468821398736213
4,9,9,probe,632,1629,0.19467753083441733
4,10,0,system,48,1279,0.137500373373309
4,10,1,filler_q,22,1279,0.005466033357689484
4,10,2,filler_a,200,1279,0.02132027832439008
4,10,3,filler_q,32,1279,0.004445533264873764
4,10,4,filler_a,199,1279,0.01739878014971937
4,10,5,filler_q,24,1279,0.005074570711432713
4,10,6,filler_a,200,1279,0.01635360457550992
4,10,7,filler_q,19,1279,0.00787664973999216
4,10,8,filler_a,200,1279,0.036946841995643645
4,10,9,probe,282,1279,0.19337447827784923
4,11,0,system,48,1253,0.14081049863828196
4,11,1,filler_q,22,1253,0.005975744165334311
4,11,2,filler_a,200,1253,0.022793489469061717
4,11,3,filler_q,32,1253,0.005061489791995263
4,11,4,filler_a,199,1253,0.017967755565220768
4,11,5,filler_q,24,1253,0.004319383251011835
4,11,6,filler_a,200,1253,0.0173884059547394
4,11,7,filler_q,19,1253,0.008136049050862527
4,11,8,filler_a,200,1253,0.03915133545059658
4,11,9,probe,256,1253,0.1896197786566796
4,12,0,system,48,1276,0.13643636334170933
4,12,1,filler_q,22,1276,0.005614678101337463
4,12,2,filler_a,200,1276,0.021970960702682812
4,12,3,filler_q,32,1276,0.004621360489919797
4,12,4,filler_a,199,1276,0.017328739932053572
4,12,5,filler_q,24,1276,0.004953542563253833
4,12,6,filler_a,200,1276,0.016656441766653703
4,12,7,filler_q,19,1276,0.007773306894366594
4,12,8,filler_a,200,1276,0.03644484623936536
4,12,9,probe,279,1276,0.18793638769511506
4,13,0,system,48,1319,0.1336615023231373
4,13,1,filler_q,22,1319,0.006008056603009522
4,13,2,filler_a,200,1319,0.02187864019128392
4,13,3,filler_q,32,1319,0.004828101285805358
4,13,4,filler_a,199,1319,0.018739624992279724
4,13,5,filler_q,24,1319,0.005122315798087308
4,13,6,filler_a,200,1319,0.01677557926310062
4,13,7,filler_q,19,1319,0.00800594686104846
4,13,8,filler_a,200,1319,0.03849087465484686
4,13,9,probe,322,1319,0.1957695046684011
4,14,0,system,48,1518,0.13375963451210315
4,14,1,filler_q,22,1518,0.00694936454758247
4,14,2,filler_a,200,1518,0.02601351125345768
4,14,3,filler_q,32,1518,0.005786181210787242
4,14,4,filler_a,199,1518,0.019720370731829067
4,14,5,filler_q,24,1518,0.006916707061238198
4,14,6,filler_a,200,1518,0.019589223532659135
4,14,7,filler_q,19,1518,0.01051976847049017
4,14,8,filler_a,200,1518,0.03425484449172055
4,14,9,probe,521,1518,0.1870665477114216
4,15,0,system,48,1356,0.13041481609512406
4,15,1,filler_q,22,1356,0.0053761709321022266
4,15,2,filler_a,200,1356,0.02243186580432525
4,15,3,filler_q,32,1356,0.003921260397970505
4,15,4,filler_a,199,1356,0.018473614225090914
4,15,5,filler_q,24,1356,0.005502207938335326
4,15,6,filler_a,200,1356,0.016893308431027973
4,15,7,filler_q,19,1356,0.008225881102595574
4,15,8,filler_a,200,1356,0.03760004290971728
4,15,9,probe,359,1356,0.20293764344223567
4,16,0,system,48,1196,0.14486782095251344
4,16,1,filler_q,22,1196,0.0060145061243487745
4,16,2,filler_a,200,1196,0.023045819772111318
4,16,3,filler_q,32,1196,0.0045123260111648205
4,16,4,filler_a,199,1196,0.01695000577410248
4,16,5,filler_q,24,1196,0.004923687109606602
4,16,6,filler_a,200,1196,0.018194395090359926
4,16,7,filler_q,19,1196,0.007333349718866966
4,16,8,filler_a,200,1196,0.04031817476767148
4,16,9,probe,199,1196,0.19601066261605007
4,17,0,system,48,1284,0.1392601260260308
4,17,1,filler_q,22,1284,0.005540881998795863
4,17,2,filler_a,200,1284,0.021983893696898408
4,17,3,filler_q,32,1284,0.0046157620661978664
4,17,4,filler_a,199,1284,0.017671656809858598
4,17,5,filler_q,24,1284,0.005284128995450443
4,17,6,filler_a,200,1284,0.01643130788704848
4,17,7,filler_q,19,1284,0.007976412461810552
4,17,8,filler_a,200,1284,0.03784867306382016
4,17,9,probe,287,1284,0.19638856212706085
4,18,0,system,48,1353,0.13856419809644988
4,18,1,filler_q,22,1353,0.005672223203936818
4,18,2,filler_a,200,1353,0.0231216295592693
4,18,3,filler_q,32,1353,0.0042866230701182504
4,18,4,filler_a,199,1353,0.01887029552762413
4,18,5,filler_q,24,1353,0.00568807764442781
4,18,6,filler_a,200,1353,0.0172513734791092
4,18,7,filler_q,19,1353,0.008070189629810908
4,18,8,filler_a,200,1353,0.03697081960342498
4,18,9,probe,356,1353,0.1910807126590906
4,19,0,system,48,1327,0.13927100531594758
4,19,1,filler_q,22,1327,0.006242880790026113
4,19,2,filler_a,200,1327,0.023065117865228236
4,19,3,filler_q,32,1327,0.004857387627804214
4,19,4,filler_a,199,1327,0.019331249518829915
4,19,5,filler_q,24,1327,0.005282004329176372
4,19,6,filler_a,200,1327,0.017120553442836042
4,19,7,filler_q,19,1327,0.007884280473007644
4,19,8,filler_a,200,1327,0.0386992301902231
4,19,9,probe,330,1327,0.1891626899649406
4,20,0,system,48,1314,0.1356523827594877
4,20,1,filler_q,22,1314,0.005800547471378412
4,20,2,filler_a,200,1314,0.021393679292473065
4,20,3,filler_q,32,1314,0.004642658542569389
4,20,4,filler_a,199,1314,0.01845384999005806
4,20,5,filler_q,24,1314,0.00500465151998297
4,20,6,filler_a,200,1314,0.016618493888445367
4,20,7,filler_q,19,1314,0.008115628961363858
4,20,8,filler_a,200,1314,0.03856289712820824
4,20,9,probe,317,1314,0.1926227527665372
4,21,0,system,48,1416,0.13774990817219604
4,21,1,filler_q,22,1416,0.005701831742713807
4,21,2,filler_a,200,1416,0.023364845929400767
4,21,3,filler_q,32,1416,0.004301998593936661
4,21,4,filler_a,199,1416,0.018119116424493938
4,21,5,filler_q,24,1416,0.005428325761225621
4,21,6,filler_a,200,1416,0.01707226656100611
4,21,7,filler_q,19,1416,0.009052789479841127
4,21,8,filler_a,200,1416,0.03588948225252979
4,21,9,probe,419,1416,0.18883330852357844
4,22,0,system,48,1412,0.13473221552454182
4,22,1,filler_q,22,1412,0.005486567273286122
4,22,2,filler_a,200,1412,0.02338994292349967
4,22,3,filler_q,32,1412,0.004067622320317947
4,22,4,filler_a,199,1412,0.017608918651167794
4,22,5,filler_q,24,1412,0.005138676747703619
4,22,6,filler_a,200,1412,0.016751501361755013
4,22,7,filler_q,19,1412,0.00928531103377996
4,22,8,filler_a,200,1412,0.036058829313293586
4,22,9,probe,415,1412,0.19573571286777966
4,23,0,system,48,1298,0.1378924796853725
4,23,1,filler_q,22,1298,0.005913315131137206
4,23,2,filler_a,200,1298,0.02193507270915711
4,23,3,filler_q,32,1298,0.004650689007096314
4,23,4,filler_a,199,1298,0.018585258507517043
4,23,5,filler_q,24,1298,0.005304295966022638
4,23,6,filler_a,200,1298,0.016693483991977984
4,23,7,filler_q,19,1298,0.008651865902453579
4,23,8,filler_a,200,1298,0.03944229477604703
4,23,9,probe,301,1298,0.19422231681849542
4,24,0,system,48,1232,0.14142204565976874
4,24,1,filler_q,22,1232,0.006367165102930721
4,24,2,filler_a,200,1232,0.022655869638429086
4,24,3,filler_q,32,1232,0.005494739084446873
4,24,4,filler_a,199,1232,0.016189745340743276
4,24,5,filler_q,24,1232,0.00418003760161775
4,24,6,filler_a,200,1232,0.018190610666851514
4,24,7,filler_q,19,1232,0.006697892326202431
4,24,8,filler_a,200,1232,0.03888269813021199
4,24,9,probe,235,1232,0.1943986158972403
4,25,0,system,48,1414,0.1300016206203799
4,25,1,filler_q,22,1414,0.005326559682948146
4,25,2,filler_a,200,1414,0.022659984986550943
4,25,3,filler_q,32,1414,0.004068507124297549
4,25,4,filler_a,199,1414,0.017544856903204623
4,25,5,filler_q,24,1414,0.0052129721835401524
4,25,6,filler_a,200,1414,0.016980249054093084
4,25,7,filler_q,19,1414,0.009137329228800437
4,25,8,filler_a,200,1414,0.0360673383096056
4,25,9,probe,417,1414,0.20278618283555194
4,26,0,system,48,1269,0.1405411696129624
4,26,1,filler_q,22,1269,0.005578815426170668
4,26,2,filler_a,200,1269,0.022392800443747217
4,26,3,filler_q,32,1269,0.004563322880334829
4,26,4,filler_a,199,1269,0.017741681352482556
4,26,5,filler_q,24,1269,0.004569103727274665
4,26,6,filler_a,200,1269,0.01730335562536541
4,26,7,filler_q,19,1269,0.008087203137444014
4,26,8,filler_a,200,1269,0.03741528791840009
4,26,9,probe,272,1269,0.1934936110949847
4,27,0,system,48,1380,0.1352646603202466
4,27,1,filler_q,22,1380,0.005362379363580744
4,27,2,filler_a,200,1380,0.023512787692022398
4,27,3,filler_q,32,1380,0.0040202801301490055
4,27,4,filler_a,199,1380,0.018762434844637233
4,27,5,filler_q,24,1380,0.005259775528240159
4,27,6,filler_a,200,1380,0.017152102810274628
4,27,7,filler_q,19,1380,0.009362657392857627
4,27,8,filler_a,200,1380,0.035904286417563325
4,27,9,probe,383,1380,0.1980101696286428
4,28,0,system,48,1324,0.13416477789732534
4,28,1,filler_q,22,1324,0.006037644340750277
4,28,2,filler_a,200,1324,0.022351675487188083
4,28,3,filler_q,32,1324,0.004670116009454481
4,28,4,filler_a,199,1324,0.018936453085379577
4,28,5,filler_q,24,1324,0.005102002646319317
4,28,6,filler_a,200,1324,0.016634240570980577
4,28,7,filler_q,19,1324,0.007975938042492086
4,28,8,filler_a,200,1324,0.038785480549788136
4,28,9,probe,327,1324,0.1956232419878173
4,29,0,system,48,1341,0.13282673767913517
4,29,1,filler_q,22,1341,0.005997976141613298
4,29,2,filler_a,200,1341,0.02221587431241694
4,29,3,filler_q,32,1341,0.004159392980610118
4,29,4,filler_a,199,1341,0.01821180964753728
4,29,5,filler_q,24,1341,0.005235432926263421
4,29,6,filler_a,200,1341,0.017297297078059624
4,29,7,filler_q,19,1341,0.007949827128096025
4,29,8,filler_a,200,1341,0.03667927077175257
4,29,9,probe,344,1341,0.19930743598071995
4,30,0,system,48,1265,0.1403018350219221
4,30,1,filler_q,22,1265,0.005882400142479334
4,30,2,filler_a,200,1265,0.02256656544206531
4,30,3,filler_q,32,1265,0.0047798372107066365
4,30,4,filler_a,199,1265,0.017968429688482414
4,30,5,filler_q,24,1265,0.004495517700949729
4,30,6,filler_a,200,1265,0.01736758214715084
4,30,7,filler_q,19,1265,0.008419006994007735
4,30,8,filler_a,200,1265,0.038169985635889976
4,30,9,probe,268,1265,0.19062839904140425
4,31,0,system,48,1265,0.1379500700441077
4,31,1,filler_q,22,1265,0.005814155314635581
4,31,2,filler_a,200,1265,0.022482681627412533
4,31,3,filler_q,32,1265,0.004668521121953618
4,31,4,filler_a,199,1265,0.017531247055165587
4,31,5,filler_q,24,1265,0.004394793768249346
4,31,6,filler_a,200,1265,0.017072115301197684
4,31,7,filler_q,19,1265,0.008202298679223905
4,31,8,filler_a,200,1265,0.036667454508324926
4,31,9,probe,268,1265,0.19312097619806678
4,32,0,system,48,1348,0.13325656002738515
4,32,1,filler_q,22,1348,0.006100437375244919
4,32,2,filler_a,200,1348,0.022709993737104354
4,32,3,filler_q,32,1348,0.004457062218207253
4,32,4,filler_a,199,1348,0.018789040535853792
4,32,5,filler_q,24,1348,0.005750474161096218
4,32,6,filler_a,200,1348,0.017702449513343065
4,32,7,filler_q,19,1348,0.008560219448288334
4,32,8,filler_a,200,1348,0.038355608164926544
4,32,9,probe,351,1348,0.19046468622750182
4,33,0,system,48,1214,0.14534961828289372
4,33,1,filler_q,22,1214,0.0063580146636115845
4,33,2,filler_a,200,1214,0.022287061853590532
4,33,3,filler_q,32,1214,0.0051968671502061765
4,33,4,filler_a,199,1214,0.01697341043865552
4,33,5,filler_q,24,1214,0.004912555433829339
4,33,6,filler_a,200,1214,0.01862747782377172
4,33,7,filler_q,19,1214,0.006918284394815407
4,33,8,filler_a,200,1214,0.03956406500646168
4,33,9,probe,217,1214,0.1925509327304069
4,34,0,system,48,1473,0.13956428132515933
4,34,1,filler_q,22,1473,0.006154454387931288
4,34,2,filler_a,200,1473,0.022598721742635948
4,34,3,filler_q,32,1473,0.005126747511888503
4,34,4,filler_a,199,1473,0.017714693225645364
4,34,5,filler_q,24,1473,0.006654985606538634
4,34,6,filler_a,200,1473,0.016892773078596813
4,34,7,filler_q,19,1473,0.007823802782958496
4,34,8,filler_a,200,1473,0.035781295578752426
4,34,9,probe,476,1473,0.18995127887111574
4,35,0,system,48,1267,0.13808077797745075
4,35,1,filler_q,22,1267,0.005799277992634618
4,35,2,filler_a,200,1267,0.022867361775592905
4,35,3,filler_q,32,1267,0.004658709637434728
4,35,4,filler_a,199,1267,0.017784923018979562
4,35,5,filler_q,24,1267,0.004428891355824631
4,35,6,filler_a,200,1267,0.017348909317551918
4,35,7,filler_q,19,1267,0.00813574439824776
4,35,8,filler_a,200,1267,0.03721142639273304
4,35,9,probe,270,1267,0.19282975098985594
4,36,0,system,48,1433,0.1367077919027312
4,36,1,filler_q,22,1433,0.0050590238466080364
4,36,2,filler_a,200,1433,0.02198751164628021
4,36,3,filler_q,32,1433,0.004613843372359193
4,36,4,filler_a,199,1433,0.01709166835248638
4,36,5,filler_q,24,1433,0.005215247788303042
4,36,6,filler_a,200,1433,0.01620723536145182
4,36,7,filler_q,19,1433,0.009289670180667614
4,36,8,filler_a,200,1433,0.03528710962222715
4,36,9,probe,436,1433,0.20024008528033121
4,37,0,system,48,1251,0.1405798282971627
4,37,1,filler_q,22,1251,0.005855706675002992
4,37,2,filler_a,200,1251,0.022204517449506557
4,37,3,filler_q,32,1251,0.005045335861312147
4,37,4,filler_a,199,1251,0.017707139704550668
4,37,5,filler_q,24,1251,0.00419003151708053
4,37,6,filler_a,200,1251,0.017239509964987604
4,37,7,filler_q,19,1251,0.007738686465203125
4,37,8,filler_a,200,1251,0.03752731863514808
4,37,9,probe,254,1251,0.19453064610699192
4,38,0,system,48,1221,0.1424593076461584
4,38,1,filler_q,22,1221,0.0063237845624549965
4,38,2,filler_a,200,1221,0.0216515205635456
4,38,3,filler_q,32,1221,0.005026172243534951
4,38,4,filler_a,199,1221,0.01662369018359481
4,38,5,filler_q,24,1221,0.004544955297623865
4,38,6,filler_a,200,1221,0.017972641628946344
4,38,7,filler_q,19,1221,0.0064548357964302515
4,38,8,filler_a,200,1221,0.03865243968000049
4,38,9,probe,224,1221,0.19807386474473107
4,39,0,system,48,1305,0.13785378482392746
4,39,1,filler_q,22,1305,0.00613931619523478
4,39,2,filler_a,200,1305,0.022968809351281587
4,39,3,filler_q,32,1305,0.004813103963631704
4,39,4,filler_a,199,1305,0.018431199733619542
4,39,5,filler_q,24,1305,0.005197946847246185
4,39,6,filler_a,200,1305,0.016651714859502172
4,39,7,filler_q,19,1305,0.00900143634529768
4,39,8,filler_a,200,1305,0.03930274842799964
4,39,9,probe,308,1305,0.18591747684590768
6,0,0,system,48,1597,0.14263197423360738
6,0,1,filler_q,22,1597,0.005678473447814411
6,0,2,filler_a,200,1597,0.02007501687990453
6,0,3,filler_q,32,1597,0.0037242079128542343
6,0,4,filler_a,199,1597,0.012775079901635287
6,0,5,filler_q,24,1597,0.00262288811036228
6,0,6,filler_a,200,1597,0.010837405767500832
6,0,7,filler_q,19,1597,0.002725746547038866
6,0,8,filler_a,200,1597,0.012556057111876767
6,0,9,filler_q,19,1597,0.003930683244328405
6,0,10,filler_a,198,1597,0.014884080141548938
6,0,11,filler_q,20,1597,0.005793003974861216
6,0,12,filler_a,200,1597,0.03592554163046162
6,0,13,probe,143,1597,0.19296239479376726
6,1,0,system,48,1702,0.13565682133344206
6,1,1,filler_q,22,1702,0.004983522863659689
6,1,2,filler_a,200,1702,0.020795816503878278
6,1,3,filler_q,32,1702,0.0035837050818362283
6,1,4,filler_a,199,1702,0.012740440486058532
6,1,5,filler_q,24,1702,0.0033332980668375717
6,1,6,filler_a,200,1702,0.009566878591633531
6,1,7,filler_q,19,1702,0.0035083266636021437
6,1,8,filler_a,200,1702,0.013520177945837564
6,1,9,filler_q,19,1702,0.0032344417392035116
6,1,10,filler_a,198,1702,0.01566159202296178
6,1,11,filler_q,20,1702,0.006216811487426098
6,1,12,filler_a,200,1702,0.03306870580384036
6,1,13,probe,248,1702,0.19201925965619535
6,2,0,system,48,1827,0.13253134764407376
6,2,1,filler_q,22,1827,0.005332711292603847
6,2,2,filler_a,200,1827,0.017866330851187724
6,2,3,filler_q,32,1827,0.0036577306952021863
6,2,4,filler_a,199,1827,0.013224825483001105
6,2,5,filler_q,24,1827,0.0032580860589505483
6,2,6,filler_a,200,1827,0.010346623597959051
6,2,7,filler_q,19,1827,0.002712836998187569
6,2,8,filler_a,200,1827,0.015086058829080888
6,2,9,filler_q,19,1827,0.004863504410357543
6,2,10,filler_a,198,1827,0.014555859228516056
6,2,11,filler_q,20,1827,0.00809087732876002
6,2,12,filler_a,200,1827,0.03188000804622641
6,2,13,probe,373,1827,0.19644263432709627
6,3,0,system,48,1765,0.13313958091928052
6,3,1,filler_q,22,1765,0.0047733553349724
6,3,2,filler_a,200,1765,0.01830061999894977
6,3,3,filler_q,32,1765,0.003693501184376326
6,3,4,filler_a,199,1765,0.012506678552611023
6,3,5,filler_q,24,1765,0.0028532596087068036
6,3,6,filler_a,200,1765,0.009791511534356603
6,3,7,filler_q,19,1765,0.0030113140535626194
6,3,8,filler_a,200,1765,0.014619114917660424
6,3,9,filler_q,19,1765,0.004217739765204382
6,3,10,filler_a,198,1765,0.013905698975577157
6,3,11,filler_q,20,1765,0.007284281487444687
6,3,12,filler_a,200,1765,0.03236099139957289
6,3,13,probe,311,1765,0.19509385477504718
6,4,0,system,48,1752,0.1300067670836467
6,4,1,filler_q,22,1752,0.0047863660659871665
6,4,2,filler_a,200,1752,0.018777212638002885
6,4,3,filler_q,32,1752,0.003545852451581391
6,4,4,filler_a,199,1752,0.012623397646465737
6,4,5,filler_q,24,1752,0.0028230431884159525
6,4,6,filler_a,200,1752,0.009686715996732409
6,4,7,filler_q,19,1752,0.0027687908783258193
6,4,8,filler_a,200,1752,0.014339172533042205
6,4,9,filler_q,19,1752,0.0043762469284576565
6,4,10,filler_a,198,1752,0.013548738117229998
6,4,11,filler_q,20,1752,0.007264142735172717
6,4,12,filler_a,200,1752,0.033329342547691494
6,4,13,probe,298,1752,0.1924053862228499
6,5,0,system,48,1777,0.1322000302399932
6,5,1,filler_q,22,1777,0.004623228320633306
6,5,2,filler_a,200,1777,0.01816561772770467
6,5,3,filler_q,32,1777,0.003614110930497677
6,5,4,filler_a,199,1777,0.013277679272182341
6,5,5,filler_q,24,1777,0.0032014135454717365
6,5,6,filler_a,200,1777,0.009475693276945434
6,5,7,filler_q,19,1777,0.002846235296942732
6,5,8,filler_a,200,1777,0.01429138081267978
6,5,9,filler_q,19,1777,0.004117602044955914
6,5,10,filler_a,198,1777,0.013926917116709374
6,5,11,filler_q,20,1777,0.006664902248381987
6,5,12,filler_a,200,1777,0.03276060528708572
6,5,13,probe,323,1777,0.20059849187722836
6,6,0,system,48,1713,0.13542560982310264
6,6,1,filler_q,22,1713,0.00484268606637254
6,6,2,filler_a,200,1713,0.0201434346796714
6,6,3,filler_q,32,1713,0.003897357251060479
6,6,4,filler_a,199,1713,0.012277947919764167
6,6,5,filler_q,24,1713,0.0031576502199940565
6,6,6,filler_a,200,1713,0.009376942449329115
6,6,7,filler_q,19,1713,0.0032926105564988245
6,6,8,filler_a,200,1713,0.01407952921286863
6,6,9,filler_q,19,1713,0.003493157699006207
6,6,10,filler_a,198,1713,0.015092173465884328
6,6,11,filler_q,20,1713,0.007252902518491491
6,6,12,filler_a,200,1713,0.03245665012651317
6,6,13,probe,259,1713,0.19218210134480485
6,7,0,system,48,1810,0.13051818217617556
6,7,1,filler_q,22,1810,0.004946969579084332
6,7,2,filler_a,200,1810,0.017507660326445802
6,7,3,filler_q,32,1810,0.003671265782071331
6,7,4,filler_a,199,1810,0.013190332471964702
6,7,5,filler_q,24,1810,0.0035447586419774823
6,7,6,filler_a,200,1810,0.00994605718481427
6,7,7,filler_q,19,1810,0.002825814500298033
6,7,8,filler_a,200,1810,0.014738500196140864
6,7,9,filler_q,19,1810,0.00477980967718042
6,7,10,filler_a,198,1810,0.014387294918336995
6,7,11,filler_q,20,1810,0.00741890359056084
6,7,12,filler_a,200,1810,0.032034482388857914
6,7,13,probe,356,1810,0.19819557938775598
6,8,0,system,48,1690,0.1345350411825552
6,8,1,filler_q,22,1690,0.0050934371573564344
6,8,2,filler_a,200,1690,0.02141972865242084
6,8,3,filler_q,32,1690,0.003379897127534983
6,8,4,filler_a,199,1690,0.012555805627019133
6,8,5,filler_q,24,1690,0.003130853906798648
6,8,6,filler_a,200,1690,0.00959787851750311
6,8,7,filler_q,19,1690,0.003457980832080025
6,8,8,filler_a,200,1690,0.012721305173253832
6,8,9,filler_q,19,1690,0.003384914169964506
6,8,10,filler_a,198,1690,0.015674158115044797
6,8,11,filler_q,20,1690,0.005938540968583476
6,8,12,filler_a,200,1690,0.03314737048333292
6,8,13,probe,236,1690,0.19417437094728734
6,9,0,system,48,2086,0.12301732249421858
6,9,1,filler_q,22,2086,0.004402748703902775
6,9,2,filler_a,200,2086,0.018309558436170593
6,9,3,filler_q,32,2086,0.004317257558980262
6,9,4,filler_a,199,2086,0.013681830956134301
6,9,5,filler_q,24,2086,0.004042306939207012
6,9,6,filler_a,200,2086,0.012002683188938396
6,9,7,filler_q,19,2086,0.003662013071074982
6,9,8,filler_a,200,2086,0.015725778178259018
6,9,9,filler_q,19,2086,0.0054857332366858025
6,9,10,filler_a,198,2086,0.016275199075076942
6,9,11,filler_q,20,2086,0.00872889379961579
6,9,12,filler_a,200,2086,0.028242832010397196
6,9,13,probe,632,2086,0.1996382294861079
6,10,0,system,48,1736,0.12863658198234587
6,10,1,filler_q,22,1736,0.004614168857011949
6,10,2,filler_a,200,1736,0.0184673392917355
6,10,3,filler_q,32,1736,0.0037949910202250245
6,10,4,filler_a,199,1736,0.011875165469448943
6,10,5,filler_q,24,1736,0.002880858226711638
6,10,6,filler_a,200,1736,0.00914932595336829
6,10,7,filler_q,19,1736,0.0029669414438745763
6,10,8,filler_a,200,1736,0.013913135863281667
6,10,9,filler_q,19,1736,0.00388500791339261
6,10,10,filler_a,198,1736,0.013700130287239527
6,10,11,filler_q,20,1736,0.0068356969770578474
6,10,12,filler_a,200,1736,0.03126762764022426
6,10,13,probe,282,1736,0.1967514961103017
6,11,0,system,48,1710,0.13584364158436152
6,11,1,filler_q,22,1710,0.004865811033237759
6,11,2,filler_a,200,1710,0.02031142157898852
6,11,3,filler_q,32,1710,0.0038227637154411792
6,11,4,filler_a,199,1710,0.01240319265305165
6,11,5,filler_q,24,1710,0.003120307163872915
6,11,6,filler_a,200,1710,0.009329050996914999
6,11,7,filler_q,19,1710,0.0032683017341574123
6,11,8,filler_a,200,1710,0.013819468581813227
6,11,9,filler_q,19,1710,0.0035817601256224233
6,11,10,filler_a,198,1710,0.015320364615587459
6,11,11,filler_q,20,1710,0.007372170828241693
6,11,12,filler_a,200,1710,0.03289067723241059
6,11,13,probe,256,1710,0.18781749906190406
6,12,0,system,48,1733,0.12962331942485814
6,12,1,filler_q,22,1733,0.004715472793530412
6,12,2,filler_a,200,1733,0.019272803039304617
6,12,3,filler_q,32,1733,0.0038134974041335304
6,12,4,filler_a,199,1733,0.012255051322816696
6,12,5,filler_q,24,1733,0.0029997023192589955
6,12,6,filler_a,200,1733,0.00949012957535742
6,12,7,filler_q,19,1733,0.0030958132042230445
6,12,8,filler_a,200,1733,0.013952329305530026
6,12,9,filler_q,19,1733,0.003790329218637332
6,12,10,filler_a,198,1733,0.013934463121481574
6,12,11,filler_q,20,1733,0.00687949041787224
6,12,12,filler_a,200,1733,0.030911422269008736
6,12,13,probe,279,1733,0.18743363258423154
6,13,0,system,48,1776,0.1314296733526367
6,13,1,filler_q,22,1776,0.004629752258825546
6,13,2,filler_a,200,1776,0.018174157164526517
6,13,3,filler_q,32,1776,0.0037164353915050577
6,13,4,filler_a,199,1776,0.013353402689437938
6,13,5,filler_q,24,1776,0.003268791790167719
6,13,6,filler_a,200,1776,0.009552980471452793
6,13,7,filler_q,19,1776,0.0029769374604403757
6,13,8,filler_a,200,1776,0.014632677604704271
6,13,9,filler_q,19,1776,0.004318944878557158
6,13,10,filler_a,198,1776,0.01419339350254804
6,13,11,filler_q,20,1776,0.0069799289886743185
6,13,12,filler_a,200,1776,0.03347229741865527
6,13,13,probe,322,1776,0.19863856943112673
6,14,0,system,48,1975,0.12888601785909032
6,14,1,filler_q,22,1975,0.005063575056210975
6,14,2,filler_a,200,1975,0.0189283973409561
6,14,3,filler_q,32,1975,0.003577520044038268
6,14,4,filler_a,199,1975,0.014419230154619584
6,14,5,filler_q,24,1975,0.0038282989770979116
6,14,6,filler_a,200,1975,0.010833562875863291
6,14,7,filler_q,19,1975,0.0039913784642638585
6,14,8,filler_a,200,1975,0.01506662339203525
6,14,9,filler_q,19,1975,0.005881190091218812
6,14,10,filler_a,198,1975,0.016864644569504674
6,14,11,filler_q,20,1975,0.009553018802940799
6,14,12,filler_a,200,1975,0.02979368801186973
6,14,13,probe,521,1975,0.18850250013456413
6,15,0,system,48,1813,0.1281085958858718
6,15,1,filler_q,22,1813,0.004923384811831977
6,15,2,filler_a,200,1813,0.017284775565282146
6,15,3,filler_q,32,1813,0.0034692349290259225
6,15,4,filler_a,199,1813,0.012972045066576978
6,15,5,filler_q,24,1813,0.00332020743228788
6,15,6,filler_a,200,1813,0.009626474343126967
6,15,7,filler_q,19,1813,0.002644011434064575
6,15,8,filler_a,200,1813,0.014691568835729476
6,15,9,filler_q,19,1813,0.00463059976304059
6,15,10,filler_a,198,1813,0.01400092969437961
6,15,11,filler_q,20,1813,0.007338401275599162
6,15,12,filler_a,200,1813,0.0317474897770896
6,15,13,probe,359,1813,0.20591147911669125
6,16,0,system,48,1653,0.1402520254075243
6,16,1,filler_q,22,1653,0.005573251208201858
6,16,2,filler_a,200,1653,0.021105650638224067
6,16,3,filler_q,32,1653,0.003606893419300299
6,16,4,filler_a,199,1653,0.013090226933036206
6,16,5,filler_q,24,1653,0.002559220132608227
6,16,6,filler_a,200,1653,0.010277505115093002
6,16,7,filler_q,19,1653,0.0027876804043013965
6,16,8,filler_a,200,1653,0.012895722766247784
6,16,9,filler_q,19,1653,0.0039225975995724775
6,16,10,filler_a,198,1653,0.015044476300576823
6,16,11,filler_q,20,1653,0.006716863820146282
6,16,12,filler_a,200,1653,0.034611473960506074
6,16,13,probe,199,1653,0.19207409001835604
6,17,0,system,48,1741,0.13233377167489804
6,17,1,filler_q,22,1741,0.004873930095960724
6,17,2,filler_a,200,1741,0.01897789711614392
6,17,3,filler_q,32,1741,0.003908973385779766
6,17,4,filler_a,199,1741,0.01260574482501151
6,17,5,filler_q,24,1741,0.0030008703648006416
6,17,6,filler_a,200,1741,0.009750488471489011
6,17,7,filler_q,19,1741,0.002934644244644922
6,17,8,filler_a,200,1741,0.014292645690396498
6,17,9,filler_q,19,1741,0.004333979927846552
6,17,10,filler_a,198,1741,0.013802961198392269
6,17,11,filler_q,20,1741,0.0070445531411870285
6,17,12,filler_a,200,1741,0.032187781637100586
6,17,13,probe,287,1741,0.1973171812480691
6,18,0,system,48,1810,0.13569511435639103
6,18,1,filler_q,22,1810,0.004850198764050187
6,18,2,filler_a,200,1810,0.01772812347610945
6,18,3,filler_q,32,1810,0.0037396809299901296
6,18,4,filler_a,199,1810,0.013449496696086258
6,18,5,filler_q,24,1810,0.003540352756551099
6,18,6,filler_a,200,1810,0.009874982233258603
6,18,7,filler_q,19,1810,0.002799499664721258
6,18,8,filler_a,200,1810,0.014815826871769121
6,18,9,filler_q,19,1810,0.004724116593955309
6,18,10,filler_a,198,1810,0.01435069667621417
6,18,11,filler_q,20,1810,0.007128689256026287
6,18,12,filler_a,200,1810,0.030975643827410266
6,18,13,probe,356,1810,0.19315841267984357
6,19,0,system,48,1784,0.13565534995620399
6,19,1,filler_q,22,1784,0.004628623413008813
6,19,2,filler_a,200,1784,0.018363418161337557
6,19,3,filler_q,32,1784,0.003780089227366817
6,19,4,filler_a,199,1784,0.013626630890484838
6,19,5,filler_q,24,1784,0.0033202127496290124
6,19,6,filler_a,200,1784,0.009529469028109106
6,19,7,filler_q,19,1784,0.003108938951030106
6,19,8,filler_a,200,1784,0.01493663005367395
6,19,9,filler_q,19,1784,0.004404675426311115
6,19,10,filler_a,198,1784,0.014143897085250337
6,19,11,filler_q,20,1784,0.006927953544351191
6,19,12,filler_a,200,1784,0.03371344105571097
6,19,13,probe,330,1784,0.191729454149357
6,20,0,system,48,1771,0.13366080883554252
6,20,1,filler_q,22,1771,0.004636042759267634
6,20,2,filler_a,200,1771,0.018285139068130542
6,20,3,filler_q,32,1771,0.0035364570745905237
6,20,4,filler_a,199,1771,0.012880129137498423
6,20,5,filler_q,24,1771,0.003010124149823518
6,20,6,filler_a,200,1771,0.009447911667698592
6,20,7,filler_q,19,1771,0.003025368466902137
6,20,8,filler_a,200,1771,0.014039047904876017
6,20,9,filler_q,19,1771,0.004053675416941503
6,20,10,filler_a,198,1771,0.013904785902471037
6,20,11,filler_q,20,1771,0.006783930621059643
6,20,12,filler_a,200,1771,0.03303276676992576
6,20,13,probe,317,1771,0.1990777140881789
6,21,0,system,48,1873,0.13394674930779982
6,21,1,filler_q,22,1873,0.005329259481804
6,21,2,filler_a,200,1873,0.018890590471897055
6,21,3,filler_q,32,1873,0.004005050291622154
6,21,4,filler_a,199,1873,0.01381890348033799
6,21,5,filler_q,24,1873,0.0029925819848510998
6,21,6,filler_a,200,1873,0.011024666490635136
6,21,7,filler_q,19,1873,0.0028163572086556646
6,21,8,filler_a,200,1873,0.014258839298488242
6,21,9,filler_q,19,1873,0.004587689514712597
6,21,10,filler_a,198,1873,0.014070611012645992
6,21,11,filler_q,20,1873,0.00813228728701914
6,21,12,filler_a,200,1873,0.029562241567522612
6,21,13,probe,419,1873,0.18851908502784087
6,22,0,system,48,1869,0.1326347063950616
6,22,1,filler_q,22,1869,0.005219812535099495
6,22,2,filler_a,200,1869,0.018407206824817574
6,22,3,filler_q,32,1869,0.0037961099461023104
6,22,4,filler_a,199,1869,0.013760711752364816
6,22,5,filler_q,24,1869,0.0027137825747862955
6,22,6,filler_a,200,1869,0.01066689797102539
6,22,7,filler_q,19,1869,0.002688068420450526
6,22,8,filler_a,200,1869,0.013789190722008095
6,22,9,filler_q,19,1869,0.004175356682707709
6,22,10,filler_a,198,1869,0.013932691627288834
6,22,11,filler_q,20,1869,0.007832666822798689
6,22,12,filler_a,200,1869,0.029554513475774365
6,22,13,probe,415,1869,0.19704246011056076
6,23,0,system,48,1755,0.13119040187845954
6,23,1,filler_q,22,1755,0.004769605104765837
6,23,2,filler_a,200,1755,0.0185368440773989
6,23,3,filler_q,32,1755,0.0037440286293108738
6,23,4,filler_a,199,1755,0.013104076742011417
6,23,5,filler_q,24,1755,0.003069505452905895
6,23,6,filler_a,200,1755,0.010063454861371068
6,23,7,filler_q,19,1755,0.002887506685565735
6,23,8,filler_a,200,1755,0.014978997741918217
6,23,9,filler_q,19,1755,0.0045417110118525315
6,23,10,filler_a,198,1755,0.01417452875002219
6,23,11,filler_q,20,1755,0.007775340205961459
6,23,12,filler_a,200,1755,0.03375878382264363
6,23,13,probe,301,1755,0.19420959927018447
6,24,0,system,48,1689,0.13491211865790126
6,24,1,filler_q,22,1689,0.005113832085982458
6,24,2,filler_a,200,1689,0.021274443013453083
6,24,3,filler_q,32,1689,0.003316132786928275
6,24,4,filler_a,199,1689,0.012473102368836945
6,24,5,filler_q,24,1689,0.003068793649644632
6,24,6,filler_a,200,1689,0.009279537513045569
6,24,7,filler_q,19,1689,0.0033979141332551835
6,24,8,filler_a,200,1689,0.012757665112089284
6,24,9,filler_q,19,1689,0.003301759776374598
6,24,10,filler_a,198,1689,0.015119823634062963
6,24,11,filler_q,20,1689,0.005739871708190137
6,24,12,filler_a,200,1689,0.03309597581736496
6,24,13,probe,235,1689,0.18976561625656657
6,25,0,system,48,1871,0.12779181995606342
6,25,1,filler_q,22,1871,0.005224997858740257
6,25,2,filler_a,200,1871,0.018337724187082294
6,25,3,filler_q,32,1871,0.003796979390670201
6,25,4,filler_a,199,1871,0.013762490156328494
6,25,5,filler_q,24,1871,0.00279481728929899
6,25,6,filler_a,200,1871,0.01093806288735539
6,25,7,filler_q,19,1871,0.0027461957811697264
6,25,8,filler_a,200,1871,0.014213234431407526
6,25,9,filler_q,19,1871,0.0043982485893627665
6,25,10,filler_a,198,1871,0.01429495081141359
6,25,11,filler_q,20,1871,0.008282107173451767
6,25,12,filler_a,200,1871,0.030270847077567175
6,25,13,probe,417,1871,0.19893355929911508
6,26,0,system,48,1726,0.13544854186628347
6,26,1,filler_q,22,1726,0.0047115454762576515
6,26,2,filler_a,200,1726,0.019886288372497778
6,26,3,filler_q,32,1726,0.003671528673861995
6,26,4,filler_a,199,1726,0.012131292768766762
6,26,5,filler_q,24,1726,0.002965709949851654
6,26,6,filler_a,200,1726,0.009680456693426875
6,26,7,filler_q,19,1726,0.003101546831681703
6,26,8,filler_a,200,1726,0.014262822457230397
6,26,9,filler_q,19,1726,0.0033602063420370013
6,26,10,filler_a,198,1726,0.014669213725193971
6,26,11,filler_q,20,1726,0.0069483538981183505
6,26,12,filler_a,200,1726,0.031582961414614176
6,26,13,probe,272,1726,0.19255967669610707
6,27,0,system,48,1837,0.13188570000481467
6,27,1,filler_q,22,1837,0.005248660033633362
6,27,2,filler_a,200,1837,0.017964659102988004
6,27,3,filler_q,32,1837,0.0036566345023539286
6,27,4,filler_a,199,1837,0.013002645012509917
6,27,5,filler_q,24,1837,0.002913194490155498
6,27,6,filler_a,200,1837,0.011035629619192503
6,27,7,filler_q,19,1837,0.0026319851229680007
6,27,8,filler_a,200,1837,0.014777134907319295
6,27,9,filler_q,19,1837,0.00462778210597077
6,27,10,filler_a,198,1837,0.01473224838442593
6,27,11,filler_q,20,1837,0.008497704432118712
6,27,12,filler_a,200,1837,0.03265233109893166
6,27,13,probe,383,1837,0.19703122938778397
6,28,0,system,48,1781,0.13335610832875736
6,28,1,filler_q,22,1781,0.004661189443261426
6,28,2,filler_a,200,1781,0.018321814135352558
6,28,3,filler_q,32,1781,0.0037660746011651857
6,28,4,filler_a,199,1781,0.013439817145980467
6,28,5,filler_q,24,1781,0.0032962322404822227
6,28,6,filler_a,200,1781,0.009387884067484033
6,28,7,filler_q,19,1781,0.003039437496283195
6,28,8,filler_a,200,1781,0.014500561626948199
6,28,9,filler_q,19,1781,0.0042375443908023265
6,28,10,filler_a,198,1781,0.013731644270516716
6,28,11,filler_q,20,1781,0.006928181133306366
6,28,12,filler_a,200,1781,0.03382414560327958
6,28,13,probe,327,1781,0.19761643140387805
6,29,0,system,48,1798,0.13102296202011274
6,29,1,filler_q,22,1798,0.004640541226374769
6,29,2,filler_a,200,1798,0.01784171832231275
6,29,3,filler_q,32,1798,0.0034606758309534682
6,29,4,filler_a,199,1798,0.013193171606500206
6,29,5,filler_q,24,1798,0.0032072319323483097
6,29,6,filler_a,200,1798,0.009697776736965627
6,29,7,filler_q,19,1798,0.002998790107783824
6,29,8,filler_a,200,1798,0.014381574361292402
6,29,9,filler_q,19,1798,0.004214955947822794
6,29,10,filler_a,198,1798,0.014116500221143347
6,29,11,filler_q,20,1798,0.00676782624227646
6,29,12,filler_a,200,1798,0.030999578047641783
6,29,13,probe,344,1798,0.2038847132098179
6,30,0,system,48,1722,0.13575831707301103
6,30,1,filler_q,22,1722,0.004793566160480824
6,30,2,filler_a,200,1722,0.019945061389548387
6,30,3,filler_q,32,1722,0.0038561075837521054
6,30,4,filler_a,199,1722,0.01223274209832279
6,30,5,filler_q,24,1722,0.003054272656549465
6,30,6,filler_a,200,1722,0.009497837869603662
6,30,7,filler_q,19,1722,0.0032556142180344074
6,30,8,filler_a,200,1722,0.014136228749788092
6,30,9,filler_q,19,1722,0.0034507427561013765
6,30,10,filler_a,198,1722,0.014869091350482002
6,30,11,filler_q,20,1722,0.007244155412204673
6,30,12,filler_a,200,1722,0.032470477203418856
6,30,13,probe,268,1722,0.1906729379336425
6,31,0,system,48,1722,0.13321016505928238
6,31,1,filler_q,22,1722,0.0045739137103432085
6,31,2,filler_a,200,1722,0.019402610268660803
6,31,3,filler_q,32,1722,0.00374604111007812
6,31,4,filler_a,199,1722,0.011789891921350557
6,31,5,filler_q,24,1722,0.0029415421499192763
6,31,6,filler_a,200,1722,0.009150124086421204
6,31,7,filler_q,19,1722,0.0031202902001812092
6,31,8,filler_a,200,1722,0.013587571713046217
6,31,9,filler_q,19,1722,0.0032660332036189366
6,31,10,filler_a,198,1722,0.01436298788860277
6,31,11,filler_q,20,1722,0.006882943067856019
6,31,12,filler_a,200,1722,0.030800581930888242
6,31,13,probe,268,1722,0.19498205781584055
6,32,0,system,48,1805,0.1314512170329708
6,32,1,filler_q,22,1805,0.004968990879794979
6,32,2,filler_a,200,1805,0.017938607417258445
6,32,3,filler_q,32,1805,0.003684215343894316
6,32,4,filler_a,199,1805,0.013246289126887212
6,32,5,filler_q,24,1805,0.0034965105961199433
6,32,6,filler_a,200,1805,0.009921672014141033
6,32,7,filler_q,19,1805,0.0030369513133246353
6,32,8,filler_a,200,1805,0.014828836954142766
6,32,9,filler_q,19,1805,0.004797137950213877
6,32,10,filler_a,198,1805,0.014455742059620627
6,32,11,filler_q,20,1805,0.007457465688678553
6,32,12,filler_a,200,1805,0.03207459341308602
6,32,13,probe,351,1805,0.19203373707754873
6,33,0,system,48,1671,0.13854757118529412
6,33,1,filler_q,22,1671,0.0053405959647008765
6,33,2,filler_a,200,1671,0.02143752700048223
6,33,3,filler_q,32,1671,0.0036640739936054296
6,33,4,filler_a,199,1671,0.013052865288429864
6,33,5,filler_q,24,1671,0.003144307477490887
6,33,6,filler_a,200,1671,0.010357021884758072
6,33,7,filler_q,19,1671,0.002643025183734749
6,33,8,filler_a,200,1671,0.012963717294781255
6,33,9,filler_q,19,1671,0.0041489354368949806
6,33,10,filler_a,198,1671,0.01543289289178085
6,33,11,filler_q,20,1671,0.006209452855115563
6,33,12,filler_a,200,1671,0.033871918798023926
6,33,13,probe,217,1671,0.19262713290530128
6,34,0,system,48,1930,0.13104648595856755
6,34,1,filler_q,22,1930,0.004654187278506865
6,34,2,filler_a,200,1930,0.018752645226132462
6,34,3,filler_q,32,1930,0.003182870500396693
6,34,4,filler_a,199,1930,0.014631255912465524
6,34,5,filler_q,24,1930,0.002786776322397162
6,34,6,filler_a,200,1930,0.010253992446381352
6,34,7,filler_q,19,1930,0.0034962573664607415
6,34,8,filler_a,200,1930,0.013877648740782584
6,34,9,filler_q,19,1930,0.005727186610981822
6,34,10,filler_a,198,1930,0.014416190822355531
6,34,11,filler_q,20,1930,0.007609866793769522
6,34,12,filler_a,200,1930,0.03027065056143182
6,34,13,probe,476,1930,0.19210451349832577
6,35,0,system,48,1724,0.13323180024578807
6,35,1,filler_q,22,1724,0.004721681635298411
6,35,2,filler_a,200,1724,0.019711560456472627
6,35,3,filler_q,32,1724,0.003783608889184819
6,35,4,filler_a,199,1724,0.012154332915772234
6,35,5,filler_q,24,1724,0.0030272281356213326
6,35,6,filler_a,200,1724,0.009428980601842706
6,35,7,filler_q,19,1724,0.003213724138502028
6,35,8,filler_a,200,1724,0.01411010361765073
6,35,9,filler_q,19,1724,0.0033730329350642606
6,35,10,filler_a,198,1724,0.014621276554065093
6,35,11,filler_q,20,1724,0.007180265736961314
6,35,12,filler_a,200,1724,0.03152372813831822
6,35,13,probe,270,1724,0.19207031735159666
6,36,0,system,48,1890,0.1313748926592962
6,36,1,filler_q,22,1890,0.004869518213632308
6,36,2,filler_a,200,1890,0.018677936146086826
6,36,3,filler_q,32,1890,0.0037328210884262883
6,36,4,filler_a,199,1890,0.013945632581816457
6,36,5,filler_q,24,1890,0.0031237479839740156
6,36,6,filler_a,200,1890,0.010342242740429953
6,36,7,filler_q,19,1890,0.002661760769462631
6,36,8,filler_a,200,1890,0.014757478468762684
6,36,9,filler_q,19,1890,0.0046639807453039885
6,36,10,filler_a,198,1890,0.013391484142535773
6,36,11,filler_q,20,1890,0.008450534129712488
6,36,12,filler_a,200,1890,0.02981173813729376
6,36,13,probe,436,1890,0.19628801625891418
6,37,0,system,48,1708,0.13611286286606894
6,37,1,filler_q,22,1708,0.004870642533019114
6,37,2,filler_a,200,1708,0.020587958026839076
6,37,3,filler_q,32,1708,0.0037184870291232038
6,37,4,filler_a,199,1708,0.012201649051177628
6,37,5,filler_q,24,1708,0.003038934768668215
6,37,6,filler_a,200,1708,0.00935484578363983
6,37,7,filler_q,19,1708,0.0032227723453676364
6,37,8,filler_a,200,1708,0.013508147090604288
6,37,9,filler_q,19,1708,0.003351090186288918
6,37,10,filler_a,198,1708,0.014801483593137607
6,37,11,filler_q,20,1708,0.006661301938256494
6,37,12,filler_a,200,1708,0.03127328740339093
6,37,13,probe,254,1708,0.1906291216100218
6,38,0,system,48,1678,0.13646279338560002
6,38,1,filler_q,22,1678,0.005072302645641824
6,38,2,filler_a,200,1678,0.02126830967794695
6,38,3,filler_q,32,1678,0.003443552464537418
6,38,4,filler_a,199,1678,0.012705144522557707
6,38,5,filler_q,24,1678,0.003279523135417629
6,38,6,filler_a,200,1678,0.009647108238973958
6,38,7,filler_q,19,1678,0.0027075741421967747
6,38,8,filler_a,200,1678,0.012683649806765904
6,38,9,filler_q,19,1678,0.0037002353547628502
6,38,10,filler_a,198,1678,0.014905359258937682
6,38,11,filler_q,20,1678,0.005807549235208262
6,38,12,filler_a,200,1678,0.03351330268419982
6,38,13,probe,224,1678,0.19589985642744606
6,39,0,system,48,1762,0.13350105066678206
6,39,1,filler_q,22,1762,0.004983176327335665
6,39,2,filler_a,200,1762,0.018522646796945076
6,39,3,filler_q,32,1762,0.0037443266177575583
6,39,4,filler_a,199,1762,0.012784697066996779
6,39,5,filler_q,24,1762,0.0029095859060861247
6,39,6,filler_a,200,1762,0.009812962090655575
6,39,7,filler_q,19,1762,0.0033019941745655733
6,39,8,filler_a,200,1762,0.014469328564061978
6,39,9,filler_q,19,1762,0.004270270877879294
6,39,10,filler_a,198,1762,0.01401105491787449
6,39,11,filler_q,20,1762,0.007851652146992657
6,39,12,filler_a,200,1762,0.03281996706742116
6,39,13,probe,308,1762,0.18947126700784275
9,0,0,system,48,2287,0.1302666043706649
9,0,1,filler_q,22,2287,0.00476021774314501
9,0,2,filler_a,200,2287,0.015908305553469455
9,0,3,filler_q,32,2287,0.002922898709687442
9,0,4,filler_a,199,2287,0.009653801364929817
9,0,5,filler_q,24,2287,0.0022831671372905127
9,0,6,filler_a,200,2287,0.00600009043536894
9,0,7,filler_q,19,2287,0.0020917667286157694
9,0,8,filler_a,200,2287,0.00846257211890271
9,0,9,filler_q,19,2287,0.002177430992668793
9,0,10,filler_a,198,2287,0.006861045117668498
9,0,11,filler_q,20,2287,0.0015928944711751376
9,0,12,filler_a,200,2287,0.008631346875343565
9,0,13,filler_q,21,2287,0.002362580975046506
9,0,14,filler_a,200,2287,0.009333700681032531
9,0,15,filler_q,20,2287,0.0024728134977344924
9,0,16,filler_a,199,2287,0.012632691773468749
9,0,17,filler_q,20,2287,0.005015795437766023
9,0,18,filler_a,200,2287,0.030230391356047093
9,0,19,probe,143,2287,0.2033567657320614
9,1,0,system,48,2392,0.12927858171484166
9,1,1,filler_q,22,2392,0.0043691832446158116
9,1,2,filler_a,200,2392,0.01614009013875876
9,1,3,filler_q,32,2392,0.0031171223622906826
9,1,4,filler_a,199,2392,0.009108869021685572
9,1,5,filler_q,24,2392,0.002047313476465268
9,1,6,filler_a,200,2392,0.006092075405740774
9,1,7,filler_q,19,2392,0.0017622211522107974
9,1,8,filler_a,200,2392,0.00959504017496393
9,1,9,filler_q,19,2392,0.0017240324990875383
9,1,10,filler_a,198,2392,0.006444048688126863
9,1,11,filler_q,20,2392,0.002015923167133524
9,1,12,filler_a,200,2392,0.008047544721125838
9,1,13,filler_q,21,2392,0.003146155762821808
9,1,14,filler_a,200,2392,0.010048195369726653
9,1,15,filler_q,20,2392,0.002083171419403019
9,1,16,filler_a,199,2392,0.013549520615824638
9,1,17,filler_q,20,2392,0.005938895690544728
9,1,18,filler_a,200,2392,0.02915725843717461
9,1,19,probe,248,2392,0.20154965173254835
9,2,0,system,48,2517,0.12223757472850691
9,2,1,filler_q,22,2517,0.004610123053221222
9,2,2,filler_a,200,2517,0.016739750967844084
9,2,3,filler_q,32,2517,0.003505754677116046
9,2,4,filler_a,199,2517,0.009970526978644532
9,2,5,filler_q,24,2517,0.00224132191819484
9,2,6,filler_a,200,2517,0.006810237726958509
9,2,7,filler_q,19,2517,0.0021272844949663246
9,2,8,filler_a,200,2517,0.007820184646771982
9,2,9,filler_q,19,2517,0.0022953904941653462
9,2,10,filler_a,198,2517,0.007569407551280034
9,2,11,filler_q,20,2517,0.002076381010894056
9,2,12,filler_a,200,2517,0.008857012809289501
9,2,13,filler_q,21,2517,0.002441276818636644
9,2,14,filler_a,200,2517,0.011149122820494553
9,2,15,filler_q,20,2517,0.0030292523448687643
9,2,16,filler_a,199,2517,0.012918183963138968
9,2,17,filler_q,20,2517,0.007778682068155662
9,2,18,filler_a,200,2517,0.027997029471072916
9,2,19,probe,373,2517,0.2024751553457693
9,3,0,system,48,2455,0.12832930989848684
9,3,1,filler_q,22,2455,0.004845823302297623
9,3,2,filler_a,200,2455,0.016467200084391235
9,3,3,filler_q,32,2455,0.003097746099810576
9,3,4,filler_a,199,2455,0.009120721797822483
9,3,5,filler_q,24,2455,0.002245943453243644
9,3,6,filler_a,200,2455,0.006055110686972727
9,3,7,filler_q,19,2455,0.001811111716440108
9,3,8,filler_a,200,2455,0.008110094993659637
9,3,9,filler_q,19,2455,0.0022815323752654534
9,3,10,filler_a,198,2455,0.006950839978141202
9,3,11,filler_q,20,2455,0.0018700617705413537
9,3,12,filler_a,200,2455,0.008120686950116408
9,3,13,filler_q,21,2455,0.002687073261511233
9,3,14,filler_a,200,2455,0.01057755237122281
9,3,15,filler_q,20,2455,0.002765861644599923
9,3,16,filler_a,199,2455,0.012574704903453984
9,3,17,filler_q,20,2455,0.007152637032982718
9,3,18,filler_a,200,2455,0.029050046551516207
9,3,19,probe,311,2455,0.19623411964967866
9,4,0,system,48,2442,0.12919090678308506
9,4,1,filler_q,22,2442,0.004825366808055802
9,4,2,filler_a,200,2442,0.016278351740541316
9,4,3,filler_q,32,2442,0.0027274641874315817
9,4,4,filler_a,199,2442,0.009189469673388866
9,4,5,filler_q,24,2442,0.00226323916249227
9,4,6,filler_a,200,2442,0.0061518905670794165
9,4,7,filler_q,19,2442,0.0017324149080270386
9,4,8,filler_a,200,2442,0.00825578809626542
9,4,9,filler_q,19,2442,0.002153309491741423
9,4,10,filler_a,198,2442,0.006698046971086016
9,4,11,filler_q,20,2442,0.001788597234861507
9,4,12,filler_a,200,2442,0.007999107769630543
9,4,13,filler_q,21,2442,0.002493441203578537
9,4,14,filler_a,200,2442,0.010418416850113367
9,4,15,filler_q,20,2442,0.0028894211907211087
9,4,16,filler_a,199,2442,0.012142813743074285
9,4,17,filler_q,20,2442,0.006946961919886507
9,4,18,filler_a,200,2442,0.029183090392731703
9,4,19,probe,298,2442,0.1976867600297242
9,5,0,system,48,2467,0.12594083025011665
9,5,1,filler_q,22,2467,0.005209164046089441
9,5,2,filler_a,200,2467,0.016417269379371723
9,5,3,filler_q,32,2467,0.003261193897920771
9,5,4,filler_a,199,2467,0.009102578091521903
9,5,5,filler_q,24,2467,0.0022427084491660363
9,5,6,filler_a,200,2467,0.006410759915682072
9,5,7,filler_q,19,2467,0.0017828104221055848
9,5,8,filler_a,200,2467,0.008166568111593522
9,5,9,filler_q,19,2467,0.0021347706259963674
9,5,10,filler_a,198,2467,0.007256497954927296
9,5,11,filler_q,20,2467,0.0021127295267988314
9,5,12,filler_a,200,2467,0.007982234200110282
9,5,13,filler_q,21,2467,0.0026995610675698994
9,5,14,filler_a,200,2467,0.010823416311708646
9,5,15,filler_q,20,2467,0.0027074552577744716
9,5,16,filler_a,199,2467,0.012575198048630245
9,5,17,filler_q,20,2467,0.006564731179791973
9,5,18,filler_a,200,2467,0.02868192517724655
9,5,19,probe,323,2467,0.2009572835472857
9,6,0,system,48,2403,0.12998697480918803
9,6,1,filler_q,22,2403,0.00451259402195399
9,6,2,filler_a,200,2403,0.0157947679440827
9,6,3,filler_q,32,2403,0.00312705749979544
9,6,4,filler_a,199,2403,0.008948028216726241
9,6,5,filler_q,24,2403,0.001986433152143364
9,6,6,filler_a,200,2403,0.0058633505896721816
9,6,7,filler_q,19,2403,0.00176315909119602
9,6,8,filler_a,200,2403,0.008724297037286955
9,6,9,filler_q,19,2403,0.0020199871892992685
9,6,10,filler_a,198,2403,0.006302259618887955
9,6,11,filler_q,20,2403,0.0019601938881834524
9,6,12,filler_a,200,2403,0.00747420942376899
9,6,13,filler_q,21,2403,0.0028235556043797005
9,6,14,filler_a,200,2403,0.01028113543283776
9,6,15,filler_q,20,2403,0.0021735918742139936
9,6,16,filler_a,199,2403,0.013129410327600505
9,6,17,filler_q,20,2403,0.0068703638496479405
9,6,18,filler_a,200,2403,0.02884521833574665
9,6,19,probe,259,2403,0.19947417688337934
9,7,0,system,48,2500,0.11834774668932489
9,7,1,filler_q,22,2500,0.005029003512981724
9,7,2,filler_a,200,2500,0.01627205059680611
9,7,3,filler_q,32,2500,0.003299209958667481
9,7,4,filler_a,199,2500,0.009011170575911621
9,7,5,filler_q,24,2500,0.002334669818256748
9,7,6,filler_a,200,2500,0.006509943440772067
9,7,7,filler_q,19,2500,0.001652473683390048
9,7,8,filler_a,200,2500,0.007792498468135407
9,7,9,filler_q,19,2500,0.0022112954797188895
9,7,10,filler_a,198,2500,0.007204276794855452
9,7,11,filler_q,20,2500,0.0023162370390575836
9,7,12,filler_a,200,2500,0.008241909649569817
9,7,13,filler_q,21,2500,0.0024927570494087587
9,7,14,filler_a,200,2500,0.011013005400757555
9,7,15,filler_q,20,2500,0.003089077922442888
9,7,16,filler_a,199,2500,0.012749013404637844
9,7,17,filler_q,20,2500,0.007141760627221243
9,7,18,filler_a,200,2500,0.02820359013337026
9,7,19,probe,356,2500,0.20448305849238926
9,8,0,system,48,2380,0.13289239498267852
9,8,1,filler_q,22,2380,0.004429156079319406
9,8,2,filler_a,200,2380,0.01655589711078741
9,8,3,filler_q,32,2380,0.003125367915421573
9,8,4,filler_a,199,2380,0.008859548372515718
9,8,5,filler_q,24,2380,0.0021966403969332004
9,8,6,filler_a,200,2380,0.00586924640404467
9,8,7,filler_q,19,2380,0.0018772127519787597
9,8,8,filler_a,200,2380,0.008949060465266532
9,8,9,filler_q,19,2380,0.0018252488717130561
9,8,10,filler_a,198,2380,0.006515137299346564
9,8,11,filler_q,20,2380,0.00197924928294976
9,8,12,filler_a,200,2380,0.007633448243999893
9,8,13,filler_q,21,2380,0.0032152165345473668
9,8,14,filler_a,200,2380,0.009016333110393118
9,8,15,filler_q,20,2380,0.002142314641564165
9,8,16,filler_a,199,2380,0.013189335228052625
9,8,17,filler_q,20,2380,0.00586868560105962
9,8,18,filler_a,200,2380,0.029508926008304896
9,8,19,probe,236,2380,0.19688494539425924
9,9,0,system,48,2776,0.11776909262469148
9,9,1,filler_q,22,2776,0.004991291744220209
9,9,2,filler_a,200,2776,0.014589875311558134
9,9,3,filler_q,32,2776,0.002645889791357042
9,9,4,filler_a,199,2776,0.011543514314922081
9,9,5,filler_q,24,2776,0.0034877752883855488
9,9,6,filler_a,200,2776,0.008267845886016024
9,9,7,filler_q,19,2776,0.001889915849886456
9,9,8,filler_a,200,2776,0.00888811858198455
9,9,9,filler_q,19,2776,0.002809971634170798
9,9,10,filler_a,198,2776,0.007220489640954874
9,9,11,filler_q,20,2776,0.002798559385844504
9,9,12,filler_a,200,2776,0.010069264158602426
9,9,13,filler_q,21,2776,0.0031779400360284695
9,9,14,filler_a,200,2776,0.011401483531221277
9,9,15,filler_q,20,2776,0.0031771897154870966
9,9,16,filler_a,199,2776,0.01356027388009116
9,9,17,filler_q,20,2776,0.007518134488316967
9,9,18,filler_a,200,2776,0.023012021244022306
9,9,19,probe,632,2776,0.20493271240500815
9,10,0,system,48,2426,0.127547102671458
9,10,1,filler_q,22,2426,0.004738163522320725
9,10,2,filler_a,200,2426,0.015845686190323248
9,10,3,filler_q,32,2426,0.0026896301813795357
9,10,4,filler_a,199,2426,0.008849884866839608
9,10,5,filler_q,24,2426,0.0020215086540272364
9,10,6,filler_a,200,2426,0.00577709932249497
9,10,7,filler_q,19,2426,0.0015774048668873108
9,10,8,filler_a,200,2426,0.008288318005568316
9,10,9,filler_q,19,2426,0.0022982260093273406
9,10,10,filler_a,198,2426,0.00600529542224802
9,10,11,filler_q,20,2426,0.0019085327379939844
9,10,12,filler_a,200,2426,0.007586599043646279
9,10,13,filler_q,21,2426,0.002518361742180727
9,10,14,filler_a,200,2426,0.009884740757286643
9,10,15,filler_q,20,2426,0.0025410735984761667
9,10,16,filler_a,199,2426,0.01198403987528936
9,10,17,filler_q,20,2426,0.006445478626826863
9,10,18,filler_a,200,2426,0.02793397499288031
9,10,19,probe,282,2426,0.20210832692175426
9,11,0,system,48,2400,0.1323964102951227
9,11,1,filler_q,22,2400,0.004517722935595664
9,11,2,filler_a,200,2400,0.016425969568579998
9,11,3,filler_q,32,2400,0.003146277545509914
9,11,4,filler_a,199,2400,0.009119372094707172
9,11,5,filler_q,24,2400,0.002016375522544242
9,11,6,filler_a,200,2400,0.0059415812876724775
9,11,7,filler_q,19,2400,0.001788628027349212
9,11,8,filler_a,200,2400,0.008941488360388107
9,11,9,filler_q,19,2400,0.001965377097454021
9,11,10,filler_a,198,2400,0.006338145237931026
9,11,11,filler_q,20,2400,0.00194554196378443
9,11,12,filler_a,200,2400,0.0075564994167017065
9,11,13,filler_q,21,2400,0.0028754842050654587
9,11,14,filler_a,200,2400,0.010122856189980519
9,11,15,filler_q,20,2400,0.0021830887635650793
9,11,16,filler_a,199,2400,0.012968229202191903
9,11,17,filler_q,20,2400,0.006855887053843735
9,11,18,filler_a,200,2400,0.029062562750375352
9,11,19,probe,256,2400,0.19567573730866342
9,12,0,system,48,2423,0.12784198779980607
9,12,1,filler_q,22,2423,0.004698031829499017
9,12,2,filler_a,200,2423,0.016174460885151436
9,12,3,filler_q,32,2423,0.0026869475981296845
9,12,4,filler_a,199,2423,0.008873273367127675
9,12,5,filler_q,24,2423,0.0020595032013529585
9,12,6,filler_a,200,2423,0.005890947194491811
9,12,7,filler_q,19,2423,0.0015854230753635473
9,12,8,filler_a,200,2423,0.008528451592305373
9,12,9,filler_q,19,2423,0.002280097554630577
9,12,10,filler_a,198,2423,0.0062791477330679515
9,12,11,filler_q,20,2423,0.0018814776460584555
9,12,12,filler_a,200,2423,0.00776109251090703
9,12,13,filler_q,21,2423,0.0025557852159962596
9,12,14,filler_a,200,2423,0.009883497320059468
9,12,15,filler_q,20,2423,0.00243838416032905
9,12,16,filler_a,199,2423,0.011989332188032806
9,12,17,filler_q,20,2423,0.006328330435537937
9,12,18,filler_a,200,2423,0.02703984282125527
9,12,19,probe,279,2423,0.19553336673489108
9,13,0,system,48,2466,0.12456533801985406
9,13,1,filler_q,22,2466,0.005094503799322032
9,13,2,filler_a,200,2466,0.016064263283772477
9,13,3,filler_q,32,2466,0.003167202457021084
9,13,4,filler_a,199,2466,0.008993106120155471
9,13,5,filler_q,24,2466,0.002247826304437002
9,13,6,filler_a,200,2466,0.006327958795590192
9,13,7,filler_q,19,2466,0.0017985495915812707
9,13,8,filler_a,200,2466,0.008226053304703895
9,13,9,filler_q,19,2466,0.0022044010907462234
9,13,10,filler_a,198,2466,0.007250183612336252
9,13,11,filler_q,20,2466,0.002130292524544967
9,13,12,filler_a,200,2466,0.007958674355189833
9,13,13,filler_q,21,2466,0.002725342503367572
9,13,14,filler_a,200,2466,0.010819991431573068
9,13,15,filler_q,20,2466,0.0026867640187187665
9,13,16,filler_a,199,2466,0.012454840671240527
9,13,17,filler_q,20,2466,0.0066885574122335836
9,13,18,filler_a,200,2466,0.029263613295164897
9,13,19,probe,322,2466,0.20367407935981507
9,14,0,system,48,2665,0.12133976250748282
9,14,1,filler_q,22,2665,0.003964709719662883
9,14,2,filler_a,200,2665,0.014819669122623296
9,14,3,filler_q,32,2665,0.0032461292969449165
9,14,4,filler_a,199,2665,0.011677422391542626
9,14,5,filler_q,24,2665,0.0023751612500575374
9,14,6,filler_a,200,2665,0.006725319805846127
9,14,7,filler_q,19,2665,0.0020453678451194017
9,14,8,filler_a,200,2665,0.008345176339254159
9,14,9,filler_q,19,2665,0.002337212702654022
9,14,10,filler_a,198,2665,0.0077080929379391705
9,14,11,filler_q,20,2665,0.0025219883796485675
9,14,12,filler_a,200,2665,0.009066336344056859
9,14,13,filler_q,21,2665,0.0035273128062503294
9,14,14,filler_a,200,2665,0.010819601750321336
9,14,15,filler_q,20,2665,0.00357265183337473
9,14,16,filler_a,199,2665,0.014127869192674591
9,14,17,filler_q,20,2665,0.008861862044585127
9,14,18,filler_a,200,2665,0.02587815234387626
9,14,19,probe,521,2665,0.1937193196006575
9,15,0,system,48,2503,0.11905194274660054
9,15,1,filler_q,22,2503,0.004906427791704635
9,15,2,filler_a,200,2503,0.016156799232716505
9,15,3,filler_q,32,2503,0.0032214152760048124
9,15,4,filler_a,199,2503,0.009133444479548924
9,15,5,filler_q,24,2503,0.0022832309988995536
9,15,6,filler_a,200,2503,0.0065941112875885595
9,15,7,filler_q,19,2503,0.001710643999541315
9,15,8,filler_a,200,2503,0.007783237690803515
9,15,9,filler_q,19,2503,0.002104337772273608
9,15,10,filler_a,198,2503,0.0072844521124028495
9,15,11,filler_q,20,2503,0.0022440976218187814
9,15,12,filler_a,200,2503,0.008208691557674985
9,15,13,filler_q,21,2503,0.0022972409089176454
9,15,14,filler_a,200,2503,0.010984660453816327
9,15,15,filler_q,20,2503,0.0030152115251900233
9,15,16,filler_a,199,2503,0.012590187785406232
9,15,17,filler_q,20,2503,0.006996376772145932
9,15,18,filler_a,200,2503,0.028562081377324678
9,15,19,probe,359,2503,0.20931131759100283
9,16,0,system,48,2343,0.1297069879784306
9,16,1,filler_q,22,2343,0.004631812928884371
9,16,2,filler_a,200,2343,0.016134046491737195
9,16,3,filler_q,32,2343,0.002600778407447141
9,16,4,filler_a,199,2343,0.009473105086529663
9,16,5,filler_q,24,2343,0.002210438380037992
9,16,6,filler_a,200,2343,0.0061104205469784895
9,16,7,filler_q,19,2343,0.0020855822703633267
9,16,8,filler_a,200,2343,0.008748346309887838
9,16,9,filler_q,19,2343,0.0019271685513853204
9,16,10,filler_a,198,2343,0.006967385847826719
9,16,11,filler_q,20,2343,0.0014764528000642927
9,16,12,filler_a,200,2343,0.008232546483531323
9,16,13,filler_q,21,2343,0.0024849148347656745
9,16,14,filler_a,200,2343,0.009180427904018698
9,16,15,filler_q,20,2343,0.0025281346850291085
9,16,16,filler_a,199,2343,0.01330426914687591
9,16,17,filler_q,20,2343,0.006161139396078289
9,16,18,filler_a,200,2343,0.031040362129235142
9,16,19,probe,199,2343,0.20437534109122837
9,17,0,system,48,2431,0.12954916459592364
9,17,1,filler_q,22,2431,0.004830985833527389
9,17,2,filler_a,200,2431,0.01618996421783291
9,17,3,filler_q,32,2431,0.002747320137193769
9,17,4,filler_a,199,2431,0.009109767731397165
9,17,5,filler_q,24,2431,0.0021221956699517307
9,17,6,filler_a,200,2431,0.006052641359049446
9,17,7,filler_q,19,2431,0.0016764700500508903
9,17,8,filler_a,200,2431,0.008438108013414488
9,17,9,filler_q,19,2431,0.0022027068052006193
9,17,10,filler_a,198,2431,0.006415067083593222
9,17,11,filler_q,20,2431,0.0018888241035456461
9,17,12,filler_a,200,2431,0.007923863324063092
9,17,13,filler_q,21,2431,0.002521973025148185
9,17,14,filler_a,200,2431,0.010324507282074097
9,17,15,filler_q,20,2431,0.002871049695080873
9,17,16,filler_a,199,2431,0.012143269858034118
9,17,17,filler_q,20,2431,0.006705084671208517
9,17,18,filler_a,200,2431,0.02857249877402298
9,17,19,probe,287,2431,0.20215673382358582
9,18,0,system,48,2500,0.1253812597943392
9,18,1,filler_q,22,2500,0.005145266022322805
9,18,2,filler_a,200,2500,0.017089968095151568
9,18,3,filler_q,32,2500,0.0034346577383236195
9,18,4,filler_a,199,2500,0.009422604969719476
9,18,5,filler_q,24,2500,0.0024136120006651106
9,18,6,filler_a,200,2500,0.006786515582980787
9,18,7,filler_q,19,2500,0.001716323931390837
9,18,8,filler_a,200,2500,0.008043897259287754
9,18,9,filler_q,19,2500,0.002275916044073443
9,18,10,filler_a,198,2500,0.007444042862569117
9,18,11,filler_q,20,2500,0.002335236017344119
9,18,12,filler_a,200,2500,0.008337464375102792
9,18,13,filler_q,21,2500,0.0024724830080668655
9,18,14,filler_a,200,2500,0.011115150350723397
9,18,15,filler_q,20,2500,0.003048612444486027
9,18,16,filler_a,199,2500,0.012735006611277546
9,18,17,filler_q,20,2500,0.0068760506674510604
9,18,18,filler_a,200,2500,0.02753403072091146
9,18,19,probe,356,2500,0.19533756968310065
9,19,0,system,48,2474,0.12929614078917978
9,19,1,filler_q,22,2474,0.005408278908593118
9,19,2,filler_a,200,2474,0.01655566062860241
9,19,3,filler_q,32,2474,0.0037242225813458076
9,19,4,filler_a,199,2474,0.00912490131604611
9,19,5,filler_q,24,2474,0.002368528670934482
9,19,6,filler_a,200,2474,0.006504437223264397
9,19,7,filler_q,19,2474,0.0018611553271862676
9,19,8,filler_a,200,2474,0.008262137012905802
9,19,9,filler_q,19,2474,0.002353118399988652
9,19,10,filler_a,198,2474,0.007594753207272814
9,19,11,filler_q,20,2474,0.0023342003437457548
9,19,12,filler_a,200,2474,0.008064229590160453
9,19,13,filler_q,21,2474,0.002840296510314711
9,19,14,filler_a,200,2474,0.010972929894250657
9,19,15,filler_q,20,2474,0.002851363631282481
9,19,16,filler_a,199,2474,0.01311070834314243
9,19,17,filler_q,20,2474,0.006810271338345748
9,19,18,filler_a,200,2474,0.03011065357146862
9,19,19,probe,330,2474,0.19270684496016144
9,20,0,system,48,2461,0.12734800868956717
9,20,1,filler_q,22,2461,0.004933441229253719
9,20,2,filler_a,200,2461,0.016377305855969956
9,20,3,filler_q,32,2461,0.003031378886466463
9,20,4,filler_a,199,2461,0.00922359361696502
9,20,5,filler_q,24,2461,0.0021964495004371007
9,20,6,filler_a,200,2461,0.006211466184183709
9,20,7,filler_q,19,2461,0.001727246884521819
9,20,8,filler_a,200,2461,0.008231955151820491
9,20,9,filler_q,19,2461,0.0021346794396497567
9,20,10,filler_a,198,2461,0.007147784966595244
9,20,11,filler_q,20,2461,0.0020137885715138877
9,20,12,filler_a,200,2461,0.008273783254726321
9,20,13,filler_q,21,2461,0.002591023766840512
9,20,14,filler_a,200,2461,0.010698203514508184
9,20,15,filler_q,20,2461,0.002682204418431365
9,20,16,filler_a,199,2461,0.012370379446215784
9,20,17,filler_q,20,2461,0.00662539198661988
9,20,18,filler_a,200,2461,0.02894314544361046
9,20,19,probe,317,2461,0.20114898195976152
9,21,0,system,48,2563,0.12447967698480154
9,21,1,filler_q,22,2563,0.0042139835455919416
9,21,2,filler_a,200,2563,0.016688583694276164
9,21,3,filler_q,32,2563,0.003219935726749488
9,21,4,filler_a,199,2563,0.011177026258836422
9,21,5,filler_q,24,2563,0.002113420209772564
9,21,6,filler_a,200,2563,0.00658059105368244
9,21,7,filler_q,19,2563,0.0022607314160261595
9,21,8,filler_a,200,2563,0.008201809707190299
9,21,9,filler_q,19,2563,0.0026380439467200735
9,21,10,filler_a,198,2563,0.007433133037601859
9,21,11,filler_q,20,2563,0.0019495542165109615
9,21,12,filler_a,200,2563,0.009067950652915213
9,21,13,filler_q,21,2563,0.0025428344968212112
9,21,14,filler_a,200,2563,0.010396282871584875
9,21,15,filler_q,20,2563,0.0029556071583790545
9,21,16,filler_a,199,2563,0.012217588860810216
9,21,17,filler_q,20,2563,0.007721177997106977
9,21,18,filler_a,200,2563,0.027267000299648052
9,21,19,probe,419,2563,0.1919957108410139
9,22,0,system,48,2559,0.12091801117530783
9,22,1,filler_q,22,2559,0.004028848587461595
9,22,2,filler_a,200,2559,0.0160964766773291
9,22,3,filler_q,32,2559,0.003055763164745339
9,22,4,filler_a,199,2559,0.01082583647386506
9,22,5,filler_q,24,2559,0.0020281284746193886
9,22,6,filler_a,200,2559,0.00654678914483211
9,22,7,filler_q,19,2559,0.00205832254518592
9,22,8,filler_a,200,2559,0.008022637958827575
9,22,9,filler_q,19,2559,0.0024842779121577187
9,22,10,filler_a,198,2559,0.00726619346318632
9,22,11,filler_q,20,2559,0.0018224423081634046
9,22,12,filler_a,200,2559,0.008730208424336807
9,22,13,filler_q,21,2559,0.0023704591947997407
9,22,14,filler_a,200,2559,0.010191957619339328
9,22,15,filler_q,20,2559,0.0026412623197780995
9,22,16,filler_a,199,2559,0.011964846855219634
9,22,17,filler_q,20,2559,0.007410586905549883
9,22,18,filler_a,200,2559,0.026112121403614654
9,22,19,probe,415,2559,0.1993514534264663
9,23,0,system,48,2445,0.12672651944612837
9,23,1,filler_q,22,2445,0.004696022073990384
9,23,2,filler_a,200,2445,0.015704481271645917
9,23,3,filler_q,32,2445,0.0028118545987470323
9,23,4,filler_a,199,2445,0.009206003328888712
9,23,5,filler_q,24,2445,0.002280393132561484
9,23,6,filler_a,200,2445,0.0062787680159927806
9,23,7,filler_q,19,2445,0.0017696096132008754
9,23,8,filler_a,200,2445,0.008409105248272984
9,23,9,filler_q,19,2445,0.0022859032890393187
9,23,10,filler_a,198,2445,0.007036969790281201
9,23,11,filler_q,20,2445,0.0018589354951593798
9,23,12,filler_a,200,2445,0.008291448398461595
9,23,13,filler_q,21,2445,0.0026351733073895025
9,23,14,filler_a,200,2445,0.010778417910713383
9,23,15,filler_q,20,2445,0.002870111663307855
9,23,16,filler_a,199,2445,0.01269023220389512
9,23,17,filler_q,20,2445,0.007460706471759339
9,23,18,filler_a,200,2445,0.030109556387404125
9,23,19,probe,301,2445,0.1978133846130639
9,24,0,system,48,2379,0.13215358337017888
9,24,1,filler_q,22,2379,0.004413413557440062
9,24,2,filler_a,200,2379,0.016179008149609323
9,24,3,filler_q,32,2379,0.0030044376852464316
9,24,4,filler_a,199,2379,0.008670902442629044
9,24,5,filler_q,24,2379,0.00209385159948717
9,24,6,filler_a,200,2379,0.005727643225551796
9,24,7,filler_q,19,2379,0.0018236093472180296
9,24,8,filler_a,200,2379,0.008851319716402283
9,24,9,filler_q,19,2379,0.0017509970050462
9,24,10,filler_a,198,2379,0.00639817781420382
9,24,11,filler_q,20,2379,0.0019093819390000523
9,24,12,filler_a,200,2379,0.007556828991146425
9,24,13,filler_q,21,2379,0.003141168073520172
9,24,14,filler_a,200,2379,0.008938438500072204
9,24,15,filler_q,20,2379,0.0020909426204630582
9,24,16,filler_a,199,2379,0.01310817397793977
9,24,17,filler_q,20,2379,0.0055663125067152595
9,24,18,filler_a,200,2379,0.028955791072584735
9,24,19,probe,235,2379,0.19674436906402512
9,25,0,system,48,2561,0.11632803683604763
9,25,1,filler_q,22,2561,0.003983847197897798
9,25,2,filler_a,200,2561,0.015915797951024272
9,25,3,filler_q,32,2561,0.003025076530511116
9,25,4,filler_a,199,2561,0.010917305361552996
9,25,5,filler_q,24,2561,0.0019932430713490686
9,25,6,filler_a,200,2561,0.006566235642545787
9,25,7,filler_q,19,2561,0.002143040547803918
9,25,8,filler_a,200,2561,0.008183297068609532
9,25,9,filler_q,19,2561,0.002490522256648839
9,25,10,filler_a,198,2561,0.007362670362752012
9,25,11,filler_q,20,2561,0.001818507657219843
9,25,12,filler_a,200,2561,0.008868164125645865
9,25,13,filler_q,21,2561,0.002398255242131487
9,25,14,filler_a,200,2561,0.010205435870600046
9,25,15,filler_q,20,2561,0.0027642927405605593
9,25,16,filler_a,199,2561,0.012025801432614966
9,25,17,filler_q,20,2561,0.007661120045708346
9,25,18,filler_a,200,2561,0.026539874309989834
9,25,19,probe,417,2561,0.20693841785175673
9,26,0,system,48,2416,0.13312752674804343
9,26,1,filler_q,22,2416,0.004433119337405359
9,26,2,filler_a,200,2416,0.01610665022347643
9,26,3,filler_q,32,2416,0.002730739943642394
9,26,4,filler_a,199,2416,0.009109756437019828
9,26,5,filler_q,24,2416,0.00203868976214703
9,26,6,filler_a,200,2416,0.006094423627274199
9,26,7,filler_q,19,2416,0.0015917780093525457
9,26,8,filler_a,200,2416,0.00867692775807771
9,26,9,filler_q,19,2416,0.0023481745492401587
9,26,10,filler_a,198,2416,0.006208415780283137
9,26,11,filler_q,20,2416,0.0018931885238894213
9,26,12,filler_a,200,2416,0.0077948391523477425
9,26,13,filler_q,21,2416,0.002714131829066953
9,26,14,filler_a,200,2416,0.010267916385541241
9,26,15,filler_q,20,2416,0.002220229260421054
9,26,16,filler_a,199,2416,0.012454242092916037
9,26,17,filler_q,20,2416,0.006719149194445376
9,26,18,filler_a,200,2416,0.02862342899567862
9,26,19,probe,272,2416,0.19823782701980733
9,27,0,system,48,2527,0.12236555946987056
9,27,1,filler_q,22,2527,0.0044097306314403025
9,27,2,filler_a,200,2527,0.01732164014756902
9,27,3,filler_q,32,2527,0.003419731832355526
9,27,4,filler_a,199,2527,0.010404535167086339
9,27,5,filler_q,24,2527,0.0020972431389566786
9,27,6,filler_a,200,2527,0.006743010529931809
9,27,7,filler_q,19,2527,0.0022512468029664127
9,27,8,filler_a,200,2527,0.00780360657720254
9,27,9,filler_q,19,2527,0.002313575503932752
9,27,10,filler_a,198,2527,0.007479282683214919
9,27,11,filler_q,20,2527,0.001935278245646053
9,27,12,filler_a,200,2527,0.008837306405654293
9,27,13,filler_q,21,2527,0.0023633482404305755
9,27,14,filler_a,200,2527,0.010981037636531263
9,27,15,filler_q,20,2527,0.0027941829899211144
9,27,16,filler_a,199,2527,0.012419196103972035
9,27,17,filler_q,20,2527,0.007996673220748167
9,27,18,filler_a,200,2527,0.02757363478977135
9,27,19,probe,383,2527,0.2033221735830646
9,28,0,system,48,2471,0.12692409876043556
9,28,1,filler_q,22,2471,0.005178051860545131
9,28,2,filler_a,200,2471,0.016123310634124012
9,28,3,filler_q,32,2471,0.003407793811892132
9,28,4,filler_a,199,2471,0.0089164948062285
9,28,5,filler_q,24,2471,0.002285507333421358
9,28,6,filler_a,200,2471,0.00644840614086578
9,28,7,filler_q,19,2471,0.0017529007699388034
9,28,8,filler_a,200,2471,0.008163188212127219
9,28,9,filler_q,19,2471,0.002243993910342283
9,28,10,filler_a,198,2471,0.00735679367702706
9,28,11,filler_q,20,2471,0.0022324859053096738
9,28,12,filler_a,200,2471,0.007930881359788868
9,28,13,filler_q,21,2471,0.0028013414670887493
9,28,14,filler_a,200,2471,0.01081350586083774
9,28,15,filler_q,20,2471,0.002712733713739067
9,28,16,filler_a,199,2471,0.012736511787779155
9,28,17,filler_q,20,2471,0.006863854864797544
9,28,18,filler_a,200,2471,0.02960045443297023
9,28,19,probe,327,2471,0.20107432471547387
9,29,0,system,48,2488,0.12126828226672179
9,29,1,filler_q,22,2488,0.005199145848494347
9,29,2,filler_a,200,2488,0.016223523374792364
9,29,3,filler_q,32,2488,0.003439077839961544
9,29,4,filler_a,199,2488,0.009225860874419735
9,29,5,filler_q,24,2488,0.0023862332580975205
9,29,6,filler_a,200,2488,0.006465893051901423
9,29,7,filler_q,19,2488,0.0015710862626102482
9,29,8,filler_a,200,2488,0.007860150204899115
9,29,9,filler_q,19,2488,0.002313200206325804
9,29,10,filler_a,198,2488,0.007052799009832001
9,29,11,filler_q,20,2488,0.0021527383705088688
9,29,12,filler_a,200,2488,0.008198232920192184
9,29,13,filler_q,21,2488,0.0027705004794604236
9,29,14,filler_a,200,2488,0.010574000303852308
9,29,15,filler_q,20,2488,0.002776895473496937
9,29,16,filler_a,199,2488,0.012670462117422654
9,29,17,filler_q,20,2488,0.006663497127449426
9,29,18,filler_a,200,2488,0.0282235607864501
9,29,19,probe,344,2488,0.20943288414857264
9,30,0,system,48,2412,0.13125425233458946
9,30,1,filler_q,22,2412,0.004428157157879266
9,30,2,filler_a,200,2412,0.016114175405375904
9,30,3,filler_q,32,2412,0.0028713558563030965
9,30,4,filler_a,199,2412,0.008979665853153183
9,30,5,filler_q,24,2412,0.002002235309181476
9,30,6,filler_a,200,2412,0.006008983655919271
9,30,7,filler_q,19,2412,0.001643179301194654
9,30,8,filler_a,200,2412,0.008607435532713913
9,30,9,filler_q,19,2412,0.0022366781344852283
9,30,10,filler_a,198,2412,0.006138238031055769
9,30,11,filler_q,20,2412,0.0018587753143833627
9,30,12,filler_a,200,2412,0.007604687873217524
9,30,13,filler_q,21,2412,0.0028276683836161117
9,30,14,filler_a,200,2412,0.010063400773496973
9,30,15,filler_q,20,2412,0.00211837664564384
9,30,16,filler_a,199,2412,0.012655565090050933
9,30,17,filler_q,20,2412,0.007240025354413783
9,30,18,filler_a,200,2412,0.029277200372612912
9,30,19,probe,268,2412,0.19698519648510454
9,31,0,system,48,2412,0.1294919705878736
9,31,1,filler_q,22,2412,0.004449884813798404
9,31,2,filler_a,200,2412,0.015956215117233823
9,31,3,filler_q,32,2412,0.002859239352554144
9,31,4,filler_a,199,2412,0.008919797142734356
9,31,5,filler_q,24,2412,0.0019764936510814762
9,31,6,filler_a,200,2412,0.005948902159464422
9,31,7,filler_q,19,2412,0.0016232994850637777
9,31,8,filler_a,200,2412,0.00837350639869952
9,31,9,filler_q,19,2412,0.0022410244295563613
9,31,10,filler_a,198,2412,0.006029098466049636
9,31,11,filler_q,20,2412,0.0018068647092911098
9,31,12,filler_a,200,2412,0.007404408121601944
9,31,13,filler_q,21,2412,0.0026902388179995684
9,31,14,filler_a,200,2412,0.00972468689149256
9,31,15,filler_q,20,2412,0.002033730617787348
9,31,16,filler_a,199,2412,0.012312316718394278
9,31,17,filler_q,20,2412,0.006568258211297655
9,31,18,filler_a,200,2412,0.02773090150383528
9,31,19,probe,268,2412,0.19840909209072805
9,32,0,system,48,2495,0.1198020384604626
9,32,1,filler_q,22,2495,0.005141470217711723
9,32,2,filler_a,200,2495,0.016597714512236798
9,32,3,filler_q,32,2495,0.003405359398835612
9,32,4,filler_a,199,2495,0.009126479825879868
9,32,5,filler_q,24,2495,0.002426433723468229
9,32,6,filler_a,200,2495,0.00649003126504281
9,32,7,filler_q,19,2495,0.001607677521019551
9,32,8,filler_a,200,2495,0.007951072279505924
9,32,9,filler_q,19,2495,0.002330505924585393
9,32,10,filler_a,198,2495,0.00719578239218046
9,32,11,filler_q,20,2495,0.0023778767762338217
9,32,12,filler_a,200,2495,0.00828351377020696
9,32,13,filler_q,21,2495,0.0026697863539868133
9,32,14,filler_a,200,2495,0.010970539837588264
9,32,15,filler_q,20,2495,0.003054492716945896
9,32,16,filler_a,199,2495,0.012806647845651355
9,32,17,filler_q,20,2495,0.007146454167663618
9,32,18,filler_a,200,2495,0.02789398071182962
9,32,19,probe,351,2495,0.19909651154813332
9,33,0,system,48,2361,0.13362530593548144
9,33,1,filler_q,22,2361,0.004790339008180223
9,33,2,filler_a,200,2361,0.01601671655718114
9,33,3,filler_q,32,2361,0.0026781773929964304
9,33,4,filler_a,199,2361,0.008951057633783854
9,33,5,filler_q,24,2361,0.0021386457182452578
9,33,6,filler_a,200,2361,0.006303195249204499
9,33,7,filler_q,19,2361,0.0021638536747414904
9,33,8,filler_a,200,2361,0.008935693220049385
9,33,9,filler_q,19,2361,0.0020355643115007637
9,33,10,filler_a,198,2361,0.006951107016302604
9,33,11,filler_q,20,2361,0.0018431717513837666
9,33,12,filler_a,200,2361,0.008280779399480631
9,33,13,filler_q,21,2361,0.0024646713149845878
9,33,14,filler_a,200,2361,0.009450993603433993
9,33,15,filler_q,20,2361,0.0027042038336314
9,33,16,filler_a,199,2361,0.013515574323701823
9,33,17,filler_q,20,2361,0.005894351537403975
9,33,18,filler_a,200,2361,0.02951901628288761
9,33,19,probe,217,2361,0.1991120986137477
9,34,0,system,48,2620,0.12407925762704243
9,34,1,filler_q,22,2620,0.0035946255464861104
9,34,2,filler_a,200,2620,0.014362722379190906
9,34,3,filler_q,32,2620,0.002757350153452592
9,34,4,filler_a,199,2620,0.011230119697736258
9,34,5,filler_q,24,2620,0.0024195626547677263
9,34,6,filler_a,200,2620,0.0063634549962726505
9,34,7,filler_q,19,2620,0.0020317309406672774
9,34,8,filler_a,200,2620,0.008006650223228039
9,34,9,filler_q,19,2620,0.002097305140660357
9,34,10,filler_a,198,2620,0.008174365161568648
9,34,11,filler_q,20,2620,0.0018228533289728192
9,34,12,filler_a,200,2620,0.008604870188263678
9,34,13,filler_q,21,2620,0.003150171928350609
9,34,14,filler_a,200,2620,0.009857867536324325
9,34,15,filler_q,20,2620,0.0037144776436264684
9,34,16,filler_a,199,2620,0.012849484224339573
9,34,17,filler_q,20,2620,0.006734210493916114
9,34,18,filler_a,200,2620,0.026755510594990605
9,34,19,probe,476,2620,0.19917936466313718
9,35,0,system,48,2414,0.12868063564381294
9,35,1,filler_q,22,2414,0.004459110715240257
9,35,2,filler_a,200,2414,0.016140265233361657
9,35,3,filler_q,32,2414,0.0027758256789338987
9,35,4,filler_a,199,2414,0.00897992145287502
9,35,5,filler_q,24,2414,0.001978276656397005
9,35,6,filler_a,200,2414,0.0059517158810189225
9,35,7,filler_q,19,2414,0.001569637273477615
9,35,8,filler_a,200,2414,0.008547172737476386
9,35,9,filler_q,19,2414,0.002276308442985811
9,35,10,filler_a,198,2414,0.006072812730311804
9,35,11,filler_q,20,2414,0.0018570149094817477
9,35,12,filler_a,200,2414,0.0075046594596511204
9,35,13,filler_q,21,2414,0.002686251747602231
9,35,14,filler_a,200,2414,0.010165771648794461
9,35,15,filler_q,20,2414,0.0020573513678375684
9,35,16,filler_a,199,2414,0.01228726150308426
9,35,17,filler_q,20,2414,0.006578459705512085
9,35,18,filler_a,200,2414,0.028076833701170277
9,35,19,probe,270,2414,0.20058614692975943
9,36,0,system,48,2580,0.12234539740040315
9,36,1,filler_q,22,2580,0.003646815723554089
9,36,2,filler_a,200,2580,0.014818951308092219
9,36,3,filler_q,32,2580,0.0027483972211057956
9,36,4,filler_a,199,2580,0.010303963611008729
9,36,5,filler_q,24,2580,0.001776933281977884
9,36,6,filler_a,200,2580,0.006262732658185126
9,36,7,filler_q,19,2580,0.00203896751916098
9,36,8,filler_a,200,2580,0.00771948017121708
9,36,9,filler_q,19,2580,0.0024087334345967927
9,36,10,filler_a,198,2580,0.007652344202532625
9,36,11,filler_q,20,2580,0.002076245563435307
9,36,12,filler_a,200,2580,0.00857114964042867
9,36,13,filler_q,21,2580,0.002347461804467627
9,36,14,filler_a,200,2580,0.009993573629342221
9,36,15,filler_q,20,2580,0.0028455204808253663
9,36,16,filler_a,199,2580,0.01151670444710656
9,36,17,filler_q,20,2580,0.007820819273151392
9,36,18,filler_a,200,2580,0.026241694173682557
9,36,19,probe,436,2580,0.20632338659697275
9,37,0,system,48,2398,0.13351481657234232
9,37,1,filler_q,22,2398,0.004525602824313195
9,37,2,filler_a,200,2398,0.01665694554812826
9,37,3,filler_q,32,2398,0.0030415552860545295
9,37,4,filler_a,199,2398,0.009072438198444279
9,37,5,filler_q,24,2398,0.0020009221597623666
9,37,6,filler_a,200,2398,0.005970992188414249
9,37,7,filler_q,19,2398,0.0018042279178386285
9,37,8,filler_a,200,2398,0.008919122630716135
9,37,9,filler_q,19,2398,0.0018927485346942954
9,37,10,filler_a,198,2398,0.006322824303369684
9,37,11,filler_q,20,2398,0.0019053814617713439
9,37,12,filler_a,200,2398,0.0075239832164082235
9,37,13,filler_q,21,2398,0.0028626878247861648
9,37,14,filler_a,200,2398,0.009870507110504216
9,37,15,filler_q,20,2398,0.0021265300192010814
9,37,16,filler_a,199,2398,0.012783101704992571
9,37,17,filler_q,20,2398,0.0062756748002709885
9,37,18,filler_a,200,2398,0.02762517207451436
9,37,19,probe,254,2398,0.19605449816705384
9,38,0,system,48,2368,0.1315343945055911
9,38,1,filler_q,22,2368,0.004469823793532041
9,38,2,filler_a,200,2368,0.015642640606165985
9,38,3,filler_q,32,2368,0.002720305723788975
9,38,4,filler_a,199,2368,0.008941328680360017
9,38,5,filler_q,24,2368,0.0020793572540086297
9,38,6,filler_a,200,2368,0.0061299641670064945
9,38,7,filler_q,19,2368,0.0020360099674606993
9,38,8,filler_a,200,2368,0.008858598788344397
9,38,9,filler_q,19,2368,0.001905124774057238
9,38,10,filler_a,198,2368,0.00679531568974087
9,38,11,filler_q,20,2368,0.0020118246392857404
9,38,12,filler_a,200,2368,0.007876527948760507
9,38,13,filler_q,21,2368,0.002638621716542888
9,38,14,filler_a,200,2368,0.009165279568450086
9,38,15,filler_q,20,2368,0.0024386780672726754
9,38,16,filler_a,199,2368,0.013265742186134069
9,38,17,filler_q,20,2368,0.005551983482444148
9,38,18,filler_a,200,2368,0.029669737045141895
9,38,19,probe,224,2368,0.20375908074181584
9,39,0,system,48,2452,0.12745745475152437
9,39,1,filler_q,22,2452,0.004835135601028713
9,39,2,filler_a,200,2452,0.016232184227965598
9,39,3,filler_q,32,2452,0.0032290355106154296
9,39,4,filler_a,199,2452,0.00913500824439083
9,39,5,filler_q,24,2452,0.002271489066126045
9,39,6,filler_a,200,2452,0.0061792064334198205
9,39,7,filler_q,19,2452,0.0018477705125833695
9,39,8,filler_a,200,2452,0.008310253809406585
9,39,9,filler_q,19,2452,0.0023154267662936806
9,39,10,filler_a,198,2452,0.007007888587093503
9,39,11,filler_q,20,2452,0.0019283792273100439
9,39,12,filler_a,200,2452,0.008232713052846388
9,39,13,filler_q,21,2452,0.0027844386057522433
9,39,14,filler_a,200,2452,0.010752666661407234
9,39,15,filler_q,20,2452,0.0027569373231282543
9,39,16,filler_a,199,2452,0.01276176257908572
9,39,17,filler_q,20,2452,0.00767519239321754
9,39,18,filler_a,200,2452,0.02936465087788654
9,39,19,probe,308,2452,0.19315690364068364
12,0,0,system,48,2978,0.12761641270263063
12,0,1,filler_q,22,2978,0.0044973893051338315
12,0,2,filler_a,200,2978,0.014070067158681542
12,0,3,filler_q,32,2978,0.0024207589928670415
12,0,4,filler_a,199,2978,0.006470984300386127
12,0,5,filler_q,24,2978,0.002644517040737845
12,0,6,filler_a,200,2978,0.00682681717277175
12,0,7,filler_q,19,2978,0.0018269362363884946
12,0,8,filler_a,200,2978,0.006384423106648352
12,0,9,filler_q,19,2978,0.0017874239347943546
12,0,10,filler_a,198,2978,0.005008382045374434
12,0,11,filler_q,20,2978,0.0015508021687252204
12,0,12,filler_a,200,2978,0.005018459745138429
12,0,13,filler_q,21,2978,0.0018634671690467065
12,0,14,filler_a,200,2978,0.006130189225936584
12,0,15,filler_q,20,2978,0.001366605169774136
12,0,16,filler_a,199,2978,0.006023858716729777
12,0,17,filler_q,20,2978,0.0016968251370530784
12,0,18,filler_a,200,2978,0.00807248349345039
12,0,19,filler_q,19,2978,0.0017966485484261908
12,0,20,filler_a,200,2978,0.010708264408352323
12,0,21,filler_q,22,2978,0.003419953532400655
12,0,22,filler_a,200,2978,0.014875954727200253
12,0,23,filler_q,21,2978,0.006653666520304588
12,0,24,filler_a,199,2978,0.028794385056667742
12,0,25,probe,143,2978,0.18862192829585775
12,1,0,system,48,3083,0.1224101183255553
12,1,1,filler_q,22,3083,0.005188228882264888
12,1,2,filler_a,200,3083,0.014694119721928927
12,1,3,filler_q,32,3083,0.0025970220692065897
12,1,4,filler_a,199,3083,0.008593687592407336
12,1,5,filler_q,24,3083,0.0019382741582038793
12,1,6,filler_a,200,3083,0.006325326505688937
12,1,7,filler_q,19,3083,0.001769048290209624
12,1,8,filler_a,200,3083,0.007751480476073233
12,1,9,filler_q,19,3083,0.0020600817044707314
12,1,10,filler_a,198,3083,0.004619779257185436
12,1,11,filler_q,20,3083,0.0013798327519060382
12,1,12,filler_a,200,3083,0.005447038177581042
12,1,13,filler_q,21,3083,0.00159029259207039
12,1,14,filler_a,200,3083,0.006888726513745627
12,1,15,filler_q,20,3083,0.0011558446746844718
12,1,16,filler_a,199,3083,0.006020866047436156
12,1,17,filler_q,20,3083,0.0021725051753738282
12,1,18,filler_a,200,3083,0.007289998680149371
12,1,19,filler_q,19,3083,0.00241553316430447
12,1,20,filler_a,200,3083,0.011192955258135568
12,1,21,filler_q,22,3083,0.002798168923703702
12,1,22,filler_a,200,3083,0.015275075664730919
12,1,23,filler_q,21,3083,0.007003315560997518
12,1,24,filler_a,199,3083,0.02660605478311482
12,1,25,probe,248,3083,0.18525439094786136
12,2,0,system,48,3208,0.12243561500088332
12,2,1,filler_q,22,3208,0.0041017763404642945
12,2,2,filler_a,200,3208,0.012770931805166202
12,2,3,filler_q,32,3208,0.0022978772118001606
12,2,4,filler_a,199,3208,0.008585202158283014
12,2,5,filler_q,24,3208,0.0018362374377199414
12,2,6,filler_a,200,3208,0.004704728501182642
12,2,7,filler_q,19,3208,0.0023750562977819115
12,2,8,filler_a,200,3208,0.00830683098204321
12,2,9,filler_q,19,3208,0.0020742910307923307
12,2,10,filler_a,198,3208,0.005625392876864889
12,2,11,filler_q,20,3208,0.0014347104874137095
12,2,12,filler_a,200,3208,0.005997521402706021
12,2,13,filler_q,21,3208,0.0019139555066707253
12,2,14,filler_a,200,3208,0.005702926643118762
12,2,15,filler_q,20,3208,0.0014632962406016692
12,2,16,filler_a,199,3208,0.006436589785128835
12,2,17,filler_q,20,3208,0.001956671228699227
12,2,18,filler_a,200,3208,0.007875313582430082
12,2,19,filler_q,19,3208,0.001685818243001292
12,2,20,filler_a,200,3208,0.012306986016460271
12,2,21,filler_q,22,3208,0.003895577333543826
12,2,22,filler_a,200,3208,0.014502475720650347
12,2,23,filler_q,21,3208,0.008821523790826642
12,2,24,filler_a,199,3208,0.02680499082378134
12,2,25,probe,373,3208,0.18966712481772235
12,3,0,system,48,3146,0.12518149527081765
12,3,1,filler_q,22,3146,0.004261902542405048
12,3,2,filler_a,200,3146,0.014671369653438512
12,3,3,filler_q,32,3146,0.0025690920488848387
12,3,4,filler_a,199,3146,0.008825842329250318
12,3,5,filler_q,24,3146,0.0019315328038455907
12,3,6,filler_a,200,3146,0.005497974086862491
12,3,7,filler_q,19,3146,0.002141735129560288
12,3,8,filler_a,200,3146,0.007666714588398954
12,3,9,filler_q,19,3146,0.0016920446996965906
12,3,10,filler_a,198,3146,0.004948638394239291
12,3,11,filler_q,20,3146,0.0014667141493926036
12,3,12,filler_a,200,3146,0.005273429397667599
12,3,13,filler_q,21,3146,0.0014841271432851886
12,3,14,filler_a,200,3146,0.0059690103693978485
12,3,15,filler_q,20,3146,0.0014685567356074816
12,3,16,filler_a,199,3146,0.006304035629458215
12,3,17,filler_q,20,3146,0.001853441086766464
12,3,18,filler_a,200,3146,0.00713127155740764
12,3,19,filler_q,19,3146,0.0019407909353237687
12,3,20,filler_a,200,3146,0.01188129026871339
12,3,21,filler_q,22,3146,0.0035795730418309536
12,3,22,filler_a,200,3146,0.013800995022263493
12,3,23,filler_q,21,3146,0.008045947312257776
12,3,24,filler_a,199,3146,0.02603718337865069
12,3,25,probe,311,3146,0.1834567660784292
12,4,0,system,48,3133,0.12453369584076027
12,4,1,filler_q,22,3133,0.004496847791900389
12,4,2,filler_a,200,3133,0.014854765612999036
12,4,3,filler_q,32,3133,0.002467495751597038
12,4,4,filler_a,199,3133,0.008634693769075805
12,4,5,filler_q,24,3133,0.0019079728952900111
12,4,6,filler_a,200,3133,0.005558773226907559
12,4,7,filler_q,19,3133,0.002212312171561926
12,4,8,filler_a,200,3133,0.007790545335857764
12,4,9,filler_q,19,3133,0.0015801329787788869
12,4,10,filler_a,198,3133,0.004881010288303718
12,4,11,filler_q,20,3133,0.0014521925015208575
12,4,12,filler_a,200,3133,0.005348196795086385
12,4,13,filler_q,21,3133,0.0014873242609717938
12,4,14,filler_a,200,3133,0.006093211154410594
12,4,15,filler_q,20,3133,0.0014967571788189072
12,4,16,filler_a,199,3133,0.0059732213707817255
12,4,17,filler_q,20,3133,0.0017340067626841018
12,4,18,filler_a,200,3133,0.007254459347301458
12,4,19,filler_q,19,3133,0.0018202350850440418
12,4,20,filler_a,200,3133,0.011813833006884902
12,4,21,filler_q,22,3133,0.0035996772172627147
12,4,22,filler_a,200,3133,0.013328021882279505
12,4,23,filler_q,21,3133,0.007888038677929277
12,4,24,filler_a,199,3133,0.026609723072673442
12,4,25,probe,298,3133,0.18255279325523538
12,5,0,system,48,3158,0.1209983170235003
12,5,1,filler_q,22,3158,0.0040820766228487435
12,5,2,filler_a,200,3158,0.014032548749814916
12,5,3,filler_q,32,3158,0.0023132808534264302
12,5,4,filler_a,199,3158,0.008900024155661376
12,5,5,filler_q,24,3158,0.0018633180163936602
12,5,6,filler_a,200,3158,0.0054470114151500566
12,5,7,filler_q,19,3158,0.0020055415766116512
12,5,8,filler_a,200,3158,0.008232031396092217
12,5,9,filler_q,19,3158,0.002062405152976496
12,5,10,filler_a,198,3158,0.004684893197904933
12,5,11,filler_q,20,3158,0.0014494477328865095
12,5,12,filler_a,200,3158,0.005520153572505467
12,5,13,filler_q,21,3158,0.0015107542395109673
12,5,14,filler_a,200,3158,0.0059285441235783845
12,5,15,filler_q,20,3158,0.0013948963767325634
12,5,16,filler_a,199,3158,0.006582023098501348
12,5,17,filler_q,20,3158,0.0020336004876008733
12,5,18,filler_a,200,3158,0.007080264159185274
12,5,19,filler_q,19,3158,0.001988557066724903
12,5,20,filler_a,200,3158,0.01192251300171855
12,5,21,filler_q,22,3158,0.003499233988754565
12,5,22,filler_a,200,3158,0.013874912043657551
12,5,23,filler_q,21,3158,0.0076453854096882375
12,5,24,filler_a,199,3158,0.025917727190177185
12,5,25,probe,323,3158,0.188540055933304
12,6,0,system,48,3094,0.12402312675197845
12,6,1,filler_q,22,3094,0.005280798883283576
12,6,2,filler_a,200,3094,0.014853304713641114
12,6,3,filler_q,32,3094,0.002510967161767551
12,6,4,filler_a,199,3094,0.00850831045204838
12,6,5,filler_q,24,3094,0.001905172986114797
12,6,6,filler_a,200,3094,0.005988411551713623
12,6,7,filler_q,19,3094,0.0017408039879236168
12,6,8,filler_a,200,3094,0.0074321160003416485
12,6,9,filler_q,19,3094,0.0020148906489712956
12,6,10,filler_a,198,3094,0.004479877723432039
12,6,11,filler_q,20,3094,0.001290258549445771
12,6,12,filler_a,200,3094,0.00539684844113919
12,6,13,filler_q,21,3094,0.0014949384363770319
12,6,14,filler_a,200,3094,0.006633861216027285
12,6,15,filler_q,20,3094,0.0013781979882656898
12,6,16,filler_a,199,3094,0.005678231221306129
12,6,17,filler_q,20,3094,0.0020117353835765314
12,6,18,filler_a,200,3094,0.007024183869135377
12,6,19,filler_q,19,3094,0.0021710081450797432
12,6,20,filler_a,200,3094,0.011503715212725345
12,6,21,filler_q,22,3094,0.002949214310693452
12,6,22,filler_a,200,3094,0.014664426002727033
12,6,23,filler_q,21,3094,0.007922814498181656
12,6,24,filler_a,199,3094,0.026328719885413857
12,6,25,probe,259,3094,0.18394043640799898
12,7,0,system,48,3191,0.12047700860848679
12,7,1,filler_q,22,3191,0.004204482699772562
12,7,2,filler_a,200,3191,0.012696904813452047
12,7,3,filler_q,32,3191,0.0021830859113567825
12,7,4,filler_a,199,3191,0.008475375094902659
12,7,5,filler_q,24,3191,0.001659905038736217
12,7,6,filler_a,200,3191,0.004891725331217654
12,7,7,filler_q,19,3191,0.0024984089090181777
12,7,8,filler_a,200,3191,0.007995399904840432
12,7,9,filler_q,19,3191,0.0024409463988152953
12,7,10,filler_a,198,3191,0.0050640790123011314
12,7,11,filler_q,20,3191,0.0015455985043230874
12,7,12,filler_a,200,3191,0.00593135657478152
12,7,13,filler_q,21,3191,0.001595864114507277
12,7,14,filler_a,200,3191,0.0056322229685750996
12,7,15,filler_q,20,3191,0.0013678057020393157
12,7,16,filler_a,199,3191,0.006223340312080161
12,7,17,filler_q,20,3191,0.002282220500365386
12,7,18,filler_a,200,3191,0.007091807413287489
12,7,19,filler_q,19,3191,0.0016714705500377838
12,7,20,filler_a,200,3191,0.012167078049153469
12,7,21,filler_q,22,3191,0.0038818410330057375
12,7,22,filler_a,200,3191,0.014212653233355054
12,7,23,filler_q,21,3191,0.008056951205902472
12,7,24,filler_a,199,3191,0.026201458608226907
12,7,25,probe,356,3191,0.18860227844094307
12,8,0,system,48,3071,0.12820334957042362
12,8,1,filler_q,22,3071,0.00520694723649443
12,8,2,filler_a,200,3071,0.015211254569376432
12,8,3,filler_q,32,3071,0.002886133734461627
12,8,4,filler_a,199,3071,0.008186691949139385
12,8,5,filler_q,24,3071,0.001947787289299488
12,8,6,filler_a,200,3071,0.0062521518503448874
12,8,7,filler_q,19,3071,0.002096009097538832
12,8,8,filler_a,200,3071,0.007546801757294765
12,8,9,filler_q,19,3071,0.0017647648210571119
12,8,10,filler_a,198,3071,0.004703579726997267
12,8,11,filler_q,20,3071,0.001513844268603413
12,8,12,filler_a,200,3071,0.0052512720487709426
12,8,13,filler_q,21,3071,0.001600787401684443
12,8,14,filler_a,200,3071,0.0070062698441672065
12,8,15,filler_q,20,3071,0.0011260473624379575
12,8,16,filler_a,199,3071,0.00582171751526876
12,8,17,filler_q,20,3071,0.0021142498447535357
12,8,18,filler_a,200,3071,0.0071121049126201775
12,8,19,filler_q,19,3071,0.0024609028613559445
12,8,20,filler_a,200,3071,0.010733138186272159
12,8,21,filler_q,22,3071,0.002902469401263381
12,8,22,filler_a,200,3071,0.014967744374974232
12,8,23,filler_q,21,3071,0.006768188280403638
12,8,24,filler_a,199,3071,0.02670315730517867
12,8,25,probe,236,3071,0.1828672516027726
12,9,0,system,48,3467,0.11610676727425491
12,9,1,filler_q,22,3467,0.004017891746576194
12,9,2,filler_a,200,3467,0.014085393842525303
12,9,3,filler_q,32,3467,0.0021141497724476376
12,9,4,filler_a,199,3467,0.007257249013169387
12,9,5,filler_q,24,3467,0.0020774406023462413
12,9,6,filler_a,200,3467,0.006275141994683581
12,9,7,filler_q,19,3467,0.0021133073291506486
12,9,8,filler_a,200,3467,0.005853112328958578
12,9,9,filler_q,19,3467,0.00181135451389434
12,9,10,filler_a,198,3467,0.007232655875754273
12,9,11,filler_q,20,3467,0.002365116821256317
12,9,12,filler_a,200,3467,0.007308940949586134
12,9,13,filler_q,21,3467,0.0017549370995899875
12,9,14,filler_a,200,3467,0.006600773271987644
12,9,15,filler_q,20,3467,0.0017800496663152182
12,9,16,filler_a,199,3467,0.006711878037205298
12,9,17,filler_q,20,3467,0.0026494905792872232
12,9,18,filler_a,200,3467,0.008529357427091424
12,9,19,filler_q,19,3467,0.0022091179968238813
12,9,20,filler_a,200,3467,0.011985296163584794
12,9,21,filler_q,22,3467,0.004320534013453667
12,9,22,filler_a,200,3467,0.01502054827239487
12,9,23,filler_q,21,3467,0.008579507129399802
12,9,24,filler_a,199,3467,0.02256255507877746
12,9,25,probe,632,3467,0.19217413770637073
12,10,0,system,48,3117,0.1230085344825066
12,10,1,filler_q,22,3117,0.004891808366747129
12,10,2,filler_a,200,3117,0.01470693675508968
12,10,3,filler_q,32,3117,0.0025322897086345786
12,10,4,filler_a,199,3117,0.008299957205452178
12,10,5,filler_q,24,3117,0.0019231426014904792
12,10,6,filler_a,200,3117,0.005681183736169759
12,10,7,filler_q,19,3117,0.0018774437047660527
12,10,8,filler_a,200,3117,0.007368888155148729
12,10,9,filler_q,19,3117,0.0017415166144244484
12,10,10,filler_a,198,3117,0.0046790143013101275
12,10,11,filler_q,20,3117,0.001343341250241011
12,10,12,filler_a,200,3117,0.005247320088800416
12,10,13,filler_q,21,3117,0.001417546308288862
12,10,14,filler_a,200,3117,0.006005615530717201
12,10,15,filler_q,20,3117,0.0014416142751398381
12,10,16,filler_a,199,3117,0.005538485199059021
12,10,17,filler_q,20,3117,0.0018863152332830643
12,10,18,filler_a,200,3117,0.0067109194187516255
12,10,19,filler_q,19,3117,0.001838562287183471
12,10,20,filler_a,200,3117,0.01137354531118509
12,10,21,filler_q,22,3117,0.0033284083655263376
12,10,22,filler_a,200,3117,0.013368734583698026
12,10,23,filler_q,21,3117,0.007439224490896554
12,10,24,filler_a,199,3117,0.025490431674529423
12,10,25,probe,282,3117,0.18433812092536428
12,11,0,system,48,3091,0.12495622515297336
12,11,1,filler_q,22,3091,0.005270533280198482
12,11,2,filler_a,200,3091,0.014941818190601546
12,11,3,filler_q,32,3091,0.0025861992495448817
12,11,4,filler_a,199,3091,0.008533530393879852
12,11,5,filler_q,24,3091,0.0019422658946723315
12,11,6,filler_a,200,3091,0.006165935360541031
12,11,7,filler_q,19,3091,0.0017581248367514839
12,11,8,filler_a,200,3091,0.0075236453787578175
12,11,9,filler_q,19,3091,0.002120153688688152
12,11,10,filler_a,198,3091,0.004636412886761963
12,11,11,filler_q,20,3091,0.0013252012016815426
12,11,12,filler_a,200,3091,0.005463981964442889
12,11,13,filler_q,21,3091,0.0015837186918605003
12,11,14,filler_a,200,3091,0.006721696336399247
12,11,15,filler_q,20,3091,0.0012992589844169097
12,11,16,filler_a,199,3091,0.005764636580645763
12,11,17,filler_q,20,3091,0.0021363698603012924
12,11,18,filler_a,200,3091,0.007101275763713949
12,11,19,filler_q,19,3091,0.0022017227727147053
12,11,20,filler_a,200,3091,0.01183269901403868
12,11,21,filler_q,22,3091,0.0029248426384016818
12,11,22,filler_a,200,3091,0.014765889860582252
12,11,23,filler_q,21,3091,0.007690181473743887
12,11,24,filler_a,199,3091,0.027182926870435626
12,11,25,probe,256,3091,0.18180730335129786
12,12,0,system,48,3114,0.12257465997511297
12,12,1,filler_q,22,3114,0.005035883163581693
12,12,2,filler_a,200,3114,0.01521526743293595
12,12,3,filler_q,32,3114,0.0025114600550406366
12,12,4,filler_a,199,3114,0.008548269871138246
12,12,5,filler_q,24,3114,0.0019883275313406826
12,12,6,filler_a,200,3114,0.0059123517449752565
12,12,7,filler_q,19,3114,0.0019796521749520994
12,12,8,filler_a,200,3114,0.00772668569726413
12,12,9,filler_q,19,3114,0.001860937294925782
12,12,10,filler_a,198,3114,0.0048322038598444346
12,12,11,filler_q,20,3114,0.0014227827043839741
12,12,12,filler_a,200,3114,0.005495739352417458
12,12,13,filler_q,21,3114,0.0014589159835830402
12,12,14,filler_a,200,3114,0.006273820054725915
12,12,15,filler_q,20,3114,0.0015899123534900731
12,12,16,filler_a,199,3114,0.005739877858332265
12,12,17,filler_q,20,3114,0.0019488222289509513
12,12,18,filler_a,200,3114,0.006956684861374976
12,12,19,filler_q,19,3114,0.001963095940245739
12,12,20,filler_a,200,3114,0.011479979021883257
12,12,21,filler_q,22,3114,0.0032632572546669107
12,12,22,filler_a,200,3114,0.013420362769096927
12,12,23,filler_q,21,3114,0.007483907228996675
12,12,24,filler_a,199,3114,0.025376276173438777
12,12,25,probe,279,3114,0.17717941519652958
12,13,0,system,48,3157,0.12116371557054921
12,13,1,filler_q,22,3157,0.004203495536832347
12,13,2,filler_a,200,3157,0.014041354646785046
12,13,3,filler_q,32,3157,0.0023765714982052796
12,13,4,filler_a,199,3157,0.008993381497586139
12,13,5,filler_q,24,3157,0.0019440207608650538
12,13,6,filler_a,200,3157,0.005594757459058158
12,13,7,filler_q,19,3157,0.0020796574000737206
12,13,8,filler_a,200,3157,0.00829753973725739
12,13,9,filler_q,19,3157,0.0021318325857981155
12,13,10,filler_a,198,3157,0.004834491689037363
12,13,11,filler_q,20,3157,0.001527710552924916
12,13,12,filler_a,200,3157,0.005725687751527584
12,13,13,filler_q,21,3157,0.0015838013073188946
12,13,14,filler_a,200,3157,0.00611696602395054
12,13,15,filler_q,20,3157,0.00142618377130562
12,13,16,filler_a,199,3157,0.006663004236344934
12,13,17,filler_q,20,3157,0.002119957731608335
12,13,18,filler_a,200,3157,0.007350835060690526
12,13,19,filler_q,19,3157,0.0020709878732624375
12,13,20,filler_a,200,3157,0.012113388685709922
12,13,21,filler_q,22,3157,0.0035552562695806257
12,13,22,filler_a,200,3157,0.0140856734615921
12,13,23,filler_q,21,3157,0.0077681471016517204
12,13,24,filler_a,199,3157,0.026652882365825824
12,13,25,probe,322,3157,0.18870429554441479
12,14,0,system,48,3356,0.12254869063127619
12,14,1,filler_q,22,3356,0.0035826722587541967
12,14,2,filler_a,200,3356,0.01223433139197137
12,14,3,filler_q,32,3356,0.0024603423139756163
12,14,4,filler_a,199,3356,0.008328520199684554
12,14,5,filler_q,24,3356,0.0022920621358251546
12,14,6,filler_a,200,3356,0.006756415253458313
12,14,7,filler_q,19,3356,0.0015158298237382304
12,14,8,filler_a,200,3356,0.006571080594535358
12,14,9,filler_q,19,3356,0.002102058533997246
12,14,10,filler_a,198,3356,0.006565824075465859
12,14,11,filler_q,20,3356,0.0014589809569390247
12,14,12,filler_a,200,3356,0.005762182330959638
12,14,13,filler_q,21,3356,0.0018364052294029894
12,14,14,filler_a,200,3356,0.00631121993278013
12,14,15,filler_q,20,3356,0.0013769087257543362
12,14,16,filler_a,199,3356,0.006686836837615138
12,14,17,filler_q,20,3356,0.002286633084561613
12,14,18,filler_a,200,3356,0.007947981304349682
12,14,19,filler_q,19,3356,0.0022957232501666374
12,14,20,filler_a,200,3356,0.012073534821440567
12,14,21,filler_q,22,3356,0.004655242446220793
12,14,22,filler_a,200,3356,0.015989663747448587
12,14,23,filler_q,21,3356,0.009424109862298382
12,14,24,filler_a,199,3356,0.024599150481097426
12,14,25,probe,521,3356,0.18739360507804426
12,15,0,system,48,3194,0.1177845471800496
12,15,1,filler_q,22,3194,0.0041747618096748896
12,15,2,filler_a,200,3194,0.01272195885920146
12,15,3,filler_q,32,3194,0.0021657810216072874
12,15,4,filler_a,199,3194,0.008624125750227344
12,15,5,filler_q,24,3194,0.0016746037229768296
12,15,6,filler_a,200,3194,0.004800278958266126
12,15,7,filler_q,19,3194,0.0023902288090601096
12,15,8,filler_a,200,3194,0.007897250011434693
12,15,9,filler_q,19,3194,0.0024422414143515925
12,15,10,filler_a,198,3194,0.005228132008132859
12,15,11,filler_q,20,3194,0.001499742051297537
12,15,12,filler_a,200,3194,0.005976339268499174
12,15,13,filler_q,21,3194,0.0016356284311527893
12,15,14,filler_a,200,3194,0.0057057831404534656
12,15,15,filler_q,20,3194,0.001311487603416856
12,15,16,filler_a,199,3194,0.006163008461165734
12,15,17,filler_q,20,3194,0.0020908970311585844
12,15,18,filler_a,200,3194,0.007170780010639475
12,15,19,filler_q,19,3194,0.001591355603280813
12,15,20,filler_a,200,3194,0.012056176176932791
12,15,21,filler_q,22,3194,0.0038459074268382275
12,15,22,filler_a,200,3194,0.014005464613481247
12,15,23,filler_q,21,3194,0.008115808078302474
12,15,24,filler_a,199,3194,0.02666915694845636
12,15,25,probe,359,3194,0.1977505060377076
12,16,0,system,48,3034,0.13099310276331
12,16,1,filler_q,22,3034,0.004659251833444199
12,16,2,filler_a,200,3034,0.014411689549056196
12,16,3,filler_q,32,3034,0.0026193841509298305
12,16,4,filler_a,199,3034,0.007406411217605441
12,16,5,filler_q,24,3034,0.002106119095827594
12,16,6,filler_a,200,3034,0.006910275833364231
12,16,7,filler_q,19,3034,0.0018561514065746252
12,16,8,filler_a,200,3034,0.007225272806400211
12,16,9,filler_q,19,3034,0.001499663280530298
12,16,10,filler_a,198,3034,0.004939792315852977
12,16,11,filler_q,20,3034,0.0014201425222747056
12,16,12,filler_a,200,3034,0.005455499235301145
12,16,13,filler_q,21,3034,0.0019297127287641984
12,16,14,filler_a,200,3034,0.006867325916659001
12,16,15,filler_q,20,3034,0.0012759177795710834
12,16,16,filler_a,199,3034,0.006209695141975251
12,16,17,filler_q,20,3034,0.0016090976504704237
12,16,18,filler_a,200,3034,0.007696634357645287
12,16,19,filler_q,19,3034,0.0017874162598233334
12,16,20,filler_a,200,3034,0.010443103641820162
12,16,21,filler_q,22,3034,0.003316183005952408
12,16,22,filler_a,200,3034,0.01500990169287501
12,16,23,filler_q,21,3034,0.007428830132885041
12,16,24,filler_a,199,3034,0.02877783800129664
12,16,25,probe,199,3034,0.18892997301160194
12,17,0,system,48,3122,0.12439779772314223
12,17,1,filler_q,22,3122,0.004735930977158015
12,17,2,filler_a,200,3122,0.014724848110825568
12,17,3,filler_q,32,3122,0.0025885759561777816
12,17,4,filler_a,199,3122,0.008569775881579133
12,17,5,filler_q,24,3122,0.001974847103431
12,17,6,filler_a,200,3122,0.005706395643094865
12,17,7,filler_q,19,3122,0.0018880714113811618
12,17,8,filler_a,200,3122,0.0074694875009967574
12,17,9,filler_q,19,3122,0.001665209166678578
12,17,10,filler_a,198,3122,0.004789916528014338
12,17,11,filler_q,20,3122,0.0013290487889493145
12,17,12,filler_a,200,3122,0.005328221082051776
12,17,13,filler_q,21,3122,0.0014851310000249074
12,17,14,filler_a,200,3122,0.006102085452646039
12,17,15,filler_q,20,3122,0.001378155557237755
12,17,16,filler_a,199,3122,0.005769483549817371
12,17,17,filler_q,20,3122,0.0018777100137807048
12,17,18,filler_a,200,3122,0.006962492148967997
12,17,19,filler_q,19,3122,0.001816470152742073
12,17,20,filler_a,200,3122,0.011573758096509288
12,17,21,filler_q,22,3122,0.0034709353630857287
12,17,22,filler_a,200,3122,0.013313641209723599
12,17,23,filler_q,21,3122,0.007667898556038039
12,17,24,filler_a,199,3122,0.025857841745719652
12,17,25,probe,287,3122,0.1878493354328359
12,18,0,system,48,3191,0.12507714658989225
12,18,1,filler_q,22,3191,0.004179069857084596
12,18,2,filler_a,200,3191,0.012836690288312816
12,18,3,filler_q,32,3191,0.002255932873855546
12,18,4,filler_a,199,3191,0.008576507521737097
12,18,5,filler_q,24,3191,0.0016875723385531278
12,18,6,filler_a,200,3191,0.004997776086792167
12,18,7,filler_q,19,3191,0.002557556030631649
12,18,8,filler_a,200,3191,0.008210226015739274
12,18,9,filler_q,19,3191,0.0025356672983857624
12,18,10,filler_a,198,3191,0.005266377557276823
12,18,11,filler_q,20,3191,0.0015901902310381882
12,18,12,filler_a,200,3191,0.006050127911188723
12,18,13,filler_q,21,3191,0.0016473534020054216
12,18,14,filler_a,200,3191,0.005775306184139051
12,18,15,filler_q,20,3191,0.0014039928306514569
12,18,16,filler_a,199,3191,0.006348874140345974
12,18,17,filler_q,20,3191,0.0023646955444672412
12,18,18,filler_a,200,3191,0.007291018311077543
12,18,19,filler_q,19,3191,0.001717328304205212
12,18,20,filler_a,200,3191,0.0123378003061316
12,18,21,filler_q,22,3191,0.0039028287081175075
12,18,22,filler_a,200,3191,0.014206664154768928
12,18,23,filler_q,21,3191,0.007879270164685967
12,18,24,filler_a,199,3191,0.02572242391734517
12,18,25,probe,356,3191,0.18421105603635107
12,19,0,system,48,3165,0.12510075044877053
12,19,1,filler_q,22,3165,0.004284945797346456
12,19,2,filler_a,200,3165,0.014221745865857824
12,19,3,filler_q,32,3165,0.002404355673489309
12,19,4,filler_a,199,3165,0.009100479379915078
12,19,5,filler_q,24,3165,0.0019060780151296613
12,19,6,filler_a,200,3165,0.005521397015910282
12,19,7,filler_q,19,3165,0.002295455611221337
12,19,8,filler_a,200,3165,0.008394941020102013
12,19,9,filler_q,19,3165,0.002232515348096158
12,19,10,filler_a,198,3165,0.0049119232330625375
12,19,11,filler_q,20,3165,0.0016100936182136458
12,19,12,filler_a,200,3165,0.005760961509029781
12,19,13,filler_q,21,3165,0.0015795072716764458
12,19,14,filler_a,200,3165,0.006176603719812161
12,19,15,filler_q,20,3165,0.0015157585611962955
12,19,16,filler_a,199,3165,0.006671863717789164
12,19,17,filler_q,20,3165,0.0022653087381320773
12,19,18,filler_a,200,3165,0.007406519908669578
12,19,19,filler_q,19,3165,0.0021434045739529436
12,19,20,filler_a,200,3165,0.012368169165491502
12,19,21,filler_q,22,3165,0.0037132223109481916
12,19,22,filler_a,200,3165,0.014507490441107858
12,19,23,filler_q,21,3165,0.007801427527069758
12,19,24,filler_a,199,3165,0.02770692706878005
12,19,25,probe,330,3165,0.17997503301495474
12,20,0,system,48,3152,0.12312876341178677
12,20,1,filler_q,22,3152,0.0041123839716259245
12,20,2,filler_a,200,3152,0.014091527445526355
12,20,3,filler_q,32,3152,0.002240206929887326
12,20,4,filler_a,199,3152,0.008686055708414847
12,20,5,filler_q,24,3152,0.001838226025780541
12,20,6,filler_a,200,3152,0.005503839389386274
12,20,7,filler_q,19,3152,0.0019467837243942192
12,20,8,filler_a,200,3152,0.007709576500031928
12,20,9,filler_q,19,3152,0.001756887913040578
12,20,10,filler_a,198,3152,0.004707050536945918
12,20,11,filler_q,20,3152,0.0013297302777633576
12,20,12,filler_a,200,3152,0.0053013045367783715
12,20,13,filler_q,21,3152,0.0014707815322894141
12,20,14,filler_a,200,3152,0.005802572137581472
12,20,15,filler_q,20,3152,0.001329034028524316
12,20,16,filler_a,199,3152,0.0062832135452030365
12,20,17,filler_q,20,3152,0.0019235847926747946
12,20,18,filler_a,200,3152,0.007150105135926601
12,20,19,filler_q,19,3152,0.0018489766586794567
12,20,20,filler_a,200,3152,0.011682347842864416
12,20,21,filler_q,22,3152,0.003345534869866679
12,20,22,filler_a,200,3152,0.013491460089228817
12,20,23,filler_q,21,3152,0.007496567810202218
12,20,24,filler_a,199,3152,0.02609072168879829
12,20,25,probe,317,3152,0.1909165213331351
12,21,0,system,48,3254,0.12484956070327503
12,21,1,filler_q,22,3254,0.004284440659104686
12,21,2,filler_a,200,3254,0.012991881466388073
12,21,3,filler_q,32,3254,0.0027160003360710205
12,21,4,filler_a,199,3254,0.008374178092640438
12,21,5,filler_q,24,3254,0.002856570068552438
12,21,6,filler_a,200,3254,0.005124243618453607
12,21,7,filler_q,19,3254,0.0016502239382159346
12,21,8,filler_a,200,3254,0.008271757893749409
12,21,9,filler_q,19,3254,0.0021462786290778703
12,21,10,filler_a,198,3254,0.006635013001960561
12,21,11,filler_q,20,3254,0.0013476668585844862
12,21,12,filler_a,200,3254,0.005824362398834637
12,21,13,filler_q,21,3254,0.0019738465915631062
12,21,14,filler_a,200,3254,0.006018295422579993
12,21,15,filler_q,20,3254,0.0016444028349824962
12,21,16,filler_a,199,3254,0.006863583574594735
12,21,17,filler_q,20,3254,0.001870830012116643
12,21,18,filler_a,200,3254,0.00800413176801641
12,21,19,filler_q,19,3254,0.001668940694814601
12,21,20,filler_a,200,3254,0.011463295675210084
12,21,21,filler_q,22,3254,0.0038129649604360313
12,21,22,filler_a,200,3254,0.013862564753206639
12,21,23,filler_q,21,3254,0.00861142069538369
12,21,24,filler_a,199,3254,0.024707676212851967
12,21,25,probe,419,3254,0.17977252343760117
12,22,0,system,48,3250,0.12458814752838676
12,22,1,filler_q,22,3250,0.004169353192338778
12,22,2,filler_a,200,3250,0.012508938224533974
12,22,3,filler_q,32,3250,0.002490408951009894
12,22,4,filler_a,199,3250,0.008018015873142487
12,22,5,filler_q,24,3250,0.002694007502379168
12,22,6,filler_a,200,3250,0.0049938730288366165
12,22,7,filler_q,19,3250,0.0015258456508286304
12,22,8,filler_a,200,3250,0.00804570781678096
12,22,9,filler_q,19,3250,0.002054853088313536
12,22,10,filler_a,198,3250,0.006256058460539388
12,22,11,filler_q,20,3250,0.001272492939269869
12,22,12,filler_a,200,3250,0.005603590003948096
12,22,13,filler_q,21,3250,0.0018285775590191902
12,22,14,filler_a,200,3250,0.005745728826842931
12,22,15,filler_q,20,3250,0.0015572115302493693
12,22,16,filler_a,199,3250,0.006467402088673449
12,22,17,filler_q,20,3250,0.0016168344434271977
12,22,18,filler_a,200,3250,0.007494353304612026
12,22,19,filler_q,19,3250,0.0015901903817963344
12,22,20,filler_a,200,3250,0.011128743068954148
12,22,21,filler_q,22,3250,0.003437184868960107
12,22,22,filler_a,200,3250,0.013456129361429672
12,22,23,filler_q,21,3250,0.008205338394913057
12,22,24,filler_a,199,3250,0.024761413597645106
12,22,25,probe,415,3250,0.18929118112783988
12,23,0,system,48,3136,0.12364041918426706
12,23,1,filler_q,22,3136,0.004182605930026519
12,23,2,filler_a,200,3136,0.014160536489054068
12,23,3,filler_q,32,3136,0.0026776916574707704
12,23,4,filler_a,199,3136,0.008592309979434708
12,23,5,filler_q,24,3136,0.0019118298312781007
12,23,6,filler_a,200,3136,0.005735714155980236
12,23,7,filler_q,19,3136,0.0023620442106192644
12,23,8,filler_a,200,3136,0.007759979904547447
12,23,9,filler_q,19,3136,0.0015902858571983577
12,23,10,filler_a,198,3136,0.004938059851473509
12,23,11,filler_q,20,3136,0.0015289271821081081
12,23,12,filler_a,200,3136,0.005456284956224406
12,23,13,filler_q,21,3136,0.0015925341726758036
12,23,14,filler_a,200,3136,0.006193220234853901
12,23,15,filler_q,20,3136,0.001516352656654332
12,23,16,filler_a,199,3136,0.006175352081402084
12,23,17,filler_q,20,3136,0.0018984126376575539
12,23,18,filler_a,200,3136,0.007276132983383831
12,23,19,filler_q,19,3136,0.0019324126823119933
12,23,20,filler_a,200,3136,0.011970903538021544
12,23,21,filler_q,22,3136,0.003688876260219752
12,23,22,filler_a,200,3136,0.01365761438149127
12,23,23,filler_q,21,3136,0.008480331386181343
12,23,24,filler_a,199,3136,0.027412978770307486
12,23,25,probe,301,3136,0.18578851334288263
12,24,0,system,48,3070,0.1288695933666035
12,24,1,filler_q,22,3070,0.005302602336386493
12,24,2,filler_a,200,3070,0.015019237432188906
12,24,3,filler_q,32,3070,0.0028829039280748223
12,24,4,filler_a,199,3070,0.007982368694989249
12,24,5,filler_q,24,3070,0.001941243916349791
12,24,6,filler_a,200,3070,0.0060783505846581905
12,24,7,filler_q,19,3070,0.0021551158991151734
12,24,8,filler_a,200,3070,0.007318519691809951
12,24,9,filler_q,19,3070,0.0017031186843617459
12,24,10,filler_a,198,3070,0.004528699023460136
12,24,11,filler_q,20,3070,0.0014290968783882245
12,24,12,filler_a,200,3070,0.005022287571323262
12,24,13,filler_q,21,3070,0.001505893887615573
12,24,14,filler_a,200,3070,0.006782650986855693
12,24,15,filler_q,20,3070,0.001096334537590042
12,24,16,filler_a,199,3070,0.005686332347685686
12,24,17,filler_q,20,3070,0.0019554927421848475
12,24,18,filler_a,200,3070,0.0073797179215097
12,24,19,filler_q,19,3070,0.0024250427317515665
12,24,20,filler_a,200,3070,0.010431730590074077
12,24,21,filler_q,22,3070,0.0027655204170423213
12,24,22,filler_a,200,3070,0.014816710628688853
12,24,23,filler_q,21,3070,0.006614067244277163
12,24,24,filler_a,199,3070,0.02634654300319566
12,24,25,probe,235,3070,0.18155475653358774
12,25,0,system,48,3252,0.1182558236422701
12,25,1,filler_q,22,3252,0.004067271474760829
12,25,2,filler_a,200,3252,0.012138740533715194
12,25,3,filler_q,32,3252,0.0024972734501524374
12,25,4,filler_a,199,3252,0.007987459819866184
12,25,5,filler_q,24,3252,0.002667349369562532
12,25,6,filler_a,200,3252,0.004916390978630901
12,25,7,filler_q,19,3252,0.0015259722801792602
12,25,8,filler_a,200,3252,0.007916199223710988
12,25,9,filler_q,19,3252,0.002015608431212897
12,25,10,filler_a,198,3252,0.0063920140095086704
12,25,11,filler_q,20,3252,0.0012660853485749097
12,25,12,filler_a,200,3252,0.005575847887661127
12,25,13,filler_q,21,3252,0.0018370833858254733
12,25,14,filler_a,200,3252,0.005820620007816453
12,25,15,filler_q,20,3252,0.0015781618477133652
12,25,16,filler_a,199,3252,0.006645926383477977
12,25,17,filler_q,20,3252,0.0016587133533086259
12,25,18,filler_a,200,3252,0.0076974829805123626
12,25,19,filler_q,19,3252,0.0016393974184275833
12,25,20,filler_a,200,3252,0.01113375914750998
12,25,21,filler_q,22,3252,0.0036544084439662085
12,25,22,filler_a,200,3252,0.013777795398954008
12,25,23,filler_q,21,3252,0.008705049236448152
12,25,24,filler_a,199,3252,0.02517827954745469
12,25,25,probe,417,3252,0.19427372620440356
12,26,0,system,48,3107,0.12544036359715074
12,26,1,filler_q,22,3107,0.00486797943936796
12,26,2,filler_a,200,3107,0.01480874417138976
12,26,3,filler_q,32,3107,0.002420953575839442
12,26,4,filler_a,199,3107,0.0087270638893642
12,26,5,filler_q,24,3107,0.0019735007603717135
12,26,6,filler_a,200,3107,0.006134934162003045
12,26,7,filler_q,19,3107,0.0020425488124868243
12,26,8,filler_a,200,3107,0.007663377601960999
12,26,9,filler_q,19,3107,0.0018920799211637896
12,26,10,filler_a,198,3107,0.004926071829355499
12,26,11,filler_q,20,3107,0.0014181772018151174
12,26,12,filler_a,200,3107,0.005632932067197743
12,26,13,filler_q,21,3107,0.0015059138841273178
12,26,14,filler_a,200,3107,0.00676840573971984
12,26,15,filler_q,20,3107,0.0016782692255405962
12,26,16,filler_a,199,3107,0.005883633969519767
12,26,17,filler_q,20,3107,0.002021623651567295
12,26,18,filler_a,200,3107,0.007224919878688643
12,26,19,filler_q,19,3107,0.0020954221798536216
12,26,20,filler_a,200,3107,0.011857605066838401
12,26,21,filler_q,22,3107,0.003087086039463689
12,26,22,filler_a,200,3107,0.014485451935502961
12,26,23,filler_q,21,3107,0.007733383783510953
12,26,24,filler_a,199,3107,0.025890229853233644
12,26,25,probe,272,3107,0.18313491534820145
12,27,0,system,48,3218,0.12365283390876518
12,27,1,filler_q,22,3218,0.004066733799001026
12,27,2,filler_a,200,3218,0.012746982168202747
12,27,3,filler_q,32,3218,0.0023648635866553645
12,27,4,filler_a,199,3218,0.008783197648254424
12,27,5,filler_q,24,3218,0.0022160472807015484
12,27,6,filler_a,200,3218,0.004649642765971705
12,27,7,filler_q,19,3218,0.0019906160619957212
12,27,8,filler_a,200,3218,0.008018979299815803
12,27,9,filler_q,19,3218,0.002205427714065085
12,27,10,filler_a,198,3218,0.005865119993628987
12,27,11,filler_q,20,3218,0.0012504352419976286
12,27,12,filler_a,200,3218,0.005775587381704771
12,27,13,filler_q,21,3218,0.0019298747388293244
12,27,14,filler_a,200,3218,0.005647579711788724
12,27,15,filler_q,20,3218,0.0014077375799133199
12,27,16,filler_a,199,3218,0.006467357227655334
12,27,17,filler_q,20,3218,0.0017275139860451303
12,27,18,filler_a,200,3218,0.007859361277849388
12,27,19,filler_q,19,3218,0.001523124223109358
12,27,20,filler_a,200,3218,0.011659715655661347
12,27,21,filler_q,22,3218,0.0035878726130273097
12,27,22,filler_a,200,3218,0.014325055140436844
12,27,23,filler_q,21,3218,0.008870973179886991
12,27,24,filler_a,199,3218,0.026321319335728066
12,27,25,probe,383,3218,0.19198064618230598
12,28,0,system,48,3162,0.12236150841948246
12,28,1,filler_q,22,3162,0.0040911110120213905
12,28,2,filler_a,200,3162,0.013702676877423632
12,28,3,filler_q,32,3162,0.002338623851763529
12,28,4,filler_a,199,3162,0.008785025916882289
12,28,5,filler_q,24,3162,0.0018319551935472925
12,28,6,filler_a,200,3162,0.005375747380978088
12,28,7,filler_q,19,3162,0.002045971189571351
12,28,8,filler_a,200,3162,0.008153652512722096
12,28,9,filler_q,19,3162,0.002115123458754313
12,28,10,filler_a,198,3162,0.0046404239645429285
12,28,11,filler_q,20,3162,0.0015288711581261712
12,28,12,filler_a,200,3162,0.00556874599942959
12,28,13,filler_q,21,3162,0.0015108365550313679
12,28,14,filler_a,200,3162,0.0060590876285726855
12,28,15,filler_q,20,3162,0.0014335274639833545
12,28,16,filler_a,199,3162,0.006458299320904927
12,28,17,filler_q,20,3162,0.0021884658294302984
12,28,18,filler_a,200,3162,0.007322444564428688
12,28,19,filler_q,19,3162,0.0020167036789045098
12,28,20,filler_a,200,3162,0.011913269663529059
12,28,21,filler_q,22,3162,0.0035367793827004927
12,28,22,filler_a,200,3162,0.014008531617295612
12,28,23,filler_q,21,3162,0.007739772657627034
12,28,24,filler_a,199,3162,0.02758254805216139
12,28,25,probe,327,3162,0.18988426497777752
12,29,0,system,48,3179,0.12220992096578709
12,29,1,filler_q,22,3179,0.004124135068391347
12,29,2,filler_a,200,3179,0.013399859892899815
12,29,3,filler_q,32,3179,0.0020884465068241576
12,29,4,filler_a,199,3179,0.008773441346426703
12,29,5,filler_q,24,3179,0.0016759908218124532
12,29,6,filler_a,200,3179,0.005060964563251067
12,29,7,filler_q,19,3179,0.00247734978801423
12,29,8,filler_a,200,3179,0.007737372402823351
12,29,9,filler_q,19,3179,0.002283026662796346
12,29,10,filler_a,198,3179,0.005058398935043904
12,29,11,filler_q,20,3179,0.0015632401347471902
12,29,12,filler_a,200,3179,0.0057670747119877705
12,29,13,filler_q,21,3179,0.0013656895910866133
12,29,14,filler_a,200,3179,0.005809960956001551
12,29,15,filler_q,20,3179,0.0014878960636605463
12,29,16,filler_a,199,3179,0.006185926180293642
12,29,17,filler_q,20,3179,0.0021341219642683376
12,29,18,filler_a,200,3179,0.006963246882145107
12,29,19,filler_q,19,3179,0.0019225094676967763
12,29,20,filler_a,200,3179,0.011906786572141404
12,29,21,filler_q,22,3179,0.0035444901703081157
12,29,22,filler_a,200,3179,0.014416275228844198
12,29,23,filler_q,21,3179,0.007300571260601289
12,29,24,filler_a,199,3179,0.025371904115974727
12,29,25,probe,344,3179,0.19529563939896857
12,30,0,system,48,3103,0.12453551362613328
12,30,1,filler_q,22,3103,0.005092219798966595
12,30,2,filler_a,200,3103,0.014960299539525265
12,30,3,filler_q,32,3103,0.0024176301161010906
12,30,4,filler_a,199,3103,0.008644328436672077
12,30,5,filler_q,24,3103,0.001960182973934106
12,30,6,filler_a,200,3103,0.006141918296682509
12,30,7,filler_q,19,3103,0.0019127258856776934
12,30,8,filler_a,200,3103,0.007635406864205991
12,30,9,filler_q,19,3103,0.0019320563347377325
12,30,10,filler_a,198,3103,0.004703496384625299
12,30,11,filler_q,20,3103,0.0013556535570985486
12,30,12,filler_a,200,3103,0.005567192148006503
12,30,13,filler_q,21,3103,0.0014929182972063168
12,30,14,filler_a,200,3103,0.00662653783707706
12,30,15,filler_q,20,3103,0.0016211866441257917
12,30,16,filler_a,199,3103,0.005632913239681635
12,30,17,filler_q,20,3103,0.001976635970623552
12,30,18,filler_a,200,3103,0.007098562389615392
12,30,19,filler_q,19,3103,0.002178237375789027
12,30,20,filler_a,200,3103,0.012004400437556158
12,30,21,filler_q,22,3103,0.002922204793669496
12,30,22,filler_a,200,3103,0.01477422108291176
12,30,23,filler_q,21,3103,0.007908480969191282
12,30,24,filler_a,199,3103,0.02617102778136581
12,30,25,probe,268,3103,0.18266447365331157
12,31,0,system,48,3103,0.12389959335595656
12,31,1,filler_q,22,3103,0.005248708400475018
12,31,2,filler_a,200,3103,0.015469606724499893
12,31,3,filler_q,32,3103,0.002409282118391375
12,31,4,filler_a,199,3103,0.008666658772021196
12,31,5,filler_q,24,3103,0.0019950660637132263
12,31,6,filler_a,200,3103,0.006107264364555227
12,31,7,filler_q,19,3103,0.0019144662254955065
12,31,8,filler_a,200,3103,0.007525578987663188
12,31,9,filler_q,19,3103,0.001961304288317061
12,31,10,filler_a,198,3103,0.004738440805422012
12,31,11,filler_q,20,3103,0.001347206121910802
12,31,12,filler_a,200,3103,0.005550866380962172
12,31,13,filler_q,21,3103,0.0014256296887281874
12,31,14,filler_a,200,3103,0.006484751268071849
12,31,15,filler_q,20,3103,0.001616948056926773
12,31,16,filler_a,199,3103,0.00557243208573496
12,31,17,filler_q,20,3103,0.001847101735435604
12,31,18,filler_a,200,3103,0.00685451819346213
12,31,19,filler_q,19,3103,0.0020687562085313343
12,31,20,filler_a,200,3103,0.011572985876439382
12,31,21,filler_q,22,3103,0.002803144186595103
12,31,22,filler_a,200,3103,0.014354217654952841
12,31,23,filler_q,21,3103,0.007644821651312257
12,31,24,filler_a,199,3103,0.025061187961701863
12,31,25,probe,268,3103,0.18006311702146022
12,32,0,system,48,3186,0.1226875656705346
12,32,1,filler_q,22,3186,0.00424975498437444
12,32,2,filler_a,200,3186,0.013068839255797219
12,32,3,filler_q,32,3186,0.002250926161553754
12,32,4,filler_a,199,3186,0.008768565316870416
12,32,5,filler_q,24,3186,0.001743789364654458
12,32,6,filler_a,200,3186,0.005126467421676924
12,32,7,filler_q,19,3186,0.0026302644825896425
12,32,8,filler_a,200,3186,0.007928571264128128
12,32,9,filler_q,19,3186,0.0025660842477462256
12,32,10,filler_a,198,3186,0.005099264335276294
12,32,11,filler_q,20,3186,0.001615376014217584
12,32,12,filler_a,200,3186,0.006005071102417035
12,32,13,filler_q,21,3186,0.001522590266328767
12,32,14,filler_a,200,3186,0.0058563366791597555
12,32,15,filler_q,20,3186,0.0014273037733553834
12,32,16,filler_a,199,3186,0.00631433825590918
12,32,17,filler_q,20,3186,0.0023853744293664604
12,32,18,filler_a,200,3186,0.007145003324128513
12,32,19,filler_q,19,3186,0.0018457115046443527
12,32,20,filler_a,200,3186,0.012291381745168603
12,32,21,filler_q,22,3186,0.0038891847544677356
12,32,22,filler_a,200,3186,0.014408838731117953
12,32,23,filler_q,21,3186,0.008115726660192895
12,32,24,filler_a,199,3186,0.026629895326612592
12,32,25,probe,351,3186,0.1814758222688608
12,33,0,system,48,3052,0.12935751425618439
12,33,1,filler_q,22,3052,0.004725916012526712
12,33,2,filler_a,200,3052,0.014193243497511939
12,33,3,filler_q,32,3052,0.002787988138137717
12,33,4,filler_a,199,3052,0.0080969608904099
12,33,5,filler_q,24,3052,0.0022050898205752713
12,33,6,filler_a,200,3052,0.006795552985309255
12,33,7,filler_q,19,3052,0.0020319781628542638
12,33,8,filler_a,200,3052,0.007544381219472417
12,33,9,filler_q,19,3052,0.0015854153981516839
12,33,10,filler_a,198,3052,0.00492174130157816
12,33,11,filler_q,20,3052,0.0014290204445061732
12,33,12,filler_a,200,3052,0.005666909941609501
12,33,13,filler_q,21,3052,0.001908270024159614
12,33,14,filler_a,200,3052,0.007010104428021193
12,33,15,filler_q,20,3052,0.0012874561874049054
12,33,16,filler_a,199,3052,0.006152476170562571
12,33,17,filler_q,20,3052,0.0019911589922077502
12,33,18,filler_a,200,3052,0.008350864579689516
12,33,19,filler_q,19,3052,0.0018680949529026134
12,33,20,filler_a,200,3052,0.010481001987885655
12,33,21,filler_q,22,3052,0.00335081353396029
12,33,22,filler_a,200,3052,0.015430748911061085
12,33,23,filler_q,21,3052,0.006938988311857215
12,33,24,filler_a,199,3052,0.028032811080805516
12,33,25,probe,217,3052,0.18646392021824099
12,34,0,system,48,3311,0.12208788242843922
12,34,1,filler_q,22,3311,0.0041095366273314485
12,34,2,filler_a,200,3311,0.012647032866382347
12,34,3,filler_q,32,3311,0.00257160003237904
12,34,4,filler_a,199,3311,0.008153063805254945
12,34,5,filler_q,24,3311,0.002743134070364217
12,34,6,filler_a,200,3311,0.006439645426127336
12,34,7,filler_q,19,3311,0.001308251739358931
12,34,8,filler_a,200,3311,0.007197450595444154
12,34,9,filler_q,19,3311,0.001732347916015582
12,34,10,filler_a,198,3311,0.0065059635830336275
12,34,11,filler_q,20,3311,0.0016573477002476999
12,34,12,filler_a,200,3311,0.005509355047579647
12,34,13,filler_q,21,3311,0.0016819742665800297
12,34,14,filler_a,200,3311,0.006069478604066675
12,34,15,filler_q,20,3311,0.0013054106999397983
12,34,16,filler_a,199,3311,0.00708276370137788
12,34,17,filler_q,20,3311,0.0016875852551905938
12,34,18,filler_a,200,3311,0.007313976076262034
12,34,19,filler_q,19,3311,0.002231546832359531
12,34,20,filler_a,200,3311,0.010814566495039856
12,34,21,filler_q,22,3311,0.004755592561591576
12,34,22,filler_a,200,3311,0.014549150585839204
12,34,23,filler_q,21,3311,0.0075196145023843555
12,34,24,filler_a,199,3311,0.02475633432912151
12,34,25,probe,476,3311,0.18844642677746923
12,35,0,system,48,3105,0.12289023675691471
12,35,1,filler_q,22,3105,0.005034563973184411
12,35,2,filler_a,200,3105,0.015034235900107674
12,35,3,filler_q,32,3105,0.002406928026894129
12,35,4,filler_a,199,3105,0.008725423348117245
12,35,5,filler_q,24,3105,0.0019363763390210717
12,35,6,filler_a,200,3105,0.006063380126802382
12,35,7,filler_q,19,3105,0.0019497041485611207
12,35,8,filler_a,200,3105,0.007520656089747349
12,35,9,filler_q,19,3105,0.0019457059815197006
12,35,10,filler_a,198,3105,0.004762176689239464
12,35,11,filler_q,20,3105,0.00139808950627906
12,35,12,filler_a,200,3105,0.005558298534326731
12,35,13,filler_q,21,3105,0.0014682376074967585
12,35,14,filler_a,200,3105,0.006664499905720468
12,35,15,filler_q,20,3105,0.001630670697875426
12,35,16,filler_a,199,3105,0.005756898991212288
12,35,17,filler_q,20,3105,0.001963784970226157
12,35,18,filler_a,200,3105,0.00725896970054197
12,35,19,filler_q,19,3105,0.002105639878514477
12,35,20,filler_a,200,3105,0.011865184054507783
12,35,21,filler_q,22,3105,0.0029687235752149633
12,35,22,filler_a,200,3105,0.014660093449130449
12,35,23,filler_q,21,3105,0.007862815645086728
12,35,24,filler_a,199,3105,0.025836247003092543
12,35,25,probe,270,3105,0.18172661805652737
12,36,0,system,48,3271,0.12213198305789955
12,36,1,filler_q,22,3271,0.003996100756042871
12,36,2,filler_a,200,3271,0.01228504940707765
12,36,3,filler_q,32,3271,0.0025517055630753334
12,36,4,filler_a,199,3271,0.008176745504252991
12,36,5,filler_q,24,3271,0.0024310937381973956
12,36,6,filler_a,200,3271,0.005412378815913288
12,36,7,filler_q,19,3271,0.0016147717225080457
12,36,8,filler_a,200,3271,0.007486769508075345
12,36,9,filler_q,19,3271,0.0020801051658597904
12,36,10,filler_a,198,3271,0.006319923342956617
12,36,11,filler_q,20,3271,0.0011588503706084154
12,36,12,filler_a,200,3271,0.005497858960171749
12,36,13,filler_q,21,3271,0.0017424521117006485
12,36,14,filler_a,200,3271,0.005873606752288796
12,36,15,filler_q,20,3271,0.0015562898243677236
12,36,16,filler_a,199,3271,0.006709762021223748
12,36,17,filler_q,20,3271,0.0017818260976791807
12,36,18,filler_a,200,3271,0.0074929436527416795
12,36,19,filler_q,19,3271,0.0016820320331510433
12,36,20,filler_a,200,3271,0.011489091017455348
12,36,21,filler_q,22,3271,0.003613236498533235
12,36,22,filler_a,200,3271,0.013028932491880571
12,36,23,filler_q,21,3271,0.008802909732358739
12,36,24,filler_a,199,3271,0.02462298571077991
12,36,25,probe,436,3271,0.19283313664610188
12,37,0,system,48,3089,0.12556170296434596
12,37,1,filler_q,22,3089,0.005262085085281131
12,37,2,filler_a,200,3089,0.015158090878443999
12,37,3,filler_q,32,3089,0.0026508217257561343
12,37,4,filler_a,199,3089,0.0086301632741243
12,37,5,filler_q,24,3089,0.0019525246769440201
12,37,6,filler_a,200,3089,0.006142601131367066
12,37,7,filler_q,19,3089,0.0017317553188788727
12,37,8,filler_a,200,3089,0.007502224027809358
12,37,9,filler_q,19,3089,0.0021130217622195523
12,37,10,filler_a,198,3089,0.004560651632041043
12,37,11,filler_q,20,3089,0.0013225823544275143
12,37,12,filler_a,200,3089,0.005323358442872658
12,37,13,filler_q,21,3089,0.0015464179611591063
12,37,14,filler_a,200,3089,0.006600348073015875
12,37,15,filler_q,20,3089,0.0012563404449687525
12,37,16,filler_a,199,3089,0.005618928570900955
12,37,17,filler_q,20,3089,0.0019677309700404846
12,37,18,filler_a,200,3089,0.00691806538541058
12,37,19,filler_q,19,3089,0.0021458740980494066
12,37,20,filler_a,200,3089,0.011336043007442554
12,37,21,filler_q,22,3089,0.0028025033420497635
12,37,22,filler_a,200,3089,0.014262295463487094
12,37,23,filler_q,21,3089,0.00732139748576155
12,37,24,filler_a,199,3089,0.02510122702053142
12,37,25,probe,254,3089,0.18484751181684217
12,38,0,system,48,3059,0.12710965425957357
12,38,1,filler_q,22,3059,0.004707549763404728
12,38,2,filler_a,200,3059,0.014386148103217205
12,38,3,filler_q,32,3059,0.0025813761723790774
12,38,4,filler_a,199,3059,0.008006550895623802
12,38,5,filler_q,24,3059,0.00206276698351772
12,38,6,filler_a,200,3059,0.006527558610237833
12,38,7,filler_q,19,3059,0.002162013707239973
12,38,8,filler_a,200,3059,0.007628561433964212
12,38,9,filler_q,19,3059,0.0015960906180645597
12,38,10,filler_a,198,3059,0.0047775751307710095
12,38,11,filler_q,20,3059,0.0013836740396194077
12,38,12,filler_a,200,3059,0.005401884708320889
12,38,13,filler_q,21,3059,0.0017573794047664427
12,38,14,filler_a,200,3059,0.007026489793915797
12,38,15,filler_q,20,3059,0.0012003418774889398
12,38,16,filler_a,199,3059,0.005987553683333401
12,38,17,filler_q,20,3059,0.0021781795380870377
12,38,18,filler_a,200,3059,0.007107715020379581
12,38,19,filler_q,19,3059,0.0020226142746372585
12,38,20,filler_a,200,3059,0.010544278873256444
12,38,21,filler_q,22,3059,0.003132667387237351
12,38,22,filler_a,200,3059,0.015126846261919102
12,38,23,filler_q,21,3059,0.0066335360266692785
12,38,24,filler_a,199,3059,0.02669746782692631
12,38,25,probe,224,3059,0.187750484659749
12,39,0,system,48,3143,0.12484845271631424
12,39,1,filler_q,22,3143,0.004231004847852002
12,39,2,filler_a,200,3143,0.014228860136729127
12,39,3,filler_q,32,3143,0.0025954628742230917
12,39,4,filler_a,199,3143,0.008708229791452431
12,39,5,filler_q,24,3143,0.0019190216355335174
12,39,6,filler_a,200,3143,0.0055251045182676765
12,39,7,filler_q,19,3143,0.0021844517908037498
12,39,8,filler_a,200,3143,0.007544562820172152
12,39,9,filler_q,19,3143,0.0016983872117784383
12,39,10,filler_a,198,3143,0.0048986228593077856
12,39,11,filler_q,20,3143,0.0014912280132224254
12,39,12,filler_a,200,3143,0.005277336689375896
12,39,13,filler_q,21,3143,0.001514333428891903
12,39,14,filler_a,200,3143,0.006080504498571634
12,39,15,filler_q,20,3143,0.0015033481867032991
12,39,16,filler_a,199,3143,0.006532984604846599
12,39,17,filler_q,20,3143,0.0018873237897250356
12,39,18,filler_a,200,3143,0.007566616947849548
12,39,19,filler_q,19,3143,0.0020418009213254832
12,39,20,filler_a,200,3143,0.011782732732759076
12,39,21,filler_q,22,3143,0.0036297278149614066
12,39,22,filler_a,200,3143,0.014021754891816063
12,39,23,filler_q,21,3143,0.008606561008324196
12,39,24,filler_a,199,3143,0.027334733070464197
12,39,25,probe,308,3143,0.18084581905335234
15,0,0,system,48,3673,0.12101785681657042
15,0,1,filler_q,22,3673,0.0035890254080931452
15,0,2,filler_a,200,3673,0.010312451216674607
15,0,3,filler_q,32,3673,0.002162462324202677
15,0,4,filler_a,199,3673,0.004989579096229138
15,0,5,filler_q,24,3673,0.001420709244572554
15,0,6,filler_a,200,3673,0.004018866353225836
15,0,7,filler_q,19,3673,0.0016025401783619465
15,0,8,filler_a,200,3673,0.005709896821849303
15,0,9,filler_q,19,3673,0.0012930674466988246
15,0,10,filler_a,198,3673,0.0029603491328491437
15,0,11,filler_q,20,3673,0.0015834668655219915
15,0,12,filler_a,200,3673,0.0054785718666362625
15,0,13,filler_q,21,3673,0.0015485275031688686
15,0,14,filler_a,200,3673,0.004510316226027276
15,0,15,filler_q,20,3673,0.0009665177068997211
15,0,16,filler_a,199,3673,0.004189688689987909
15,0,17,filler_q,20,3673,0.001403026864570778
15,0,18,filler_a,200,3673,0.004159392726996154
15,0,19,filler_q,19,3673,0.001233225888518539
15,0,20,filler_a,200,3673,0.006448305745111473
15,0,21,filler_q,22,3673,0.0016299867272327427
15,0,22,filler_a,200,3673,0.0059730331507881415
15,0,23,filler_q,21,3673,0.00155677894064373
15,0,24,filler_a,199,3673,0.006770679760982717
15,0,25,filler_q,24,3673,0.0020793036201351
15,0,26,filler_a,199,3673,0.008320196510620501
15,0,27,filler_q,22,3673,0.002894565566504714
15,0,28,filler_a,200,3673,0.012745048286171356
15,0,29,filler_q,22,3673,0.0051673483095163435
15,0,30,filler_a,198,3673,0.02857293777572482
15,0,31,probe,143,3673,0.19215277909031525
15,1,0,system,48,3778,0.11552061063198751
15,1,1,filler_q,22,3778,0.0039551209260917375
15,1,2,filler_a,200,3778,0.010473535802209558
15,1,3,filler_q,32,3778,0.0017838205017787344
15,1,4,filler_a,199,3778,0.005890412867794186
15,1,5,filler_q,24,3778,0.0014278916431704877
15,1,6,filler_a,200,3778,0.003601488148850713
15,1,7,filler_q,19,3778,0.00180850497214874
15,1,8,filler_a,200,3778,0.005437066388799915
15,1,9,filler_q,19,3778,0.001698727900240151
15,1,10,filler_a,198,3778,0.004569064860099108
15,1,11,filler_q,20,3778,0.001119570738975428
15,1,12,filler_a,200,3778,0.005114888991675251
15,1,13,filler_q,21,3778,0.0014790161455751586
15,1,14,filler_a,200,3778,0.00557592880093684
15,1,15,filler_q,20,3778,0.0013278838351564596
15,1,16,filler_a,199,3778,0.003973590904609957
15,1,17,filler_q,20,3778,0.0012763796116210338
15,1,18,filler_a,200,3778,0.004424253989092942
15,1,19,filler_q,19,3778,0.0010535982097408243
15,1,20,filler_a,200,3778,0.006956350896315675
15,1,21,filler_q,22,3778,0.0016637520228514652
15,1,22,filler_a,200,3778,0.006036566983796717
15,1,23,filler_q,21,3778,0.0021295525806115925
15,1,24,filler_a,199,3778,0.006394946858588925
15,1,25,filler_q,24,3778,0.0028457123287932355
15,1,26,filler_a,199,3778,0.00894927827421462
15,1,27,filler_q,22,3778,0.0026485415109527496
15,1,28,filler_a,200,3778,0.013345751553543336
15,1,29,filler_q,22,3778,0.005745896514270237
15,1,30,filler_a,198,3778,0.026836913329782684
15,1,31,probe,248,3778,0.1930799884456414
15,6,0,system,48,3789,0.12015267164686046
15,6,1,filler_q,22,3789,0.003827257891373456
15,6,2,filler_a,200,3789,0.010528773224745954
15,6,3,filler_q,32,3789,0.0018663371301816565
15,6,4,filler_a,199,3789,0.005904561426576255
15,6,5,filler_q,24,3789,0.0014678868949989914
15,6,6,filler_a,200,3789,0.0035498079322435843
15,6,7,filler_q,19,3789,0.0018486883688440085
15,6,8,filler_a,200,3789,0.005392842687198314
15,6,9,filler_q,19,3789,0.0016999973641396873
15,6,10,filler_a,198,3789,0.004608987370832658
15,6,11,filler_q,20,3789,0.0011549329733885943
15,6,12,filler_a,200,3789,0.004913101035603078
15,6,13,filler_q,21,3789,0.0016142937796491516
15,6,14,filler_a,200,3789,0.005363656023528266
15,6,15,filler_q,20,3789,0.001230236544795187
15,6,16,filler_a,199,3789,0.004059823795167338
15,6,17,filler_q,20,3789,0.0012706743994634877
15,6,18,filler_a,200,3789,0.004420452494767969
15,6,19,filler_q,19,3789,0.000996989623336651
15,6,20,filler_a,200,3789,0.006791567657016573
15,6,21,filler_q,22,3789,0.002018680005674564
15,6,22,filler_a,200,3789,0.005888695120852226
15,6,23,filler_q,21,3789,0.001999139552765898
15,6,24,filler_a,199,3789,0.0060952158293915365
15,6,25,filler_q,24,3789,0.0026485012902531034
15,6,26,filler_a,199,3789,0.009388406886520888
15,6,27,filler_q,22,3789,0.0027623457703844245
15,6,28,filler_a,200,3789,0.013043226062472617
15,6,29,filler_q,22,3789,0.006311500290043952
15,6,30,filler_a,198,3789,0.025849363814852394
15,6,31,probe,259,3789,0.18799230269997022
15,8,0,system,48,3766,0.12052597235643263
15,8,1,filler_q,22,3766,0.004040696015127424
15,8,2,filler_a,200,3766,0.01107705330191766
15,8,3,filler_q,32,3766,0.001951295438326197
15,8,4,filler_a,199,3766,0.005993999920549803
15,8,5,filler_q,24,3766,0.0015572435250293859
15,8,6,filler_a,200,3766,0.0036291524165471428
15,8,7,filler_q,19,3766,0.0018298610064819436
15,8,8,filler_a,200,3766,0.005431058818132288
15,8,9,filler_q,19,3766,0.0019275790853231177
15,8,10,filler_a,198,3766,0.004222826982469882
15,8,11,filler_q,20,3766,0.0011955447664593313
15,8,12,filler_a,200,3766,0.005162238547537502
15,8,13,filler_q,21,3766,0.0015113631670118993
15,8,14,filler_a,200,3766,0.005463829232362384
15,8,15,filler_q,20,3766,0.0011528361811155216
15,8,16,filler_a,199,3766,0.0039349132780986855
15,8,17,filler_q,20,3766,0.0013886328643013704
15,8,18,filler_a,200,3766,0.004266514303536694
15,8,19,filler_q,19,3766,0.0010877631447779518
15,8,20,filler_a,200,3766,0.0073492493208937495
15,8,21,filler_q,22,3766,0.001547494927345469
15,8,22,filler_a,200,3766,0.006066178503533209
15,8,23,filler_q,21,3766,0.0021554091777109454
15,8,24,filler_a,199,3766,0.00616461810348759
15,8,25,filler_q,24,3766,0.0028646926541338125
15,8,26,filler_a,199,3766,0.008351357445071855
15,8,27,filler_q,22,3766,0.002755463989046257
15,8,28,filler_a,200,3766,0.013467915182144715
15,8,29,filler_q,22,3766,0.005625750174907101
15,8,30,filler_a,198,3766,0.02665265334178461
15,8,31,probe,236,3766,0.18374169604067037
15,10,0,system,48,3812,0.11422915431315894
15,10,1,filler_q,22,3812,0.0036953866259049396
15,10,2,filler_a,200,3812,0.01084803526290212
15,10,3,filler_q,32,3812,0.001853176007160067
15,10,4,filler_a,199,3812,0.005813588339797553
15,10,5,filler_q,24,3812,0.0012829289902700658
15,10,6,filler_a,200,3812,0.003451036173376166
15,10,7,filler_q,19,3812,0.0017876135020624558
15,10,8,filler_a,200,3812,0.005406628151789281
15,10,9,filler_q,19,3812,0.001517395195181426
15,10,10,filler_a,198,3812,0.004618739158461137
15,10,11,filler_q,20,3812,0.001219973533280792
15,10,12,filler_a,200,3812,0.004627033971180181
15,10,13,filler_q,21,3812,0.001689323179704123
15,10,14,filler_a,200,3812,0.005670530929148169
15,10,15,filler_q,20,3812,0.0010685765523917579
15,10,16,filler_a,199,3812,0.004196616777237921
15,10,17,filler_q,20,3812,0.0013529133214957004
15,10,18,filler_a,200,3812,0.004501971125228087
15,10,19,filler_q,19,3812,0.0010469990357056252
15,10,20,filler_a,200,3812,0.006598840741499961
15,10,21,filler_q,22,3812,0.0019317155183371387
15,10,22,filler_a,200,3812,0.006074641121464848
15,10,23,filler_q,21,3812,0.0019372877337575137
15,10,24,filler_a,199,3812,0.006028464960260703
15,10,25,filler_q,24,3812,0.002359308038741444
15,10,26,filler_a,199,3812,0.009481106300026906
15,10,27,filler_q,22,3812,0.0032436399781002657
15,10,28,filler_a,200,3812,0.012028467188972084
15,10,29,filler_q,22,3812,0.006139923805064926
15,10,30,filler_a,198,3812,0.02701912765951136
15,10,31,probe,282,3812,0.1869194939605168
15,11,0,system,48,3786,0.12107224217952657
15,11,1,filler_q,22,3786,0.0039563624064506185
15,11,2,filler_a,200,3786,0.010618213879744072
15,11,3,filler_q,32,3786,0.0018636863619347877
15,11,4,filler_a,199,3786,0.0058364706567937425
15,11,5,filler_q,24,3786,0.0015064487518409526
15,11,6,filler_a,200,3786,0.003600681026195374
15,11,7,filler_q,19,3786,0.0018987914806202822
15,11,8,filler_a,200,3786,0.0053900978285171845
15,11,9,filler_q,19,3786,0.0017038631517355682
15,11,10,filler_a,198,3786,0.004492080533252616
15,11,11,filler_q,20,3786,0.001174230158463915
15,11,12,filler_a,200,3786,0.005001235030355002
15,11,13,filler_q,21,3786,0.001616491584387506
15,11,14,filler_a,200,3786,0.005316364862043424
15,11,15,filler_q,20,3786,0.0012969158291756175
15,11,16,filler_a,199,3786,0.003996429738381949
15,11,17,filler_q,20,3786,0.0012548649397922267
15,11,18,filler_a,200,3786,0.004470813555910591
15,11,19,filler_q,19,3786,0.0010314424910555383
15,11,20,filler_a,200,3786,0.006905874086235842
15,11,21,filler_q,22,3786,0.0019303281630881533
15,11,22,filler_a,200,3786,0.0060090313974191555
15,11,23,filler_q,21,3786,0.0020578115259499855
15,11,24,filler_a,199,3786,0.006094825278233693
15,11,25,filler_q,24,3786,0.002646604405656962
15,11,26,filler_a,199,3786,0.009405631663089508
15,11,27,filler_q,22,3786,0.0027963450986532626
15,11,28,filler_a,200,3786,0.013458444451921037
15,11,29,filler_q,22,3786,0.006185909692202986
15,11,30,filler_a,198,3786,0.02632893064078003
15,11,31,probe,256,3786,0.18300722066111832
15,12,0,system,48,3809,0.11330230485728086
15,12,1,filler_q,22,3809,0.003763259170752237
15,12,2,filler_a,200,3809,0.011137648853503282
15,12,3,filler_q,32,3809,0.0019186723591434977
15,12,4,filler_a,199,3809,0.005942426311325579
15,12,5,filler_q,24,3809,0.0013364780095310917
15,12,6,filler_a,200,3809,0.0035176692407528566
15,12,7,filler_q,19,3809,0.0018508837441738649
15,12,8,filler_a,200,3809,0.005540751328651293
15,12,9,filler_q,19,3809,0.0016034088244449081
15,12,10,filler_a,198,3809,0.004668382256444774
15,12,11,filler_q,20,3809,0.0012646475840440644
15,12,12,filler_a,200,3809,0.004786422848808547
15,12,13,filler_q,21,3809,0.001673358140620688
15,12,14,filler_a,200,3809,0.005691206519827306
15,12,15,filler_q,20,3809,0.0010809074783511379
15,12,16,filler_a,199,3809,0.004186281717777906
15,12,17,filler_q,20,3809,0.0014359897783589727
15,12,18,filler_a,200,3809,0.004584459297328347
15,12,19,filler_q,19,3809,0.0010633499213447354
15,12,20,filler_a,200,3809,0.006856278434190676
15,12,21,filler_q,22,3809,0.002007441191044722
15,12,22,filler_a,200,3809,0.006186168121468847
15,12,23,filler_q,21,3809,0.002085686814204767
15,12,24,filler_a,199,3809,0.006200157987513599
15,12,25,filler_q,24,3809,0.002455389805837953
15,12,26,filler_a,199,3809,0.009421419905662044
15,12,27,filler_q,22,3809,0.0032056046089724874
15,12,28,filler_a,200,3809,0.012242212489116552
15,12,29,filler_q,22,3809,0.006311556073808102
15,12,30,filler_a,198,3809,0.02554422932908579
15,12,31,probe,279,3809,0.18066863223293797
15,16,0,system,48,3729,0.12039778829733115
15,16,1,filler_q,22,3729,0.0037552585020901885
15,16,2,filler_a,200,3729,0.010186872800618321
15,16,3,filler_q,32,3729,0.001961875759143269
15,16,4,filler_a,199,3729,0.005534111391872193
15,16,5,filler_q,24,3729,0.001405027504533353
15,16,6,filler_a,200,3729,0.003666427358064959
15,16,7,filler_q,19,3729,0.0016046976923743074
15,16,8,filler_a,200,3729,0.005615970538529423
15,16,9,filler_q,19,3729,0.0016801441487136134
15,16,10,filler_a,198,3729,0.00364475136726202
15,16,11,filler_q,20,3729,0.0012904575090815795
15,16,12,filler_a,200,3729,0.00551024994959009
15,16,13,filler_q,21,3729,0.0016249233120013082
15,16,14,filler_a,200,3729,0.005130538688452218
15,16,15,filler_q,20,3729,0.000837885907375349
15,16,16,filler_a,199,3729,0.003963362481291365
15,16,17,filler_q,20,3729,0.0012893244341561476
15,16,18,filler_a,200,3729,0.004411314322572591
15,16,19,filler_q,19,3729,0.0013037884912542217
15,16,20,filler_a,200,3729,0.006954902328471277
15,16,21,filler_q,22,3729,0.0016967000579483564
15,16,22,filler_a,200,3729,0.006339130103229134
15,16,23,filler_q,21,3729,0.0015860630569629376
15,16,24,filler_a,199,3729,0.006595676298627001
15,16,25,filler_q,24,3729,0.0022601531070147
15,16,26,filler_a,199,3729,0.0086140533270563
15,16,27,filler_q,22,3729,0.003191515526949796
15,16,28,filler_a,200,3729,0.01326867797617767
15,16,29,filler_q,22,3729,0.006230956877467276
15,16,30,filler_a,198,3729,0.029072933740152962
15,16,31,probe,199,3729,0.18954402439718296
15,17,0,system,48,3817,0.11472241026848073
15,17,1,filler_q,22,3817,0.003751330406012297
15,17,2,filler_a,200,3817,0.010794509465414026
15,17,3,filler_q,32,3817,0.0018762724801869894
15,17,4,filler_a,199,3817,0.005890235958014416
15,17,5,filler_q,24,3817,0.0012872210538975247
15,17,6,filler_a,200,3817,0.0034627874308526935
15,17,7,filler_q,19,3817,0.0017600648590507244
15,17,8,filler_a,200,3817,0.005532109103713941
15,17,9,filler_q,19,3817,0.0016353689720789368
15,17,10,filler_a,198,3817,0.004619791188812276
15,17,11,filler_q,20,3817,0.001235318104908401
15,17,12,filler_a,200,3817,0.004546437507245981
15,17,13,filler_q,21,3817,0.0018317513882684365
15,17,14,filler_a,200,3817,0.0055557471485219515
15,17,15,filler_q,20,3817,0.001021255439565339
15,17,16,filler_a,199,3817,0.004168964028250608
15,17,17,filler_q,20,3817,0.0013973249597684988
15,17,18,filler_a,200,3817,0.004473016156868521
15,17,19,filler_q,19,3817,0.0010565366542856244
15,17,20,filler_a,200,3817,0.006508787413059085
15,17,21,filler_q,22,3817,0.0019552356689700764
15,17,22,filler_a,200,3817,0.006325827066262821
15,17,23,filler_q,21,3817,0.0019982796248148803
15,17,24,filler_a,199,3817,0.006282475040907051
15,17,25,filler_q,24,3817,0.0024490132448897546
15,17,26,filler_a,199,3817,0.009798128060160954
15,17,27,filler_q,22,3817,0.003494794865861045
15,17,28,filler_a,200,3817,0.012067380195681305
15,17,29,filler_q,22,3817,0.006384304809685324
15,17,30,filler_a,198,3817,0.026791154731675034
15,17,31,probe,287,3817,0.18794622023858212
15,24,0,system,48,3765,0.12129341127315452
15,24,1,filler_q,22,3765,0.0040355252956215315
15,24,2,filler_a,200,3765,0.01103491304572185
15,24,3,filler_q,32,3765,0.0019664422817038093
15,24,4,filler_a,199,3765,0.005942287585622806
15,24,5,filler_q,24,3765,0.0015013639543553447
15,24,6,filler_a,200,3765,0.003566832986204933
15,24,7,filler_q,19,3765,0.0018166345883323268
15,24,8,filler_a,200,3765,0.00537504707448896
15,24,9,filler_q,19,3765,0.0018952485117781376
15,24,10,filler_a,198,3765,0.004088610587779483
15,24,11,filler_q,20,3765,0.001140923984243463
15,24,12,filler_a,200,3765,0.0050360582405141125
15,24,13,filler_q,21,3765,0.0014960477936612003
15,24,14,filler_a,200,3765,0.0053528856885086944
15,24,15,filler_q,20,3765,0.001090169273875761
15,24,16,filler_a,199,3765,0.00383979474914965
15,24,17,filler_q,20,3765,0.0012946530297500674
15,24,18,filler_a,200,3765,0.004100815072264867
15,24,19,filler_q,19,3765,0.0010034940434704956
15,24,20,filler_a,200,3765,0.007037505684870271
15,24,21,filler_q,22,3765,0.0014300249272732413
15,24,22,filler_a,200,3765,0.00582348849419762
15,24,23,filler_q,21,3765,0.002055831999187159
15,24,24,filler_a,199,3765,0.005970468006714305
15,24,25,filler_q,24,3765,0.002690816177271313
15,24,26,filler_a,199,3765,0.008059361712039196
15,24,27,filler_q,22,3765,0.002614613894980073
15,24,28,filler_a,200,3765,0.013172395813660994
15,24,29,filler_q,22,3765,0.0053666130960829655
15,24,30,filler_a,198,3765,0.0263497691142543
15,24,31,probe,235,3765,0.1848917593686247
15,26,0,system,48,3802,0.12006515366382453
15,26,1,filler_q,22,3802,0.003636508362984487
15,26,2,filler_a,200,3802,0.010686675985132092
15,26,3,filler_q,32,3802,0.0018147727876148161
15,26,4,filler_a,199,3802,0.005895058012525489
15,26,5,filler_q,24,3802,0.0013370729185858108
15,26,6,filler_a,200,3802,0.0035321542785744834
15,26,7,filler_q,19,3802,0.0018194483575219918
15,26,8,filler_a,200,3802,0.005570772467281151
15,26,9,filler_q,19,3802,0.0015202918911959224
15,26,10,filler_a,198,3802,0.004425361757352077
15,26,11,filler_q,20,3802,0.0011829491634786668
15,26,12,filler_a,200,3802,0.004888555631432028
15,26,13,filler_q,21,3802,0.0016452331226553638
15,26,14,filler_a,200,3802,0.005533303163272329
15,26,15,filler_q,20,3802,0.0011351267040115977
15,26,16,filler_a,199,3802,0.004122429270349706
15,26,17,filler_q,20,3802,0.0013650447701295068
15,26,18,filler_a,200,3802,0.004467993690775776
15,26,19,filler_q,19,3802,0.0009889122445936272
15,26,20,filler_a,200,3802,0.006765657553694465
15,26,21,filler_q,22,3802,0.002068650023818816
15,26,22,filler_a,200,3802,0.0060190814774368166
15,26,23,filler_q,21,3802,0.0020417659427549926
15,26,24,filler_a,199,3802,0.006081127421080185
15,26,25,filler_q,24,3802,0.0025994124664568347
15,26,26,filler_a,199,3802,0.009602485610976194
15,26,27,filler_q,22,3802,0.0029018020897073065
15,26,28,filler_a,200,3802,0.01257266736830673
15,26,29,filler_q,22,3802,0.006487231205980096
15,26,30,filler_a,198,3802,0.025468166360973977
15,26,31,probe,272,3802,0.19017017598454777
15,30,0,system,48,3798,0.11818068422716962
15,30,1,filler_q,22,3798,0.0036677311567462818
15,30,2,filler_a,200,3798,0.010670036224563187
15,30,3,filler_q,32,3798,0.0018150847255594368
15,30,4,filler_a,199,3798,0.005837649764905782
15,30,5,filler_q,24,3798,0.0013630992851538224
15,30,6,filler_a,200,3798,0.003476808455968444
15,30,7,filler_q,19,3798,0.0018467716347740218
15,30,8,filler_a,200,3798,0.005508338255743873
15,30,9,filler_q,19,3798,0.0015698276970511971
15,30,10,filler_a,198,3798,0.004526898504604047
15,30,11,filler_q,20,3798,0.0011722278028823208
15,30,12,filler_a,200,3798,0.004905880051577128
15,30,13,filler_q,21,3798,0.0016364728570996364
15,30,14,filler_a,200,3798,0.005374494288942842
15,30,15,filler_q,20,3798,0.0012166692060721867
15,30,16,filler_a,199,3798,0.004123091338843121
15,30,17,filler_q,20,3798,0.0013123391985960919
15,30,18,filler_a,200,3798,0.004405793164525369
15,30,19,filler_q,19,3798,0.0009825904653303762
15,30,20,filler_a,200,3798,0.006930650997231441
15,30,21,filler_q,22,3798,0.0021427079653193104
15,30,22,filler_a,200,3798,0.0058878451341729315
15,30,23,filler_q,21,3798,0.0020206549859391786
15,30,24,filler_a,199,3798,0.006116029018783893
15,30,25,filler_q,24,3798,0.0027264191921303827
15,30,26,filler_a,199,3798,0.009530647725845496
15,30,27,filler_q,22,3798,0.0028135938098769716
15,30,28,filler_a,200,3798,0.01307233687087903
15,30,29,filler_q,22,3798,0.006507615599111156
15,30,30,filler_a,198,3798,0.02599677770529402
15,30,31,probe,268,3798,0.18478563557686933
15,31,0,system,48,3798,0.1156864181978454
15,31,1,filler_q,22,3798,0.0038470873408224695
15,31,2,filler_a,200,3798,0.011149212385334017
15,31,3,filler_q,32,3798,0.001852897960104585
15,31,4,filler_a,199,3798,0.005971797285632454
15,31,5,filler_q,24,3798,0.0014191830872196487
15,31,6,filler_a,200,3798,0.0035839790288347694
15,31,7,filler_q,19,3798,0.001899728761269821
15,31,8,filler_a,200,3798,0.00562353898963497
15,31,9,filler_q,19,3798,0.0016088503350501547
15,31,10,filler_a,198,3798,0.00459808221172015
15,31,11,filler_q,20,3798,0.0012053455021765215
15,31,12,filler_a,200,3798,0.004895461085985796
15,31,13,filler_q,21,3798,0.0016365115856932459
15,31,14,filler_a,200,3798,0.005381383766944097
15,31,15,filler_q,20,3798,0.0012262279616188458
15,31,16,filler_a,199,3798,0.004183843153219204
15,31,17,filler_q,20,3798,0.0013158917460555227
15,31,18,filler_a,200,3798,0.004468865336879171
15,31,19,filler_q,19,3798,0.0009794069887777463
15,31,20,filler_a,200,3798,0.006917766466400496
15,31,21,filler_q,22,3798,0.002183285768978797
15,31,22,filler_a,200,3798,0.005855642852047914
15,31,23,filler_q,21,3798,0.001967631606484198
15,31,24,filler_a,199,3798,0.005993238359914416
15,31,25,filler_q,24,3798,0.00263812238465849
15,31,26,filler_a,199,3798,0.0093053277021337
15,31,27,filler_q,22,3798,0.0026980989242085013
15,31,28,filler_a,200,3798,0.012710623359015183
15,31,29,filler_q,22,3798,0.006377923802703438
15,31,30,filler_a,198,3798,0.02556161237384693
15,31,31,probe,268,3798,0.18246687847399082
15,33,0,system,48,3747,0.12260862043522643
15,33,1,filler_q,22,3747,0.0036586669620354106
15,33,2,filler_a,200,3747,0.010280394937567081
15,33,3,filler_q,32,3747,0.0019132633698684565
15,33,4,filler_a,199,3747,0.0058324001587483605
15,33,5,filler_q,24,3747,0.0015135498390897828
15,33,6,filler_a,200,3747,0.0036591678779404604
15,33,7,filler_q,19,3747,0.001740174454149745
15,33,8,filler_a,200,3747,0.0054210004442988334
15,33,9,filler_q,19,3747,0.0016682746385250535
15,33,10,filler_a,198,3747,0.0041897613270968585
15,33,11,filler_q,20,3747,0.0012201203539121115
15,33,12,filler_a,200,3747,0.005259204266590921
15,33,13,filler_q,21,3747,0.0017875589554112138
15,33,14,filler_a,200,3747,0.005524377829713179
15,33,15,filler_q,20,3747,0.0009420111246840691
15,33,16,filler_a,199,3747,0.004021690982751065
15,33,17,filler_q,20,3747,0.0013268427616618538
15,33,18,filler_a,200,3747,0.004564959154923158
15,33,19,filler_q,19,3747,0.0012009840039788056
15,33,20,filler_a,200,3747,0.007066325043224897
15,33,21,filler_q,22,3747,0.0016511736829839146
15,33,22,filler_a,200,3747,0.00629863658494532
15,33,23,filler_q,21,3747,0.0020296287062619715
15,33,24,filler_a,199,3747,0.006280454123231222
15,33,25,filler_q,24,3747,0.0023679480871449106
15,33,26,filler_a,199,3747,0.00965619889877112
15,33,27,filler_q,22,3747,0.003036439375952055
15,33,28,filler_a,200,3747,0.01287317058411745
15,33,29,filler_q,22,3747,0.0055743274744772765
15,33,30,filler_a,198,3747,0.027953519065773123
15,33,31,probe,217,3747,0.18829019537267477
15,35,0,system,48,3800,0.11810129038330244
15,35,1,filler_q,22,3800,0.0037481319472006044
15,35,2,filler_a,200,3800,0.010950773681183888
15,35,3,filler_q,32,3800,0.0018161733318846445
15,35,4,filler_a,199,3800,0.005858531851711342
15,35,5,filler_q,24,3800,0.001360809556156472
15,35,6,filler_a,200,3800,0.003454657849598127
15,35,7,filler_q,19,3800,0.0018793978566310683
15,35,8,filler_a,200,3800,0.0056059548404209375
15,35,9,filler_q,19,3800,0.0015615322452917615
15,35,10,filler_a,198,3800,0.004522917182432611
15,35,11,filler_q,20,3800,0.0011722870294631556
15,35,12,filler_a,200,3800,0.0049002779075954335
15,35,13,filler_q,21,3800,0.0016621201489061543
15,35,14,filler_a,200,3800,0.005418656134538846
15,35,15,filler_q,20,3800,0.0011915543360771416
15,35,16,filler_a,199,3800,0.004121554754562793
15,35,17,filler_q,20,3800,0.0013181542426297353
15,35,18,filler_a,200,3800,0.004370408156403682
15,35,19,filler_q,19,3800,0.0009694690110694567
15,35,20,filler_a,200,3800,0.006816307983166128
15,35,21,filler_q,22,3800,0.0020308159806933235
15,35,22,filler_a,200,3800,0.005800174587232704
15,35,23,filler_q,21,3800,0.0019677916864373466
15,35,24,filler_a,199,3800,0.00596943762334212
15,35,25,filler_q,24,3800,0.002613294173725926
15,35,26,filler_a,199,3800,0.010587889424478364
15,35,27,filler_q,22,3800,0.0027678789066539014
15,35,28,filler_a,200,3800,0.012572892234140818
15,35,29,filler_q,22,3800,0.006332255356620266
15,35,30,filler_a,198,3800,0.0250471234521393
15,35,31,probe,270,3800,0.18615921513560862
15,37,0,system,48,3784,0.12317778298223579
15,37,1,filler_q,22,3784,0.004074701262509633
15,37,2,filler_a,200,3784,0.011017516243342266
15,37,3,filler_q,32,3784,0.0019136606935550408
15,37,4,filler_a,199,3784,0.005994235872767978
15,37,5,filler_q,24,3784,0.001551424359434769
15,37,6,filler_a,200,3784,0.0036889272955809667
15,37,7,filler_q,19,3784,0.0019573151631871663
15,37,8,filler_a,200,3784,0.005434742676538122
15,37,9,filler_q,19,3784,0.001769593270181929
15,37,10,filler_a,198,3784,0.0044573763929630925
15,37,11,filler_q,20,3784,0.0012077509157322806
15,37,12,filler_a,200,3784,0.004990058499469977
15,37,13,filler_q,21,3784,0.0015957226386660117
15,37,14,filler_a,200,3784,0.0053717838701751825
15,37,15,filler_q,20,3784,0.0012761635481519987
15,37,16,filler_a,199,3784,0.004070449368542061
15,37,17,filler_q,20,3784,0.0012357075610175683
15,37,18,filler_a,200,3784,0.004442823340919978
15,37,19,filler_q,19,3784,0.0010210323349245163
15,37,20,filler_a,200,3784,0.006775431003078821
15,37,21,filler_q,22,3784,0.0018459222727152948
15,37,22,filler_a,200,3784,0.005885495489750687
15,37,23,filler_q,21,3784,0.002014197923910374
15,37,24,filler_a,199,3784,0.00601305585392045
15,37,25,filler_q,24,3784,0.0025267687215253104
15,37,26,filler_a,199,3784,0.009031946872922648
15,37,27,filler_q,22,3784,0.0026431810833217983
15,37,28,filler_a,200,3784,0.012482890186947707
15,37,29,filler_q,22,3784,0.005950734278517942
15,37,30,filler_a,198,3784,0.025150955829954472
15,37,31,probe,254,3784,0.18506062568073317
15,38,0,system,48,3754,0.12044986925156374
15,38,1,filler_q,22,3754,0.0036533791463778838
15,38,2,filler_a,200,3754,0.010080913800648631
15,38,3,filler_q,32,3754,0.001906247875243583
15,38,4,filler_a,199,3754,0.005840796895721236
15,38,5,filler_q,24,3754,0.001493215372986339
15,38,6,filler_a,200,3754,0.003580901169841954
15,38,7,filler_q,19,3754,0.0017368305274597874
15,38,8,filler_a,200,3754,0.005359265631214276
15,38,9,filler_q,19,3754,0.0017862909914429608
15,38,10,filler_a,198,3754,0.004128190382163282
15,38,11,filler_q,20,3754,0.0011536165835872457
15,38,12,filler_a,200,3754,0.005195935720747924
15,38,13,filler_q,21,3754,0.0017143163721413252
15,38,14,filler_a,200,3754,0.005388294279678098
15,38,15,filler_q,20,3754,0.0010085107689633468
15,38,16,filler_a,199,3754,0.003972225872608341
15,38,17,filler_q,20,3754,0.0012763301156721995
15,38,18,filler_a,200,3754,0.0044355531851842525
15,38,19,filler_q,19,3754,0.0011090657906352493
15,38,20,filler_a,200,3754,0.007138933061606628
15,38,21,filler_q,22,3754,0.0015196210075396305
15,38,22,filler_a,200,3754,0.006091104633423152
15,38,23,filler_q,21,3754,0.002054647785006701
15,38,24,filler_a,199,3754,0.006114470382529482
15,38,25,filler_q,24,3754,0.0025340967059691633
15,38,26,filler_a,199,3754,0.008314801343938017
15,38,27,filler_q,22,3754,0.0028762982625954447
15,38,28,filler_a,200,3754,0.01369807325130214
15,38,29,filler_q,22,3754,0.0052548723845278755
15,38,30,filler_a,198,3754,0.029183168441319844
15,38,31,probe,224,3754,0.19183751623510367
