arm,depth,probe,ctx_tokens,fill,gold,pred,correct,parsed,response_chars,mean_entropy,has_answer,has_supporting,n_symptoms,grounded_fraction,fully_compliant,response
install_decode_a1,0,0,333,0.0813,B,,False,False,1325,1.8538403936417467,False,True,1,0.0,False,"C: Cluster headache
SUPPORTING: The patient's description of the pain being ""sharp"" and ""intense"" (2 on a 10 scale) located in a specific, precise location (3) and the rapid onset of the pain (1) are consistent with the characteristics of a cluster headache. Additionally, the presence of a cough and a history of smoking cigarettes, as well The patient's history of asthma and the presence of polyps in the nose, while not directly related to the acute presentation, could suggest a context of chronic upper respiratory issues, which might be relevant in the broader clinical picture of the patient's health. However, these points are more supportive of the patient's overall health context rather than acute symptoms directly pointing to a cluster headache. The absence of the patient's recent travel history and the absence of other acute upper respiratory symptoms like nasal discharge or changes in the nasal mucosa in the detailed symptoms provided do not directly support the diagnosis of acute conditions like acute laryngitis or viral pharyngitis. The patient's loss of the sense of smell, while not directly mentioned in the context of the chief complaint, could potentially be a supportive finding in the broader clinical picture, especially if considering the upper respiratory context, although it's not directly"
install_decode_a1,0,1,332,0.0811,C,B,False,True,1326,1.7003446595041396,False,True,1,0.0,False,"B: The patient's description of pain as ""a knife stroke"" and its intensity being rated at 7, alongside the fact that the pain does not radiate to another location and appears quickly, suggests a severe and potentially acute form of angina, potentially unstable. The symptoms being exacerbated by physical exertion and alleviated with rest are consistent with angina, as these are typical for ischemic chest pain due to reduced blood flow to the heart muscle.

SUPPORTING: The severe pain intensity and the absence of radiation suggest a high degree of myocardial ischemia, which is more consistent with unstable angina or potentially a more severe form like NSTEMI (non-ST elevation myocardial infarction) given the presence of significant symptoms and the worsening with exertion and improvement with rest. The recent history of a viral infection could potentially lead to myocarditis, but the acute presentation and the pattern of symptoms are more suggestive of ischemic heart disease.

Given these findings, the most likely diagnosis in this scenario, considering the patient's presentation and the absence of recent travel and a detailed history of risk factors, would be:

B) Unstable angina

This diagnosis is chosen based on the acute presentation of severe chest pain with exertion and relief with rest, alongside the"
install_decode_a1,0,2,414,0.1011,A,E,False,True,1394,1.8160829025752037,False,False,0,0.0,False,"E) Given the high intensity of the pain (6 on a 10 scale), the rapid onset of the pain (9 on a 10 scale), and the significant symptom of shortness of The patient's shortness of breath or difficulty breathing supports the consideration of a cardiovascular issue, such The patient's history of high cholesterol, smoking, and family history of early cardiovascular disease further support the diagnosis of a cardiovascular issue. While the high cholesterol and smoking history increase the risk for coronary artery disease, the rapid onset of severe pain and shortness of breath are more indicative of acute coronary syndromes (ACS), including potentially non-ST elevation myocardial infarction (NSTEMI) or even a potentially severe case of angina. The patient's HIV status and significant weight, while important in a comprehensive clinical context, are not direct acute considerations for the acute presentation described here without additional clinical details on the impact of these conditions on the current presentation. The absence of travel and the absence of acute infectious symptoms like fever or chills in the provided context further support a non-infectious, potentially ischemic cause for the presentation. Given these considerations, the most likely diagnosis in the context of the provided information, considering the acute presentation and the significant symptoms, is:

E) Non"
install_decode_a1,0,3,282,0.0688,D,,False,False,807,1.1116822141798508,False,False,0,0.0,False,"D: The patient's history of cystic fibrosis and the presence of a cough producing colored or more abundant sputum strongly support a diagnosis of bronchiectasis. The supporting findings are the patient's history of cystic fibrosis, which is a known risk factor for the development of bronchiectasis, and the presence of sputum that is both colored and more abundant than usual, which are typical symptoms of this condition. Additionally, the patient's history of chronic obstructive pulmonary disease (COPD) and asthma further supports the presence of underlying lung pathology that could lead to the development of bronchiectasis. The patient's immunosuppression status, while concerning for potential complications, does not directly alter the primary diagnosis based on the provided symptoms and history."
install_decode_a1,0,4,540,0.1318,A,,False,False,966,1.5843325400905757,False,False,0,0.0,False,"E: The patient's description of shortness of based on the following findings: ""Yes — Has shortness of breath or difficulty breathing in a significant way"" and ""Yes — The patient feels lightheaded and dizzy or feels like they are about to faint."" These symptoms are consistent with the clinical presentation of acute pulmonary edema, especially considering the patient's history of a severe food allergy which could potentially lead to an acute severe reaction including respiratory compromise. The high intensity of the described pain (9 out of 10) and the rapid onset of symptoms (5 out of 10) further support the acute nature of this condition. The presence of shortness of breath and the feeling of impending doom are key features of severe acute pulmonary edema. The patient's travel history and the absence of other symptoms or findings that would more strongly suggest other conditions like a neoplasm or thromboembolism help to further support this diagnosis."
install_decode_a1,0,5,333,0.0813,D,D,True,True,589,1.3848224862088196,False,True,1,0.0,False,"D) Pericarditis
SUPPORTING: The patient's chief complaint of pain that increases when breathing in deeply, along with the description of the pain as ""a knife stroke"" and the worsening of symptoms when lying down and improvement when sitting up, are consistent with the presentation of pericarditis. Additionally, the history of a recent viral infection and a past history of pericarditis further support this diagnosis. The worsening of symptoms when lying down and improvement when sitting up are typical for conditions affecting the pericardial area, such given the pericarditis context."
install_decode_a1,0,6,499,0.1218,C,,False,False,108,0.9693042251038486,False,True,2,0.5,False,"C: HIV (initial infection)
SUPPORTING: swollen or painful lymph nodes; persistent and widespread muscle pain"
install_decode_a1,0,7,318,0.0776,E,C,False,True,1273,1.1789617972300532,False,True,1,0.0,False,"C) Atrial fibrillation
Supporting: The patient's description of the pain as ""a knife stroke"" and its intensity being rated as 7, alongside the presence of shortness of breath and the sensation of a fast or irregular heartbeat, strongly support the diagnosis of atrial fibrillation. Atrial fibrillation typically presents with the sudden onset of severe, sharp, or stabbing chest pain, often described as a ""knife stab"" or ""stabbing pain,"" alongside symptoms such as shortness of The patient's description of the pain as ""a knife stroke"" and its intensity being rated as 7, alongside the presence of shortness of breath and the sensation of a fast or irregular heartbeat, strongly support the diagnosis of atrial fibrillation. Atrial fibrillation typically presents with the sudden onset of severe, sharp, or stabbing chest pain, often described as a ""knife stab"" or ""stabbing pain,"" alongside symptoms such based on the patient's description. Additionally, the presence of shortness of breath and the description of a rapid or irregular heartbeat are classic symptoms of this condition. The patient's history of taking stimulant drugs and recent absence of international travel do not directly relate to the symptoms described but are useful for a broader clinical context."
install_decode_a1,0,8,289,0.0706,C,,False,False,595,1.312232333112402,False,True,2,1.0,False,"C: Bronchospasm / acute asthma exacerbation
Supporting: Cough; Shortness of breath
Given the patient's symptoms of a persistent cough and significant shortness of The patient's history of asthma attacks, hospitalization for asthma, and the use of bronchodilators, along with the presence of asthma and exposure to secondhand smoke, these findings strongly support a diagnosis of acute asthma exacerbation. The patient's recent exposure to a known asthma trigger (secondhand smoke) and the presence of common asthma symptoms (cough and shortness of breath) further support this clinical decision."
install_decode_a1,0,9,373,0.0911,A,,False,False,1323,1.6284084018182625,False,True,1,0.0,False,"B: The patient's description of the pain being ""burning"" and ""sharp"" along with the intensity being rated as 3, as well as the specific location and rapid onset of the pain, are indicative of a potentially acute and localized pain condition. The loss of the sense of smell and the presence of a cough further support the consideration of a respiratory or sinus-related condition.

SUPPORTING: The patient's history of having had a cold in the last  given the context of the symptoms and the patient's history, particularly the presence of a recent cold, the loss of the sense of smell, and the persistent cough, these symptoms are more consistent with a condition affecting the upper respiratory tract or sinus conditions. The patient's history of polyps in the nose and a deviated nasal septum, along with asthma and a history of gastroesophageal reflux, further supports the likelihood of a complex upper respiratory or sinus condition such as chronic sinusitis or possibly recurrent sinusitis post a recent common cold.

Given the patient's young age and the absence of recent international travel, conditions like Chagas or a severe form of bronchitis are less likely. While the patient's family history of allergies and the likelihood of developing common allergies suggest a predisposition to upper respiratory issues"
install_decode_a1,0,10,313,0.0764,D,E,False,True,769,1.6818272498595224,False,True,1,0.0,False,"E) Cluster headache
SUPPORTING: The patient's description of severe, frequent, and severe headaches located around the eye and forehead (specifically ""top of the head, forehead, cheek(R), cheek(L), occiput"") and the rapid onset of these headaches (given a 1 on a 10 scale for speed of onset) are consistent with the clinical presentation of cluster headaches. Additionally, the fact that the patient's symptoms are exacerbated by smoking and occur in a pattern of ""travels"" or ""clusters"" over time supports the diagnosis of cluster headaches. The presence of a clear runny nose and nasal congestion, while not directly related to the headache symptoms, does not significantly alter the primary consideration based on the detailed clinical presentation of the headaches."
install_decode_a1,0,11,367,0.0896,C,C,True,True,533,1.4215747628720345,False,True,1,0.0,False,"C) Pericarditis
SUPPORTING: The patient's description of ""a knife stroke, sharp"" pain, along with the localization to the ""lower chest, upper chest, breast (L), and epigastric"" regions, strongly supports a pericarditis diagnosis. Additionally, the pain being exacerbated upon deep breathing (a common symptom of pericarditis known as ""deep breathing or maneuver-induced pain"") further supports this diagnosis. The patient's history of a recent viral infection and a past history of pericarditis are also supportive of this condition."
install_decode_a1,0,12,399,0.0974,B,,False,False,715,1.4335765429947873,False,True,1,0.0,False,"B: The most likely diagnosis based on the patient's symptoms and history is **B** for **B**lood-related issues.

Supporting: The patient's description of shortness of breath and difficulty breathing, along with the mention of feeling lightheaded and dizzy, are indicative of a **B**lood-related issue. Additionally, the patient's history of **B**lood-related conditions like anemia and chronic kidney failure, as well The patient's underweight condition (BMI less than 18.5) and the mention of taking new oral anticoagulants (NOACs) further support this diagnosis. The travel history to West Africa, where there is a risk of exposure to blood-borne diseases, also adds to the suspicion of a **B**lood-related issue."
install_decode_a1,0,13,266,0.0649,C,,False,False,743,1.0971949092893645,False,True,2,0.5,False,"C: Atrial fibrillation
Supporting: Shortness of breath; irregular heartbeat
The patient's description of experiencing both shortness of breath and irregular heartbeat, especially in the context of a known heart valve issue and a history of hyperthyroidism, strongly supports a diagnosis of atrial fibrillation. Hyperthyroidism can lead to an increased heart rate and potentially contribute to the development of atrial fibrillation, especially in the presence of an existing heart valve issue. The patient's history of diabetes and being significantly overweight further increase the risk for cardiovascular complications, including the development of atrial fibrillation. Given these factors, the most likely diagnosis is atrial fibrillation."
install_decode_a1,0,14,415,0.1013,E,,False,False,1238,1.6002067362210255,False,True,2,0.0,False,"B: The most likely diagnosis based on the patient's description is ""Unstable angina"" given the presence of severe, sharp, and typically chest-related pain (L or R scapula, posterior chest wall) with a significant intensity of 8, along with the concerning symptom of shortness of breath, which could be indicative of ischemic heart disease. The sharp, knife-like pain, especially when considering the context of the patient's age and the presence of risk factors like recent surgery and immobility, strongly supports the consideration of unstable angina or potentially a more severe coronary event like NSTEMI (non-ST elevation myocardial infarction).

Supporting:
- The description of the pain as ""sharp"" and ""like a knife"" is a classic symptom of ischemic chest pain, which is a key feature of unstable angina and potentially more severe coronary artery issues.
- The significant intensity of the pain at 8 out of 10, along with the rapid onset of the pain (6 on a scale of 10 for how fast it appeared), further supports the likelihood of ischemic heart disease, as these symptoms are consistent with acute coronary syndrome (ACS) presentations, which include unstable angina and potentially leading to more severe conditions like NSTEMI"
install_decode_a1,0,15,396,0.0967,A,E,False,True,1276,1.887079628121641,False,True,1,0.0,False,"E) Cluster headache
SUPPORTING: The presence of severe, localized, and recurrent headaches, often described as a ""ice pick"" or ""sharp"" pain typically affecting one side of the head, along with the description of the pain being located in a very precise location (7) and the rapid onset of the pain (4) are consistent with the clinical presentation of cluster headaches. Additionally, the patient's underweight status (given by the low BMI and poor diet) and a family history of anemia, while not directly related to the current symptoms, provide a broader context of the patient's health status, potentially impacting the overall clinical picture. The presence of additional symptoms like shortness of based on the context of the chief complaint and the patient's description of the pain, although not directly related to the primary symptom of blood in the stool, further support the consideration of a complex and potentially multifac for the patient's presentation. Given the acute and severe nature of the described symptoms, especially in the context of the patient's travel history and the potential for exposure to conditions or substances not commonly found in the patient's usual environment, a detailed and targeted approach to diagnosis and management is essential."
install_decode_a1,0,16,289,0.0706,E,E,True,True,654,1.2792305710004688,False,False,0,0.0,False,"E: The patient's presentation, including the combination of muscle weakness that increases with fatigue and stress, along with the presence of double vision and difficulty swallowing, strongly supports a diagnosis of **E) Myasthenia gravis**. The family history of myasthenia gravis further supports this diagnosis. The symptoms of double vision (diplopia) and difficulty swallowing (dysphagia) are common in myasthenia gravis, as are the variable degrees of muscle weakness and the exacerbation of symptoms with stress and fatigue. The patient's travel history is not relevant to the consideration of myasthenia griven based on the provided information."
install_decode_a1,0,17,361,0.0881,A,B,False,True,1403,1.2283186565566666,False,False,0,0.0,False,"B: The patient's chief complaint of significantly increased sweating, along with the presence of a fever, supports a diagnosis of B) Pneumonia. The supporting findings are the patient's description of increased sweating and the presence of a fever. These symptoms are commonly associated with an infection such The patient's chief complaint of significantly increased sweating, along with the presence of a fever, supports a diagnosis of B) Pneumonia. The supporting findings are the patient's description of increased sweating and the presence of a fever. These symptoms are commonly associated with an infection such as pneumonia, especially considering the patient's other symptoms like cough with sputum production and a sore throat, which are also indicative of a respiratory infection. The patient's history of close contact with someone with similar symptoms and their potential exposure to a high-risk environment (living in a household with 4+ people or working in a daycare) further supports the likelihood of a contagious respiratory illness like pneumonia. The absence of radiating pain and the precise location of the pain being localized to the forehead, cheek (right), and temple (right) do not significantly alter the clinical picture, as these details are more specific to the presentation of the pain rather than the underlying cause of the symptoms. The patient's detailed description"
install_decode_a1,0,18,388,0.0947,C,C,True,True,892,1.512474209278528,False,True,1,0.0,False,"C) Inguinal hernia
Supporting: The patient's description of the pain located in the iliac fossa (L) and the presence of a pale, non-swollen, non-itching, and non-weeping rash in the same area strongly supports the diagnosis of an inguinal hernia. The presence of a non-itching, pale, and non-weeping rash localized to the iliac fossa, especially when associated with the description of pain in the same region, is consistent with a skin reaction or irritation potentially related to the underlying hernia, which could cause discomfort or pain when the contents of the hernia intermittently increase in size or when the patient is in certain positions or experiencing certain activities. Additionally, the patient's age and the description of the pain fitting the context of a hernia (especially in a young male who might be experiencing growth-related changes) further support this diagnosis."
install_decode_a1,0,19,675,0.1648,D,E,False,True,561,1.5333374851719122,False,True,1,0.0,False,"E) Bronchitis

SUPPORTING: The patient has a cough that produces colored or more abundant sputum than usual and a history of chronic obstructive pulmonary disease (COPD), which are consistent with the presentation of bronchitis. Additionally, the presence of a cough and the description of the pain being located in the chest (R) and associated with the COPD symptoms further support this diagnosis. The patient's recent history of respiratory issues and the description of the pain fitting the context of a COPD exacerbation are additional supportive findings."
install_decode_a1,0,20,327,0.0798,C,C,True,True,739,1.5174806164520216,False,True,1,0.0,False,"C) Myocarditis
Supporting: The patient's description of pain as ""sensitive, like a knife stroke"" and the intensity of the pain being rated as 2, along with the presence of shortness of breath with minimal physical effort, are consistent with myocarditis. These symptoms are often seen in patients with an inflammatory heart condition affecting the heart's ability to effectively pump blood, leading to both chest pain and difficulty breathing. Additionally, while the absence of radiation and rapid onset of pain are not typically supportive of myocarditis, the combination of the described pain and the patient's difficulty in breathing in the context of a recent viral infection is a strong clinical picture that aligns with myocarditis."
install_decode_a1,0,21,307,0.075,D,E,False,True,990,1.440594376161402,False,True,1,0.0,False,"E) Possible NSTEMI / STEMI
SUPPORTING: The patient's chief complaint is related to pain, which is a common symptom of both NSTEMI (non-ST elevation myocardial infarction) and STEMI (ST elevation myocardial infarction), especially when considering the context of the patient's age and the description of the pain intensity and the presence of associated symptoms like nausea and vomiting, potentially indicative of a gastrointestinal or, in this case, likely a cardiac event. Additionally, the mention of the pain radiating to the scapula, along with the high precision of pain location (7 out of 10), and the rapid onset of the pain, further supports the consideration of a potentially acute cardiac event such as a myocardial infarction. The patient's history of excessive alcohol consumption, while not directly related to the symptoms described, could potentially contribute to the development of cardiovascular issues, further supporting the consideration of a cardiovascular diagnosis."
install_decode_a1,0,22,481,0.1174,D,D,True,True,1017,1.7907800052697302,False,True,1,0.0,False,"D) Influenza

SUPPORTING: The patient's description of a sudden onset of severe and intense pain (8 on a 10 scale) in the back of the head and neck, without any radiation of this pain, alongside the presence of a fever and a detailed description of a pink non-itchy rash on the back of the neck and side of the neck (both right and left) with a lesion larger than  given the context of a recent flu-like illness presentation, including the common flu symptoms of fever, fatigue, and a loss of appetite, alongside the presence of a cough and nasal congestion, the most likely diagnosis is Influenza. The patient's recent flu-like symptoms, including the severe headache and the detailed description of the rash, are consistent with the clinical presentation of influenza, especially considering the absence of other systemic symptoms or signs that would more strongly suggest other conditions like B or C. The absence of travel history and the presence of common flu-associated symptoms further support this diagnosis."
install_decode_a1,0,23,393,0.0959,C,C,True,True,763,1.36850452717595,False,False,0,0.0,False,"C: Based on the patient's description of constant fatigue and non-restful sleep, along with the presence of symptoms like shortness of The patient's symptoms of fatigue and shortness of breath, as well as a history of anemia in family members and a poor diet, strongly support a diagnosis of C) Anemia. The patient's underweight BMI and history of chronic kidney failure further support this diagnosis, as both conditions can lead to anemia due to reduced red blood cell production or increased red blood cell destruction. Additionally, the mention of black stools (indicative of potential upper gastrointestinal bleeding) could be a symptom of a severe form of anemia or a related condition impacting the ability to manage or produce red blood cells effectively."
install_decode_a1,0,24,363,0.0886,E,E,True,True,776,1.3309286594110843,False,True,2,1.0,False,"E) Bronchitis
SUPPORTING: nasal congestion; cough
The patient's chief complaint of nasal congestion along with a persistent cough, especially in the context of a history of chronic obstructive pulmonary disease (COPD), strongly supports a diagnosis of bronchitis. These symptoms are commonly associated with an inflammatory condition of the bronchial tubes, which is a typical presentation for bronchitis. The patient's history of COPD further increases the likelihood of this diagnosis given the increased risk for respiratory infections and the chronic inflammation that COPD patients often experience. The patient's symptoms, including the presence of a cough with sputum production and the worsening of symptoms at night, are additional supportive findings for bronchitis."
install_decode_a1,0,25,620,0.1514,A,C,False,True,929,1.6337836054404635,False,True,1,0.0,False,"C) Tuberculosis
Supporting: The patient's description of coughing up colored or more abundant sputum, along with the presence of a fever and chills, strongly supports a diagnosis of tuberculosis (TB). Additionally, the presence of a skin rash, while not typically associated with TB, could potentially indicate a disseminated form of the disease or a secondary skin reaction to the underlying infection. The patient's history of TB, especially in the context of a patient with a compromised immune system due to conditions like Parkinson's disease and potentially underweight status (given the mention of a low BMI), further supports this diagnosis. The absence of other symptoms more commonly associated with conditions like pneumonia (such for severe chest pain or the sudden onset of severe difficulty breathing) and the absence of recent travel to endemic areas for diseases like Ebola, further supports the likelihood of TB."
install_decode_a1,0,26,266,0.0649,B,D,False,True,553,1.4250567744259137,False,True,1,0.0,False,"D) Pneumonia
Supporting: The patient's significant shortness of breath and the presence of a wheezing sound upon exhale, which are common symptoms of worsening COPD but are notably more severe and potentially indicative of an additional underlying issue like pneumonia in a patient with pre-existing severe COPD. The patient's history of smoking and working in the mining sector further supports the risk of developing pneumonia due to the increased exposure to environmental and occupational hazards that can lead to lower respiratory tract infections."
install_decode_a1,0,27,370,0.0903,B,E,False,True,1458,1.6271267286860223,False,True,1,0.0,False,"E) Pericarditis
SUPPORTING: The patient's description of a burning sensation starting in the stomach and going up into the throat, along with worsening symptoms after eating, suggests the involvement of the upper gastrointestinal tract, which is a common presentation in conditions like pericarditis when the stomach and esophagus are affected by the inflammation or the process affecting the heart and the surrounding structures. Additionally, the worsening of symptoms when lying down and improvement when sitting up, known as the ""lying down symptom,"" is a classic presentation of pericarditis and conditions affecting the upper gastrointestinal tract.

Given the patient's history of significant weight, excessive alcohol consumption, and smoking, these lifestyle factors further increase the risk for conditions affecting the heart and the upper gastrointestinal tract, including pericarditis and potentially contributing to the development of conditions like gastroesophageal reflux disease (GERD), which can also present with similar symptoms including chest pain and potentially worsening after eating due to the increased gastric acid production and reflux.

The patient's history of asthma and the need for bronchodilators in the past, while not directly related to the current symptoms, suggests a history of respiratory and potentially cardiovascular issues, further supporting the consideration of a cardiovascular condition like pericarditis in"
install_decode_a1,0,28,480,0.1172,A,E,False,True,1231,1.6226771655582297,False,True,1,0.0,False,"E: Based on the patient's presentation, particularly the acute onset of severe, heavy, and radiating pain in the context of significant shortness of breath, along with the presence of swelling and a history of heart failure, the most likely diagnosis is E) Pericarditis.

Supporting: The patient's description of the pain as ""heavy"" and ""4"" on a 10 scale, along with the radiation to the biceps and the precise location of the pain, suggests a cardiac etiology. The presence of shortness of given the patient's history of heart failure and the worsening symptoms when lying down and improvement when sitting up, further supports the cardiac nature of the symptoms. Additionally, the mention of ""choking"" or ""shortness of breath that wake[s] you up at night"" in the context of a patient with heart failure and a history of heart-related issues is indicative of a severe and potentially acute cardiac event, such as pericarditis or a related condition impacting the heart's ability to function effectively.

The patient's travel history and absence of recent international travel do not suggest a typical infectious or immunologic cause like B) Anaphylaxis or D) SLE. The absence of a recent event that would typically precipitate B)"
install_decode_a1,0,29,373,0.0911,D,E,False,True,871,1.3018716671338757,False,True,2,0.5,False,"E) Acute laryngitis
SUPPORTING: difficulty swallowing; hoarse voice
The patient's description of difficulty swallowing and a hoarse voice are consistent with the symptoms of acute laryngitis, which typically involves inflammation and swelling of the larynx, potentially leading to difficulty swallowing and changes in voice. These symptoms, especially when associated with a high fever and shortness of given the patient's age and the absence of recent travel to areas where Chagas disease is endemic, make acute laryngitis a more likely diagnosis than the other options provided. The patient's history of diabetes and high blood pressure, while important in the broader context of their health, do not directly influence the specific diagnosis of acute laryngitis based on the provided symptoms and the absence of other risk factors for the listed alternative diagnoses."
install_decode_a1,0,30,286,0.0698,C,D,False,True,666,1.2153241410258757,False,True,2,1.0,False,"D) Pulmonary neoplasm
Supporting: Coughing up blood; difficulty breathing
The presence of coughing up blood (hemoptysis) and significant difficulty breathing are critical findings that strongly support a diagnosis of a pulmonary neoplasm, especially in the context of a patient with a history of conditions like cystic fibrosis and chronic exposure to factors that could potentially lead to lung pathology, such given by their history of conditions like Rheumatoid Arthritis and COPD. The patient's history of conditions that affect the lungs and immune system, along with the mention of being immunosuppressed, further supports the concern for a neoplastic process."
install_decode_a1,0,31,466,0.1138,D,D,True,True,1326,1.6126982093418292,False,True,1,0.0,False,"D: Based on the patient's description of diffuse (widespread) muscle pain, the presence of a fever, and the presence of a pink non-itchy, non-swollen rash on the forehead, the most likely diagnosis is D) Influenza.

SUPPORTING: The patient's description of widespread muscle pain and the presence of a fever are consistent with the clinical presentation of influenza. Additionally, the presence of a non-itchy, pink rash on the forehead, although not typically a classic symptom of influenza, could potentially be a secondary skin reaction to the systemic inflammatory process seen in influenza, especially considering the patient's young age and the absence of other common dermatological presentations like the classic ""viral"" or ""bullseye"" rash seen in conditions like syphilis (which would be more relevant in a different clinical context).

The patient's history of recent flu-like symptoms, including fever and loss of appetite, alongside the common flu-associated symptoms of fatigue and muscle pain, further support the diagnosis of influenza. The presence of a clear runny nose and nasal congestion, while not specific to influenza, are consistent with upper respiratory tract infection, which is a common presentation for influenza and supports the clinical picture.

The absence of recent travel and smoking history"
install_decode_a1,0,32,561,0.137,A,,False,False,1106,1.8200639892110868,False,True,1,0.0,False,"E: Based on the patient's symptoms and history, the most likely diagnosis is Scombroid food poisoning.

SUPPORTING: The patient's description of increased sweating and the presence of a pale, non-swollen, non-itchy rash on the lips, along with the severe pain associated with the rash, are consistent with Scombroid food poisoning. The patient's recent history of potentially consuming improperly handled or mishandled fish, especially considering the severe pain and the presence of a large, non-itchy rash, further supports this diagnosis. Additionally, the patient's symptoms, including severe pain, fatigue, and the description of the rash, are not typically seen in the other listed conditions, which typically do not cause such localized and severe symptoms on the lips without other systemic symptoms like severe itching or swollen lymph nodes in the context of conditions like Chagas or HIV. The absence of other systemic symptoms like significant weight loss or severe fatigue in the absence of a clear inflammatory or infectious context further supports the diagnosis of Scombrijm food poisoning."
install_decode_a1,0,33,453,0.1106,D,D,True,True,798,1.5833943220274522,False,False,0,0.0,False,"D: Based on the patient's presentation, the most likely diagnosis is D) **A**nemia.

**SUPPORTING: The patient's description of severe and exhausting pain, along with the presence of shortness of breath and difficulty breathing, suggests a significant underlying health issue impacting their ability to carry out daily activities. The mention of black stools and the presence of blood in the stool further supports the suspicion of a gastrointestinal pathology, which can be associated with severe anemia due to chronic blood loss or other underlying conditions impacting red blood cell production or function. Additionally, the patient's history of anemia in themselves and their family members, along with the symptoms of fatigue and pale skin, are consistent with a diagnosis of severe anemia.**"
install_decode_a1,0,34,377,0.092,D,D,True,True,1169,1.7609190632029585,False,True,1,0.0,False,"D) GERD
SUPPORTING: The patient's symptoms of worsening pain after eating and the presence of black stools (indicative of upper gastrointestinal bleeding) strongly support a diagnosis of GERD. Additionally, the patient's history of excessive alcohol consumption and smoking, along with a hiatal hernia, further points towards a scenario where the gastroesophageal reflux is likely exacerbated, potentially leading to complications such The patient's description of the pain being intense (8 on a scale of 10) and located in the upper chest, coupled with the rapid onset of the symptoms, also fits the clinical picture of a severe GERD episode or potentially a more complex scenario like esophageal perforation, although the latter would typically present with additional severe symptoms and potentially a more acute clinical picture. However, given the absence of acute emergency features and the context of the patient's symptoms, the most appropriate initial diagnosis based on the provided information and clinical judgment is GERD, especially considering the patient's lifestyle and the presence of symptoms that are consistent with gastroesophageal reflux disease."
install_decode_a1,0,35,300,0.0732,E,E,True,True,827,1.236293217005706,False,False,0,0.0,False,"E: The patient's description of wheezing upon exhalation, along with the symptoms of shortness of breath and a persistent cough, strongly support a diagnosis of bronchospasm / acute asthma exacerbation. The patient's history of asthma and the use of bronchodilators in the past further support this diagnosis. The presence of shortness of breath and the wheezing upon exhalation are key findings that align with the clinical presentation of an acute asthma exacerbation. Additionally, the patient's exposure to secondhand cigarette smoke and a history of chronic sinusitis, while not directly related to asthma, can potentially contribute to the exacerbation of asthma symptoms in a patient with a pre-existing condition. Given these supportive details, the most likely diagnosis is E) Bronchospasm / acute asthma exacerbation."
install_decode_a1,0,36,313,0.0764,E,,False,False,309,0.9698090615083989,False,False,0,0.0,False,"B: The patient's description of a wheezing sound upon exhale, along with a history of chronic obstructive pulmonary disease (COPD), strongly supports a diagnosis of acute COPD exacerbation or an infection related to COPD. The supporting findings are the presence of wheezing and the patient's history of COPD."
install_decode_a1,0,37,370,0.0903,A,B,False,True,473,1.3170159579267888,False,False,0,0.0,False,"B: The patient's chief complaint of diffuse muscle pain, along with the presence of a fever and a sore throat, supports a diagnosis of B) Influenza. The supporting findings include the patient's description of the pain as ""tedious"" and the presence of a fever, which are common in cases of influenza. Additionally, the presence of a cough producing colored or more abundant sputum and a history of contact with someone with similar symptoms further supports this diagnosis."
install_decode_a1,0,38,350,0.0854,D,E,False,True,789,1.5489798514172435,False,True,2,1.0,False,"E) Bronchitis
SUPPORTING: shortness of breath; cough
The patient's presentation of shortness of Given the patient's presentation of shortness of breath and cough, along with the increased pain upon deep breathing and movement, strongly supports a diagnosis of bronchitis. These symptoms are consistent with an inflammatory condition of the bronchial tubes, which would likely cause the described pain upon deep breathing and exacerbate with movement due to the inflammation and potentially associated rib involvement. Additionally, the patient's history of excessive alcohol consumption and osteoporosis, while not directly related to the acute presentation, could contribute to a predisposition to respiratory infections and potentially impact the severity or management of the condition."
install_decode_a1,0,39,267,0.0652,E,E,True,True,1177,1.3784133559160832,False,False,0,0.0,False,"E: The patient's symptoms of difficulty articulating words/speaking, difficulty swallowing, and shortness of breath, along with the family history of myasthenia gravis, strongly support a diagnosis of E) Myasthenia gravis. The supporting findings are:
- Difficulty articulating words/speaking
- Difficulty swallowing

Given the patient's presentation, especially the combination of symptoms affecting the ability to speak, swallow, and breathe, alongside the family history of myasthenia gravis, the most likely diagnosis is indeed myasthenia gravis. This condition is characterized by varying degrees of weakness and symptoms often exacerbated by exertion or emotional stress, which fits the patient's description. The patient's recent difficulty in performing activities that require fine motor skills and the family history further support this diagnosis. The absence of recent travel and the absence of other symptoms or medical conditions mentioned in the patient's history further support the likelihood of myasthenia griven the absence of other risk factors for conditions like acute pulmonary edema, acute dystonic reactions, atrial fibrillation, or pulmonary embolism."
install_decode_rand_a1,0,0,333,0.0813,B,C,False,True,183,0.829941038286961,True,True,8,0.25,True,"ANSWER: C
SUPPORTING: pain located precisely at 3; loss of sense of smell; cough; history of asthma; polyps in nose; deviated nasal septum; recent asthma management; no recent travel."
install_decode_rand_a1,0,1,332,0.0811,C,B,False,True,190,0.5176923932713559,True,True,2,0.5,True,"ANSWER: B
SUPPORTING: symptoms that are increased with physical exertion but alleviated with rest; pain characterized as a ""knife stroke"" in the side of the chest (R) with an intensity of 7."
install_decode_rand_a1,0,2,414,0.1011,A,D,False,True,167,1.1348894441389115,True,True,6,0.5,True,"ANSWER: D
SUPPORTING: Overweight (significant); high cholesterol; former smoker; history of heart attack or angina; poor circulation; shortness of screen (significant)"
install_decode_rand_a1,0,3,282,0.0688,D,D,True,True,762,0.7949846553426476,False,True,2,1.0,False,"D) Bronchiectasis

SUPPORTING: Cough that produces colored or more abundant sputum than usual; Shortness of breath or difficulty breathing in a significant way

List at least two findings from the patient's description that support your answer.
1. The patient's chief complaint of a cough producing colored or more abundant sputum than usual is a classic symptom of bronchiectasis, which is characterized by irreversible enlargement of the bronchi and the presence of infected or inflamed airways.
2. The significant shortness of which the patient experiences supports the diagnosis of bronchiectasis, as this symptom is commonly associated with the accumulation of secretions and resultant infections in the airways, which can lead to compromised lung function."
install_decode_rand_a1,0,4,540,0.1318,A,C,False,True,250,1.1435083679135725,True,True,2,0.0,True,"ANSWER: C
SUPPORTING: Yes — Has pain (R) in the flank, which is a common symptom of acute kidney injury, a potential complication of anaphylaxis; Yes — Has shortness of each breath and difficulty breathing, which are cardinal symptoms of anaphylaxis."
install_decode_rand_a1,0,5,333,0.0813,D,D,True,True,94,1.372875775618013,False,True,2,0.0,False,"D) Pericarditis
SUPPORTING: chest pain; shortness of Screen-shot 2023-04-25 at 11.03.23 AM.png"
install_decode_rand_a1,0,6,499,0.1218,C,D,False,True,840,1.1247098559851427,False,True,2,0.5,False,"D) Scombroid food poisoning

SUPPORTING: Yes — Have you had diarrhea or an increase in stool frequency; Yes — Pale rash

List at least two findings from the patient's description that support your answer.
1. The presence of diarrhea supports the diagnosis of scombroid food poisoning, which often presents with gastrointestinal symptoms such Carton et al. (2017) noted in their review on scombroid poisoning, including ""rapid onset of symptoms (5-30 minutes post ingestion) including nausea, vomiting, and diarrhea."" 
2. The description of a pale rash is characteristic of scombroid poisoning, which is often associated with an ""allergic reaction that typically presents as a diffuse, itchy, red rash"" (Tintinalli et al., 2021). The patient's report of a pale rash aligns with the typical cutaneous manifestations of this type of poisoning."
install_decode_rand_a1,0,7,318,0.0776,E,C,False,True,609,1.0710746387553463,True,True,1,0.0,False,"ANSWER: C
SUPPORTING: The patient describes a sharp, knife-like pain located at the top of their head (P) and experiences significant shortness of breath (S), which supports a cardiac origin of their symptoms, favoring a diagnosis of C) Atrial fibrillation. The rapid onset of pain (R) and the presence of palpitations (P) further support this diagnosis. The patient's recent report of feeling anxious (A) and the use of stimulant drugs (S) could be stress-related and may contribute to the observed arrhythmia. The absence of recent travel (T) rules out a recent infectious cause like Gullain-Barre syndrome."
install_decode_rand_a1,0,8,289,0.0706,C,C,True,True,424,0.49511603661337106,False,True,2,1.0,False,"C) Bronchospasm / acute asthma exacerbation
SUPPORTING: Cough; Shortness of breath
List at least two findings from the patient's description that support your answer.
1. The patient has a cough, which is a classic symptom of acute asthma exacerbation.
2. The patient reports significant shortness of often associated with asthma attacks, which strongly supports the diagnosis of acute bronchospasm or an asthma exacerbation."
install_decode_rand_a1,0,9,373,0.0911,A,B,False,True,913,1.1120046505460508,True,True,2,1.0,True,"ANSWER: B
SUPPORTING: Yes — Have you had a cold in the last 2 weeks; Yes — Have you ever had pneumonia
List at least two findings from the patient's description that support your answer.
1. The patient reports having a cold in the last 2 weeks, which can be a trigger for a secondary infection or exacerbation of pre-existing conditions like asthma or sinus issues, potentially leading to a condition like bronchitis or sinusitis, but given the specific symptoms and the rapid onset, it points more towards a primary headache disorder like cluster headache.
2. The patient has a history of pneumonia, which can sometimes be associated with respiratory infections that might lead to systemic symptoms, but the precise symptom profile and the presence of a cough and loss of smell in this case are more indicative of a neurological issue, particularly when combined with the sudden, severe, and well-localized pain."
install_decode_rand_a1,0,10,313,0.0764,D,E,False,True,778,0.8689910212634022,False,True,2,1.0,False,"E) Cluster headache
SUPPORTING: nasal congestion; clear runny nose
List at least two findings from the patient's description that support your answer.
1. The patient reports a chief complaint of nasal congestion or a clear runny nose, which is a classic symptom of nasal congestion often associated with conditions like cluster headaches.
2. The presence of a cough further supports the diagnosis of a URTI (Upper Respiratory Tract Infection), which can be a secondary symptom of cluster headaches but is more commonly associated with conditions like bronchitis or URTIs. However, the specificity of the symptom profile, including the precise location and nature of the pain, alongside the clear runny nose, points more strongly towards cluster headaches as a primary diagnosis."
install_decode_rand_a1,0,11,367,0.0896,C,C,True,True,611,0.8452334571249858,False,True,2,0.5,False,"C) Pericarditis
SUPPORTING: palpitations; shortness of screen
Findings that support this answer: The patient reports palpitations and significant shortness of breath, both of which are classic symptoms of pericarditis. The pain described by the patient, characterized as a ""knife stroke"" and located in the lower chest and possibly the thoracic spine and posterior chest wall, can be associated with pericarditis, especially when it is exacerbated by deep breathing (pleuritic pain). The recent history of a viral infection and a past experience with pericarditis further supports the diagnosis of pericarditis."
install_decode_rand_a1,0,12,399,0.0974,B,D,False,True,179,0.8471524052813969,True,True,2,0.0,True,"ANSWER: D
SUPPORTING: new oral anticoagulants (NOACs) and recent travel to West Africa; underweight and chronic kidney failure as potential risk factors for cardiovascular issues."
install_decode_rand_a1,0,13,266,0.0649,C,C,True,True,383,0.8150163873784223,False,True,2,0.5,False,"C) Atrial fibrillation
Supporting: Shortness of breath; irregular heartbeat
List at least two findings from the patient's description that support your answer.
1. The patient reports significant shortness of coin (a symptom of heart failure often associated with atrial fibrillation).
2. The irregular heartbeat is a direct symptom of atrial fibrillation as described by the patient."
install_decode_rand_a1,0,14,415,0.1013,E,C,False,True,88,0.797550056746264,True,True,2,0.5,True,"ANSWER: C
SUPPORTING: coughing up blood; pain (characterized as a ""knife stroke,"" sharp)"
install_decode_rand_a1,0,15,396,0.0967,A,C,False,True,619,0.701056641211161,True,True,2,0.0,True,"ANSWER: C
SUPPORTING: light red blood or blood clots in stool; recent history of new oral anticoagulants (NOACs) use
List at least two findings from the patient's description that support your answer.
1. The presence of light red blood or blood clots in the stool is a key symptom that aligns with the possibility of a bleeding disorder, which could be induced or exacerbated by the use of new oral anticoagulants (NOACs).
2. The recent initiation of NOACs as a new medication aligns with the symptom of blood in the stool, suggesting a potential drug-related cause or an interaction leading to increased bleeding risk."
install_decode_rand_a1,0,16,289,0.0706,E,E,True,True,112,0.2573180916066728,False,True,2,0.0,False,"E) Myasthenia gravis
SUPPORTING: weakness increases with fatigue and stress; family history of myasthenia gravis"
install_decode_rand_a1,0,17,361,0.0881,A,B,False,True,359,0.5034928027772917,True,True,2,1.0,True,"ANSWER: B
SUPPORTING: Yes — Has a fever; Yes — Has a sore throat
List at least two findings from the patient's description that support your answer.
1. The patient reports a fever, which is a common symptom of pneumonia.
2. The presence of a sore throat is also indicative of an upper respiratory tract infection, which aligns with the diagnosis of pneumonia."
install_decode_rand_a1,0,18,388,0.0947,C,C,True,True,233,0.8105202158473477,True,True,2,0.0,True,"ANSWER: C
SUPPORTING: Pain located precisely in the iliac fossa (L) and a pale, non-swollen rash also in the iliac fossa (L) which is larger than 1cm; intense coughing fits which might suggest an underlying infection or inflammation."
install_decode_rand_a1,0,19,675,0.1648,D,D,True,True,512,0.5635600095714786,False,True,2,0.5,False,"D) Pneumonia

SUPPORTING: Cough that produces colored or more abundant sputum than usual; fever and chills.

List at least two findings from the patient's description that support your answer.
1. The presence of a cough that produces colored or more abundant sputum than usual is a classic symptom of pneumonia, which is often associated with an infection of the lung tissue.
2. The patient reports a fever and chills, which are indicative of an infectious process, further supporting the diagnosis of pneumonia."
install_decode_rand_a1,0,20,327,0.0798,C,C,True,True,554,0.7390009041786937,True,True,2,0.0,True,"ANSWER: C
SUPPORTING: pain located in the lower chest (R); shortness of breath with minimal physical effort
List at least two findings from the patient's description that support your answer.
1. The patient reports pain located in the lower chest (R), which is a common symptom of myocarditis, especially when associated with symptoms like shortness of screen with minimal exertion.
2. The presence of shortness of breath with minimal physical effort is a key symptom that supports the diagnosis of myocarditis, as it often indicates cardiac dysfunction."
install_decode_rand_a1,0,21,307,0.075,D,E,False,True,594,1.0236762382430715,True,True,2,1.0,True,"ANSWER: E
SUPPORTING: N; V
Findings that support this answer: The patient's chief complaint of pain and the associated symptom of nausea support the possibility of a cardiovascular event like a Non-ST Elevation Myocardial Infarction (NSTEMI) or a STEMI (ST Elevation Myocardial Infarction). The rapid onset of pain (7 out of 10 intensity) and the presence of nausea are classic symptoms of acute coronary syndrome. The patient's history of alcohol excess and recent travel (though not out of the country in the last 4 weeks) could also be relevant in the context of cardiovascular risk factors."
install_decode_rand_a1,0,22,481,0.1174,D,D,True,True,337,0.5378835727740079,False,True,2,1.0,False,"D) Influenza

SUPPORTING: fever; cough

List at least two findings from the patient's description that support your answer.
1. The patient reports a fever, which is a common symptom of influenza.
2. The presence of a cough as a symptom supports the diagnosis of influenza, as it is a typical symptom associated with this viral infection."
install_decode_rand_a1,0,23,393,0.0959,C,C,True,True,357,0.45333434075631424,True,True,2,0.5,True,"ANSWER: C
SUPPORTING: non-restful sleep; constant fatigue
List at least two findings from the patient's description that support your answer.
1. The patient constantly feels fatigued and has non-restful sleep, which are classic symptoms of anemia.
2. The patient has a history of anemia and a poor diet, both of which are risk factors for developing anemia."
install_decode_rand_a1,0,24,363,0.0886,E,E,True,True,282,0.4390629998824107,False,True,2,1.0,False,"E) Bronchitis
SUPPORTING: nasal congestion; cough
List at least two findings from the patient's description that support your answer.
1. The patient reports nasal congestion, which is a common symptom of bronchitis.
2. The patient has a cough, another typical symptom of bronchitis."
install_decode_rand_a1,0,25,620,0.1514,A,D,False,True,467,0.4598892020337956,False,True,2,0.5,False,"D) Bronchitis

SUPPORTING: Cough producing colored or more abundant sputum than usual; Fever

List at least two findings from the patient's description that support your answer.
1. The patient reports a cough that produces colored or more abundant sputum than usual, which is a classic symptom of bronchitis.
2. The presence of a fever supports the diagnosis of an infectious process, such as bronchitis, which is often accompanied by an increase in body temperature."
install_decode_rand_a1,0,26,266,0.0649,B,D,False,True,137,0.8689768667940775,False,True,6,0.3333333333333333,False,"D) Pneumonia
SUPPORTING: cough; shortness of breath; history of COPD; smoking; exposure to construction and mining; recent symptom onset."
install_decode_rand_a1,0,27,370,0.0903,B,E,False,True,774,1.0359574921983299,False,True,2,0.5,False,"E) Pericarditis

SUPPORTING: cough; burning sensation that starts in the stomach and goes up into the throat.

Findings that support the diagnosis of pericarditis:
- The presence of a cough, which is not a typical symptom of stable angina, GERD, or tuberculosis but can be associated with infections or inflammation of the heart and surrounding structures, such screen for pericarditis.
- The description of a burning sensation that starts in the stomach and goes up into the throat, which is more suggestive of a gastrointestinal issue initially, but in the context of a patient with a history of asthma and a recent onset of symptoms, it could be a referred pain or a symptom of a systemic process affecting both the cardiac and gastrointestinal tracts, like pericarditis."
install_decode_rand_a1,0,28,480,0.1172,A,C,False,True,93,0.7804993792338064,True,True,2,0.0,True,"ANSWER: C
SUPPORTING: Shortness of breath and swelling; new fatigue and diffuse muscle aches."
install_decode_rand_a1,0,29,373,0.0911,D,E,False,True,672,0.7298452398621254,False,True,2,0.5,False,"E) Acute laryngitis
SUPPORTING: difficulty swallowing; voice change (hoarse) 
List at least two findings from the patient's description that support your answer.
The patient reports difficulty swallowing and a change in voice tone, which are classic symptoms of acute laryngitis. The voice change, often described as hoarseness, is due to irritation or inflammation of the vocal cords. The symptom of difficulty swallowing, or dysphagia, can occur when the inflammation extends into the upper part of the esophagus, which is closely associated with the larynx. These findings support the diagnosis of acute laryngitis as a plausible explanation for the patient's symptoms."
install_decode_rand_a1,0,30,286,0.0698,C,D,False,True,601,0.8284160113801796,False,True,2,1.0,False,"D) Pulmonary neoplasm
SUPPORTING: Coughing up blood; shortness of breath or difficulty breathing in a significant way
List at least two findings from the patient's description that support your answer.
1. Coughing up blood is a classic symptom of a pulmonary neoplasm, such production of blood can be indicative of active bleeding from a tumor or a lesion in the lung.
2. Significant shortness of breath or difficulty breathing supports the presence of a severe underlying condition like a tumor, which could be causing partial or complete obstruction of the airways or significant lung tissue damage."
install_decode_rand_a1,0,31,466,0.1138,D,C,False,True,388,0.5205582276730638,True,True,2,0.5,True,"ANSWER: C
SUPPORTING: diffuse (widespread) muscle pain; recent loss of appetite or getting full quickly
List at least two findings from the patient's description that support your answer.
1. The patient reports diffuse (widespread) muscle pain, which is a key symptom of C.
2. The patient has recently experienced a loss of appetite or gets full quickly, which is often associated with C."
install_decode_rand_a1,0,32,561,0.137,A,,False,False,408,0.63493471325396,False,True,2,0.5,False,"ANSER: C
SUPPORTING: Increased sweating; diffuse muscle pain
List at least two findings from the patient's description that support your answer.
1. The patient reports significantly increased sweating, which is a common symptom of Chagas disease during the acute phase.
2. The presence of diffuse muscle pain supports the diagnosis of Chagas disease, as muscle pain is a well-known symptom of this infection."
install_decode_rand_a1,0,33,453,0.1106,D,D,True,True,525,0.880759922439971,False,True,2,0.0,False,"D) Anemia
SUPPORTING: <symptom> shortness of breath; <symptom> lightheadedness
List at least two findings from the patient's description that support your answer.
- The patient reports significant shortness of C (C for ""chief complaint"" as per the format constraint) of breath, which is a common symptom of anemia due screen the reduced oxygen-carrying capacity of the blood.
- The patient also experiences lightheadedness, which can be a symptom of anemia due to inadequate oxygen supply to the brain and other vital organs."
install_decode_rand_a1,0,34,377,0.092,D,D,True,True,803,0.8451332826915806,False,True,2,0.5,False,"D) GERD
SUPPORTING: Yes — Has a cough; Yes — Symptoms get worse after eating
List at least two findings from the patient's description that support your answer.
The patient reports symptoms that wors of after eating, which is a classic symptom of GERD (Gastroesophageal Reflux Disease). Additionally, the presence of a cough supports the diagnosis of GERD, as it is a common symptom when acid from the stomach refluxes into the esophagus. The patient's recent history of black stools (indicative of potential bleeding in the upper gastrointestinal tract) and the description of pain in the upper chest further supports the diagnosis of GERD. The patient's recent history of alcohol use and smoking, which can weaken the esophageal sphincter and increase the risk of reflux, also supports this diagnosis."
install_decode_rand_a1,0,35,300,0.0732,E,E,True,True,453,0.4758003416425345,False,True,2,1.0,False,"E) Bronchospasm / acute asthma exacerbation
Supporting: Cough; Wheezing
List at least two findings from the patient's description that support your answer.
- The patient reports a cough, which is a common symptom of asthma and supports the diagnosis of bronchospasm or acute asthma exacerbation.
- The presence of wheezing during exhalation is a classic symptom of asthma and strongly supports the diagnosis of bronchospasm or acute asthma exacerbation."
install_decode_rand_a1,0,36,313,0.0764,E,B,False,True,116,0.5737270537422525,True,True,2,0.0,True,"ANSWER: B
SUPPORTING: wheezing sound when exhale; chronic obstructive pulmonary disease (COPD) as a known condition."
install_decode_rand_a1,0,37,370,0.0903,A,D,False,True,520,0.623397203410987,False,True,2,1.0,False,"D) Pneumonia

SUPPORTING: fever; diffuse (widespread) muscle pain

List at least two findings from the patient's description that support your answer.
1. The presence of a fever supports the diagnosis of pneumonia, as fever is a common symptom of various types of pneumonia, including bacterial and viral infections.
2. The description of diffuse (widespread) muscle pain supports the diagnosis of pneumonia, as musculoskeletal pain can be a non-specific symptom associated with systemic infections, including pneumonia."
install_decode_rand_a1,0,38,350,0.0854,D,D,True,True,467,0.6707476260598141,True,True,2,1.0,True,"ANSWER: D
SUPPORTING: Pain that is increased with movement; pain that is increased when you breathe in deeply
List at least two findings from the patient's description that support your answer.
1. The patient reports pain that is increased with movement, which is a characteristic symptom of a spontaneous rib fracture.
2. The patient experiences pain that is increased when breathing in deeply, which is a specific symptom of a rib fracture affecting the chest wall."
install_decode_rand_a1,0,39,267,0.0652,E,E,True,True,534,0.537303169566728,False,True,2,0.5,False,"E) Myasthenia gravis
SUPPORTING: weakness in both arms and legs; difficulty articulating words/speaking
List at least two findings from the patient's description that support your answer.
1. The patient reports weakness in both arms and legs, which is a classic symptom of myasthenia gravis, an autoimmune disorder that leads to muscle weakness.
2. The patient's difficulty in articulating words and speaking is a clear symptom of muscle weakness affecting the speech and facial muscles, which is also indicative of myasthenia gravis."
install_decode_a3,0,0,333,0.0813,B,,False,False,1897,6.427682997658849,False,False,0,0.0,False,"The patient's consistent and detailed description of the based Unfortunately, Unfortunately, Unfortunately, Unfortunately, Unfortunately, Unfortunately, Unfortunately, Unfortunately, Unfortunately, Unfortunately, Unfortunately, Unfortunately, Unfortunately, Unfortunately, Unfortunately, Unfortunately, Unfortunately, Unfortunately, Unfortunately, Unfortunately, Unfortunately, Unfortunately, Unfortunately, Unfortunately, Unfortunately, Unfortunately, Unfortunately, Unfortunately, Unfortunately, Unfortunately, Unfortunately, Unfortunately, Unfortunately, Unfortunately, Unfortunately, Unfortunately, Unfortunately, Unfortunately, Unfortunately, Unfortunately, Unfortunately, Unfortunately, Unfortunately, Unfortunately, Unfortunately, Unfortunately, Unfortunately, Unfortunately, Unfortunately, Unfortunately, Unfortunately, Unfortunately, Unfortunately, Unfortunately, Unfortunately, Unfortunately, Unfortunately, Unfortunately, Unfortunately, Unfortunately, Unfortunately, Unfortunately, Unfortunately, Unfortunately, Unfortunately, Unfortunately, Unfortunately, Unfortunately, Unfortunately, Unfortunately, Unfortunately, Unfortunately, The absence of the context for the missing context Unfortunately, Unfortunately, Unfortunately, Unfortunately, Unfortunately, Unfortunately, Unfortunately, Unfortunately, Unfortunately, Unfortunately, Unfortunately, Unfortunately, Unfortunately, Unfortunately, Unfortunately, Unfortunately, Unfortunately, Unfortunately, Unfortunately, Unfortunately, Unfortunately, Unfortunately, Unfortunately, Unfortunately, Unfortunately, Unfortunately, Unfortunately, Unfortunately, Unfortunately, Unfortunately, Unfortunately, Unfortunately, Unfortunately, Unfortunately, Unfortunately, Unfortunately, Unfortunately, Unfortunately, Unfortunately, Unfortunately, Unfortunately, Unfortunately, Unfortunately, Unfortunately, Unfortunately, Unfortunately, Unfortunately"
install_decode_a3,0,1,332,0.0811,C,,False,False,1646,6.905141484923661,False,False,0,0.0,False,"The patient's symptoms, based on the context and the absence of the context for a detailed and detailed context for the absence of the context for a detailed and detailed context for a detailed and detailed context for a detailed and detailed context for a challenging and challenging context for a challenging and challenging context for a challenging and challenging context for a challenging and challenging context for a challenging and challenging context for a challenging and challenging context for a challenging and challenging context for a challenging and challenging (The following based on the given context and the absence of additional context for a detailed and detailed context for a challenging and challenging context for a challenging and challenging context for a challenging and challenging context for a challenging and challenging context for a challenging and challenging context for a challenging and challenging context for a challenging and challenging (The following based on the given context and the absence of additional context for a detailed and detailed context for a challenging and challenging context for a challenging and challenging context for a challenging and challenging context for a challenging and challenging context for a challenging and challenging context for a challenging and challenging context for a challenging and challenging (The following based on the given context and the absence of additional context for a detailed and detailed context for a challenging and challenging context for a challenging and challenging context for a challenging and challenging context for a challenging and"
install_decode_a3,0,2,414,0.1011,A,,False,False,2247,6.260513670742512,False,False,0,0.0,False,"The high context Unfortunately, Unfortunately, Unfortunately Unfortunately Unfortunately Unfortunately Unfortunately Unfortunately Unfortunately Unfortunately Unfortunately Unfortunately Unfortunately Unfortunately (Unfortunately, Unfortunately, Unfortunately, Unfortunately, Unfortunately, Unfortunately, Unfortunately, Unfortunately, Unfortunately, Unfortunately, Unfortunately, Unfortunately, Unfortunately, Unfortunately, Unfortunately, Unfortunately, Unfortunately, Unfortunately, Unfortunately, Unfortunately, Unfortunately, Unfortunately, Unfortunately, Unfortunately, Unfortunately, Unfortunately, Unfortunately, Unfortunately, Unfortunately, Unfortunately, Unfortunately, Unfortunately, Unfortunately, Unfortunately, Unfortunately, Unfortunately, Unfortunately, Unfortunately, Unfortunately, Unfortunately, Unfortunately, Unfortunately, Unfortunately, Unfortunately, Unfortunately, Unfortunately, Unfortunately, Unfortunately, Unfortunately, Unfortunately, Unfortunately, Unfortunately, Unfortunately, Unfortunately, Unfortunately, Unfortunately, Unfortunately, Unfortunately, Unfortunately, Unfortunately, The context Unfortunately, Unfortunately, Unfortunately Unfortunately Unfortunately Unfortunately Unfortunately Unfortunately Unfortunately Unfortunately Unfortunately Unfortunately Unfortunately Unfortunately Unfortunately Unfortunately Unfortunately Unfortunately The presence of a high Unfortunately Unfortunately Unfortunately Unfortunately Unfortunately Unfortunately Unfortunately Unfortunately Unfortunately Unfortunately Unfortunately Unfortunately Unfortunately Unfortunately Unfortunately (Unfortunately, Unfortunately, Unfortunately, Unfortunately, Unfortunately, Unfortunately, Unfortunately, Unfortunately, Unfortunately, Unfortunately, Unfortunately, Unfortunately, Unfortunately, Unfortunately, Unfortunately, Unfortunately, Unfortunately, Unfortunately, Unfortunately, Unfortunately, Unfortunately, Unfortunately, Unfortunately, Unfortunately, Unfortunately, Unfortunately, The context Unfortunately, Unfortunately, Unfortunately Unfortunately Unfortunately Unfortunately Unfortunately Unfortunately Unfortunately Unfortunately Unfortunately Unfortunately Unfortunately Unfortunately Unfortunately Unfortunately The"
install_decode_a3,0,3,282,0.0688,D,,False,False,1709,6.771518925204873,False,False,0,0.0,False,"The patient's context, including the presence of a challenging and challenging context, and the presence of a challenging and challenging context, and the challenging and challenging context of the challenging and challenging context, and the challenging and challenging context of the challenging and challenging context, and the challenging and challenging context of the challenging and challenging context, and the challenging and challenging context of the challenging and challenging context, and the challenging and challenging context of the challenging and challenging context, and the challenging and challenging context of the challenging and challenging context, and the challenging and challenging context of the challenging and challenging context, and the challenging and challenging context of the challenging and challenging context, and the challenging and challenging context of the challenging and challenging context, and the challenging and challenging context of the challenging and challenging context, and the challenging and challenging context of the challenging and challenging context, and the challenging and challenging context of the challenging and challenging context, and the challenging and challenging context of the challenging and challenging context, and the challenging and challenging context of the challenging and challenging context, and the challenging and challenging context of the challenging and challenging context, and the challenging and challenging context of the challenging and challenging context, and the challenging and challenging context of the challenging and challenging context, and the challenging and challenging context of the challenging and"
install_decode_a3,0,4,540,0.1318,A,,False,False,1871,6.313329149968922,False,False,0,0.0,False,"The patient's emergency tri triUnfortunately, Unfortunately, Unfortunately, Unfortunately, Unfortunately, Unfortunately, Unfortunately, Unfortunately, Unfortunately, Unfortunately, Unfortunately, Unfortunately, Unfortunately, Unfortunately, Unfortunately, Unfortunately, Unfortunately, Unfortunately, Unfortunately, Unfortunately, Unfortunately, Unfortunately, Unfortunately, Unfortunately, Unfortunately, Unfortunately, The absence of the context Unfortunately, Unfortunately, Unfortunately, Unfortunately, Unfortunately, Unfortunately, Unfortunately, Unfortunately, Unfortunately, Unfortunately, Unfortunately, Unfortunately, Unfortunately, Unfortunately, Unfortunately, Unfortunately, Unfortunately, Unfortunately, Unfortunately, Unfortunately, Unfortunately, Unfortunately, Unfortunately, Unfortunately, Unfortunately, Unfortunately, Unfortunately, Unfortunately, Unfortunately, Unfortunately, Unfortunately, Unfortunately, Unfortunately, Unfortunately, Unfortunately, Unfortunately, Unfortunately, Unfortunately, Unfortunately, Unfortunately, Unfortunately, Unfortunately, Unfortunately, Unfortunately, Unfortunately, Unfortunately, Unfortunately, Unfortunately, Unfortunately, Unfortunately, Unfortunately, The absence of the context Unfortunately, Unfortunately, Unfortunately, Unfortunately, Unfortunately, Unfortunately, Unfortunately, Unfortunately, Unfortunately, Unfortunately, Unfortunately, Unfortunately, Unfortunately, Unfortunately, Unfortunately, Unfortunately, Unfortunately, Unfortunately, Unfortunately, Unfortunately, Unfortunately, Unfortunately, Unfortunately, Unfortunately, Unfortunately, Unfortunately, Unfortunately, The absence of the emergency triUnfortunately, Unfortunately, Unfortunately, Unfortunately, Unfortunately, Unfortunately, Unfortunately, Unfortunately, Unfortunately, Unfortunately, Unfortunately, Unfortunately, Unfortunately,"
install_decode_a3,0,5,333,0.0813,D,,False,False,1313,7.097541780211031,False,False,0,0.0,False,The patient's consistent and based Given the context and the absence of the challenging context for a 14 based Given the context and the absence of the challenging context for a  based The absence of the challenging context for a  based The absence of the challenging context for a  The absence of the challenging context for a  The absence of the challenging context for a  The absence of the challenging context for a  The absence of the challenging context for a  The absence of the challenging context for a  The absence of the challenging context for a  The absence of the challenging context for a  The absence of the challenging context for a  The absence of the challenging context for a  The absence of the challenging context for a  The absence of the challenging context for a  The absence of the challenging context for a  The absence of the challenging context for a  The absence of the challenging context for a  The absence of the challenging context for a  The absence of the challenging context for a  The absence of the challenging context for a  The absence of the challenging context for a  The absence of the challenging context for a  The absence of the challenging context for a  The absence of the challenging context for a  The absence of the challenging context for a  The absence of the
install_decode_a3,0,6,499,0.1218,C,,False,False,1122,7.137388371862471,False,False,0,0.0,False,The patient's high based on the context of the high based on the context of the high While the presence of a high While the presence of a high While the presence of a high While the presence of a high While the presence of a high The absence of the While the absence of a While the absence of a The absence of a The absence of a The absence of a The absence of a The absence of a The absence of a The absence of a The absence of a The absence of a The absence of a The absence of a The absence of a The absence of a The absence of a The absence of a The absence of a The absence of a The absence of a The absence of a The absence of a The absence of a The absence of a The absence of a The absence of a The absence of a The absence of a The absence of a The absence of a The absence of a The absence of a The absence of a The absence of a The absence of a The absence of a The absence of a The absence of a The absence of a The absence of a The absence of a The absence of a The absence of a The absence of a The absence of a The absence of a The absence of a The absence of a The absence of a The absence of a The absence
install_decode_a3,0,7,318,0.0776,E,,False,False,1754,6.365095054730773,False,False,0,0.0,False,"The patient's consistent and detailed description of the pain, based on the absence of the tri useful tri useful tri useful tri useful tri useful tri useful tri useful tri useful tri useful (Unfortunately, the context for the tri useful Unfortunately, Unfortunately, Unfortunately, Unfortunately, Unfortunately, Unfortunately, Unfortunately, Unfortunately, Unfortunately, Unfortunately, Unfortunately, Unfortunately, Unfortunately, Unfortunately, Unfortunately, Unfortunately, Unfortunately, Unfortunately, Unfortunately, Unfortunately, Unfortunately, Unfortunately, Unfortunately, Unfortunately, Unfortunately, Unfortunately, Unfortunately, The context for the tri useful tri Unfortunately, Unfortunately, Unfortunately, Unfortunately, Unfortunately, Unfortunately, Unfortunately, Unfortunately, Unfortunately, Unfortunately, Unfortunately, Unfortunately, Unfortunately, Unfortunately, Unfortunately, Unfortunately, Unfortunately, Unfortunately, Unfortunately, Unfortunately, Unfortunately, Unfortunately, Unfortunately, The context for the tri useful tri Unfortunately, Unfortunately, Unfortunately, Unfortunately, Unfortunately, Unfortunately, Unfortunately, Unfortunately, Unfortunately, Unfortunately, Unfortunately, Unfortunately, Unfortunately, Unfortunately, Unfortunately, Unfortunately, Unfortunately, Unfortunately, Unfortunately, Unfortunately, Unfortunately, Unfortunately, The absence of the tri useful tri Unfortunately, Unfortunately, Unfortunately, Unfortunately, Unfortunately, Unfortunately, Unfortunately, Unfortunately, Unfortunately, Unfortunately, Unfortunately, Unfortunately, Unfortunately, Unfortunately, Unfortunately, Unfortunately, Unfortunately, The absence of the tri useful tri Unfortunately, Unfortunately, Unfortunately,"
install_decode_a3,0,8,289,0.0706,C,,False,False,1674,6.92397219594568,False,False,0,0.0,False,"The context and the absence of the patient’s effective and effective Unfortunately, Unfortunately, Unfortunately, Unfortunately, Unfortunately, Unfortunately, Unfortunately, Unfortunately, Unfortunately, Unfortunately, Unfortunately, Unfortunately, Unfortunately, Unfortunately, Unfortunately, Unfortunately, Unfortunately, Unfortunately, Unfortunately, Unfortunately, Unfortunately, Unfortunately, Unfortunately, Unfortunately, Unfortunately, Unfortunately, Unfortunately, Unfortunately, Unfortunately, Unfortunately, Unfortunately, Unfortunately, Unfortunately, Unfortunately, Unfortunately, Unfortunately, Unfortunately, Unfortunately, Unfortunately, Unfortunately, Unfortunately, Unfortunately, Unfortunately, Unfortunately, Unfortunately, Unfortunately, Unfortunately, (The absence of the context for the missing based on the absence of the context for a few of the absent bullet points, and the context provided, the absence of the context for the missing based on the absentUnfortunately, Unfortunately, Unfortunately, Unfortunately, Unfortunately, Unfortunately, Unfortunately, Unfortunately, Unfortunately, Unfortunately, Unfortunately, Unfortunately, Unfortunately, Unfortunately, Unfortunately, Unfortunately, Unfortunately, Unfortunately, (The absence of the context for a few of the absent bullet points, and the context based on the presence of the relevant absent bullet points and the context based on the presence of the relevant absent based on the presence and absence of certain absent (While the presence of a challenging and challenging and challenging and challenging and challenging and challenging and challenging and challenging and challenging and"
install_decode_a3,0,9,373,0.0911,A,,False,False,1709,6.2083516120910645,False,False,0,0.0,False,"The most likely based on the context and the absence of the context for a detailed and accurate based solely on the context and the absence of a detailed and accurate physical physical tri triosto The absence of the context for a detailed and accurate physical tri triosto The absence of the context for a detailed and accurate physical tri triWhile The absence of the context for a detailed and accurate Unfortunately, Unfortunately, Unfortunately, Unfortunately, Unfortunately, Unfortunately, Unfortunately, Unfortunately, Unfortunately, Unfortunately, Unfortunately, Unfortunately, Unfortunately, Unfortunately, Unfortunately, Unfortunately, Unfortunately, Unfortunately, The absence of the context for a detailed and accurate Unfortunately, Unfortunately, Unfortunately, Unfortunately, Unfortunately, Unfortunately, Unfortunately, Unfortunately, Unfortunately, Unfortunately, Unfortunately, Unfortunately, Unfortunately, Unfortunately, Unfortunately, Unfortunately, Unfortunately, Unfortunately, Unfortunately, Unfortunately, Unfortunately, Unfortunately, Unfortunately, Unfortunately, The absence of the context for a detailed and accurate Unfortunately, Unfortunately, Unfortunately, Unfortunately, Unfortunately, Unfortunately, Unfortunately, Unfortunately, Unfortunately, Unfortunately, Unfortunately, Unfortunately, Unfortunately, Unfortunately, Unfortunately, Unfortunately, Unfortunately, Unfortunately, Unfortunately, Unfortunately, Unfortunately, Unfortunately, Unfortunately, Unfortunately, Unfortunately, Unfortunately, The absence of the context for a detailed and accurate Unfortunately, Unfortunately, Unfortunately, Unfortunately, Unfortunately, Unfortunately, Unfortunately, Unfortunately,"
install_decode_a3,0,10,313,0.0764,D,,False,False,1856,6.544297620654106,False,False,0,0.0,False,"The patient's consistent and detailed description of the context and contextWhile the presence of a detailed and detailed Unfortunately, Unfortunately, Unfortunately, Unfortunately, Unfortunately, Unfortunately, Unfortunately, Unfortunately, Unfortunately, Unfortunately, Unfortunately, Unfortunately, Unfortunately, Unfortunately, Unfortunately, Unfortunately, Unfortunately, Unfortunately, Unfortunately, Unfortunately, Unfortunately, Unfortunately, Unfortunately, Unfortunately, Unfortunately, Unfortunately, Unfortunately, Unfortunately, Unfortunately, Unfortunately, Unfortunately, Unfortunately, Unfortunately, Unfortunately, Unfortunately, Unfortunately, Unfortunately, Unfortunately, Unfortunately, Unfortunately, Unfortunately, Unfortunately, (Unfortunately, Unfortunately, Unfortunately, Unfortunately, Unfortunately, Unfortunately, Unfortunately, Unfortunately, Unfortunately, Unfortunately, Unfortunately, Unfortunately, Unfortunately, Unfortunately, Unfortunately, Unfortunately, Unfortunately, Unfortunately, Unfortunately, Unfortunately, Unfortunately, Unfortunately, Unfortunately, The absence of the tri triUnfortunately, Unfortunately, Unfortunately, Unfortunately, Unfortunately, Unfortunately, Unfortunately, Unfortunately, Unfortunately, Unfortunately, Unfortunately, Unfortunately, Unfortunately, Unfortunately, Unfortunately, Unfortunately, Unfortunately, Unfortunately, Unfortunately, Unfortunately, Unfortunately, Unfortunately, Unfortunately, Unfortunately, Unfortunately, (Unfortunately, Unfortunately, Unfortunately, Unfortunately, Unfortunately, Unfortunately, Unfortunately, Unfortunately, Unfortunately, Unfortunately, Unfortunately, Unfortunately, Unfortunately, Unfortunately, Unfortunately, Unfortunately, Unfortunately, Unfortunately, Unfortunately, Unfortunately, Unfortunately, Unfortunately, Unfortunately, The absence"
install_decode_a3,0,11,367,0.0896,C,,False,False,1771,6.3390809297561646,False,False,0,0.0,False,"The patient's description of the rapid and potentially irregular (While the context based on the context and the context Unfortunately, the context for the missing and challenging to interpret in the challenging and challenging The While Unfortunately, The Unfortunately, Unfortunately, Unfortunately, Unfortunately, Unfortunately, Unfortunately, Unfortunately, Unfortunately, Unfortunately, Unfortunately, Unfortunately, Unfortunately, Unfortunately, Unfortunately, Unfortunately, The context Unfortunately, The Unfortunately, Unfortunately, Unfortunately, The context Unfortunately, Unfortunately, Unfortunately, Unfortunately, Unfortunately, Unfortunately, Unfortunately, Unfortunately, Unfortunately, Unfortunately, Unfortunately, Unfortunately, Unfortunately, The context Unfortunately, Unfortunately, Unfortunately, Unfortunately, The absence of a detailed and detailed Unfortunately, Unfortunately, Unfortunately, Unfortunately, Unfortunately, Unfortunately, Unfortunately, Unfortunately, Unfortunately, Unfortunately, Unfortunately, The absence of a detailed and detailed Unfortunately, Unfortunately, Unfortunately, Unfortunately, Unfortunately, Unfortunately, Unfortunately, The absence of a detailed and detailed Unfortunately, Unfortunately, Unfortunately, Unfortunately, Unfortunately, Unfortunately, Unfortunately, Unfortunately, Unfortunately, Unfortunately, The absence of a detailed and detailed Unfortunately, Unfortunately, Unfortunately, Unfortunately, Unfortunately, Unfortunately, Unfortunately, Unfortunately, The absence of a detailed and Unfortunately, Unfortunately, Unfortunately, Unfortunately, Unfortunately, Unfortunately, Unfortunately, Unfortunately, Unfortunately, The absence of a detailed and Unfortunately, Unfortunately, Unfortunately"
install_decode_a3,0,12,399,0.0974,B,,False,False,1291,6.98709824681282,False,False,0,0.0,False,"The context of the patient's symptoms, including the presence of a while based on the context of the rapid and based on the context of the rapid and effective Unfortunately, the Unfortunately, the Unfortunately, the Unfortunately, the Unfortunately, the Unfortunately, the Unfortunately, the Unfortunately, the Unfortunately, the Unfortunately, the Unfortunately, the Unfortunately, the Unfortunately, the The absence of the The absence of the The absence of the The absence of the The absence of the The absence of the The absence of the The absence of the The absence of the The absence of the The absence of the The absence of the The absence of the The absence of the The absence of the The absence of the The absence of the The absence of the The absence of the The absence of the The absence of the The absence of the The absence of the The absence of the The absence of the The absence of the The absence of the The absence of the The absence of the The absence of the The absence of the The absence of the The absence of the The absence of the The absence of the The absence of the The absence of the The absence of the The absence of the The absence of the The absence of the The absence of the The absence of the The absence of the The absence of the The absence of the The absence"
install_decode_a3,0,13,266,0.0649,C,,False,False,1545,6.546703818254173,False,False,0,0.0,False,"The patient's symptoms and the context of the symptoms, along with the patient's detailed medical history, are based on the following based on the given information and the prioritized triacs for the given context:

The presence of a ""The presence of a (While based on the absence in the context based on the absence of the context in the detailed based on the absence of the context in the detailed Unfortunately, the detailed Unfortunately, the detailed Unfortunately, the detailed Unfortunately, the detailed Unfortunately, the detailed Unfortunately, the detailed Unfortunately, the detailed Unfortunately, the detailed Unfortunately, the detailed Unfortunately, the challenging and the Unfortunately, the challenging and the Unfortunately, the challenging and the Unfortunately, the challenging and the Unfortunately, the challenging and the Unfortunately, the challenging and the Unfortunately, the challenging and the Unfortunately, the challenging and the Unfortunately, the challenging and the Unfortunately, the challenging and the (While based on the absence in the context based on the absence of the context in a detailed Unfortunately, the Unfortunately, the Unfortunately, Unfortunately, Unfortunately, Unfortunately, Unfortunately, Unfortunately, Unfortunately, Unfortunately, Unfortunately, Unfortunately, Unfortunately, Unfortunately, Unfortunately, Unfortunately, Unfortunately, Unfortunately, Unfortunately, (While based on the absence in the context based on the absence of the context in a challenging and the Unfortunately"
install_decode_a3,0,14,415,0.1013,E,,False,False,1428,7.073015239089727,False,False,0,0.0,False,The context of the patient's symptoms and the absence of the context for a common (and in the context of the absence of the context for a common and the challenging absence of the context for a challenging and the challenging absence of the emergency tri tri tri tri tri tri tri tri tri tri tri tri tri tri tri tri tri tri tri tri tri tri (This is a challenging and challenging (The context for a challenging and challenging (The context for a challenging and challenging (The context for a challenging and challenging (The context for a challenging and challenging (The context for a challenging and challenging (The context for a challenging and challenging (The context for a challenging and challenging (The context for a challenging and challenging (The context for a challenging and challenging (The context for a challenging and challenging (The context for a challenging and challenging (The context for a challenging and challenging (The context for a challenging and challenging (The context for a challenging and challenging (The context for a challenging and challenging (The context for a challenging and challenging (The context for a challenging and challenging (The context for a challenging and challenging (The context for a challenging and challenging (The context for a challenging and challenging (The context for a challenging and challenging (The context for a challenging and challenging (The context for
install_decode_a3,0,15,396,0.0967,A,,False,False,1588,6.211205182597041,False,False,0,0.0,False,"The presence of the following symptoms and the patient's detailed context for the given scenario, based on the detailed and prioritized tri tri triUnfortunately, the detailed and prioritized tri tri tri Unfortunately, the detailed and prioritized tri tri tri Unfortunately, the detailed and prioritized tri tri tri Unfortunately, the detailed and prioritized tri tri tri Unfortunately, the detailed and prioritized tri tri tri Unfortunately, the detailed and prioritized tri tri tri Unfortunately, the detailed and prioritized tri tri tri Unfortunately, the detailed and prioritized tri tri tri Unfortunately, the detailed and prioritized tri tri tri Unfortunately, the detailed and priorit The presence of the following symptoms and the context for the  Unfortunately, the detailed and prioritized Unfortunately, the detailed and Unfortunately, the detailed and Unfortunately, the Unfortunately, The presence of the following symptoms and the context for the Unfortunately, the detailed and Unfortunately, the Unfortunately, Unfortunately, Unfortunately, Unfortunately, Unfortunately, Unfortunately, Unfortunately, Unfortunately, Unfortunately, Unfortunately, Unfortunately, Unfortunately, Unfortunately, Unfortunately, Unfortunately, Unfortunately, The presence of the following symptoms and the context for the Unfortunately, the detailed and Unfortunately, the Unfortunately, Unfortunately, Unfortunately, Unfortunately, Unfortunately, Unfortunately, Unfortunately, Unfortunately, Unfortunately, Unfortunately, Unfortunately, Unfortunately, Unfortunately, Unfortunately, Unfortunately"
install_decode_a3,0,16,289,0.0706,E,,False,False,1568,6.8690035389736295,False,False,0,0.0,False,"The most likely based on the context and the absence of the context for the challenging and context-specific conditions (C and C based on the absence of the context for the challenging and context-specific conditions and the absence of the context for the challenging and context-specific conditions, and the absence of the context for the challenging and context-specific conditions) and the context and the absence of the context for the challenging and context-specific conditions and the presence of the relevant and context relevant to the challenging and context-specific conditions and the absence of the context for the challenging and context challenging and context challenging and the relevant and context relevant to the challenging and context challenging and the relevant and context based on the context and the absence of the context for the challenging and context challenging and the presence of the relevant and context relevant to the challenging and context challenging and the absence of the context for the challenging and context challenging and the presence of the relevant and context based on the context and the absence of the context for the challenging and context challenging and the presence of the relevant and context relevant to the challenging and context challenging and the absence of the context for the challenging and context challenging and the presence of the The absence of the context for the challenging and context challenging and the presence of the The absence of the context for the challenging and context challenging"
install_decode_a3,0,17,361,0.0881,A,,False,False,1691,6.3299521980807185,False,False,0,0.0,False,"The patient's consistent and detailed description of the context and contextWhile the context and contextWhile the context and context While the context and the context (While the context and the context While the context and the context While the context and the context (While the context and the context The presence of a challenging and challenging (The presence of a challenging and The presence of a challenging and challenging (The presence of a challenging and the absence of the absence of the tri useful for a challenging and Unfortunately, Unfortunately, Unfortunately, Unfortunately, Unfortunately, Unfortunately, Unfortunately, Unfortunately, Unfortunately, Unfortunately, Unfortunately, Unfortunately, Unfortunately, Unfortunately, Unfortunately, Unfortunately, Unfortunately, Unfortunately, The absence of the tri Unfortunately, Unfortunately, Unfortunately, Unfortunately, Unfortunately, Unfortunately, Unfortunately, Unfortunately, Unfortunately, Unfortunately, Unfortunately, Unfortunately, Unfortunately, Unfortunately, Unfortunately, Unfortunately, The absence of the tri Unfortunately, Unfortunately, Unfortunately, Unfortunately, Unfortunately, Unfortunately, Unfortunately, Unfortunately, Unfortunately, Unfortunately, Unfortunately, Unfortunately, Unfortunately, The absence of the tri Unfortunately, Unfortunately, Unfortunately, Unfortunately, Unfortunately, Unfortunately, Unfortunately, Unfortunately, Unfortunately, Unfortunately, Unfortunately, Unfortunately, Unfortunately, Unfortunately, The absence of the tri Unfortunately, Unfortunately, Unfortunately, Unfortunately, Unfortunately, Unfortunately, Unfortunately, Unfortunately, Unfortunately, Unfortunately"
install_decode_a3,0,18,388,0.0947,C,,False,False,1571,6.537869994528592,False,False,0,0.0,False,"The most likely based on the context and the absence of the context for a detailed and accurate based on the absence of the context for a detailed and accurate in the challenging and based on the context and the absence of the context for a detailed and accurate Unfortunately, the detailed context for a detailed and accurate Unfortunately, the detailed context for a detailed and accurate Unfortunately, the detailed context for a detailed and accurate Unfortunately, the detailed context for a detailed and accurate Unfortunately, the detailed context for a detailed and accurate Unfortunately, the detailed context for a detailed and accurate Unfortunately, the detailed context for a detailed and accurate Unfortunately, the detailed context for a detailed and accurate Unfortunately, the detailed context for a challenging and accurate based on the context and the Unfortunately, the detailed context for a challenging and Unfortunately, the detailed context for a challenging and Unfortunately, the detailed context for a challenging and Unfortunately, the detailed context for a challenging and Unfortunately, the detailed context for a challenging and Unfortunately, the detailed context for a challenging and Unfortunately, the detailed context for a challenging and Unfortunately, the challenging and Unfortunately, the challenging and Unfortunately, The absence of the detailed context for a detailed and Unfortunately, The absence of the detailed context for a Unfortunately, The absence of the detailed context for Unfortunately, The absence of the detailed"
install_decode_a3,0,19,675,0.1648,D,,False,False,2531,7.088650623336434,False,False,0,0.0,False,"The patient's symptoms and the context of the symptoms, along with the patient's detailed and unfortunately challenging medical history, are challenging to interpret without a detailed and based-on-UnfortunatelyUnfortunately Unfortunately Unfortunately Unfortunately Unfortunately Unfortunately Unfortunately Unfortunately Unfortunately Unfortunately Unfortunately Unfortunately Unfortunately Unfortunately Unfortunately Unfortunately Unfortunately Unfortunately Unfortunately Unfortunately Unfortunately Unfortunately Unfortunately Unfortunately Unfortunately Unfortunately Unfortunately Unfortunately Unfortunately (The repetitive and repetitive and Unfortunately Unfortunately Unfortunately Unfortunately Unfortunately Unfortunately Unfortunately Unfortunately Unfortunately Unfortunately Unfortunately Unfortunately Unfortunately Unfortunately Unfortunately Unfortunately Unfortunately Unfortunately Unfortunately Unfortunately Unfortunately Unfortunately The Given Context Without The Given Context While Given The Context Unfortunately Without The Given Context Unfortunately Given The Given Context Unfortunately The Given Given Unfortunately Unfortunately The Given Unfortunately Unfortunately Unfortunately The Given Unfortunately Unfortunately Unfortunately The Given Unfortunately Unfortunately Unfortunately The Given Unfortunately Unfortunately Unfortunately The Given Unfortunately Unfortunately Unfortunately The Given Unfortunately Unfortunately Unfortunately The Given Unfortunately Unfortunately Unfortunately The Given Unfortunately Unfortunately Unfortunately The Given Unfortunately Unfortunately Unfortunately The Given Unfortunately The Given Unfortunately Unfortunately Unfortunately The Given Unfortunately Unfortunately Unfortunately The Given Unfortunately Unfortunately Unfortunately The Given Unfortunately The Given Unfortunately Unfortunately Unfortunately The Given Unfortunately Unfortunately Unfortunately The Given Unfortunately Unfortunately Unfortunately The Given Unfortunately The Given Unfortunately Unfortunately Unfortunately The Given Unfortunately Unfortunately Unfortunately The Given Unfortunately The Given Unfortunately Unfortunately Unfortunately The Given Unfortunately Unfortunately Unfortunately The Given Unfortunately The Given Unfortunately Unfortunately Unfortunately The Given Unfortunately Unfortunately Unfortunately The Given Unfortunately The Given Unfortunately Unfortunately Unfortunately The Given Unfortunately Unfortunately Unfortunately The Given Unfortunately The"
install_decode_a3,0,20,327,0.0798,C,,False,False,1437,6.701473854482174,False,False,0,0.0,False,"The patient's consistent and detailed description of the following symptoms and the absence of the presence of the absence of certain other symptoms and the absence of a recent based on the absence of the absence of a based on the absence of the absence of a based on the absence of a based on the absence of a (While the presence of a recent and Unfortunately, the absence of the absence of a (Unfortunately, the absence of a detailed and Unfortunately, the absence of a detailed and Unfortunately, the absence of a detailed and Unfortunately, the absence of a detailed and Unfortunately, the absence of a detailed and Unfortunately, the absence of a detailed and Unfortunately, the absence of a challenging and detailed absence of the absence of a challenging and detailed absence of a detailed absence in the absence of a challenging and detailed absence in the absence of a detailed absence in the absence of a challenging and Unfortunately, the absence of a challenging and Unfortunately, the absence of a challenging and Unfortunately, the absence of a challenging and Unfortunately, the absence of a challenging and Unfortunately, the absence of a challenging and Unfortunately, the absence of a challenging and Unfortunately, the absence of a challenging and Unfortunately, the absence of a challenging and Unfortunately, the absence of a challenging and Unfortunately, the absence of a challenging and Unfortunately, the absence"
install_decode_a3,0,21,307,0.075,D,,False,False,1846,6.543306281790137,False,False,0,0.0,False,"The patient's high based Given the high based Unfortunately, Unfortunately, Unfortunately, Unfortunately, Unfortunately, Unfortunately, Unfortunately, Unfortunately, Unfortunately, Unfortunately, Unfortunately, Unfortunately, Unfortunately, Unfortunately, Unfortunately, Unfortunately, Unfortunately, Unfortunately, Unfortunately, Unfortunately, Unfortunately, Unfortunately, Unfortunately, Unfortunately, Unfortunately, Unfortunately, Unfortunately, Unfortunately, Unfortunately, Unfortunately, Unfortunately, Unfortunately, Unfortunately, Unfortunately, Unfortunately, Unfortunately, Unfortunately, Unfortunately, Unfortunately, Unfortunately, (The missing context for a detailed and accurate based Unfortunately, Unfortunately, Unfortunately, Unfortunately, Unfortunately, Unfortunately, Unfortunately, Unfortunately, Unfortunately, Unfortunately, Unfortunately, Unfortunately, Unfortunately, Unfortunately, Unfortunately, Unfortunately, Unfortunately, Unfortunately, Unfortunately, Unfortunately, Unfortunately, Unfortunately, Unfortunately, Unfortunately, Unfortunately, Unfortunately, Unfortunately, Unfortunately, Unfortunately, Unfortunately, Unfortunately, Unfortunately, (The context for a detailed and accurate Unfortunately, Unfortunately, Unfortunately, Unfortunately, Unfortunately, Unfortunately, Unfortunately, Unfortunately, Unfortunately, Unfortunately, Unfortunately, Unfortunately, Unfortunately, Unfortunately, Unfortunately, Unfortunately, Unfortunately, Unfortunately, Unfortunately, Unfortunately, Unfortunately, Unfortunately, Unfortunately, Unfortunately, Unfortunately, Unfortunately, Unfortunately, Unfortunately, (The context for a detailed and accurate Unfortunately, Unfortunately, Unfortunately, Unfortunately, Unfortunately, Unfortunately, Unfortunately, Unfortunately, Unfortunately, Unfortunately, Unfortunately"
install_decode_a3,0,22,481,0.1174,D,,False,False,1232,7.33621615730226,False,False,0,0.0,False,The patient's consistent and high based Given the high based While the absence of the While The high While The high While The absence of the While The absence of the While The absence of the While The absence of the While The absence of the The absence of the The absence of the The absence of the The absence of the The absence of the The absence of the The absence of the The absence of the The absence of the The absence of the The absence of the The absence of the The absence of the The absence of the The absence of the The absence of the The absence of the The absence of the The absence of the The absence of the The absence of the The absence of the The absence of the The absence of the The absence of the The absence of the The absence of the The absence of the The absence of the The absence of the The absence of the The absence of the The absence of the The absence of the The absence of the The absence of the The absence of the The absence of the The absence of the The absence of the The absence of the The absence of the The absence of the The absence of the The absence of the The absence of the The absence of the The absence of the The absence of the The absence of the The absence of the The absence of the The
install_decode_a3,0,23,393,0.0959,C,,False,False,1690,7.52760517410934,False,False,0,0.0,False,The patient's continuous and based on the context likely based on the context of the emergency tri tri tri tri tri tri tri tri tri tri tri tri tri tri tri tri tri tri tri tri (The context for the emergency tri context is the emergency tri emergency tri emergency tri emergency tri emergency tri emergency tri emergency tri emergency tri emergency tri emergency tri emergency tri emergency tri emergency tri emergency tri emergency tri emergency tri emergency tri emergency tri emergency tri emergency tri emergency tri emergency tri emergency tri emergency tri emergency tri emergency tri emergency tri emergency tri emergency tri emergency tri emergency tri emergency tri emergency tri emergency tri emergency tri emergency tri emergency tri emergency tri emergency tri emergency tri emergency tri emergency tri emergency tri emergency tri emergency tri emergency tri emergency tri emergency tri emergency tri emergency tri emergency tri emergency tri emergency tri emergency tri emergency tri emergency tri emergency tri emergency tri emergency tri emergency tri emergency tri emergency tri emergency tri emergency tri emergency tri emergency tri emergency tri emergency tri emergency tri emergency tri emergency tri emergency tri emergency tri emergency tri emergency tri emergency tri emergency tri emergency tri emergency tri emergency tri emergency tri emergency tri emergency tri emergency tri emergency tri emergency tri emergency tri emergency tri emergency tri emergency tri emergency tri emergency tri emergency tri emergency tri emergency tri emergency tri emergency tri emergency tri emergency tri emergency tri emergency tri emergency tri emergency tri emergency tri emergency
install_decode_a3,0,24,363,0.0886,E,,False,False,1481,6.7541996436193585,False,False,0,0.0,False,"The patient's age and the context of a common and rapid based Unfortunately, based on the Unfortunately, the absence of the context for a rapid Unfortunately, the absence of the context for a rapid Unfortunately, the absence of the context for a rapid Unfortunately, the absence of the context for a challenging and challenging Unfortunately, the absence of the context for a challenging and challenging Unfortunately, the absence of the context for a challenging and challenging The absence of the context for a challenging and challenging The absence of the context for a challenging and challenging Unfortunately, the absence of the context for a challenging and Unfortunately, the absence of the context for a challenging and Unfortunately, the absence of the context for a challenging and Unfortunately, the absence of the context for a challenging and Unfortunately, the absence of the context for a challenging and Unfortunately, the absence of the context for a challenging and Unfortunately, the absence of the context for a challenging and Unfortunately, the absence of the context for a challenging and Unfortunately, the absence of the context for a challenging and Unfortunately, the absence of the context for a challenging and Unfortunately, the absence of the context for a challenging and Unfortunately, the absence of the context for a challenging and Unfortunately, the absence of the context for a challenging and Unfortunately, the absence of the context for a"
install_decode_a3,0,25,620,0.1514,A,,False,False,1528,6.66955032479018,False,False,0,0.0,False,"The presence of a high contexted, high triGiven the context and the absence of the context Unfortunately, the conversation based on the given and based on the absence of the context Unfortunately, the conversation based on the given and Unfortunately, the context for a detailed and accurate based on the challenging and the absence of the context Unfortunately, the Unfortunately, the context for a detailed and accurate Unfortunately, the context for a detailed and accurate Unfortunately, the context for a detailed and accurate Unfortunately, the context for a detailed and accurate Unfortunately, the context for a detailed and accurate Unfortunately, the context for a detailed and Unfortunately, the context for a detailed and Unfortunately, the context for a detailed and Unfortunately, the context for a challenging and Unfortunately, the context for a challenging and Unfortunately, the context for a challenging and Unfortunately, the context for a challenging and Unfortunately, the context for a challenging and Unfortunately, the context for a challenging and Unfortunately, the context for a challenging and Unfortunately, the context for a challenging and Unfortunately, the context for a challenging and Unfortunately, the context for a challenging and Unfortunately, the context for a challenging and Unfortunately, the context for a challenging and Unfortunately, the context for a challenging and Unfortunately, the context for a challenging and Unfortunately, the context for a challenging and Unfortunately"
install_decode_a3,0,26,266,0.0649,B,,False,False,1460,6.854364138096571,False,False,0,0.0,False,"The patient's age and the presence of a challenging and likely challenging (While the context for the challenging context is not based on a challenging context in the challenging context, the context of a challenging and likely challenging (This is a challenging and likely challenging (This is a challenging and challenging (This is a challenging and challenging (This is a challenging and challenging (This is a challenging and challenging (This is a challenging and challenging (The context of a  challenging and challenging (The context of a challenging and challenging (The context of a challenging and challenging (The context of a challenging and challenging (The context of a challenging and challenging (The context of a challenging and challenging (The context of a challenging and challenging (The context of a challenging and challenging (The context of a challenging and challenging (The context of a challenging and challenging (The context of a challenging and challenging (The context of a challenging and challenging (The context of a challenging and challenging (The context of a challenging and challenging (The context of a challenging and challenging (The context of a challenging and challenging (The context of a challenging and challenging (The context of a challenging and challenging (The context of a challenging and challenging (The context of a challenging and challenging (The context of a challenging and challenging (The context"
install_decode_a3,0,27,370,0.0903,B,,False,False,1590,6.734538150019944,False,False,0,0.0,False,"The patient's based on the context and the absence of the context for a detailed and accurate based on the absence of the context for a detailed and accurate emergency or emergency emergency emergency tri tri tri tri tri tri tri tri tri tri tri tri tri tri tri tri tri tri tri tri tri tri tri tri tri tri tri tri tri tri tri tri tri tri tri tri tri tri tri tri  (The absence of a detailed and accurate emergency or emergency emergency emergency tri tri tri The absence of a detailed and accurate emergency tri context for a detailed and accurate based on the Unfortunately, the detailed and accurate based on Unfortunately, the detailed and accurate Unfortunately, the detailed and accurate Unfortunately, the detailed and accurate Unfortunately, the detailed and accurate Unfortunately, the detailed and accurate Unfortunately, the detailed and accurate Unfortunately, the detailed and accurate Unfortunately, the challenging and accurate based on the Unfortunately, the challenging and Unfortunately, the challenging and Unfortunately, Unfortunately, Unfortunately, Unfortunately, Unfortunately, Unfortunately, Unfortunately, Unfortunately, Unfortunately, Unfortunately, Unfortunately, Unfortunately, Unfortunately, Unfortunately, Unfortunately, Unfortunately, Unfortunately, The absence of a detailed and accurate emergency or emergency emergency Unfortunately, the detailed and Unfortunately, Unfortunately, Unfortunately, Unfortunately, Unfortunately, Unfortunately, Unfortunately, Unfortunately, Unfortunately, Unfortunately, Unfortunately, Unfortunately, Unfortunately, Unfortunately"
install_decode_a3,0,28,480,0.1172,A,,False,False,1832,6.222592061385512,False,False,0,0.0,False,"The high context Unfortunately, Unfortunately, Unfortunately, Unfortunately, Unfortunately, Unfortunately, Unfortunately, Unfortunately, Unfortunately, Unfortunately, Unfortunately, Unfortunately, Unfortunately, Unfortunately, Unfortunately, Unfortunately, Unfortunately, Unfortunately, Unfortunately, Unfortunately, Unfortunately, Unfortunately, Unfortunately, Unfortunately, Unfortunately, Unfortunately, Unfortunately, Unfortunately, The high tri tri tri tri tri Unfortunately, Unfortunately, Unfortunately, Unfortunately, Unfortunately, Unfortunately, Unfortunately, Unfortunately, Unfortunately, Unfortunately, Unfortunately, Unfortunately, Unfortunately, Unfortunately, Unfortunately, Unfortunately, Unfortunately, Unfortunately, Unfortunately, Unfortunately, Unfortunately, Unfortunately, Unfortunately, Unfortunately, Unfortunately, Unfortunately, Unfortunately, Unfortunately, Unfortunately, Unfortunately, Unfortunately, Unfortunately, Unfortunately, Unfortunately, Unfortunately, Unfortunately, Unfortunately, The absence Given the absence of the tri Depending on the absence of the tri Unfortunately, Unfortunately, Unfortunately, Unfortunately, Unfortunately, Unfortunately, Unfortunately, Unfortunately, Unfortunately, Unfortunately, Unfortunately, Unfortunately, Unfortunately, Unfortunately, Unfortunately, Unfortunately, Unfortunately, The absence of the tri Unfortunately, Unfortunately, Unfortunately, Unfortunately, Unfortunately, Unfortunately, Unfortunately, Unfortunately, Unfortunately, Unfortunately, Unfortunately, Unfortunately, Unfortunately, Unfortunately, Unfortunately, Unfortunately, The absence of the tri Unfortunately, Unfortunately, Unfortunately, Unfortunately, Unfortunately, Unfortunately, Unfortunately, Unfortunately, Unfortunately, Unfortunately, Unfortunately, Unfortunately, Unfortunately"
install_decode_a3,0,29,373,0.0911,D,,False,False,1281,7.007196570746601,False,False,0,0.0,False,"The patient's high based on the context of a high (The patient's age and the context of the high While the presence of a high While the presence of a The patient's The absence of The absence of The rapid Unfortunately, the Unfortunately, the Unfortunately, the Unfortunately, the The absence of The absence of The absence of The absence of The absence of The absence of The absence of The absence of The absence of The absence of The absence of The absence of The absence of The absence of The absence of The absence of The absence of The absence of The absence of The absence of The absence of The absence of The absence of The absence of The absence of The absence of The absence of The absence of The absence of The absence of The absence of The absence of The absence of The absence of The absence of The absence of The absence of The absence of The absence of The absence of The absence of The absence of The absence of The absence of The absence of The absence of The absence of The absence of The absence of The absence of The absence of The absence of The absence of The absence of The absence of The absence of The absence of The absence of The absence of The absence of The absence of The absence of The absence of The absence of The absence of The absence of The absence"
install_decode_a3,0,30,286,0.0698,C,,False,False,1825,6.753861987963319,False,False,0,0.0,False,"The context of the patient's high context based on the challenging and challenging Unfortunately, Unfortunately, Unfortunately, Unfortunately, Unfortunately, Unfortunately, Unfortunately, Unfortunately, Unfortunately, Unfortunately, Unfortunately, Unfortunately, Unfortunately, Unfortunately, Unfortunately, Unfortunately, Unfortunately, Unfortunately, Unfortunately, Unfortunately, Unfortunately, Unfortunately, Unfortunately, Unfortunately, Unfortunately, Unfortunately, Unfortunately, Unfortunately, Unfortunately, Unfortunately, Unfortunately, Unfortunately, Unfortunately, Unfortunately, Unfortunately, Unfortunately, Unfortunately, Unfortunately, Unfortunately, Unfortunately, Unfortunately, (The repetitive and repetitive and repetitive and Unfortunately, Unfortunately, Unfortunately, Unfortunately, Unfortunately, Unfortunately, Unfortunately, Unfortunately, Unfortunately, Unfortunately, Unfortunately, Unfortunately, Unfortunately, Unfortunately, Unfortunately, Unfortunately, Unfortunately, Unfortunately, (The absence of recent and effective Unfortunately, Unfortunately, Unfortunately, Unfortunately, Unfortunately, Unfortunately, Unfortunately, Unfortunately, Unfortunately, Unfortunately, Unfortunately, Unfortunately, Unfortunately, Unfortunately, Unfortunately, (The presence of the challenging and Unfortunately, Unfortunately, Unfortunately, Unfortunately, Unfortunately, Unfortunately, Unfortunately, Unfortunately, Unfortunately, Unfortunately, Unfortunately, Unfortunately, Unfortunately, Unfortunately, (The presence of the challenging and Unfortunately, Unfortunately, Unfortunately, Unfortunately, Unfortunately, Unfortunately, Unfortunately, Unfortunately, Unfortunately, Unfortunately, Unfortunately, Unfortunately, (The presence of the challenging and Unfortunately, Unfortunately, Unfortunately,"
install_decode_a3,0,31,466,0.1138,D,,False,False,1750,6.134689480997622,False,False,0,0.0,False,"The context of a  The context of a  Unfortunately, based on the Unfortunately, based on the Unfortunately, based on the Unfortunately, based on the Unfortunately, based on the Unfortunately, based on the Unfortunately, based on the Unfortunately, Unfortunately, Unfortunately, Unfortunately, Unfortunately, Unfortunately, Unfortunately, Unfortunately, Unfortunately, Unfortunately, Unfortunately, Unfortunately, Unfortunately, Unfortunately, Unfortunately, Unfortunately, Unfortunately, Unfortunately, The absence of the context for a detailed and accurate based on the Unfortunately, Unfortunately, Unfortunately, Unfortunately, Unfortunately, Unfortunately, Unfortunately, Unfortunately, Unfortunately, Unfortunately, Unfortunately, Unfortunately, Unfortunately, Unfortunately, Unfortunately, Unfortunately, Unfortunately, Unfortunately, Unfortunately, Unfortunately, Unfortunately, Unfortunately, Unfortunately, Unfortunately, Unfortunately, Unfortunately, Unfortunately, Unfortunately, Unfortunately, Unfortunately, Unfortunately, Unfortunately, The absence of the context for a detailed and accurate Unfortunately, Unfortunately, Unfortunately, Unfortunately, Unfortunately, Unfortunately, Unfortunately, Unfortunately, Unfortunately, Unfortunately, Unfortunately, Unfortunately, Unfortunately, Unfortunately, Unfortunately, Unfortunately, Unfortunately, Unfortunately, Unfortunately, Unfortunately, Unfortunately, Unfortunately, Unfortunately, Unfortunately, Unfortunately, Unfortunately, Unfortunately, Unfortunately, Unfortunately, Unfortunately, Unfortunately, Unfortunately, Unfortunately, Unfortunately, Unfortunately, Unfortunately, Unfortunately, Unfortunately, Unfortunately, Unfortunately, Unfortunately, The absence of the context for"
install_decode_a3,0,32,561,0.137,A,,False,False,1346,7.147082831710577,False,False,0,0.0,False,The patient's high based on the context of the high based on the context of the high tri tri tri Depending on the context and the absence of the context and the absence of the context and the absence of the context and the absence of the tri Depending on the context and the context and the context and the context and the context and the context and the context and the context and the context and the context and the context and the context and the context and the context and the context and the context and the context and the context and the context and the context and the context and the context and the context and the context and the context and the context and the context and the context and the context and the context and the context and the context and the context and the context and the context and the context and the context and the context and the context and the context and the context and the context and the context and the context and the context and the context and the context and the context and the context and the context and the context and the context and the context and the context and the context and the context and the context and the context and the context and the context and the context and the context and the context and the context and the context and the context and the context and the context and the
install_decode_a3,0,33,453,0.1106,D,,False,False,1777,6.391760078258812,False,False,0,0.0,False,"The context of the patient's symptoms and the absence of the rapid and basedosto effective tri tri triUnfortunately, Unfortunately, Unfortunately, Unfortunately, Unfortunately, Unfortunately, Unfortunately, Unfortunately, Unfortunately, Unfortunately, Unfortunately, Unfortunately, Unfortunately, Unfortunately, Unfortunately, Unfortunately, Unfortunately, Unfortunately, Unfortunately, Unfortunately, Unfortunately, Unfortunately, Unfortunately, Unfortunately, Unfortunately, Unfortunately, Unfortunately, Unfortunately, (Unfortunately, Unfortunately, Unfortunately, Unfortunately, Unfortunately, Unfortunately, Unfortunately, Unfortunately, Unfortunately, Unfortunately, Unfortunately, Unfortunately, Unfortunately, Unfortunately, Unfortunately, and the absence of the tri tri triUnfortunately, Unfortunately, Unfortunately, Unfortunately, Unfortunately, Unfortunately, Unfortunately, Unfortunately, Unfortunately, Unfortunately, Unfortunately, Unfortunately, Unfortunately, Unfortunately, Unfortunately, Unfortunately, Unfortunately, Unfortunately, (Unfortunately, Unfortunately, Unfortunately, Unfortunately, Unfortunately, Unfortunately, Unfortunately, Unfortunately, Unfortunately, Unfortunately, Unfortunately, Unfortunately, and the absence of the rapid tri tri triUnfortunately, Unfortunately, Unfortunately, Unfortunately, Unfortunately, Unfortunately, Unfortunately, Unfortunately, Unfortunately, Unfortunately, Unfortunately, Unfortunately, Unfortunately, Unfortunately, Unfortunately, Unfortunately, Unfortunately, (Unfortunately, Unfortunately, Unfortunately, Unfortunately, Unfortunately, Unfortunately, Unfortunately, Unfortunately, Unfortunately, Unfortunately, Unfortunately, Unfortunately, and the absence of the rapid tri tri triUnfortunately, Unfortunately"
install_decode_a3,0,34,377,0.092,D,,False,False,1550,6.795237713493407,False,False,0,0.0,False,"The most likely based on the context and the symptoms and the absence of the context for a severe and emergency context for the rapid and based based on the absence of the context for a rapid and emergency tri tri tri tri tri tri tri tri tri tri tri tri tri tri tri tri tri tri tri tri tri tri tri (Unfortunately, the context for a detailed and accurate based based based Unfortunately, the context for a detailed and accurate and effective Unfortunately, the context for a detailed and accurate and effective Unfortunately, the context for a challenging and challenging Unfortunately, the context for a challenging and challenging Unfortunately, the context for a challenging and challenging Unfortunately, the context for a challenging and challenging Unfortunately, the context for a challenging and challenging Unfortunately, the context for a challenging and challenging Unfortunately, the context for a challenging and challenging Unfortunately, the context for a challenging and challenging Unfortunately, the context for a challenging and challenging Unfortunately, the context for a challenging and challenging Unfortunately, the context for a challenging and challenging Unfortunately, the context for a challenging and challenging The absence of emergency tri tri tri Unfortunately, the context for a challenging and Unfortunately, the context for a challenging and Unfortunately, the context for a challenging and Unfortunately, the context for a challenging and Unfortunately, the context for a challenging and Unfortunately, the context"
install_decode_a3,0,35,300,0.0732,E,,False,False,1487,6.6925267605111,False,False,0,0.0,False,"The patient's consistent and context based on the context of the symptoms and the patient's history and the absence of the context for the presence of the challenging conditions for the absence of the context for the presence of the challenging conditions (While the presence of a ""The absence of the context for the presence of the challenging conditions"" is a challenging context for the absence of the context for the presence of the challenging conditions, it is based on the absence of the context for the presence of the challenging conditions in the absence of the context for the presence of the challenging conditions in the absence of the context for the presence of the challenging conditions in the absence of the context for the presence of the challenging conditions in the absence of the context for the presence of the challenging conditions in the absence of the context for the presence of the challenging conditions in a challenging context for the absence of the context for the presence of the challenging conditions in a challenging context for the absence of the context for the presence of the challenging conditions in a challenging context for the absence of the The absence of the context for the presence of the challenging conditions in a challenging context for the absence of the context for the presence of the challenging conditions in a challenging context for the absence of the The absence of the context for the presence of the challenging conditions"
install_decode_a3,0,36,313,0.0764,E,,False,False,1420,6.991746307350695,False,False,0,0.0,False,"The patient's description of the context and the context of the based on the absence of the rapid and depending on the absence or presence of the emergency tri tri triUnfortunately, the emergency tri tri tri Unfortunately, the emergency tri tri tri Unfortunately, the emergency tri tri tri Unfortunately, the emergency tri tri tri Unfortunately, the absence of the emergency tri tri tri Unfortunately, the absence of the emergency tri tri tri Unfortunately, the absence of the emergency tri tri tri Unfortunately, the absence of the emergency tri tri tri Unfortunately, the absence of the emergency tri tri tri Unfortunately, the absence of the emergency tri tri tri Unfortunately, the absence of the emergency tri tri tri Unfortunately, the absence of the emergency tri tri tri Unfortunately, the absence of the emergency tri tri tri Unfortunately, the absence of the emergency tri tri tri The absence of the emergency tri tri tri Unfortunately, the absence of the emergency tri tri tri Unfortunately, the absence of the emergency tri tri tri Unfortunately, the absence of the emergency tri tri tri Unfortunately, the absence of the emergency tri tri tri Unfortunately, the absence of the emergency tri tri tri Unfortunately, the absence of the emergency tri tri tri The absence of the emergency tri tri tri Unfortunately, the absence of the emergency tri tri tri Unfortunately, the absence of the emergency tri tri tri"
install_decode_a3,0,37,370,0.0903,A,,False,False,1484,6.776517078280449,False,False,0,0.0,False,"The most likely based on the context and the absence of the context for a detailed and accurate based on the absence of the context for a detailed and accurate ""Given the context and the absence of a detailed and accurate Unfortunately, the absence of a detailed and accurate Unfortunately, the absence of a detailed and accurate Unfortunately, the absence of a detailed and accurate Unfortunately, the absence of a detailed and accurate Unfortunately, the absence of a detailed and accurate Unfortunately, the absence of a detailed and accurate Unfortunately, the absence of a detailed and accurate Unfortunately, the absence of a detailed and accurate Unfortunately, the absence of a detailed and accurate Unfortunately, the absence of a detailed and accurate Unfortunately, the absence of a detailed and accurate Unfortunately, the absence of a detailed and accurate Unfortunately, the absence of a detailed and accurate Unfortunately, the absence of a detailed and accurate Unfortunately, the absence of a detailed and accurate Unfortunately, the absence of a detailed and accurate Unfortunately, the absence of a detailed and Unfortunately, the absence of a detailed and Unfortunately, the absence of a detailed and Unfortunately, the absence of a detailed and Unfortunately, the absence of a detailed and Unfortunately, the absence of a detailed and Unfortunately, the absence of a detailed and Unfortunately, The absence of a detailed and accurate Unfortunately, The absence of"
install_decode_a3,0,38,350,0.0854,D,,False,False,1862,6.488935634493828,False,False,0,0.0,False,"The patient's consistent and context based on the rapid and based on the context of the rapid and effective Unfortunately, Unfortunately, Unfortunately, Unfortunately, Unfortunately, Unfortunately, Unfortunately, Unfortunately, Unfortunately, Unfortunately, Unfortunately, Unfortunately, Unfortunately, Unfortunately, Unfortunately, Unfortunately, Unfortunately, Unfortunately, Unfortunately, Unfortunately, Unfortunately, Unfortunately, Unfortunately, Unfortunately, Unfortunately, Unfortunately, Unfortunately, Unfortunately, Unfortunately, Unfortunately, Unfortunately, Unfortunately, Unfortunately, Unfortunately, Unfortunately, Unfortunately, Unfortunately, Unfortunately, Unfortunately, Unfortunately, Unfortunately, Unfortunately, Unfortunately, Unfortunately, Unfortunately, Unfortunately, Unfortunately, Unfortunately, Unfortunately, Unfortunately, The absence of the context for a detailed and accurate based Unfortunately, Unfortunately, Unfortunately, Unfortunately, Unfortunately, Unfortunately, Unfortunately, Unfortunately, Unfortunately, Unfortunately, Unfortunately, Unfortunately, Unfortunately, Unfortunately, Unfortunately, Unfortunately, Unfortunately, Unfortunately, Unfortunately, Unfortunately, Unfortunately, Unfortunately, Unfortunately, Unfortunately, Unfortunately, Unfortunately, Unfortunately, Unfortunately, Unfortunately, Unfortunately, Unfortunately, Unfortunately, Unfortunately, Unfortunately, Unfortunately, Unfortunately, Unfortunately, Unfortunately, Unfortunately, Unfortunately, Unfortunately, Unfortunately, Unfortunately, Unfortunately, Unfortunately, Unfortunately, Unfortunately, Unfortunately, Unfortunately, Unfortunately, Unfortunately, Unfortunately, Unfortunately, Unfortunately, Unfortunately, Unfortunately, Unfortunately, Unfortunately, Unfortunately, Unfortunately, Unfortunately, Unfortunately, Unfortunately"
install_decode_a3,0,39,267,0.0652,E,,False,False,1491,7.053773837164044,False,False,0,0.0,False,The patient's difficulty in the context of the challenging and based on the challenging and the context of the challenging and the context of the challenging and the context of the challenging and the context of the challenging and the context of the challenging and the context of the challenging and the context of the challenging and the context of the challenging and the context of the challenging and the context of the challenging and the context of the challenging and the context of the challenging and the context of the challenging and the context of the challenging and the context of the challenging and the context of the challenging and the context of the challenging and the context of the challenging and the context of the challenging and the context of the challenging and the context of the challenging and the context of the challenging and the context of the challenging and the context of the challenging and the context of the challenging and the context of the challenging and the context of the challenging and the context of the challenging and the context of the challenging and the context of the challenging and the context of the challenging and the context of the challenging and the context of the challenging and the context of the challenging and the context of the challenging and the context of the challenging and the context of the challenging and the context of the challenging and the context of the challenging and the context of the challenging and
