depth,probe,turn,kind,n_tokens,ctx_tokens,share
0,0,0,system,48,208,0.20829981492516936
0,0,1,probe,143,208,0.24193241017724176
0,1,0,system,48,313,0.19813847063126389
0,1,1,probe,248,313,0.26394623605358447
0,2,0,system,48,438,0.18905668301277778
0,2,1,probe,373,438,0.2817864976539113
0,3,0,system,48,375,0.19096923973386737
0,3,1,probe,310,375,0.2819386987580401
0,4,0,system,48,362,0.18882098046461238
0,4,1,probe,297,362,0.2818868694291723
0,5,0,system,48,387,0.18735539324558204
0,5,1,probe,322,387,0.2842578409422458
0,6,0,system,48,323,0.19373786131612292
0,6,1,probe,258,323,0.27527523830804057
0,7,0,system,48,419,0.18199219512352016
0,7,1,probe,354,419,0.2946602480569709
0,8,0,system,48,300,0.1983384606117511
0,8,1,probe,235,300,0.26749507932436245
0,9,0,system,48,696,0.1719647200187282
0,9,1,probe,631,696,0.33542639116058126
0,10,0,system,48,346,0.18922974062179776
0,10,1,probe,281,346,0.27944030511935125
0,11,0,system,48,320,0.1961065079459985
0,11,1,probe,255,320,0.27083635104145287
0,12,0,system,48,344,0.19069600712292356
0,12,1,probe,279,344,0.28862460475011176
0,13,0,system,48,386,0.1858025422817171
0,13,1,probe,321,386,0.2846631437266751
0,14,0,system,48,586,0.17891174014228284
0,14,1,probe,521,586,0.3117222220853364
0,15,0,system,48,423,0.18286375476886718
0,15,1,probe,358,423,0.3166560695535736
0,16,0,system,48,263,0.20338389940803836
0,16,1,probe,198,263,0.26082499744245524
0,17,0,system,48,351,0.19138901219250215
0,17,1,probe,286,351,0.28155510648684867
0,18,0,system,48,418,0.18596929499824455
0,18,1,probe,353,418,0.3130533713674595
0,19,0,system,48,393,0.18917033483301537
0,19,1,probe,328,393,0.29656878403147857
0,20,0,system,48,382,0.18679303798356983
0,20,1,probe,317,382,0.2903772592885616
0,21,0,system,48,483,0.18437819446181436
0,21,1,probe,418,483,0.311209441238816
0,22,0,system,48,479,0.18430175114503555
0,22,1,probe,414,479,0.31109735847212505
0,23,0,system,48,366,0.1909972394574524
0,23,1,probe,301,366,0.28018271706605447
0,24,0,system,48,299,0.19576388147552848
0,24,1,probe,234,299,0.26997143892003805
0,25,0,system,48,481,0.18043011882329907
0,25,1,probe,416,481,0.30704164523194777
0,26,0,system,48,336,0.19481690541779528
0,26,1,probe,271,336,0.29522381834749467
0,27,0,system,48,445,0.18677090839726063
0,27,1,probe,380,445,0.29328377866795563
0,28,0,system,48,392,0.18555632933025734
0,28,1,probe,327,392,0.2888248662895876
0,29,0,system,48,408,0.18390569540622081
0,29,1,probe,343,408,0.29946364475563314
0,30,0,system,48,333,0.1934237132365979
0,30,1,probe,268,333,0.27362952707744626
0,31,0,system,48,332,0.19295061790819545
0,31,1,probe,267,332,0.27766222287937126
0,32,0,system,48,414,0.18377544846056182
0,32,1,probe,349,414,0.30494914269388573
0,33,0,system,48,282,0.201865575973045
0,33,1,probe,217,282,0.2589503835185951
0,34,0,system,48,540,0.18014094727162444
0,34,1,probe,475,540,0.31852341870512646
0,35,0,system,48,333,0.1955881116358853
0,35,1,probe,268,333,0.2754779811634762
0,36,0,system,48,499,0.1797823004888741
0,36,1,probe,434,499,0.3196293224814326
0,37,0,system,48,318,0.1954637091657787
0,37,1,probe,253,318,0.27725711536072595
0,38,0,system,48,289,0.19877177900485776
0,38,1,probe,224,289,0.26642519939343856
0,39,0,system,48,373,0.190077121467354
0,39,1,probe,308,373,0.2835067688638446
2,0,0,system,48,685,0.1215546361093125
2,0,1,filler_q,22,685,0.010744841031475882
2,0,2,filler_a,200,685,0.07530376001568584
2,0,3,filler_q,31,685,0.013784789172187395
2,0,4,filler_a,200,685,0.08982506318409378
2,0,5,probe,143,685,0.17817846750153876
2,1,0,system,48,790,0.11596698889765955
2,1,1,filler_q,22,790,0.010606008458398541
2,1,2,filler_a,200,790,0.07328894413808484
2,1,3,filler_q,31,790,0.014144616220317374
2,1,4,filler_a,200,790,0.08532116860368433
2,1,5,probe,248,790,0.18965197081922724
2,2,0,system,48,915,0.11000709148335974
2,2,1,filler_q,22,915,0.010704561012704561
2,2,2,filler_a,200,915,0.07189724674418585
2,2,3,filler_q,31,915,0.015705065854154654
2,2,4,filler_a,200,915,0.08072239566837425
2,2,5,probe,373,915,0.21603826123646286
2,3,0,system,48,852,0.11234213862677933
2,3,1,filler_q,22,852,0.01049672560611592
2,3,2,filler_a,200,852,0.07053460982601223
2,3,3,filler_q,31,852,0.015214351587090391
2,3,4,filler_a,200,852,0.08031730358504774
2,3,5,probe,310,852,0.2100080632862955
2,4,0,system,48,839,0.11190996067333003
2,4,1,filler_q,22,839,0.010239570561197509
2,4,2,filler_a,200,839,0.07121758784731469
2,4,3,filler_q,31,839,0.015191655584104069
2,4,4,filler_a,200,839,0.08172205073930172
2,4,5,probe,297,839,0.20553365832370218
2,5,0,system,48,864,0.11167074321683401
2,5,1,filler_q,22,864,0.010455716181755115
2,5,2,filler_a,200,864,0.06972333488928939
2,5,3,filler_q,31,864,0.014626720049296438
2,5,4,filler_a,200,864,0.07896925186105364
2,5,5,probe,322,864,0.2104534437987695
2,6,0,system,48,800,0.11477197693005392
2,6,1,filler_q,22,800,0.010817258943096153
2,6,2,filler_a,200,800,0.07204688129138503
2,6,3,filler_q,31,800,0.014412845796758944
2,6,4,filler_a,200,800,0.08340727337662202
2,6,5,probe,258,800,0.20044408550188564
2,7,0,system,48,896,0.10890980201068778
2,7,1,filler_q,22,896,0.01048580670124899
2,7,2,filler_a,200,896,0.07059038757908809
2,7,3,filler_q,31,896,0.014719276410712467
2,7,4,filler_a,200,896,0.0789352172416784
2,7,5,probe,354,896,0.2211874498891575
2,8,0,system,48,777,0.11533230458893096
2,8,1,filler_q,22,777,0.010708814810058143
2,8,2,filler_a,200,777,0.07274809507293867
2,8,3,filler_q,31,777,0.014507478291662323
2,8,4,filler_a,200,777,0.08468016454406779
2,8,5,probe,235,777,0.1958038249998708
2,9,0,system,48,1173,0.09657683140597895
2,9,1,filler_q,22,1173,0.01017906975669608
2,9,2,filler_a,200,1173,0.06632681495488413
2,9,3,filler_q,31,1173,0.014059292286229486
2,9,4,filler_a,200,1173,0.07195606840758728
2,9,5,probe,631,1173,0.25600620756358694
2,10,0,system,48,823,0.11244986132589219
2,10,1,filler_q,22,823,0.010243369356504717
2,10,2,filler_a,200,823,0.07155622890081759
2,10,3,filler_q,31,823,0.014479962073814079
2,10,4,filler_a,200,823,0.08316100574006668
2,10,5,probe,281,823,0.2024433196170321
2,11,0,system,48,797,0.11552816243862729
2,11,1,filler_q,22,797,0.010438950720065732
2,11,2,filler_a,200,797,0.07196496418339393
2,11,3,filler_q,31,797,0.014331131472882674
2,11,4,filler_a,200,797,0.08397873726349303
2,11,5,probe,255,797,0.19901415456934046
2,12,0,system,48,821,0.1117168346130697
2,12,1,filler_q,22,821,0.010210576568459584
2,12,2,filler_a,200,821,0.0709342380988005
2,12,3,filler_q,31,821,0.014295399789702401
2,12,4,filler_a,200,821,0.08303095621715784
2,12,5,probe,279,821,0.20550831963419114
2,13,0,system,48,863,0.10978637633462895
2,13,1,filler_q,22,863,0.010256596991175648
2,13,2,filler_a,200,863,0.06917544692441879
2,13,3,filler_q,31,863,0.014677397863000152
2,13,4,filler_a,200,863,0.07936378526170529
2,13,5,probe,321,863,0.2153107133501635
2,14,0,system,48,1063,0.09878810031260299
2,14,1,filler_q,22,1063,0.01063040176565283
2,14,2,filler_a,200,1063,0.06857339381921612
2,14,3,filler_q,31,1063,0.015025509196894049
2,14,4,filler_a,200,1063,0.07837786639299793
2,14,5,probe,521,1063,0.24379543838540485
2,15,0,system,48,900,0.11007804085806816
2,15,1,filler_q,22,900,0.010519196250422524
2,15,2,filler_a,200,900,0.06968895142205156
2,15,3,filler_q,31,900,0.015085556482299367
2,15,4,filler_a,200,900,0.07940063674146813
2,15,5,probe,358,900,0.22567006122653765
2,16,0,system,48,740,0.12076842182248271
2,16,1,filler_q,22,740,0.011407141854842928
2,16,2,filler_a,200,740,0.07507457889317948
2,16,3,filler_q,31,740,0.01458790592003556
2,16,4,filler_a,200,740,0.0866789651347517
2,16,5,probe,198,740,0.1816717186986807
2,17,0,system,48,828,0.1140482904375375
2,17,1,filler_q,22,828,0.010149821213289445
2,17,2,filler_a,200,828,0.07076021627537443
2,17,3,filler_q,31,828,0.014602971713415513
2,17,4,filler_a,200,828,0.08098114889784824
2,17,5,probe,286,828,0.20600842401017871
2,18,0,system,48,895,0.10893746752797284
2,18,1,filler_q,22,895,0.01083210091972564
2,18,2,filler_a,200,895,0.0709850989953793
2,18,3,filler_q,31,895,0.014864011762558249
2,18,4,filler_a,200,895,0.08061964415730927
2,18,5,probe,353,895,0.23476352433226566
2,19,0,system,48,870,0.11253608873522936
2,19,1,filler_q,22,870,0.010584449599421841
2,19,2,filler_a,200,870,0.07006771744190132
2,19,3,filler_q,31,870,0.014248672616322011
2,19,4,filler_a,200,870,0.07963121717347121
2,19,5,probe,328,870,0.21204908079698725
2,20,0,system,48,859,0.11094853108530778
2,20,1,filler_q,22,859,0.010539792686613758
2,20,2,filler_a,200,859,0.07000312228393568
2,20,3,filler_q,31,859,0.015107148487967237
2,20,4,filler_a,200,859,0.08027360301105091
2,20,5,probe,317,859,0.21615441493077014
2,21,0,system,48,960,0.10817879310925527
2,21,1,filler_q,22,960,0.010615611692695148
2,21,2,filler_a,200,960,0.07181134032882142
2,21,3,filler_q,31,960,0.016273924807208573
2,21,4,filler_a,200,960,0.08003535611521784
2,21,5,probe,418,960,0.2192000925335833
2,22,0,system,48,956,0.10781736191304958
2,22,1,filler_q,22,956,0.010379496690241852
2,22,2,filler_a,200,956,0.07145550648263566
2,22,3,filler_q,31,956,0.016078122434313613
2,22,4,filler_a,200,956,0.08001785265435046
2,22,5,probe,414,956,0.2188786832750793
2,23,0,system,48,843,0.11230368570505256
2,23,1,filler_q,22,843,0.010282504969849171
2,23,2,filler_a,200,843,0.07087494857147192
2,23,3,filler_q,31,843,0.0148881344527112
2,23,4,filler_a,200,843,0.0809830931674469
2,23,5,probe,301,843,0.20971812944753765
2,24,0,system,48,776,0.11706164724709867
2,24,1,filler_q,22,776,0.010896876531461097
2,24,2,filler_a,200,776,0.07269271301117897
2,24,3,filler_q,31,776,0.014550758196619995
2,24,4,filler_a,200,776,0.08416865170224241
2,24,5,probe,234,776,0.1948045876033575
2,25,0,system,48,958,0.10566902013640167
2,25,1,filler_q,22,958,0.010192440075895037
2,25,2,filler_a,200,958,0.06993454628830875
2,25,3,filler_q,31,958,0.01588862568794802
2,25,4,filler_a,200,958,0.07753802274078225
2,25,5,probe,416,958,0.23342865762833753
2,26,0,system,48,813,0.11377102899601432
2,26,1,filler_q,22,813,0.010444535541374589
2,26,2,filler_a,200,813,0.07218197609705612
2,26,3,filler_q,31,813,0.014376023929052906
2,26,4,filler_a,200,813,0.08496139254705781
2,26,5,probe,271,813,0.20577876296806608
2,27,0,system,48,922,0.10793056899656506
2,27,1,filler_q,22,922,0.010260539415968495
2,27,2,filler_a,200,922,0.07149397350102049
2,27,3,filler_q,31,922,0.015357804978175515
2,27,4,filler_a,200,922,0.07974433018085847
2,27,5,probe,380,922,0.22198365798476516
2,28,0,system,48,869,0.10963800572797489
2,28,1,filler_q,22,869,0.010346072334916023
2,28,2,filler_a,200,869,0.06957738988592155
2,28,3,filler_q,31,869,0.014742475586409398
2,28,4,filler_a,200,869,0.0803042845990376
2,28,5,probe,327,869,0.21682292106629575
2,29,0,system,48,885,0.10854046614672797
2,29,1,filler_q,22,885,0.01035200816132309
2,29,2,filler_a,200,885,0.07032273134362299
2,29,3,filler_q,31,885,0.015137230447459515
2,29,4,filler_a,200,885,0.08015140427698952
2,29,5,probe,343,885,0.22309343500864998
2,30,0,system,48,810,0.11314848299893754
2,30,1,filler_q,22,810,0.010685815929499798
2,30,2,filler_a,200,810,0.07211707869453221
2,30,3,filler_q,31,810,0.014276958223447878
2,30,4,filler_a,200,810,0.08324493660069265
2,30,5,probe,268,810,0.19952924328799782
2,31,0,system,48,809,0.11400117264985887
2,31,1,filler_q,22,809,0.010427266964593396
2,31,2,filler_a,200,809,0.07099458532735525
2,31,3,filler_q,31,809,0.014001604780585097
2,31,4,filler_a,200,809,0.08227224548889467
2,31,5,probe,267,809,0.20467573261385041
2,32,0,system,48,891,0.11016904786474235
2,32,1,filler_q,22,891,0.010784411491536972
2,32,2,filler_a,200,891,0.07081862318375443
2,32,3,filler_q,31,891,0.014752063720528952
2,32,4,filler_a,200,891,0.07943040437208992
2,32,5,probe,349,891,0.2186753375237913
2,33,0,system,48,759,0.12025734371268548
2,33,1,filler_q,22,759,0.01104338750073719
2,33,2,filler_a,200,759,0.07447181834601224
2,33,3,filler_q,31,759,0.01462240633086509
2,33,4,filler_a,200,759,0.08685166584930926
2,33,5,probe,217,759,0.1857877362964473
2,34,0,system,48,1017,0.10356161300792444
2,34,1,filler_q,22,1017,0.010241581410931566
2,34,2,filler_a,200,1017,0.07019759426319894
2,34,3,filler_q,31,1017,0.015945037716439292
2,34,4,filler_a,200,1017,0.08114715121473637
2,34,5,probe,475,1017,0.23246636917338037
2,35,0,system,48,810,0.11237976245967118
2,35,1,filler_q,22,810,0.010375132096770878
2,35,2,filler_a,200,810,0.07120605303887828
2,35,3,filler_q,31,810,0.014091795451818712
2,35,4,filler_a,200,810,0.08375846242660145
2,35,5,probe,268,810,0.2058258568920337
2,36,0,system,48,976,0.1056215190636749
2,36,1,filler_q,22,976,0.010038234975844329
2,36,2,filler_a,200,976,0.06940919156337344
2,36,3,filler_q,31,976,0.01557350964683657
2,36,4,filler_a,200,976,0.07731766343209756
2,36,5,probe,434,976,0.23279580729376903
2,37,0,system,48,795,0.1147603476476533
2,37,1,filler_q,22,795,0.010631063255472029
2,37,2,filler_a,200,795,0.07179302021620515
2,37,3,filler_q,31,795,0.014115288400688542
2,37,4,filler_a,200,795,0.08375197285727154
2,37,5,probe,253,795,0.204332056676094
2,38,0,system,48,766,0.1178133653858362
2,38,1,filler_q,22,766,0.010957120605690429
2,38,2,filler_a,200,766,0.07488428312359474
2,38,3,filler_q,31,766,0.01424585634678266
2,38,4,filler_a,200,766,0.08652585662716206
2,38,5,probe,224,766,0.18969750042936084
2,39,0,system,48,850,0.11173048447037104
2,39,1,filler_q,22,850,0.010566193312925298
2,39,2,filler_a,200,850,0.07113280327604343
2,39,3,filler_q,31,850,0.015396131026832904
2,39,4,filler_a,200,850,0.08095003520736554
2,39,5,probe,308,850,0.20683054128085132
4,0,0,system,48,1152,0.09500821458767206
4,0,1,filler_q,22,1152,0.006578881971780276
4,0,2,filler_a,200,1152,0.04586244065223144
4,0,3,filler_q,31,1152,0.005791520806476269
4,0,4,filler_a,200,1152,0.04194521603071166
4,0,5,filler_q,24,1152,0.005596163122790543
4,0,6,filler_a,200,1152,0.036530981433031684
4,0,7,filler_q,19,1152,0.009619256929767062
4,0,8,filler_a,200,1152,0.07043115192925598
4,0,9,probe,143,1152,0.17840180139182849
4,1,0,system,48,1257,0.09209515025855808
4,1,1,filler_q,22,1257,0.006505820602864032
4,1,2,filler_a,200,1257,0.0451878515584232
4,1,3,filler_q,31,1257,0.005782103589571874
4,1,4,filler_a,200,1257,0.04061907931404107
4,1,5,filler_q,24,1257,0.005888393461129238
4,1,6,filler_a,200,1257,0.035900408840348064
4,1,7,filler_q,19,1257,0.009916791670658398
4,1,8,filler_a,200,1257,0.0682906347882124
4,1,9,probe,248,1257,0.18900215667758857
4,2,0,system,48,1382,0.08595708700674054
4,2,1,filler_q,22,1382,0.006079563675146782
4,2,2,filler_a,200,1382,0.04303709625717711
4,2,3,filler_q,31,1382,0.0058092248391952706
4,2,4,filler_a,200,1382,0.03912972605437659
4,2,5,filler_q,24,1382,0.006295443973887149
4,2,6,filler_a,200,1382,0.03492076104524244
4,2,7,filler_q,19,1382,0.010905083283826666
4,2,8,filler_a,200,1382,0.06465235350674448
4,2,9,probe,373,1382,0.20849629857002583
4,3,0,system,48,1319,0.08915766422803717
4,3,1,filler_q,22,1319,0.006205114882518126
4,3,2,filler_a,200,1319,0.04396684040668353
4,3,3,filler_q,31,1319,0.005877399845273468
4,3,4,filler_a,200,1319,0.0397016381335078
4,3,5,filler_q,24,1319,0.005805993239503482
4,3,6,filler_a,200,1319,0.03460658370437386
4,3,7,filler_q,19,1319,0.010697020981481842
4,3,8,filler_a,200,1319,0.06432719991869362
4,3,9,probe,310,1319,0.2004275918516214
4,4,0,system,48,1306,0.08988945037464102
4,4,1,filler_q,22,1306,0.00632256257262942
4,4,2,filler_a,200,1306,0.04419486281271723
4,4,3,filler_q,31,1306,0.005997363180072324
4,4,4,filler_a,200,1306,0.03947492170289735
4,4,5,filler_q,24,1306,0.005790606310248192
4,4,6,filler_a,200,1306,0.035212687944948584
4,4,7,filler_q,19,1306,0.010724337613151391
4,4,8,filler_a,200,1306,0.06566769043678278
4,4,9,probe,297,1306,0.19771203903860624
4,5,0,system,48,1331,0.08759715193045325
4,5,1,filler_q,22,1331,0.006239315243317833
4,5,2,filler_a,200,1331,0.04349658122892941
4,5,3,filler_q,31,1331,0.0058466056120241305
4,5,4,filler_a,200,1331,0.03906275245187629
4,5,5,filler_q,24,1331,0.0059645219397479465
4,5,6,filler_a,200,1331,0.034123152484340835
4,5,7,filler_q,19,1331,0.010495952063447334
4,5,8,filler_a,200,1331,0.06378612075799595
4,5,9,probe,322,1331,0.20726149241409075
4,6,0,system,48,1267,0.09128109305211751
4,6,1,filler_q,22,1267,0.006551728306725929
4,6,2,filler_a,200,1267,0.04403335208675396
4,6,3,filler_q,31,1267,0.006002853009931641
4,6,4,filler_a,200,1267,0.0400170890683853
4,6,5,filler_q,24,1267,0.00603410768091539
4,6,6,filler_a,200,1267,0.035490869355328414
4,6,7,filler_q,19,1267,0.010229458334388042
4,6,8,filler_a,200,1267,0.06732543148328318
4,6,9,probe,258,1267,0.19545302058133984
4,7,0,system,48,1363,0.08552572194606789
4,7,1,filler_q,22,1363,0.005831618131115879
4,7,2,filler_a,200,1363,0.043332088111938116
4,7,3,filler_q,31,1363,0.00550863510283317
4,7,4,filler_a,200,1363,0.038258846113485845
4,7,5,filler_q,24,1363,0.006056665613592305
4,7,6,filler_a,200,1363,0.03421060292231459
4,7,7,filler_q,19,1363,0.010404899724765215
4,7,8,filler_a,200,1363,0.06399316190706372
4,7,9,probe,354,1363,0.210420188090211
4,8,0,system,48,1244,0.09252692199334511
4,8,1,filler_q,22,1244,0.006416122404312399
4,8,2,filler_a,200,1244,0.0445241725584411
4,8,3,filler_q,31,1244,0.005727705160600505
4,8,4,filler_a,200,1244,0.0403281172367258
4,8,5,filler_q,24,1244,0.005822026167357386
4,8,6,filler_a,200,1244,0.03533305687858501
4,8,7,filler_q,19,1244,0.009883397287413942
4,8,8,filler_a,200,1244,0.06729646689916535
4,8,9,probe,235,1244,0.19421484696840707
4,9,0,system,48,1640,0.07712802543120093
4,9,1,filler_q,22,1640,0.006226521646544893
4,9,2,filler_a,200,1640,0.04031970086386849
4,9,3,filler_q,31,1640,0.005586008913879337
4,9,4,filler_a,200,1640,0.035288063690451565
4,9,5,filler_q,24,1640,0.006276551170768363
4,9,6,filler_a,200,1640,0.03217031748529253
4,9,7,filler_q,19,1640,0.011062055418533667
4,9,8,filler_a,200,1640,0.059896199260037974
4,9,9,probe,631,1640,0.2350909138242514
4,10,0,system,48,1290,0.0911201548439875
4,10,1,filler_q,22,1290,0.006447559658640412
4,10,2,filler_a,200,1290,0.04472953734616264
4,10,3,filler_q,31,1290,0.00594416739407011
4,10,4,filler_a,200,1290,0.03952401770998648
4,10,5,filler_q,24,1290,0.005828242596548128
4,10,6,filler_a,200,1290,0.03513421213480683
4,10,7,filler_q,19,1290,0.009856417551372232
4,10,8,filler_a,200,1290,0.06595091783374585
4,10,9,probe,281,1290,0.19686532242394605
4,11,0,system,48,1264,0.09251247862953704
4,11,1,filler_q,22,1264,0.006423515138888808
4,11,2,filler_a,200,1264,0.044152257313733234
4,11,3,filler_q,31,1264,0.005902832781029543
4,11,4,filler_a,200,1264,0.03997985304602736
4,11,5,filler_q,24,1264,0.00592577333103661
4,11,6,filler_a,200,1264,0.03553817704479911
4,11,7,filler_q,19,1264,0.010115247253020598
4,11,8,filler_a,200,1264,0.06726057006025599
4,11,9,probe,255,1264,0.1925281237129184
4,12,0,system,48,1288,0.09060614854262372
4,12,1,filler_q,22,1288,0.006374377058038894
4,12,2,filler_a,200,1288,0.04404112767324453
4,12,3,filler_q,31,1288,0.005870567038889218
4,12,4,filler_a,200,1288,0.03910645252908296
4,12,5,filler_q,24,1288,0.005748656285876841
4,12,6,filler_a,200,1288,0.03486070631143434
4,12,7,filler_q,19,1288,0.009741660561994436
4,12,8,filler_a,200,1288,0.06518210991526985
4,12,9,probe,279,1288,0.19735361948733043
4,13,0,system,48,1330,0.08715322188548313
4,13,1,filler_q,22,1330,0.006097324629139977
4,13,2,filler_a,200,1330,0.04308938076082308
4,13,3,filler_q,31,1330,0.00577880333257913
4,13,4,filler_a,200,1330,0.03868805076838555
4,13,5,filler_q,24,1330,0.0059475792168424135
4,13,6,filler_a,200,1330,0.03405044081735298
4,13,7,filler_q,19,1330,0.010442070445538576
4,13,8,filler_a,200,1330,0.06377641062967143
4,13,9,probe,321,1330,0.20819170363301964
4,14,0,system,48,1530,0.08030315578344882
4,14,1,filler_q,22,1530,0.005953987754386159
4,14,2,filler_a,200,1530,0.04058012567894398
4,14,3,filler_q,31,1530,0.005705849410415187
4,14,4,filler_a,200,1530,0.03656825412688569
4,14,5,filler_q,24,1530,0.006588104478560508
4,14,6,filler_a,200,1530,0.03351672764091873
4,14,7,filler_q,19,1530,0.011764417303639751
4,14,8,filler_a,200,1530,0.06341993004994606
4,14,9,probe,521,1530,0.2251473741864629
4,15,0,system,48,1367,0.08604955832594907
4,15,1,filler_q,22,1367,0.005756484181129007
4,15,2,filler_a,200,1367,0.04271593507181082
4,15,3,filler_q,31,1367,0.005613566596090025
4,15,4,filler_a,200,1367,0.038184498942126055
4,15,5,filler_q,24,1367,0.006222390731664085
4,15,6,filler_a,200,1367,0.03387842164772792
4,15,7,filler_q,19,1367,0.010749973988849248
4,15,8,filler_a,200,1367,0.06351780413703523
4,15,9,probe,358,1367,0.21463489808752456
4,16,0,system,48,1207,0.09410913339708005
4,16,1,filler_q,22,1207,0.006528926252184486
4,16,2,filler_a,200,1207,0.04582986347548024
4,16,3,filler_q,31,1207,0.005863545767108902
4,16,4,filler_a,200,1207,0.04159514301686329
4,16,5,filler_q,24,1207,0.006049523600194284
4,16,6,filler_a,200,1207,0.036108158012979175
4,16,7,filler_q,19,1207,0.01003392261129843
4,16,8,filler_a,200,1207,0.0691791012548606
4,16,9,probe,198,1207,0.1835325609197298
4,17,0,system,48,1295,0.09064136629157549
4,17,1,filler_q,22,1295,0.0063517334850966
4,17,2,filler_a,200,1295,0.043914554655544
4,17,3,filler_q,31,1295,0.00596160609868146
4,17,4,filler_a,200,1295,0.039387182608244586
4,17,5,filler_q,24,1295,0.00581262387760173
4,17,6,filler_a,200,1295,0.034985113364882636
4,17,7,filler_q,19,1295,0.009992186933793334
4,17,8,filler_a,200,1295,0.06501810188939317
4,17,9,probe,286,1295,0.19918826728144268
4,18,0,system,48,1362,0.08581566860217604
4,18,1,filler_q,22,1362,0.005777272566606539
4,18,2,filler_a,200,1362,0.04333529015401627
4,18,3,filler_q,31,1362,0.005548026539383744
4,18,4,filler_a,200,1362,0.03905461199067162
4,18,5,filler_q,24,1362,0.006146062600713709
4,18,6,filler_a,200,1362,0.03437259565231443
4,18,7,filler_q,19,1362,0.01037195376280664
4,18,8,filler_a,200,1362,0.06467724941413167
4,18,9,probe,353,1362,0.21545303693028472
4,19,0,system,48,1337,0.08799194268106625
4,19,1,filler_q,22,1337,0.006176921662258583
4,19,2,filler_a,200,1337,0.043468966559157884
4,19,3,filler_q,31,1337,0.00578310624859904
4,19,4,filler_a,200,1337,0.03937839034362156
4,19,5,filler_q,24,1337,0.006027956924686606
4,19,6,filler_a,200,1337,0.03431536191942541
4,19,7,filler_q,19,1337,0.010425382769767566
4,19,8,filler_a,200,1337,0.06429078696299939
4,19,9,probe,328,1337,0.20634036946694323
4,20,0,system,48,1326,0.08697385207309472
4,20,1,filler_q,22,1326,0.0060631827582292575
4,20,2,filler_a,200,1326,0.04331933316210912
4,20,3,filler_q,31,1326,0.005819111198197668
4,20,4,filler_a,200,1326,0.0390909195971858
4,20,5,filler_q,24,1326,0.005942434755482839
4,20,6,filler_a,200,1326,0.03450371935065277
4,20,7,filler_q,19,1326,0.010836229080336324
4,20,8,filler_a,200,1326,0.06498851756091995
4,20,9,probe,317,1326,0.2085819249305132
4,21,0,system,48,1427,0.08665091904995248
4,21,1,filler_q,22,1427,0.0060250130046145545
4,21,2,filler_a,200,1427,0.04284189524868687
4,21,3,filler_q,31,1427,0.005709217752381479
4,21,4,filler_a,200,1427,0.03858821841510007
4,21,5,filler_q,24,1427,0.00618759618275011
4,21,6,filler_a,200,1427,0.034746955208653674
4,21,7,filler_q,19,1427,0.011953346157207001
4,21,8,filler_a,200,1427,0.06359187282227197
4,21,9,probe,418,1427,0.20571400258927497
4,22,0,system,48,1423,0.08570825517402914
4,22,1,filler_q,22,1423,0.0059690643181116165
4,22,2,filler_a,200,1423,0.042814272732516034
4,22,3,filler_q,31,1423,0.005637267949447078
4,22,4,filler_a,200,1423,0.038834178380490414
4,22,5,filler_q,24,1423,0.006002749501483717
4,22,6,filler_a,200,1423,0.03454035659207477
4,22,7,filler_q,19,1423,0.011571486437812695
4,22,8,filler_a,200,1423,0.06283467585855362
4,22,9,probe,414,1423,0.20807807388678157
4,23,0,system,48,1310,0.08873670167197112
4,23,1,filler_q,22,1310,0.00629875676696301
4,23,2,filler_a,200,1310,0.04400147792049691
4,23,3,filler_q,31,1310,0.005927333650827982
4,23,4,filler_a,200,1310,0.039649405352705
4,23,5,filler_q,24,1310,0.005842124699928286
4,23,6,filler_a,200,1310,0.035097486404964684
4,23,7,filler_q,19,1310,0.010763305341477292
4,23,8,filler_a,200,1310,0.0654495644955091
4,23,9,probe,301,1310,0.20153178295504404
4,24,0,system,48,1243,0.09334733307109655
4,24,1,filler_q,22,1243,0.0064506754323429005
4,24,2,filler_a,200,1243,0.04465417499053159
4,24,3,filler_q,31,1243,0.005765546172198155
4,24,4,filler_a,200,1243,0.04032554787539766
4,24,5,filler_q,24,1243,0.005930876284481634
4,24,6,filler_a,200,1243,0.03536814874169636
4,24,7,filler_q,19,1243,0.010033393410633806
4,24,8,filler_a,200,1243,0.06732656198667542
4,24,9,probe,234,1243,0.19311514986941347
4,25,0,system,48,1425,0.08462034100743243
4,25,1,filler_q,22,1425,0.005885172217003853
4,25,2,filler_a,200,1425,0.04220226381258607
4,25,3,filler_q,31,1425,0.005575831133199649
4,25,4,filler_a,200,1425,0.03722347371981982
4,25,5,filler_q,24,1425,0.005911039684162178
4,25,6,filler_a,200,1425,0.03365088920046588
4,25,7,filler_q,19,1425,0.011589443210094252
4,25,8,filler_a,200,1425,0.06136878832890602
4,25,9,probe,416,1425,0.2185984874197402
4,26,0,system,48,1280,0.09088541541387674
4,26,1,filler_q,22,1280,0.006437082063153743
4,26,2,filler_a,200,1280,0.044584885367177085
4,26,3,filler_q,31,1280,0.0059826517529490975
4,26,4,filler_a,200,1280,0.040223874212543365
4,26,5,filler_q,24,1280,0.005923815523633635
4,26,6,filler_a,200,1280,0.03559523848355184
4,26,7,filler_q,19,1280,0.00974478827488845
4,26,8,filler_a,200,1280,0.06700544436101552
4,26,9,probe,271,1280,0.19971287912358093
4,27,0,system,48,1389,0.08589227374846131
4,27,1,filler_q,22,1389,0.00593991440312841
4,27,2,filler_a,200,1389,0.042710858858455936
4,27,3,filler_q,31,1389,0.005700486403173111
4,27,4,filler_a,200,1389,0.03833757281349648
4,27,5,filler_q,24,1389,0.0060672721781738215
4,27,6,filler_a,200,1389,0.03429415256889001
4,27,7,filler_q,19,1389,0.010805878671285463
4,27,8,filler_a,200,1389,0.06382590797537091
4,27,9,probe,380,1389,0.21105588040427392
4,28,0,system,48,1336,0.08744927578646822
4,28,1,filler_q,22,1336,0.0061384477150921435
4,28,2,filler_a,200,1336,0.043138032528167614
4,28,3,filler_q,31,1336,0.0058817854706668116
4,28,4,filler_a,200,1336,0.03852892664846408
4,28,5,filler_q,24,1336,0.0061886323623845385
4,28,6,filler_a,200,1336,0.034482351703189806
4,28,7,filler_q,19,1336,0.010830026817433058
4,28,8,filler_a,200,1336,0.0648405719089169
4,28,9,probe,327,1336,0.2102868881283939
4,29,0,system,48,1352,0.08596661489963608
4,29,1,filler_q,22,1352,0.005936255549584379
4,29,2,filler_a,200,1352,0.04332198558236666
4,29,3,filler_q,31,1352,0.005704806238079174
4,29,4,filler_a,200,1352,0.038776953799995795
4,29,5,filler_q,24,1352,0.006110828404600976
4,29,6,filler_a,200,1352,0.03442735172004063
4,29,7,filler_q,19,1352,0.010134607656413053
4,29,8,filler_a,200,1352,0.06414677650897715
4,29,9,probe,343,1352,0.21079461568001534
4,30,0,system,48,1277,0.0917355748978137
4,30,1,filler_q,22,1277,0.006656338723043165
4,30,2,filler_a,200,1277,0.04444792257271801
4,30,3,filler_q,31,1277,0.006049262016367352
4,30,4,filler_a,200,1277,0.039883487672113915
4,30,5,filler_q,24,1277,0.0060549698180111244
4,30,6,filler_a,200,1277,0.035479588362676395
4,30,7,filler_q,19,1277,0.010075187317123202
4,30,8,filler_a,200,1277,0.06698005760222259
4,30,9,probe,268,1277,0.19101526346275932
4,31,0,system,48,1276,0.09190355436414865
4,31,1,filler_q,22,1276,0.0065308560908201585
4,31,2,filler_a,200,1276,0.043771751806130466
4,31,3,filler_q,31,1276,0.0058893904562421495
4,31,4,filler_a,200,1276,0.0392372131315426
4,31,5,filler_q,24,1276,0.005850989784985661
4,31,6,filler_a,200,1276,0.03482298130202821
4,31,7,filler_q,19,1276,0.009920855587449928
4,31,8,filler_a,200,1276,0.06603284676944554
4,31,9,probe,267,1276,0.19489369096390874
4,32,0,system,48,1358,0.08570725161207582
4,32,1,filler_q,22,1358,0.005896429909280132
4,32,2,filler_a,200,1358,0.04319386996103469
4,32,3,filler_q,31,1358,0.005622965786703571
4,32,4,filler_a,200,1358,0.03853361847563974
4,32,5,filler_q,24,1358,0.0061997245265557055
4,32,6,filler_a,200,1358,0.03421289531095795
4,32,7,filler_q,19,1358,0.010244679807733803
4,32,8,filler_a,200,1358,0.06418697194430933
4,32,9,probe,349,1358,0.2109451390870163
4,33,0,system,48,1226,0.09272444098095001
4,33,1,filler_q,22,1226,0.006474597821221839
4,33,2,filler_a,200,1226,0.04534057085016263
4,33,3,filler_q,31,1226,0.005835465820789976
4,33,4,filler_a,200,1226,0.041322568040499164
4,33,5,filler_q,24,1226,0.006174271290507072
4,33,6,filler_a,200,1226,0.03619613276805467
4,33,7,filler_q,19,1226,0.010156170096262684
4,33,8,filler_a,200,1226,0.06852056579899113
4,33,9,probe,217,1226,0.18804840685947966
4,34,0,system,48,1484,0.084260107422085
4,34,1,filler_q,22,1484,0.005780137373870398
4,34,2,filler_a,200,1484,0.04175980462800721
4,34,3,filler_q,31,1484,0.005782390410900007
4,34,4,filler_a,200,1484,0.037621106589938336
4,34,5,filler_q,24,1484,0.006020172511023714
4,34,6,filler_a,200,1484,0.03360180923109013
4,34,7,filler_q,19,1484,0.011283786546957497
4,34,8,filler_a,200,1484,0.063555548027594
4,34,9,probe,475,1484,0.21570463607531565
4,35,0,system,48,1277,0.09192092672477781
4,35,1,filler_q,22,1277,0.006532968556162755
4,35,2,filler_a,200,1277,0.04401126389518617
4,35,3,filler_q,31,1277,0.00598561123249064
4,35,4,filler_a,200,1277,0.03995436386163931
4,35,5,filler_q,24,1277,0.005928419076563496
4,35,6,filler_a,200,1277,0.0352451763415047
4,35,7,filler_q,19,1277,0.00979348389326784
4,35,8,filler_a,200,1277,0.06666364938092784
4,35,9,probe,268,1277,0.19889079464337556
4,36,0,system,48,1443,0.08432329068084421
4,36,1,filler_q,22,1443,0.005908609309688839
4,36,2,filler_a,200,1443,0.042062450286041386
4,36,3,filler_q,31,1443,0.005436863057686342
4,36,4,filler_a,200,1443,0.03707316630163149
4,36,5,filler_q,24,1443,0.00593704744528889
4,36,6,filler_a,200,1443,0.03314823760614871
4,36,7,filler_q,19,1443,0.011368930761048945
4,36,8,filler_a,200,1443,0.06113231878315162
4,36,9,probe,434,1443,0.21932138094712172
4,37,0,system,48,1262,0.09180284021180185
4,37,1,filler_q,22,1262,0.0065973196448310956
4,37,2,filler_a,200,1262,0.04425002455890681
4,37,3,filler_q,31,1262,0.0058691724764714515
4,37,4,filler_a,200,1262,0.03990748638474173
4,37,5,filler_q,24,1262,0.005906078625148137
4,37,6,filler_a,200,1262,0.03536734086443971
4,37,7,filler_q,19,1262,0.010005747982743785
4,37,8,filler_a,200,1262,0.06719983096621718
4,37,9,probe,253,1262,0.1970333412743912
4,38,0,system,48,1233,0.09221440304830786
4,38,1,filler_q,22,1233,0.006395274452996577
4,38,2,filler_a,200,1233,0.04582258454507715
4,38,3,filler_q,31,1233,0.005754039133384348
4,38,4,filler_a,200,1233,0.040723555968952496
4,38,5,filler_q,24,1233,0.005999339566739259
4,38,6,filler_a,200,1233,0.03588046060579586
4,38,7,filler_q,19,1233,0.010042055727520705
4,38,8,filler_a,200,1233,0.06889215169880458
4,38,9,probe,224,1233,0.1908818567153503
4,39,0,system,48,1317,0.08870231850925014
4,39,1,filler_q,22,1317,0.006229043976923976
4,39,2,filler_a,200,1317,0.04415874501422401
4,39,3,filler_q,31,1317,0.005904818197645656
4,39,4,filler_a,200,1317,0.03943649771740354
4,39,5,filler_q,24,1317,0.005992621436390566
4,39,6,filler_a,200,1317,0.03495909530569463
4,39,7,filler_q,19,1317,0.010921149477148617
4,39,8,filler_a,200,1317,0.065086749839395
4,39,9,probe,308,1317,0.197785178103004
6,0,0,system,48,1615,0.07949793415261297
6,0,1,filler_q,22,1615,0.004952208380887849
6,0,2,filler_a,200,1615,0.033224165657958604
6,0,3,filler_q,31,1615,0.003849187089656786
6,0,4,filler_a,200,1615,0.03137454709854559
6,0,5,filler_q,24,1615,0.0033149780063244094
6,0,6,filler_a,200,1615,0.022884650602629453
6,0,7,filler_q,19,1615,0.004244547409040678
6,0,8,filler_a,200,1615,0.035497688766497504
6,0,9,filler_q,19,1615,0.004943825907329558
6,0,10,filler_a,200,1615,0.03259997351521804
6,0,11,filler_q,20,1615,0.008994446880430829
6,0,12,filler_a,200,1615,0.059617925836732866
6,0,13,probe,143,1615,0.17634002347358546
6,1,0,system,48,1720,0.07707936308457403
6,1,1,filler_q,22,1720,0.004842381918754177
6,1,2,filler_a,200,1720,0.032384118310363696
6,1,3,filler_q,31,1720,0.003646565049503281
6,1,4,filler_a,200,1720,0.029584055010140275
6,1,5,filler_q,24,1720,0.0033876326838817583
6,1,6,filler_a,200,1720,0.022247014862049497
6,1,7,filler_q,19,1720,0.00404625987955487
6,1,8,filler_a,200,1720,0.03478217314146548
6,1,9,filler_q,19,1720,0.0052528115529498765
6,1,10,filler_a,200,1720,0.03260174125972526
6,1,11,filler_q,20,1720,0.009142376509668537
6,1,12,filler_a,200,1720,0.056882254852951064
6,1,13,probe,248,1720,0.18833671254878936
6,2,0,system,48,1845,0.07572904917067555
6,2,1,filler_q,22,1845,0.004916304215674469
6,2,2,filler_a,200,1845,0.030833235858963387
6,2,3,filler_q,31,1845,0.0036449466474747505
6,2,4,filler_a,200,1845,0.027512336085492528
6,2,5,filler_q,24,1845,0.003193097799214256
6,2,6,filler_a,200,1845,0.021441209218847845
6,2,7,filler_q,19,1845,0.004072662309252961
6,2,8,filler_a,200,1845,0.03371009777419687
6,2,9,filler_q,19,1845,0.005859616364903619
6,2,10,filler_a,200,1845,0.031876355217278274
6,2,11,filler_q,20,1845,0.010152787412468278
6,2,12,filler_a,200,1845,0.05323334580964456
6,2,13,probe,373,1845,0.20022034984913262
6,3,0,system,48,1782,0.07681730526853087
6,3,1,filler_q,22,1782,0.004847911928808613
6,3,2,filler_a,200,1782,0.03123850127429395
6,3,3,filler_q,31,1782,0.003811316684045052
6,3,4,filler_a,200,1782,0.028408266746248856
6,3,5,filler_q,24,1782,0.003498499847502612
6,3,6,filler_a,200,1782,0.021683649312133513
6,3,7,filler_q,19,1782,0.004458404921676984
6,3,8,filler_a,200,1782,0.03470637444343083
6,3,9,filler_q,19,1782,0.005515200346074889
6,3,10,filler_a,200,1782,0.03203788043013844
6,3,11,filler_q,20,1782,0.010643732341666379
6,3,12,filler_a,200,1782,0.054286440696870386
6,3,13,probe,310,1782,0.19386982381001872
6,4,0,system,48,1769,0.07660510692101655
6,4,1,filler_q,22,1769,0.004877320503166145
6,4,2,filler_a,200,1769,0.03140843440759067
6,4,3,filler_q,31,1769,0.003861223452848228
6,4,4,filler_a,200,1769,0.028356493269929395
6,4,5,filler_q,24,1769,0.003587380476636093
6,4,6,filler_a,200,1769,0.021947548434785302
6,4,7,filler_q,19,1769,0.004595749765731516
6,4,8,filler_a,200,1769,0.034538480248627934
6,4,9,filler_q,19,1769,0.005677508346169979
6,4,10,filler_a,200,1769,0.03284581595747227
6,4,11,filler_q,20,1769,0.010755299087048087
6,4,12,filler_a,200,1769,0.05564257299211306
6,4,13,probe,297,1769,0.1920142181652409
6,5,0,system,48,1794,0.07620024677560219
6,5,1,filler_q,22,1794,0.004829489173353253
6,5,2,filler_a,200,1794,0.031234871243417617
6,5,3,filler_q,31,1794,0.0037053237392731253
6,5,4,filler_a,200,1794,0.028159761685372153
6,5,5,filler_q,24,1794,0.0034093805926463383
6,5,6,filler_a,200,1794,0.021322338569632615
6,5,7,filler_q,19,1794,0.0043168867567598135
6,5,8,filler_a,200,1794,0.03447060794741219
6,5,9,filler_q,19,1794,0.005566410815222023
6,5,10,filler_a,200,1794,0.03178352183009281
6,5,11,filler_q,20,1794,0.010421790523569285
6,5,12,filler_a,200,1794,0.05411113699685188
6,5,13,probe,322,1794,0.19692156164592234
6,6,0,system,48,1730,0.07662471960782304
6,6,1,filler_q,22,1730,0.004983715687507631
6,6,2,filler_a,200,1730,0.03207927212755468
6,6,3,filler_q,31,1730,0.0037740579260797102
6,6,4,filler_a,200,1730,0.029158337342650498
6,6,5,filler_q,24,1730,0.0035472887785986396
6,6,6,filler_a,200,1730,0.02216825866177574
6,6,7,filler_q,19,1730,0.0043206917103044695
6,6,8,filler_a,200,1730,0.03447849465503339
6,6,9,filler_q,19,1730,0.00573206298043083
6,6,10,filler_a,200,1730,0.03259728794517969
6,6,11,filler_q,20,1730,0.009870434322008848
6,6,12,filler_a,200,1730,0.05651289631961731
6,6,13,probe,258,1730,0.19221886252353215
6,7,0,system,48,1826,0.07534796957563777
6,7,1,filler_q,22,1826,0.004929105581145647
6,7,2,filler_a,200,1826,0.030654560925751778
6,7,3,filler_q,31,1826,0.0036214220039100242
6,7,4,filler_a,200,1826,0.027109369776114
6,7,5,filler_q,24,1826,0.0032721896750030344
6,7,6,filler_a,200,1826,0.021246126845910762
6,7,7,filler_q,19,1826,0.004009803822570102
6,7,8,filler_a,200,1826,0.033212981115823936
6,7,9,filler_q,19,1826,0.005621380379629448
6,7,10,filler_a,200,1826,0.031663016953558554
6,7,11,filler_q,20,1826,0.00995885243191097
6,7,12,filler_a,200,1826,0.05419541523110638
6,7,13,probe,354,1826,0.20288991337292828
6,8,0,system,48,1707,0.077673373851214
6,8,1,filler_q,22,1707,0.005011500554109529
6,8,2,filler_a,200,1707,0.032076772939215736
6,8,3,filler_q,31,1707,0.0037646390992852607
6,8,4,filler_a,200,1707,0.030053525220591126
6,8,5,filler_q,24,1707,0.0033983298629755854
6,8,6,filler_a,200,1707,0.022551293408635154
6,8,7,filler_q,19,1707,0.0041973750169295165
6,8,8,filler_a,200,1707,0.035014189699651865
6,8,9,filler_q,19,1707,0.005551647772297108
6,8,10,filler_a,200,1707,0.0326973156039827
6,8,11,filler_q,20,1707,0.009481565418468563
6,8,12,filler_a,200,1707,0.056952013168000803
6,8,13,probe,235,1707,0.1893187909763583
6,9,0,system,48,2103,0.06392023162564055
6,9,1,filler_q,22,2103,0.004801384748859702
6,9,2,filler_a,200,2103,0.02945060135072761
6,9,3,filler_q,31,2103,0.0035555273098469044
6,9,4,filler_a,200,2103,0.02447681136522857
6,9,5,filler_q,24,2103,0.0034380999670104266
6,9,6,filler_a,200,2103,0.019710952159622153
6,9,7,filler_q,19,2103,0.004457642326977096
6,9,8,filler_a,200,2103,0.032434488258445526
6,9,9,filler_q,19,2103,0.0057741629381188875
6,9,10,filler_a,200,2103,0.029610138056428426
6,9,11,filler_q,20,2103,0.010417667429988953
6,9,12,filler_a,200,2103,0.04967890819473553
6,9,13,probe,631,2103,0.2339628162264944
6,10,0,system,48,1753,0.07636414819201023
6,10,1,filler_q,22,1753,0.004949849149882871
6,10,2,filler_a,200,1753,0.03183859902451136
6,10,3,filler_q,31,1753,0.0037794885379520138
6,10,4,filler_a,200,1753,0.02867067867265849
6,10,5,filler_q,24,1753,0.0035239893887722973
6,10,6,filler_a,200,1753,0.021782908724498284
6,10,7,filler_q,19,1753,0.004439498976108958
6,10,8,filler_a,200,1753,0.03435423285771577
6,10,9,filler_q,19,1753,0.005569401639461624
6,10,10,filler_a,200,1753,0.03237814422533347
6,10,11,filler_q,20,1753,0.00947379035832796
6,10,12,filler_a,200,1753,0.05504221405692533
6,10,13,probe,281,1753,0.19011139870258376
6,11,0,system,48,1727,0.07742312050766303
6,11,1,filler_q,22,1727,0.004863529394418401
6,11,2,filler_a,200,1727,0.03204723487602923
6,11,3,filler_q,31,1727,0.003768770326248061
6,11,4,filler_a,200,1727,0.029240828767761684
6,11,5,filler_q,24,1727,0.0035489213438090056
6,11,6,filler_a,200,1727,0.02225931568500039
6,11,7,filler_q,19,1727,0.004297247859274211
6,11,8,filler_a,200,1727,0.034506017384572374
6,11,9,filler_q,19,1727,0.005754712465421252
6,11,10,filler_a,200,1727,0.03278849549288054
6,11,11,filler_q,20,1727,0.009893080714663327
6,11,12,filler_a,200,1727,0.05667169098053648
6,11,13,probe,255,1727,0.18775249436498598
6,12,0,system,48,1751,0.07508235673176873
6,12,1,filler_q,22,1751,0.0048714064277304665
6,12,2,filler_a,200,1751,0.031361101654661105
6,12,3,filler_q,31,1751,0.0036849182655468438
6,12,4,filler_a,200,1751,0.028465477821731255
6,12,5,filler_q,24,1751,0.0034443399075155257
6,12,6,filler_a,200,1751,0.02150907578911876
6,12,7,filler_q,19,1751,0.004305487718927026
6,12,8,filler_a,200,1751,0.0340428558779422
6,12,9,filler_q,19,1751,0.00548939671673887
6,12,10,filler_a,200,1751,0.032265523313753874
6,12,11,filler_q,20,1751,0.009416352329438382
6,12,12,filler_a,200,1751,0.055111336544300116
6,12,13,probe,279,1751,0.19116642102744663
6,13,0,system,48,1793,0.07548555472885066
6,13,1,filler_q,22,1793,0.004838771102129822
6,13,2,filler_a,200,1793,0.03104804984657661
6,13,3,filler_q,31,1793,0.0036713011564521725
6,13,4,filler_a,200,1793,0.027753277903583395
6,13,5,filler_q,24,1793,0.0033840915965565044
6,13,6,filler_a,200,1793,0.021093550073727485
6,13,7,filler_q,19,1793,0.004244433889707688
6,13,8,filler_a,200,1793,0.03371633052442746
6,13,9,filler_q,19,1793,0.005439874980479598
6,13,10,filler_a,200,1793,0.031506408237063965
6,13,11,filler_q,20,1793,0.01043122770419913
6,13,12,filler_a,200,1793,0.0542959241395522
6,13,13,probe,321,1793,0.1999618825448124
6,14,0,system,48,1993,0.06848744103396465
6,14,1,filler_q,22,1993,0.005177682819405402
6,14,2,filler_a,200,1993,0.03010357909900961
6,14,3,filler_q,31,1993,0.003413184472850477
6,14,4,filler_a,200,1993,0.02556224619065528
6,14,5,filler_q,24,1993,0.003232075557344005
6,14,6,filler_a,200,1993,0.020043413316975567
6,14,7,filler_q,19,1993,0.004436027690444266
6,14,8,filler_a,200,1993,0.03302774312485113
6,14,9,filler_q,19,1993,0.006050921146346977
6,14,10,filler_a,200,1993,0.030564696077368225
6,14,11,filler_q,20,1993,0.011027222172236728
6,14,12,filler_a,200,1993,0.05225382300412207
6,14,13,probe,521,1993,0.22162451736085131
6,15,0,system,48,1830,0.0768617409596503
6,15,1,filler_q,22,1830,0.00488942316958141
6,15,2,filler_a,200,1830,0.030353112620058742
6,15,3,filler_q,31,1830,0.0036809109924995365
6,15,4,filler_a,200,1830,0.026996782344648196
6,15,5,filler_q,24,1830,0.0033082995927815606
6,15,6,filler_a,200,1830,0.021055337384129125
6,15,7,filler_q,19,1830,0.004093152027657532
6,15,8,filler_a,200,1830,0.03310449077130784
6,15,9,filler_q,19,1830,0.005847471663574133
6,15,10,filler_a,200,1830,0.031398967246133225
6,15,11,filler_q,20,1830,0.010584345745012769
6,15,12,filler_a,200,1830,0.05380010815602532
6,15,13,probe,358,1830,0.20476681264608487
6,16,0,system,48,1670,0.07900628333815332
6,16,1,filler_q,22,1670,0.0048572404261744105
6,16,2,filler_a,200,1670,0.033150205841357305
6,16,3,filler_q,31,1670,0.00396014359305763
6,16,4,filler_a,200,1670,0.030848223230261596
6,16,5,filler_q,24,1670,0.0034759405799058285
6,16,6,filler_a,200,1670,0.023140250959694075
6,16,7,filler_q,19,1670,0.004280578311328331
6,16,8,filler_a,200,1670,0.0353081823279382
6,16,9,filler_q,19,1670,0.005581520866713596
6,16,10,filler_a,200,1670,0.032966298606012856
6,16,11,filler_q,20,1670,0.009316404987380178
6,16,12,filler_a,200,1670,0.057440696468802344
6,16,13,probe,198,1670,0.1811216675137075
6,17,0,system,48,1758,0.0763124796243424
6,17,1,filler_q,22,1758,0.004701066062540767
6,17,2,filler_a,200,1758,0.031442879241431854
6,17,3,filler_q,31,1758,0.0037447304254244473
6,17,4,filler_a,200,1758,0.028482012487788033
6,17,5,filler_q,24,1758,0.003465537023955634
6,17,6,filler_a,200,1758,0.02160019271892688
6,17,7,filler_q,19,1758,0.004481419333428938
6,17,8,filler_a,200,1758,0.03436792083547857
6,17,9,filler_q,19,1758,0.00553180566208572
6,17,10,filler_a,200,1758,0.03223807474745399
6,17,11,filler_q,20,1758,0.009920841576345651
6,17,12,filler_a,200,1758,0.055284378701514925
6,17,13,probe,286,1758,0.1936937959617353
6,18,0,system,48,1825,0.07591445219845698
6,18,1,filler_q,22,1825,0.0048876893704803415
6,18,2,filler_a,200,1825,0.030468456439253305
6,18,3,filler_q,31,1825,0.003670712542535759
6,18,4,filler_a,200,1825,0.027623126010262844
6,18,5,filler_q,24,1825,0.0033441645566970046
6,18,6,filler_a,200,1825,0.021518321243475746
6,18,7,filler_q,19,1825,0.004147695490894832
6,18,8,filler_a,200,1825,0.033891143258962586
6,18,9,filler_q,19,1825,0.005807302528197278
6,18,10,filler_a,200,1825,0.03218528696177714
6,18,11,filler_q,20,1825,0.010197983976961922
6,18,12,filler_a,200,1825,0.05483307948315996
6,18,13,probe,353,1825,0.20636598572582443
6,19,0,system,48,1800,0.07559360329913986
6,19,1,filler_q,22,1800,0.004763054930968334
6,19,2,filler_a,200,1800,0.03090466046521323
6,19,3,filler_q,31,1800,0.0036429090687718213
6,19,4,filler_a,200,1800,0.02792439037289096
6,19,5,filler_q,24,1800,0.0033987304684266473
6,19,6,filler_a,200,1800,0.021356892558355822
6,19,7,filler_q,19,1800,0.004312203840460493
6,19,8,filler_a,200,1800,0.03428313677983397
6,19,9,filler_q,19,1800,0.005704844106686036
6,19,10,filler_a,200,1800,0.03195873622868817
6,19,11,filler_q,20,1800,0.010506059546845137
6,19,12,filler_a,200,1800,0.05486404521565191
6,19,13,probe,328,1800,0.19931913108257504
6,20,0,system,48,1789,0.07516624578931075
6,20,1,filler_q,22,1789,0.004866238650794106
6,20,2,filler_a,200,1789,0.03075839648992673
6,20,3,filler_q,31,1789,0.00372551088629805
6,20,4,filler_a,200,1789,0.027926803776240128
6,20,5,filler_q,24,1789,0.0034884878468602887
6,20,6,filler_a,200,1789,0.021376623134896855
6,20,7,filler_q,19,1789,0.004405794080110825
6,20,8,filler_a,200,1789,0.034061993236775834
6,20,9,filler_q,19,1789,0.005582359929284464
6,20,10,filler_a,200,1789,0.031944758271095
6,20,11,filler_q,20,1789,0.01099132732743513
6,20,12,filler_a,200,1789,0.055534909352388695
6,20,13,probe,317,1789,0.199588084764855
6,21,0,system,48,1890,0.07592690072539772
6,21,1,filler_q,22,1890,0.005176397202350031
6,21,2,filler_a,200,1890,0.03092839677507729
6,21,3,filler_q,31,1890,0.0035038905694866826
6,21,4,filler_a,200,1890,0.027047752081119647
6,21,5,filler_q,24,1890,0.003293815697605451
6,21,6,filler_a,200,1890,0.021166710036562453
6,21,7,filler_q,19,1890,0.004173445616169558
6,21,8,filler_a,200,1890,0.03352434614969724
6,21,9,filler_q,19,1890,0.005753774911695653
6,21,10,filler_a,200,1890,0.03199489941715683
6,21,11,filler_q,20,1890,0.010973486781979958
6,21,12,filler_a,200,1890,0.05205833151939032
6,21,13,probe,418,1890,0.2010145887716135
6,22,0,system,48,1886,0.07580302579772127
6,22,1,filler_q,22,1886,0.005010306140142644
6,22,2,filler_a,200,1886,0.03096607034396967
6,22,3,filler_q,31,1886,0.0034483630401408033
6,22,4,filler_a,200,1886,0.027124545072276796
6,22,5,filler_q,24,1886,0.003227991365442995
6,22,6,filler_a,200,1886,0.020983882756560046
6,22,7,filler_q,19,1886,0.004041775770632583
6,22,8,filler_a,200,1886,0.03343433668594287
6,22,9,filler_q,19,1886,0.005461081879588714
6,22,10,filler_a,200,1886,0.03182796834310153
6,22,11,filler_q,20,1886,0.010550629862544625
6,22,12,filler_a,200,1886,0.05141249312985963
6,22,13,probe,414,1886,0.2019874660579717
6,23,0,system,48,1773,0.07648935209398314
6,23,1,filler_q,22,1773,0.004817221099737344
6,23,2,filler_a,200,1773,0.031494674936786815
6,23,3,filler_q,31,1773,0.003802906149460661
6,23,4,filler_a,200,1773,0.028371222096938986
6,23,5,filler_q,24,1773,0.003530095749518458
6,23,6,filler_a,200,1773,0.0218010593026432
6,23,7,filler_q,19,1773,0.004431556056279262
6,23,8,filler_a,200,1773,0.03446328781576824
6,23,9,filler_q,19,1773,0.005376303219600143
6,23,10,filler_a,200,1773,0.032288413954404405
6,23,11,filler_q,20,1773,0.010682895406539217
6,23,12,filler_a,200,1773,0.0557542465261065
6,23,13,probe,301,1773,0.19612872788184177
6,24,0,system,48,1706,0.07754986781068599
6,24,1,filler_q,22,1706,0.004936999125855935
6,24,2,filler_a,200,1706,0.03192752347662742
6,24,3,filler_q,31,1706,0.003742511552622285
6,24,4,filler_a,200,1706,0.02956216595890382
6,24,5,filler_q,24,1706,0.003374041605248748
6,24,6,filler_a,200,1706,0.022284718921244506
6,24,7,filler_q,19,1706,0.004179728620733014
6,24,8,filler_a,200,1706,0.03450689323626932
6,24,9,filler_q,19,1706,0.0055802221848116895
6,24,10,filler_a,200,1706,0.0323656235252372
6,24,11,filler_q,20,1706,0.00959667482809401
6,24,12,filler_a,200,1706,0.056798800414100015
6,24,13,probe,234,1706,0.19116121510523953
6,25,0,system,48,1888,0.07487095632879487
6,25,1,filler_q,22,1888,0.005118483688190823
6,25,2,filler_a,200,1888,0.030704033545970025
6,25,3,filler_q,31,1888,0.0034306706789452336
6,25,4,filler_a,200,1888,0.02626362839771712
6,25,5,filler_q,24,1888,0.0032268721994522243
6,25,6,filler_a,200,1888,0.020638613314198917
6,25,7,filler_q,19,1888,0.0040356339820786236
6,25,8,filler_a,200,1888,0.03236661079777292
6,25,9,filler_q,19,1888,0.005450918151635897
6,25,10,filler_a,200,1888,0.030976721862842282
6,25,11,filler_q,20,1888,0.010897147264469886
6,25,12,filler_a,200,1888,0.05126228631235108
6,25,13,probe,416,1888,0.21287405978728202
6,26,0,system,48,1743,0.07597795280652521
6,26,1,filler_q,22,1743,0.004832828102718118
6,26,2,filler_a,200,1743,0.03195343294213426
6,26,3,filler_q,31,1743,0.0037004761943734144
6,26,4,filler_a,200,1743,0.029399747855006098
6,26,5,filler_q,24,1743,0.0035053855811313095
6,26,6,filler_a,200,1743,0.022011153270379058
6,26,7,filler_q,19,1743,0.0042885371014885765
6,26,8,filler_a,200,1743,0.0348414720773107
6,26,9,filler_q,19,1743,0.00545243095531478
6,26,10,filler_a,200,1743,0.03256396872434664
6,26,11,filler_q,20,1743,0.009368530950643716
6,26,12,filler_a,200,1743,0.0557186154513829
6,26,13,probe,271,1743,0.19348267893656157
6,27,0,system,48,1852,0.0758611806441174
6,27,1,filler_q,22,1852,0.004775429431509133
6,27,2,filler_a,200,1852,0.03052999362416832
6,27,3,filler_q,31,1852,0.0036019432004989055
6,27,4,filler_a,200,1852,0.027137988032142957
6,27,5,filler_q,24,1852,0.0031296914922792074
6,27,6,filler_a,200,1852,0.02104315153562064
6,27,7,filler_q,19,1852,0.00413218456791592
6,27,8,filler_a,200,1852,0.03318806029896848
6,27,9,filler_q,19,1852,0.005742915615527533
6,27,10,filler_a,200,1852,0.031825769594007625
6,27,11,filler_q,20,1852,0.0101915660862395
6,27,12,filler_a,200,1852,0.052923740709204026
6,27,13,probe,380,1852,0.20380601399347142
6,28,0,system,48,1799,0.07570780931407159
6,28,1,filler_q,22,1799,0.004722366094668486
6,28,2,filler_a,200,1799,0.030907783625713392
6,28,3,filler_q,31,1799,0.0036647577496078665
6,28,4,filler_a,200,1799,0.027413207109900917
6,28,5,filler_q,24,1799,0.0034473807027318726
6,28,6,filler_a,200,1799,0.021340972923516555
6,28,7,filler_q,19,1799,0.004382809919113995
6,28,8,filler_a,200,1799,0.03364807171499251
6,28,9,filler_q,19,1799,0.005760128911112883
6,28,10,filler_a,200,1799,0.03172905657088165
6,28,11,filler_q,20,1799,0.010866548434025347
6,28,12,filler_a,200,1799,0.0553419247294471
6,28,13,probe,327,1799,0.19940496439539857
6,29,0,system,48,1815,0.07532548532058447
6,29,1,filler_q,22,1815,0.004571076556621999
6,29,2,filler_a,200,1815,0.030604540926967017
6,29,3,filler_q,31,1815,0.0036370005098393665
6,29,4,filler_a,200,1815,0.02737803178467768
6,29,5,filler_q,24,1815,0.0033653688180337316
6,29,6,filler_a,200,1815,0.02138123248564794
6,29,7,filler_q,19,1815,0.004254173358944152
6,29,8,filler_a,200,1815,0.033546814773650624
6,29,9,filler_q,19,1815,0.005672302296710896
6,29,10,filler_a,200,1815,0.031637969499513474
6,29,11,filler_q,20,1815,0.00947337439658913
6,29,12,filler_a,200,1815,0.05311740848139834
6,29,13,probe,343,1815,0.20194785054263775
6,30,0,system,48,1740,0.07704278885464474
6,30,1,filler_q,22,1740,0.005104825569832747
6,30,2,filler_a,200,1740,0.03206815607644842
6,30,3,filler_q,31,1740,0.0037691763231582076
6,30,4,filler_a,200,1740,0.029265718152821307
6,30,5,filler_q,24,1740,0.0035711799063121996
6,30,6,filler_a,200,1740,0.022140949147869682
6,30,7,filler_q,19,1740,0.004346027534640751
6,30,8,filler_a,200,1740,0.034740977531953376
6,30,9,filler_q,19,1740,0.005685475952376562
6,30,10,filler_a,200,1740,0.03287612820135166
6,30,11,filler_q,20,1740,0.009562716844829566
6,30,12,filler_a,200,1740,0.05587226292644232
6,30,13,probe,268,1740,0.18718199475142683
6,31,0,system,48,1739,0.07674514728100862
6,31,1,filler_q,22,1739,0.004973602043785796
6,31,2,filler_a,200,1739,0.03166394973216935
6,31,3,filler_q,31,1739,0.003701393778117623
6,31,4,filler_a,200,1739,0.02873183602590501
6,31,5,filler_q,24,1739,0.003500511436200282
6,31,6,filler_a,200,1739,0.02180512624981379
6,31,7,filler_q,19,1739,0.004264031025342563
6,31,8,filler_a,200,1739,0.03407413878203158
6,31,9,filler_q,19,1739,0.005624928988578803
6,31,10,filler_a,200,1739,0.03231412779804543
6,31,11,filler_q,20,1739,0.009520202909600428
6,31,12,filler_a,200,1739,0.0552980179175222
6,31,13,probe,267,1739,0.1904501499318485
6,32,0,system,48,1821,0.07494227146527155
6,32,1,filler_q,22,1821,0.0048968706946667245
6,32,2,filler_a,200,1821,0.030485520201640748
6,32,3,filler_q,31,1821,0.0036013096244731646
6,32,4,filler_a,200,1821,0.027154791950762203
6,32,5,filler_q,24,1821,0.003332134543738763
6,32,6,filler_a,200,1821,0.02116800597138635
6,32,7,filler_q,19,1821,0.004176352204210032
6,32,8,filler_a,200,1821,0.0332975744630275
6,32,9,filler_q,19,1821,0.005663144265369624
6,32,10,filler_a,200,1821,0.031461763525413744
6,32,11,filler_q,20,1821,0.009965736830098493
6,32,12,filler_a,200,1821,0.05406820504680354
6,32,13,probe,349,1821,0.20417148363958404
6,33,0,system,48,1689,0.07802260683572222
6,33,1,filler_q,22,1689,0.005066243143435982
6,33,2,filler_a,200,1689,0.03273732482647507
6,33,3,filler_q,31,1689,0.0038612681784421232
6,33,4,filler_a,200,1689,0.030628730743224253
6,33,5,filler_q,24,1689,0.003393892536463078
6,33,6,filler_a,200,1689,0.02298281065860519
6,33,7,filler_q,19,1689,0.004185019212121999
6,33,8,filler_a,200,1689,0.03516596327679622
6,33,9,filler_q,19,1689,0.005521643843200863
6,33,10,filler_a,200,1689,0.03260521191558041
6,33,11,filler_q,20,1689,0.009351883774115777
6,33,12,filler_a,200,1689,0.05664878814502572
6,33,13,probe,217,1689,0.18778774544125554
6,34,0,system,48,1947,0.07524119189544864
6,34,1,filler_q,22,1947,0.004985995830212893
6,34,2,filler_a,200,1947,0.030427502099686504
6,34,3,filler_q,31,1947,0.003575486482696776
6,34,4,filler_a,200,1947,0.026502429299558372
6,34,5,filler_q,24,1947,0.003162801918510705
6,34,6,filler_a,200,1947,0.020633368785936135
6,34,7,filler_q,19,1947,0.004169519508137043
6,34,8,filler_a,200,1947,0.0336013941340525
6,34,9,filler_q,19,1947,0.005433083172389441
6,34,10,filler_a,200,1947,0.030938021070255672
6,34,11,filler_q,20,1947,0.01028710252751086
6,34,12,filler_a,200,1947,0.051650485940314184
6,34,13,probe,475,1947,0.20763282616439938
6,35,0,system,48,1740,0.07697060604095099
6,35,1,filler_q,22,1740,0.004888781768967562
6,35,2,filler_a,200,1740,0.031656318710848064
6,35,3,filler_q,31,1740,0.0037429728999388567
6,35,4,filler_a,200,1740,0.02952390648477632
6,35,5,filler_q,24,1740,0.0035395371656242736
6,35,6,filler_a,200,1740,0.022066051297336076
6,35,7,filler_q,19,1740,0.004300478269016805
6,35,8,filler_a,200,1740,0.03478188825893369
6,35,9,filler_q,19,1740,0.0056348578854437115
6,35,10,filler_a,200,1740,0.03271726841434486
6,35,11,filler_q,20,1740,0.009585369779017583
6,35,12,filler_a,200,1740,0.055737475695678995
6,35,13,probe,268,1740,0.1925131976990997
6,36,0,system,48,1906,0.07473691616804258
6,36,1,filler_q,22,1906,0.0051239757407116416
6,36,2,filler_a,200,1906,0.030393408257917864
6,36,3,filler_q,31,1906,0.0034445887908120323
6,36,4,filler_a,200,1906,0.02631783630189055
6,36,5,filler_q,24,1906,0.003241438668673463
6,36,6,filler_a,200,1906,0.020529790230581657
6,36,7,filler_q,19,1906,0.00403375310941384
6,36,8,filler_a,200,1906,0.03256545852473636
6,36,9,filler_q,19,1906,0.005487413098423488
6,36,10,filler_a,200,1906,0.03055039544015159
6,36,11,filler_q,20,1906,0.01066311120951724
6,36,12,filler_a,200,1906,0.05032802671273373
6,36,13,probe,434,1906,0.21254574515546665
6,37,0,system,48,1725,0.07725481355447668
6,37,1,filler_q,22,1725,0.004895050665460905
6,37,2,filler_a,200,1725,0.03217467189595702
6,37,3,filler_q,31,1725,0.0037728570548726803
6,37,4,filler_a,200,1725,0.029265797784695735
6,37,5,filler_q,24,1725,0.0035237485393303514
6,37,6,filler_a,200,1725,0.022193122012040156
6,37,7,filler_q,19,1725,0.004198833069642749
6,37,8,filler_a,200,1725,0.03426355506864809
6,37,9,filler_q,19,1725,0.0055250018172112725
6,37,10,filler_a,200,1725,0.03242746230142757
6,37,11,filler_q,20,1725,0.009546134114541971
6,37,12,filler_a,200,1725,0.05608665212594133
6,37,13,probe,253,1725,0.19135596500291285
6,38,0,system,48,1696,0.0767295911731326
6,38,1,filler_q,22,1696,0.005075648766648952
6,38,2,filler_a,200,1696,0.032555044260532906
6,38,3,filler_q,31,1696,0.0037782145862341743
6,38,4,filler_a,200,1696,0.029924630234173577
6,38,5,filler_q,24,1696,0.003305603991538106
6,38,6,filler_a,200,1696,0.02273595276989937
6,38,7,filler_q,19,1696,0.00416523072944508
6,38,8,filler_a,200,1696,0.03478914070971939
6,38,9,filler_q,19,1696,0.0054612731391645575
6,38,10,filler_a,200,1696,0.032464343158636666
6,38,11,filler_q,20,1696,0.009443414989456222
6,38,12,filler_a,200,1696,0.05784241737129037
6,38,13,probe,224,1696,0.19088920364856676
6,39,0,system,48,1780,0.07603301562918577
6,39,1,filler_q,22,1780,0.004976903877061555
6,39,2,filler_a,200,1780,0.03122564261508587
6,39,3,filler_q,31,1780,0.0038539315681589414
6,39,4,filler_a,200,1780,0.028206208661744725
6,39,5,filler_q,24,1780,0.003532161620523
6,39,6,filler_a,200,1780,0.021741664711608433
6,39,7,filler_q,19,1780,0.004464126989326578
6,39,8,filler_a,200,1780,0.03446549833104484
6,39,9,filler_q,19,1780,0.005580517327820611
6,39,10,filler_a,200,1780,0.03237415019839318
6,39,11,filler_q,20,1780,0.01092027345517721
6,39,12,filler_a,200,1780,0.05572656389389863
6,39,13,probe,308,1780,0.19418922003251282
9,0,0,system,48,2312,0.06046468789435864
9,0,1,filler_q,22,2312,0.004099827027820614
9,0,2,filler_a,200,2312,0.02369950361860124
9,0,3,filler_q,31,2312,0.0031364439387506276
9,0,4,filler_a,200,2312,0.022171230702159747
9,0,5,filler_q,24,2312,0.002227189534187452
9,0,6,filler_a,200,2312,0.01470578351012801
9,0,7,filler_q,19,2312,0.0023858295777503397
9,0,8,filler_a,200,2312,0.023588695717709385
9,0,9,filler_q,19,2312,0.002241913722947908
9,0,10,filler_a,200,2312,0.01758861883259044
9,0,11,filler_q,20,2312,0.002958317725955728
9,0,12,filler_a,200,2312,0.01998353532033792
9,0,13,filler_q,21,2312,0.004512368486047413
9,0,14,filler_a,200,2312,0.03331326808145718
9,0,15,filler_q,20,2312,0.004484622172790775
9,0,16,filler_a,200,2312,0.027126784522238268
9,0,17,filler_q,20,2312,0.009848126971334636
9,0,18,filler_a,200,2312,0.0527035219681693
9,0,19,probe,143,2312,0.18328457970301315
9,1,0,system,48,2417,0.059368077134759334
9,1,1,filler_q,22,2417,0.00421086607975058
9,1,2,filler_a,200,2417,0.022917354654004195
9,1,3,filler_q,31,2417,0.0027690903656236348
9,1,4,filler_a,200,2417,0.020850483155504123
9,1,5,filler_q,24,2417,0.0023095985345569186
9,1,6,filler_a,200,2417,0.014657392960744059
9,1,7,filler_q,19,2417,0.0022987999649566934
9,1,8,filler_a,200,2417,0.022683631224765577
9,1,9,filler_q,19,2417,0.0021894974438122494
9,1,10,filler_a,200,2417,0.017100494153214463
9,1,11,filler_q,20,2417,0.002886065035135152
9,1,12,filler_a,200,2417,0.019396140159252062
9,1,13,filler_q,21,2417,0.004250358745651273
9,1,14,filler_a,200,2417,0.03246220320011162
9,1,15,filler_q,20,2417,0.004558106275376783
9,1,16,filler_a,200,2417,0.026808023722253438
9,1,17,filler_q,20,2417,0.009994050283687272
9,1,18,filler_a,200,2417,0.04925682884186244
9,1,19,probe,248,2417,0.19278339524635157
9,2,0,system,48,2542,0.06293561099964395
9,2,1,filler_q,22,2542,0.004352905793122988
9,2,2,filler_a,200,2542,0.02225531348800014
9,2,3,filler_q,31,2542,0.0028518470022348705
9,2,4,filler_a,200,2542,0.019565497245070666
9,2,5,filler_q,24,2542,0.0023402467415119923
9,2,6,filler_a,200,2542,0.014122227602754223
9,2,7,filler_q,19,2542,0.0023240446034311114
9,2,8,filler_a,200,2542,0.021393257182217754
9,2,9,filler_q,19,2542,0.0023160686186743246
9,2,10,filler_a,200,2542,0.016222535462778964
9,2,11,filler_q,20,2542,0.0027894254676984476
9,2,12,filler_a,200,2542,0.018952909558183295
9,2,13,filler_q,21,2542,0.004302076972099889
9,2,14,filler_a,200,2542,0.031604076321603
9,2,15,filler_q,20,2542,0.005146365936945951
9,2,16,filler_a,200,2542,0.026400032770325765
9,2,17,filler_q,20,2542,0.01127764044296331
9,2,18,filler_a,200,2542,0.04646443812626444
9,2,19,probe,373,2542,0.19630532282735658
9,3,0,system,48,2479,0.06319321736852546
9,3,1,filler_q,22,2479,0.004130970311016502
9,3,2,filler_a,200,2479,0.022755783871984653
9,3,3,filler_q,31,2479,0.0028606142984240177
9,3,4,filler_a,200,2479,0.020084828300605317
9,3,5,filler_q,24,2479,0.0022621522798672643
9,3,6,filler_a,200,2479,0.014599001304283807
9,3,7,filler_q,19,2479,0.002251933982825643
9,3,8,filler_a,200,2479,0.02220621432324421
9,3,9,filler_q,19,2479,0.0023841724710516043
9,3,10,filler_a,200,2479,0.016558950175560305
9,3,11,filler_q,20,2479,0.0031542591437602185
9,3,12,filler_a,200,2479,0.01925402695688716
9,3,13,filler_q,21,2479,0.004617750398744153
9,3,14,filler_a,200,2479,0.032454612199288135
9,3,15,filler_q,20,2479,0.004777839096298142
9,3,16,filler_a,200,2479,0.026339864967013682
9,3,17,filler_q,20,2479,0.010980780030084958
9,3,18,filler_a,200,2479,0.04651194040951623
9,3,19,probe,310,2479,0.19183768770108145
9,4,0,system,48,2466,0.06312299801673915
9,4,1,filler_q,22,2466,0.0041428196568492615
9,4,2,filler_a,200,2466,0.022758089743985327
9,4,3,filler_q,31,2466,0.002885811439107975
9,4,4,filler_a,200,2466,0.019953296143471053
9,4,5,filler_q,24,2466,0.0023955044845101977
9,4,6,filler_a,200,2466,0.01470729650526352
9,4,7,filler_q,19,2466,0.002301203805594852
9,4,8,filler_a,200,2466,0.022070353985672142
9,4,9,filler_q,19,2466,0.0023639849591745588
9,4,10,filler_a,200,2466,0.01666931692118112
9,4,11,filler_q,20,2466,0.003178850539048872
9,4,12,filler_a,200,2466,0.019420012716327095
9,4,13,filler_q,21,2466,0.004766728888602301
9,4,14,filler_a,200,2466,0.03235798522996447
9,4,15,filler_q,20,2466,0.004881983877830898
9,4,16,filler_a,200,2466,0.026974282655800152
9,4,17,filler_q,20,2466,0.010999507197265501
9,4,18,filler_a,200,2466,0.04733639142872903
9,4,19,probe,297,2466,0.19228435121067378
9,5,0,system,48,2491,0.06129626942924149
9,5,1,filler_q,22,2491,0.004151413543683369
9,5,2,filler_a,200,2491,0.02273945554878798
9,5,3,filler_q,31,2491,0.002850223353619952
9,5,4,filler_a,200,2491,0.019943179420585558
9,5,5,filler_q,24,2491,0.0021841290618624058
9,5,6,filler_a,200,2491,0.01447530997324642
9,5,7,filler_q,19,2491,0.002210453425608719
9,5,8,filler_a,200,2491,0.022026809967100602
9,5,9,filler_q,19,2491,0.002295201680530934
9,5,10,filler_a,200,2491,0.01626921975544038
9,5,11,filler_q,20,2491,0.002976750116423288
9,5,12,filler_a,200,2491,0.018932128489069777
9,5,13,filler_q,21,2491,0.0044184682293928745
9,5,14,filler_a,200,2491,0.031967465158594166
9,5,15,filler_q,20,2491,0.0048008250841584665
9,5,16,filler_a,200,2491,0.026129505470265713
9,5,17,filler_q,20,2491,0.01064977714863602
9,5,18,filler_a,200,2491,0.04619361444747483
9,5,19,probe,322,2491,0.1989088968730357
9,6,0,system,48,2427,0.06218875236043625
9,6,1,filler_q,22,2427,0.004253881558085516
9,6,2,filler_a,200,2427,0.02287132428702475
9,6,3,filler_q,31,2427,0.00278482698738433
9,6,4,filler_a,200,2427,0.020660729810461742
9,6,5,filler_q,24,2427,0.002372118691292869
9,6,6,filler_a,200,2427,0.014775195786999332
9,6,7,filler_q,19,2427,0.002316879778847477
9,6,8,filler_a,200,2427,0.022615788702269768
9,6,9,filler_q,19,2427,0.0022553627620615913
9,6,10,filler_a,200,2427,0.01714457387840973
9,6,11,filler_q,20,2427,0.003157743393339685
9,6,12,filler_a,200,2427,0.01981029404368606
9,6,13,filler_q,21,2427,0.00465951815553034
9,6,14,filler_a,200,2427,0.032711095535148615
9,6,15,filler_q,20,2427,0.00498800577409253
9,6,16,filler_a,200,2427,0.02703429364342469
9,6,17,filler_q,20,2427,0.010367588508380265
9,6,18,filler_a,200,2427,0.04916465889795063
9,6,19,probe,258,2427,0.19081595786019534
9,7,0,system,48,2523,0.05998525977757996
9,7,1,filler_q,22,2523,0.004311733575577806
9,7,2,filler_a,200,2523,0.02216460054044944
9,7,3,filler_q,31,2523,0.002818827833621109
9,7,4,filler_a,200,2523,0.019241143992622885
9,7,5,filler_q,24,2523,0.002181214023889328
9,7,6,filler_a,200,2523,0.01411210434419334
9,7,7,filler_q,19,2523,0.0021632967756963807
9,7,8,filler_a,200,2523,0.0212073936621269
9,7,9,filler_q,19,2523,0.0022786554992667296
9,7,10,filler_a,200,2523,0.015968208143397167
9,7,11,filler_q,20,2523,0.0028982816980990533
9,7,12,filler_a,200,2523,0.018849346811243617
9,7,13,filler_q,21,2523,0.004166841680643879
9,7,14,filler_a,200,2523,0.03128484646629914
9,7,15,filler_q,20,2523,0.00506355247207857
9,7,16,filler_a,200,2523,0.026500100124934534
9,7,17,filler_q,20,2523,0.010962705959684627
9,7,18,filler_a,200,2523,0.04691512155636701
9,7,19,probe,354,2523,0.20425300869601415
9,8,0,system,48,2404,0.0622710503107701
9,8,1,filler_q,22,2404,0.004279299664835637
9,8,2,filler_a,200,2404,0.02311295380179809
9,8,3,filler_q,31,2404,0.0028683973413222447
9,8,4,filler_a,200,2404,0.021094414378224527
9,8,5,filler_q,24,2404,0.0023671685521478867
9,8,6,filler_a,200,2404,0.014790544259110625
9,8,7,filler_q,19,2404,0.0023946285092923654
9,8,8,filler_a,200,2404,0.022752471174973365
9,8,9,filler_q,19,2404,0.0022755188333062892
9,8,10,filler_a,200,2404,0.017518715978996013
9,8,11,filler_q,20,2404,0.002978406148988144
9,8,12,filler_a,200,2404,0.019843129871209064
9,8,13,filler_q,21,2404,0.0043555851903613885
9,8,14,filler_a,200,2404,0.03254442683467573
9,8,15,filler_q,20,2404,0.004724264496178798
9,8,16,filler_a,200,2404,0.02668133772078818
9,8,17,filler_q,20,2404,0.010004699804721184
9,8,18,filler_a,200,2404,0.049550384368160394
9,8,19,probe,235,2404,0.19128726713597644
9,9,0,system,48,2800,0.047805625107276484
9,9,1,filler_q,22,2800,0.00436319478595963
9,9,2,filler_a,200,2800,0.021666490658163617
9,9,3,filler_q,31,2800,0.0026669777724857846
9,9,4,filler_a,200,2800,0.01744613595744049
9,9,5,filler_q,24,2800,0.0023109252729714086
9,9,6,filler_a,200,2800,0.012890915558114984
9,9,7,filler_q,19,2800,0.002233047753717493
9,9,8,filler_a,200,2800,0.02006749827153226
9,9,9,filler_q,19,2800,0.0023168125897826157
9,9,10,filler_a,200,2800,0.014754154631573813
9,9,11,filler_q,20,2800,0.0029726625852798914
9,9,12,filler_a,200,2800,0.017523299664099934
9,9,13,filler_q,21,2800,0.0041346990470648715
9,9,14,filler_a,200,2800,0.028607681566032994
9,9,15,filler_q,20,2800,0.004698794586401822
9,9,16,filler_a,200,2800,0.023549622656679592
9,9,17,filler_q,20,2800,0.010702522430805717
9,9,18,filler_a,200,2800,0.04258340605597155
9,9,19,probe,631,2800,0.23925664589114604
9,10,0,system,48,2450,0.06217493941196017
9,10,1,filler_q,22,2450,0.00418575843729721
9,10,2,filler_a,200,2450,0.02306761296778207
9,10,3,filler_q,31,2450,0.0028223888906690653
9,10,4,filler_a,200,2450,0.020244103846544903
9,10,5,filler_q,24,2450,0.0023729901122823424
9,10,6,filler_a,200,2450,0.014628748445132546
9,10,7,filler_q,19,2450,0.00231138159988859
9,10,8,filler_a,200,2450,0.02230524767693076
9,10,9,filler_q,19,2450,0.002312385646621673
9,10,10,filler_a,200,2450,0.016754564264394922
9,10,11,filler_q,20,2450,0.0031476940585118407
9,10,12,filler_a,200,2450,0.019335826368397147
9,10,13,filler_q,21,2450,0.004712399494192165
9,10,14,filler_a,200,2450,0.032241009931112785
9,10,15,filler_q,20,2450,0.00493239486855046
9,10,16,filler_a,200,2450,0.026947447305019523
9,10,17,filler_q,20,2450,0.010146235285617422
9,10,18,filler_a,200,2450,0.047812983281176
9,10,19,probe,281,2450,0.19027177158613995
9,11,0,system,48,2424,0.06318894616953474
9,11,1,filler_q,22,2424,0.0042544957674472295
9,11,2,filler_a,200,2424,0.022932843698259563
9,11,3,filler_q,31,2424,0.002806960621058048
9,11,4,filler_a,200,2424,0.020674138966978603
9,11,5,filler_q,24,2424,0.0023456593897686674
9,11,6,filler_a,200,2424,0.014778105664961294
9,11,7,filler_q,19,2424,0.002296677098400284
9,11,8,filler_a,200,2424,0.02262127536931402
9,11,9,filler_q,19,2424,0.002231589218626151
9,11,10,filler_a,200,2424,0.01709642516217702
9,11,11,filler_q,20,2424,0.0031121413044695595
9,11,12,filler_a,200,2424,0.019688608112688688
9,11,13,filler_q,21,2424,0.004536780370444804
9,11,14,filler_a,200,2424,0.03234782571347239
9,11,15,filler_q,20,2424,0.004879499310167401
9,11,16,filler_a,200,2424,0.026910797628602268
9,11,17,filler_q,20,2424,0.010236567825108622
9,11,18,filler_a,200,2424,0.04898069962894169
9,11,19,probe,255,2424,0.18953531136457968
9,12,0,system,48,2448,0.05865830114147119
9,12,1,filler_q,22,2448,0.004107055944786615
9,12,2,filler_a,200,2448,0.022613735825941332
9,12,3,filler_q,31,2448,0.0027352904680533934
9,12,4,filler_a,200,2448,0.01998696104327314
9,12,5,filler_q,24,2448,0.0022773005375896715
9,12,6,filler_a,200,2448,0.01429867120539205
9,12,7,filler_q,19,2448,0.0022428690431076856
9,12,8,filler_a,200,2448,0.021896732280047182
9,12,9,filler_q,19,2448,0.00223608919225321
9,12,10,filler_a,200,2448,0.016444454909744444
9,12,11,filler_q,20,2448,0.0030240276112523112
9,12,12,filler_a,200,2448,0.018744464147679274
9,12,13,filler_q,21,2448,0.004512081545305913
9,12,14,filler_a,200,2448,0.0316700078249994
9,12,15,filler_q,20,2448,0.004756721721421497
9,12,16,filler_a,200,2448,0.026224777874006122
9,12,17,filler_q,20,2448,0.010078079087158187
9,12,18,filler_a,200,2448,0.04720735069838611
9,12,19,probe,279,2448,0.19807162810320733
9,13,0,system,48,2490,0.06000549493748597
9,13,1,filler_q,22,2490,0.004095928615067523
9,13,2,filler_a,200,2490,0.022432655618984554
9,13,3,filler_q,31,2490,0.0028247920245788884
9,13,4,filler_a,200,2490,0.0195962954190515
9,13,5,filler_q,24,2490,0.0021954375783387117
9,13,6,filler_a,200,2490,0.014367004935667012
9,13,7,filler_q,19,2490,0.0022192789464365666
9,13,8,filler_a,200,2490,0.02168861006546008
9,13,9,filler_q,19,2490,0.0023008594637758395
9,13,10,filler_a,200,2490,0.01615761149579109
9,13,11,filler_q,20,2490,0.0030206659518101087
9,13,12,filler_a,200,2490,0.018874281549793648
9,13,13,filler_q,21,2490,0.004458228198731817
9,13,14,filler_a,200,2490,0.03157581500497031
9,13,15,filler_q,20,2490,0.004821604263958612
9,13,16,filler_a,200,2490,0.026096414414169544
9,13,17,filler_q,20,2490,0.01072617839472656
9,13,18,filler_a,200,2490,0.04625971750920144
9,13,19,probe,321,2490,0.19985841545076255
9,14,0,system,48,2690,0.053263492114643984
9,14,1,filler_q,22,2690,0.0040277215815883935
9,14,2,filler_a,200,2690,0.021753516959970298
9,14,3,filler_q,31,2690,0.0026074504656520836
9,14,4,filler_a,200,2690,0.01854819782502415
9,14,5,filler_q,24,2690,0.002149873931695937
9,14,6,filler_a,200,2690,0.012996816003658039
9,14,7,filler_q,19,2690,0.0024486726690505943
9,14,8,filler_a,200,2690,0.020835666843180584
9,14,9,filler_q,19,2690,0.0021610839330736577
9,14,10,filler_a,200,2690,0.015309234852715292
9,14,11,filler_q,20,2690,0.0027171030121135864
9,14,12,filler_a,200,2690,0.01763328138374387
9,14,13,filler_q,21,2690,0.004128935102689246
9,14,14,filler_a,200,2690,0.029276649779347963
9,14,15,filler_q,20,2690,0.00504276325396974
9,14,16,filler_a,200,2690,0.024535167852256734
9,14,17,filler_q,20,2690,0.011560657392897133
9,14,18,filler_a,200,2690,0.04482368595910202
9,14,19,probe,521,2690,0.2230792639725223
9,15,0,system,48,2527,0.06140836494233701
9,15,1,filler_q,22,2527,0.0041496574325008
9,15,2,filler_a,200,2527,0.021875270677749192
9,15,3,filler_q,31,2527,0.002864809388003108
9,15,4,filler_a,200,2527,0.01927533583097131
9,15,5,filler_q,24,2527,0.002221347680406162
9,15,6,filler_a,200,2527,0.014019149504308392
9,15,7,filler_q,19,2527,0.0022772471954428525
9,15,8,filler_a,200,2527,0.020979390996067132
9,15,9,filler_q,19,2527,0.0023140999939318674
9,15,10,filler_a,200,2527,0.01588735539402064
9,15,11,filler_q,20,2527,0.0028739441466358595
9,15,12,filler_a,200,2527,0.018677856422367634
9,15,13,filler_q,21,2527,0.004149988294775947
9,15,14,filler_a,200,2527,0.03085515375219927
9,15,15,filler_q,20,2527,0.005175838750378414
9,15,16,filler_a,200,2527,0.026061381946618667
9,15,17,filler_q,20,2527,0.011492285618302844
9,15,18,filler_a,200,2527,0.046916875588294715
9,15,19,probe,358,2527,0.20732915058943036
9,16,0,system,48,2367,0.06299111688456571
9,16,1,filler_q,22,2367,0.004453868159257345
9,16,2,filler_a,200,2367,0.023657433277708535
9,16,3,filler_q,31,2367,0.003111027806379343
9,16,4,filler_a,200,2367,0.02181676745802829
9,16,5,filler_q,24,2367,0.002424443841822106
9,16,6,filler_a,200,2367,0.015283127045660448
9,16,7,filler_q,19,2367,0.0023223687325169586
9,16,8,filler_a,200,2367,0.023453416709489083
9,16,9,filler_q,19,2367,0.002406548474057857
9,16,10,filler_a,200,2367,0.01780783644165851
9,16,11,filler_q,20,2367,0.0030810958450220027
9,16,12,filler_a,200,2367,0.020365769564613334
9,16,13,filler_q,21,2367,0.004558447618835393
9,16,14,filler_a,200,2367,0.03318845401079784
9,16,15,filler_q,20,2367,0.004791756732005048
9,16,16,filler_a,200,2367,0.02690169824072086
9,16,17,filler_q,20,2367,0.01016441860381212
9,16,18,filler_a,200,2367,0.05028131505935107
9,16,19,probe,198,2367,0.1833326258820307
9,17,0,system,48,2455,0.06217166421546394
9,17,1,filler_q,22,2455,0.003938908016325099
9,17,2,filler_a,200,2455,0.022476874707579385
9,17,3,filler_q,31,2455,0.0027900423394793565
9,17,4,filler_a,200,2455,0.02021181755489356
9,17,5,filler_q,24,2455,0.002392338149391052
9,17,6,filler_a,200,2455,0.01458998055430244
9,17,7,filler_q,19,2455,0.002290285977346105
9,17,8,filler_a,200,2455,0.022214815123813736
9,17,9,filler_q,19,2455,0.002293781737914724
9,17,10,filler_a,200,2455,0.01670545228013509
9,17,11,filler_q,20,2455,0.0031630037841064995
9,17,12,filler_a,200,2455,0.01929446084685027
9,17,13,filler_q,21,2455,0.00486283991515285
9,17,14,filler_a,200,2455,0.032404620941804296
9,17,15,filler_q,20,2455,0.004894850171533127
9,17,16,filler_a,200,2455,0.026705049190610453
9,17,17,filler_q,20,2455,0.01045368189701179
9,17,18,filler_a,200,2455,0.04771478490391701
9,17,19,probe,286,2455,0.1951196768650334
9,18,0,system,48,2522,0.06061591696397575
9,18,1,filler_q,22,2522,0.004362594841699839
9,18,2,filler_a,200,2522,0.022278004013714048
9,18,3,filler_q,31,2522,0.00290638812545859
9,18,4,filler_a,200,2522,0.019715249807552772
9,18,5,filler_q,24,2522,0.0022480541720853522
9,18,6,filler_a,200,2522,0.014298274610906159
9,18,7,filler_q,19,2522,0.0022393238035635097
9,18,8,filler_a,200,2522,0.021569766741678098
9,18,9,filler_q,19,2522,0.002316520207927858
9,18,10,filler_a,200,2522,0.0161409934302994
9,18,11,filler_q,20,2522,0.002961119861692507
9,18,12,filler_a,200,2522,0.01903122534780166
9,18,13,filler_q,21,2522,0.004202237401475434
9,18,14,filler_a,200,2522,0.03140427951824165
9,18,15,filler_q,20,2522,0.005080149731473416
9,18,16,filler_a,200,2522,0.02618261542150435
9,18,17,filler_q,20,2522,0.010594367227103163
9,18,18,filler_a,200,2522,0.046388734406150434
9,18,19,probe,353,2522,0.20489761732460465
9,19,0,system,48,2497,0.061276284674709414
9,19,1,filler_q,22,2497,0.004208253578247598
9,19,2,filler_a,200,2497,0.02238694503437816
9,19,3,filler_q,31,2497,0.0028810022961629337
9,19,4,filler_a,200,2497,0.019857688998318072
9,19,5,filler_q,24,2497,0.00218817366720459
9,19,6,filler_a,200,2497,0.014437925260071142
9,19,7,filler_q,19,2497,0.002241476799494489
9,19,8,filler_a,200,2497,0.0219649126953797
9,19,9,filler_q,19,2497,0.002301356671523813
9,19,10,filler_a,200,2497,0.016290224547042875
9,19,11,filler_q,20,2497,0.003026200278345992
9,19,12,filler_a,200,2497,0.01909975889545157
9,19,13,filler_q,21,2497,0.004503777056474284
9,19,14,filler_a,200,2497,0.032008831285736505
9,19,15,filler_q,20,2497,0.004985076636979002
9,19,16,filler_a,200,2497,0.026166680809211584
9,19,17,filler_q,20,2497,0.010622136509976343
9,19,18,filler_a,200,2497,0.04635216411060128
9,19,19,probe,328,2497,0.19766689931111614
9,20,0,system,48,2486,0.059278321250966215
9,20,1,filler_q,22,2486,0.004064659928028375
9,20,2,filler_a,200,2486,0.022329766439500257
9,20,3,filler_q,31,2486,0.0027798053314556422
9,20,4,filler_a,200,2486,0.019631717494007207
9,20,5,filler_q,24,2486,0.002159355301095464
9,20,6,filler_a,200,2486,0.014315374306101261
9,20,7,filler_q,19,2486,0.002180200559271768
9,20,8,filler_a,200,2486,0.021582666440659537
9,20,9,filler_q,19,2486,0.0023208605140704885
9,20,10,filler_a,200,2486,0.016130958408311802
9,20,11,filler_q,20,2486,0.0031185610386653684
9,20,12,filler_a,200,2486,0.018911412452957577
9,20,13,filler_q,21,2486,0.004566010479514382
9,20,14,filler_a,200,2486,0.0317206989233938
9,20,15,filler_q,20,2486,0.004977901695349285
9,20,16,filler_a,200,2486,0.026431960931788012
9,20,17,filler_q,20,2486,0.011163682862864732
9,20,18,filler_a,200,2486,0.04691043580788801
9,20,19,probe,317,2486,0.20285652984694025
9,21,0,system,48,2587,0.06087738330889636
9,21,1,filler_q,22,2587,0.0044250252250549495
9,21,2,filler_a,200,2587,0.022046637493652765
9,21,3,filler_q,31,2587,0.0028673662844050747
9,21,4,filler_a,200,2587,0.019375437441144727
9,21,5,filler_q,24,2587,0.002251283636432181
9,21,6,filler_a,200,2587,0.013865720569418009
9,21,7,filler_q,19,2587,0.0023977151680153693
9,21,8,filler_a,200,2587,0.02141620877930492
9,21,9,filler_q,19,2587,0.002163369037941504
9,21,10,filler_a,200,2587,0.01603985786677864
9,21,11,filler_q,20,2587,0.002767553589140742
9,21,12,filler_a,200,2587,0.018631844753568605
9,21,13,filler_q,21,2587,0.004090303062495082
9,21,14,filler_a,200,2587,0.030795992655541227
9,21,15,filler_q,20,2587,0.004943185785253268
9,21,16,filler_a,200,2587,0.025954025983040196
9,21,17,filler_q,20,2587,0.012130771426710929
9,21,18,filler_a,200,2587,0.046095307534784524
9,21,19,probe,418,2587,0.2023412997846208
9,22,0,system,48,2583,0.06209275279923654
9,22,1,filler_q,22,2583,0.004486351174301354
9,22,2,filler_a,200,2583,0.022421114978360634
9,22,3,filler_q,31,2583,0.00286314868129349
9,22,4,filler_a,200,2583,0.019493942321713646
9,22,5,filler_q,24,2583,0.0022122399434909446
9,22,6,filler_a,200,2583,0.013843545244334201
9,22,7,filler_q,19,2583,0.0023588213614334193
9,22,8,filler_a,200,2583,0.02152358025074763
9,22,9,filler_q,19,2583,0.0021524759015142704
9,22,10,filler_a,200,2583,0.015970604002188082
9,22,11,filler_q,20,2583,0.0027226254470698596
9,22,12,filler_a,200,2583,0.018569415253308907
9,22,13,filler_q,21,2583,0.0040134775828921665
9,22,14,filler_a,200,2583,0.030997903974338215
9,22,15,filler_q,20,2583,0.004773247220704491
9,22,16,filler_a,200,2583,0.026163191849626344
9,22,17,filler_q,20,2583,0.011570761354641412
9,22,18,filler_a,200,2583,0.045934131557430646
9,22,19,probe,414,2583,0.2013006067754759
9,23,0,system,48,2470,0.06093459940118651
9,23,1,filler_q,22,2470,0.004068329150226313
9,23,2,filler_a,200,2470,0.022550451195726018
9,23,3,filler_q,31,2470,0.0028381136851771166
9,23,4,filler_a,200,2470,0.019913868889038983
9,23,5,filler_q,24,2470,0.002351736751573074
9,23,6,filler_a,200,2470,0.014601122580148548
9,23,7,filler_q,19,2470,0.002266257029632563
9,23,8,filler_a,200,2470,0.022060672364796474
9,23,9,filler_q,19,2470,0.002340985357557057
9,23,10,filler_a,200,2470,0.016520938041242772
9,23,11,filler_q,20,2470,0.003152581430814927
9,23,12,filler_a,200,2470,0.019166345907757898
9,23,13,filler_q,21,2470,0.00463908498522711
9,23,14,filler_a,200,2470,0.031924511924827925
9,23,15,filler_q,20,2470,0.004792114245167789
9,23,16,filler_a,200,2470,0.026737181226863527
9,23,17,filler_q,20,2470,0.01113413756894488
9,23,18,filler_a,200,2470,0.04732283341974153
9,23,19,probe,301,2470,0.19781844814997385
9,24,0,system,48,2403,0.0625592026745696
9,24,1,filler_q,22,2403,0.004129201670655232
9,24,2,filler_a,200,2403,0.022889672920929693
9,24,3,filler_q,31,2403,0.0028432669168683817
9,24,4,filler_a,200,2403,0.020856534757026885
9,24,5,filler_q,24,2403,0.002380565950357359
9,24,6,filler_a,200,2403,0.014739167912345169
9,24,7,filler_q,19,2403,0.0023943587625391023
9,24,8,filler_a,200,2403,0.022603832246804956
9,24,9,filler_q,19,2403,0.0023028506837928786
9,24,10,filler_a,200,2403,0.017427997117052563
9,24,11,filler_q,20,2403,0.0030184692283908576
9,24,12,filler_a,200,2403,0.019835466726114137
9,24,13,filler_q,21,2403,0.0044646379363820765
9,24,14,filler_a,200,2403,0.03255220528224356
9,24,15,filler_q,20,2403,0.004819688292511559
9,24,16,filler_a,200,2403,0.026580727075014465
9,24,17,filler_q,20,2403,0.010411012755600524
9,24,18,filler_a,200,2403,0.04942851463596298
9,24,19,probe,234,2403,0.1897088225114203
9,25,0,system,48,2585,0.05928838818934798
9,25,1,filler_q,22,2585,0.004194829707671797
9,25,2,filler_a,200,2585,0.021792972156837953
9,25,3,filler_q,31,2585,0.00282739703502311
9,25,4,filler_a,200,2585,0.01878866080458909
9,25,5,filler_q,24,2585,0.0022001699790675606
9,25,6,filler_a,200,2585,0.013553909622209759
9,25,7,filler_q,19,2585,0.0023710800940309144
9,25,8,filler_a,200,2585,0.020743699324219905
9,25,9,filler_q,19,2585,0.0021248253627224427
9,25,10,filler_a,200,2585,0.015626329749791168
9,25,11,filler_q,20,2585,0.0027386010635342406
9,25,12,filler_a,200,2585,0.01838351990667242
9,25,13,filler_q,21,2585,0.0039955560305740545
9,25,14,filler_a,200,2585,0.03006836809191782
9,25,15,filler_q,20,2585,0.004852120839624274
9,25,16,filler_a,200,2585,0.0256711951095987
9,25,17,filler_q,20,2585,0.012056026522389018
9,25,18,filler_a,200,2585,0.045626031049550875
9,25,19,probe,416,2585,0.21469136863652238
9,26,0,system,48,2440,0.06034644287230306
9,26,1,filler_q,22,2440,0.004179157035098972
9,26,2,filler_a,200,2440,0.023112491747293414
9,26,3,filler_q,31,2440,0.0027908083032830255
9,26,4,filler_a,200,2440,0.020656816519422083
9,26,5,filler_q,24,2440,0.002357140087713511
9,26,6,filler_a,200,2440,0.014644436562529992
9,26,7,filler_q,19,2440,0.0022930900757386066
9,26,8,filler_a,200,2440,0.022652102135438668
9,26,9,filler_q,19,2440,0.002294612506756777
9,26,10,filler_a,200,2440,0.01689398770411632
9,26,11,filler_q,20,2440,0.003128407609733208
9,26,12,filler_a,200,2440,0.019497354566748726
9,26,13,filler_q,21,2440,0.004602982704065006
9,26,14,filler_a,200,2440,0.032334712163944346
9,26,15,filler_q,20,2440,0.004826478880166185
9,26,16,filler_a,200,2440,0.026818284223594446
9,26,17,filler_q,20,2440,0.00993784997192293
9,26,18,filler_a,200,2440,0.047598166338957526
9,26,19,probe,271,2440,0.19449477879152255
9,27,0,system,48,2549,0.06198698802059893
9,27,1,filler_q,22,2549,0.004188456433698709
9,27,2,filler_a,200,2549,0.02238915590580426
9,27,3,filler_q,31,2549,0.0028151740064775574
9,27,4,filler_a,200,2549,0.019392755166805095
9,27,5,filler_q,24,2549,0.0022579024053556063
9,27,6,filler_a,200,2549,0.01396975819632492
9,27,7,filler_q,19,2549,0.00228919202717082
9,27,8,filler_a,200,2549,0.0211999508176854
9,27,9,filler_q,19,2549,0.0022319607862068824
9,27,10,filler_a,200,2549,0.01601952359737213
9,27,11,filler_q,20,2549,0.0027217903793570752
9,27,12,filler_a,200,2549,0.0185936193697801
9,27,13,filler_q,21,2549,0.004304008527298231
9,27,14,filler_a,200,2549,0.03101771225551886
9,27,15,filler_q,20,2549,0.005002164892608851
9,27,16,filler_a,200,2549,0.02625584219900645
9,27,17,filler_q,20,2549,0.011224694463381368
9,27,18,filler_a,200,2549,0.046346470445200794
9,27,19,probe,380,2549,0.20252115585662978
9,28,0,system,48,2496,0.060881645490937
9,28,1,filler_q,22,2496,0.0040632637242354885
9,28,2,filler_a,200,2496,0.0223218666509456
9,28,3,filler_q,31,2496,0.0029026254142190673
9,28,4,filler_a,200,2496,0.019456585091426927
9,28,5,filler_q,24,2496,0.0022256973316085197
9,28,6,filler_a,200,2496,0.014367463934595148
9,28,7,filler_q,19,2496,0.0022747913188060223
9,28,8,filler_a,200,2496,0.021510317690338177
9,28,9,filler_q,19,2496,0.0023090497158690243
9,28,10,filler_a,200,2496,0.016151872838575443
9,28,11,filler_q,20,2496,0.003093364383663949
9,28,12,filler_a,200,2496,0.019040413877642215
9,28,13,filler_q,21,2496,0.0045423572200693485
9,28,14,filler_a,200,2496,0.03151504137930061
9,28,15,filler_q,20,2496,0.005119702067205356
9,28,16,filler_a,200,2496,0.02643197362088756
9,28,17,filler_q,20,2496,0.011235664556682678
9,28,18,filler_a,200,2496,0.04745422432694113
9,28,19,probe,327,2496,0.19978622027065285
9,29,0,system,48,2512,0.060972496854003966
9,29,1,filler_q,22,2512,0.004071572482361063
9,29,2,filler_a,200,2512,0.02228518980064098
9,29,3,filler_q,31,2512,0.0028817419391917705
9,29,4,filler_a,200,2512,0.019466315493747784
9,29,5,filler_q,24,2512,0.002160993262511739
9,29,6,filler_a,200,2512,0.014188634283178507
9,29,7,filler_q,19,2512,0.002164090167378655
9,29,8,filler_a,200,2512,0.021312445657051593
9,29,9,filler_q,19,2512,0.002245709236611798
9,29,10,filler_a,200,2512,0.016153133886934512
9,29,11,filler_q,20,2512,0.0030102626417066736
9,29,12,filler_a,200,2512,0.018928159659134303
9,29,13,filler_q,21,2512,0.004389830811919931
9,29,14,filler_a,200,2512,0.03141722381286627
9,29,15,filler_q,20,2512,0.0050182260592137595
9,29,16,filler_a,200,2512,0.02619826648933099
9,29,17,filler_q,20,2512,0.010462894925781896
9,29,18,filler_a,200,2512,0.04642892742140248
9,29,19,probe,343,2512,0.203313076874565
9,30,0,system,48,2437,0.06129331973623553
9,30,1,filler_q,22,2437,0.004453519132272557
9,30,2,filler_a,200,2437,0.02315472073639342
9,30,3,filler_q,31,2437,0.002767655776570723
9,30,4,filler_a,200,2437,0.020673151727411014
9,30,5,filler_q,24,2437,0.0023601276787578894
9,30,6,filler_a,200,2437,0.014684404715514007
9,30,7,filler_q,19,2437,0.002301136429336901
9,30,8,filler_a,200,2437,0.02270300805146519
9,30,9,filler_q,19,2437,0.0023048608839355555
9,30,10,filler_a,200,2437,0.017056709618564092
9,30,11,filler_q,20,2437,0.0032114626252829903
9,30,12,filler_a,200,2437,0.019750124982837236
9,30,13,filler_q,21,2437,0.004641209374082522
9,30,14,filler_a,200,2437,0.0324540665246289
9,30,15,filler_q,20,2437,0.005076186650338932
9,30,16,filler_a,200,2437,0.02747887690819084
9,30,17,filler_q,20,2437,0.01022612481823515
9,30,18,filler_a,200,2437,0.04851904906115578
9,30,19,probe,268,2437,0.18896862770861844
9,31,0,system,48,2436,0.062119984308861675
9,31,1,filler_q,22,2436,0.004360413595914027
9,31,2,filler_a,200,2436,0.02279335378122637
9,31,3,filler_q,31,2436,0.002750884666028036
9,31,4,filler_a,200,2436,0.020384747997806395
9,31,5,filler_q,24,2436,0.002319472294502718
9,31,6,filler_a,200,2436,0.014548174752276585
9,31,7,filler_q,19,2436,0.0022659781728941192
9,31,8,filler_a,200,2436,0.022347464535895867
9,31,9,filler_q,19,2436,0.0022692472241983563
9,31,10,filler_a,200,2436,0.016765199144017195
9,31,11,filler_q,20,2436,0.0031233797527773777
9,31,12,filler_a,200,2436,0.01927654990813865
9,31,13,filler_q,21,2436,0.0044840604544021945
9,31,14,filler_a,200,2436,0.03192036148215038
9,31,15,filler_q,20,2436,0.004840974405816878
9,31,16,filler_a,200,2436,0.026408935650152898
9,31,17,filler_q,20,2436,0.010131304605773828
9,31,18,filler_a,200,2436,0.047543799942843634
9,31,19,probe,267,2436,0.19368160648627963
9,32,0,system,48,2518,0.05933460614344527
9,32,1,filler_q,22,2518,0.004428389136743094
9,32,2,filler_a,200,2518,0.02206326350547627
9,32,3,filler_q,31,2518,0.0028571621485388495
9,32,4,filler_a,200,2518,0.019313855523721897
9,32,5,filler_q,24,2518,0.0021655617262104983
9,32,6,filler_a,200,2518,0.014107949528039829
9,32,7,filler_q,19,2518,0.002170663181853414
9,32,8,filler_a,200,2518,0.021309318463942684
9,32,9,filler_q,19,2518,0.0022952107978232578
9,32,10,filler_a,200,2518,0.015987804049080623
9,32,11,filler_q,20,2518,0.003092227739178388
9,32,12,filler_a,200,2518,0.018878777368956157
9,32,13,filler_q,21,2518,0.004378660789545963
9,32,14,filler_a,200,2518,0.03114871253132634
9,32,15,filler_q,20,2518,0.005295678179495944
9,32,16,filler_a,200,2518,0.02646449144971541
9,32,17,filler_q,20,2518,0.01093818466057428
9,32,18,filler_a,200,2518,0.04670517814201958
9,32,19,probe,349,2518,0.20492299431043648
9,33,0,system,48,2386,0.061010001940338454
9,33,1,filler_q,22,2386,0.004179512101422736
9,33,2,filler_a,200,2386,0.023102202896354875
9,33,3,filler_q,31,2386,0.002922964316973274
9,33,4,filler_a,200,2386,0.021383106390839478
9,33,5,filler_q,24,2386,0.0023374640274191395
9,33,6,filler_a,200,2386,0.014877884908085753
9,33,7,filler_q,19,2386,0.002282436444658132
9,33,8,filler_a,200,2386,0.023097844518997768
9,33,9,filler_q,19,2386,0.0023406431514382264
9,33,10,filler_a,200,2386,0.017596323005031778
9,33,11,filler_q,20,2386,0.0028915832848351586
9,33,12,filler_a,200,2386,0.01994936504583822
9,33,13,filler_q,21,2386,0.004407219653780214
9,33,14,filler_a,200,2386,0.03297427601823699
9,33,15,filler_q,20,2386,0.004828722294449195
9,33,16,filler_a,200,2386,0.026908136736039978
9,33,17,filler_q,20,2386,0.010408098589202552
9,33,18,filler_a,200,2386,0.049584147400878464
9,33,19,probe,217,2386,0.18970036074870222
9,34,0,system,48,2644,0.06003598741054805
9,34,1,filler_q,22,2644,0.004348927774880634
9,34,2,filler_a,200,2644,0.022414168105973742
9,34,3,filler_q,31,2644,0.002873648200126396
9,34,4,filler_a,200,2644,0.01922701441874493
9,34,5,filler_q,24,2644,0.0022218756217862205
9,34,6,filler_a,200,2644,0.013583568838821098
9,34,7,filler_q,19,2644,0.002441076514494944
9,34,8,filler_a,200,2644,0.021340292198899352
9,34,9,filler_q,19,2644,0.0022791884564181035
9,34,10,filler_a,200,2644,0.015685980772718544
9,34,11,filler_q,20,2644,0.002710480612647226
9,34,12,filler_a,200,2644,0.018416006112810468
9,34,13,filler_q,21,2644,0.00404182708632482
9,34,14,filler_a,200,2644,0.030383840324674338
9,34,15,filler_q,20,2644,0.004661690826547882
9,34,16,filler_a,200,2644,0.025157731635506053
9,34,17,filler_q,20,2644,0.011177151428940935
9,34,18,filler_a,200,2644,0.04489128298084211
9,34,19,probe,475,2644,0.20845933506871006
9,35,0,system,48,2437,0.06263293336565612
9,35,1,filler_q,22,2437,0.00421573430072833
9,35,2,filler_a,200,2437,0.02290115471679619
9,35,3,filler_q,31,2437,0.0027736486126216657
9,35,4,filler_a,200,2437,0.02088848491056253
9,35,5,filler_q,24,2437,0.0023251517517680685
9,35,6,filler_a,200,2437,0.014672928752179598
9,35,7,filler_q,19,2437,0.002266450534480708
9,35,8,filler_a,200,2437,0.022844120426726455
9,35,9,filler_q,19,2437,0.0022916936911652197
9,35,10,filler_a,200,2437,0.017072925749387124
9,35,11,filler_q,20,2437,0.003190493136883854
9,35,12,filler_a,200,2437,0.019650793051944615
9,35,13,filler_q,21,2437,0.004595286162897394
9,35,14,filler_a,200,2437,0.03250253203961506
9,35,15,filler_q,20,2437,0.0048889982877239335
9,35,16,filler_a,200,2437,0.02706794997041584
9,35,17,filler_q,20,2437,0.009948154760902383
9,35,18,filler_a,200,2437,0.04807505786351385
9,35,19,probe,268,2437,0.1934589042866719
9,36,0,system,48,2603,0.058957665266411885
9,36,1,filler_q,22,2603,0.00435821442512316
9,36,2,filler_a,200,2603,0.021855545946875887
9,36,3,filler_q,31,2603,0.0028824437637049636
9,36,4,filler_a,200,2603,0.018800993795889936
9,36,5,filler_q,24,2603,0.0022101203127193178
9,36,6,filler_a,200,2603,0.013489634526921942
9,36,7,filler_q,19,2603,0.002365181765342442
9,36,8,filler_a,200,2603,0.020874013286752924
9,36,9,filler_q,19,2603,0.0021054444553905427
9,36,10,filler_a,200,2603,0.01558215208340652
9,36,11,filler_q,20,2603,0.0027693619911531853
9,36,12,filler_a,200,2603,0.018259239518904957
9,36,13,filler_q,21,2603,0.0038510120099592426
9,36,14,filler_a,200,2603,0.029568312336735403
9,36,15,filler_q,20,2603,0.00469705270815135
9,36,16,filler_a,200,2603,0.024967699078167982
9,36,17,filler_q,20,2603,0.011381356697065081
9,36,18,filler_a,200,2603,0.04393480269487782
9,36,19,probe,434,2603,0.2138687001333892
9,37,0,system,48,2422,0.06277436421890525
9,37,1,filler_q,22,2422,0.004347354240795706
9,37,2,filler_a,200,2422,0.023018292856935133
9,37,3,filler_q,31,2422,0.002850738416380459
9,37,4,filler_a,200,2422,0.020804753435768087
9,37,5,filler_q,24,2422,0.002372618657581443
9,37,6,filler_a,200,2422,0.014823130833435672
9,37,7,filler_q,19,2422,0.002326001829903472
9,37,8,filler_a,200,2422,0.022700481757748747
9,37,9,filler_q,19,2422,0.002228603747571667
9,37,10,filler_a,200,2422,0.0170911870846302
9,37,11,filler_q,20,2422,0.003019855542504002
9,37,12,filler_a,200,2422,0.019440289533063093
9,37,13,filler_q,21,2422,0.004389604058313568
9,37,14,filler_a,200,2422,0.03201659524344791
9,37,15,filler_q,20,2422,0.004694568917377517
9,37,16,filler_a,200,2422,0.026446316655011515
9,37,17,filler_q,20,2422,0.009791853397999262
9,37,18,filler_a,200,2422,0.048568768838492815
9,37,19,probe,253,2422,0.19198413463800534
9,38,0,system,48,2393,0.059052480317547174
9,38,1,filler_q,22,2393,0.0040745941739472715
9,38,2,filler_a,200,2393,0.023119585319243394
9,38,3,filler_q,31,2393,0.0028733955797196286
9,38,4,filler_a,200,2393,0.02091006665168977
9,38,5,filler_q,24,2393,0.0022991210009496977
9,38,6,filler_a,200,2393,0.014734040532590087
9,38,7,filler_q,19,2393,0.002330786314272545
9,38,8,filler_a,200,2393,0.0227937111265355
9,38,9,filler_q,19,2393,0.002272881410413541
9,38,10,filler_a,200,2393,0.01746946600481536
9,38,11,filler_q,20,2393,0.0028335045605751424
9,38,12,filler_a,200,2393,0.01994561802283379
9,38,13,filler_q,21,2393,0.0043441979746801085
9,38,14,filler_a,200,2393,0.03264310706265405
9,38,15,filler_q,20,2393,0.004804757227834244
9,38,16,filler_a,200,2393,0.02707965533323886
9,38,17,filler_q,20,2393,0.010425387679767972
9,38,18,filler_a,200,2393,0.05092776048002179
9,38,19,probe,224,2393,0.1921927884195611
9,39,0,system,48,2477,0.06059347548770044
9,39,1,filler_q,22,2477,0.004170601077207986
9,39,2,filler_a,200,2477,0.022597157385208316
9,39,3,filler_q,31,2477,0.002843551143134851
9,39,4,filler_a,200,2477,0.01980275413865112
9,39,5,filler_q,24,2477,0.002245732006101073
9,39,6,filler_a,200,2477,0.014390311614401963
9,39,7,filler_q,19,2477,0.0022369086423257595
9,39,8,filler_a,200,2477,0.02179512193801525
9,39,9,filler_q,19,2477,0.0023706238483828246
9,39,10,filler_a,200,2477,0.016415715337836367
9,39,11,filler_q,20,2477,0.003151222264320852
9,39,12,filler_a,200,2477,0.01918044406963504
9,39,13,filler_q,21,2477,0.004631596752141892
9,39,14,filler_a,200,2477,0.03202878320020375
9,39,15,filler_q,20,2477,0.004990417435703942
9,39,16,filler_a,200,2477,0.02695912073204454
9,39,17,filler_q,20,2477,0.011329006168566025
9,39,18,filler_a,200,2477,0.04788061665067289
9,39,19,probe,308,2477,0.19503572002258807
12,0,0,system,48,3010,0.04612710760817773
12,0,1,filler_q,22,3010,0.004342213666994707
12,0,2,filler_a,200,3010,0.01932851665026536
12,0,3,filler_q,31,3010,0.0024509827506200618
12,0,4,filler_a,200,3010,0.015365166442334655
12,0,5,filler_q,24,3010,0.0018879776831172215
12,0,6,filler_a,200,3010,0.011346555756107435
12,0,7,filler_q,19,3010,0.001728481819240132
12,0,8,filler_a,200,3010,0.016389074571214586
12,0,9,filler_q,19,3010,0.0017727962000519658
12,0,10,filler_a,200,3010,0.012476406696295725
12,0,11,filler_q,20,3010,0.0017700985768520638
12,0,12,filler_a,200,3010,0.012600135036122992
12,0,13,filler_q,21,3010,0.0022052207549467517
12,0,14,filler_a,200,3010,0.01981405433473249
12,0,15,filler_q,20,3010,0.001828077797417088
12,0,16,filler_a,200,3010,0.012876177258650368
12,0,17,filler_q,20,3010,0.0028535093509181875
12,0,18,filler_a,200,3010,0.020297754805652657
12,0,19,filler_q,19,3010,0.003582736497799388
12,0,20,filler_a,200,3010,0.026414288530503427
12,0,21,filler_q,22,3010,0.0046256574517054005
12,0,22,filler_a,200,3010,0.03660598398869297
12,0,23,filler_q,21,3010,0.008670170665357801
12,0,24,filler_a,200,3010,0.05546717113611521
12,0,25,probe,143,3010,0.17316247126427697
12,1,0,system,48,3115,0.046995154021644225
12,1,1,filler_q,22,3115,0.004000086408406533
12,1,2,filler_a,200,3115,0.018454629478527163
12,1,3,filler_q,31,3115,0.0025200558480089658
12,1,4,filler_a,200,3115,0.015374468671247143
12,1,5,filler_q,24,3115,0.0018412200338204683
12,1,6,filler_a,200,3115,0.011266835942883358
12,1,7,filler_q,19,3115,0.0017580407148179511
12,1,8,filler_a,200,3115,0.016084718402372845
12,1,9,filler_q,19,3115,0.0015583120024945758
12,1,10,filler_a,200,3115,0.011752765198268504
12,1,11,filler_q,20,3115,0.001762785557403079
12,1,12,filler_a,200,3115,0.0126251895269055
12,1,13,filler_q,21,3115,0.0020880488118631153
12,1,14,filler_a,200,3115,0.018934675869032525
12,1,15,filler_q,20,3115,0.0017241696513661808
12,1,16,filler_a,200,3115,0.012317547138997242
12,1,17,filler_q,20,3115,0.0027553079929311525
12,1,18,filler_a,200,3115,0.019912944938720756
12,1,19,filler_q,19,3115,0.00325580495037725
12,1,20,filler_a,200,3115,0.025477246978169887
12,1,21,filler_q,22,3115,0.0047538194914636955
12,1,22,filler_a,200,3115,0.036783242841806896
12,1,23,filler_q,21,3115,0.008715438036993817
12,1,24,filler_a,200,3115,0.052648126761027925
12,1,25,probe,248,3115,0.177872221441703
12,2,0,system,48,3240,0.048328922352575576
12,2,1,filler_q,22,3240,0.0044171603434505005
12,2,2,filler_a,200,3240,0.018947318939969926
12,2,3,filler_q,31,3240,0.0026314166721531297
12,2,4,filler_a,200,3240,0.015575657627810102
12,2,5,filler_q,24,3240,0.002180733978794105
12,2,6,filler_a,200,3240,0.011584870317598472
12,2,7,filler_q,19,3240,0.0018918209638969438
12,2,8,filler_a,200,3240,0.015926225834874685
12,2,9,filler_q,19,3240,0.001706492662181651
12,2,10,filler_a,200,3240,0.011464632924997884
12,2,11,filler_q,20,3240,0.0018337382634069557
12,2,12,filler_a,200,3240,0.012498652396678175
12,2,13,filler_q,21,3240,0.0021999217051947816
12,2,14,filler_a,200,3240,0.018024125769183136
12,2,15,filler_q,20,3240,0.0018795062969335363
12,2,16,filler_a,200,3240,0.011897937996768082
12,2,17,filler_q,20,3240,0.00256810436538793
12,2,18,filler_a,200,3240,0.019711610664884804
12,2,19,filler_q,19,3240,0.0033537201388707805
12,2,20,filler_a,200,3240,0.025120199778353225
12,2,21,filler_q,22,3240,0.0054172151948932434
12,2,22,filler_a,200,3240,0.037353676586974416
12,2,23,filler_q,21,3240,0.009942808320787755
12,2,24,filler_a,200,3240,0.04826767338735749
12,2,25,probe,373,3240,0.18641093794190056
12,3,0,system,48,3177,0.049757390743190855
12,3,1,filler_q,22,3177,0.0043657288591306045
12,3,2,filler_a,200,3177,0.018586634922884565
12,3,3,filler_q,31,3177,0.0026923471924392133
12,3,4,filler_a,200,3177,0.015542212736248118
12,3,5,filler_q,24,3177,0.0019421107949797178
12,3,6,filler_a,200,3177,0.01138713006555303
12,3,7,filler_q,19,3177,0.0017037854966927488
12,3,8,filler_a,200,3177,0.016046595284921195
12,3,9,filler_q,19,3177,0.0016402203588300282
12,3,10,filler_a,200,3177,0.011420592846878673
12,3,11,filler_q,20,3177,0.0017055721931974982
12,3,12,filler_a,200,3177,0.012822809205898497
12,3,13,filler_q,21,3177,0.0020192687741969724
12,3,14,filler_a,200,3177,0.018340775990651537
12,3,15,filler_q,20,3177,0.0019131820559296076
12,3,16,filler_a,200,3177,0.011926695511348395
12,3,17,filler_q,20,3177,0.0028435450030934173
12,3,18,filler_a,200,3177,0.01973967882778202
12,3,19,filler_q,19,3177,0.003550059139076911
12,3,20,filler_a,200,3177,0.02573761491288451
12,3,21,filler_q,22,3177,0.004842092520292218
12,3,22,filler_a,200,3177,0.036412919895781215
12,3,23,filler_q,21,3177,0.009454113568402533
12,3,24,filler_a,200,3177,0.04770434415070213
12,3,25,probe,310,3177,0.18372760994134296
12,4,0,system,48,3164,0.050370972279796256
12,4,1,filler_q,22,3164,0.004267839320114351
12,4,2,filler_a,200,3164,0.018652715418020577
12,4,3,filler_q,31,3164,0.0026175135350133766
12,4,4,filler_a,200,3164,0.015569330191581798
12,4,5,filler_q,24,3164,0.0019007646077353647
12,4,6,filler_a,200,3164,0.01139510028355284
12,4,7,filler_q,19,3164,0.0016741509970073475
12,4,8,filler_a,200,3164,0.01605538456581057
12,4,9,filler_q,19,3164,0.00163029610967183
12,4,10,filler_a,200,3164,0.011440937571022564
12,4,11,filler_q,20,3164,0.001814667586740862
12,4,12,filler_a,200,3164,0.012724203757877646
12,4,13,filler_q,21,3164,0.002033442185402529
12,4,14,filler_a,200,3164,0.018474222630481485
12,4,15,filler_q,20,3164,0.0018542309858040618
12,4,16,filler_a,200,3164,0.012016676553018413
12,4,17,filler_q,20,3164,0.0028522591770334116
12,4,18,filler_a,200,3164,0.019882451004037183
12,4,19,filler_q,19,3164,0.0035870103890842386
12,4,20,filler_a,200,3164,0.0256068271965475
12,4,21,filler_q,22,3164,0.004853993586533156
12,4,22,filler_a,200,3164,0.0370507918128169
12,4,23,filler_q,21,3164,0.009671580777325772
12,4,24,filler_a,200,3164,0.049825440765260964
12,4,25,probe,297,3164,0.1808953741192454
12,5,0,system,48,3189,0.04873924633530469
12,5,1,filler_q,22,3189,0.004316366738266434
12,5,2,filler_a,200,3189,0.018639606020896066
12,5,3,filler_q,31,3189,0.0026796783451124425
12,5,4,filler_a,200,3189,0.015386074641035918
12,5,5,filler_q,24,3189,0.0019825931440365374
12,5,6,filler_a,200,3189,0.011307914558811749
12,5,7,filler_q,19,3189,0.0016949009271519794
12,5,8,filler_a,200,3189,0.015919568387113947
12,5,9,filler_q,19,3189,0.0016266269421482953
12,5,10,filler_a,200,3189,0.011405601986402633
12,5,11,filler_q,20,3189,0.001659772691644945
12,5,12,filler_a,200,3189,0.012690656673217789
12,5,13,filler_q,21,3189,0.0020256514841227053
12,5,14,filler_a,200,3189,0.018207224096112418
12,5,15,filler_q,20,3189,0.001835823546778803
12,5,16,filler_a,200,3189,0.011751832721745181
12,5,17,filler_q,20,3189,0.002772955671601046
12,5,18,filler_a,200,3189,0.019502975219223534
12,5,19,filler_q,19,3189,0.003416940982697861
12,5,20,filler_a,200,3189,0.025347899427487164
12,5,21,filler_q,22,3189,0.005034630547051666
12,5,22,filler_a,200,3189,0.036506905993832106
12,5,23,filler_q,21,3189,0.009485095771346153
12,5,24,filler_a,200,3189,0.047928829821103136
12,5,25,probe,322,3189,0.18789545749768877
12,6,0,system,48,3125,0.04938760318017277
12,6,1,filler_q,22,3125,0.004181884336043621
12,6,2,filler_a,200,3125,0.018576397688097518
12,6,3,filler_q,31,3125,0.0025984477502706245
12,6,4,filler_a,200,3125,0.015382173993337744
12,6,5,filler_q,24,3125,0.0018627035076326341
12,6,6,filler_a,200,3125,0.011206913988325296
12,6,7,filler_q,19,3125,0.0017953379053510486
12,6,8,filler_a,200,3125,0.015954761259679526
12,6,9,filler_q,19,3125,0.0015774232859723822
12,6,10,filler_a,200,3125,0.011784127241236429
12,6,11,filler_q,20,3125,0.001797801564559874
12,6,12,filler_a,200,3125,0.012714799676531746
12,6,13,filler_q,21,3125,0.0020445930293228765
12,6,14,filler_a,200,3125,0.01875124429941799
12,6,15,filler_q,20,3125,0.0017444225992210571
12,6,16,filler_a,200,3125,0.01231384995616902
12,6,17,filler_q,20,3125,0.0028192984598174736
12,6,18,filler_a,200,3125,0.01997529430865841
12,6,19,filler_q,19,3125,0.0034738574532149347
12,6,20,filler_a,200,3125,0.025417235897464252
12,6,21,filler_q,22,3125,0.0049768305898088006
12,6,22,filler_a,200,3125,0.036550891476849756
12,6,23,filler_q,21,3125,0.008840575637981019
12,6,24,filler_a,200,3125,0.05221371009758968
12,6,25,probe,258,3125,0.17949976628460718
12,7,0,system,48,3221,0.047104886242791744
12,7,1,filler_q,22,3221,0.004211958110016265
12,7,2,filler_a,200,3221,0.018519720637565906
12,7,3,filler_q,31,3221,0.00250265643617322
12,7,4,filler_a,200,3221,0.015238571050694816
12,7,5,filler_q,24,3221,0.0019684874997212788
12,7,6,filler_a,200,3221,0.011242868799261174
12,7,7,filler_q,19,3221,0.0017866666945854648
12,7,8,filler_a,200,3221,0.015443508905639391
12,7,9,filler_q,19,3221,0.0016462082192309892
12,7,10,filler_a,200,3221,0.01127184426316514
12,7,11,filler_q,20,3221,0.00168207454045574
12,7,12,filler_a,200,3221,0.01227968383883973
12,7,13,filler_q,21,3221,0.0019975826940522787
12,7,14,filler_a,200,3221,0.017740281446848943
12,7,15,filler_q,20,3221,0.0018018535492701493
12,7,16,filler_a,200,3221,0.01161778863509877
12,7,17,filler_q,20,3221,0.0025935530705509247
12,7,18,filler_a,200,3221,0.019416588636575333
12,7,19,filler_q,19,3221,0.0031396813335798635
12,7,20,filler_a,200,3221,0.02466358990666251
12,7,21,filler_q,22,3221,0.005102850708834872
12,7,22,filler_a,200,3221,0.036573551318156206
12,7,23,filler_q,21,3221,0.00936593833028887
12,7,24,filler_a,200,3221,0.04862498847717234
12,7,25,probe,354,3221,0.19387182542504888
12,8,0,system,48,3102,0.049488542541578084
12,8,1,filler_q,22,3102,0.00433238837701193
12,8,2,filler_a,200,3102,0.01874492228856639
12,8,3,filler_q,31,3102,0.0026059101036615853
12,8,4,filler_a,200,3102,0.015359364829194533
12,8,5,filler_q,24,3102,0.0018765349693465848
12,8,6,filler_a,200,3102,0.011276450586902964
12,8,7,filler_q,19,3102,0.0017527259291634048
12,8,8,filler_a,200,3102,0.016103484027524106
12,8,9,filler_q,19,3102,0.001613022101945004
12,8,10,filler_a,200,3102,0.011865350995730498
12,8,11,filler_q,20,3102,0.0018476400126790208
12,8,12,filler_a,200,3102,0.012687309670819144
12,8,13,filler_q,21,3102,0.0022304473987521736
12,8,14,filler_a,200,3102,0.01887590298357633
12,8,15,filler_q,20,3102,0.0017952433186411154
12,8,16,filler_a,200,3102,0.012654688077197607
12,8,17,filler_q,20,3102,0.0027565492191235913
12,8,18,filler_a,200,3102,0.02021170033355507
12,8,19,filler_q,19,3102,0.003378451106091529
12,8,20,filler_a,200,3102,0.025713278612954582
12,8,21,filler_q,22,3102,0.004812706886402562
12,8,22,filler_a,200,3102,0.036606476458729276
12,8,23,filler_q,21,3102,0.008746098516692058
12,8,24,filler_a,200,3102,0.0526296659480181
12,8,25,probe,235,3102,0.1776043478871543
12,9,0,system,48,3498,0.03494667327160578
12,9,1,filler_q,22,3498,0.004332768377055818
12,9,2,filler_a,200,3498,0.018608101095436425
12,9,3,filler_q,31,3498,0.0028308629785833705
12,9,4,filler_a,200,3498,0.014746079294704728
12,9,5,filler_q,24,3498,0.0021586433463568013
12,9,6,filler_a,200,3498,0.011911025970039901
12,9,7,filler_q,19,3498,0.0024149076412264
12,9,8,filler_a,200,3498,0.016188118369885984
12,9,9,filler_q,19,3498,0.0017818792271129605
12,9,10,filler_a,200,3498,0.011293137584616808
12,9,11,filler_q,20,3498,0.001983845254919686
12,9,12,filler_a,200,3498,0.01173139455042909
12,9,13,filler_q,21,3498,0.0020698770726424423
12,9,14,filler_a,200,3498,0.01715386370618893
12,9,15,filler_q,20,3498,0.0019206908845289458
12,9,16,filler_a,200,3498,0.01100498480086802
12,9,17,filler_q,20,3498,0.002733804778878631
12,9,18,filler_a,200,3498,0.01856199312741008
12,9,19,filler_q,19,3498,0.003374566431262216
12,9,20,filler_a,200,3498,0.023012672608620832
12,9,21,filler_q,22,3498,0.004776662873118287
12,9,22,filler_a,200,3498,0.033993749471214585
12,9,23,filler_q,21,3498,0.00958675723847896
12,9,24,filler_a,200,3498,0.04221800164191336
12,9,25,probe,631,3498,0.23060010577773937
12,10,0,system,48,3148,0.04974598712802791
12,10,1,filler_q,22,3148,0.004334003430791874
12,10,2,filler_a,200,3148,0.018707928076326083
12,10,3,filler_q,31,3148,0.0025645393065842096
12,10,4,filler_a,200,3148,0.015474532201247726
12,10,5,filler_q,24,3148,0.0018838920848395363
12,10,6,filler_a,200,3148,0.011256610369819064
12,10,7,filler_q,19,3148,0.001699388275701326
12,10,8,filler_a,200,3148,0.016064562287544375
12,10,9,filler_q,19,3148,0.0015505826195851046
12,10,10,filler_a,200,3148,0.011508902522352617
12,10,11,filler_q,20,3148,0.0017995424156712903
12,10,12,filler_a,200,3148,0.012674956945889326
12,10,13,filler_q,21,3148,0.0020344887879318128
12,10,14,filler_a,200,3148,0.018630095958227066
12,10,15,filler_q,20,3148,0.0018019329955860641
12,10,16,filler_a,200,3148,0.012038948113755943
12,10,17,filler_q,20,3148,0.0028081041645215132
12,10,18,filler_a,200,3148,0.019898603780862972
12,10,19,filler_q,19,3148,0.0035638103331077087
12,10,20,filler_a,200,3148,0.025572894659831036
12,10,21,filler_q,22,3148,0.004864573896429247
12,10,22,filler_a,200,3148,0.036907132029199374
12,10,23,filler_q,21,3148,0.008570238143452258
12,10,24,filler_a,200,3148,0.049958930187813166
12,10,25,probe,281,3148,0.17906825970567297
12,11,0,system,48,3122,0.05044657525127949
12,11,1,filler_q,22,3122,0.00417857430658267
12,11,2,filler_a,200,3122,0.018473212617906548
12,11,3,filler_q,31,3122,0.002584972303980304
12,11,4,filler_a,200,3122,0.015313142759353582
12,11,5,filler_q,24,3122,0.0018687453194714577
12,11,6,filler_a,200,3122,0.011205051914742414
12,11,7,filler_q,19,3122,0.0017635329249620704
12,11,8,filler_a,200,3122,0.01603438835628654
12,11,9,filler_q,19,3122,0.0015915607658557966
12,11,10,filler_a,200,3122,0.011760715042862715
12,11,11,filler_q,20,3122,0.0018087465351080078
12,11,12,filler_a,200,3122,0.012692896985165514
12,11,13,filler_q,21,3122,0.0020396907546865834
12,11,14,filler_a,200,3122,0.01884292413659061
12,11,15,filler_q,20,3122,0.0017402628484189941
12,11,16,filler_a,200,3122,0.012304825983254775
12,11,17,filler_q,20,3122,0.0028072744049807696
12,11,18,filler_a,200,3122,0.019956176448774454
12,11,19,filler_q,19,3122,0.0034259776535460196
12,11,20,filler_a,200,3122,0.02540294281845945
12,11,21,filler_q,22,3122,0.004955186708525794
12,11,22,filler_a,200,3122,0.03672345304727287
12,11,23,filler_q,21,3122,0.008857475247225466
12,11,24,filler_a,200,3122,0.052746668211113956
12,11,25,probe,255,3122,0.17602667946130168
12,12,0,system,48,3146,0.04779470427671262
12,12,1,filler_q,22,3146,0.004385620850060683
12,12,2,filler_a,200,3146,0.018454919424116478
12,12,3,filler_q,31,3146,0.0025474206764765505
12,12,4,filler_a,200,3146,0.01520196352206149
12,12,5,filler_q,24,3146,0.0018785327928688388
12,12,6,filler_a,200,3146,0.011126765563879593
12,12,7,filler_q,19,3146,0.0017075804845708455
12,12,8,filler_a,200,3146,0.01580228814547937
12,12,9,filler_q,19,3146,0.0015204539155751098
12,12,10,filler_a,200,3146,0.011442300286111918
12,12,11,filler_q,20,3146,0.0017673930486345978
12,12,12,filler_a,200,3146,0.012561498658673287
12,12,13,filler_q,21,3146,0.0020348366549862657
12,12,14,filler_a,200,3146,0.01844586569074913
12,12,15,filler_q,20,3146,0.0017907492885783083
12,12,16,filler_a,200,3146,0.011958962669109452
12,12,17,filler_q,20,3146,0.0028279234661693076
12,12,18,filler_a,200,3146,0.01980771660104058
12,12,19,filler_q,19,3146,0.0035787457282009383
12,12,20,filler_a,200,3146,0.02538639036978907
12,12,21,filler_q,22,3146,0.004833101781378302
12,12,22,filler_a,200,3146,0.03627972063330276
12,12,23,filler_q,21,3146,0.008422682293650396
12,12,24,filler_a,200,3146,0.04915332587083299
12,12,25,probe,279,3146,0.1846478139982537
12,13,0,system,48,3188,0.04800483869808092
12,13,1,filler_q,22,3188,0.0042975413699664
12,13,2,filler_a,200,3188,0.018410669217828496
12,13,3,filler_q,31,3188,0.0026640951395079304
12,13,4,filler_a,200,3188,0.015253453074596024
12,13,5,filler_q,24,3188,0.0019787215780445178
12,13,6,filler_a,200,3188,0.011241065079305113
12,13,7,filler_q,19,3188,0.0017097489371954988
12,13,8,filler_a,200,3188,0.01585082793657988
12,13,9,filler_q,19,3188,0.0016436605226328746
12,13,10,filler_a,200,3188,0.011390980551066902
12,13,11,filler_q,20,3188,0.0016877867197674634
12,13,12,filler_a,200,3188,0.012678925185716526
12,13,13,filler_q,21,3188,0.0020307715329194714
12,13,14,filler_a,200,3188,0.018143834913050716
12,13,15,filler_q,20,3188,0.001846134216525519
12,13,16,filler_a,200,3188,0.011773749246942078
12,13,17,filler_q,20,3188,0.002769042398307109
12,13,18,filler_a,200,3188,0.01946339112537457
12,13,19,filler_q,19,3188,0.003410001453013345
12,13,20,filler_a,200,3188,0.025209096496823236
12,13,21,filler_q,22,3188,0.004999194607846036
12,13,22,filler_a,200,3188,0.03642062681473135
12,13,23,filler_q,21,3188,0.009538380025745141
12,13,24,filler_a,200,3188,0.04834722839035521
12,13,25,probe,321,3188,0.18797754582465132
12,14,0,system,48,3388,0.043118924991473406
12,14,1,filler_q,22,3388,0.004320532962976409
12,14,2,filler_a,200,3388,0.018663271109595314
12,14,3,filler_q,31,3388,0.0028219392203866975
12,14,4,filler_a,200,3388,0.014770914424349968
12,14,5,filler_q,24,3388,0.0023355841884060854
12,14,6,filler_a,200,3388,0.012088286544029714
12,14,7,filler_q,19,3388,0.002010398006695325
12,14,8,filler_a,200,3388,0.015681159831471003
12,14,9,filler_q,19,3388,0.0016685658401683554
12,14,10,filler_a,200,3388,0.011533440556108193
12,14,11,filler_q,20,3388,0.001761429304955763
12,14,12,filler_a,200,3388,0.01151230516329256
12,14,13,filler_q,21,3388,0.002277322309735598
12,14,14,filler_a,200,3388,0.01763081364787833
12,14,15,filler_q,20,3388,0.001757221761540566
12,14,16,filler_a,200,3388,0.011364842110586526
12,14,17,filler_q,20,3388,0.0024889183248600344
12,14,18,filler_a,200,3388,0.01874270774263026
12,14,19,filler_q,19,3388,0.003340253537577581
12,14,20,filler_a,200,3388,0.02374077168237676
12,14,21,filler_q,22,3388,0.00512315766342919
12,14,22,filler_a,200,3388,0.03537009549792458
12,14,23,filler_q,21,3388,0.009605162438234283
12,14,24,filler_a,200,3388,0.04442731354991736
12,14,25,probe,521,3388,0.21500503703282448
12,15,0,system,48,3225,0.04803530143536805
12,15,1,filler_q,22,3225,0.004071005242482783
12,15,2,filler_a,200,3225,0.018468920480711026
12,15,3,filler_q,31,3225,0.0025135967977930364
12,15,4,filler_a,200,3225,0.015350095073891623
12,15,5,filler_q,24,3225,0.0020783061521464554
12,15,6,filler_a,200,3225,0.011310264365352651
12,15,7,filler_q,19,3225,0.0018193695641763041
12,15,8,filler_a,200,3225,0.015539179870757813
12,15,9,filler_q,19,3225,0.001697030956906488
12,15,10,filler_a,200,3225,0.011359900163400062
12,15,11,filler_q,20,3225,0.001750391309617254
12,15,12,filler_a,200,3225,0.012316436926285649
12,15,13,filler_q,21,3225,0.002075340687736972
12,15,14,filler_a,200,3225,0.017612081590364898
12,15,15,filler_q,20,3225,0.0018289758965633618
12,15,16,filler_a,200,3225,0.011593800813991306
12,15,17,filler_q,20,3225,0.002544886089864029
12,15,18,filler_a,200,3225,0.019358705142145105
12,15,19,filler_q,19,3225,0.003176503284011478
12,15,20,filler_a,200,3225,0.02476706809432727
12,15,21,filler_q,22,3225,0.005177534900958403
12,15,22,filler_a,200,3225,0.03634026346000496
12,15,23,filler_q,21,3225,0.009818053017623285
12,15,24,filler_a,200,3225,0.048664969111257506
12,15,25,probe,358,3225,0.1967779072583653
12,16,0,system,48,3065,0.04828455535622922
12,16,1,filler_q,22,3065,0.004428919835032082
12,16,2,filler_a,200,3065,0.018905607123523793
12,16,3,filler_q,31,3065,0.0024886510175052322
12,16,4,filler_a,200,3065,0.015505087118029337
12,16,5,filler_q,24,3065,0.0019078094237270221
12,16,6,filler_a,200,3065,0.011468394525039116
12,16,7,filler_q,19,3065,0.0018443533631352692
12,16,8,filler_a,200,3065,0.01631705833525151
12,16,9,filler_q,19,3065,0.0017196720268017255
12,16,10,filler_a,200,3065,0.012506476628641253
12,16,11,filler_q,20,3065,0.0018657458949326029
12,16,12,filler_a,200,3065,0.012949244746663244
12,16,13,filler_q,21,3065,0.0020959072669530492
12,16,14,filler_a,200,3065,0.01971629089004967
12,16,15,filler_q,20,3065,0.0019070563727086043
12,16,16,filler_a,200,3065,0.012943096657934694
12,16,17,filler_q,20,3065,0.0028751919475752258
12,16,18,filler_a,200,3065,0.02059687668866861
12,16,19,filler_q,19,3065,0.0035499200574991563
12,16,20,filler_a,200,3065,0.02618890411594066
12,16,21,filler_q,22,3065,0.004982935117563425
12,16,22,filler_a,200,3065,0.036331832913788276
12,16,23,filler_q,21,3065,0.008873052288591143
12,16,24,filler_a,200,3065,0.05400405808813957
12,16,25,probe,198,3065,0.169727962064826
12,17,0,system,48,3153,0.04988717127632647
12,17,1,filler_q,22,3153,0.00423621811881193
12,17,2,filler_a,200,3153,0.018395318517345938
12,17,3,filler_q,31,3153,0.002498326297262147
12,17,4,filler_a,200,3153,0.01539654163638815
12,17,5,filler_q,24,3153,0.0018398399057058604
12,17,6,filler_a,200,3153,0.011206038078896752
12,17,7,filler_q,19,3153,0.0016705306657038427
12,17,8,filler_a,200,3153,0.015999262538288515
12,17,9,filler_q,19,3153,0.001559057351252356
12,17,10,filler_a,200,3153,0.011446692772149818
12,17,11,filler_q,20,3153,0.001826808083004362
12,17,12,filler_a,200,3153,0.012623596968150137
12,17,13,filler_q,21,3153,0.0020219005188293806
12,17,14,filler_a,200,3153,0.01860518793462873
12,17,15,filler_q,20,3153,0.0017783551226190908
12,17,16,filler_a,200,3153,0.011991942055581517
12,17,17,filler_q,20,3153,0.002802274528508897
12,17,18,filler_a,200,3153,0.019725844555178784
12,17,19,filler_q,19,3153,0.0035960232075885057
12,17,20,filler_a,200,3153,0.025431983321091423
12,17,21,filler_q,22,3153,0.004853689686220464
12,17,22,filler_a,200,3153,0.036685383876374544
12,17,23,filler_q,21,3153,0.008916859982917913
12,17,24,filler_a,200,3153,0.04999377685666673
12,17,25,probe,286,3153,0.18194267123453756
12,18,0,system,48,3220,0.047554295909636
12,18,1,filler_q,22,3220,0.004254076643507309
12,18,2,filler_a,200,3220,0.019032981538684934
12,18,3,filler_q,31,3220,0.0025744086749740856
12,18,4,filler_a,200,3220,0.01560006224067223
12,18,5,filler_q,24,3220,0.002030680215322947
12,18,6,filler_a,200,3220,0.011470046847001925
12,18,7,filler_q,19,3220,0.0018659834651502116
12,18,8,filler_a,200,3220,0.01567206949731048
12,18,9,filler_q,19,3220,0.0017003643775779015
12,18,10,filler_a,200,3220,0.01145524462834587
12,18,11,filler_q,20,3220,0.0017250897881987766
12,18,12,filler_a,200,3220,0.01246008825230429
12,18,13,filler_q,21,3220,0.0020552219703790647
12,18,14,filler_a,200,3220,0.01789519360670072
12,18,15,filler_q,20,3220,0.0018422968134614581
12,18,16,filler_a,200,3220,0.011811194730073193
12,18,17,filler_q,20,3220,0.0026601187504472212
12,18,18,filler_a,200,3220,0.019719720945157504
12,18,19,filler_q,19,3220,0.003231750459461169
12,18,20,filler_a,200,3220,0.025056984439569163
12,18,21,filler_q,22,3220,0.005259272773937784
12,18,22,filler_a,200,3220,0.037060450126460864
12,18,23,filler_q,21,3220,0.009350441083411098
12,18,24,filler_a,200,3220,0.04838029274870337
12,18,25,probe,353,3220,0.19209807584729788
12,19,0,system,48,3195,0.048576645196417134
12,19,1,filler_q,22,3195,0.004296197828206878
12,19,2,filler_a,200,3195,0.018782443774291502
12,19,3,filler_q,31,3195,0.0026800422343738065
12,19,4,filler_a,200,3195,0.01546841150786804
12,19,5,filler_q,24,3195,0.0020056859666915845
12,19,6,filler_a,200,3195,0.011388632832827206
12,19,7,filler_q,19,3195,0.0016962046374452006
12,19,8,filler_a,200,3195,0.01584334683071953
12,19,9,filler_q,19,3195,0.0016376872108005561
12,19,10,filler_a,200,3195,0.011389894542046801
12,19,11,filler_q,20,3195,0.0016731692249587655
12,19,12,filler_a,200,3195,0.012689827982133
12,19,13,filler_q,21,3195,0.0020392452329715824
12,19,14,filler_a,200,3195,0.018277964171780625
12,19,15,filler_q,20,3195,0.0018213554061364545
12,19,16,filler_a,200,3195,0.011824556093562921
12,19,17,filler_q,20,3195,0.002773136715807978
12,19,18,filler_a,200,3195,0.01967224332667744
12,19,19,filler_q,19,3195,0.0034591888507860408
12,19,20,filler_a,200,3195,0.025610896370935166
12,19,21,filler_q,22,3195,0.005203627161581181
12,19,22,filler_a,200,3195,0.0367297181611832
12,19,23,filler_q,21,3195,0.009364607926947599
12,19,24,filler_a,200,3195,0.048135072505601784
12,19,25,probe,328,3195,0.1875826340669846
12,20,0,system,48,3184,0.048301423145634015
12,20,1,filler_q,22,3184,0.004465438133399207
12,20,2,filler_a,200,3184,0.018502318584429522
12,20,3,filler_q,31,3184,0.002723769016011087
12,20,4,filler_a,200,3184,0.015379755048488875
12,20,5,filler_q,24,3184,0.0020018656348690517
12,20,6,filler_a,200,3184,0.011304291421760038
12,20,7,filler_q,19,3184,0.0017072257536330515
12,20,8,filler_a,200,3184,0.015817210356590644
12,20,9,filler_q,19,3184,0.00163436286302594
12,20,10,filler_a,200,3184,0.011348299243274249
12,20,11,filler_q,20,3184,0.0016558785883152578
12,20,12,filler_a,200,3184,0.012654007196119602
12,20,13,filler_q,21,3184,0.0019949056480636374
12,20,14,filler_a,200,3184,0.018125601346530074
12,20,15,filler_q,20,3184,0.0018798141178644756
12,20,16,filler_a,200,3184,0.01185984685784991
12,20,17,filler_q,20,3184,0.002802446480305698
12,20,18,filler_a,200,3184,0.019535291309568825
12,20,19,filler_q,19,3184,0.0035062112236165788
12,20,20,filler_a,200,3184,0.02545484116949126
12,20,21,filler_q,22,3184,0.005027040578238884
12,20,22,filler_a,200,3184,0.03671494924665808
12,20,23,filler_q,21,3184,0.009752637592313818
12,20,24,filler_a,200,3184,0.048543977353347145
12,20,25,probe,317,3184,0.1898498798414039
12,21,0,system,48,3285,0.04853550885879976
12,21,1,filler_q,22,3285,0.004108602685460459
12,21,2,filler_a,200,3285,0.01893887526603233
12,21,3,filler_q,31,3285,0.002741716702995898
12,21,4,filler_a,200,3285,0.015387565637510647
12,21,5,filler_q,24,3285,0.002243461739283701
12,21,6,filler_a,200,3285,0.011830702820136096
12,21,7,filler_q,19,3285,0.0019251554778523111
12,21,8,filler_a,200,3285,0.015845125190448783
12,21,9,filler_q,19,3285,0.001779776973479578
12,21,10,filler_a,200,3285,0.011564672887329139
12,21,11,filler_q,20,3285,0.001762287452303165
12,21,12,filler_a,200,3285,0.012235459981021907
12,21,13,filler_q,21,3285,0.002189110250029302
12,21,14,filler_a,200,3285,0.01808832956337747
12,21,15,filler_q,20,3285,0.0017325703884985139
12,21,16,filler_a,200,3285,0.011803228965522106
12,21,17,filler_q,20,3285,0.0025853193811055664
12,21,18,filler_a,200,3285,0.019488189589133592
12,21,19,filler_q,19,3285,0.003276090368040288
12,21,20,filler_a,200,3285,0.024945846512054004
12,21,21,filler_q,22,3285,0.0052017425518087745
12,21,22,filler_a,200,3285,0.03734789142748696
12,21,23,filler_q,21,3285,0.01044877511828357
12,21,24,filler_a,200,3285,0.04733547338926769
12,21,25,probe,418,3285,0.1885158330037484
12,22,0,system,48,3281,0.04812777139247082
12,22,1,filler_q,22,3281,0.004083229807707492
12,22,2,filler_a,200,3281,0.018977996140298048
12,22,3,filler_q,31,3281,0.002644072919601386
12,22,4,filler_a,200,3281,0.015241914013984115
12,22,5,filler_q,24,3281,0.002213444763236697
12,22,6,filler_a,200,3281,0.01164746009389006
12,22,7,filler_q,19,3281,0.0018562292512288858
12,22,8,filler_a,200,3281,0.015696097212832605
12,22,9,filler_q,19,3281,0.0017345380923434331
12,22,10,filler_a,200,3281,0.011435118414847031
12,22,11,filler_q,20,3281,0.0017220991335121611
12,22,12,filler_a,200,3281,0.01209250154719104
12,22,13,filler_q,21,3281,0.0021478567256645424
12,22,14,filler_a,200,3281,0.01786441012411405
12,22,15,filler_q,20,3281,0.0017236794840061707
12,22,16,filler_a,200,3281,0.011636922519492998
12,22,17,filler_q,20,3281,0.00253557465505147
12,22,18,filler_a,200,3281,0.019372182698874724
12,22,19,filler_q,19,3281,0.0031874320480626273
12,22,20,filler_a,200,3281,0.02471633152374153
12,22,21,filler_q,22,3281,0.004932732730329958
12,22,22,filler_a,200,3281,0.03685680147111725
12,22,23,filler_q,21,3281,0.010181872106010736
12,22,24,filler_a,200,3281,0.046990337698474605
12,22,25,probe,414,3281,0.19229306099759924
12,23,0,system,48,3168,0.0490368331786013
12,23,1,filler_q,22,3168,0.004372160770680106
12,23,2,filler_a,200,3168,0.01851752097832607
12,23,3,filler_q,31,3168,0.0025841954855902165
12,23,4,filler_a,200,3168,0.015447542566576544
12,23,5,filler_q,24,3168,0.0019109530732591244
12,23,6,filler_a,200,3168,0.011371743962671266
12,23,7,filler_q,19,3168,0.0016910891418432591
12,23,8,filler_a,200,3168,0.015993598306224682
12,23,9,filler_q,19,3168,0.0016259054503600964
12,23,10,filler_a,200,3168,0.011466747416544798
12,23,11,filler_q,20,3168,0.0017691810029467772
12,23,12,filler_a,200,3168,0.01275874514737936
12,23,13,filler_q,21,3168,0.0020122908424286597
12,23,14,filler_a,200,3168,0.018279477022300483
12,23,15,filler_q,20,3168,0.0018742095411058424
12,23,16,filler_a,200,3168,0.012008953193852534
12,23,17,filler_q,20,3168,0.0028234810599920834
12,23,18,filler_a,200,3168,0.019792673852908393
12,23,19,filler_q,19,3168,0.003561997731456018
12,23,20,filler_a,200,3168,0.02555250957050248
12,23,21,filler_q,22,3168,0.004892089350168827
12,23,22,filler_a,200,3168,0.03706466772825934
12,23,23,filler_q,21,3168,0.009766667631765813
12,23,24,filler_a,200,3168,0.04955078986284889
12,23,25,probe,301,3168,0.18313537387439283
12,24,0,system,48,3101,0.05005920305951239
12,24,1,filler_q,22,3101,0.00421909546257428
12,24,2,filler_a,200,3101,0.018424820843790463
12,24,3,filler_q,31,3101,0.0025589507449589287
12,24,4,filler_a,200,3101,0.015250520195937867
12,24,5,filler_q,24,3101,0.0018639178020967082
12,24,6,filler_a,200,3101,0.011208650988006275
12,24,7,filler_q,19,3101,0.0017525248621322064
12,24,8,filler_a,200,3101,0.016079397679301683
12,24,9,filler_q,19,3101,0.0016263190103503165
12,24,10,filler_a,200,3101,0.011887424282293222
12,24,11,filler_q,20,3101,0.0018695476921155576
12,24,12,filler_a,200,3101,0.01270750737437322
12,24,13,filler_q,21,3101,0.002237332869905133
12,24,14,filler_a,200,3101,0.019013403073147472
12,24,15,filler_q,20,3101,0.0018048007172811742
12,24,16,filler_a,200,3101,0.012659190680095356
12,24,17,filler_q,20,3101,0.002817969032187756
12,24,18,filler_a,200,3101,0.02015303064036983
12,24,19,filler_q,19,3101,0.0034363413756497985
12,24,20,filler_a,200,3101,0.02576806539873644
12,24,21,filler_q,22,3101,0.004925707553289804
12,24,22,filler_a,200,3101,0.036596865506624
12,24,23,filler_q,21,3101,0.009055586538540439
12,24,24,filler_a,200,3101,0.05299545054219834
12,24,25,probe,234,3101,0.17727516833883783
12,25,0,system,48,3283,0.04547009911692568
12,25,1,filler_q,22,3283,0.003897206751255192
12,25,2,filler_a,200,3283,0.018379018138177106
12,25,3,filler_q,31,3283,0.0025558510503741402
12,25,4,filler_a,200,3283,0.014642554331720348
12,25,5,filler_q,24,3283,0.002242791653533102
12,25,6,filler_a,200,3283,0.011457806151772942
12,25,7,filler_q,19,3283,0.001878462425264349
12,25,8,filler_a,200,3283,0.015352191343278587
12,25,9,filler_q,19,3283,0.0017571225552201527
12,25,10,filler_a,200,3283,0.011297490785366111
12,25,11,filler_q,20,3283,0.0017219965793843545
12,25,12,filler_a,200,3283,0.011960556762112474
12,25,13,filler_q,21,3283,0.002141124655201469
12,25,14,filler_a,200,3283,0.0175081050088417
12,25,15,filler_q,20,3283,0.0017085724778473053
12,25,16,filler_a,200,3283,0.011519344951094412
12,25,17,filler_q,20,3283,0.002498771321404497
12,25,18,filler_a,200,3283,0.019055485483912782
12,25,19,filler_q,19,3283,0.0032008647864564255
12,25,20,filler_a,200,3283,0.024015927646225066
12,25,21,filler_q,22,3283,0.004904263082157634
12,25,22,filler_a,200,3283,0.035625041408337665
12,25,23,filler_q,21,3283,0.010561069418269398
12,25,24,filler_a,200,3283,0.04690246939586018
12,25,25,probe,416,3283,0.20538644859425403
12,26,0,system,48,3138,0.04849062207355903
12,26,1,filler_q,22,3138,0.004291896678856984
12,26,2,filler_a,200,3138,0.018637346201531485
12,26,3,filler_q,31,3138,0.0025750350674110913
12,26,4,filler_a,200,3138,0.015469040915931487
12,26,5,filler_q,24,3138,0.0019349305176588755
12,26,6,filler_a,200,3138,0.011290168770524911
12,26,7,filler_q,19,3138,0.0018019942372760524
12,26,8,filler_a,200,3138,0.016193653502413412
12,26,9,filler_q,19,3138,0.0015308410359803075
12,26,10,filler_a,200,3138,0.011626602930610519
12,26,11,filler_q,20,3138,0.001771114873017331
12,26,12,filler_a,200,3138,0.012734026553215094
12,26,13,filler_q,21,3138,0.0020831202088488245
12,26,14,filler_a,200,3138,0.018858114392076075
12,26,15,filler_q,20,3138,0.0018038426575446298
12,26,16,filler_a,200,3138,0.0120696970841907
12,26,17,filler_q,20,3138,0.002845506860148256
12,26,18,filler_a,200,3138,0.019811434120680177
12,26,19,filler_q,19,3138,0.003503206284421967
12,26,20,filler_a,200,3138,0.025647957478483363
12,26,21,filler_q,22,3138,0.004928410038867126
12,26,22,filler_a,200,3138,0.03665004875114164
12,26,23,filler_q,21,3138,0.008456976986193965
12,26,24,filler_a,200,3138,0.05048352471050066
12,26,25,probe,271,3138,0.1826184939304767
12,27,0,system,48,3247,0.0475076315880445
12,27,1,filler_q,22,3247,0.004293803672190059
12,27,2,filler_a,200,3247,0.01872770368142751
12,27,3,filler_q,31,3247,0.0026183873838321646
12,27,4,filler_a,200,3247,0.015365643586095601
12,27,5,filler_q,24,3247,0.0021839576698479204
12,27,6,filler_a,200,3247,0.011477122203597645
12,27,7,filler_q,19,3247,0.0018386623467327862
12,27,8,filler_a,200,3247,0.01575436294594068
12,27,9,filler_q,19,3247,0.001671627721638946
12,27,10,filler_a,200,3247,0.01140071086381557
12,27,11,filler_q,20,3247,0.0017746685282381495
12,27,12,filler_a,200,3247,0.012295981792256275
12,27,13,filler_q,21,3247,0.002105927656274169
12,27,14,filler_a,200,3247,0.017730371852397425
12,27,15,filler_q,20,3247,0.0018101958357307352
12,27,16,filler_a,200,3247,0.011695266088433076
12,27,17,filler_q,20,3247,0.0025220478216809172
12,27,18,filler_a,200,3247,0.0193531535466287
12,27,19,filler_q,19,3247,0.0034046027239120202
12,27,20,filler_a,200,3247,0.02478080193168708
12,27,21,filler_q,22,3247,0.005179633224309033
12,27,22,filler_a,200,3247,0.0370036032034875
12,27,23,filler_q,21,3247,0.00973624999499556
12,27,24,filler_a,200,3247,0.04801656953748079
12,27,25,probe,380,3247,0.1947264282944161
12,28,0,system,48,3194,0.04878437287685433
12,28,1,filler_q,22,3194,0.004232188693707046
12,28,2,filler_a,200,3194,0.018565680412897412
12,28,3,filler_q,31,3194,0.0026371208493927854
12,28,4,filler_a,200,3194,0.015212581202742825
12,28,5,filler_q,24,3194,0.0020178191829448777
12,28,6,filler_a,200,3194,0.011322838353548192
12,28,7,filler_q,19,3194,0.0017102431418296732
12,28,8,filler_a,200,3194,0.015700342779143117
12,28,9,filler_q,19,3194,0.0016583192820420864
12,28,10,filler_a,200,3194,0.01135342320633236
12,28,11,filler_q,20,3194,0.0017085064441401628
12,28,12,filler_a,200,3194,0.01267689543263395
12,28,13,filler_q,21,3194,0.0020444639987824073
12,28,14,filler_a,200,3194,0.01804703246935868
12,28,15,filler_q,20,3194,0.001829699161151943
12,28,16,filler_a,200,3194,0.01180871895171931
12,28,17,filler_q,20,3194,0.002773527857624608
12,28,18,filler_a,200,3194,0.019554133443955735
12,28,19,filler_q,19,3194,0.003436433622772128
12,28,20,filler_a,200,3194,0.02513562422121396
12,28,21,filler_q,22,3194,0.005243824312273659
12,28,22,filler_a,200,3194,0.036625025399672495
12,28,23,filler_q,21,3194,0.009811614872777596
12,28,24,filler_a,200,3194,0.0495103971429387
12,28,25,probe,327,3194,0.18800425208291927
12,29,0,system,48,3210,0.04827406370035359
12,29,1,filler_q,22,3210,0.004084822022851592
12,29,2,filler_a,200,3210,0.018639081954061387
12,29,3,filler_q,31,3210,0.002588438490763307
12,29,4,filler_a,200,3210,0.015352752225044952
12,29,5,filler_q,24,3210,0.0019932274463283486
12,29,6,filler_a,200,3210,0.011362267115652358
12,29,7,filler_q,19,3210,0.0017763126139226926
12,29,8,filler_a,200,3210,0.015613808215364289
12,29,9,filler_q,19,3210,0.0017104188009911749
12,29,10,filler_a,200,3210,0.011331726156464723
12,29,11,filler_q,20,3210,0.0016772609758927538
12,29,12,filler_a,200,3210,0.012460470186256498
12,29,13,filler_q,21,3210,0.001966833876313587
12,29,14,filler_a,200,3210,0.017781815160536008
12,29,15,filler_q,20,3210,0.001795327138173014
12,29,16,filler_a,200,3210,0.0117497802457589
12,29,17,filler_q,20,3210,0.002784868322910583
12,29,18,filler_a,200,3210,0.019545746119212115
12,29,19,filler_q,19,3210,0.0033772648585385368
12,29,20,filler_a,200,3210,0.024846328041803645
12,29,21,filler_q,22,3210,0.0051388343844029905
12,29,22,filler_a,200,3210,0.03665281983865043
12,29,23,filler_q,21,3210,0.0090050316603012
12,29,24,filler_a,200,3210,0.04863590566765197
12,29,25,probe,343,3210,0.1928420177632688
12,30,0,system,48,3135,0.049167834010817035
12,30,1,filler_q,22,3135,0.004542566804982771
12,30,2,filler_a,200,3135,0.018727484156298657
12,30,3,filler_q,31,3135,0.0026450512823728897
12,30,4,filler_a,200,3135,0.0155261073633568
12,30,5,filler_q,24,3135,0.001912548004818826
12,30,6,filler_a,200,3135,0.011286042269303742
12,30,7,filler_q,19,3135,0.0018328574839521893
12,30,8,filler_a,200,3135,0.016137907423075817
12,30,9,filler_q,19,3135,0.0015290727921507272
12,30,10,filler_a,200,3135,0.011711563843376821
12,30,11,filler_q,20,3135,0.0017536199322961167
12,30,12,filler_a,200,3135,0.01268674812658678
12,30,13,filler_q,21,3135,0.002060553005742484
12,30,14,filler_a,200,3135,0.01883412344750024
12,30,15,filler_q,20,3135,0.001802021584358382
12,30,16,filler_a,200,3135,0.012227804685988719
12,30,17,filler_q,20,3135,0.002870815190032003
12,30,18,filler_a,200,3135,0.02007469272348303
12,30,19,filler_q,19,3135,0.003540063734211951
12,30,20,filler_a,200,3135,0.025578277914398484
12,30,21,filler_q,22,3135,0.0050773145196768565
12,30,22,filler_a,200,3135,0.037216603514167446
12,30,23,filler_q,21,3135,0.008680736289269575
12,30,24,filler_a,200,3135,0.05142651823967981
12,30,25,probe,268,3135,0.17690812241198728
12,31,0,system,48,3134,0.049931300954360935
12,31,1,filler_q,22,3134,0.0044092626885105166
12,31,2,filler_a,200,3134,0.0184785599732393
12,31,3,filler_q,31,3134,0.002580186737298442
12,31,4,filler_a,200,3134,0.015331625494667378
12,31,5,filler_q,24,3134,0.0018827809536962614
12,31,6,filler_a,200,3134,0.01122020776158994
12,31,7,filler_q,19,3134,0.0018030243203209367
12,31,8,filler_a,200,3134,0.016015914059879774
12,31,9,filler_q,19,3134,0.001530997958184121
12,31,10,filler_a,200,3134,0.01164011125862926
12,31,11,filler_q,20,3134,0.0017390138225307444
12,31,12,filler_a,200,3134,0.012623168746980135
12,31,13,filler_q,21,3134,0.0020426396086234673
12,31,14,filler_a,200,3134,0.01884352256947075
12,31,15,filler_q,20,3134,0.0017805611697179757
12,31,16,filler_a,200,3134,0.01210822100319875
12,31,17,filler_q,20,3134,0.0028904484966630617
12,31,18,filler_a,200,3134,0.019916030660453082
12,31,19,filler_q,19,3134,0.0034955302713099434
12,31,20,filler_a,200,3134,0.02554870938978837
12,31,21,filler_q,22,3134,0.004946159594138133
12,31,22,filler_a,200,3134,0.03646159293535334
12,31,23,filler_q,21,3134,0.008442817620638365
12,31,24,filler_a,200,3134,0.050654783851939555
12,31,25,probe,267,3134,0.18297082814933674
12,32,0,system,48,3216,0.04758956207103959
12,32,1,filler_q,22,3216,0.00442821722554
12,32,2,filler_a,200,3216,0.018562256005327016
12,32,3,filler_q,31,3216,0.0025853294129045937
12,32,4,filler_a,200,3216,0.015405072128590547
12,32,5,filler_q,24,3216,0.002015144857811589
12,32,6,filler_a,200,3216,0.01127523583460821
12,32,7,filler_q,19,3216,0.0018313369178071526
12,32,8,filler_a,200,3216,0.015613450212333402
12,32,9,filler_q,19,3216,0.001691701100082841
12,32,10,filler_a,200,3216,0.011298283630049092
12,32,11,filler_q,20,3216,0.0016730723340425161
12,32,12,filler_a,200,3216,0.012333487362160573
12,32,13,filler_q,21,3216,0.0019896260329801078
12,32,14,filler_a,200,3216,0.017834715480729263
12,32,15,filler_q,20,3216,0.0018339544619785375
12,32,16,filler_a,200,3216,0.011694478547114695
12,32,17,filler_q,20,3216,0.0027293791750500618
12,32,18,filler_a,200,3216,0.019482229762263048
12,32,19,filler_q,19,3216,0.003323781583668181
12,32,20,filler_a,200,3216,0.024939645180516834
12,32,21,filler_q,22,3216,0.005273330710435342
12,32,22,filler_a,200,3216,0.03693106409605207
12,32,23,filler_q,21,3216,0.00942298509254691
12,32,24,filler_a,200,3216,0.048449780318094327
12,32,25,probe,349,3216,0.19132556971908343
12,33,0,system,48,3084,0.046743281797713365
12,33,1,filler_q,22,3084,0.004305335766937618
12,33,2,filler_a,200,3084,0.018595370731535624
12,33,3,filler_q,31,3084,0.0024894010133136445
12,33,4,filler_a,200,3084,0.015331003145249156
12,33,5,filler_q,24,3084,0.001922720869902729
12,33,6,filler_a,200,3084,0.011353209082531901
12,33,7,filler_q,19,3084,0.0018489176461136307
12,33,8,filler_a,200,3084,0.016159297281639985
12,33,9,filler_q,19,3084,0.0016769528862099496
12,33,10,filler_a,200,3084,0.012192283293461656
12,33,11,filler_q,20,3084,0.0018054517426935798
12,33,12,filler_a,200,3084,0.012765572861375057
12,33,13,filler_q,21,3084,0.0021600525088549477
12,33,14,filler_a,200,3084,0.019269506764714173
12,33,15,filler_q,20,3084,0.0018668241164611077
12,33,16,filler_a,200,3084,0.01272266482905382
12,33,17,filler_q,20,3084,0.002690116287280775
12,33,18,filler_a,200,3084,0.02017019004410947
12,33,19,filler_q,19,3084,0.003432175541113358
12,33,20,filler_a,200,3084,0.025824051708255524
12,33,21,filler_q,22,3084,0.005030086471771833
12,33,22,filler_a,200,3084,0.03666263360622679
12,33,23,filler_q,21,3084,0.009210379134740876
12,33,24,filler_a,200,3084,0.053156907107791085
12,33,25,probe,217,3084,0.17622414829656918
12,34,0,system,48,3342,0.046390234250129225
12,34,1,filler_q,22,3342,0.004159343572072788
12,34,2,filler_a,200,3342,0.018749171587762792
12,34,3,filler_q,31,3342,0.0027298745128662713
12,34,4,filler_a,200,3342,0.015058042749537037
12,34,5,filler_q,24,3342,0.0023958277322800705
12,34,6,filler_a,200,3342,0.01198813558147016
12,34,7,filler_q,19,3342,0.0019671421384776858
12,34,8,filler_a,200,3342,0.015720254896076202
12,34,9,filler_q,19,3342,0.0017650061420509504
12,34,10,filler_a,200,3342,0.011617910585935129
12,34,11,filler_q,20,3342,0.0017179243289736899
12,34,12,filler_a,200,3342,0.011863948052033021
12,34,13,filler_q,21,3342,0.002200779780698752
12,34,14,filler_a,200,3342,0.017733614103506906
12,34,15,filler_q,20,3342,0.0018303358134815766
12,34,16,filler_a,200,3342,0.011523234876017696
12,34,17,filler_q,20,3342,0.0024278785281117987
12,34,18,filler_a,200,3342,0.01904511290284916
12,34,19,filler_q,19,3342,0.003159174372590806
12,34,20,filler_a,200,3342,0.024456409361299336
12,34,21,filler_q,22,3342,0.004758681023368072
12,34,22,filler_a,200,3342,0.036053638966734525
12,34,23,filler_q,21,3342,0.009681916384693845
12,34,24,filler_a,200,3342,0.04576595146151874
12,34,25,probe,475,3342,0.20104101917695516
12,35,0,system,48,3135,0.04903630864413522
12,35,1,filler_q,22,3135,0.004290980669109283
12,35,2,filler_a,200,3135,0.01845520840555534
12,35,3,filler_q,31,3135,0.00257693072134085
12,35,4,filler_a,200,3135,0.015462090740363976
12,35,5,filler_q,24,3135,0.0018927158414780813
12,35,6,filler_a,200,3135,0.011201058017296761
12,35,7,filler_q,19,3135,0.0017965212817397241
12,35,8,filler_a,200,3135,0.01607288191723813
12,35,9,filler_q,19,3135,0.0015337671003323168
12,35,10,filler_a,200,3135,0.011640314409427494
12,35,11,filler_q,20,3135,0.0017429328836778167
12,35,12,filler_a,200,3135,0.012647643935877362
12,35,13,filler_q,21,3135,0.0020315685227955092
12,35,14,filler_a,200,3135,0.0186943081195885
12,35,15,filler_q,20,3135,0.001780616662300727
12,35,16,filler_a,200,3135,0.012103708887129638
12,35,17,filler_q,20,3135,0.0028321355208275195
12,35,18,filler_a,200,3135,0.019847546932345944
12,35,19,filler_q,19,3135,0.0034531185606072046
12,35,20,filler_a,200,3135,0.025370848229066212
12,35,21,filler_q,22,3135,0.0049273965493065175
12,35,22,filler_a,200,3135,0.03676564077491662
12,35,23,filler_q,21,3135,0.008604232196002926
12,35,24,filler_a,200,3135,0.05110572590268703
12,35,25,probe,268,3135,0.18489128775172503
12,36,0,system,48,3301,0.04624734722484192
12,36,1,filler_q,22,3301,0.00415860430763218
12,36,2,filler_a,200,3301,0.018252271857987723
12,36,3,filler_q,31,3301,0.0026538274087494753
12,36,4,filler_a,200,3301,0.014757104892762385
12,36,5,filler_q,24,3301,0.0022362750550773613
12,36,6,filler_a,200,3301,0.011598747437055579
12,36,7,filler_q,19,3301,0.0019257225781811743
12,36,8,filler_a,200,3301,0.015470369069684242
12,36,9,filler_q,19,3301,0.0017741413675468804
12,36,10,filler_a,200,3301,0.011318095932171136
12,36,11,filler_q,20,3301,0.0017463425174962098
12,36,12,filler_a,200,3301,0.011951040047399168
12,36,13,filler_q,21,3301,0.002147530958845386
12,36,14,filler_a,200,3301,0.017606447675076034
12,36,15,filler_q,20,3301,0.0017042196014121977
12,36,16,filler_a,200,3301,0.011487799864896897
12,36,17,filler_q,20,3301,0.002494780245571926
12,36,18,filler_a,200,3301,0.01914766841698412
12,36,19,filler_q,19,3301,0.0030883652194436395
12,36,20,filler_a,200,3301,0.024182207904473785
12,36,21,filler_q,22,3301,0.00478286888115681
12,36,22,filler_a,200,3301,0.03514123673559766
12,36,23,filler_q,21,3301,0.010008377641175903
12,36,24,filler_a,200,3301,0.04465221307927436
12,36,25,probe,434,3301,0.2045172009820817
12,37,0,system,48,3120,0.049760095811843374
12,37,1,filler_q,22,3120,0.004299133787089496
12,37,2,filler_a,200,3120,0.018633320153133376
12,37,3,filler_q,31,3120,0.0026163849814089257
12,37,4,filler_a,200,3120,0.015414555642212946
12,37,5,filler_q,24,3120,0.0018754910802877243
12,37,6,filler_a,200,3120,0.011229480045022555
12,37,7,filler_q,19,3120,0.0017840545623619176
12,37,8,filler_a,200,3120,0.016029890436003575
12,37,9,filler_q,19,3120,0.001602580558588565
12,37,10,filler_a,200,3120,0.011797537176749098
12,37,11,filler_q,20,3120,0.0018258498690498105
12,37,12,filler_a,200,3120,0.01267477719984373
12,37,13,filler_q,21,3120,0.0020593436194529134
12,37,14,filler_a,200,3120,0.01879213156978743
12,37,15,filler_q,20,3120,0.00173553653742764
12,37,16,filler_a,200,3120,0.012255994291077044
12,37,17,filler_q,20,3120,0.0027589900252587146
12,37,18,filler_a,200,3120,0.019854471267194418
12,37,19,filler_q,19,3120,0.0033780463669867977
12,37,20,filler_a,200,3120,0.025308576168697527
12,37,21,filler_q,22,3120,0.004812648071825021
12,37,22,filler_a,200,3120,0.0360440498482717
12,37,23,filler_q,21,3120,0.008583127523131395
12,37,24,filler_a,200,3120,0.05199850145686469
12,37,25,probe,253,3120,0.1794966830066187
12,38,0,system,48,3091,0.0466746920494554
12,38,1,filler_q,22,3091,0.004129289676141677
12,38,2,filler_a,200,3091,0.018680939638141325
12,38,3,filler_q,31,3091,0.002478162962881172
12,38,4,filler_a,200,3091,0.015231061502245069
12,38,5,filler_q,24,3091,0.0018551418715948773
12,38,6,filler_a,200,3091,0.01128037788667502
12,38,7,filler_q,19,3091,0.001802286712148991
12,38,8,filler_a,200,3091,0.015940941245146865
12,38,9,filler_q,19,3091,0.0016166345230374554
12,38,10,filler_a,200,3091,0.012022996907277289
12,38,11,filler_q,20,3091,0.0017914322682587578
12,38,12,filler_a,200,3091,0.01266045261057372
12,38,13,filler_q,21,3091,0.002194604020402639
12,38,14,filler_a,200,3091,0.019064950507647005
12,38,15,filler_q,20,3091,0.0017919665484539826
12,38,16,filler_a,200,3091,0.012670815697065518
12,38,17,filler_q,20,3091,0.0026246591768740862
12,38,18,filler_a,200,3091,0.02025496801190918
12,38,19,filler_q,19,3091,0.003374717270975658
12,38,20,filler_a,200,3091,0.025841054540009623
12,38,21,filler_q,22,3091,0.0048713026240021495
12,38,22,filler_a,200,3091,0.036732248249279564
12,38,23,filler_q,21,3091,0.009041696111149022
12,38,24,filler_a,200,3091,0.053812037216971476
12,38,25,probe,224,3091,0.17751596671882908
12,39,0,system,48,3175,0.049060915143588124
12,39,1,filler_q,22,3175,0.0044942093699438836
12,39,2,filler_a,200,3175,0.018561827502751232
12,39,3,filler_q,31,3175,0.0027114198716935564
12,39,4,filler_a,200,3175,0.01545813814030339
12,39,5,filler_q,24,3175,0.001968139511595513
12,39,6,filler_a,200,3175,0.011367155824997699
12,39,7,filler_q,19,3175,0.0017305574762010306
12,39,8,filler_a,200,3175,0.015894037725002003
12,39,9,filler_q,19,3175,0.001640960694887992
12,39,10,filler_a,200,3175,0.011437762754411449
12,39,11,filler_q,20,3175,0.0017028803196658326
12,39,12,filler_a,200,3175,0.01272016612537541
12,39,13,filler_q,21,3175,0.0020106769430111825
12,39,14,filler_a,200,3175,0.01814883822346136
12,39,15,filler_q,20,3175,0.0019082441837986464
12,39,16,filler_a,200,3175,0.011968042820736602
12,39,17,filler_q,20,3175,0.002801956110805387
12,39,18,filler_a,200,3175,0.01976636397892595
12,39,19,filler_q,19,3175,0.003531881475401427
12,39,20,filler_a,200,3175,0.025591973107893295
12,39,21,filler_q,22,3175,0.004955039067615297
12,39,22,filler_a,200,3175,0.036958450509871454
12,39,23,filler_q,21,3175,0.009811668164420695
12,39,24,filler_a,200,3175,0.04940019022487263
12,39,25,probe,308,3175,0.1808224043638802
15,0,0,system,48,3714,0.03721466761112424
15,0,1,filler_q,22,3714,0.004001791224948037
15,0,2,filler_a,200,3714,0.017386404884046414
15,0,3,filler_q,31,3714,0.002969884539702903
15,0,4,filler_a,200,3714,0.013687270887089653
15,0,5,filler_q,24,3714,0.0020067271402296003
15,0,6,filler_a,200,3714,0.010629666597643528
15,0,7,filler_q,19,3714,0.0019060354095452917
15,0,8,filler_a,200,3714,0.014741448596458998
15,0,9,filler_q,19,3714,0.0014256025892788026
15,0,10,filler_a,200,3714,0.00962116946936864
15,0,11,filler_q,20,3714,0.0015097624164826275
15,0,12,filler_a,200,3714,0.010242749062581963
15,0,13,filler_q,21,3714,0.0016230707793035662
15,0,14,filler_a,200,3714,0.013515275950572662
15,0,15,filler_q,20,3714,0.0015067435679829468
15,0,16,filler_a,200,3714,0.009349928836894495
15,0,17,filler_q,20,3714,0.0017266088809314677
15,0,18,filler_a,200,3714,0.014758343868375975
15,0,19,filler_q,19,3714,0.0019734467011392025
15,0,20,filler_a,200,3714,0.017760524522829613
15,0,21,filler_q,22,3714,0.0021153397157982687
15,0,22,filler_a,200,3714,0.022733843719102254
15,0,23,filler_q,21,3714,0.002640392025736224
15,0,24,filler_a,200,3714,0.01650210229724769
15,0,25,filler_q,24,3714,0.003279398336404893
15,0,26,filler_a,200,3714,0.017420847151253582
15,0,27,filler_q,22,3714,0.004185493694385478
15,0,28,filler_a,200,3714,0.029284225929004037
15,0,29,filler_q,22,3714,0.008467722928555688
15,0,30,filler_a,200,3714,0.057338141342412996
15,0,31,probe,143,3714,0.16994153959740288
15,1,0,system,48,3819,0.036941273004650554
15,1,1,filler_q,22,3819,0.00417629104768584
15,1,2,filler_a,200,3819,0.017295959908210534
15,1,3,filler_q,31,3819,0.003054247779308898
15,1,4,filler_a,200,3819,0.01398558712075193
15,1,5,filler_q,24,3819,0.0021331489486877374
15,1,6,filler_a,200,3819,0.010944300428848308
15,1,7,filler_q,19,3819,0.0020006011786669123
15,1,8,filler_a,200,3819,0.01429329888076963
15,1,9,filler_q,19,3819,0.0015876819646912402
15,1,10,filler_a,200,3819,0.009981247362089052
15,1,11,filler_q,20,3819,0.0014518560348384738
15,1,12,filler_a,200,3819,0.010076740272977974
15,1,13,filler_q,21,3819,0.0017288307763510197
15,1,14,filler_a,200,3819,0.01338291422133769
15,1,15,filler_q,20,3819,0.0013085770129919144
15,1,16,filler_a,200,3819,0.008797940416550052
15,1,17,filler_q,20,3819,0.0017660831473556664
15,1,18,filler_a,200,3819,0.014671375773705045
15,1,19,filler_q,19,3819,0.0018347934912182058
15,1,20,filler_a,200,3819,0.016953062884652148
15,1,21,filler_q,22,3819,0.0019320641294353
15,1,22,filler_a,200,3819,0.021708519960188966
15,1,23,filler_q,21,3819,0.002568425173055
15,1,24,filler_a,200,3819,0.016194707705339706
15,1,25,filler_q,24,3819,0.003181680787746277
15,1,26,filler_a,200,3819,0.01700943897348761
15,1,27,filler_q,22,3819,0.004391081029726518
15,1,28,filler_a,200,3819,0.029927303447863096
15,1,29,filler_q,22,3819,0.008673562756333908
15,1,30,filler_a,200,3819,0.055422480926992534
15,1,31,probe,248,3819,0.17614007509700969
15,2,0,system,48,3944,0.037621249009518465
15,2,1,filler_q,22,3944,0.0047773251050302334
15,2,2,filler_a,200,3944,0.018763527315869055
15,2,3,filler_q,31,3944,0.0030633345772787014
15,2,4,filler_a,200,3944,0.014044470071866932
15,2,5,filler_q,24,3944,0.002709292514068212
15,2,6,filler_a,200,3944,0.011778095563771629
15,2,7,filler_q,19,3944,0.0022458166320231884
15,2,8,filler_a,200,3944,0.014651743161649605
15,2,9,filler_q,19,3944,0.0016811176820105732
15,2,10,filler_a,200,3944,0.010443361319565525
15,2,11,filler_q,20,3944,0.0017354173744854352
15,2,12,filler_a,200,3944,0.010354080942305416
15,2,13,filler_q,21,3944,0.00174892237827165
15,2,14,filler_a,200,3944,0.01300263074873631
15,2,15,filler_q,20,3944,0.001429562561952316
15,2,16,filler_a,200,3944,0.008569059313901735
15,2,17,filler_q,20,3944,0.001736778109058338
15,2,18,filler_a,200,3944,0.014048150803524005
15,2,19,filler_q,19,3944,0.0018434269063416601
15,2,20,filler_a,200,3944,0.01601648854246497
15,2,21,filler_q,22,3944,0.002054640075197997
15,2,22,filler_a,200,3944,0.020681716692580565
15,2,23,filler_q,21,3944,0.0024960596699097407
15,2,24,filler_a,200,3944,0.01554416351958876
15,2,25,filler_q,24,3944,0.0033985515495404683
15,2,26,filler_a,200,3944,0.016476811017546944
15,2,27,filler_q,22,3944,0.005065567247259206
15,2,28,filler_a,200,3944,0.030031657794796995
15,2,29,filler_q,22,3944,0.009007240546895723
15,2,30,filler_a,200,3944,0.05105159427576922
15,2,31,probe,373,3944,0.18393922879977254
15,3,0,system,48,3881,0.04002334378924388
15,3,1,filler_q,22,3881,0.004694946420137902
15,3,2,filler_a,200,3881,0.01793374180922669
15,3,3,filler_q,31,3881,0.0029850694604221066
15,3,4,filler_a,200,3881,0.014095302851920621
15,3,5,filler_q,24,3881,0.0024029085044650136
15,3,6,filler_a,200,3881,0.011324896117331562
15,3,7,filler_q,19,3881,0.0021713657627077665
15,3,8,filler_a,200,3881,0.014292167654650974
15,3,9,filler_q,19,3881,0.0016947217689071935
15,3,10,filler_a,200,3881,0.010309810184063961
15,3,11,filler_q,20,3881,0.0015899178845533782
15,3,12,filler_a,200,3881,0.01017853133953861
15,3,13,filler_q,21,3881,0.0015948863952847739
15,3,14,filler_a,200,3881,0.01320879775289635
15,3,15,filler_q,20,3881,0.0013672143745636267
15,3,16,filler_a,200,3881,0.008545111306191702
15,3,17,filler_q,20,3881,0.0016145952383373437
15,3,18,filler_a,200,3881,0.01440162981493906
15,3,19,filler_q,19,3881,0.0017602284590191722
15,3,20,filler_a,200,3881,0.01657503129658089
15,3,21,filler_q,22,3881,0.0020979066639353894
15,3,22,filler_a,200,3881,0.02100645553179703
15,3,23,filler_q,21,3881,0.002679061099909591
15,3,24,filler_a,200,3881,0.0157481282095
15,3,25,filler_q,24,3881,0.0034203140565473023
15,3,26,filler_a,200,3881,0.016706691545451346
15,3,27,filler_q,22,3881,0.0044273794582151416
15,3,28,filler_a,200,3881,0.029057144098063148
15,3,29,filler_q,22,3881,0.009096603772469791
15,3,30,filler_a,200,3881,0.051134135493185795
15,3,31,probe,310,3881,0.1810488138785331
15,4,0,system,48,3868,0.03987854568963911
15,4,1,filler_q,22,3868,0.004655098825726872
15,4,2,filler_a,200,3868,0.018016577685852297
15,4,3,filler_q,31,3868,0.003141110560449943
15,4,4,filler_a,200,3868,0.014112895638226597
15,4,5,filler_q,24,3868,0.002467781273308961
15,4,6,filler_a,200,3868,0.011382614212244846
15,4,7,filler_q,19,3868,0.0022306839873056355
15,4,8,filler_a,200,3868,0.014517631149747797
15,4,9,filler_q,19,3868,0.0016855865684782386
15,4,10,filler_a,200,3868,0.010364248596513193
15,4,11,filler_q,20,3868,0.0015564718385514022
15,4,12,filler_a,200,3868,0.010175477363123131
15,4,13,filler_q,21,3868,0.0015782144897462415
15,4,14,filler_a,200,3868,0.013254426583984971
15,4,15,filler_q,20,3868,0.0013580338200769597
15,4,16,filler_a,200,3868,0.008479763720120166
15,4,17,filler_q,20,3868,0.0016802764471865975
15,4,18,filler_a,200,3868,0.01435695237213707
15,4,19,filler_q,19,3868,0.0017649073686992313
15,4,20,filler_a,200,3868,0.016632831596798958
15,4,21,filler_q,22,3868,0.0021157558394754167
15,4,22,filler_a,200,3868,0.021298789374050386
15,4,23,filler_q,21,3868,0.002714983285425035
15,4,24,filler_a,200,3868,0.015954290344595
15,4,25,filler_q,24,3868,0.003516582509319549
15,4,26,filler_a,200,3868,0.01709272855696098
15,4,27,filler_q,22,3868,0.00451879362207086
15,4,28,filler_a,200,3868,0.02986325782178767
15,4,29,filler_q,22,3868,0.009344279692607316
15,4,30,filler_a,200,3868,0.05268539732703914
15,4,31,probe,297,3868,0.17708278582540515
15,5,0,system,48,3893,0.03760754968584479
15,5,1,filler_q,22,3893,0.004809562934114164
15,5,2,filler_a,200,3893,0.017981705059817443
15,5,3,filler_q,31,3893,0.0029747484528380302
15,5,4,filler_a,200,3893,0.01400013615016693
15,5,5,filler_q,24,3893,0.002470882833109731
15,5,6,filler_a,200,3893,0.011174638901859879
15,5,7,filler_q,19,3893,0.002130180136786168
15,5,8,filler_a,200,3893,0.014193965845141925
15,5,9,filler_q,19,3893,0.0017191944789699985
15,5,10,filler_a,200,3893,0.01026543119862966
15,5,11,filler_q,20,3893,0.0015819179919097925
15,5,12,filler_a,200,3893,0.010142068242551289
15,5,13,filler_q,21,3893,0.0015640998136912526
15,5,14,filler_a,200,3893,0.013011959542956253
15,5,15,filler_q,20,3893,0.0013495622384147887
15,5,16,filler_a,200,3893,0.008485272654397987
15,5,17,filler_q,20,3893,0.0015960210149586018
15,5,18,filler_a,200,3893,0.014276858708792542
15,5,19,filler_q,19,3893,0.0017545052941721467
15,5,20,filler_a,200,3893,0.01639357549464293
15,5,21,filler_q,22,3893,0.002023582765354859
15,5,22,filler_a,200,3893,0.02080193218439952
15,5,23,filler_q,21,3893,0.0026243289725977753
15,5,24,filler_a,200,3893,0.015384194758989944
15,5,25,filler_q,24,3893,0.0033659722568942924
15,5,26,filler_a,200,3893,0.016503664330530965
15,5,27,filler_q,22,3893,0.004636146255594942
15,5,28,filler_a,200,3893,0.029112478738109182
15,5,29,filler_q,22,3893,0.009120955959280863
15,5,30,filler_a,200,3893,0.05135961084152996
15,5,31,probe,322,3893,0.18665264185847263
15,6,0,system,48,3829,0.03997466005466066
15,6,1,filler_q,22,3829,0.004528627624475999
15,6,2,filler_a,200,3829,0.017683902948460783
15,6,3,filler_q,31,3829,0.00322864481971288
15,6,4,filler_a,200,3829,0.014091569334427234
15,6,5,filler_q,24,3829,0.002155875906375934
15,6,6,filler_a,200,3829,0.010968198459693212
15,6,7,filler_q,19,3829,0.001986390078647998
15,6,8,filler_a,200,3829,0.01442618241200224
15,6,9,filler_q,19,3829,0.0016183983032838356
15,6,10,filler_a,200,3829,0.010095590984552594
15,6,11,filler_q,20,3829,0.0015031692736059213
15,6,12,filler_a,200,3829,0.010135610384737315
15,6,13,filler_q,21,3829,0.0016969202855475797
15,6,14,filler_a,200,3829,0.013346027533953725
15,6,15,filler_q,20,3829,0.0012813902374848559
15,6,16,filler_a,200,3829,0.008698652266376467
15,6,17,filler_q,20,3829,0.0017088370883277222
15,6,18,filler_a,200,3829,0.014530923435117492
15,6,19,filler_q,19,3829,0.0018331602299666231
15,6,20,filler_a,200,3829,0.016856963260887703
15,6,21,filler_q,22,3829,0.0020098204902151556
15,6,22,filler_a,200,3829,0.021657031396054904
15,6,23,filler_q,21,3829,0.002705941913068624
15,6,24,filler_a,200,3829,0.016207838190421764
15,6,25,filler_q,24,3829,0.0033220765034870925
15,6,26,filler_a,200,3829,0.01694914325400565
15,6,27,filler_q,22,3829,0.004656634288040973
15,6,28,filler_a,200,3829,0.029897500616170802
15,6,29,filler_q,22,3829,0.008970329148732858
15,6,30,filler_a,200,3829,0.05497808404190607
15,6,31,probe,258,3829,0.17503521450839798
15,7,0,system,48,3925,0.03649355532028409
15,7,1,filler_q,22,3925,0.004694279603660784
15,7,2,filler_a,200,3925,0.018156678585178554
15,7,3,filler_q,31,3925,0.003046667458603476
15,7,4,filler_a,200,3925,0.013611191154752955
15,7,5,filler_q,24,3925,0.002582222783518197
15,7,6,filler_a,200,3925,0.011259034654706568
15,7,7,filler_q,19,3925,0.0021507761539151828
15,7,8,filler_a,200,3925,0.014155692203462612
15,7,9,filler_q,19,3925,0.0016061568016504226
15,7,10,filler_a,200,3925,0.010201986231477056
15,7,11,filler_q,20,3925,0.0015985382294062388
15,7,12,filler_a,200,3925,0.01001983256830434
15,7,13,filler_q,21,3925,0.001708902371863441
15,7,14,filler_a,200,3925,0.0127332222721106
15,7,15,filler_q,20,3925,0.0013627911632327822
15,7,16,filler_a,200,3925,0.008375771171577374
15,7,17,filler_q,20,3925,0.001679458344431143
15,7,18,filler_a,200,3925,0.013940025266364226
15,7,19,filler_q,19,3925,0.0018006262176576693
15,7,20,filler_a,200,3925,0.01578415516889839
15,7,21,filler_q,22,3925,0.0020357903688942164
15,7,22,filler_a,200,3925,0.020537241066483247
15,7,23,filler_q,21,3925,0.0024327293810819522
15,7,24,filler_a,200,3925,0.015457933281080027
15,7,25,filler_q,24,3925,0.003143031368899124
15,7,26,filler_a,200,3925,0.016434594859608298
15,7,27,filler_q,22,3925,0.004879409643251509
15,7,28,filler_a,200,3925,0.029382607662467253
15,7,29,filler_q,22,3925,0.008684155627663781
15,7,30,filler_a,200,3925,0.051439442604348073
15,7,31,probe,354,3925,0.19018678270595046
15,8,0,system,48,3806,0.04132891641279102
15,8,1,filler_q,22,3806,0.004368197322899975
15,8,2,filler_a,200,3806,0.01744498406695527
15,8,3,filler_q,31,3806,0.003023054511637365
15,8,4,filler_a,200,3806,0.01381904818327051
15,8,5,filler_q,24,3806,0.002124063301223361
15,8,6,filler_a,200,3806,0.010749749065643854
15,8,7,filler_q,19,3806,0.0020069904721717905
15,8,8,filler_a,200,3806,0.014231134243868859
15,8,9,filler_q,19,3806,0.0015925905334582373
15,8,10,filler_a,200,3806,0.009911661399839122
15,8,11,filler_q,20,3806,0.0015006047582540932
15,8,12,filler_a,200,3806,0.010107972112227581
15,8,13,filler_q,21,3806,0.0016692814452272421
15,8,14,filler_a,200,3806,0.01335628465982043
15,8,15,filler_q,20,3806,0.0013227263402879317
15,8,16,filler_a,200,3806,0.008817588615062237
15,8,17,filler_q,20,3806,0.0017720315002553938
15,8,18,filler_a,200,3806,0.014433907172609214
15,8,19,filler_q,19,3806,0.0019351705800348855
15,8,20,filler_a,200,3806,0.017015190957920368
15,8,21,filler_q,22,3806,0.0020264038374910587
15,8,22,filler_a,200,3806,0.02202682876150419
15,8,23,filler_q,21,3806,0.0026613598212373926
15,8,24,filler_a,200,3806,0.016415318437822735
15,8,25,filler_q,24,3806,0.003177814048326788
15,8,26,filler_a,200,3806,0.01700550890386765
15,8,27,filler_q,22,3806,0.0044101910945565925
15,8,28,filler_a,200,3806,0.029603878135027628
15,8,29,filler_q,22,3806,0.008795743827096913
15,8,30,filler_a,200,3806,0.05496587794101515
15,8,31,probe,235,3806,0.1730907130245214
15,10,0,system,48,3852,0.03839907727743608
15,10,1,filler_q,22,3852,0.004911103543500994
15,10,2,filler_a,200,3852,0.017660041960592565
15,10,3,filler_q,31,3852,0.0032673620907378315
15,10,4,filler_a,200,3852,0.01396010041136364
15,10,5,filler_q,24,3852,0.002374442297054309
15,10,6,filler_a,200,3852,0.011222175243466026
15,10,7,filler_q,19,3852,0.0022010132570829
15,10,8,filler_a,200,3852,0.01456501391004229
15,10,9,filler_q,19,3852,0.0016811689363030054
15,10,10,filler_a,200,3852,0.010213413062461818
15,10,11,filler_q,20,3852,0.0015224326885255619
15,10,12,filler_a,200,3852,0.010157047726229468
15,10,13,filler_q,21,3852,0.0015748026169900842
15,10,14,filler_a,200,3852,0.013267940994517748
15,10,15,filler_q,20,3852,0.001345060221534396
15,10,16,filler_a,200,3852,0.008499865362902202
15,10,17,filler_q,20,3852,0.001773901232137037
15,10,18,filler_a,200,3852,0.014364725687937369
15,10,19,filler_q,19,3852,0.001792118647647211
15,10,20,filler_a,200,3852,0.016725426960704226
15,10,21,filler_q,22,3852,0.0020517834552613856
15,10,22,filler_a,200,3852,0.02139341532253347
15,10,23,filler_q,21,3852,0.0027021285502871334
15,10,24,filler_a,200,3852,0.015991218671830065
15,10,25,filler_q,24,3852,0.0035512417819233977
15,10,26,filler_a,200,3852,0.01692743983879752
15,10,27,filler_q,22,3852,0.0046658810933363215
15,10,28,filler_a,200,3852,0.02990149521727048
15,10,29,filler_q,22,3852,0.008511698583015814
15,10,30,filler_a,200,3852,0.05294370248675051
15,10,31,probe,281,3852,0.17458052636106913
15,11,0,system,48,3826,0.040793465025537046
15,11,1,filler_q,22,3826,0.0045380995923188575
15,11,2,filler_a,200,3826,0.017686590032676364
15,11,3,filler_q,31,3826,0.0031531685108606208
15,11,4,filler_a,200,3826,0.013899551106820951
15,11,5,filler_q,24,3826,0.002179975115618644
15,11,6,filler_a,200,3826,0.010943981781911916
15,11,7,filler_q,19,3826,0.001986864111771484
15,11,8,filler_a,200,3826,0.014367593867661779
15,11,9,filler_q,19,3826,0.0016148410623602874
15,11,10,filler_a,200,3826,0.010015149850555405
15,11,11,filler_q,20,3826,0.0015251403468606022
15,11,12,filler_a,200,3826,0.010173206400920842
15,11,13,filler_q,21,3826,0.0017120597425360744
15,11,14,filler_a,200,3826,0.013294641148114367
15,11,15,filler_q,20,3826,0.0012999511049744672
15,11,16,filler_a,200,3826,0.008675923487399817
15,11,17,filler_q,20,3826,0.0017050068288941736
15,11,18,filler_a,200,3826,0.014460943517207128
15,11,19,filler_q,19,3826,0.0018034602589114923
15,11,20,filler_a,200,3826,0.016886269778269458
15,11,21,filler_q,22,3826,0.0020026256046275226
15,11,22,filler_a,200,3826,0.02165357282709124
15,11,23,filler_q,21,3826,0.0026908933920341133
15,11,24,filler_a,200,3826,0.016200993823494658
15,11,25,filler_q,24,3826,0.003321663821018478
15,11,26,filler_a,200,3826,0.016947856601092104
15,11,27,filler_q,22,3826,0.004623235269849868
15,11,28,filler_a,200,3826,0.030012450965799076
15,11,29,filler_q,22,3826,0.008991399198871264
15,11,30,filler_a,200,3826,0.05517124030409093
15,11,31,probe,255,3826,0.17267427045567274
15,12,0,system,48,3850,0.036199956633481634
15,12,1,filler_q,22,3850,0.0046935389480278755
15,12,2,filler_a,200,3850,0.016952252904118836
15,12,3,filler_q,31,3850,0.0031843785762509435
15,12,4,filler_a,200,3850,0.013365826609295084
15,12,5,filler_q,24,3850,0.00229827698193201
15,12,6,filler_a,200,3850,0.010654101217161482
15,12,7,filler_q,19,3850,0.0022006333314648525
15,12,8,filler_a,200,3850,0.01407766074878057
15,12,9,filler_q,19,3850,0.0016631098920900438
15,12,10,filler_a,200,3850,0.010014783655539317
15,12,11,filler_q,20,3850,0.0015442267556706954
15,12,12,filler_a,200,3850,0.009997129227507728
15,12,13,filler_q,21,3850,0.0016006205624140863
15,12,14,filler_a,200,3850,0.013206178322907866
15,12,15,filler_q,20,3850,0.0013373051144752075
15,12,16,filler_a,200,3850,0.008438517070522787
15,12,17,filler_q,20,3850,0.0017855465695489662
15,12,18,filler_a,200,3850,0.014215814908400848
15,12,19,filler_q,19,3850,0.0018218730370567616
15,12,20,filler_a,200,3850,0.01653199100007363
15,12,21,filler_q,22,3850,0.0020268617967868358
15,12,22,filler_a,200,3850,0.021164245911911905
15,12,23,filler_q,21,3850,0.0027545155475212357
15,12,24,filler_a,200,3850,0.01576428827103754
15,12,25,filler_q,24,3850,0.0035186726797780676
15,12,26,filler_a,200,3850,0.016661120717492928
15,12,27,filler_q,22,3850,0.004686738356228015
15,12,28,filler_a,200,3850,0.029320528556599612
15,12,29,filler_q,22,3850,0.00860941150508232
15,12,30,filler_a,200,3850,0.0525456722200488
15,12,31,probe,279,3850,0.18560061811786
15,13,0,system,48,3892,0.037128989781592736
15,13,1,filler_q,22,3892,0.004830756720591606
15,13,2,filler_a,200,3892,0.017990424218723433
15,13,3,filler_q,31,3892,0.0030420675685126197
15,13,4,filler_a,200,3892,0.013976677037915941
15,13,5,filler_q,24,3892,0.0025001620150550963
15,13,6,filler_a,200,3892,0.01127218527440732
15,13,7,filler_q,19,3892,0.0021924034300985495
15,13,8,filler_a,200,3892,0.014244132610236139
15,13,9,filler_q,19,3892,0.0017493673547499923
15,13,10,filler_a,200,3892,0.01027780449241289
15,13,11,filler_q,20,3892,0.0016055830469281357
15,13,12,filler_a,200,3892,0.010184200854748138
15,13,13,filler_q,21,3892,0.001579901632668343
15,13,14,filler_a,200,3892,0.012934338807750384
15,13,15,filler_q,20,3892,0.0013726499270245256
15,13,16,filler_a,200,3892,0.00850024075948166
15,13,17,filler_q,20,3892,0.001628145292121771
15,13,18,filler_a,200,3892,0.014236029621249334
15,13,19,filler_q,19,3892,0.00177507669301088
15,13,20,filler_a,200,3892,0.016343216055980547
15,13,21,filler_q,22,3892,0.00202532978592318
15,13,22,filler_a,200,3892,0.02074508832597388
15,13,23,filler_q,21,3892,0.0026284768993651356
15,13,24,filler_a,200,3892,0.01543563770158285
15,13,25,filler_q,24,3892,0.0033608942508023404
15,13,26,filler_a,200,3892,0.016457757780445226
15,13,27,filler_q,22,3892,0.004604228876853078
15,13,28,filler_a,200,3892,0.029033051154087275
15,13,29,filler_q,22,3892,0.008907466303348599
15,13,30,filler_a,200,3892,0.05088563186419748
15,13,31,probe,321,3892,0.1854472918053034
15,15,0,system,48,3929,0.0377213180226974
15,15,1,filler_q,22,3929,0.004524454555581148
15,15,2,filler_a,200,3929,0.01820670494608123
15,15,3,filler_q,31,3929,0.0029514585496963515
15,15,4,filler_a,200,3929,0.013521455668879412
15,15,5,filler_q,24,3929,0.00259443791494789
15,15,6,filler_a,200,3929,0.011306878934174591
15,15,7,filler_q,19,3929,0.0022052947203376715
15,15,8,filler_a,200,3929,0.014323001258474813
15,15,9,filler_q,19,3929,0.0015945756819875233
15,15,10,filler_a,200,3929,0.010266365166141433
15,15,11,filler_q,20,3929,0.0016417402458773237
15,15,12,filler_a,200,3929,0.010114120853235167
15,15,13,filler_q,21,3929,0.0017291766997453856
15,15,14,filler_a,200,3929,0.012740362146362094
15,15,15,filler_q,20,3929,0.0014044488407322492
15,15,16,filler_a,200,3929,0.008429139286321422
15,15,17,filler_q,20,3929,0.001698193616956784
15,15,18,filler_a,200,3929,0.013872898167865048
15,15,19,filler_q,19,3929,0.0018374100131435325
15,15,20,filler_a,200,3929,0.015746985299936733
15,15,21,filler_q,22,3929,0.0020283733365037554
15,15,22,filler_a,200,3929,0.020520217695076504
15,15,23,filler_q,21,3929,0.002458383208682975
15,15,24,filler_a,200,3929,0.015387342038543639
15,15,25,filler_q,24,3929,0.003122556256729442
15,15,26,filler_a,200,3929,0.016221735278941107
15,15,27,filler_q,22,3929,0.004955422464224868
15,15,28,filler_a,200,3929,0.029140485235907843
15,15,29,filler_q,22,3929,0.008879128002443393
15,15,30,filler_a,200,3929,0.05148025000168843
15,15,31,probe,358,3929,0.19370707378902807
15,16,0,system,48,3769,0.03972924281184431
15,16,1,filler_q,22,3769,0.004631523172375945
15,16,2,filler_a,200,3769,0.017250628697194514
15,16,3,filler_q,31,3769,0.003223892930142209
15,16,4,filler_a,200,3769,0.01403450901717207
15,16,5,filler_q,24,3769,0.0021246023955943487
15,16,6,filler_a,200,3769,0.0110473908972466
15,16,7,filler_q,19,3769,0.00217151219034198
15,16,8,filler_a,200,3769,0.014757103793523943
15,16,9,filler_q,19,3769,0.0015334167059583848
15,16,10,filler_a,200,3769,0.01000102245538148
15,16,11,filler_q,20,3769,0.001555532626876464
15,16,12,filler_a,200,3769,0.010325821875102448
15,16,13,filler_q,21,3769,0.0017517235083043372
15,16,14,filler_a,200,3769,0.013595918515980755
15,16,15,filler_q,20,3769,0.0014312756318437343
15,16,16,filler_a,200,3769,0.009224946212105647
15,16,17,filler_q,20,3769,0.001815604181452238
15,16,18,filler_a,200,3769,0.014816951046306079
15,16,19,filler_q,19,3769,0.0019003337519898373
15,16,20,filler_a,200,3769,0.017453818754283645
15,16,21,filler_q,22,3769,0.0021734472560267504
15,16,22,filler_a,200,3769,0.022565433438323623
15,16,23,filler_q,21,3769,0.0026395342251278597
15,16,24,filler_a,200,3769,0.016929331783588575
15,16,25,filler_q,24,3769,0.0033045361933203843
15,16,26,filler_a,200,3769,0.01748421142476131
15,16,27,filler_q,22,3769,0.004622745877003176
15,16,28,filler_a,200,3769,0.029392504224801996
15,16,29,filler_q,22,3769,0.008836005309624362
15,16,30,filler_a,200,3769,0.05616449608834273
15,16,31,probe,198,3769,0.16585838370497186
15,17,0,system,48,3857,0.040364997484644505
15,17,1,filler_q,22,3857,0.004509661974099938
15,17,2,filler_a,200,3857,0.017480203149833784
15,17,3,filler_q,31,3857,0.0030758824168558574
15,17,4,filler_a,200,3857,0.013798422657524512
15,17,5,filler_q,24,3857,0.0023100114468414396
15,17,6,filler_a,200,3857,0.010985980422189456
15,17,7,filler_q,19,3857,0.002114101085849477
15,17,8,filler_a,200,3857,0.01432884124000155
15,17,9,filler_q,19,3857,0.0016315206234703155
15,17,10,filler_a,200,3857,0.010239594769564375
15,17,11,filler_q,20,3857,0.0015000186768271487
15,17,12,filler_a,200,3857,0.010159637393720305
15,17,13,filler_q,21,3857,0.0015841857857494743
15,17,14,filler_a,200,3857,0.013276416693152202
15,17,15,filler_q,20,3857,0.0013450881503806536
15,17,16,filler_a,200,3857,0.008500547045786974
15,17,17,filler_q,20,3857,0.0017673409806843365
15,17,18,filler_a,200,3857,0.014367535033491752
15,17,19,filler_q,19,3857,0.0018014245323943207
15,17,20,filler_a,200,3857,0.016712262308235637
15,17,21,filler_q,22,3857,0.002052485167938392
15,17,22,filler_a,200,3857,0.02130617910812127
15,17,23,filler_q,21,3857,0.002696739469900039
15,17,24,filler_a,200,3857,0.015866616370846187
15,17,25,filler_q,24,3857,0.003495527787320485
15,17,26,filler_a,200,3857,0.016917085659560183
15,17,27,filler_q,22,3857,0.004591991900735448
15,17,28,filler_a,200,3857,0.02979334901286279
15,17,29,filler_q,22,3857,0.00891559235340722
15,17,30,filler_a,200,3857,0.053422726898809
15,17,31,probe,286,3857,0.17838910726572976
15,18,0,system,48,3924,0.03622695420436628
15,18,1,filler_q,22,3924,0.004650063074965349
15,18,2,filler_a,200,3924,0.018407951222570773
15,18,3,filler_q,31,3924,0.0030921206243295033
15,18,4,filler_a,200,3924,0.013795455066981877
15,18,5,filler_q,24,3924,0.0026026282970960848
15,18,6,filler_a,200,3924,0.011470782176660421
15,18,7,filler_q,19,3924,0.002229385470266309
15,18,8,filler_a,200,3924,0.01448065437513664
15,18,9,filler_q,19,3924,0.001641766686708463
15,18,10,filler_a,200,3924,0.010354012899830567
15,18,11,filler_q,20,3924,0.001639867559093124
15,18,12,filler_a,200,3924,0.010242369078734687
15,18,13,filler_q,21,3924,0.0017383139103568784
15,18,14,filler_a,200,3924,0.012847441752841027
15,18,15,filler_q,20,3924,0.0013899584370350283
15,18,16,filler_a,200,3924,0.008499747113351929
15,18,17,filler_q,20,3924,0.0017204415138270094
15,18,18,filler_a,200,3924,0.014064983166475798
15,18,19,filler_q,19,3924,0.0018504269300561836
15,18,20,filler_a,200,3924,0.01580600318222361
15,18,21,filler_q,22,3924,0.0020616424817458817
15,18,22,filler_a,200,3924,0.020611602965534104
15,18,23,filler_q,21,3924,0.0024837725784492143
15,18,24,filler_a,200,3924,0.015601190537127052
15,18,25,filler_q,24,3924,0.0031620182405023844
15,18,26,filler_a,200,3924,0.016481579451577355
15,18,27,filler_q,22,3924,0.004902697283180268
15,18,28,filler_a,200,3924,0.029268295843022818
15,18,29,filler_q,22,3924,0.008520261495352566
15,18,30,filler_a,200,3924,0.050922400368449416
15,18,31,probe,353,3924,0.19197808426315532
15,19,0,system,48,3899,0.03780838757707272
15,19,1,filler_q,22,3899,0.004889589407381184
15,19,2,filler_a,200,3899,0.018164513170241037
15,19,3,filler_q,31,3899,0.0029616259521717024
15,19,4,filler_a,200,3899,0.013892600635397212
15,19,5,filler_q,24,3899,0.0024680597237234578
15,19,6,filler_a,200,3899,0.011113082491009507
15,19,7,filler_q,19,3899,0.002198334448506714
15,19,8,filler_a,200,3899,0.014313111917229393
15,19,9,filler_q,19,3899,0.0017355611356619856
15,19,10,filler_a,200,3899,0.010268280201615854
15,19,11,filler_q,20,3899,0.0016054749460302793
15,19,12,filler_a,200,3899,0.01018978861927844
15,19,13,filler_q,21,3899,0.0016392830910796838
15,19,14,filler_a,200,3899,0.012986007518882459
15,19,15,filler_q,20,3899,0.001401269043128741
15,19,16,filler_a,200,3899,0.008569694997665224
15,19,17,filler_q,20,3899,0.001629569719968094
15,19,18,filler_a,200,3899,0.014263790937468657
15,19,19,filler_q,19,3899,0.0017682018282897116
15,19,20,filler_a,200,3899,0.016372543774371584
15,19,21,filler_q,22,3899,0.0020659588096625936
15,19,22,filler_a,200,3899,0.02087549933775712
15,19,23,filler_q,21,3899,0.0027256144187185957
15,19,24,filler_a,200,3899,0.015641681490319637
15,19,25,filler_q,24,3899,0.0034897709126547327
15,19,26,filler_a,200,3899,0.016733643144535182
15,19,27,filler_q,22,3899,0.004871022433037497
15,19,28,filler_a,200,3899,0.029338235371569432
15,19,29,filler_q,22,3899,0.00902972906064381
15,19,30,filler_a,200,3899,0.0513962536343513
15,19,31,probe,328,3899,0.18318760047668547
15,20,0,system,48,3888,0.036919732397052485
15,20,1,filler_q,22,3888,0.004869259497487871
15,20,2,filler_a,200,3888,0.017734214065011855
15,20,3,filler_q,31,3888,0.0029581530301818655
15,20,4,filler_a,200,3888,0.013766894238882443
15,20,5,filler_q,24,3888,0.002477537135298597
15,20,6,filler_a,200,3888,0.01097124573676389
15,20,7,filler_q,19,3888,0.0022158858218022798
15,20,8,filler_a,200,3888,0.014127246114598268
15,20,9,filler_q,19,3888,0.0017465516077141954
15,20,10,filler_a,200,3888,0.010152211756237262
15,20,11,filler_q,20,3888,0.0016470006913774475
15,20,12,filler_a,200,3888,0.01008185487461799
15,20,13,filler_q,21,3888,0.001583867655699775
15,20,14,filler_a,200,3888,0.012941776801725924
15,20,15,filler_q,20,3888,0.0013748539967297626
15,20,16,filler_a,200,3888,0.008487138827357889
15,20,17,filler_q,20,3888,0.0015979212709860827
15,20,18,filler_a,200,3888,0.01418992133620589
15,20,19,filler_q,19,3888,0.0017719253977663903
15,20,20,filler_a,200,3888,0.016325312602922692
15,20,21,filler_q,22,3888,0.002064465408466748
15,20,22,filler_a,200,3888,0.020884153010584328
15,20,23,filler_q,21,3888,0.0027256038888666956
15,20,24,filler_a,200,3888,0.015611981225791105
15,20,25,filler_q,24,3888,0.003532339181148564
15,20,26,filler_a,200,3888,0.016671104495964317
15,20,27,filler_q,22,3888,0.0048206180843265445
15,20,28,filler_a,200,3888,0.029556678327856467
15,20,29,filler_q,22,3888,0.009445314659915383
15,20,30,filler_a,200,3888,0.051719369625374156
15,20,31,probe,317,3888,0.18709172698163457
15,23,0,system,48,3872,0.039843657060359305
15,23,1,filler_q,22,3872,0.004669614106174169
15,23,2,filler_a,200,3872,0.018056041935025746
15,23,3,filler_q,31,3872,0.002966718104406091
15,23,4,filler_a,200,3872,0.013928018989384228
15,23,5,filler_q,24,3872,0.0023857824008673006
15,23,6,filler_a,200,3872,0.010985630799540402
15,23,7,filler_q,19,3872,0.0021227505858827734
15,23,8,filler_a,200,3872,0.014208431217887462
15,23,9,filler_q,19,3872,0.0016582981125677694
15,23,10,filler_a,200,3872,0.010342930576759168
15,23,11,filler_q,20,3872,0.0015592494619736698
15,23,12,filler_a,200,3872,0.01021913271903857
15,23,13,filler_q,21,3872,0.001586494494777501
15,23,14,filler_a,200,3872,0.013162028579646962
15,23,15,filler_q,20,3872,0.0013648601958996024
15,23,16,filler_a,200,3872,0.008622080620924661
15,23,17,filler_q,20,3872,0.0016587338467162914
15,23,18,filler_a,200,3872,0.014398762863219644
15,23,19,filler_q,19,3872,0.0017817172863753717
15,23,20,filler_a,200,3872,0.016398828300203228
15,23,21,filler_q,22,3872,0.002122682883894139
15,23,22,filler_a,200,3872,0.02109455966309426
15,23,23,filler_q,21,3872,0.002719122661560186
15,23,24,filler_a,200,3872,0.016011127532570724
15,23,25,filler_q,24,3872,0.0035023946921770854
15,23,26,filler_a,200,3872,0.017024023516181153
15,23,27,filler_q,22,3872,0.004546580685593438
15,23,28,filler_a,200,3872,0.0299032240372048
15,23,29,filler_q,22,3872,0.009477524004960713
15,23,30,filler_a,200,3872,0.05309254880762637
15,23,31,probe,301,3872,0.17898607287270352
15,24,0,system,48,3805,0.041546126185739496
15,24,1,filler_q,22,3805,0.004150286063234077
15,24,2,filler_a,200,3805,0.01715230766231457
15,24,3,filler_q,31,3805,0.0029732331142848026
15,24,4,filler_a,200,3805,0.01368690317930188
15,24,5,filler_q,24,3805,0.0020730241253222054
15,24,6,filler_a,200,3805,0.01058226561281117
15,24,7,filler_q,19,3805,0.0020017229865360543
15,24,8,filler_a,200,3805,0.014176917099935725
15,24,9,filler_q,19,3805,0.0015949669290182293
15,24,10,filler_a,200,3805,0.009902206261130586
15,24,11,filler_q,20,3805,0.0015028777215374501
15,24,12,filler_a,200,3805,0.010094184529766681
15,24,13,filler_q,21,3805,0.0016774117091988752
15,24,14,filler_a,200,3805,0.013442916354072462
15,24,15,filler_q,20,3805,0.0013192268530600214
15,24,16,filler_a,200,3805,0.008811932570008507
15,24,17,filler_q,20,3805,0.0017977766696170845
15,24,18,filler_a,200,3805,0.014408586870988088
15,24,19,filler_q,19,3805,0.0019435633542350143
15,24,20,filler_a,200,3805,0.01709122950499431
15,24,21,filler_q,22,3805,0.0020311081528358588
15,24,22,filler_a,200,3805,0.022100878933894563
15,24,23,filler_q,21,3805,0.0026818319126462806
15,24,24,filler_a,200,3805,0.01648845247205477
15,24,25,filler_q,24,3805,0.0032239185932517733
15,24,26,filler_a,200,3805,0.01705831140128744
15,24,27,filler_q,22,3805,0.004531380214310543
15,24,28,filler_a,200,3805,0.02955110487803836
15,24,29,filler_q,22,3805,0.00908850099283498
15,24,30,filler_a,200,3805,0.0551835769295792
15,24,31,probe,234,3805,0.17390918937667266
15,26,0,system,48,3842,0.037565001690943234
15,26,1,filler_q,22,3842,0.004700552871542946
15,26,2,filler_a,200,3842,0.017735710155964313
15,26,3,filler_q,31,3842,0.0033294837381549047
15,26,4,filler_a,200,3842,0.013990032182357837
15,26,5,filler_q,24,3842,0.0022039613506920595
15,26,6,filler_a,200,3842,0.011037385137219857
15,26,7,filler_q,19,3842,0.002023361730010992
15,26,8,filler_a,200,3842,0.014389596221655135
15,26,9,filler_q,19,3842,0.0016515880191260487
15,26,10,filler_a,200,3842,0.010099493982673069
15,26,11,filler_q,20,3842,0.0015202207225430888
15,26,12,filler_a,200,3842,0.010176428690771927
15,26,13,filler_q,21,3842,0.0016418103466170637
15,26,14,filler_a,200,3842,0.013359037394874956
15,26,15,filler_q,20,3842,0.0012826248885149374
15,26,16,filler_a,200,3842,0.008589381255748978
15,26,17,filler_q,20,3842,0.0017530440100337733
15,26,18,filler_a,200,3842,0.014410223173885128
15,26,19,filler_q,19,3842,0.0018269290657145845
15,26,20,filler_a,200,3842,0.016843484320453683
15,26,21,filler_q,22,3842,0.0020353738245334763
15,26,22,filler_a,200,3842,0.0214809506743876
15,26,23,filler_q,21,3842,0.002680108703410247
15,26,24,filler_a,200,3842,0.015873962401582647
15,26,25,filler_q,24,3842,0.0033938949241162364
15,26,26,filler_a,200,3842,0.01673080089617507
15,26,27,filler_q,22,3842,0.004624654685362661
15,26,28,filler_a,200,3842,0.029653408638987244
15,26,29,filler_q,22,3842,0.008543024699473989
15,26,30,filler_a,200,3842,0.054288923813729184
15,26,31,probe,271,3842,0.17873770887081264
15,27,0,system,48,3951,0.037065830189639826
15,27,1,filler_q,22,3951,0.0047272455668778135
15,27,2,filler_a,200,3951,0.01886392720873431
15,27,3,filler_q,31,3951,0.0032021427965699765
15,27,4,filler_a,200,3951,0.014150309828291796
15,27,5,filler_q,24,3951,0.0028004683021574783
15,27,6,filler_a,200,3951,0.011890605311569047
15,27,7,filler_q,19,3951,0.002402393981675653
15,27,8,filler_a,200,3951,0.014893222346586799
15,27,9,filler_q,19,3951,0.001718871119602477
15,27,10,filler_a,200,3951,0.010428284736283877
15,27,11,filler_q,20,3951,0.0017582798450252457
15,27,12,filler_a,200,3951,0.010380371981598802
15,27,13,filler_q,21,3951,0.0017058158932549417
15,27,14,filler_a,200,3951,0.012878263698230974
15,27,15,filler_q,20,3951,0.001421987752227283
15,27,16,filler_a,200,3951,0.008495149595967439
15,27,17,filler_q,20,3951,0.0016650473218388477
15,27,18,filler_a,200,3951,0.013857384827850316
15,27,19,filler_q,19,3951,0.0018072664208938893
15,27,20,filler_a,200,3951,0.01576910554636983
15,27,21,filler_q,22,3951,0.0019948308321400057
15,27,22,filler_a,200,3951,0.020319774412114633
15,27,23,filler_q,21,3951,0.0024952166937803055
15,27,24,filler_a,200,3951,0.015280475978582952
15,27,25,filler_q,24,3951,0.0033747587838635074
15,27,26,filler_a,200,3951,0.016261165988823767
15,27,27,filler_q,22,3951,0.0047994017511552856
15,27,28,filler_a,200,3951,0.029740451764736386
15,27,29,filler_q,22,3951,0.00892213395502306
15,27,30,filler_a,200,3951,0.05056662084911778
15,27,31,probe,380,3951,0.1882120499726625
15,28,0,system,48,3898,0.03937244499122272
15,28,1,filler_q,22,3898,0.004727183590990641
15,28,2,filler_a,200,3898,0.018308338005965652
15,28,3,filler_q,31,3898,0.0029250944999508295
15,28,4,filler_a,200,3898,0.01388938014574137
15,28,5,filler_q,24,3898,0.002484929955210869
15,28,6,filler_a,200,3898,0.01130399113345959
15,28,7,filler_q,19,3898,0.0021643293979988
15,28,8,filler_a,200,3898,0.01432779977318533
15,28,9,filler_q,19,3898,0.0017078209420872581
15,28,10,filler_a,200,3898,0.010303078450199177
15,28,11,filler_q,20,3898,0.0016078067781590839
15,28,12,filler_a,200,3898,0.010236745031509675
15,28,13,filler_q,21,3898,0.0016244277325710849
15,28,14,filler_a,200,3898,0.012886499849684707
15,28,15,filler_q,20,3898,0.0013897111409860666
15,28,16,filler_a,200,3898,0.008530482845648658
15,28,17,filler_q,20,3898,0.0016235031096160338
15,28,18,filler_a,200,3898,0.014216361701113858
15,28,19,filler_q,19,3898,0.001751402344445048
15,28,20,filler_a,200,3898,0.016270069926897557
15,28,21,filler_q,22,3898,0.002030592346938309
15,28,22,filler_a,200,3898,0.020744862106978346
15,28,23,filler_q,21,3898,0.0026577537595664016
15,28,24,filler_a,200,3898,0.015550534794589399
15,28,25,filler_q,24,3898,0.003456994316324555
15,28,26,filler_a,200,3898,0.01672973404146516
15,28,27,filler_q,22,3898,0.004857319025088458
15,28,28,filler_a,200,3898,0.029587829511212416
15,28,29,filler_q,22,3898,0.009322615185516803
15,28,30,filler_a,200,3898,0.05260458430368686
15,28,31,probe,327,3898,0.1825503701688831
15,29,0,system,48,3914,0.03723021866081666
15,29,1,filler_q,22,3914,0.0046320733831896055
15,29,2,filler_a,200,3914,0.018256263229517344
15,29,3,filler_q,31,3914,0.002994784318756747
15,29,4,filler_a,200,3914,0.01372327044597288
15,29,5,filler_q,24,3914,0.0025078062002630176
15,29,6,filler_a,200,3914,0.011291645675607143
15,29,7,filler_q,19,3914,0.002106339227405756
15,29,8,filler_a,200,3914,0.01413978239346899
15,29,9,filler_q,19,3914,0.0016299122862137609
15,29,10,filler_a,200,3914,0.010275724864492464
15,29,11,filler_q,20,3914,0.0015663739699153176
15,29,12,filler_a,200,3914,0.010045858638740315
15,29,13,filler_q,21,3914,0.001703324673987039
15,29,14,filler_a,200,3914,0.012727059528798157
15,29,15,filler_q,20,3914,0.0014150422703623638
15,29,16,filler_a,200,3914,0.008413829574055261
15,29,17,filler_q,20,3914,0.0016123590102187812
15,29,18,filler_a,200,3914,0.014003986134430407
15,29,19,filler_q,19,3914,0.0017401178248303006
15,29,20,filler_a,200,3914,0.016002607231837107
15,29,21,filler_q,22,3914,0.0020337938594811034
15,29,22,filler_a,200,3914,0.020565080553560655
15,29,23,filler_q,21,3914,0.002654368065611673
15,29,24,filler_a,200,3914,0.015412245316110684
15,29,25,filler_q,24,3914,0.0032436479177112704
15,29,26,filler_a,200,3914,0.01636422832623552
15,29,27,filler_q,22,3914,0.004788829213432488
15,29,28,filler_a,200,3914,0.029349693340815275
15,29,29,filler_q,22,3914,0.008415198924172085
15,29,30,filler_a,200,3914,0.05134750296211621
15,29,31,probe,343,3914,0.1905770080666116
15,30,0,system,48,3839,0.03923700880154257
15,30,1,filler_q,22,3839,0.004919800837129493
15,30,2,filler_a,200,3839,0.017399134246574022
15,30,3,filler_q,31,3839,0.003390519148911742
15,30,4,filler_a,200,3839,0.014002615016663
15,30,5,filler_q,24,3839,0.0022380168848521453
15,30,6,filler_a,200,3839,0.010995764153602039
15,30,7,filler_q,19,3839,0.002112552583481777
15,30,8,filler_a,200,3839,0.014473397865619917
15,30,9,filler_q,19,3839,0.0017208285874707628
15,30,10,filler_a,200,3839,0.010199222837032451
15,30,11,filler_q,20,3839,0.001555525887139992
15,30,12,filler_a,200,3839,0.01014289530947346
15,30,13,filler_q,21,3839,0.001668148308762758
15,30,14,filler_a,200,3839,0.013412901148122908
15,30,15,filler_q,20,3839,0.0012794228265902616
15,30,16,filler_a,200,3839,0.008704350342516938
15,30,17,filler_q,20,3839,0.001759824265321648
15,30,18,filler_a,200,3839,0.014498680695986893
15,30,19,filler_q,19,3839,0.001871085431049115
15,30,20,filler_a,200,3839,0.016910157393208003
15,30,21,filler_q,22,3839,0.0020866574441888303
15,30,22,filler_a,200,3839,0.021665317213839685
15,30,23,filler_q,21,3839,0.002790304432343668
15,30,24,filler_a,200,3839,0.016262367193847327
15,30,25,filler_q,24,3839,0.0035052793208369404
15,30,26,filler_a,200,3839,0.01706796561057744
15,30,27,filler_q,22,3839,0.004802964637020568
15,30,28,filler_a,200,3839,0.030075055241383097
15,30,29,filler_q,22,3839,0.008700843020600146
15,30,30,filler_a,200,3839,0.05397349739868673
15,30,31,probe,268,3839,0.17110140337945268
15,31,0,system,48,3838,0.0386842351288017
15,31,1,filler_q,22,3838,0.004676814338978541
15,31,2,filler_a,200,3838,0.017022236677858515
15,31,3,filler_q,31,3838,0.003242422687063184
15,31,4,filler_a,200,3838,0.013581931652481671
15,31,5,filler_q,24,3838,0.002212277317434827
15,31,6,filler_a,200,3838,0.010796986346127468
15,31,7,filler_q,19,3838,0.002114116158912587
15,31,8,filler_a,200,3838,0.014246442907364381
15,31,9,filler_q,19,3838,0.0016927437594523357
15,31,10,filler_a,200,3838,0.010081351633197677
15,31,11,filler_q,20,3838,0.0015846205106658066
15,31,12,filler_a,200,3838,0.010119891491196797
15,31,13,filler_q,21,3838,0.0016750801499117833
15,31,14,filler_a,200,3838,0.01342396766267654
15,31,15,filler_q,20,3838,0.001277944304218387
15,31,16,filler_a,200,3838,0.008605610601844102
15,31,17,filler_q,20,3838,0.001769198601410262
15,31,18,filler_a,200,3838,0.014321084350357838
15,31,19,filler_q,19,3838,0.0018559793436139548
15,31,20,filler_a,200,3838,0.016845329258588393
15,31,21,filler_q,22,3838,0.0020741427849677863
15,31,22,filler_a,200,3838,0.02159797618465653
15,31,23,filler_q,21,3838,0.0028297446090577716
15,31,24,filler_a,200,3838,0.016063883457320238
15,31,25,filler_q,24,3838,0.003487980381971012
15,31,26,filler_a,200,3838,0.016877638038099496
15,31,27,filler_q,22,3838,0.004759215073758205
15,31,28,filler_a,200,3838,0.029483236106308652
15,31,29,filler_q,22,3838,0.00864729621460647
15,31,30,filler_a,200,3838,0.05328138639178803
15,31,31,probe,267,3838,0.18190804810001282
15,32,0,system,48,3920,0.03696604743238652
15,32,1,filler_q,22,3920,0.004872400597125737
15,32,2,filler_a,200,3920,0.018144810090717556
15,32,3,filler_q,31,3920,0.003136243947756299
15,32,4,filler_a,200,3920,0.01373338103489985
15,32,5,filler_q,24,3920,0.002626260566604005
15,32,6,filler_a,200,3920,0.01114493086791235
15,32,7,filler_q,19,3920,0.002250238707007541
15,32,8,filler_a,200,3920,0.014360474145984379
15,32,9,filler_q,19,3920,0.0016822803431826444
15,32,10,filler_a,200,3920,0.010267823345304516
15,32,11,filler_q,20,3920,0.001648532808291036
15,32,12,filler_a,200,3920,0.010075479382647023
15,32,13,filler_q,21,3920,0.0017177491313926652
15,32,14,filler_a,200,3920,0.012742445523554191
15,32,15,filler_q,20,3920,0.0014094923509746003
15,32,16,filler_a,200,3920,0.00844550315700135
15,32,17,filler_q,20,3920,0.001665800628554397
15,32,18,filler_a,200,3920,0.013911319858048443
15,32,19,filler_q,19,3920,0.0017995800205417118
15,32,20,filler_a,200,3920,0.01595110680615555
15,32,21,filler_q,22,3920,0.002074380571243456
15,32,22,filler_a,200,3920,0.020684120991814936
15,32,23,filler_q,21,3920,0.0026158216474159238
15,32,24,filler_a,200,3920,0.015508616994314661
15,32,25,filler_q,24,3920,0.003310106894253595
15,32,26,filler_a,200,3920,0.016475171859265392
15,32,27,filler_q,22,3920,0.005067962172057627
15,32,28,filler_a,200,3920,0.029580384951914063
15,32,29,filler_q,22,3920,0.008938061423550359
15,32,30,filler_a,200,3920,0.05185997753089566
15,32,31,probe,349,3920,0.18663615137484157
15,33,0,system,48,3788,0.038021267525799374
15,33,1,filler_q,22,3788,0.0044481329645076825
15,33,2,filler_a,200,3788,0.017137222475753333
15,33,3,filler_q,31,3788,0.0031322540032370505
15,33,4,filler_a,200,3788,0.013784976800295112
15,33,5,filler_q,24,3788,0.0021429234931195466
15,33,6,filler_a,200,3788,0.010741556859446888
15,33,7,filler_q,19,3788,0.0020607942458719243
15,33,8,filler_a,200,3788,0.01440751658534355
15,33,9,filler_q,19,3788,0.0015486171322700057
15,33,10,filler_a,200,3788,0.009991913205452452
15,33,11,filler_q,20,3788,0.0015444599935435337
15,33,12,filler_a,200,3788,0.010223822211514688
15,33,13,filler_q,21,3788,0.0017257384238879548
15,33,14,filler_a,200,3788,0.013484469580287692
15,33,15,filler_q,20,3788,0.0013944209457860068
15,33,16,filler_a,200,3788,0.009074513983034646
15,33,17,filler_q,20,3788,0.0018274659390590873
15,33,18,filler_a,200,3788,0.014590482980380265
15,33,19,filler_q,19,3788,0.0019810975540207583
15,33,20,filler_a,200,3788,0.01724890072062113
15,33,21,filler_q,22,3788,0.0020781765372387684
15,33,22,filler_a,200,3788,0.022359316165161403
15,33,23,filler_q,21,3788,0.0025382092030548573
15,33,24,filler_a,200,3788,0.016635388579915977
15,33,25,filler_q,24,3788,0.0032508242423503475
15,33,26,filler_a,200,3788,0.017119247708269114
15,33,27,filler_q,22,3788,0.004725556431200539
15,33,28,filler_a,200,3788,0.02954083197720081
15,33,29,filler_q,22,3788,0.009061919124801143
15,33,30,filler_a,200,3788,0.05579666729252608
15,33,31,probe,217,3788,0.17347018904706601
15,35,0,system,48,3839,0.03921442712448453
15,35,1,filler_q,22,3839,0.004713947996835846
15,35,2,filler_a,200,3839,0.017603171935361317
15,35,3,filler_q,31,3839,0.0033273051602129757
15,35,4,filler_a,200,3839,0.014203759069184585
15,35,5,filler_q,24,3839,0.002234584010288875
15,35,6,filler_a,200,3839,0.011073863258440397
15,35,7,filler_q,19,3839,0.002040409615797493
15,35,8,filler_a,200,3839,0.014475557458341105
15,35,9,filler_q,19,3839,0.0016657862854512501
15,35,10,filler_a,200,3839,0.010166887124429369
15,35,11,filler_q,20,3839,0.001538602839514392
15,35,12,filler_a,200,3839,0.010144642189193864
15,35,13,filler_q,21,3839,0.0016254674663617637
15,35,14,filler_a,200,3839,0.013338708011540489
15,35,15,filler_q,20,3839,0.0012562705460454683
15,35,16,filler_a,200,3839,0.008605422202326178
15,35,17,filler_q,20,3839,0.00170736452780392
15,35,18,filler_a,200,3839,0.01441581526514124
15,35,19,filler_q,19,3839,0.0017994938432666615
15,35,20,filler_a,200,3839,0.01685876175823342
15,35,21,filler_q,22,3839,0.0020167990004933273
15,35,22,filler_a,200,3839,0.021586630002309093
15,35,23,filler_q,21,3839,0.0026697593636007544
15,35,24,filler_a,200,3839,0.01595362046995208
15,35,25,filler_q,24,3839,0.003369749626210866
15,35,26,filler_a,200,3839,0.016757326597801603
15,35,27,filler_q,22,3839,0.0046119383896845445
15,35,28,filler_a,200,3839,0.029776412889855663
15,35,29,filler_q,22,3839,0.008505348761030262
15,35,30,filler_a,200,3839,0.05417350403903498
15,35,31,probe,268,3839,0.17975988799821607
15,37,0,system,48,3824,0.04016269650390569
15,37,1,filler_q,22,3824,0.004614796492642556
15,37,2,filler_a,200,3824,0.017680432714195504
15,37,3,filler_q,31,3824,0.003151026959217134
15,37,4,filler_a,200,3824,0.014001029028603895
15,37,5,filler_q,24,3824,0.002179813431141951
15,37,6,filler_a,200,3824,0.011029725047821515
15,37,7,filler_q,19,3824,0.0019846244303003894
15,37,8,filler_a,200,3824,0.014433552116890437
15,37,9,filler_q,19,3824,0.0016019412434056465
15,37,10,filler_a,200,3824,0.01001773086177038
15,37,11,filler_q,20,3824,0.0015074569961216755
15,37,12,filler_a,200,3824,0.010153876594194755
15,37,13,filler_q,21,3824,0.001729138635267911
15,37,14,filler_a,200,3824,0.01329813189952256
15,37,15,filler_q,20,3824,0.001305510925388146
15,37,16,filler_a,200,3824,0.008700069886917714
15,37,17,filler_q,20,3824,0.0017355098037627286
15,37,18,filler_a,200,3824,0.014556024980604272
15,37,19,filler_q,19,3824,0.00183023696550071
15,37,20,filler_a,200,3824,0.016907096246306708
15,37,21,filler_q,22,3824,0.0019983701641131113
15,37,22,filler_a,200,3824,0.021653328811138906
15,37,23,filler_q,21,3824,0.00265580536568346
15,37,24,filler_a,200,3824,0.01614426691976023
15,37,25,filler_q,24,3824,0.0032559628315567135
15,37,26,filler_a,200,3824,0.01685503482664541
15,37,27,filler_q,22,3824,0.004500156797327071
15,37,28,filler_a,200,3824,0.029532296035352346
15,37,29,filler_q,22,3824,0.008710167869226737
15,37,30,filler_a,200,3824,0.05478013097720691
15,37,31,probe,253,3824,0.17425623704093596
15,38,0,system,48,3795,0.03775440969400279
15,38,1,filler_q,22,3795,0.00423022343811544
15,38,2,filler_a,200,3795,0.017418447714364405
15,38,3,filler_q,31,3795,0.0029951220748203854
15,38,4,filler_a,200,3795,0.013784058662043464
15,38,5,filler_q,24,3795,0.0020438323719168955
15,38,6,filler_a,200,3795,0.010653974710081116
15,38,7,filler_q,19,3795,0.002043520194974965
15,38,8,filler_a,200,3795,0.014234764195894537
15,38,9,filler_q,19,3795,0.0015332209677948513
15,38,10,filler_a,200,3795,0.00985074785879414
15,38,11,filler_q,20,3795,0.0014817647760555375
15,38,12,filler_a,200,3795,0.010154394249299203
15,38,13,filler_q,21,3795,0.0016567679488197424
15,38,14,filler_a,200,3795,0.013316870659744837
15,38,15,filler_q,20,3795,0.0013385215684451866
15,38,16,filler_a,200,3795,0.0089948045249613
15,38,17,filler_q,20,3795,0.0017978135008939768
15,38,18,filler_a,200,3795,0.014607597375676573
15,38,19,filler_q,19,3795,0.0019643886826497666
15,38,20,filler_a,200,3795,0.016854105083147886
15,38,21,filler_q,22,3795,0.001988977565495223
15,38,22,filler_a,200,3795,0.02190595323330058
15,38,23,filler_q,21,3795,0.0024628090367874236
15,38,24,filler_a,200,3795,0.016493161426395286
15,38,25,filler_q,24,3795,0.0031796944281471395
15,38,26,filler_a,200,3795,0.01711714876989756
15,38,27,filler_q,22,3795,0.004516804237408412
15,38,28,filler_a,200,3795,0.029831896667701585
15,38,29,filler_q,22,3795,0.009092673047756072
15,38,30,filler_a,200,3795,0.05669467128680594
15,38,31,probe,224,3795,0.17436790579859007
15,39,0,system,48,3879,0.03915583959103941
15,39,1,filler_q,22,3879,0.004884030408282114
15,39,2,filler_a,200,3879,0.017944132352656794
15,39,3,filler_q,31,3879,0.003088736477296784
15,39,4,filler_a,200,3879,0.014015917663356525
15,39,5,filler_q,24,3879,0.002462114221231951
15,39,6,filler_a,200,3879,0.011188001383100499
15,39,7,filler_q,19,3879,0.002261785544252392
15,39,8,filler_a,200,3879,0.01438392329270392
15,39,9,filler_q,19,3879,0.0017611509637622093
15,39,10,filler_a,200,3879,0.010325821274287161
15,39,11,filler_q,20,3879,0.00161813657997998
15,39,12,filler_a,200,3879,0.010187962127211847
15,39,13,filler_q,21,3879,0.0016190292416562585
15,39,14,filler_a,200,3879,0.013080121843355774
15,39,15,filler_q,20,3879,0.0013772365816470096
15,39,16,filler_a,200,3879,0.008555887145866553
15,39,17,filler_q,20,3879,0.0016187186238778154
15,39,18,filler_a,200,3879,0.014344590592933332
15,39,19,filler_q,19,3879,0.001778351930345523
15,39,20,filler_a,200,3879,0.01635544505635922
15,39,21,filler_q,22,3879,0.002115589911624638
15,39,22,filler_a,200,3879,0.020871445548444
15,39,23,filler_q,21,3879,0.0027225185532200324
15,39,24,filler_a,200,3879,0.015933313644120428
15,39,25,filler_q,24,3879,0.0035158233686281154
15,39,26,filler_a,200,3879,0.01703295015820072
15,39,27,filler_q,22,3879,0.0046880590500357755
15,39,28,filler_a,200,3879,0.02987325245107808
15,39,29,filler_q,22,3879,0.00953202776682538
15,39,30,filler_a,200,3879,0.05230702237712137
15,39,31,probe,308,3879,0.1760339996374114
