model,domain,predicted_gap,probe_type,layer,resolver,target_acc,max_earlier_acc,headline_gap_pp,observed_sign,pre_reg_matches,n_examples
EleutherAI/pythia-1.4b-deduped,code,negative,linear,0,colon,0.808716754028344,0.7042516016307514,10.446515239759258,strong_positive,False,507
EleutherAI/pythia-1.4b-deduped,code,negative,linear,0,newline,0.8066783148903125,0.7042516016307514,10.24267132595611,strong_positive,False,507
EleutherAI/pythia-1.4b-deduped,code,negative,linear,0,last_token,0.8205785284410794,0.7042516016307514,11.632692681032797,strong_positive,False,507
EleutherAI/pythia-1.4b-deduped,code,negative,linear,4,colon,0.8836536594835953,0.7733061541448262,11.034750533876913,strong_positive,False,507
EleutherAI/pythia-1.4b-deduped,code,negative,linear,4,newline,0.8580275674626285,0.7733061541448262,8.472141331780236,strong_positive,False,507
EleutherAI/pythia-1.4b-deduped,code,negative,linear,4,last_token,0.8639681615220345,0.7733061541448262,9.06620073772083,strong_positive,False,507
EleutherAI/pythia-1.4b-deduped,code,negative,linear,8,colon,0.8875946418171228,0.804834012813046,8.276062900407677,strong_positive,False,507
EleutherAI/pythia-1.4b-deduped,code,negative,linear,8,newline,0.8915356241506502,0.804834012813046,8.670161133760423,strong_positive,False,507
EleutherAI/pythia-1.4b-deduped,code,negative,linear,8,last_token,0.8875752281110463,0.804834012813046,8.274121529800027,strong_positive,False,507
EleutherAI/pythia-1.4b-deduped,code,negative,linear,12,colon,0.9171423024655407,0.8442050087361677,7.293729372937308,strong_positive,False,507
EleutherAI/pythia-1.4b-deduped,code,negative,linear,12,newline,0.9093185789167151,0.8442050087361677,6.511357018054742,strong_positive,False,507
EleutherAI/pythia-1.4b-deduped,code,negative,linear,12,last_token,0.9053387691710348,0.8442050087361677,6.113376043486718,strong_positive,False,507
EleutherAI/pythia-1.4b-deduped,code,negative,linear,16,colon,0.9132789749563193,0.8048145991069695,10.846437584934975,strong_positive,False,507
EleutherAI/pythia-1.4b-deduped,code,negative,linear,16,newline,0.8935546495826052,0.8048145991069695,8.874005047563571,strong_positive,False,507
EleutherAI/pythia-1.4b-deduped,code,negative,linear,16,last_token,0.9269850514463212,0.8048145991069695,12.217045233935163,strong_positive,False,507
EleutherAI/pythia-1.4b-deduped,code,negative,linear,23,colon,0.8954571927781012,0.8145602795573674,8.089691322073378,strong_positive,False,507
EleutherAI/pythia-1.4b-deduped,code,negative,linear,23,newline,0.9052999417588818,0.8145602795573674,9.07396622015144,strong_positive,False,507
EleutherAI/pythia-1.4b-deduped,code,negative,linear,23,last_token,0.9131819064259368,0.8145602795573674,9.862162686856934,strong_positive,False,507
EleutherAI/pythia-1.4b-deduped,rhyme,strong_positive,linear,2,last_word_before_newline,0.825,0.25,57.49999999999999,strong_positive,True,200
EleutherAI/pythia-1.4b-deduped,rhyme,strong_positive,linear,2,newline,0.735,0.25,48.5,strong_positive,True,200
EleutherAI/pythia-1.4b-deduped,rhyme,strong_positive,linear,3,last_word_before_newline,0.8049999999999999,0.27,53.49999999999999,strong_positive,True,200
EleutherAI/pythia-1.4b-deduped,rhyme,strong_positive,linear,3,newline,0.725,0.27,45.49999999999999,strong_positive,True,200
EleutherAI/pythia-1.4b-deduped,rhyme,strong_positive,linear,4,last_word_before_newline,0.775,0.255,52.0,strong_positive,True,200
EleutherAI/pythia-1.4b-deduped,rhyme,strong_positive,linear,4,newline,0.74,0.255,48.5,strong_positive,True,200
EleutherAI/pythia-1.4b-deduped,rhyme,strong_positive,linear,5,last_word_before_newline,0.775,0.295,48.00000000000001,strong_positive,True,200
EleutherAI/pythia-1.4b-deduped,rhyme,strong_positive,linear,5,newline,0.7,0.295,40.5,strong_positive,True,200
EleutherAI/pythia-1.4b-deduped,rhyme,strong_positive,linear,6,last_word_before_newline,0.775,0.265,51.0,strong_positive,True,200
EleutherAI/pythia-1.4b-deduped,rhyme,strong_positive,linear,6,newline,0.7550000000000001,0.265,49.00000000000001,strong_positive,True,200
EleutherAI/pythia-1.4b-deduped,rhyme,strong_positive,linear,7,last_word_before_newline,0.7350000000000001,0.24500000000000002,49.00000000000001,strong_positive,True,200
EleutherAI/pythia-1.4b-deduped,rhyme,strong_positive,linear,7,newline,0.7150000000000001,0.24500000000000002,47.00000000000001,strong_positive,True,200
EleutherAI/pythia-1.4b-deduped,rhyme,strong_positive,linear,8,last_word_before_newline,0.7450000000000001,0.29000000000000004,45.50000000000001,strong_positive,True,200
EleutherAI/pythia-1.4b-deduped,rhyme,strong_positive,linear,8,newline,0.6849999999999999,0.29000000000000004,39.49999999999999,strong_positive,True,200
EleutherAI/pythia-1.4b-deduped,rhyme,strong_positive,linear,9,last_word_before_newline,0.76,0.295,46.5,strong_positive,True,200
EleutherAI/pythia-1.4b-deduped,rhyme,strong_positive,linear,9,newline,0.6799999999999999,0.295,38.49999999999999,strong_positive,True,200
EleutherAI/pythia-1.4b-deduped,rhyme,strong_positive,linear,10,last_word_before_newline,0.735,0.28,45.49999999999999,strong_positive,True,200
EleutherAI/pythia-1.4b-deduped,rhyme,strong_positive,linear,10,newline,0.6849999999999999,0.28,40.49999999999999,strong_positive,True,200
EleutherAI/pythia-1.4b-deduped,rhyme,strong_positive,linear,11,last_word_before_newline,0.76,0.31,45.0,strong_positive,True,200
EleutherAI/pythia-1.4b-deduped,rhyme,strong_positive,linear,11,newline,0.6649999999999999,0.31,35.49999999999999,strong_positive,True,200
EleutherAI/pythia-1.4b-deduped,rhyme,strong_positive,linear,12,last_word_before_newline,0.765,0.31,45.5,strong_positive,True,200
EleutherAI/pythia-1.4b-deduped,rhyme,strong_positive,linear,12,newline,0.6200000000000001,0.31,31.00000000000001,strong_positive,True,200
EleutherAI/pythia-1.4b-deduped,rhyme,strong_positive,linear,13,last_word_before_newline,0.7699999999999999,0.31500000000000006,45.499999999999986,strong_positive,True,200
EleutherAI/pythia-1.4b-deduped,rhyme,strong_positive,linear,13,newline,0.635,0.31500000000000006,31.999999999999996,strong_positive,True,200
EleutherAI/pythia-1.4b-deduped,rhyme,strong_positive,linear,14,last_word_before_newline,0.765,0.31,45.5,strong_positive,True,200
EleutherAI/pythia-1.4b-deduped,rhyme,strong_positive,linear,14,newline,0.65,0.31,34.0,strong_positive,True,200
EleutherAI/pythia-1.4b-deduped,rhyme,strong_positive,linear,15,last_word_before_newline,0.7649999999999999,0.27,49.499999999999986,strong_positive,True,200
EleutherAI/pythia-1.4b-deduped,rhyme,strong_positive,linear,15,newline,0.61,0.27,34.0,strong_positive,True,200
EleutherAI/pythia-1.4b-deduped,rhyme,strong_positive,linear,16,last_word_before_newline,0.7549999999999999,0.27999999999999997,47.49999999999999,strong_positive,True,200
EleutherAI/pythia-1.4b-deduped,rhyme,strong_positive,linear,16,newline,0.65,0.27999999999999997,37.00000000000001,strong_positive,True,200
EleutherAI/pythia-1.4b-deduped,rhyme,strong_positive,linear,17,last_word_before_newline,0.74,0.29000000000000004,44.99999999999999,strong_positive,True,200
EleutherAI/pythia-1.4b-deduped,rhyme,strong_positive,linear,17,newline,0.625,0.29000000000000004,33.5,strong_positive,True,200
EleutherAI/pythia-1.4b-deduped,rhyme,strong_positive,linear,18,last_word_before_newline,0.7500000000000001,0.28500000000000003,46.50000000000001,strong_positive,True,200
EleutherAI/pythia-1.4b-deduped,rhyme,strong_positive,linear,18,newline,0.6,0.28500000000000003,31.499999999999993,strong_positive,True,200
EleutherAI/pythia-1.4b-deduped,rhyme,strong_positive,linear,19,last_word_before_newline,0.7350000000000001,0.29000000000000004,44.50000000000001,strong_positive,True,200
EleutherAI/pythia-1.4b-deduped,rhyme,strong_positive,linear,19,newline,0.615,0.29000000000000004,32.49999999999999,strong_positive,True,200
EleutherAI/pythia-1.4b-deduped,rhyme,strong_positive,linear,20,last_word_before_newline,0.73,0.26,47.0,strong_positive,True,200
EleutherAI/pythia-1.4b-deduped,rhyme,strong_positive,linear,20,newline,0.6100000000000001,0.26,35.00000000000001,strong_positive,True,200
EleutherAI/pythia-1.4b-deduped,code,negative,linear,0,colon,0.741720054358377,0.6390797903319744,10.264026402640258,strong_positive,False,507
EleutherAI/pythia-1.4b-deduped,code,negative,linear,0,newline,0.73185789167152,0.6390797903319744,9.277810133954567,strong_positive,False,507
EleutherAI/pythia-1.4b-deduped,code,negative,linear,0,last_token,0.7160163075131042,0.6390797903319744,7.6936517181129815,strong_positive,False,507
EleutherAI/pythia-1.4b-deduped,code,negative,linear,4,colon,0.7179576781207532,0.6568821588041157,6.107551931663746,strong_positive,False,507
EleutherAI/pythia-1.4b-deduped,code,negative,linear,4,newline,0.69231217239371,0.6568821588041157,3.54300135895943,weak_positive,False,507
EleutherAI/pythia-1.4b-deduped,code,negative,linear,4,last_token,0.6981945253348865,0.6568821588041157,4.1312366530770745,weak_positive,False,507
EleutherAI/pythia-1.4b-deduped,code,negative,linear,8,colon,0.7060764900019414,0.6725878470199962,3.3488642981945205,weak_positive,False,507
EleutherAI/pythia-1.4b-deduped,code,negative,linear,8,newline,0.7238982721801592,0.6725878470199962,5.131042516016304,strong_positive,False,507
EleutherAI/pythia-1.4b-deduped,code,negative,linear,8,last_token,0.6863521646282276,0.6725878470199962,1.376431760823138,near_zero,False,507
EleutherAI/pythia-1.4b-deduped,code,negative,linear,12,colon,0.7101145408658514,0.6510386332750923,5.907590759075909,strong_positive,False,507
EleutherAI/pythia-1.4b-deduped,code,negative,linear,12,newline,0.7297612114152592,0.6510386332750923,7.872257814016692,strong_positive,False,507
EleutherAI/pythia-1.4b-deduped,code,negative,linear,12,last_token,0.7062317996505533,0.6510386332750923,5.519316637546101,strong_positive,False,507
EleutherAI/pythia-1.4b-deduped,code,negative,linear,16,colon,0.7080178606095904,0.6608231411376432,4.7194719471947195,weak_positive,False,507
EleutherAI/pythia-1.4b-deduped,code,negative,linear,16,newline,0.7021937487866434,0.6608231411376432,4.137060764900024,weak_positive,False,507
EleutherAI/pythia-1.4b-deduped,code,negative,linear,16,last_token,0.7100368860415454,0.6608231411376432,4.9213744903902175,weak_positive,False,507
EleutherAI/pythia-1.4b-deduped,code,negative,linear,23,colon,0.7119976703552708,0.6589400116482237,5.305765870704715,strong_positive,False,507
EleutherAI/pythia-1.4b-deduped,code,negative,linear,23,newline,0.7199572898466318,0.6589400116482237,6.101727819840807,strong_positive,False,507
EleutherAI/pythia-1.4b-deduped,code,negative,linear,23,last_token,0.7041933605125219,0.6589400116482237,4.525334886429821,weak_positive,False,507
EleutherAI/pythia-1.4b-deduped,rhyme,strong_positive,linear,2,last_word_before_newline,0.5349999999999999,0.2,33.49999999999999,strong_positive,True,200
EleutherAI/pythia-1.4b-deduped,rhyme,strong_positive,linear,2,newline,0.4,0.2,20.0,strong_positive,True,200
EleutherAI/pythia-1.4b-deduped,rhyme,strong_positive,linear,3,last_word_before_newline,0.5399999999999999,0.21999999999999997,31.999999999999996,strong_positive,True,200
EleutherAI/pythia-1.4b-deduped,rhyme,strong_positive,linear,3,newline,0.355,0.21999999999999997,13.5,strong_positive,True,200
EleutherAI/pythia-1.4b-deduped,rhyme,strong_positive,linear,4,last_word_before_newline,0.545,0.21000000000000002,33.5,strong_positive,True,200
EleutherAI/pythia-1.4b-deduped,rhyme,strong_positive,linear,4,newline,0.395,0.21000000000000002,18.5,strong_positive,True,200
EleutherAI/pythia-1.4b-deduped,rhyme,strong_positive,linear,5,last_word_before_newline,0.5399999999999999,0.215,32.49999999999999,strong_positive,True,200
EleutherAI/pythia-1.4b-deduped,rhyme,strong_positive,linear,5,newline,0.385,0.215,17.0,strong_positive,True,200
EleutherAI/pythia-1.4b-deduped,rhyme,strong_positive,linear,6,last_word_before_newline,0.53,0.21999999999999997,31.000000000000007,strong_positive,True,200
EleutherAI/pythia-1.4b-deduped,rhyme,strong_positive,linear,6,newline,0.38,0.21999999999999997,16.000000000000004,strong_positive,True,200
EleutherAI/pythia-1.4b-deduped,rhyme,strong_positive,linear,7,last_word_before_newline,0.53,0.215,31.500000000000007,strong_positive,True,200
EleutherAI/pythia-1.4b-deduped,rhyme,strong_positive,linear,7,newline,0.38,0.215,16.5,strong_positive,True,200
EleutherAI/pythia-1.4b-deduped,rhyme,strong_positive,linear,8,last_word_before_newline,0.5349999999999999,0.215,31.999999999999996,strong_positive,True,200
EleutherAI/pythia-1.4b-deduped,rhyme,strong_positive,linear,8,newline,0.38,0.215,16.5,strong_positive,True,200
EleutherAI/pythia-1.4b-deduped,rhyme,strong_positive,linear,9,last_word_before_newline,0.5449999999999999,0.215,32.99999999999999,strong_positive,True,200
EleutherAI/pythia-1.4b-deduped,rhyme,strong_positive,linear,9,newline,0.38,0.215,16.5,strong_positive,True,200
EleutherAI/pythia-1.4b-deduped,rhyme,strong_positive,linear,10,last_word_before_newline,0.54,0.21000000000000002,33.0,strong_positive,True,200
EleutherAI/pythia-1.4b-deduped,rhyme,strong_positive,linear,10,newline,0.365,0.21000000000000002,15.499999999999996,strong_positive,True,200
EleutherAI/pythia-1.4b-deduped,rhyme,strong_positive,linear,11,last_word_before_newline,0.5449999999999999,0.205,34.0,strong_positive,True,200
EleutherAI/pythia-1.4b-deduped,rhyme,strong_positive,linear,11,newline,0.36500000000000005,0.205,16.000000000000007,strong_positive,True,200
EleutherAI/pythia-1.4b-deduped,rhyme,strong_positive,linear,12,last_word_before_newline,0.5299999999999999,0.21000000000000002,31.99999999999999,strong_positive,True,200
EleutherAI/pythia-1.4b-deduped,rhyme,strong_positive,linear,12,newline,0.36,0.21000000000000002,14.999999999999996,strong_positive,True,200
EleutherAI/pythia-1.4b-deduped,rhyme,strong_positive,linear,13,last_word_before_newline,0.5299999999999999,0.20500000000000002,32.49999999999999,strong_positive,True,200
EleutherAI/pythia-1.4b-deduped,rhyme,strong_positive,linear,13,newline,0.36,0.20500000000000002,15.499999999999996,strong_positive,True,200
EleutherAI/pythia-1.4b-deduped,rhyme,strong_positive,linear,14,last_word_before_newline,0.5349999999999999,0.2,33.49999999999999,strong_positive,True,200
EleutherAI/pythia-1.4b-deduped,rhyme,strong_positive,linear,14,newline,0.37,0.2,17.0,strong_positive,True,200
EleutherAI/pythia-1.4b-deduped,rhyme,strong_positive,linear,15,last_word_before_newline,0.54,0.2,34.0,strong_positive,True,200
EleutherAI/pythia-1.4b-deduped,rhyme,strong_positive,linear,15,newline,0.34,0.2,14.000000000000002,strong_positive,True,200
EleutherAI/pythia-1.4b-deduped,rhyme,strong_positive,linear,16,last_word_before_newline,0.54,0.2,34.0,strong_positive,True,200
EleutherAI/pythia-1.4b-deduped,rhyme,strong_positive,linear,16,newline,0.36,0.2,15.999999999999998,strong_positive,True,200
EleutherAI/pythia-1.4b-deduped,rhyme,strong_positive,linear,17,last_word_before_newline,0.5299999999999999,0.20500000000000002,32.49999999999999,strong_positive,True,200
EleutherAI/pythia-1.4b-deduped,rhyme,strong_positive,linear,17,newline,0.355,0.20500000000000002,14.999999999999996,strong_positive,True,200
EleutherAI/pythia-1.4b-deduped,rhyme,strong_positive,linear,18,last_word_before_newline,0.54,0.2,34.0,strong_positive,True,200
EleutherAI/pythia-1.4b-deduped,rhyme,strong_positive,linear,18,newline,0.36,0.2,15.999999999999998,strong_positive,True,200
EleutherAI/pythia-1.4b-deduped,rhyme,strong_positive,linear,19,last_word_before_newline,0.5349999999999999,0.2,33.49999999999999,strong_positive,True,200
EleutherAI/pythia-1.4b-deduped,rhyme,strong_positive,linear,19,newline,0.34500000000000003,0.2,14.500000000000002,strong_positive,True,200
EleutherAI/pythia-1.4b-deduped,rhyme,strong_positive,linear,20,last_word_before_newline,0.54,0.21000000000000002,33.0,strong_positive,True,200
EleutherAI/pythia-1.4b-deduped,rhyme,strong_positive,linear,20,newline,0.34500000000000003,0.21000000000000002,13.5,strong_positive,True,200
EleutherAI/pythia-1.4b-deduped,code,negative,linear,0,colon,0.8165404775771694,0.7279363230440691,8.860415453310033,strong_positive,False,507
EleutherAI/pythia-1.4b-deduped,code,negative,linear,0,newline,0.7987963502232576,0.7279363230440691,7.0860027179188485,strong_positive,False,507
EleutherAI/pythia-1.4b-deduped,code,negative,linear,0,last_token,0.8127548048922538,0.7279363230440691,8.481848184818475,strong_positive,False,507
EleutherAI/pythia-1.4b-deduped,code,negative,linear,4,colon,0.8855756163851678,0.7614832071442438,12.409240924092401,strong_positive,False,507
EleutherAI/pythia-1.4b-deduped,code,negative,linear,4,newline,0.8520093185789166,0.7614832071442438,9.052611143467281,strong_positive,False,507
EleutherAI/pythia-1.4b-deduped,code,negative,linear,4,last_token,0.858085808580858,0.7614832071442438,9.660260143661425,strong_positive,False,507
EleutherAI/pythia-1.4b-deduped,code,negative,linear,8,colon,0.8974762182100562,0.8146767617938264,8.279945641622977,strong_positive,False,507
EleutherAI/pythia-1.4b-deduped,code,negative,linear,8,newline,0.8855562026790913,0.8146767617938264,7.087944088526488,strong_positive,False,507
EleutherAI/pythia-1.4b-deduped,code,negative,linear,8,last_token,0.8974762182100562,0.8146767617938264,8.279945641622977,strong_positive,False,507
EleutherAI/pythia-1.4b-deduped,code,negative,linear,12,colon,0.9191613278974957,0.8264220539701028,9.273927392739289,strong_positive,False,507
EleutherAI/pythia-1.4b-deduped,code,negative,linear,12,newline,0.9112211221122113,0.8264220539701028,8.479906814210846,strong_positive,False,507
EleutherAI/pythia-1.4b-deduped,code,negative,linear,12,last_token,0.9112599495243641,0.8264220539701028,8.483789555426124,strong_positive,False,507
EleutherAI/pythia-1.4b-deduped,code,negative,linear,16,colon,0.9112793632304406,0.8185400893030479,9.273927392739267,strong_positive,False,507
EleutherAI/pythia-1.4b-deduped,code,negative,linear,16,newline,0.9053581828771113,0.8185400893030479,8.681809357406344,strong_positive,False,507
EleutherAI/pythia-1.4b-deduped,code,negative,linear,16,last_token,0.9270238788584741,0.8185400893030479,10.848378955542625,strong_positive,False,507
EleutherAI/pythia-1.4b-deduped,code,negative,linear,23,colon,0.8993981751116287,0.8027955736750145,9.660260143661414,strong_positive,False,507
EleutherAI/pythia-1.4b-deduped,code,negative,linear,23,newline,0.9053581828771111,0.8027955736750145,10.256260920209659,strong_positive,False,507
EleutherAI/pythia-1.4b-deduped,code,negative,linear,23,last_token,0.9131430790137838,0.8027955736750145,11.034750533876924,strong_positive,False,507
EleutherAI/pythia-1.4b-deduped,rhyme,strong_positive,linear,2,last_word_before_newline,0.8300000000000001,0.24,59.00000000000001,strong_positive,True,200
EleutherAI/pythia-1.4b-deduped,rhyme,strong_positive,linear,2,newline,0.735,0.24,49.5,strong_positive,True,200
EleutherAI/pythia-1.4b-deduped,rhyme,strong_positive,linear,3,last_word_before_newline,0.8,0.24000000000000005,56.00000000000001,strong_positive,True,200
EleutherAI/pythia-1.4b-deduped,rhyme,strong_positive,linear,3,newline,0.7,0.24000000000000005,45.99999999999999,strong_positive,True,200
EleutherAI/pythia-1.4b-deduped,rhyme,strong_positive,linear,4,last_word_before_newline,0.78,0.24500000000000002,53.5,strong_positive,True,200
EleutherAI/pythia-1.4b-deduped,rhyme,strong_positive,linear,4,newline,0.745,0.24500000000000002,50.0,strong_positive,True,200
EleutherAI/pythia-1.4b-deduped,rhyme,strong_positive,linear,5,last_word_before_newline,0.7699999999999999,0.29500000000000004,47.499999999999986,strong_positive,True,200
EleutherAI/pythia-1.4b-deduped,rhyme,strong_positive,linear,5,newline,0.6950000000000001,0.29500000000000004,40.0,strong_positive,True,200
EleutherAI/pythia-1.4b-deduped,rhyme,strong_positive,linear,6,last_word_before_newline,0.76,0.27,49.0,strong_positive,True,200
EleutherAI/pythia-1.4b-deduped,rhyme,strong_positive,linear,6,newline,0.76,0.27,49.0,strong_positive,True,200
EleutherAI/pythia-1.4b-deduped,rhyme,strong_positive,linear,7,last_word_before_newline,0.7300000000000001,0.23500000000000001,49.500000000000014,strong_positive,True,200
EleutherAI/pythia-1.4b-deduped,rhyme,strong_positive,linear,7,newline,0.6799999999999999,0.23500000000000001,44.49999999999999,strong_positive,True,200
EleutherAI/pythia-1.4b-deduped,rhyme,strong_positive,linear,8,last_word_before_newline,0.76,0.27999999999999997,48.00000000000001,strong_positive,True,200
EleutherAI/pythia-1.4b-deduped,rhyme,strong_positive,linear,8,newline,0.675,0.27999999999999997,39.50000000000001,strong_positive,True,200
EleutherAI/pythia-1.4b-deduped,rhyme,strong_positive,linear,9,last_word_before_newline,0.7500000000000001,0.29,46.000000000000014,strong_positive,True,200
EleutherAI/pythia-1.4b-deduped,rhyme,strong_positive,linear,9,newline,0.6849999999999999,0.29,39.49999999999999,strong_positive,True,200
EleutherAI/pythia-1.4b-deduped,rhyme,strong_positive,linear,10,last_word_before_newline,0.745,0.26,48.5,strong_positive,True,200
EleutherAI/pythia-1.4b-deduped,rhyme,strong_positive,linear,10,newline,0.6700000000000002,0.26,41.000000000000014,strong_positive,True,200
EleutherAI/pythia-1.4b-deduped,rhyme,strong_positive,linear,11,last_word_before_newline,0.745,0.3,44.5,strong_positive,True,200
EleutherAI/pythia-1.4b-deduped,rhyme,strong_positive,linear,11,newline,0.655,0.3,35.50000000000001,strong_positive,True,200
EleutherAI/pythia-1.4b-deduped,rhyme,strong_positive,linear,12,last_word_before_newline,0.75,0.3,45.0,strong_positive,True,200
EleutherAI/pythia-1.4b-deduped,rhyme,strong_positive,linear,12,newline,0.62,0.3,32.0,strong_positive,True,200
EleutherAI/pythia-1.4b-deduped,rhyme,strong_positive,linear,13,last_word_before_newline,0.76,0.31,45.0,strong_positive,True,200
EleutherAI/pythia-1.4b-deduped,rhyme,strong_positive,linear,13,newline,0.665,0.31,35.50000000000001,strong_positive,True,200
EleutherAI/pythia-1.4b-deduped,rhyme,strong_positive,linear,14,last_word_before_newline,0.755,0.285,47.0,strong_positive,True,200
EleutherAI/pythia-1.4b-deduped,rhyme,strong_positive,linear,14,newline,0.63,0.285,34.5,strong_positive,True,200
EleutherAI/pythia-1.4b-deduped,rhyme,strong_positive,linear,15,last_word_before_newline,0.755,0.265,49.0,strong_positive,True,200
EleutherAI/pythia-1.4b-deduped,rhyme,strong_positive,linear,15,newline,0.63,0.265,36.5,strong_positive,True,200
EleutherAI/pythia-1.4b-deduped,rhyme,strong_positive,linear,16,last_word_before_newline,0.76,0.28500000000000003,47.5,strong_positive,True,200
EleutherAI/pythia-1.4b-deduped,rhyme,strong_positive,linear,16,newline,0.6300000000000001,0.28500000000000003,34.50000000000001,strong_positive,True,200
EleutherAI/pythia-1.4b-deduped,rhyme,strong_positive,linear,17,last_word_before_newline,0.7550000000000001,0.27499999999999997,48.000000000000014,strong_positive,True,200
EleutherAI/pythia-1.4b-deduped,rhyme,strong_positive,linear,17,newline,0.605,0.27499999999999997,33.0,strong_positive,True,200
EleutherAI/pythia-1.4b-deduped,rhyme,strong_positive,linear,18,last_word_before_newline,0.75,0.24499999999999997,50.5,strong_positive,True,200
EleutherAI/pythia-1.4b-deduped,rhyme,strong_positive,linear,18,newline,0.585,0.24499999999999997,34.0,strong_positive,True,200
EleutherAI/pythia-1.4b-deduped,rhyme,strong_positive,linear,19,last_word_before_newline,0.7449999999999999,0.275,46.999999999999986,strong_positive,True,200
EleutherAI/pythia-1.4b-deduped,rhyme,strong_positive,linear,19,newline,0.585,0.275,30.999999999999993,strong_positive,True,200
EleutherAI/pythia-1.4b-deduped,rhyme,strong_positive,linear,20,last_word_before_newline,0.7299999999999999,0.255,47.499999999999986,strong_positive,True,200
EleutherAI/pythia-1.4b-deduped,rhyme,strong_positive,linear,20,newline,0.575,0.255,31.999999999999996,strong_positive,True,200
EleutherAI/pythia-1.4b-deduped,code,negative,linear,0,colon,0.808716754028344,0.7042516016307514,10.446515239759258,strong_positive,False,507
EleutherAI/pythia-1.4b-deduped,code,negative,linear,0,newline,0.8066783148903125,0.7042516016307514,10.24267132595611,strong_positive,False,507
EleutherAI/pythia-1.4b-deduped,code,negative,linear,0,last_token,0.8205785284410794,0.7042516016307514,11.632692681032797,strong_positive,False,507
EleutherAI/pythia-1.4b-deduped,code,negative,linear,4,colon,0.8836536594835953,0.7733061541448262,11.034750533876913,strong_positive,False,507
EleutherAI/pythia-1.4b-deduped,code,negative,linear,4,newline,0.8580275674626285,0.7733061541448262,8.472141331780236,strong_positive,False,507
EleutherAI/pythia-1.4b-deduped,code,negative,linear,4,last_token,0.8639681615220345,0.7733061541448262,9.06620073772083,strong_positive,False,507
EleutherAI/pythia-1.4b-deduped,code,negative,linear,8,colon,0.8875946418171228,0.804834012813046,8.276062900407677,strong_positive,False,507
EleutherAI/pythia-1.4b-deduped,code,negative,linear,8,newline,0.8915356241506502,0.804834012813046,8.670161133760423,strong_positive,False,507
EleutherAI/pythia-1.4b-deduped,code,negative,linear,8,last_token,0.8875752281110463,0.804834012813046,8.274121529800027,strong_positive,False,507
EleutherAI/pythia-1.4b-deduped,code,negative,linear,12,colon,0.9171423024655407,0.8442050087361677,7.293729372937308,strong_positive,False,507
EleutherAI/pythia-1.4b-deduped,code,negative,linear,12,newline,0.9093185789167151,0.8442050087361677,6.511357018054742,strong_positive,False,507
EleutherAI/pythia-1.4b-deduped,code,negative,linear,12,last_token,0.9053387691710348,0.8442050087361677,6.113376043486718,strong_positive,False,507
EleutherAI/pythia-1.4b-deduped,code,negative,linear,16,colon,0.9132789749563193,0.8048145991069695,10.846437584934975,strong_positive,False,507
EleutherAI/pythia-1.4b-deduped,code,negative,linear,16,newline,0.8935546495826052,0.8048145991069695,8.874005047563571,strong_positive,False,507
EleutherAI/pythia-1.4b-deduped,code,negative,linear,16,last_token,0.9269850514463212,0.8048145991069695,12.217045233935163,strong_positive,False,507
EleutherAI/pythia-1.4b-deduped,code,negative,linear,23,colon,0.8954571927781012,0.8145602795573674,8.089691322073378,strong_positive,False,507
EleutherAI/pythia-1.4b-deduped,code,negative,linear,23,newline,0.9052999417588818,0.8145602795573674,9.07396622015144,strong_positive,False,507
EleutherAI/pythia-1.4b-deduped,code,negative,linear,23,last_token,0.9131819064259368,0.8145602795573674,9.862162686856934,strong_positive,False,507
EleutherAI/pythia-1.4b-deduped,rhyme,strong_positive,linear,2,last_word_before_newline,0.825,0.25,57.49999999999999,strong_positive,True,200
EleutherAI/pythia-1.4b-deduped,rhyme,strong_positive,linear,2,newline,0.735,0.25,48.5,strong_positive,True,200
EleutherAI/pythia-1.4b-deduped,rhyme,strong_positive,linear,3,last_word_before_newline,0.8049999999999999,0.27,53.49999999999999,strong_positive,True,200
EleutherAI/pythia-1.4b-deduped,rhyme,strong_positive,linear,3,newline,0.725,0.27,45.49999999999999,strong_positive,True,200
EleutherAI/pythia-1.4b-deduped,rhyme,strong_positive,linear,4,last_word_before_newline,0.775,0.255,52.0,strong_positive,True,200
EleutherAI/pythia-1.4b-deduped,rhyme,strong_positive,linear,4,newline,0.74,0.255,48.5,strong_positive,True,200
EleutherAI/pythia-1.4b-deduped,rhyme,strong_positive,linear,5,last_word_before_newline,0.775,0.295,48.00000000000001,strong_positive,True,200
EleutherAI/pythia-1.4b-deduped,rhyme,strong_positive,linear,5,newline,0.7,0.295,40.5,strong_positive,True,200
EleutherAI/pythia-1.4b-deduped,rhyme,strong_positive,linear,6,last_word_before_newline,0.775,0.265,51.0,strong_positive,True,200
EleutherAI/pythia-1.4b-deduped,rhyme,strong_positive,linear,6,newline,0.7550000000000001,0.265,49.00000000000001,strong_positive,True,200
EleutherAI/pythia-1.4b-deduped,rhyme,strong_positive,linear,7,last_word_before_newline,0.7350000000000001,0.24500000000000002,49.00000000000001,strong_positive,True,200
EleutherAI/pythia-1.4b-deduped,rhyme,strong_positive,linear,7,newline,0.7150000000000001,0.24500000000000002,47.00000000000001,strong_positive,True,200
EleutherAI/pythia-1.4b-deduped,rhyme,strong_positive,linear,8,last_word_before_newline,0.7450000000000001,0.29000000000000004,45.50000000000001,strong_positive,True,200
EleutherAI/pythia-1.4b-deduped,rhyme,strong_positive,linear,8,newline,0.6849999999999999,0.29000000000000004,39.49999999999999,strong_positive,True,200
EleutherAI/pythia-1.4b-deduped,rhyme,strong_positive,linear,9,last_word_before_newline,0.76,0.295,46.5,strong_positive,True,200
EleutherAI/pythia-1.4b-deduped,rhyme,strong_positive,linear,9,newline,0.6799999999999999,0.295,38.49999999999999,strong_positive,True,200
EleutherAI/pythia-1.4b-deduped,rhyme,strong_positive,linear,10,last_word_before_newline,0.735,0.28,45.49999999999999,strong_positive,True,200
EleutherAI/pythia-1.4b-deduped,rhyme,strong_positive,linear,10,newline,0.6849999999999999,0.28,40.49999999999999,strong_positive,True,200
EleutherAI/pythia-1.4b-deduped,rhyme,strong_positive,linear,11,last_word_before_newline,0.76,0.31,45.0,strong_positive,True,200
EleutherAI/pythia-1.4b-deduped,rhyme,strong_positive,linear,11,newline,0.6649999999999999,0.31,35.49999999999999,strong_positive,True,200
EleutherAI/pythia-1.4b-deduped,rhyme,strong_positive,linear,12,last_word_before_newline,0.765,0.31,45.5,strong_positive,True,200
EleutherAI/pythia-1.4b-deduped,rhyme,strong_positive,linear,12,newline,0.6200000000000001,0.31,31.00000000000001,strong_positive,True,200
EleutherAI/pythia-1.4b-deduped,rhyme,strong_positive,linear,13,last_word_before_newline,0.7699999999999999,0.31500000000000006,45.499999999999986,strong_positive,True,200
EleutherAI/pythia-1.4b-deduped,rhyme,strong_positive,linear,13,newline,0.635,0.31500000000000006,31.999999999999996,strong_positive,True,200
EleutherAI/pythia-1.4b-deduped,rhyme,strong_positive,linear,14,last_word_before_newline,0.765,0.31,45.5,strong_positive,True,200
EleutherAI/pythia-1.4b-deduped,rhyme,strong_positive,linear,14,newline,0.65,0.31,34.0,strong_positive,True,200
EleutherAI/pythia-1.4b-deduped,rhyme,strong_positive,linear,15,last_word_before_newline,0.7649999999999999,0.27,49.499999999999986,strong_positive,True,200
EleutherAI/pythia-1.4b-deduped,rhyme,strong_positive,linear,15,newline,0.61,0.27,34.0,strong_positive,True,200
EleutherAI/pythia-1.4b-deduped,rhyme,strong_positive,linear,16,last_word_before_newline,0.7549999999999999,0.27999999999999997,47.49999999999999,strong_positive,True,200
EleutherAI/pythia-1.4b-deduped,rhyme,strong_positive,linear,16,newline,0.65,0.27999999999999997,37.00000000000001,strong_positive,True,200
EleutherAI/pythia-1.4b-deduped,rhyme,strong_positive,linear,17,last_word_before_newline,0.74,0.29000000000000004,44.99999999999999,strong_positive,True,200
EleutherAI/pythia-1.4b-deduped,rhyme,strong_positive,linear,17,newline,0.625,0.29000000000000004,33.5,strong_positive,True,200
EleutherAI/pythia-1.4b-deduped,rhyme,strong_positive,linear,18,last_word_before_newline,0.7500000000000001,0.28500000000000003,46.50000000000001,strong_positive,True,200
EleutherAI/pythia-1.4b-deduped,rhyme,strong_positive,linear,18,newline,0.6,0.28500000000000003,31.499999999999993,strong_positive,True,200
EleutherAI/pythia-1.4b-deduped,rhyme,strong_positive,linear,19,last_word_before_newline,0.7350000000000001,0.29000000000000004,44.50000000000001,strong_positive,True,200
EleutherAI/pythia-1.4b-deduped,rhyme,strong_positive,linear,19,newline,0.615,0.29000000000000004,32.49999999999999,strong_positive,True,200
EleutherAI/pythia-1.4b-deduped,rhyme,strong_positive,linear,20,last_word_before_newline,0.73,0.26,47.0,strong_positive,True,200
EleutherAI/pythia-1.4b-deduped,rhyme,strong_positive,linear,20,newline,0.6100000000000001,0.26,35.00000000000001,strong_positive,True,200
EleutherAI/pythia-1.4b-deduped,code,negative,linear,0,colon,0.7850708600271792,0.7021549213744904,8.291593865268876,strong_positive,False,507
EleutherAI/pythia-1.4b-deduped,code,negative,linear,0,newline,0.7850514463211027,0.7021549213744904,8.289652494661226,strong_positive,False,507
EleutherAI/pythia-1.4b-deduped,code,negative,linear,0,last_token,0.7810328091632692,0.7021549213744904,7.88778877887788,strong_positive,False,507
EleutherAI/pythia-1.4b-deduped,code,negative,linear,4,colon,0.8244224422442243,0.7752281110463987,4.919433119782568,weak_positive,False,507
EleutherAI/pythia-1.4b-deduped,code,negative,linear,4,newline,0.8304212774218598,0.7752281110463987,5.519316637546112,strong_positive,False,507
EleutherAI/pythia-1.4b-deduped,code,negative,linear,4,last_token,0.8402640264026402,0.7752281110463987,6.503591535624153,strong_positive,False,507
EleutherAI/pythia-1.4b-deduped,code,negative,linear,8,colon,0.8717918850708599,0.79303047951854,7.876140555231991,strong_positive,False,507
EleutherAI/pythia-1.4b-deduped,code,negative,linear,8,newline,0.8599689380702775,0.79303047951854,6.693845855173752,strong_positive,False,507
EleutherAI/pythia-1.4b-deduped,code,negative,linear,8,last_token,0.8797126771500678,0.79303047951854,8.668219763152784,strong_positive,False,507
EleutherAI/pythia-1.4b-deduped,code,negative,linear,12,colon,0.8974568045039797,0.8204620462046204,7.699475829935931,strong_positive,False,507
EleutherAI/pythia-1.4b-deduped,code,negative,linear,12,newline,0.8816734614637933,0.8204620462046204,6.121141525917295,strong_positive,False,507
EleutherAI/pythia-1.4b-deduped,code,negative,linear,12,last_token,0.8796932634439913,0.8204620462046204,5.923121723937097,strong_positive,False,507
EleutherAI/pythia-1.4b-deduped,code,negative,linear,16,colon,0.9112987769365173,0.7950689186565715,11.622985827994581,strong_positive,False,507
EleutherAI/pythia-1.4b-deduped,code,negative,linear,16,newline,0.8816928751698698,0.7950689186565715,8.662395651329835,strong_positive,False,507
EleutherAI/pythia-1.4b-deduped,code,negative,linear,16,last_token,0.9191419141914192,0.7950689186565715,12.407299553484775,strong_positive,False,507
EleutherAI/pythia-1.4b-deduped,code,negative,linear,23,colon,0.9053775965831876,0.804795185400893,10.05824111822946,strong_positive,False,507
EleutherAI/pythia-1.4b-deduped,code,negative,linear,23,newline,0.8935158221704522,0.804795185400893,8.872063676955921,strong_positive,False,507
EleutherAI/pythia-1.4b-deduped,code,negative,linear,23,last_token,0.9032615026208504,0.804795185400893,9.846631721995735,strong_positive,False,507
EleutherAI/pythia-1.4b-deduped,rhyme,strong_positive,linear,2,last_word_before_newline,0.805,0.22999999999999998,57.50000000000001,strong_positive,True,200
EleutherAI/pythia-1.4b-deduped,rhyme,strong_positive,linear,2,newline,0.765,0.22999999999999998,53.5,strong_positive,True,200
EleutherAI/pythia-1.4b-deduped,rhyme,strong_positive,linear,3,last_word_before_newline,0.7949999999999999,0.275,51.99999999999999,strong_positive,True,200
EleutherAI/pythia-1.4b-deduped,rhyme,strong_positive,linear,3,newline,0.72,0.275,44.49999999999999,strong_positive,True,200
EleutherAI/pythia-1.4b-deduped,rhyme,strong_positive,linear,4,last_word_before_newline,0.8200000000000001,0.29000000000000004,53.0,strong_positive,True,200
EleutherAI/pythia-1.4b-deduped,rhyme,strong_positive,linear,4,newline,0.72,0.29000000000000004,42.99999999999999,strong_positive,True,200
EleutherAI/pythia-1.4b-deduped,rhyme,strong_positive,linear,5,last_word_before_newline,0.78,0.29000000000000004,49.0,strong_positive,True,200
EleutherAI/pythia-1.4b-deduped,rhyme,strong_positive,linear,5,newline,0.7150000000000001,0.29000000000000004,42.50000000000001,strong_positive,True,200
EleutherAI/pythia-1.4b-deduped,rhyme,strong_positive,linear,6,last_word_before_newline,0.785,0.28,50.5,strong_positive,True,200
EleutherAI/pythia-1.4b-deduped,rhyme,strong_positive,linear,6,newline,0.755,0.28,47.5,strong_positive,True,200
EleutherAI/pythia-1.4b-deduped,rhyme,strong_positive,linear,7,last_word_before_newline,0.7749999999999999,0.30500000000000005,46.999999999999986,strong_positive,True,200
EleutherAI/pythia-1.4b-deduped,rhyme,strong_positive,linear,7,newline,0.735,0.30500000000000005,42.99999999999999,strong_positive,True,200
EleutherAI/pythia-1.4b-deduped,rhyme,strong_positive,linear,8,last_word_before_newline,0.78,0.30999999999999994,47.00000000000001,strong_positive,True,200
EleutherAI/pythia-1.4b-deduped,rhyme,strong_positive,linear,8,newline,0.7150000000000001,0.30999999999999994,40.500000000000014,strong_positive,True,200
EleutherAI/pythia-1.4b-deduped,rhyme,strong_positive,linear,9,last_word_before_newline,0.775,0.32,45.5,strong_positive,True,200
EleutherAI/pythia-1.4b-deduped,rhyme,strong_positive,linear,9,newline,0.725,0.32,40.5,strong_positive,True,200
EleutherAI/pythia-1.4b-deduped,rhyme,strong_positive,linear,10,last_word_before_newline,0.765,0.33999999999999997,42.50000000000001,strong_positive,True,200
EleutherAI/pythia-1.4b-deduped,rhyme,strong_positive,linear,10,newline,0.6950000000000001,0.33999999999999997,35.50000000000001,strong_positive,True,200
EleutherAI/pythia-1.4b-deduped,rhyme,strong_positive,linear,11,last_word_before_newline,0.765,0.33,43.5,strong_positive,True,200
EleutherAI/pythia-1.4b-deduped,rhyme,strong_positive,linear,11,newline,0.6799999999999999,0.33,34.99999999999999,strong_positive,True,200
EleutherAI/pythia-1.4b-deduped,rhyme,strong_positive,linear,12,last_word_before_newline,0.775,0.31,46.5,strong_positive,True,200
EleutherAI/pythia-1.4b-deduped,rhyme,strong_positive,linear,12,newline,0.7,0.31,38.99999999999999,strong_positive,True,200
EleutherAI/pythia-1.4b-deduped,rhyme,strong_positive,linear,13,last_word_before_newline,0.77,0.295,47.5,strong_positive,True,200
EleutherAI/pythia-1.4b-deduped,rhyme,strong_positive,linear,13,newline,0.6799999999999999,0.295,38.49999999999999,strong_positive,True,200
EleutherAI/pythia-1.4b-deduped,rhyme,strong_positive,linear,14,last_word_before_newline,0.7649999999999999,0.29500000000000004,46.999999999999986,strong_positive,True,200
EleutherAI/pythia-1.4b-deduped,rhyme,strong_positive,linear,14,newline,0.685,0.29500000000000004,39.0,strong_positive,True,200
EleutherAI/pythia-1.4b-deduped,rhyme,strong_positive,linear,15,last_word_before_newline,0.7500000000000001,0.28,47.00000000000001,strong_positive,True,200
EleutherAI/pythia-1.4b-deduped,rhyme,strong_positive,linear,15,newline,0.6699999999999999,0.28,38.99999999999999,strong_positive,True,200
EleutherAI/pythia-1.4b-deduped,rhyme,strong_positive,linear,16,last_word_before_newline,0.7550000000000001,0.275,48.00000000000001,strong_positive,True,200
EleutherAI/pythia-1.4b-deduped,rhyme,strong_positive,linear,16,newline,0.655,0.275,38.0,strong_positive,True,200
EleutherAI/pythia-1.4b-deduped,rhyme,strong_positive,linear,17,last_word_before_newline,0.725,0.2899999999999999,43.50000000000001,strong_positive,True,200
EleutherAI/pythia-1.4b-deduped,rhyme,strong_positive,linear,17,newline,0.645,0.2899999999999999,35.50000000000001,strong_positive,True,200
EleutherAI/pythia-1.4b-deduped,rhyme,strong_positive,linear,18,last_word_before_newline,0.7200000000000001,0.26,46.00000000000001,strong_positive,True,200
EleutherAI/pythia-1.4b-deduped,rhyme,strong_positive,linear,18,newline,0.665,0.26,40.5,strong_positive,True,200
EleutherAI/pythia-1.4b-deduped,rhyme,strong_positive,linear,19,last_word_before_newline,0.725,0.265,46.0,strong_positive,True,200
EleutherAI/pythia-1.4b-deduped,rhyme,strong_positive,linear,19,newline,0.64,0.265,37.5,strong_positive,True,200
EleutherAI/pythia-1.4b-deduped,rhyme,strong_positive,linear,20,last_word_before_newline,0.7050000000000001,0.25000000000000006,45.5,strong_positive,True,200
EleutherAI/pythia-1.4b-deduped,rhyme,strong_positive,linear,20,newline,0.64,0.25000000000000006,38.99999999999999,strong_positive,True,200
EleutherAI/pythia-1.4b-deduped,code,negative,linear,0,colon,0.8068724519510774,0.7120559114735003,9.481654047757704,strong_positive,False,507
EleutherAI/pythia-1.4b-deduped,code,negative,linear,0,newline,0.7870122306348281,0.7120559114735003,7.495631916132773,strong_positive,False,507
EleutherAI/pythia-1.4b-deduped,code,negative,linear,0,last_token,0.7711900601824888,0.7120559114735003,5.913414870898848,strong_positive,False,507
EleutherAI/pythia-1.4b-deduped,code,negative,linear,4,colon,0.8363036303630362,0.7613473112017083,7.495631916132794,strong_positive,False,507
EleutherAI/pythia-1.4b-deduped,code,negative,linear,4,newline,0.8521258008153756,0.7613473112017083,9.07784896136673,strong_positive,False,507
EleutherAI/pythia-1.4b-deduped,code,negative,linear,4,last_token,0.863987575228111,0.7613473112017083,10.264026402640269,strong_positive,False,507
EleutherAI/pythia-1.4b-deduped,code,negative,linear,8,colon,0.8836730731896718,0.789031256066783,9.464181712288877,strong_positive,False,507
EleutherAI/pythia-1.4b-deduped,code,negative,linear,8,newline,0.8639293341098815,0.789031256066783,7.489807804309844,strong_positive,False,507
EleutherAI/pythia-1.4b-deduped,code,negative,linear,8,last_token,0.8738691516210444,0.789031256066783,8.483789555426135,strong_positive,False,507
EleutherAI/pythia-1.4b-deduped,code,negative,linear,12,colon,0.9210832847990682,0.808677926616191,11.240535818287722,strong_positive,False,507
EleutherAI/pythia-1.4b-deduped,code,negative,linear,12,newline,0.8837119006018248,0.808677926616191,7.503397398563383,strong_positive,False,507
EleutherAI/pythia-1.4b-deduped,code,negative,linear,12,last_token,0.8994758299359347,0.808677926616191,9.079790331974369,strong_positive,False,507
EleutherAI/pythia-1.4b-deduped,code,negative,linear,16,colon,0.9053970102892641,0.794933022714036,11.046398757522812,strong_positive,False,507
EleutherAI/pythia-1.4b-deduped,code,negative,linear,16,newline,0.8837313143079013,0.794933022714036,8.879829159386532,strong_positive,False,507
EleutherAI/pythia-1.4b-deduped,code,negative,linear,16,last_token,0.9033197437390799,0.794933022714036,10.838672102504388,strong_positive,False,507
EleutherAI/pythia-1.4b-deduped,code,negative,linear,23,colon,0.9073383808969131,0.7968355659095321,11.050281498738102,strong_positive,False,507
EleutherAI/pythia-1.4b-deduped,code,negative,linear,23,newline,0.9033391574451564,0.7968355659095321,10.650359153562427,strong_positive,False,507
EleutherAI/pythia-1.4b-deduped,code,negative,linear,23,last_token,0.9013007183071249,0.7968355659095321,10.446515239759279,strong_positive,False,507
EleutherAI/pythia-1.4b-deduped,rhyme,strong_positive,linear,2,last_word_before_newline,0.8100000000000002,0.215,59.50000000000002,strong_positive,True,200
EleutherAI/pythia-1.4b-deduped,rhyme,strong_positive,linear,2,newline,0.74,0.215,52.5,strong_positive,True,200
EleutherAI/pythia-1.4b-deduped,rhyme,strong_positive,linear,3,last_word_before_newline,0.825,0.25,57.49999999999999,strong_positive,True,200
EleutherAI/pythia-1.4b-deduped,rhyme,strong_positive,linear,3,newline,0.74,0.25,49.0,strong_positive,True,200
EleutherAI/pythia-1.4b-deduped,rhyme,strong_positive,linear,4,last_word_before_newline,0.8099999999999999,0.24499999999999997,56.49999999999999,strong_positive,True,200
EleutherAI/pythia-1.4b-deduped,rhyme,strong_positive,linear,4,newline,0.735,0.24499999999999997,49.0,strong_positive,True,200
EleutherAI/pythia-1.4b-deduped,rhyme,strong_positive,linear,5,last_word_before_newline,0.8099999999999999,0.3,51.0,strong_positive,True,200
EleutherAI/pythia-1.4b-deduped,rhyme,strong_positive,linear,5,newline,0.7050000000000001,0.3,40.50000000000001,strong_positive,True,200
EleutherAI/pythia-1.4b-deduped,rhyme,strong_positive,linear,6,last_word_before_newline,0.7949999999999999,0.285,51.0,strong_positive,True,200
EleutherAI/pythia-1.4b-deduped,rhyme,strong_positive,linear,6,newline,0.77,0.285,48.50000000000001,strong_positive,True,200
EleutherAI/pythia-1.4b-deduped,rhyme,strong_positive,linear,7,last_word_before_newline,0.775,0.23500000000000001,54.0,strong_positive,True,200
EleutherAI/pythia-1.4b-deduped,rhyme,strong_positive,linear,7,newline,0.74,0.23500000000000001,50.5,strong_positive,True,200
EleutherAI/pythia-1.4b-deduped,rhyme,strong_positive,linear,8,last_word_before_newline,0.765,0.285,48.00000000000001,strong_positive,True,200
EleutherAI/pythia-1.4b-deduped,rhyme,strong_positive,linear,8,newline,0.7150000000000001,0.285,43.00000000000001,strong_positive,True,200
EleutherAI/pythia-1.4b-deduped,rhyme,strong_positive,linear,9,last_word_before_newline,0.755,0.27999999999999997,47.5,strong_positive,True,200
EleutherAI/pythia-1.4b-deduped,rhyme,strong_positive,linear,9,newline,0.72,0.27999999999999997,44.0,strong_positive,True,200
EleutherAI/pythia-1.4b-deduped,rhyme,strong_positive,linear,10,last_word_before_newline,0.7699999999999999,0.27,49.999999999999986,strong_positive,True,200
EleutherAI/pythia-1.4b-deduped,rhyme,strong_positive,linear,10,newline,0.6950000000000001,0.27,42.50000000000001,strong_positive,True,200
EleutherAI/pythia-1.4b-deduped,rhyme,strong_positive,linear,11,last_word_before_newline,0.765,0.31499999999999995,45.00000000000001,strong_positive,True,200
EleutherAI/pythia-1.4b-deduped,rhyme,strong_positive,linear,11,newline,0.68,0.31499999999999995,36.50000000000001,strong_positive,True,200
EleutherAI/pythia-1.4b-deduped,rhyme,strong_positive,linear,12,last_word_before_newline,0.77,0.33,44.0,strong_positive,True,200
EleutherAI/pythia-1.4b-deduped,rhyme,strong_positive,linear,12,newline,0.6450000000000001,0.33,31.50000000000001,strong_positive,True,200
EleutherAI/pythia-1.4b-deduped,rhyme,strong_positive,linear,13,last_word_before_newline,0.7699999999999999,0.31999999999999995,44.99999999999999,strong_positive,True,200
EleutherAI/pythia-1.4b-deduped,rhyme,strong_positive,linear,13,newline,0.625,0.31999999999999995,30.500000000000004,strong_positive,True,200
EleutherAI/pythia-1.4b-deduped,rhyme,strong_positive,linear,14,last_word_before_newline,0.76,0.28500000000000003,47.5,strong_positive,True,200
EleutherAI/pythia-1.4b-deduped,rhyme,strong_positive,linear,14,newline,0.5900000000000001,0.28500000000000003,30.500000000000004,strong_positive,True,200
EleutherAI/pythia-1.4b-deduped,rhyme,strong_positive,linear,15,last_word_before_newline,0.755,0.29000000000000004,46.5,strong_positive,True,200
EleutherAI/pythia-1.4b-deduped,rhyme,strong_positive,linear,15,newline,0.595,0.29000000000000004,30.499999999999993,strong_positive,True,200
EleutherAI/pythia-1.4b-deduped,rhyme,strong_positive,linear,16,last_word_before_newline,0.7449999999999999,0.29500000000000004,44.999999999999986,strong_positive,True,200
EleutherAI/pythia-1.4b-deduped,rhyme,strong_positive,linear,16,newline,0.575,0.29500000000000004,27.999999999999993,strong_positive,True,200
EleutherAI/pythia-1.4b-deduped,rhyme,strong_positive,linear,17,last_word_before_newline,0.745,0.255,49.0,strong_positive,True,200
EleutherAI/pythia-1.4b-deduped,rhyme,strong_positive,linear,17,newline,0.585,0.255,32.99999999999999,strong_positive,True,200
EleutherAI/pythia-1.4b-deduped,rhyme,strong_positive,linear,18,last_word_before_newline,0.74,0.24,50.0,strong_positive,True,200
EleutherAI/pythia-1.4b-deduped,rhyme,strong_positive,linear,18,newline,0.6000000000000001,0.24,36.00000000000001,strong_positive,True,200
EleutherAI/pythia-1.4b-deduped,rhyme,strong_positive,linear,19,last_word_before_newline,0.7200000000000001,0.255,46.50000000000001,strong_positive,True,200
EleutherAI/pythia-1.4b-deduped,rhyme,strong_positive,linear,19,newline,0.6300000000000001,0.255,37.500000000000014,strong_positive,True,200
EleutherAI/pythia-1.4b-deduped,rhyme,strong_positive,linear,20,last_word_before_newline,0.72,0.24500000000000002,47.5,strong_positive,True,200
EleutherAI/pythia-1.4b-deduped,rhyme,strong_positive,linear,20,newline,0.635,0.24500000000000002,39.0,strong_positive,True,200
EleutherAI/pythia-1.4b-deduped,code,negative,linear,0,colon,0.7770141720054358,0.7081925839642788,6.882158804115701,strong_positive,False,507
EleutherAI/pythia-1.4b-deduped,code,negative,linear,0,newline,0.7691904484566103,0.7081925839642788,6.099786449233157,strong_positive,False,507
EleutherAI/pythia-1.4b-deduped,code,negative,linear,0,last_token,0.7890506697728595,0.7081925839642788,8.085808580858078,strong_positive,False,507
EleutherAI/pythia-1.4b-deduped,code,negative,linear,4,colon,0.8382644146767617,0.7436614249660259,9.460298971073577,strong_positive,False,507
EleutherAI/pythia-1.4b-deduped,code,negative,linear,4,newline,0.8461075519316636,0.7436614249660259,10.24461269656377,strong_positive,False,507
EleutherAI/pythia-1.4b-deduped,code,negative,linear,4,last_token,0.8323238206173558,0.7436614249660259,8.866239565132982,strong_positive,False,507
EleutherAI/pythia-1.4b-deduped,code,negative,linear,8,colon,0.8165793049893224,0.7378178994370025,7.876140555231991,strong_positive,False,507
EleutherAI/pythia-1.4b-deduped,code,negative,linear,8,newline,0.8362259755387302,0.7378178994370025,9.840807610172774,strong_positive,False,507
EleutherAI/pythia-1.4b-deduped,code,negative,linear,8,last_token,0.8402057852844107,0.7378178994370025,10.23878858474082,strong_positive,False,507
EleutherAI/pythia-1.4b-deduped,code,negative,linear,12,colon,0.8521063871092991,0.7573286740438749,9.477771306542415,strong_positive,False,507
EleutherAI/pythia-1.4b-deduped,code,negative,linear,12,newline,0.8737526693845854,0.7573286740438749,11.642399534071046,strong_positive,False,507
EleutherAI/pythia-1.4b-deduped,code,negative,linear,12,last_token,0.8698893418753639,0.7573286740438749,11.2560667831489,strong_positive,False,507
EleutherAI/pythia-1.4b-deduped,code,negative,linear,16,colon,0.8540477577169481,0.7633469229275868,9.07008347893613,strong_positive,False,507
EleutherAI/pythia-1.4b-deduped,code,negative,linear,16,newline,0.8738109105028149,0.7633469229275868,11.046398757522812,strong_positive,False,507
EleutherAI/pythia-1.4b-deduped,code,negative,linear,16,last_token,0.8461657930498931,0.7633469229275868,8.281887012230637,strong_positive,False,507
EleutherAI/pythia-1.4b-deduped,code,negative,linear,23,colon,0.863948747815958,0.7832265579499126,8.07221898660454,strong_positive,False,507
EleutherAI/pythia-1.4b-deduped,code,negative,linear,23,newline,0.861968549796156,0.7832265579499126,7.8741991846243415,strong_positive,False,507
EleutherAI/pythia-1.4b-deduped,code,negative,linear,23,last_token,0.8718112987769364,0.7832265579499126,8.858474082702383,strong_positive,False,507
EleutherAI/pythia-1.4b-deduped,rhyme,strong_positive,linear,2,last_word_before_newline,0.75,0.225,52.5,strong_positive,True,200
EleutherAI/pythia-1.4b-deduped,rhyme,strong_positive,linear,2,newline,0.69,0.225,46.5,strong_positive,True,200
EleutherAI/pythia-1.4b-deduped,rhyme,strong_positive,linear,3,last_word_before_newline,0.77,0.255,51.5,strong_positive,True,200
EleutherAI/pythia-1.4b-deduped,rhyme,strong_positive,linear,3,newline,0.6649999999999999,0.255,40.99999999999999,strong_positive,True,200
EleutherAI/pythia-1.4b-deduped,rhyme,strong_positive,linear,4,last_word_before_newline,0.7749999999999999,0.27999999999999997,49.49999999999999,strong_positive,True,200
EleutherAI/pythia-1.4b-deduped,rhyme,strong_positive,linear,4,newline,0.72,0.27999999999999997,44.0,strong_positive,True,200
EleutherAI/pythia-1.4b-deduped,rhyme,strong_positive,linear,5,last_word_before_newline,0.7550000000000001,0.3,45.500000000000014,strong_positive,True,200
EleutherAI/pythia-1.4b-deduped,rhyme,strong_positive,linear,5,newline,0.715,0.3,41.5,strong_positive,True,200
EleutherAI/pythia-1.4b-deduped,rhyme,strong_positive,linear,6,last_word_before_newline,0.7500000000000001,0.28500000000000003,46.50000000000001,strong_positive,True,200
EleutherAI/pythia-1.4b-deduped,rhyme,strong_positive,linear,6,newline,0.7299999999999999,0.28500000000000003,44.499999999999986,strong_positive,True,200
EleutherAI/pythia-1.4b-deduped,rhyme,strong_positive,linear,7,last_word_before_newline,0.7499999999999999,0.30500000000000005,44.499999999999986,strong_positive,True,200
EleutherAI/pythia-1.4b-deduped,rhyme,strong_positive,linear,7,newline,0.695,0.30500000000000005,38.99999999999999,strong_positive,True,200
EleutherAI/pythia-1.4b-deduped,rhyme,strong_positive,linear,8,last_word_before_newline,0.7350000000000001,0.30999999999999994,42.500000000000014,strong_positive,True,200
EleutherAI/pythia-1.4b-deduped,rhyme,strong_positive,linear,8,newline,0.7150000000000001,0.30999999999999994,40.500000000000014,strong_positive,True,200
EleutherAI/pythia-1.4b-deduped,rhyme,strong_positive,linear,9,last_word_before_newline,0.7449999999999999,0.30000000000000004,44.499999999999986,strong_positive,True,200
EleutherAI/pythia-1.4b-deduped,rhyme,strong_positive,linear,9,newline,0.735,0.30000000000000004,43.49999999999999,strong_positive,True,200
EleutherAI/pythia-1.4b-deduped,rhyme,strong_positive,linear,10,last_word_before_newline,0.7050000000000001,0.29,41.50000000000001,strong_positive,True,200
EleutherAI/pythia-1.4b-deduped,rhyme,strong_positive,linear,10,newline,0.695,0.29,40.5,strong_positive,True,200
EleutherAI/pythia-1.4b-deduped,rhyme,strong_positive,linear,11,last_word_before_newline,0.725,0.31,41.5,strong_positive,True,200
EleutherAI/pythia-1.4b-deduped,rhyme,strong_positive,linear,11,newline,0.67,0.31,36.00000000000001,strong_positive,True,200
EleutherAI/pythia-1.4b-deduped,rhyme,strong_positive,linear,12,last_word_before_newline,0.705,0.31,39.49999999999999,strong_positive,True,200
EleutherAI/pythia-1.4b-deduped,rhyme,strong_positive,linear,12,newline,0.665,0.31,35.50000000000001,strong_positive,True,200
EleutherAI/pythia-1.4b-deduped,rhyme,strong_positive,linear,13,last_word_before_newline,0.72,0.30000000000000004,41.99999999999999,strong_positive,True,200
EleutherAI/pythia-1.4b-deduped,rhyme,strong_positive,linear,13,newline,0.65,0.30000000000000004,35.0,strong_positive,True,200
EleutherAI/pythia-1.4b-deduped,rhyme,strong_positive,linear,14,last_word_before_newline,0.6950000000000001,0.3,39.50000000000001,strong_positive,True,200
EleutherAI/pythia-1.4b-deduped,rhyme,strong_positive,linear,14,newline,0.635,0.3,33.5,strong_positive,True,200
EleutherAI/pythia-1.4b-deduped,rhyme,strong_positive,linear,15,last_word_before_newline,0.7,0.27999999999999997,42.0,strong_positive,True,200
EleutherAI/pythia-1.4b-deduped,rhyme,strong_positive,linear,15,newline,0.615,0.27999999999999997,33.5,strong_positive,True,200
EleutherAI/pythia-1.4b-deduped,rhyme,strong_positive,linear,16,last_word_before_newline,0.6950000000000001,0.25,44.50000000000001,strong_positive,True,200
EleutherAI/pythia-1.4b-deduped,rhyme,strong_positive,linear,16,newline,0.625,0.25,37.5,strong_positive,True,200
EleutherAI/pythia-1.4b-deduped,rhyme,strong_positive,linear,17,last_word_before_newline,0.71,0.27,43.99999999999999,strong_positive,True,200
EleutherAI/pythia-1.4b-deduped,rhyme,strong_positive,linear,17,newline,0.615,0.27,34.5,strong_positive,True,200
EleutherAI/pythia-1.4b-deduped,rhyme,strong_positive,linear,18,last_word_before_newline,0.6799999999999999,0.285,39.49999999999999,strong_positive,True,200
EleutherAI/pythia-1.4b-deduped,rhyme,strong_positive,linear,18,newline,0.615,0.285,33.0,strong_positive,True,200
EleutherAI/pythia-1.4b-deduped,rhyme,strong_positive,linear,19,last_word_before_newline,0.695,0.28,41.49999999999999,strong_positive,True,200
EleutherAI/pythia-1.4b-deduped,rhyme,strong_positive,linear,19,newline,0.59,0.28,30.999999999999993,strong_positive,True,200
EleutherAI/pythia-1.4b-deduped,rhyme,strong_positive,linear,20,last_word_before_newline,0.69,0.265,42.49999999999999,strong_positive,True,200
EleutherAI/pythia-1.4b-deduped,rhyme,strong_positive,linear,20,newline,0.55,0.265,28.500000000000004,strong_positive,True,200
EleutherAI/pythia-1.4b-deduped,code,negative,linear,0,colon,0.7376820034944671,0.6647058823529411,7.297612114152596,strong_positive,False,507
EleutherAI/pythia-1.4b-deduped,code,negative,linear,0,newline,0.7356823917685885,0.6647058823529411,7.097650941564737,strong_positive,False,507
EleutherAI/pythia-1.4b-deduped,code,negative,linear,0,last_token,0.7476218210056299,0.6647058823529411,8.291593865268876,strong_positive,False,507
EleutherAI/pythia-1.4b-deduped,code,negative,linear,4,colon,0.7337021937487866,0.6705882352941177,6.311395845466894,strong_positive,False,507
EleutherAI/pythia-1.4b-deduped,code,negative,linear,4,newline,0.7454668996311394,0.6705882352941177,7.487866433702173,strong_positive,False,507
EleutherAI/pythia-1.4b-deduped,code,negative,linear,4,last_token,0.7397204426324985,0.6705882352941177,6.913220733838077,strong_positive,False,507
EleutherAI/pythia-1.4b-deduped,code,negative,linear,8,colon,0.7573869151621044,0.6765094156474472,8.087749951465728,strong_positive,False,507
EleutherAI/pythia-1.4b-deduped,code,negative,linear,8,newline,0.7554067171423023,0.6765094156474472,7.889730149485519,strong_positive,False,507
EleutherAI/pythia-1.4b-deduped,code,negative,linear,8,last_token,0.7613473112017083,0.6765094156474472,8.483789555426114,strong_positive,False,507
EleutherAI/pythia-1.4b-deduped,code,negative,linear,12,colon,0.7574063288681808,0.6685886235682392,8.88177052999416,strong_positive,False,507
EleutherAI/pythia-1.4b-deduped,code,negative,linear,12,newline,0.7455251407493689,0.6685886235682392,7.693651718112971,strong_positive,False,507
EleutherAI/pythia-1.4b-deduped,code,negative,linear,12,last_token,0.7475053387691709,0.6685886235682392,7.891671520093169,strong_positive,False,507
EleutherAI/pythia-1.4b-deduped,code,negative,linear,16,colon,0.735701805474665,0.6705882352941177,6.511357018054731,strong_positive,False,507
EleutherAI/pythia-1.4b-deduped,code,negative,linear,16,newline,0.7515239759270044,0.6705882352941177,8.093574063288667,strong_positive,False,507
EleutherAI/pythia-1.4b-deduped,code,negative,linear,16,last_token,0.739662201514269,0.6705882352941177,6.907396622015128,strong_positive,False,507
EleutherAI/pythia-1.4b-deduped,code,negative,linear,23,colon,0.74358377014172,0.6803145020384391,6.326926810328082,strong_positive,False,507
EleutherAI/pythia-1.4b-deduped,code,negative,linear,23,newline,0.7594447680062123,0.6803145020384391,7.913026596777318,strong_positive,False,507
EleutherAI/pythia-1.4b-deduped,code,negative,linear,23,last_token,0.7534265191225004,0.6803145020384391,7.311201708406124,strong_positive,False,507
EleutherAI/pythia-1.4b-deduped,rhyme,strong_positive,linear,2,last_word_before_newline,0.635,0.20999999999999996,42.50000000000001,strong_positive,True,200
EleutherAI/pythia-1.4b-deduped,rhyme,strong_positive,linear,2,newline,0.545,0.20999999999999996,33.50000000000001,strong_positive,True,200
EleutherAI/pythia-1.4b-deduped,rhyme,strong_positive,linear,3,last_word_before_newline,0.6399999999999999,0.20999999999999996,42.99999999999999,strong_positive,True,200
EleutherAI/pythia-1.4b-deduped,rhyme,strong_positive,linear,3,newline,0.55,0.20999999999999996,34.00000000000001,strong_positive,True,200
EleutherAI/pythia-1.4b-deduped,rhyme,strong_positive,linear,4,last_word_before_newline,0.655,0.215,44.00000000000001,strong_positive,True,200
EleutherAI/pythia-1.4b-deduped,rhyme,strong_positive,linear,4,newline,0.49499999999999994,0.215,27.999999999999993,strong_positive,True,200
EleutherAI/pythia-1.4b-deduped,rhyme,strong_positive,linear,5,last_word_before_newline,0.6599999999999999,0.21000000000000002,44.99999999999999,strong_positive,True,200
EleutherAI/pythia-1.4b-deduped,rhyme,strong_positive,linear,5,newline,0.5000000000000001,0.21000000000000002,29.00000000000001,strong_positive,True,200
EleutherAI/pythia-1.4b-deduped,rhyme,strong_positive,linear,6,last_word_before_newline,0.655,0.215,44.00000000000001,strong_positive,True,200
EleutherAI/pythia-1.4b-deduped,rhyme,strong_positive,linear,6,newline,0.475,0.215,26.0,strong_positive,True,200
EleutherAI/pythia-1.4b-deduped,rhyme,strong_positive,linear,7,last_word_before_newline,0.65,0.225,42.50000000000001,strong_positive,True,200
EleutherAI/pythia-1.4b-deduped,rhyme,strong_positive,linear,7,newline,0.45499999999999996,0.225,22.999999999999996,strong_positive,True,200
EleutherAI/pythia-1.4b-deduped,rhyme,strong_positive,linear,8,last_word_before_newline,0.65,0.23499999999999996,41.5,strong_positive,True,200
EleutherAI/pythia-1.4b-deduped,rhyme,strong_positive,linear,8,newline,0.465,0.23499999999999996,23.000000000000007,strong_positive,True,200
EleutherAI/pythia-1.4b-deduped,rhyme,strong_positive,linear,9,last_word_before_newline,0.6599999999999999,0.22999999999999998,42.99999999999999,strong_positive,True,200
EleutherAI/pythia-1.4b-deduped,rhyme,strong_positive,linear,9,newline,0.465,0.22999999999999998,23.500000000000004,strong_positive,True,200
EleutherAI/pythia-1.4b-deduped,rhyme,strong_positive,linear,10,last_word_before_newline,0.6499999999999999,0.225,42.49999999999999,strong_positive,True,200
EleutherAI/pythia-1.4b-deduped,rhyme,strong_positive,linear,10,newline,0.425,0.225,20.0,strong_positive,True,200
EleutherAI/pythia-1.4b-deduped,rhyme,strong_positive,linear,11,last_word_before_newline,0.65,0.23500000000000001,41.5,strong_positive,True,200
EleutherAI/pythia-1.4b-deduped,rhyme,strong_positive,linear,11,newline,0.43500000000000005,0.23500000000000001,20.000000000000004,strong_positive,True,200
EleutherAI/pythia-1.4b-deduped,rhyme,strong_positive,linear,12,last_word_before_newline,0.65,0.225,42.50000000000001,strong_positive,True,200
EleutherAI/pythia-1.4b-deduped,rhyme,strong_positive,linear,12,newline,0.445,0.225,22.0,strong_positive,True,200
EleutherAI/pythia-1.4b-deduped,rhyme,strong_positive,linear,13,last_word_before_newline,0.6599999999999999,0.23500000000000001,42.49999999999999,strong_positive,True,200
EleutherAI/pythia-1.4b-deduped,rhyme,strong_positive,linear,13,newline,0.445,0.23500000000000001,21.0,strong_positive,True,200
EleutherAI/pythia-1.4b-deduped,rhyme,strong_positive,linear,14,last_word_before_newline,0.655,0.23500000000000001,42.00000000000001,strong_positive,True,200
EleutherAI/pythia-1.4b-deduped,rhyme,strong_positive,linear,14,newline,0.425,0.23500000000000001,18.999999999999996,strong_positive,True,200
EleutherAI/pythia-1.4b-deduped,rhyme,strong_positive,linear,15,last_word_before_newline,0.635,0.23500000000000001,40.0,strong_positive,True,200
EleutherAI/pythia-1.4b-deduped,rhyme,strong_positive,linear,15,newline,0.45499999999999996,0.23500000000000001,21.999999999999993,strong_positive,True,200
EleutherAI/pythia-1.4b-deduped,rhyme,strong_positive,linear,16,last_word_before_newline,0.635,0.22000000000000003,41.5,strong_positive,True,200
EleutherAI/pythia-1.4b-deduped,rhyme,strong_positive,linear,16,newline,0.45,0.22000000000000003,23.0,strong_positive,True,200
EleutherAI/pythia-1.4b-deduped,rhyme,strong_positive,linear,17,last_word_before_newline,0.6300000000000001,0.21500000000000002,41.50000000000001,strong_positive,True,200
EleutherAI/pythia-1.4b-deduped,rhyme,strong_positive,linear,17,newline,0.43,0.21500000000000002,21.499999999999996,strong_positive,True,200
EleutherAI/pythia-1.4b-deduped,rhyme,strong_positive,linear,18,last_word_before_newline,0.6249999999999999,0.21999999999999997,40.49999999999999,strong_positive,True,200
EleutherAI/pythia-1.4b-deduped,rhyme,strong_positive,linear,18,newline,0.425,0.21999999999999997,20.5,strong_positive,True,200
EleutherAI/pythia-1.4b-deduped,rhyme,strong_positive,linear,19,last_word_before_newline,0.63,0.225,40.5,strong_positive,True,200
EleutherAI/pythia-1.4b-deduped,rhyme,strong_positive,linear,19,newline,0.43499999999999994,0.225,20.999999999999993,strong_positive,True,200
EleutherAI/pythia-1.4b-deduped,rhyme,strong_positive,linear,20,last_word_before_newline,0.63,0.22999999999999998,40.0,strong_positive,True,200
EleutherAI/pythia-1.4b-deduped,rhyme,strong_positive,linear,20,newline,0.45,0.22999999999999998,22.000000000000004,strong_positive,True,200
EleutherAI/pythia-1.4b-deduped,code,negative,linear,0,colon,0.8047369442826635,0.7239953407105416,8.07416035721219,strong_positive,False,507
EleutherAI/pythia-1.4b-deduped,code,negative,linear,0,newline,0.8027179188507085,0.7239953407105416,7.872257814016692,strong_positive,False,507
EleutherAI/pythia-1.4b-deduped,code,negative,linear,0,last_token,0.8185400893030479,0.7239953407105416,9.454474859250627,strong_positive,False,507
EleutherAI/pythia-1.4b-deduped,code,negative,linear,4,colon,0.8697728596389049,0.755426130848379,11.434672879052599,strong_positive,False,507
EleutherAI/pythia-1.4b-deduped,code,negative,linear,4,newline,0.8343816734614637,0.755426130848379,7.8955542613084795,strong_positive,False,507
EleutherAI/pythia-1.4b-deduped,code,negative,linear,4,last_token,0.8797320908561443,0.755426130848379,12.43059600077654,strong_positive,False,507
EleutherAI/pythia-1.4b-deduped,code,negative,linear,8,colon,0.9034556396816151,0.8127548048922538,9.07008347893613,strong_positive,False,507
EleutherAI/pythia-1.4b-deduped,code,negative,linear,8,newline,0.8817705299941758,0.8127548048922538,6.901572510192199,strong_positive,False,507
EleutherAI/pythia-1.4b-deduped,code,negative,linear,8,last_token,0.9132401475441663,0.8127548048922538,10.048534265191245,strong_positive,False,507
EleutherAI/pythia-1.4b-deduped,code,negative,linear,12,colon,0.9073189671908366,0.8304212774218598,7.689768976897682,strong_positive,False,507
EleutherAI/pythia-1.4b-deduped,code,negative,linear,12,newline,0.8895942535430013,0.8304212774218598,5.917297612114147,strong_positive,False,507
EleutherAI/pythia-1.4b-deduped,code,negative,linear,12,last_token,0.8994370025237817,0.8304212774218598,6.901572510192189,strong_positive,False,507
EleutherAI/pythia-1.4b-deduped,code,negative,linear,16,colon,0.9033779848573094,0.8126577363618714,9.07202484954379,strong_positive,False,507
EleutherAI/pythia-1.4b-deduped,code,negative,linear,16,newline,0.8993981751116289,0.8126577363618714,8.674043874975744,strong_positive,False,507
EleutherAI/pythia-1.4b-deduped,code,negative,linear,16,last_token,0.9073383808969133,0.8126577363618714,9.468064453504187,strong_positive,False,507
EleutherAI/pythia-1.4b-deduped,code,negative,linear,23,colon,0.8994758299359347,0.802853814793244,9.662201514269064,strong_positive,False,507
EleutherAI/pythia-1.4b-deduped,code,negative,linear,23,newline,0.8916326926810327,0.802853814793244,8.877887788778871,strong_positive,False,507
EleutherAI/pythia-1.4b-deduped,code,negative,linear,23,last_token,0.9052805280528053,0.802853814793244,10.242671325956131,strong_positive,False,507
EleutherAI/pythia-1.4b-deduped,rhyme,strong_positive,linear,2,last_word_before_newline,0.805,0.22000000000000003,58.5,strong_positive,True,200
EleutherAI/pythia-1.4b-deduped,rhyme,strong_positive,linear,2,newline,0.745,0.22000000000000003,52.49999999999999,strong_positive,True,200
EleutherAI/pythia-1.4b-deduped,rhyme,strong_positive,linear,3,last_word_before_newline,0.8150000000000001,0.255,56.00000000000001,strong_positive,True,200
EleutherAI/pythia-1.4b-deduped,rhyme,strong_positive,linear,3,newline,0.72,0.255,46.5,strong_positive,True,200
EleutherAI/pythia-1.4b-deduped,rhyme,strong_positive,linear,4,last_word_before_newline,0.7949999999999999,0.24,55.49999999999999,strong_positive,True,200
EleutherAI/pythia-1.4b-deduped,rhyme,strong_positive,linear,4,newline,0.775,0.24,53.5,strong_positive,True,200
EleutherAI/pythia-1.4b-deduped,rhyme,strong_positive,linear,5,last_word_before_newline,0.7849999999999999,0.27999999999999997,50.499999999999986,strong_positive,True,200
EleutherAI/pythia-1.4b-deduped,rhyme,strong_positive,linear,5,newline,0.73,0.27999999999999997,45.0,strong_positive,True,200
EleutherAI/pythia-1.4b-deduped,rhyme,strong_positive,linear,6,last_word_before_newline,0.8,0.29500000000000004,50.5,strong_positive,True,200
EleutherAI/pythia-1.4b-deduped,rhyme,strong_positive,linear,6,newline,0.765,0.29500000000000004,47.0,strong_positive,True,200
EleutherAI/pythia-1.4b-deduped,rhyme,strong_positive,linear,7,last_word_before_newline,0.75,0.28500000000000003,46.5,strong_positive,True,200
EleutherAI/pythia-1.4b-deduped,rhyme,strong_positive,linear,7,newline,0.7350000000000001,0.28500000000000003,45.00000000000001,strong_positive,True,200
EleutherAI/pythia-1.4b-deduped,rhyme,strong_positive,linear,8,last_word_before_newline,0.76,0.31,45.0,strong_positive,True,200
EleutherAI/pythia-1.4b-deduped,rhyme,strong_positive,linear,8,newline,0.74,0.31,43.0,strong_positive,True,200
EleutherAI/pythia-1.4b-deduped,rhyme,strong_positive,linear,9,last_word_before_newline,0.7549999999999999,0.305,44.99999999999999,strong_positive,True,200
EleutherAI/pythia-1.4b-deduped,rhyme,strong_positive,linear,9,newline,0.725,0.305,42.0,strong_positive,True,200
EleutherAI/pythia-1.4b-deduped,rhyme,strong_positive,linear,10,last_word_before_newline,0.76,0.3,46.0,strong_positive,True,200
EleutherAI/pythia-1.4b-deduped,rhyme,strong_positive,linear,10,newline,0.6900000000000001,0.3,39.00000000000001,strong_positive,True,200
EleutherAI/pythia-1.4b-deduped,rhyme,strong_positive,linear,11,last_word_before_newline,0.76,0.29,47.0,strong_positive,True,200
EleutherAI/pythia-1.4b-deduped,rhyme,strong_positive,linear,11,newline,0.6599999999999999,0.29,36.99999999999999,strong_positive,True,200
EleutherAI/pythia-1.4b-deduped,rhyme,strong_positive,linear,12,last_word_before_newline,0.765,0.295,47.0,strong_positive,True,200
EleutherAI/pythia-1.4b-deduped,rhyme,strong_positive,linear,12,newline,0.6599999999999999,0.295,36.49999999999999,strong_positive,True,200
EleutherAI/pythia-1.4b-deduped,rhyme,strong_positive,linear,13,last_word_before_newline,0.765,0.31500000000000006,44.99999999999999,strong_positive,True,200
EleutherAI/pythia-1.4b-deduped,rhyme,strong_positive,linear,13,newline,0.635,0.31500000000000006,31.999999999999996,strong_positive,True,200
EleutherAI/pythia-1.4b-deduped,rhyme,strong_positive,linear,14,last_word_before_newline,0.77,0.3,47.0,strong_positive,True,200
EleutherAI/pythia-1.4b-deduped,rhyme,strong_positive,linear,14,newline,0.635,0.3,33.5,strong_positive,True,200
EleutherAI/pythia-1.4b-deduped,rhyme,strong_positive,linear,15,last_word_before_newline,0.7500000000000001,0.29500000000000004,45.50000000000001,strong_positive,True,200
EleutherAI/pythia-1.4b-deduped,rhyme,strong_positive,linear,15,newline,0.605,0.29500000000000004,30.999999999999993,strong_positive,True,200
EleutherAI/pythia-1.4b-deduped,rhyme,strong_positive,linear,16,last_word_before_newline,0.74,0.30999999999999994,43.00000000000001,strong_positive,True,200
EleutherAI/pythia-1.4b-deduped,rhyme,strong_positive,linear,16,newline,0.62,0.30999999999999994,31.000000000000007,strong_positive,True,200
EleutherAI/pythia-1.4b-deduped,rhyme,strong_positive,linear,17,last_word_before_newline,0.735,0.305,43.0,strong_positive,True,200
EleutherAI/pythia-1.4b-deduped,rhyme,strong_positive,linear,17,newline,0.635,0.305,33.0,strong_positive,True,200
EleutherAI/pythia-1.4b-deduped,rhyme,strong_positive,linear,18,last_word_before_newline,0.74,0.27,47.0,strong_positive,True,200
EleutherAI/pythia-1.4b-deduped,rhyme,strong_positive,linear,18,newline,0.625,0.27,35.5,strong_positive,True,200
EleutherAI/pythia-1.4b-deduped,rhyme,strong_positive,linear,19,last_word_before_newline,0.71,0.275,43.49999999999999,strong_positive,True,200
EleutherAI/pythia-1.4b-deduped,rhyme,strong_positive,linear,19,newline,0.625,0.275,35.0,strong_positive,True,200
EleutherAI/pythia-1.4b-deduped,rhyme,strong_positive,linear,20,last_word_before_newline,0.72,0.255,46.5,strong_positive,True,200
EleutherAI/pythia-1.4b-deduped,rhyme,strong_positive,linear,20,newline,0.635,0.255,38.0,strong_positive,True,200
EleutherAI/pythia-1b-deduped,code,negative,linear,0,colon,0.7929334109881576,0.7239176858862357,6.901572510192189,strong_positive,False,507
EleutherAI/pythia-1b-deduped,code,negative,linear,0,newline,0.8185789167152009,0.7239176858862357,9.466123082896516,strong_positive,False,507
EleutherAI/pythia-1b-deduped,code,negative,linear,0,last_token,0.8127159774801009,0.7239176858862357,8.87982915938652,strong_positive,False,507
EleutherAI/pythia-1b-deduped,code,negative,linear,2,colon,0.8443020772665502,0.7042127742185984,14.008930304795175,strong_positive,False,507
EleutherAI/pythia-1b-deduped,code,negative,linear,2,newline,0.802737332556785,0.7042127742185984,9.852455833818663,strong_positive,False,507
EleutherAI/pythia-1b-deduped,code,negative,linear,2,last_token,0.8541059988351776,0.7042127742185984,14.989322461657917,strong_positive,False,507
EleutherAI/pythia-1b-deduped,code,negative,linear,5,colon,0.8757328674043874,0.8028732284993205,7.285963890506686,strong_positive,False,507
EleutherAI/pythia-1b-deduped,code,negative,linear,5,newline,0.8599301106581245,0.8028732284993205,5.7056882158804,strong_positive,False,507
EleutherAI/pythia-1b-deduped,code,negative,linear,5,last_token,0.8816540477577168,0.8028732284993205,7.878081925839631,strong_positive,False,507
EleutherAI/pythia-1b-deduped,code,negative,linear,8,colon,0.9054358377014171,0.8364395263055717,6.899631139584539,strong_positive,False,507
EleutherAI/pythia-1b-deduped,code,negative,linear,8,newline,0.8974568045039797,0.8364395263055717,6.1017278198407965,strong_positive,False,507
EleutherAI/pythia-1b-deduped,code,negative,linear,8,last_token,0.8836730731896718,0.8364395263055717,4.723354688410009,weak_positive,False,507
EleutherAI/pythia-1b-deduped,code,negative,linear,10,colon,0.9192778101339545,0.8442244224422442,7.505338769171033,strong_positive,False,507
EleutherAI/pythia-1b-deduped,code,negative,linear,10,newline,0.9093379926227916,0.8442244224422442,6.511357018054742,strong_positive,False,507
EleutherAI/pythia-1b-deduped,code,negative,linear,10,last_token,0.9310231023102309,0.8442244224422442,8.679867986798673,strong_positive,False,507
EleutherAI/pythia-1b-deduped,code,negative,linear,15,colon,0.919258396427878,0.8423412929528247,7.691710347505332,strong_positive,False,507
EleutherAI/pythia-1b-deduped,code,negative,linear,15,newline,0.8955930887206367,0.8423412929528247,5.325179576781203,strong_positive,False,507
EleutherAI/pythia-1b-deduped,code,negative,linear,15,last_token,0.8974179770918269,0.8423412929528247,5.507668413900224,strong_positive,False,507
EleutherAI/pythia-1b-deduped,rhyme,strong_positive,linear,1,last_word_before_newline,0.85,0.22999999999999998,62.0,strong_positive,True,200
EleutherAI/pythia-1b-deduped,rhyme,strong_positive,linear,1,newline,0.7300000000000001,0.22999999999999998,50.000000000000014,strong_positive,True,200
EleutherAI/pythia-1b-deduped,rhyme,strong_positive,linear,2,last_word_before_newline,0.845,0.24499999999999997,60.0,strong_positive,True,200
EleutherAI/pythia-1b-deduped,rhyme,strong_positive,linear,2,newline,0.6649999999999999,0.24499999999999997,41.99999999999999,strong_positive,True,200
EleutherAI/pythia-1b-deduped,rhyme,strong_positive,linear,3,last_word_before_newline,0.8300000000000001,0.265,56.50000000000001,strong_positive,True,200
EleutherAI/pythia-1b-deduped,rhyme,strong_positive,linear,3,newline,0.76,0.265,49.5,strong_positive,True,200
EleutherAI/pythia-1b-deduped,rhyme,strong_positive,linear,4,last_word_before_newline,0.8099999999999999,0.275,53.49999999999999,strong_positive,True,200
EleutherAI/pythia-1b-deduped,rhyme,strong_positive,linear,4,newline,0.7750000000000001,0.275,50.000000000000014,strong_positive,True,200
EleutherAI/pythia-1b-deduped,rhyme,strong_positive,linear,5,last_word_before_newline,0.805,0.32999999999999996,47.50000000000001,strong_positive,True,200
EleutherAI/pythia-1b-deduped,rhyme,strong_positive,linear,5,newline,0.7300000000000001,0.32999999999999996,40.000000000000014,strong_positive,True,200
EleutherAI/pythia-1b-deduped,rhyme,strong_positive,linear,6,last_word_before_newline,0.775,0.31999999999999995,45.50000000000001,strong_positive,True,200
EleutherAI/pythia-1b-deduped,rhyme,strong_positive,linear,6,newline,0.725,0.31999999999999995,40.5,strong_positive,True,200
EleutherAI/pythia-1b-deduped,rhyme,strong_positive,linear,7,last_word_before_newline,0.78,0.3,48.00000000000001,strong_positive,True,200
EleutherAI/pythia-1b-deduped,rhyme,strong_positive,linear,7,newline,0.7300000000000001,0.3,43.00000000000001,strong_positive,True,200
EleutherAI/pythia-1b-deduped,rhyme,strong_positive,linear,8,last_word_before_newline,0.775,0.315,46.0,strong_positive,True,200
EleutherAI/pythia-1b-deduped,rhyme,strong_positive,linear,8,newline,0.6900000000000002,0.315,37.500000000000014,strong_positive,True,200
EleutherAI/pythia-1b-deduped,rhyme,strong_positive,linear,9,last_word_before_newline,0.7849999999999999,0.27999999999999997,50.499999999999986,strong_positive,True,200
EleutherAI/pythia-1b-deduped,rhyme,strong_positive,linear,9,newline,0.6599999999999999,0.27999999999999997,37.99999999999999,strong_positive,True,200
EleutherAI/pythia-1b-deduped,rhyme,strong_positive,linear,10,last_word_before_newline,0.7699999999999999,0.30500000000000005,46.499999999999986,strong_positive,True,200
EleutherAI/pythia-1b-deduped,rhyme,strong_positive,linear,10,newline,0.7050000000000001,0.30500000000000005,40.0,strong_positive,True,200
EleutherAI/pythia-1b-deduped,rhyme,strong_positive,linear,11,last_word_before_newline,0.765,0.27999999999999997,48.50000000000001,strong_positive,True,200
EleutherAI/pythia-1b-deduped,rhyme,strong_positive,linear,11,newline,0.68,0.27999999999999997,40.00000000000001,strong_positive,True,200
EleutherAI/pythia-1b-deduped,rhyme,strong_positive,linear,12,last_word_before_newline,0.77,0.3,47.0,strong_positive,True,200
EleutherAI/pythia-1b-deduped,rhyme,strong_positive,linear,12,newline,0.675,0.3,37.50000000000001,strong_positive,True,200
EleutherAI/pythia-1b-deduped,rhyme,strong_positive,linear,13,last_word_before_newline,0.755,0.30999999999999994,44.50000000000001,strong_positive,True,200
EleutherAI/pythia-1b-deduped,rhyme,strong_positive,linear,13,newline,0.675,0.30999999999999994,36.50000000000001,strong_positive,True,200
EleutherAI/pythia-2.8b-deduped,code,negative,linear,0,colon,0.800873616773442,0.6884876722966414,11.238594447680061,strong_positive,False,507
EleutherAI/pythia-2.8b-deduped,code,negative,linear,0,newline,0.793069306930693,0.6884876722966414,10.458163463405157,strong_positive,False,507
EleutherAI/pythia-2.8b-deduped,code,negative,linear,0,last_token,0.8246165793049893,0.6884876722966414,13.61289070083479,strong_positive,False,507
EleutherAI/pythia-2.8b-deduped,code,negative,linear,5,colon,0.8578722578140165,0.7791496796738496,7.872257814016692,strong_positive,False,507
EleutherAI/pythia-2.8b-deduped,code,negative,linear,5,newline,0.7968355659095321,0.7791496796738496,1.7685886235682458,near_zero,False,507
EleutherAI/pythia-2.8b-deduped,code,negative,linear,5,last_token,0.8915744515628032,0.7791496796738496,11.24247718889536,strong_positive,False,507
EleutherAI/pythia-2.8b-deduped,code,negative,linear,10,colon,0.9251213356629779,0.8422830518345952,8.283828382838276,strong_positive,False,507
EleutherAI/pythia-2.8b-deduped,code,negative,linear,10,newline,0.8442244224422442,0.8422830518345952,0.19413706076489845,near_zero,False,507
EleutherAI/pythia-2.8b-deduped,code,negative,linear,10,last_token,0.9290040768782761,0.8422830518345952,8.672102504368095,strong_positive,False,507
EleutherAI/pythia-2.8b-deduped,code,negative,linear,16,colon,0.9230828965249467,0.8284993205202873,9.458357600465938,strong_positive,False,507
EleutherAI/pythia-2.8b-deduped,code,negative,linear,16,newline,0.8896136672490778,0.8284993205202873,6.111434672879046,strong_positive,False,507
EleutherAI/pythia-2.8b-deduped,code,negative,linear,16,last_token,0.9210444573869152,0.8284993205202873,9.25451368666279,strong_positive,False,507
EleutherAI/pythia-2.8b-deduped,code,negative,linear,21,colon,0.9230440691127937,0.8127742185983304,11.026985051446324,strong_positive,False,507
EleutherAI/pythia-2.8b-deduped,code,negative,linear,21,newline,0.9033197437390799,0.8127742185983304,9.054552514074942,strong_positive,False,507
EleutherAI/pythia-2.8b-deduped,code,negative,linear,21,last_token,0.9171423024655407,0.8127742185983304,10.43680838672103,strong_positive,False,507
EleutherAI/pythia-2.8b-deduped,code,negative,linear,31,colon,0.9427683944865073,0.8323238206173558,11.044457386915152,strong_positive,False,507
EleutherAI/pythia-2.8b-deduped,code,negative,linear,31,newline,0.921122112211221,0.8323238206173558,8.87982915938652,strong_positive,False,507
EleutherAI/pythia-2.8b-deduped,code,negative,linear,31,last_token,0.9210638710929917,0.8323238206173558,8.874005047563593,strong_positive,False,507
EleutherAI/pythia-2.8b-deduped,rhyme,strong_positive,linear,3,last_word_before_newline,0.835,0.255,57.99999999999999,strong_positive,True,200
EleutherAI/pythia-2.8b-deduped,rhyme,strong_positive,linear,3,newline,0.82,0.255,56.49999999999999,strong_positive,True,200
EleutherAI/pythia-2.8b-deduped,rhyme,strong_positive,linear,4,last_word_before_newline,0.8299999999999998,0.27,55.999999999999986,strong_positive,True,200
EleutherAI/pythia-2.8b-deduped,rhyme,strong_positive,linear,4,newline,0.775,0.27,50.5,strong_positive,True,200
EleutherAI/pythia-2.8b-deduped,rhyme,strong_positive,linear,5,last_word_before_newline,0.795,0.285,51.0,strong_positive,True,200
EleutherAI/pythia-2.8b-deduped,rhyme,strong_positive,linear,5,newline,0.76,0.285,47.5,strong_positive,True,200
EleutherAI/pythia-2.8b-deduped,rhyme,strong_positive,linear,6,last_word_before_newline,0.78,0.27,51.0,strong_positive,True,200
EleutherAI/pythia-2.8b-deduped,rhyme,strong_positive,linear,6,newline,0.755,0.27,48.5,strong_positive,True,200
EleutherAI/pythia-2.8b-deduped,rhyme,strong_positive,linear,7,last_word_before_newline,0.775,0.29500000000000004,48.0,strong_positive,True,200
EleutherAI/pythia-2.8b-deduped,rhyme,strong_positive,linear,7,newline,0.755,0.29500000000000004,46.0,strong_positive,True,200
EleutherAI/pythia-2.8b-deduped,rhyme,strong_positive,linear,8,last_word_before_newline,0.8,0.25999999999999995,54.0,strong_positive,True,200
EleutherAI/pythia-2.8b-deduped,rhyme,strong_positive,linear,8,newline,0.7150000000000001,0.25999999999999995,45.500000000000014,strong_positive,True,200
EleutherAI/pythia-2.8b-deduped,rhyme,strong_positive,linear,9,last_word_before_newline,0.775,0.30999999999999994,46.50000000000001,strong_positive,True,200
EleutherAI/pythia-2.8b-deduped,rhyme,strong_positive,linear,9,newline,0.735,0.30999999999999994,42.50000000000001,strong_positive,True,200
EleutherAI/pythia-2.8b-deduped,rhyme,strong_positive,linear,10,last_word_before_newline,0.7649999999999999,0.31999999999999995,44.49999999999999,strong_positive,True,200
EleutherAI/pythia-2.8b-deduped,rhyme,strong_positive,linear,10,newline,0.72,0.31999999999999995,40.0,strong_positive,True,200
EleutherAI/pythia-2.8b-deduped,rhyme,strong_positive,linear,11,last_word_before_newline,0.77,0.30500000000000005,46.5,strong_positive,True,200
EleutherAI/pythia-2.8b-deduped,rhyme,strong_positive,linear,11,newline,0.72,0.30500000000000005,41.49999999999999,strong_positive,True,200
EleutherAI/pythia-2.8b-deduped,rhyme,strong_positive,linear,12,last_word_before_newline,0.76,0.31,45.0,strong_positive,True,200
EleutherAI/pythia-2.8b-deduped,rhyme,strong_positive,linear,12,newline,0.7150000000000001,0.31,40.50000000000001,strong_positive,True,200
EleutherAI/pythia-2.8b-deduped,rhyme,strong_positive,linear,13,last_word_before_newline,0.7849999999999999,0.305,47.99999999999999,strong_positive,True,200
EleutherAI/pythia-2.8b-deduped,rhyme,strong_positive,linear,13,newline,0.7350000000000001,0.305,43.00000000000001,strong_positive,True,200
EleutherAI/pythia-2.8b-deduped,rhyme,strong_positive,linear,14,last_word_before_newline,0.8150000000000001,0.30999999999999994,50.500000000000014,strong_positive,True,200
EleutherAI/pythia-2.8b-deduped,rhyme,strong_positive,linear,14,newline,0.7050000000000001,0.30999999999999994,39.500000000000014,strong_positive,True,200
EleutherAI/pythia-2.8b-deduped,rhyme,strong_positive,linear,15,last_word_before_newline,0.8049999999999999,0.32,48.49999999999999,strong_positive,True,200
EleutherAI/pythia-2.8b-deduped,rhyme,strong_positive,linear,15,newline,0.7200000000000001,0.32,40.00000000000001,strong_positive,True,200
EleutherAI/pythia-2.8b-deduped,rhyme,strong_positive,linear,16,last_word_before_newline,0.785,0.305,48.00000000000001,strong_positive,True,200
EleutherAI/pythia-2.8b-deduped,rhyme,strong_positive,linear,16,newline,0.6599999999999999,0.305,35.49999999999999,strong_positive,True,200
EleutherAI/pythia-2.8b-deduped,rhyme,strong_positive,linear,17,last_word_before_newline,0.8,0.27,53.0,strong_positive,True,200
EleutherAI/pythia-2.8b-deduped,rhyme,strong_positive,linear,17,newline,0.6649999999999998,0.27,39.49999999999998,strong_positive,True,200
EleutherAI/pythia-2.8b-deduped,rhyme,strong_positive,linear,18,last_word_before_newline,0.78,0.28500000000000003,49.5,strong_positive,True,200
EleutherAI/pythia-2.8b-deduped,rhyme,strong_positive,linear,18,newline,0.6649999999999998,0.28500000000000003,37.99999999999998,strong_positive,True,200
EleutherAI/pythia-2.8b-deduped,rhyme,strong_positive,linear,19,last_word_before_newline,0.775,0.29,48.50000000000001,strong_positive,True,200
EleutherAI/pythia-2.8b-deduped,rhyme,strong_positive,linear,19,newline,0.65,0.29,36.00000000000001,strong_positive,True,200
EleutherAI/pythia-2.8b-deduped,rhyme,strong_positive,linear,20,last_word_before_newline,0.78,0.28500000000000003,49.5,strong_positive,True,200
EleutherAI/pythia-2.8b-deduped,rhyme,strong_positive,linear,20,newline,0.655,0.28500000000000003,37.0,strong_positive,True,200
EleutherAI/pythia-2.8b-deduped,rhyme,strong_positive,linear,21,last_word_before_newline,0.755,0.28500000000000003,47.0,strong_positive,True,200
EleutherAI/pythia-2.8b-deduped,rhyme,strong_positive,linear,21,newline,0.67,0.28500000000000003,38.5,strong_positive,True,200
EleutherAI/pythia-2.8b-deduped,rhyme,strong_positive,linear,22,last_word_before_newline,0.7550000000000001,0.275,48.00000000000001,strong_positive,True,200
EleutherAI/pythia-2.8b-deduped,rhyme,strong_positive,linear,22,newline,0.675,0.275,40.0,strong_positive,True,200
EleutherAI/pythia-2.8b-deduped,rhyme,strong_positive,linear,23,last_word_before_newline,0.75,0.265,48.5,strong_positive,True,200
EleutherAI/pythia-2.8b-deduped,rhyme,strong_positive,linear,23,newline,0.6300000000000001,0.265,36.50000000000001,strong_positive,True,200
EleutherAI/pythia-2.8b-deduped,rhyme,strong_positive,linear,24,last_word_before_newline,0.7450000000000001,0.28500000000000003,46.00000000000001,strong_positive,True,200
EleutherAI/pythia-2.8b-deduped,rhyme,strong_positive,linear,24,newline,0.6249999999999999,0.28500000000000003,33.999999999999986,strong_positive,True,200
EleutherAI/pythia-2.8b-deduped,rhyme,strong_positive,linear,25,last_word_before_newline,0.7550000000000001,0.27,48.50000000000001,strong_positive,True,200
EleutherAI/pythia-2.8b-deduped,rhyme,strong_positive,linear,25,newline,0.6050000000000001,0.27,33.50000000000001,strong_positive,True,200
EleutherAI/pythia-2.8b-deduped,rhyme,strong_positive,linear,26,last_word_before_newline,0.7550000000000001,0.27499999999999997,48.000000000000014,strong_positive,True,200
EleutherAI/pythia-2.8b-deduped,rhyme,strong_positive,linear,26,newline,0.585,0.27499999999999997,31.0,strong_positive,True,200
EleutherAI/pythia-2.8b-deduped,rhyme,strong_positive,linear,27,last_word_before_newline,0.7550000000000001,0.265,49.00000000000001,strong_positive,True,200
EleutherAI/pythia-2.8b-deduped,rhyme,strong_positive,linear,27,newline,0.61,0.265,34.5,strong_positive,True,200
EleutherAI/pythia-410m-deduped,code,negative,linear,0,colon,0.8127159774801009,0.6864686468646864,12.624733061541448,strong_positive,False,507
EleutherAI/pythia-410m-deduped,code,negative,linear,0,newline,0.790972626674432,0.6864686468646864,10.450397980974557,strong_positive,False,507
EleutherAI/pythia-410m-deduped,code,negative,linear,0,last_token,0.7653659483595417,0.6864686468646864,7.88973014948553,strong_positive,False,507
EleutherAI/pythia-410m-deduped,code,negative,linear,4,colon,0.8205202873228499,0.7495243642011259,7.099592312172398,strong_positive,False,507
EleutherAI/pythia-410m-deduped,code,negative,linear,4,newline,0.8185400893030479,0.7495243642011259,6.901572510192199,strong_positive,False,507
EleutherAI/pythia-410m-deduped,code,negative,linear,4,last_token,0.8244418559503008,0.7495243642011259,7.491749174917494,strong_positive,False,507
EleutherAI/pythia-410m-deduped,code,negative,linear,8,colon,0.8540283440108716,0.7655212580081537,8.850708600271783,strong_positive,False,507
EleutherAI/pythia-410m-deduped,code,negative,linear,8,newline,0.8382255872646087,0.7655212580081537,7.270432925645498,strong_positive,False,507
EleutherAI/pythia-410m-deduped,code,negative,linear,8,last_token,0.8304601048340128,0.7655212580081537,6.493884682585904,strong_positive,False,507
EleutherAI/pythia-410m-deduped,code,negative,linear,12,colon,0.8718112987769364,0.8166375461075519,5.517375266938451,strong_positive,False,507
EleutherAI/pythia-410m-deduped,code,negative,linear,12,newline,0.8796738497379148,0.8166375461075519,6.303630363036294,strong_positive,False,507
EleutherAI/pythia-410m-deduped,code,negative,linear,12,last_token,0.8915162104445737,0.8166375461075519,7.487866433702184,strong_positive,False,507
EleutherAI/pythia-410m-deduped,code,negative,linear,16,colon,0.8993593476994759,0.8107163657542225,8.864298194525343,strong_positive,False,507
EleutherAI/pythia-410m-deduped,code,negative,linear,16,newline,0.8855950300912443,0.8107163657542225,7.487866433702184,strong_positive,False,507
EleutherAI/pythia-410m-deduped,code,negative,linear,16,last_token,0.8895165987186953,0.8107163657542225,7.8800232964472805,strong_positive,False,507
EleutherAI/pythia-410m-deduped,code,negative,linear,23,colon,0.8757522811104639,0.8185595030091244,5.719277810133949,strong_positive,False,507
EleutherAI/pythia-410m-deduped,code,negative,linear,23,newline,0.8915550378567267,0.8185595030091244,7.299553484760235,strong_positive,False,507
EleutherAI/pythia-410m-deduped,code,negative,linear,23,last_token,0.8855950300912443,0.8185595030091244,6.703552708211991,strong_positive,False,507
EleutherAI/pythia-410m-deduped,rhyme,strong_positive,linear,2,last_word_before_newline,0.79,0.215,57.50000000000001,strong_positive,True,200
EleutherAI/pythia-410m-deduped,rhyme,strong_positive,linear,2,newline,0.63,0.215,41.5,strong_positive,True,200
EleutherAI/pythia-410m-deduped,rhyme,strong_positive,linear,3,last_word_before_newline,0.7950000000000002,0.25999999999999995,53.500000000000014,strong_positive,True,200
EleutherAI/pythia-410m-deduped,rhyme,strong_positive,linear,3,newline,0.61,0.25999999999999995,35.0,strong_positive,True,200
EleutherAI/pythia-410m-deduped,rhyme,strong_positive,linear,4,last_word_before_newline,0.775,0.29000000000000004,48.5,strong_positive,True,200
EleutherAI/pythia-410m-deduped,rhyme,strong_positive,linear,4,newline,0.6599999999999999,0.29000000000000004,36.999999999999986,strong_positive,True,200
EleutherAI/pythia-410m-deduped,rhyme,strong_positive,linear,5,last_word_before_newline,0.7949999999999999,0.275,51.99999999999999,strong_positive,True,200
EleutherAI/pythia-410m-deduped,rhyme,strong_positive,linear,5,newline,0.675,0.275,40.0,strong_positive,True,200
EleutherAI/pythia-410m-deduped,rhyme,strong_positive,linear,6,last_word_before_newline,0.775,0.285,49.00000000000001,strong_positive,True,200
EleutherAI/pythia-410m-deduped,rhyme,strong_positive,linear,6,newline,0.675,0.285,39.00000000000001,strong_positive,True,200
EleutherAI/pythia-410m-deduped,rhyme,strong_positive,linear,7,last_word_before_newline,0.765,0.28500000000000003,48.0,strong_positive,True,200
EleutherAI/pythia-410m-deduped,rhyme,strong_positive,linear,7,newline,0.7100000000000001,0.28500000000000003,42.50000000000001,strong_positive,True,200
EleutherAI/pythia-410m-deduped,rhyme,strong_positive,linear,8,last_word_before_newline,0.755,0.28500000000000003,47.0,strong_positive,True,200
EleutherAI/pythia-410m-deduped,rhyme,strong_positive,linear,8,newline,0.7200000000000001,0.28500000000000003,43.50000000000001,strong_positive,True,200
EleutherAI/pythia-410m-deduped,rhyme,strong_positive,linear,9,last_word_before_newline,0.7550000000000001,0.29500000000000004,46.00000000000001,strong_positive,True,200
EleutherAI/pythia-410m-deduped,rhyme,strong_positive,linear,9,newline,0.6950000000000001,0.29500000000000004,40.0,strong_positive,True,200
EleutherAI/pythia-410m-deduped,rhyme,strong_positive,linear,10,last_word_before_newline,0.755,0.3,45.5,strong_positive,True,200
EleutherAI/pythia-410m-deduped,rhyme,strong_positive,linear,10,newline,0.6849999999999999,0.3,38.49999999999999,strong_positive,True,200
EleutherAI/pythia-410m-deduped,rhyme,strong_positive,linear,11,last_word_before_newline,0.75,0.30500000000000005,44.49999999999999,strong_positive,True,200
EleutherAI/pythia-410m-deduped,rhyme,strong_positive,linear,11,newline,0.655,0.30500000000000005,35.0,strong_positive,True,200
EleutherAI/pythia-410m-deduped,rhyme,strong_positive,linear,12,last_word_before_newline,0.7449999999999999,0.27999999999999997,46.49999999999999,strong_positive,True,200
EleutherAI/pythia-410m-deduped,rhyme,strong_positive,linear,12,newline,0.645,0.27999999999999997,36.50000000000001,strong_positive,True,200
EleutherAI/pythia-410m-deduped,rhyme,strong_positive,linear,13,last_word_before_newline,0.75,0.28500000000000003,46.5,strong_positive,True,200
EleutherAI/pythia-410m-deduped,rhyme,strong_positive,linear,13,newline,0.6100000000000001,0.28500000000000003,32.50000000000001,strong_positive,True,200
EleutherAI/pythia-410m-deduped,rhyme,strong_positive,linear,14,last_word_before_newline,0.74,0.275,46.5,strong_positive,True,200
EleutherAI/pythia-410m-deduped,rhyme,strong_positive,linear,14,newline,0.625,0.275,35.0,strong_positive,True,200
EleutherAI/pythia-410m-deduped,rhyme,strong_positive,linear,15,last_word_before_newline,0.72,0.3,42.0,strong_positive,True,200
EleutherAI/pythia-410m-deduped,rhyme,strong_positive,linear,15,newline,0.6199999999999999,0.3,31.99999999999999,strong_positive,True,200
EleutherAI/pythia-410m-deduped,rhyme,strong_positive,linear,16,last_word_before_newline,0.72,0.29,43.0,strong_positive,True,200
EleutherAI/pythia-410m-deduped,rhyme,strong_positive,linear,16,newline,0.595,0.29,30.5,strong_positive,True,200
EleutherAI/pythia-410m-deduped,rhyme,strong_positive,linear,17,last_word_before_newline,0.725,0.28500000000000003,43.99999999999999,strong_positive,True,200
EleutherAI/pythia-410m-deduped,rhyme,strong_positive,linear,17,newline,0.575,0.28500000000000003,28.999999999999993,strong_positive,True,200
EleutherAI/pythia-410m-deduped,rhyme,strong_positive,linear,18,last_word_before_newline,0.72,0.285,43.5,strong_positive,True,200
EleutherAI/pythia-410m-deduped,rhyme,strong_positive,linear,18,newline,0.5800000000000001,0.285,29.50000000000001,strong_positive,True,200
EleutherAI/pythia-410m-deduped,rhyme,strong_positive,linear,19,last_word_before_newline,0.7050000000000001,0.3,40.50000000000001,strong_positive,True,200
EleutherAI/pythia-410m-deduped,rhyme,strong_positive,linear,19,newline,0.54,0.3,24.000000000000004,strong_positive,True,200
EleutherAI/pythia-410m-deduped,rhyme,strong_positive,linear,20,last_word_before_newline,0.7,0.31,38.99999999999999,strong_positive,True,200
EleutherAI/pythia-410m-deduped,rhyme,strong_positive,linear,20,newline,0.555,0.31,24.500000000000004,strong_positive,True,200
Qwen/Qwen3-1.7B-Base,code,negative,linear,0,colon,0.8244806833624538,0.7534071054164239,7.107357794602997,strong_positive,False,507
Qwen/Qwen3-1.7B-Base,code,negative,linear,0,newline,0.8244806833624538,0.7534071054164239,7.107357794602997,strong_positive,False,507
Qwen/Qwen3-1.7B-Base,code,negative,linear,0,last_token,0.8362842166569597,0.7534071054164239,8.287711124053587,strong_positive,False,507
Qwen/Qwen3-1.7B-Base,code,negative,linear,4,colon,0.8796350223257619,0.7692875169869927,11.034750533876913,strong_positive,False,507
Qwen/Qwen3-1.7B-Base,code,negative,linear,4,newline,0.8796350223257619,0.7692875169869927,11.034750533876913,strong_positive,False,507
Qwen/Qwen3-1.7B-Base,code,negative,linear,4,last_token,0.8579887400504755,0.7692875169869927,8.870122306348282,strong_positive,False,507
Qwen/Qwen3-1.7B-Base,code,negative,linear,9,colon,0.9014172005435837,0.858008153756552,4.340904678703161,weak_positive,False,507
Qwen/Qwen3-1.7B-Base,code,negative,linear,9,newline,0.9014172005435837,0.858008153756552,4.340904678703161,weak_positive,False,507
Qwen/Qwen3-1.7B-Base,code,negative,linear,9,last_token,0.9329644729178799,0.858008153756552,7.495631916132783,strong_positive,False,507
Qwen/Qwen3-1.7B-Base,code,negative,linear,14,colon,0.9329838866239564,0.867870316443409,6.511357018054742,strong_positive,False,507
Qwen/Qwen3-1.7B-Base,code,negative,linear,14,newline,0.9329838866239564,0.867870316443409,6.511357018054742,strong_positive,False,507
Qwen/Qwen3-1.7B-Base,code,negative,linear,14,last_token,0.9487284022519897,0.867870316443409,8.085808580858078,strong_positive,False,507
Qwen/Qwen3-1.7B-Base,code,negative,linear,18,colon,0.9368278004271016,0.86189089497185,7.493690545525156,strong_positive,False,507
Qwen/Qwen3-1.7B-Base,code,negative,linear,18,newline,0.9368278004271016,0.86189089497185,7.493690545525156,strong_positive,False,507
Qwen/Qwen3-1.7B-Base,code,negative,linear,18,last_token,0.9407881964667055,0.86189089497185,7.889730149485552,strong_positive,False,507
Qwen/Qwen3-1.7B-Base,code,negative,linear,27,colon,0.9289652494661231,0.8620267909143855,6.693845855173763,strong_positive,False,507
Qwen/Qwen3-1.7B-Base,code,negative,linear,27,newline,0.9289652494661231,0.8620267909143855,6.693845855173763,strong_positive,False,507
Qwen/Qwen3-1.7B-Base,code,negative,linear,27,last_token,0.9407687827606288,0.8620267909143855,7.874199184624331,strong_positive,False,507
Qwen/Qwen3-1.7B-Base,qa_neutral,strong_positive,linear,2,question_mark,0.5217864125122189,0.5217864125122189,0.0,near_zero,False,161
Qwen/Qwen3-1.7B-Base,qa_neutral,strong_positive,linear,2,last_word_before_question_mark,0.5217864125122189,0.5217864125122189,0.0,near_zero,False,161
Qwen/Qwen3-1.7B-Base,qa_neutral,strong_positive,linear,2,newline,0.5217864125122189,0.5217864125122189,0.0,near_zero,False,161
Qwen/Qwen3-1.7B-Base,qa_neutral,strong_positive,linear,2,last_token,0.5155364125122189,0.5217864125122189,-0.6249999999999978,near_zero,False,161
Qwen/Qwen3-1.7B-Base,qa_neutral,strong_positive,linear,3,question_mark,0.5217864125122189,0.5217864125122189,0.0,near_zero,False,161
Qwen/Qwen3-1.7B-Base,qa_neutral,strong_positive,linear,3,last_word_before_question_mark,0.5217864125122189,0.5217864125122189,0.0,near_zero,False,161
Qwen/Qwen3-1.7B-Base,qa_neutral,strong_positive,linear,3,newline,0.5217864125122189,0.5217864125122189,0.0,near_zero,False,161
Qwen/Qwen3-1.7B-Base,qa_neutral,strong_positive,linear,3,last_token,0.509475806451613,0.5217864125122189,-1.2310606060605966,near_zero,False,161
Qwen/Qwen3-1.7B-Base,qa_neutral,strong_positive,linear,4,question_mark,0.5157258064516129,0.5217864125122189,-0.6060606060605989,near_zero,False,161
Qwen/Qwen3-1.7B-Base,qa_neutral,strong_positive,linear,4,last_word_before_question_mark,0.5217864125122189,0.5217864125122189,0.0,near_zero,False,161
Qwen/Qwen3-1.7B-Base,qa_neutral,strong_positive,linear,4,newline,0.5157258064516129,0.5217864125122189,-0.6060606060605989,near_zero,False,161
Qwen/Qwen3-1.7B-Base,qa_neutral,strong_positive,linear,4,last_token,0.5217864125122189,0.5217864125122189,0.0,near_zero,False,161
Qwen/Qwen3-1.7B-Base,qa_neutral,strong_positive,linear,5,question_mark,0.509475806451613,0.5217864125122189,-1.2310606060605966,near_zero,False,161
Qwen/Qwen3-1.7B-Base,qa_neutral,strong_positive,linear,5,last_word_before_question_mark,0.5217864125122189,0.5217864125122189,0.0,near_zero,False,161
Qwen/Qwen3-1.7B-Base,qa_neutral,strong_positive,linear,5,newline,0.509475806451613,0.5217864125122189,-1.2310606060605966,near_zero,False,161
Qwen/Qwen3-1.7B-Base,qa_neutral,strong_positive,linear,5,last_token,0.509475806451613,0.5217864125122189,-1.2310606060605966,near_zero,False,161
Qwen/Qwen3-1.7B-Base,qa_neutral,strong_positive,linear,6,question_mark,0.5217864125122189,0.5217864125122189,0.0,near_zero,False,161
Qwen/Qwen3-1.7B-Base,qa_neutral,strong_positive,linear,6,last_word_before_question_mark,0.5217864125122189,0.5217864125122189,0.0,near_zero,False,161
Qwen/Qwen3-1.7B-Base,qa_neutral,strong_positive,linear,6,newline,0.5217864125122189,0.5217864125122189,0.0,near_zero,False,161
Qwen/Qwen3-1.7B-Base,qa_neutral,strong_positive,linear,6,last_token,0.509475806451613,0.5217864125122189,-1.2310606060605966,near_zero,False,161
Qwen/Qwen3-1.7B-Base,qa_neutral,strong_positive,linear,7,question_mark,0.5217864125122189,0.5217864125122189,0.0,near_zero,False,161
Qwen/Qwen3-1.7B-Base,qa_neutral,strong_positive,linear,7,last_word_before_question_mark,0.5217864125122189,0.5217864125122189,0.0,near_zero,False,161
Qwen/Qwen3-1.7B-Base,qa_neutral,strong_positive,linear,7,newline,0.5217864125122189,0.5217864125122189,0.0,near_zero,False,161
Qwen/Qwen3-1.7B-Base,qa_neutral,strong_positive,linear,7,last_token,0.5157258064516129,0.5217864125122189,-0.6060606060605989,near_zero,False,161
Qwen/Qwen3-1.7B-Base,qa_neutral,strong_positive,linear,8,question_mark,0.5217864125122189,0.5217864125122189,0.0,near_zero,False,161
Qwen/Qwen3-1.7B-Base,qa_neutral,strong_positive,linear,8,last_word_before_question_mark,0.5217864125122189,0.5217864125122189,0.0,near_zero,False,161
Qwen/Qwen3-1.7B-Base,qa_neutral,strong_positive,linear,8,newline,0.5217864125122189,0.5217864125122189,0.0,near_zero,False,161
Qwen/Qwen3-1.7B-Base,qa_neutral,strong_positive,linear,8,last_token,0.5217864125122189,0.5217864125122189,0.0,near_zero,False,161
Qwen/Qwen3-1.7B-Base,qa_neutral,strong_positive,linear,9,question_mark,0.5217864125122189,0.5217864125122189,0.0,near_zero,False,161
Qwen/Qwen3-1.7B-Base,qa_neutral,strong_positive,linear,9,last_word_before_question_mark,0.5217864125122189,0.5217864125122189,0.0,near_zero,False,161
Qwen/Qwen3-1.7B-Base,qa_neutral,strong_positive,linear,9,newline,0.5217864125122189,0.5217864125122189,0.0,near_zero,False,161
Qwen/Qwen3-1.7B-Base,qa_neutral,strong_positive,linear,9,last_token,0.5157258064516129,0.5217864125122189,-0.6060606060605989,near_zero,False,161
Qwen/Qwen3-1.7B-Base,qa_neutral,strong_positive,linear,10,question_mark,0.5217864125122189,0.5217864125122189,0.0,near_zero,False,161
Qwen/Qwen3-1.7B-Base,qa_neutral,strong_positive,linear,10,last_word_before_question_mark,0.5217864125122189,0.5217864125122189,0.0,near_zero,False,161
Qwen/Qwen3-1.7B-Base,qa_neutral,strong_positive,linear,10,newline,0.5217864125122189,0.5217864125122189,0.0,near_zero,False,161
Qwen/Qwen3-1.7B-Base,qa_neutral,strong_positive,linear,10,last_token,0.5217864125122189,0.5217864125122189,0.0,near_zero,False,161
Qwen/Qwen3-1.7B-Base,qa_neutral,strong_positive,linear,11,question_mark,0.5217864125122189,0.5217864125122189,0.0,near_zero,False,161
Qwen/Qwen3-1.7B-Base,qa_neutral,strong_positive,linear,11,last_word_before_question_mark,0.5217864125122189,0.5217864125122189,0.0,near_zero,False,161
Qwen/Qwen3-1.7B-Base,qa_neutral,strong_positive,linear,11,newline,0.5217864125122189,0.5217864125122189,0.0,near_zero,False,161
Qwen/Qwen3-1.7B-Base,qa_neutral,strong_positive,linear,11,last_token,0.5217864125122189,0.5217864125122189,0.0,near_zero,False,161
Qwen/Qwen3-1.7B-Base,qa_neutral,strong_positive,linear,12,question_mark,0.5217864125122189,0.5217864125122189,0.0,near_zero,False,161
Qwen/Qwen3-1.7B-Base,qa_neutral,strong_positive,linear,12,last_word_before_question_mark,0.5217864125122189,0.5217864125122189,0.0,near_zero,False,161
Qwen/Qwen3-1.7B-Base,qa_neutral,strong_positive,linear,12,newline,0.5217864125122189,0.5217864125122189,0.0,near_zero,False,161
Qwen/Qwen3-1.7B-Base,qa_neutral,strong_positive,linear,12,last_token,0.5217864125122189,0.5217864125122189,0.0,near_zero,False,161
Qwen/Qwen3-1.7B-Base,qa_neutral,strong_positive,linear,13,question_mark,0.5217864125122189,0.5217864125122189,0.0,near_zero,False,161
Qwen/Qwen3-1.7B-Base,qa_neutral,strong_positive,linear,13,last_word_before_question_mark,0.5217864125122189,0.5217864125122189,0.0,near_zero,False,161
Qwen/Qwen3-1.7B-Base,qa_neutral,strong_positive,linear,13,newline,0.5217864125122189,0.5217864125122189,0.0,near_zero,False,161
Qwen/Qwen3-1.7B-Base,qa_neutral,strong_positive,linear,13,last_token,0.5217864125122189,0.5217864125122189,0.0,near_zero,False,161
Qwen/Qwen3-1.7B-Base,qa_neutral,strong_positive,linear,14,question_mark,0.5217864125122189,0.5217864125122189,0.0,near_zero,False,161
Qwen/Qwen3-1.7B-Base,qa_neutral,strong_positive,linear,14,last_word_before_question_mark,0.5217864125122189,0.5217864125122189,0.0,near_zero,False,161
Qwen/Qwen3-1.7B-Base,qa_neutral,strong_positive,linear,14,newline,0.5217864125122189,0.5217864125122189,0.0,near_zero,False,161
Qwen/Qwen3-1.7B-Base,qa_neutral,strong_positive,linear,14,last_token,0.5217864125122189,0.5217864125122189,0.0,near_zero,False,161
Qwen/Qwen3-1.7B-Base,qa_neutral,strong_positive,linear,15,question_mark,0.5217864125122189,0.5217864125122189,0.0,near_zero,False,161
Qwen/Qwen3-1.7B-Base,qa_neutral,strong_positive,linear,15,last_word_before_question_mark,0.5217864125122189,0.5217864125122189,0.0,near_zero,False,161
Qwen/Qwen3-1.7B-Base,qa_neutral,strong_positive,linear,15,newline,0.5217864125122189,0.5217864125122189,0.0,near_zero,False,161
Qwen/Qwen3-1.7B-Base,qa_neutral,strong_positive,linear,15,last_token,0.5217864125122189,0.5217864125122189,0.0,near_zero,False,161
Qwen/Qwen3-1.7B-Base,qa_neutral,strong_positive,linear,16,question_mark,0.5217864125122189,0.5217864125122189,0.0,near_zero,False,161
Qwen/Qwen3-1.7B-Base,qa_neutral,strong_positive,linear,16,last_word_before_question_mark,0.5217864125122189,0.5217864125122189,0.0,near_zero,False,161
Qwen/Qwen3-1.7B-Base,qa_neutral,strong_positive,linear,16,newline,0.5217864125122189,0.5217864125122189,0.0,near_zero,False,161
Qwen/Qwen3-1.7B-Base,qa_neutral,strong_positive,linear,16,last_token,0.5217864125122189,0.5217864125122189,0.0,near_zero,False,161
Qwen/Qwen3-1.7B-Base,qa_neutral,strong_positive,linear,17,question_mark,0.5217864125122189,0.5217864125122189,0.0,near_zero,False,161
Qwen/Qwen3-1.7B-Base,qa_neutral,strong_positive,linear,17,last_word_before_question_mark,0.5217864125122189,0.5217864125122189,0.0,near_zero,False,161
Qwen/Qwen3-1.7B-Base,qa_neutral,strong_positive,linear,17,newline,0.5217864125122189,0.5217864125122189,0.0,near_zero,False,161
Qwen/Qwen3-1.7B-Base,qa_neutral,strong_positive,linear,17,last_token,0.5217864125122189,0.5217864125122189,0.0,near_zero,False,161
Qwen/Qwen3-1.7B-Base,qa_neutral,strong_positive,linear,18,question_mark,0.5217864125122189,0.5217864125122189,0.0,near_zero,False,161
Qwen/Qwen3-1.7B-Base,qa_neutral,strong_positive,linear,18,last_word_before_question_mark,0.5217864125122189,0.5217864125122189,0.0,near_zero,False,161
Qwen/Qwen3-1.7B-Base,qa_neutral,strong_positive,linear,18,newline,0.5217864125122189,0.5217864125122189,0.0,near_zero,False,161
Qwen/Qwen3-1.7B-Base,qa_neutral,strong_positive,linear,18,last_token,0.5217864125122189,0.5217864125122189,0.0,near_zero,False,161
Qwen/Qwen3-1.7B-Base,qa_neutral,strong_positive,linear,19,question_mark,0.5217864125122189,0.5217864125122189,0.0,near_zero,False,161
Qwen/Qwen3-1.7B-Base,qa_neutral,strong_positive,linear,19,last_word_before_question_mark,0.5217864125122189,0.5217864125122189,0.0,near_zero,False,161
Qwen/Qwen3-1.7B-Base,qa_neutral,strong_positive,linear,19,newline,0.5217864125122189,0.5217864125122189,0.0,near_zero,False,161
Qwen/Qwen3-1.7B-Base,qa_neutral,strong_positive,linear,19,last_token,0.5217864125122189,0.5217864125122189,0.0,near_zero,False,161
Qwen/Qwen3-1.7B-Base,qa_neutral,strong_positive,linear,20,question_mark,0.5217864125122189,0.5217864125122189,0.0,near_zero,False,161
Qwen/Qwen3-1.7B-Base,qa_neutral,strong_positive,linear,20,last_word_before_question_mark,0.5217864125122189,0.5217864125122189,0.0,near_zero,False,161
Qwen/Qwen3-1.7B-Base,qa_neutral,strong_positive,linear,20,newline,0.5217864125122189,0.5217864125122189,0.0,near_zero,False,161
Qwen/Qwen3-1.7B-Base,qa_neutral,strong_positive,linear,20,last_token,0.5217864125122189,0.5217864125122189,0.0,near_zero,False,161
Qwen/Qwen3-1.7B-Base,qa_neutral,strong_positive,linear,21,question_mark,0.5217864125122189,0.5217864125122189,0.0,near_zero,False,161
Qwen/Qwen3-1.7B-Base,qa_neutral,strong_positive,linear,21,last_word_before_question_mark,0.5217864125122189,0.5217864125122189,0.0,near_zero,False,161
Qwen/Qwen3-1.7B-Base,qa_neutral,strong_positive,linear,21,newline,0.5217864125122189,0.5217864125122189,0.0,near_zero,False,161
Qwen/Qwen3-1.7B-Base,qa_neutral,strong_positive,linear,21,last_token,0.5217864125122189,0.5217864125122189,0.0,near_zero,False,161
Qwen/Qwen3-1.7B-Base,qa_neutral,strong_positive,linear,22,question_mark,0.5217864125122189,0.5217864125122189,0.0,near_zero,False,161
Qwen/Qwen3-1.7B-Base,qa_neutral,strong_positive,linear,22,last_word_before_question_mark,0.5217864125122189,0.5217864125122189,0.0,near_zero,False,161
Qwen/Qwen3-1.7B-Base,qa_neutral,strong_positive,linear,22,newline,0.5217864125122189,0.5217864125122189,0.0,near_zero,False,161
Qwen/Qwen3-1.7B-Base,qa_neutral,strong_positive,linear,22,last_token,0.5217864125122189,0.5217864125122189,0.0,near_zero,False,161
Qwen/Qwen3-1.7B-Base,qa_neutral,strong_positive,linear,23,question_mark,0.5217864125122189,0.5217864125122189,0.0,near_zero,False,161
Qwen/Qwen3-1.7B-Base,qa_neutral,strong_positive,linear,23,last_word_before_question_mark,0.5217864125122189,0.5217864125122189,0.0,near_zero,False,161
Qwen/Qwen3-1.7B-Base,qa_neutral,strong_positive,linear,23,newline,0.5217864125122189,0.5217864125122189,0.0,near_zero,False,161
Qwen/Qwen3-1.7B-Base,qa_neutral,strong_positive,linear,23,last_token,0.5217864125122189,0.5217864125122189,0.0,near_zero,False,161
Qwen/Qwen3-1.7B-Base,qa_neutral,strong_positive,mlp,2,question_mark,0.509475806451613,0.5217864125122189,-1.2310606060605966,near_zero,False,161
Qwen/Qwen3-1.7B-Base,qa_neutral,strong_positive,mlp,2,last_word_before_question_mark,0.4905241935483871,0.5217864125122189,-3.1262218963831803,negative,False,161
Qwen/Qwen3-1.7B-Base,qa_neutral,strong_positive,mlp,2,newline,0.509475806451613,0.5217864125122189,-1.2310606060605966,near_zero,False,161
Qwen/Qwen3-1.7B-Base,qa_neutral,strong_positive,mlp,2,last_token,0.49091520039100683,0.5217864125122189,-3.0871212121212075,negative,False,161
Qwen/Qwen3-1.7B-Base,qa_neutral,strong_positive,mlp,3,question_mark,0.5092741935483871,0.5217864125122189,-1.2512218963831812,near_zero,False,161
Qwen/Qwen3-1.7B-Base,qa_neutral,strong_positive,mlp,3,last_word_before_question_mark,0.4967741935483871,0.5217864125122189,-2.501221896383182,negative,False,161
Qwen/Qwen3-1.7B-Base,qa_neutral,strong_positive,mlp,3,newline,0.5092741935483871,0.5217864125122189,-1.2512218963831812,near_zero,False,161
Qwen/Qwen3-1.7B-Base,qa_neutral,strong_positive,mlp,3,last_token,0.5032258064516129,0.5217864125122189,-1.8560606060606055,near_zero,False,161
Qwen/Qwen3-1.7B-Base,qa_neutral,strong_positive,mlp,4,question_mark,0.509475806451613,0.5217864125122189,-1.2310606060605966,near_zero,False,161
Qwen/Qwen3-1.7B-Base,qa_neutral,strong_positive,mlp,4,last_word_before_question_mark,0.5090847996089931,0.5217864125122189,-1.27016129032258,near_zero,False,161
Qwen/Qwen3-1.7B-Base,qa_neutral,strong_positive,mlp,4,newline,0.509475806451613,0.5217864125122189,-1.2310606060605966,near_zero,False,161
Qwen/Qwen3-1.7B-Base,qa_neutral,strong_positive,mlp,4,last_token,0.5155364125122189,0.5217864125122189,-0.6249999999999978,near_zero,False,161
Qwen/Qwen3-1.7B-Base,qa_neutral,strong_positive,mlp,5,question_mark,0.5028347996089931,0.5217864125122189,-1.8951612903225779,near_zero,False,161
Qwen/Qwen3-1.7B-Base,qa_neutral,strong_positive,mlp,5,last_word_before_question_mark,0.496963587487781,0.5217864125122189,-2.482282502443789,negative,False,161
Qwen/Qwen3-1.7B-Base,qa_neutral,strong_positive,mlp,5,newline,0.5028347996089931,0.5217864125122189,-1.8951612903225779,near_zero,False,161
Qwen/Qwen3-1.7B-Base,qa_neutral,strong_positive,mlp,5,last_token,0.5090847996089931,0.5217864125122189,-1.27016129032258,near_zero,False,161
Qwen/Qwen3-1.7B-Base,qa_neutral,strong_positive,mlp,6,question_mark,0.47821358748778103,0.5217864125122189,-4.357282502443788,negative,False,161
Qwen/Qwen3-1.7B-Base,qa_neutral,strong_positive,mlp,6,last_word_before_question_mark,0.5092741935483871,0.5217864125122189,-1.2512218963831812,near_zero,False,161
Qwen/Qwen3-1.7B-Base,qa_neutral,strong_positive,mlp,6,newline,0.47821358748778103,0.5217864125122189,-4.357282502443788,negative,False,161
Qwen/Qwen3-1.7B-Base,qa_neutral,strong_positive,mlp,6,last_token,0.4905241935483871,0.5217864125122189,-3.1262218963831803,negative,False,161
Qwen/Qwen3-1.7B-Base,qa_neutral,strong_positive,mlp,7,question_mark,0.5028347996089931,0.5217864125122189,-1.8951612903225779,near_zero,False,161
Qwen/Qwen3-1.7B-Base,qa_neutral,strong_positive,mlp,7,last_word_before_question_mark,0.5092741935483871,0.5217864125122189,-1.2512218963831812,near_zero,False,161
Qwen/Qwen3-1.7B-Base,qa_neutral,strong_positive,mlp,7,newline,0.5028347996089931,0.5217864125122189,-1.8951612903225779,near_zero,False,161
Qwen/Qwen3-1.7B-Base,qa_neutral,strong_positive,mlp,7,last_token,0.4903347996089932,0.5217864125122189,-3.1451612903225734,negative,False,161
Qwen/Qwen3-1.7B-Base,qa_neutral,strong_positive,mlp,8,question_mark,0.4969758064516129,0.5217864125122189,-2.4810606060606033,negative,False,161
Qwen/Qwen3-1.7B-Base,qa_neutral,strong_positive,mlp,8,last_word_before_question_mark,0.503036412512219,0.5217864125122189,-1.8749999999999933,near_zero,False,161
Qwen/Qwen3-1.7B-Base,qa_neutral,strong_positive,mlp,8,newline,0.4969758064516129,0.5217864125122189,-2.4810606060606033,negative,False,161
Qwen/Qwen3-1.7B-Base,qa_neutral,strong_positive,mlp,8,last_token,0.5153347996089932,0.5217864125122189,-0.6451612903225712,near_zero,False,161
Qwen/Qwen3-1.7B-Base,qa_neutral,strong_positive,mlp,9,question_mark,0.5157258064516129,0.5217864125122189,-0.6060606060605989,near_zero,False,161
Qwen/Qwen3-1.7B-Base,qa_neutral,strong_positive,mlp,9,last_word_before_question_mark,0.509475806451613,0.5217864125122189,-1.2310606060605966,near_zero,False,161
Qwen/Qwen3-1.7B-Base,qa_neutral,strong_positive,mlp,9,newline,0.5157258064516129,0.5217864125122189,-0.6060606060605989,near_zero,False,161
Qwen/Qwen3-1.7B-Base,qa_neutral,strong_positive,mlp,9,last_token,0.509286412512219,0.5217864125122189,-1.2499999999999956,near_zero,False,161
Qwen/Qwen3-1.7B-Base,qa_neutral,strong_positive,mlp,10,question_mark,0.4905241935483871,0.5217864125122189,-3.1262218963831803,negative,False,161
Qwen/Qwen3-1.7B-Base,qa_neutral,strong_positive,mlp,10,last_word_before_question_mark,0.4842741935483871,0.5217864125122189,-3.7512218963831834,negative,False,161
Qwen/Qwen3-1.7B-Base,qa_neutral,strong_positive,mlp,10,newline,0.4905241935483871,0.5217864125122189,-3.1262218963831803,negative,False,161
Qwen/Qwen3-1.7B-Base,qa_neutral,strong_positive,mlp,10,last_token,0.509475806451613,0.5217864125122189,-1.2310606060605966,near_zero,False,161
Qwen/Qwen3-1.7B-Base,qa_neutral,strong_positive,mlp,11,question_mark,0.47821358748778103,0.5217864125122189,-4.357282502443788,negative,False,161
Qwen/Qwen3-1.7B-Base,qa_neutral,strong_positive,mlp,11,last_word_before_question_mark,0.5157258064516129,0.5217864125122189,-0.6060606060605989,near_zero,False,161
Qwen/Qwen3-1.7B-Base,qa_neutral,strong_positive,mlp,11,newline,0.47821358748778103,0.5217864125122189,-4.357282502443788,negative,False,161
Qwen/Qwen3-1.7B-Base,qa_neutral,strong_positive,mlp,11,last_token,0.4905241935483871,0.5217864125122189,-3.1262218963831803,negative,False,161
Qwen/Qwen3-1.7B-Base,qa_neutral,strong_positive,mlp,12,question_mark,0.4967741935483871,0.5217864125122189,-2.501221896383182,negative,False,161
Qwen/Qwen3-1.7B-Base,qa_neutral,strong_positive,mlp,12,last_word_before_question_mark,0.47821358748778103,0.5217864125122189,-4.357282502443788,negative,False,161
Qwen/Qwen3-1.7B-Base,qa_neutral,strong_positive,mlp,12,newline,0.4967741935483871,0.5217864125122189,-2.501221896383182,negative,False,161
Qwen/Qwen3-1.7B-Base,qa_neutral,strong_positive,mlp,12,last_token,0.509475806451613,0.5217864125122189,-1.2310606060605966,near_zero,False,161
Qwen/Qwen3-1.7B-Base,qa_neutral,strong_positive,mlp,13,question_mark,0.4969758064516129,0.5217864125122189,-2.4810606060606033,negative,False,161
Qwen/Qwen3-1.7B-Base,qa_neutral,strong_positive,mlp,13,last_word_before_question_mark,0.5028347996089931,0.5217864125122189,-1.8951612903225779,near_zero,False,161
Qwen/Qwen3-1.7B-Base,qa_neutral,strong_positive,mlp,13,newline,0.4969758064516129,0.5217864125122189,-2.4810606060606033,negative,False,161
Qwen/Qwen3-1.7B-Base,qa_neutral,strong_positive,mlp,13,last_token,0.48446358748778107,0.5217864125122189,-3.7322825024437845,negative,False,161
Qwen/Qwen3-1.7B-Base,qa_neutral,strong_positive,mlp,14,question_mark,0.5092741935483871,0.5217864125122189,-1.2512218963831812,near_zero,False,161
Qwen/Qwen3-1.7B-Base,qa_neutral,strong_positive,mlp,14,last_word_before_question_mark,0.4967741935483871,0.5217864125122189,-2.501221896383182,negative,False,161
Qwen/Qwen3-1.7B-Base,qa_neutral,strong_positive,mlp,14,newline,0.5092741935483871,0.5217864125122189,-1.2512218963831812,near_zero,False,161
Qwen/Qwen3-1.7B-Base,qa_neutral,strong_positive,mlp,14,last_token,0.48446358748778107,0.5217864125122189,-3.7322825024437845,negative,False,161
Qwen/Qwen3-1.7B-Base,qa_neutral,strong_positive,mlp,15,question_mark,0.503036412512219,0.5217864125122189,-1.8749999999999933,near_zero,False,161
Qwen/Qwen3-1.7B-Base,qa_neutral,strong_positive,mlp,15,last_word_before_question_mark,0.4967741935483871,0.5217864125122189,-2.501221896383182,negative,False,161
Qwen/Qwen3-1.7B-Base,qa_neutral,strong_positive,mlp,15,newline,0.503036412512219,0.5217864125122189,-1.8749999999999933,near_zero,False,161
Qwen/Qwen3-1.7B-Base,qa_neutral,strong_positive,mlp,15,last_token,0.5155364125122189,0.5217864125122189,-0.6249999999999978,near_zero,False,161
Qwen/Qwen3-1.7B-Base,qa_neutral,strong_positive,mlp,16,question_mark,0.4969758064516129,0.5217864125122189,-2.4810606060606033,negative,False,161
Qwen/Qwen3-1.7B-Base,qa_neutral,strong_positive,mlp,16,last_word_before_question_mark,0.49716520039100687,0.5217864125122189,-2.4621212121212044,negative,False,161
Qwen/Qwen3-1.7B-Base,qa_neutral,strong_positive,mlp,16,newline,0.4969758064516129,0.5217864125122189,-2.4810606060606033,negative,False,161
Qwen/Qwen3-1.7B-Base,qa_neutral,strong_positive,mlp,16,last_token,0.4967741935483871,0.5217864125122189,-2.501221896383182,negative,False,161
Qwen/Qwen3-1.7B-Base,qa_neutral,strong_positive,mlp,17,question_mark,0.4969758064516129,0.5217864125122189,-2.4810606060606033,negative,False,161
Qwen/Qwen3-1.7B-Base,qa_neutral,strong_positive,mlp,17,last_word_before_question_mark,0.5092741935483871,0.5217864125122189,-1.2512218963831812,near_zero,False,161
Qwen/Qwen3-1.7B-Base,qa_neutral,strong_positive,mlp,17,newline,0.4969758064516129,0.5217864125122189,-2.4810606060606033,negative,False,161
Qwen/Qwen3-1.7B-Base,qa_neutral,strong_positive,mlp,17,last_token,0.4905241935483871,0.5217864125122189,-3.1262218963831803,negative,False,161
Qwen/Qwen3-1.7B-Base,qa_neutral,strong_positive,mlp,18,question_mark,0.4967741935483871,0.5217864125122189,-2.501221896383182,negative,False,161
Qwen/Qwen3-1.7B-Base,qa_neutral,strong_positive,mlp,18,last_word_before_question_mark,0.5032258064516129,0.5217864125122189,-1.8560606060606055,near_zero,False,161
Qwen/Qwen3-1.7B-Base,qa_neutral,strong_positive,mlp,18,newline,0.4967741935483871,0.5217864125122189,-2.501221896383182,negative,False,161
Qwen/Qwen3-1.7B-Base,qa_neutral,strong_positive,mlp,18,last_token,0.5155364125122189,0.5217864125122189,-0.6249999999999978,near_zero,False,161
Qwen/Qwen3-1.7B-Base,qa_neutral,strong_positive,mlp,19,question_mark,0.4905241935483871,0.5217864125122189,-3.1262218963831803,negative,False,161
Qwen/Qwen3-1.7B-Base,qa_neutral,strong_positive,mlp,19,last_word_before_question_mark,0.4969758064516129,0.5217864125122189,-2.4810606060606033,negative,False,161
Qwen/Qwen3-1.7B-Base,qa_neutral,strong_positive,mlp,19,newline,0.4905241935483871,0.5217864125122189,-3.1262218963831803,negative,False,161
Qwen/Qwen3-1.7B-Base,qa_neutral,strong_positive,mlp,19,last_token,0.49091520039100683,0.5217864125122189,-3.0871212121212075,negative,False,161
Qwen/Qwen3-1.7B-Base,qa_neutral,strong_positive,mlp,20,question_mark,0.5157258064516129,0.5217864125122189,-0.6060606060605989,near_zero,False,161
Qwen/Qwen3-1.7B-Base,qa_neutral,strong_positive,mlp,20,last_word_before_question_mark,0.496963587487781,0.5217864125122189,-2.482282502443789,negative,False,161
Qwen/Qwen3-1.7B-Base,qa_neutral,strong_positive,mlp,20,newline,0.5157258064516129,0.5217864125122189,-0.6060606060605989,near_zero,False,161
Qwen/Qwen3-1.7B-Base,qa_neutral,strong_positive,mlp,20,last_token,0.509475806451613,0.5217864125122189,-1.2310606060605966,near_zero,False,161
Qwen/Qwen3-1.7B-Base,qa_neutral,strong_positive,mlp,21,question_mark,0.5155364125122189,0.5217864125122189,-0.6249999999999978,near_zero,False,161
Qwen/Qwen3-1.7B-Base,qa_neutral,strong_positive,mlp,21,last_word_before_question_mark,0.509286412512219,0.5217864125122189,-1.2499999999999956,near_zero,False,161
Qwen/Qwen3-1.7B-Base,qa_neutral,strong_positive,mlp,21,newline,0.5155364125122189,0.5217864125122189,-0.6249999999999978,near_zero,False,161
Qwen/Qwen3-1.7B-Base,qa_neutral,strong_positive,mlp,21,last_token,0.5217864125122189,0.5217864125122189,0.0,near_zero,False,161
Qwen/Qwen3-1.7B-Base,qa_neutral,strong_positive,mlp,22,question_mark,0.509475806451613,0.5217864125122189,-1.2310606060605966,near_zero,False,161
Qwen/Qwen3-1.7B-Base,qa_neutral,strong_positive,mlp,22,last_word_before_question_mark,0.5030241935483871,0.5217864125122189,-1.876221896383179,near_zero,False,161
Qwen/Qwen3-1.7B-Base,qa_neutral,strong_positive,mlp,22,newline,0.509475806451613,0.5217864125122189,-1.2310606060605966,near_zero,False,161
Qwen/Qwen3-1.7B-Base,qa_neutral,strong_positive,mlp,22,last_token,0.5092741935483871,0.5217864125122189,-1.2512218963831812,near_zero,False,161
Qwen/Qwen3-1.7B-Base,qa_neutral,strong_positive,mlp,23,question_mark,0.47821358748778103,0.5217864125122189,-4.357282502443788,negative,False,161
Qwen/Qwen3-1.7B-Base,qa_neutral,strong_positive,mlp,23,last_word_before_question_mark,0.5155364125122189,0.5217864125122189,-0.6249999999999978,near_zero,False,161
Qwen/Qwen3-1.7B-Base,qa_neutral,strong_positive,mlp,23,newline,0.47821358748778103,0.5217864125122189,-4.357282502443788,negative,False,161
Qwen/Qwen3-1.7B-Base,qa_neutral,strong_positive,mlp,23,last_token,0.4905241935483871,0.5217864125122189,-3.1262218963831803,negative,False,161
Qwen/Qwen3-1.7B-Base,qa_neutral,strong_positive,linear,2,question_mark,0.5217864125122189,0.5217864125122189,0.0,near_zero,False,161
Qwen/Qwen3-1.7B-Base,qa_neutral,strong_positive,linear,2,last_word_before_question_mark,0.5217864125122189,0.5217864125122189,0.0,near_zero,False,161
Qwen/Qwen3-1.7B-Base,qa_neutral,strong_positive,linear,2,newline,0.5217864125122189,0.5217864125122189,0.0,near_zero,False,161
Qwen/Qwen3-1.7B-Base,qa_neutral,strong_positive,linear,2,last_token,0.5155364125122189,0.5217864125122189,-0.6249999999999978,near_zero,False,161
Qwen/Qwen3-1.7B-Base,qa_neutral,strong_positive,linear,3,question_mark,0.5217864125122189,0.5217864125122189,0.0,near_zero,False,161
Qwen/Qwen3-1.7B-Base,qa_neutral,strong_positive,linear,3,last_word_before_question_mark,0.5217864125122189,0.5217864125122189,0.0,near_zero,False,161
Qwen/Qwen3-1.7B-Base,qa_neutral,strong_positive,linear,3,newline,0.5217864125122189,0.5217864125122189,0.0,near_zero,False,161
Qwen/Qwen3-1.7B-Base,qa_neutral,strong_positive,linear,3,last_token,0.509475806451613,0.5217864125122189,-1.2310606060605966,near_zero,False,161
Qwen/Qwen3-1.7B-Base,qa_neutral,strong_positive,linear,4,question_mark,0.5157258064516129,0.5217864125122189,-0.6060606060605989,near_zero,False,161
Qwen/Qwen3-1.7B-Base,qa_neutral,strong_positive,linear,4,last_word_before_question_mark,0.5217864125122189,0.5217864125122189,0.0,near_zero,False,161
Qwen/Qwen3-1.7B-Base,qa_neutral,strong_positive,linear,4,newline,0.5157258064516129,0.5217864125122189,-0.6060606060605989,near_zero,False,161
Qwen/Qwen3-1.7B-Base,qa_neutral,strong_positive,linear,4,last_token,0.5217864125122189,0.5217864125122189,0.0,near_zero,False,161
Qwen/Qwen3-1.7B-Base,qa_neutral,strong_positive,linear,5,question_mark,0.509475806451613,0.5217864125122189,-1.2310606060605966,near_zero,False,161
Qwen/Qwen3-1.7B-Base,qa_neutral,strong_positive,linear,5,last_word_before_question_mark,0.5217864125122189,0.5217864125122189,0.0,near_zero,False,161
Qwen/Qwen3-1.7B-Base,qa_neutral,strong_positive,linear,5,newline,0.509475806451613,0.5217864125122189,-1.2310606060605966,near_zero,False,161
Qwen/Qwen3-1.7B-Base,qa_neutral,strong_positive,linear,5,last_token,0.509475806451613,0.5217864125122189,-1.2310606060605966,near_zero,False,161
Qwen/Qwen3-1.7B-Base,qa_neutral,strong_positive,linear,6,question_mark,0.5217864125122189,0.5217864125122189,0.0,near_zero,False,161
Qwen/Qwen3-1.7B-Base,qa_neutral,strong_positive,linear,6,last_word_before_question_mark,0.5217864125122189,0.5217864125122189,0.0,near_zero,False,161
Qwen/Qwen3-1.7B-Base,qa_neutral,strong_positive,linear,6,newline,0.5217864125122189,0.5217864125122189,0.0,near_zero,False,161
Qwen/Qwen3-1.7B-Base,qa_neutral,strong_positive,linear,6,last_token,0.509475806451613,0.5217864125122189,-1.2310606060605966,near_zero,False,161
Qwen/Qwen3-1.7B-Base,qa_neutral,strong_positive,linear,7,question_mark,0.5217864125122189,0.5217864125122189,0.0,near_zero,False,161
Qwen/Qwen3-1.7B-Base,qa_neutral,strong_positive,linear,7,last_word_before_question_mark,0.5217864125122189,0.5217864125122189,0.0,near_zero,False,161
Qwen/Qwen3-1.7B-Base,qa_neutral,strong_positive,linear,7,newline,0.5217864125122189,0.5217864125122189,0.0,near_zero,False,161
Qwen/Qwen3-1.7B-Base,qa_neutral,strong_positive,linear,7,last_token,0.5157258064516129,0.5217864125122189,-0.6060606060605989,near_zero,False,161
Qwen/Qwen3-1.7B-Base,qa_neutral,strong_positive,linear,8,question_mark,0.5217864125122189,0.5217864125122189,0.0,near_zero,False,161
Qwen/Qwen3-1.7B-Base,qa_neutral,strong_positive,linear,8,last_word_before_question_mark,0.5217864125122189,0.5217864125122189,0.0,near_zero,False,161
Qwen/Qwen3-1.7B-Base,qa_neutral,strong_positive,linear,8,newline,0.5217864125122189,0.5217864125122189,0.0,near_zero,False,161
Qwen/Qwen3-1.7B-Base,qa_neutral,strong_positive,linear,8,last_token,0.5217864125122189,0.5217864125122189,0.0,near_zero,False,161
Qwen/Qwen3-1.7B-Base,qa_neutral,strong_positive,linear,9,question_mark,0.5217864125122189,0.5217864125122189,0.0,near_zero,False,161
Qwen/Qwen3-1.7B-Base,qa_neutral,strong_positive,linear,9,last_word_before_question_mark,0.5217864125122189,0.5217864125122189,0.0,near_zero,False,161
Qwen/Qwen3-1.7B-Base,qa_neutral,strong_positive,linear,9,newline,0.5217864125122189,0.5217864125122189,0.0,near_zero,False,161
Qwen/Qwen3-1.7B-Base,qa_neutral,strong_positive,linear,9,last_token,0.5157258064516129,0.5217864125122189,-0.6060606060605989,near_zero,False,161
Qwen/Qwen3-1.7B-Base,qa_neutral,strong_positive,linear,10,question_mark,0.5217864125122189,0.5217864125122189,0.0,near_zero,False,161
Qwen/Qwen3-1.7B-Base,qa_neutral,strong_positive,linear,10,last_word_before_question_mark,0.5217864125122189,0.5217864125122189,0.0,near_zero,False,161
Qwen/Qwen3-1.7B-Base,qa_neutral,strong_positive,linear,10,newline,0.5217864125122189,0.5217864125122189,0.0,near_zero,False,161
Qwen/Qwen3-1.7B-Base,qa_neutral,strong_positive,linear,10,last_token,0.5217864125122189,0.5217864125122189,0.0,near_zero,False,161
Qwen/Qwen3-1.7B-Base,qa_neutral,strong_positive,linear,11,question_mark,0.5217864125122189,0.5217864125122189,0.0,near_zero,False,161
Qwen/Qwen3-1.7B-Base,qa_neutral,strong_positive,linear,11,last_word_before_question_mark,0.5217864125122189,0.5217864125122189,0.0,near_zero,False,161
Qwen/Qwen3-1.7B-Base,qa_neutral,strong_positive,linear,11,newline,0.5217864125122189,0.5217864125122189,0.0,near_zero,False,161
Qwen/Qwen3-1.7B-Base,qa_neutral,strong_positive,linear,11,last_token,0.5217864125122189,0.5217864125122189,0.0,near_zero,False,161
Qwen/Qwen3-1.7B-Base,qa_neutral,strong_positive,linear,12,question_mark,0.5217864125122189,0.5217864125122189,0.0,near_zero,False,161
Qwen/Qwen3-1.7B-Base,qa_neutral,strong_positive,linear,12,last_word_before_question_mark,0.5217864125122189,0.5217864125122189,0.0,near_zero,False,161
Qwen/Qwen3-1.7B-Base,qa_neutral,strong_positive,linear,12,newline,0.5217864125122189,0.5217864125122189,0.0,near_zero,False,161
Qwen/Qwen3-1.7B-Base,qa_neutral,strong_positive,linear,12,last_token,0.5217864125122189,0.5217864125122189,0.0,near_zero,False,161
Qwen/Qwen3-1.7B-Base,qa_neutral,strong_positive,linear,13,question_mark,0.5217864125122189,0.5217864125122189,0.0,near_zero,False,161
Qwen/Qwen3-1.7B-Base,qa_neutral,strong_positive,linear,13,last_word_before_question_mark,0.5217864125122189,0.5217864125122189,0.0,near_zero,False,161
Qwen/Qwen3-1.7B-Base,qa_neutral,strong_positive,linear,13,newline,0.5217864125122189,0.5217864125122189,0.0,near_zero,False,161
Qwen/Qwen3-1.7B-Base,qa_neutral,strong_positive,linear,13,last_token,0.5217864125122189,0.5217864125122189,0.0,near_zero,False,161
Qwen/Qwen3-1.7B-Base,qa_neutral,strong_positive,linear,14,question_mark,0.5217864125122189,0.5217864125122189,0.0,near_zero,False,161
Qwen/Qwen3-1.7B-Base,qa_neutral,strong_positive,linear,14,last_word_before_question_mark,0.5217864125122189,0.5217864125122189,0.0,near_zero,False,161
Qwen/Qwen3-1.7B-Base,qa_neutral,strong_positive,linear,14,newline,0.5217864125122189,0.5217864125122189,0.0,near_zero,False,161
Qwen/Qwen3-1.7B-Base,qa_neutral,strong_positive,linear,14,last_token,0.5217864125122189,0.5217864125122189,0.0,near_zero,False,161
Qwen/Qwen3-1.7B-Base,qa_neutral,strong_positive,linear,15,question_mark,0.5217864125122189,0.5217864125122189,0.0,near_zero,False,161
Qwen/Qwen3-1.7B-Base,qa_neutral,strong_positive,linear,15,last_word_before_question_mark,0.5217864125122189,0.5217864125122189,0.0,near_zero,False,161
Qwen/Qwen3-1.7B-Base,qa_neutral,strong_positive,linear,15,newline,0.5217864125122189,0.5217864125122189,0.0,near_zero,False,161
Qwen/Qwen3-1.7B-Base,qa_neutral,strong_positive,linear,15,last_token,0.5217864125122189,0.5217864125122189,0.0,near_zero,False,161
Qwen/Qwen3-1.7B-Base,qa_neutral,strong_positive,linear,16,question_mark,0.5217864125122189,0.5217864125122189,0.0,near_zero,False,161
Qwen/Qwen3-1.7B-Base,qa_neutral,strong_positive,linear,16,last_word_before_question_mark,0.5217864125122189,0.5217864125122189,0.0,near_zero,False,161
Qwen/Qwen3-1.7B-Base,qa_neutral,strong_positive,linear,16,newline,0.5217864125122189,0.5217864125122189,0.0,near_zero,False,161
Qwen/Qwen3-1.7B-Base,qa_neutral,strong_positive,linear,16,last_token,0.5217864125122189,0.5217864125122189,0.0,near_zero,False,161
Qwen/Qwen3-1.7B-Base,qa_neutral,strong_positive,linear,17,question_mark,0.5217864125122189,0.5217864125122189,0.0,near_zero,False,161
Qwen/Qwen3-1.7B-Base,qa_neutral,strong_positive,linear,17,last_word_before_question_mark,0.5217864125122189,0.5217864125122189,0.0,near_zero,False,161
Qwen/Qwen3-1.7B-Base,qa_neutral,strong_positive,linear,17,newline,0.5217864125122189,0.5217864125122189,0.0,near_zero,False,161
Qwen/Qwen3-1.7B-Base,qa_neutral,strong_positive,linear,17,last_token,0.5217864125122189,0.5217864125122189,0.0,near_zero,False,161
Qwen/Qwen3-1.7B-Base,qa_neutral,strong_positive,linear,18,question_mark,0.5217864125122189,0.5217864125122189,0.0,near_zero,False,161
Qwen/Qwen3-1.7B-Base,qa_neutral,strong_positive,linear,18,last_word_before_question_mark,0.5217864125122189,0.5217864125122189,0.0,near_zero,False,161
Qwen/Qwen3-1.7B-Base,qa_neutral,strong_positive,linear,18,newline,0.5217864125122189,0.5217864125122189,0.0,near_zero,False,161
Qwen/Qwen3-1.7B-Base,qa_neutral,strong_positive,linear,18,last_token,0.5217864125122189,0.5217864125122189,0.0,near_zero,False,161
Qwen/Qwen3-1.7B-Base,qa_neutral,strong_positive,linear,19,question_mark,0.5217864125122189,0.5217864125122189,0.0,near_zero,False,161
Qwen/Qwen3-1.7B-Base,qa_neutral,strong_positive,linear,19,last_word_before_question_mark,0.5217864125122189,0.5217864125122189,0.0,near_zero,False,161
Qwen/Qwen3-1.7B-Base,qa_neutral,strong_positive,linear,19,newline,0.5217864125122189,0.5217864125122189,0.0,near_zero,False,161
Qwen/Qwen3-1.7B-Base,qa_neutral,strong_positive,linear,19,last_token,0.5217864125122189,0.5217864125122189,0.0,near_zero,False,161
Qwen/Qwen3-1.7B-Base,qa_neutral,strong_positive,linear,20,question_mark,0.5217864125122189,0.5217864125122189,0.0,near_zero,False,161
Qwen/Qwen3-1.7B-Base,qa_neutral,strong_positive,linear,20,last_word_before_question_mark,0.5217864125122189,0.5217864125122189,0.0,near_zero,False,161
Qwen/Qwen3-1.7B-Base,qa_neutral,strong_positive,linear,20,newline,0.5217864125122189,0.5217864125122189,0.0,near_zero,False,161
Qwen/Qwen3-1.7B-Base,qa_neutral,strong_positive,linear,20,last_token,0.5217864125122189,0.5217864125122189,0.0,near_zero,False,161
Qwen/Qwen3-1.7B-Base,qa_neutral,strong_positive,linear,21,question_mark,0.5217864125122189,0.5217864125122189,0.0,near_zero,False,161
Qwen/Qwen3-1.7B-Base,qa_neutral,strong_positive,linear,21,last_word_before_question_mark,0.5217864125122189,0.5217864125122189,0.0,near_zero,False,161
Qwen/Qwen3-1.7B-Base,qa_neutral,strong_positive,linear,21,newline,0.5217864125122189,0.5217864125122189,0.0,near_zero,False,161
Qwen/Qwen3-1.7B-Base,qa_neutral,strong_positive,linear,21,last_token,0.5217864125122189,0.5217864125122189,0.0,near_zero,False,161
Qwen/Qwen3-1.7B-Base,qa_neutral,strong_positive,linear,22,question_mark,0.5217864125122189,0.5217864125122189,0.0,near_zero,False,161
Qwen/Qwen3-1.7B-Base,qa_neutral,strong_positive,linear,22,last_word_before_question_mark,0.5217864125122189,0.5217864125122189,0.0,near_zero,False,161
Qwen/Qwen3-1.7B-Base,qa_neutral,strong_positive,linear,22,newline,0.5217864125122189,0.5217864125122189,0.0,near_zero,False,161
Qwen/Qwen3-1.7B-Base,qa_neutral,strong_positive,linear,22,last_token,0.5217864125122189,0.5217864125122189,0.0,near_zero,False,161
Qwen/Qwen3-1.7B-Base,qa_neutral,strong_positive,linear,23,question_mark,0.5217864125122189,0.5217864125122189,0.0,near_zero,False,161
Qwen/Qwen3-1.7B-Base,qa_neutral,strong_positive,linear,23,last_word_before_question_mark,0.5217864125122189,0.5217864125122189,0.0,near_zero,False,161
Qwen/Qwen3-1.7B-Base,qa_neutral,strong_positive,linear,23,newline,0.5217864125122189,0.5217864125122189,0.0,near_zero,False,161
Qwen/Qwen3-1.7B-Base,qa_neutral,strong_positive,linear,23,last_token,0.5217864125122189,0.5217864125122189,0.0,near_zero,False,161
Qwen/Qwen3-1.7B-Base,rhyme,strong_positive,linear,2,last_word_before_newline,0.89,0.25,64.0,strong_positive,True,200
Qwen/Qwen3-1.7B-Base,rhyme,strong_positive,linear,2,newline,0.825,0.25,57.49999999999999,strong_positive,True,200
Qwen/Qwen3-1.7B-Base,rhyme,strong_positive,linear,3,last_word_before_newline,0.825,0.23000000000000004,59.5,strong_positive,True,200
Qwen/Qwen3-1.7B-Base,rhyme,strong_positive,linear,3,newline,0.735,0.23000000000000004,50.499999999999986,strong_positive,True,200
Qwen/Qwen3-1.7B-Base,rhyme,strong_positive,linear,4,last_word_before_newline,0.77,0.25999999999999995,51.0,strong_positive,True,200
Qwen/Qwen3-1.7B-Base,rhyme,strong_positive,linear,4,newline,0.74,0.25999999999999995,48.00000000000001,strong_positive,True,200
Qwen/Qwen3-1.7B-Base,rhyme,strong_positive,linear,5,last_word_before_newline,0.75,0.3,45.0,strong_positive,True,200
Qwen/Qwen3-1.7B-Base,rhyme,strong_positive,linear,5,newline,0.7150000000000001,0.3,41.50000000000001,strong_positive,True,200
Qwen/Qwen3-1.7B-Base,rhyme,strong_positive,linear,6,last_word_before_newline,0.76,0.355,40.5,strong_positive,True,200
Qwen/Qwen3-1.7B-Base,rhyme,strong_positive,linear,6,newline,0.72,0.355,36.5,strong_positive,True,200
Qwen/Qwen3-1.7B-Base,rhyme,strong_positive,linear,7,last_word_before_newline,0.75,0.28500000000000003,46.5,strong_positive,True,200
Qwen/Qwen3-1.7B-Base,rhyme,strong_positive,linear,7,newline,0.7050000000000001,0.28500000000000003,42.00000000000001,strong_positive,True,200
Qwen/Qwen3-1.7B-Base,rhyme,strong_positive,linear,8,last_word_before_newline,0.735,0.28,45.49999999999999,strong_positive,True,200
Qwen/Qwen3-1.7B-Base,rhyme,strong_positive,linear,8,newline,0.665,0.28,38.5,strong_positive,True,200
Qwen/Qwen3-1.7B-Base,rhyme,strong_positive,linear,9,last_word_before_newline,0.7100000000000001,0.275,43.50000000000001,strong_positive,True,200
Qwen/Qwen3-1.7B-Base,rhyme,strong_positive,linear,9,newline,0.675,0.275,40.0,strong_positive,True,200
Qwen/Qwen3-1.7B-Base,rhyme,strong_positive,linear,10,last_word_before_newline,0.705,0.34,36.49999999999999,strong_positive,True,200
Qwen/Qwen3-1.7B-Base,rhyme,strong_positive,linear,10,newline,0.6700000000000002,0.34,33.000000000000014,strong_positive,True,200
Qwen/Qwen3-1.7B-Base,rhyme,strong_positive,linear,11,last_word_before_newline,0.7050000000000001,0.34,36.50000000000001,strong_positive,True,200
Qwen/Qwen3-1.7B-Base,rhyme,strong_positive,linear,11,newline,0.675,0.34,33.5,strong_positive,True,200
Qwen/Qwen3-1.7B-Base,rhyme,strong_positive,linear,12,last_word_before_newline,0.72,0.35500000000000004,36.49999999999999,strong_positive,True,200
Qwen/Qwen3-1.7B-Base,rhyme,strong_positive,linear,12,newline,0.685,0.35500000000000004,33.0,strong_positive,True,200
Qwen/Qwen3-1.7B-Base,rhyme,strong_positive,linear,13,last_word_before_newline,0.73,0.30999999999999994,42.00000000000001,strong_positive,True,200
Qwen/Qwen3-1.7B-Base,rhyme,strong_positive,linear,13,newline,0.6699999999999999,0.30999999999999994,36.0,strong_positive,True,200
Qwen/Qwen3-1.7B-Base,rhyme,strong_positive,linear,14,last_word_before_newline,0.74,0.31,43.0,strong_positive,True,200
Qwen/Qwen3-1.7B-Base,rhyme,strong_positive,linear,14,newline,0.675,0.31,36.50000000000001,strong_positive,True,200
Qwen/Qwen3-1.7B-Base,rhyme,strong_positive,linear,15,last_word_before_newline,0.735,0.28500000000000003,44.99999999999999,strong_positive,True,200
Qwen/Qwen3-1.7B-Base,rhyme,strong_positive,linear,15,newline,0.7799999999999999,0.28500000000000003,49.499999999999986,strong_positive,True,200
Qwen/Qwen3-1.7B-Base,rhyme,strong_positive,linear,16,last_word_before_newline,0.765,0.32,44.5,strong_positive,True,200
Qwen/Qwen3-1.7B-Base,rhyme,strong_positive,linear,16,newline,0.6900000000000001,0.32,37.00000000000001,strong_positive,True,200
Qwen/Qwen3-1.7B-Base,rhyme,strong_positive,linear,17,last_word_before_newline,0.78,0.3,48.00000000000001,strong_positive,True,200
Qwen/Qwen3-1.7B-Base,rhyme,strong_positive,linear,17,newline,0.6,0.3,30.0,strong_positive,True,200
Qwen/Qwen3-1.7B-Base,rhyme,strong_positive,linear,18,last_word_before_newline,0.8200000000000001,0.325,49.50000000000001,strong_positive,True,200
Qwen/Qwen3-1.7B-Base,rhyme,strong_positive,linear,18,newline,0.58,0.325,25.499999999999996,strong_positive,True,200
Qwen/Qwen3-1.7B-Base,rhyme,strong_positive,linear,19,last_word_before_newline,0.9199999999999999,0.3,61.999999999999986,strong_positive,True,200
Qwen/Qwen3-1.7B-Base,rhyme,strong_positive,linear,19,newline,0.5900000000000001,0.3,29.00000000000001,strong_positive,True,200
Qwen/Qwen3-1.7B-Base,rhyme,strong_positive,linear,20,last_word_before_newline,0.875,0.29000000000000004,58.5,strong_positive,True,200
Qwen/Qwen3-1.7B-Base,rhyme,strong_positive,linear,20,newline,0.6699999999999999,0.29000000000000004,37.999999999999986,strong_positive,True,200
Qwen/Qwen3-1.7B-Base,rhyme,strong_positive,linear,21,last_word_before_newline,0.85,0.27999999999999997,57.00000000000001,strong_positive,True,200
Qwen/Qwen3-1.7B-Base,rhyme,strong_positive,linear,21,newline,0.58,0.27999999999999997,30.0,strong_positive,True,200
Qwen/Qwen3-1.7B-Base,rhyme,strong_positive,linear,22,last_word_before_newline,0.865,0.26,60.5,strong_positive,True,200
Qwen/Qwen3-1.7B-Base,rhyme,strong_positive,linear,22,newline,0.55,0.26,29.000000000000004,strong_positive,True,200
Qwen/Qwen3-1.7B-Base,rhyme,strong_positive,linear,23,last_word_before_newline,0.8550000000000001,0.27,58.50000000000001,strong_positive,True,200
Qwen/Qwen3-1.7B-Base,rhyme,strong_positive,linear,23,newline,0.5199999999999999,0.27,24.99999999999999,strong_positive,True,200
Qwen/Qwen3-1.7B-Base,rhyme,strong_positive,mlp,2,last_word_before_newline,0.55,0.195,35.50000000000001,strong_positive,True,200
Qwen/Qwen3-1.7B-Base,rhyme,strong_positive,mlp,2,newline,0.645,0.195,45.0,strong_positive,True,200
Qwen/Qwen3-1.7B-Base,rhyme,strong_positive,mlp,3,last_word_before_newline,0.58,0.20500000000000002,37.49999999999999,strong_positive,True,200
Qwen/Qwen3-1.7B-Base,rhyme,strong_positive,mlp,3,newline,0.615,0.20500000000000002,41.0,strong_positive,True,200
Qwen/Qwen3-1.7B-Base,rhyme,strong_positive,mlp,4,last_word_before_newline,0.51,0.195,31.5,strong_positive,True,200
Qwen/Qwen3-1.7B-Base,rhyme,strong_positive,mlp,4,newline,0.54,0.195,34.5,strong_positive,True,200
Qwen/Qwen3-1.7B-Base,rhyme,strong_positive,mlp,5,last_word_before_newline,0.5650000000000001,0.195,37.00000000000001,strong_positive,True,200
Qwen/Qwen3-1.7B-Base,rhyme,strong_positive,mlp,5,newline,0.615,0.195,42.0,strong_positive,True,200
Qwen/Qwen3-1.7B-Base,rhyme,strong_positive,mlp,6,last_word_before_newline,0.5650000000000001,0.20999999999999996,35.50000000000001,strong_positive,True,200
Qwen/Qwen3-1.7B-Base,rhyme,strong_positive,mlp,6,newline,0.61,0.20999999999999996,40.0,strong_positive,True,200
Qwen/Qwen3-1.7B-Base,rhyme,strong_positive,mlp,7,last_word_before_newline,0.515,0.21999999999999997,29.500000000000004,strong_positive,True,200
Qwen/Qwen3-1.7B-Base,rhyme,strong_positive,mlp,7,newline,0.58,0.21999999999999997,36.0,strong_positive,True,200
Qwen/Qwen3-1.7B-Base,rhyme,strong_positive,mlp,8,last_word_before_newline,0.5149999999999999,0.195,31.99999999999999,strong_positive,True,200
Qwen/Qwen3-1.7B-Base,rhyme,strong_positive,mlp,8,newline,0.5800000000000001,0.195,38.50000000000001,strong_positive,True,200
Qwen/Qwen3-1.7B-Base,rhyme,strong_positive,mlp,9,last_word_before_newline,0.5399999999999999,0.195,34.49999999999999,strong_positive,True,200
Qwen/Qwen3-1.7B-Base,rhyme,strong_positive,mlp,9,newline,0.55,0.195,35.50000000000001,strong_positive,True,200
Qwen/Qwen3-1.7B-Base,rhyme,strong_positive,mlp,10,last_word_before_newline,0.55,0.22999999999999998,32.00000000000001,strong_positive,True,200
Qwen/Qwen3-1.7B-Base,rhyme,strong_positive,mlp,10,newline,0.575,0.22999999999999998,34.5,strong_positive,True,200
Qwen/Qwen3-1.7B-Base,rhyme,strong_positive,mlp,11,last_word_before_newline,0.45999999999999996,0.195,26.499999999999996,strong_positive,True,200
Qwen/Qwen3-1.7B-Base,rhyme,strong_positive,mlp,11,newline,0.5650000000000001,0.195,37.00000000000001,strong_positive,True,200
Qwen/Qwen3-1.7B-Base,rhyme,strong_positive,mlp,12,last_word_before_newline,0.47000000000000003,0.195,27.500000000000004,strong_positive,True,200
Qwen/Qwen3-1.7B-Base,rhyme,strong_positive,mlp,12,newline,0.5650000000000001,0.195,37.00000000000001,strong_positive,True,200
Qwen/Qwen3-1.7B-Base,rhyme,strong_positive,mlp,13,last_word_before_newline,0.485,0.215,27.0,strong_positive,True,200
Qwen/Qwen3-1.7B-Base,rhyme,strong_positive,mlp,13,newline,0.5050000000000001,0.215,29.000000000000014,strong_positive,True,200
Qwen/Qwen3-1.7B-Base,rhyme,strong_positive,mlp,14,last_word_before_newline,0.5349999999999999,0.24500000000000002,28.999999999999993,strong_positive,True,200
Qwen/Qwen3-1.7B-Base,rhyme,strong_positive,mlp,14,newline,0.535,0.24500000000000002,29.000000000000004,strong_positive,True,200
Qwen/Qwen3-1.7B-Base,rhyme,strong_positive,mlp,15,last_word_before_newline,0.44000000000000006,0.2,24.000000000000004,strong_positive,True,200
Qwen/Qwen3-1.7B-Base,rhyme,strong_positive,mlp,15,newline,0.6050000000000001,0.2,40.50000000000001,strong_positive,True,200
Qwen/Qwen3-1.7B-Base,rhyme,strong_positive,mlp,16,last_word_before_newline,0.495,0.2,29.5,strong_positive,True,200
Qwen/Qwen3-1.7B-Base,rhyme,strong_positive,mlp,16,newline,0.54,0.2,34.0,strong_positive,True,200
Qwen/Qwen3-1.7B-Base,rhyme,strong_positive,mlp,17,last_word_before_newline,0.51,0.195,31.5,strong_positive,True,200
Qwen/Qwen3-1.7B-Base,rhyme,strong_positive,mlp,17,newline,0.485,0.195,28.999999999999996,strong_positive,True,200
Qwen/Qwen3-1.7B-Base,rhyme,strong_positive,mlp,18,last_word_before_newline,0.54,0.2,34.0,strong_positive,True,200
Qwen/Qwen3-1.7B-Base,rhyme,strong_positive,mlp,18,newline,0.485,0.2,28.499999999999996,strong_positive,True,200
Qwen/Qwen3-1.7B-Base,rhyme,strong_positive,mlp,19,last_word_before_newline,0.6799999999999999,0.195,48.49999999999999,strong_positive,True,200
Qwen/Qwen3-1.7B-Base,rhyme,strong_positive,mlp,19,newline,0.36500000000000005,0.195,17.000000000000004,strong_positive,True,200
Qwen/Qwen3-1.7B-Base,rhyme,strong_positive,mlp,20,last_word_before_newline,0.595,0.195,40.0,strong_positive,True,200
Qwen/Qwen3-1.7B-Base,rhyme,strong_positive,mlp,20,newline,0.43,0.195,23.5,strong_positive,True,200
Qwen/Qwen3-1.7B-Base,rhyme,strong_positive,mlp,21,last_word_before_newline,0.665,0.195,47.0,strong_positive,True,200
Qwen/Qwen3-1.7B-Base,rhyme,strong_positive,mlp,21,newline,0.39,0.195,19.5,strong_positive,True,200
Qwen/Qwen3-1.7B-Base,rhyme,strong_positive,mlp,22,last_word_before_newline,0.615,0.195,42.0,strong_positive,True,200
Qwen/Qwen3-1.7B-Base,rhyme,strong_positive,mlp,22,newline,0.41500000000000004,0.195,22.000000000000004,strong_positive,True,200
Qwen/Qwen3-1.7B-Base,rhyme,strong_positive,mlp,23,last_word_before_newline,0.675,0.20500000000000002,47.0,strong_positive,True,200
Qwen/Qwen3-1.7B-Base,rhyme,strong_positive,mlp,23,newline,0.38,0.20500000000000002,17.5,strong_positive,True,200
Qwen/Qwen3-1.7B-Base,rhyme,strong_positive,linear,2,last_word_before_newline,0.89,0.25,64.0,strong_positive,True,200
Qwen/Qwen3-1.7B-Base,rhyme,strong_positive,linear,2,newline,0.825,0.25,57.49999999999999,strong_positive,True,200
Qwen/Qwen3-1.7B-Base,rhyme,strong_positive,linear,3,last_word_before_newline,0.825,0.23000000000000004,59.5,strong_positive,True,200
Qwen/Qwen3-1.7B-Base,rhyme,strong_positive,linear,3,newline,0.735,0.23000000000000004,50.499999999999986,strong_positive,True,200
Qwen/Qwen3-1.7B-Base,rhyme,strong_positive,linear,4,last_word_before_newline,0.77,0.25999999999999995,51.0,strong_positive,True,200
Qwen/Qwen3-1.7B-Base,rhyme,strong_positive,linear,4,newline,0.74,0.25999999999999995,48.00000000000001,strong_positive,True,200
Qwen/Qwen3-1.7B-Base,rhyme,strong_positive,linear,5,last_word_before_newline,0.75,0.3,45.0,strong_positive,True,200
Qwen/Qwen3-1.7B-Base,rhyme,strong_positive,linear,5,newline,0.7150000000000001,0.3,41.50000000000001,strong_positive,True,200
Qwen/Qwen3-1.7B-Base,rhyme,strong_positive,linear,6,last_word_before_newline,0.76,0.355,40.5,strong_positive,True,200
Qwen/Qwen3-1.7B-Base,rhyme,strong_positive,linear,6,newline,0.72,0.355,36.5,strong_positive,True,200
Qwen/Qwen3-1.7B-Base,rhyme,strong_positive,linear,7,last_word_before_newline,0.75,0.28500000000000003,46.5,strong_positive,True,200
Qwen/Qwen3-1.7B-Base,rhyme,strong_positive,linear,7,newline,0.7050000000000001,0.28500000000000003,42.00000000000001,strong_positive,True,200
Qwen/Qwen3-1.7B-Base,rhyme,strong_positive,linear,8,last_word_before_newline,0.735,0.28,45.49999999999999,strong_positive,True,200
Qwen/Qwen3-1.7B-Base,rhyme,strong_positive,linear,8,newline,0.665,0.28,38.5,strong_positive,True,200
Qwen/Qwen3-1.7B-Base,rhyme,strong_positive,linear,9,last_word_before_newline,0.7100000000000001,0.275,43.50000000000001,strong_positive,True,200
Qwen/Qwen3-1.7B-Base,rhyme,strong_positive,linear,9,newline,0.675,0.275,40.0,strong_positive,True,200
Qwen/Qwen3-1.7B-Base,rhyme,strong_positive,linear,10,last_word_before_newline,0.705,0.34,36.49999999999999,strong_positive,True,200
Qwen/Qwen3-1.7B-Base,rhyme,strong_positive,linear,10,newline,0.6700000000000002,0.34,33.000000000000014,strong_positive,True,200
Qwen/Qwen3-1.7B-Base,rhyme,strong_positive,linear,11,last_word_before_newline,0.7050000000000001,0.34,36.50000000000001,strong_positive,True,200
Qwen/Qwen3-1.7B-Base,rhyme,strong_positive,linear,11,newline,0.675,0.34,33.5,strong_positive,True,200
Qwen/Qwen3-1.7B-Base,rhyme,strong_positive,linear,12,last_word_before_newline,0.72,0.35500000000000004,36.49999999999999,strong_positive,True,200
Qwen/Qwen3-1.7B-Base,rhyme,strong_positive,linear,12,newline,0.685,0.35500000000000004,33.0,strong_positive,True,200
Qwen/Qwen3-1.7B-Base,rhyme,strong_positive,linear,13,last_word_before_newline,0.73,0.30999999999999994,42.00000000000001,strong_positive,True,200
Qwen/Qwen3-1.7B-Base,rhyme,strong_positive,linear,13,newline,0.6699999999999999,0.30999999999999994,36.0,strong_positive,True,200
Qwen/Qwen3-1.7B-Base,rhyme,strong_positive,linear,14,last_word_before_newline,0.74,0.31,43.0,strong_positive,True,200
Qwen/Qwen3-1.7B-Base,rhyme,strong_positive,linear,14,newline,0.675,0.31,36.50000000000001,strong_positive,True,200
Qwen/Qwen3-1.7B-Base,rhyme,strong_positive,linear,15,last_word_before_newline,0.735,0.28500000000000003,44.99999999999999,strong_positive,True,200
Qwen/Qwen3-1.7B-Base,rhyme,strong_positive,linear,15,newline,0.7799999999999999,0.28500000000000003,49.499999999999986,strong_positive,True,200
Qwen/Qwen3-1.7B-Base,rhyme,strong_positive,linear,16,last_word_before_newline,0.765,0.32,44.5,strong_positive,True,200
Qwen/Qwen3-1.7B-Base,rhyme,strong_positive,linear,16,newline,0.6900000000000001,0.32,37.00000000000001,strong_positive,True,200
Qwen/Qwen3-1.7B-Base,rhyme,strong_positive,linear,17,last_word_before_newline,0.78,0.3,48.00000000000001,strong_positive,True,200
Qwen/Qwen3-1.7B-Base,rhyme,strong_positive,linear,17,newline,0.6,0.3,30.0,strong_positive,True,200
Qwen/Qwen3-1.7B-Base,rhyme,strong_positive,linear,18,last_word_before_newline,0.8200000000000001,0.325,49.50000000000001,strong_positive,True,200
Qwen/Qwen3-1.7B-Base,rhyme,strong_positive,linear,18,newline,0.58,0.325,25.499999999999996,strong_positive,True,200
Qwen/Qwen3-1.7B-Base,rhyme,strong_positive,linear,19,last_word_before_newline,0.9199999999999999,0.3,61.999999999999986,strong_positive,True,200
Qwen/Qwen3-1.7B-Base,rhyme,strong_positive,linear,19,newline,0.5900000000000001,0.3,29.00000000000001,strong_positive,True,200
Qwen/Qwen3-1.7B-Base,rhyme,strong_positive,linear,20,last_word_before_newline,0.875,0.29000000000000004,58.5,strong_positive,True,200
Qwen/Qwen3-1.7B-Base,rhyme,strong_positive,linear,20,newline,0.6699999999999999,0.29000000000000004,37.999999999999986,strong_positive,True,200
Qwen/Qwen3-1.7B-Base,rhyme,strong_positive,linear,21,last_word_before_newline,0.85,0.27999999999999997,57.00000000000001,strong_positive,True,200
Qwen/Qwen3-1.7B-Base,rhyme,strong_positive,linear,21,newline,0.58,0.27999999999999997,30.0,strong_positive,True,200
Qwen/Qwen3-1.7B-Base,rhyme,strong_positive,linear,22,last_word_before_newline,0.865,0.26,60.5,strong_positive,True,200
Qwen/Qwen3-1.7B-Base,rhyme,strong_positive,linear,22,newline,0.55,0.26,29.000000000000004,strong_positive,True,200
Qwen/Qwen3-1.7B-Base,rhyme,strong_positive,linear,23,last_word_before_newline,0.8550000000000001,0.27,58.50000000000001,strong_positive,True,200
Qwen/Qwen3-1.7B-Base,rhyme,strong_positive,linear,23,newline,0.5199999999999999,0.27,24.99999999999999,strong_positive,True,200
Qwen/Qwen3-1.7B-Base,trivia,negative,linear,2,colon,1.0,1.0,0.0,near_zero,False,100
Qwen/Qwen3-1.7B-Base,trivia,negative,linear,2,newline,1.0,1.0,0.0,near_zero,False,100
Qwen/Qwen3-1.7B-Base,trivia,negative,linear,2,last_token,1.0,1.0,0.0,near_zero,False,100
Qwen/Qwen3-1.7B-Base,trivia,negative,linear,3,colon,1.0,1.0,0.0,near_zero,False,100
Qwen/Qwen3-1.7B-Base,trivia,negative,linear,3,newline,1.0,1.0,0.0,near_zero,False,100
Qwen/Qwen3-1.7B-Base,trivia,negative,linear,3,last_token,1.0,1.0,0.0,near_zero,False,100
Qwen/Qwen3-1.7B-Base,trivia,negative,linear,4,colon,1.0,1.0,0.0,near_zero,False,100
Qwen/Qwen3-1.7B-Base,trivia,negative,linear,4,newline,1.0,1.0,0.0,near_zero,False,100
Qwen/Qwen3-1.7B-Base,trivia,negative,linear,4,last_token,1.0,1.0,0.0,near_zero,False,100
Qwen/Qwen3-1.7B-Base,trivia,negative,linear,5,colon,1.0,1.0,0.0,near_zero,False,100
Qwen/Qwen3-1.7B-Base,trivia,negative,linear,5,newline,1.0,1.0,0.0,near_zero,False,100
Qwen/Qwen3-1.7B-Base,trivia,negative,linear,5,last_token,1.0,1.0,0.0,near_zero,False,100
Qwen/Qwen3-1.7B-Base,trivia,negative,linear,6,colon,1.0,1.0,0.0,near_zero,False,100
Qwen/Qwen3-1.7B-Base,trivia,negative,linear,6,newline,1.0,1.0,0.0,near_zero,False,100
Qwen/Qwen3-1.7B-Base,trivia,negative,linear,6,last_token,1.0,1.0,0.0,near_zero,False,100
Qwen/Qwen3-1.7B-Base,trivia,negative,linear,7,colon,1.0,1.0,0.0,near_zero,False,100
Qwen/Qwen3-1.7B-Base,trivia,negative,linear,7,newline,1.0,1.0,0.0,near_zero,False,100
Qwen/Qwen3-1.7B-Base,trivia,negative,linear,7,last_token,1.0,1.0,0.0,near_zero,False,100
Qwen/Qwen3-1.7B-Base,trivia,negative,linear,8,colon,1.0,1.0,0.0,near_zero,False,100
Qwen/Qwen3-1.7B-Base,trivia,negative,linear,8,newline,1.0,1.0,0.0,near_zero,False,100
Qwen/Qwen3-1.7B-Base,trivia,negative,linear,8,last_token,1.0,1.0,0.0,near_zero,False,100
Qwen/Qwen3-1.7B-Base,trivia,negative,linear,9,colon,1.0,1.0,0.0,near_zero,False,100
Qwen/Qwen3-1.7B-Base,trivia,negative,linear,9,newline,1.0,1.0,0.0,near_zero,False,100
Qwen/Qwen3-1.7B-Base,trivia,negative,linear,9,last_token,1.0,1.0,0.0,near_zero,False,100
Qwen/Qwen3-1.7B-Base,trivia,negative,linear,10,colon,1.0,1.0,0.0,near_zero,False,100
Qwen/Qwen3-1.7B-Base,trivia,negative,linear,10,newline,1.0,1.0,0.0,near_zero,False,100
Qwen/Qwen3-1.7B-Base,trivia,negative,linear,10,last_token,1.0,1.0,0.0,near_zero,False,100
Qwen/Qwen3-1.7B-Base,trivia,negative,linear,11,colon,1.0,1.0,0.0,near_zero,False,100
Qwen/Qwen3-1.7B-Base,trivia,negative,linear,11,newline,1.0,1.0,0.0,near_zero,False,100
Qwen/Qwen3-1.7B-Base,trivia,negative,linear,11,last_token,1.0,1.0,0.0,near_zero,False,100
Qwen/Qwen3-1.7B-Base,trivia,negative,linear,12,colon,1.0,1.0,0.0,near_zero,False,100
Qwen/Qwen3-1.7B-Base,trivia,negative,linear,12,newline,1.0,1.0,0.0,near_zero,False,100
Qwen/Qwen3-1.7B-Base,trivia,negative,linear,12,last_token,1.0,1.0,0.0,near_zero,False,100
Qwen/Qwen3-1.7B-Base,trivia,negative,linear,13,colon,1.0,1.0,0.0,near_zero,False,100
Qwen/Qwen3-1.7B-Base,trivia,negative,linear,13,newline,1.0,1.0,0.0,near_zero,False,100
Qwen/Qwen3-1.7B-Base,trivia,negative,linear,13,last_token,1.0,1.0,0.0,near_zero,False,100
Qwen/Qwen3-1.7B-Base,trivia,negative,linear,14,colon,1.0,1.0,0.0,near_zero,False,100
Qwen/Qwen3-1.7B-Base,trivia,negative,linear,14,newline,1.0,1.0,0.0,near_zero,False,100
Qwen/Qwen3-1.7B-Base,trivia,negative,linear,14,last_token,1.0,1.0,0.0,near_zero,False,100
Qwen/Qwen3-1.7B-Base,trivia,negative,linear,15,colon,1.0,1.0,0.0,near_zero,False,100
Qwen/Qwen3-1.7B-Base,trivia,negative,linear,15,newline,1.0,1.0,0.0,near_zero,False,100
Qwen/Qwen3-1.7B-Base,trivia,negative,linear,15,last_token,1.0,1.0,0.0,near_zero,False,100
Qwen/Qwen3-1.7B-Base,trivia,negative,linear,16,colon,1.0,1.0,0.0,near_zero,False,100
Qwen/Qwen3-1.7B-Base,trivia,negative,linear,16,newline,1.0,1.0,0.0,near_zero,False,100
Qwen/Qwen3-1.7B-Base,trivia,negative,linear,16,last_token,1.0,1.0,0.0,near_zero,False,100
Qwen/Qwen3-1.7B-Base,trivia,negative,linear,17,colon,1.0,1.0,0.0,near_zero,False,100
Qwen/Qwen3-1.7B-Base,trivia,negative,linear,17,newline,1.0,1.0,0.0,near_zero,False,100
Qwen/Qwen3-1.7B-Base,trivia,negative,linear,17,last_token,1.0,1.0,0.0,near_zero,False,100
Qwen/Qwen3-1.7B-Base,trivia,negative,linear,18,colon,1.0,1.0,0.0,near_zero,False,100
Qwen/Qwen3-1.7B-Base,trivia,negative,linear,18,newline,1.0,1.0,0.0,near_zero,False,100
Qwen/Qwen3-1.7B-Base,trivia,negative,linear,18,last_token,1.0,1.0,0.0,near_zero,False,100
Qwen/Qwen3-1.7B-Base,trivia,negative,linear,19,colon,1.0,1.0,0.0,near_zero,False,100
Qwen/Qwen3-1.7B-Base,trivia,negative,linear,19,newline,1.0,1.0,0.0,near_zero,False,100
Qwen/Qwen3-1.7B-Base,trivia,negative,linear,19,last_token,1.0,1.0,0.0,near_zero,False,100
Qwen/Qwen3-1.7B-Base,trivia,negative,linear,20,colon,1.0,1.0,0.0,near_zero,False,100
Qwen/Qwen3-1.7B-Base,trivia,negative,linear,20,newline,1.0,1.0,0.0,near_zero,False,100
Qwen/Qwen3-1.7B-Base,trivia,negative,linear,20,last_token,1.0,1.0,0.0,near_zero,False,100
Qwen/Qwen3-1.7B-Base,trivia,negative,linear,21,colon,1.0,1.0,0.0,near_zero,False,100
Qwen/Qwen3-1.7B-Base,trivia,negative,linear,21,newline,1.0,1.0,0.0,near_zero,False,100
Qwen/Qwen3-1.7B-Base,trivia,negative,linear,21,last_token,1.0,1.0,0.0,near_zero,False,100
Qwen/Qwen3-1.7B-Base,trivia,negative,linear,22,colon,1.0,1.0,0.0,near_zero,False,100
Qwen/Qwen3-1.7B-Base,trivia,negative,linear,22,newline,1.0,1.0,0.0,near_zero,False,100
Qwen/Qwen3-1.7B-Base,trivia,negative,linear,22,last_token,1.0,1.0,0.0,near_zero,False,100
Qwen/Qwen3-1.7B-Base,trivia,negative,linear,23,colon,1.0,1.0,0.0,near_zero,False,100
Qwen/Qwen3-1.7B-Base,trivia,negative,linear,23,newline,1.0,1.0,0.0,near_zero,False,100
Qwen/Qwen3-1.7B-Base,trivia,negative,linear,23,last_token,1.0,1.0,0.0,near_zero,False,100
Qwen/Qwen3-8B-Base,code,negative,linear,0,colon,0.810541642399534,0.674645699864104,13.589594253542991,strong_positive,False,507
Qwen/Qwen3-8B-Base,code,negative,linear,0,newline,0.810541642399534,0.674645699864104,13.589594253542991,strong_positive,False,507
Qwen/Qwen3-8B-Base,code,negative,linear,0,last_token,0.7870704717530576,0.674645699864104,11.24247718889535,strong_positive,False,507
Qwen/Qwen3-8B-Base,code,negative,linear,6,colon,0.9092991652106388,0.7968161522034556,11.248301300718321,strong_positive,False,507
Qwen/Qwen3-8B-Base,code,negative,linear,6,newline,0.9092991652106388,0.7968161522034556,11.248301300718321,strong_positive,False,507
Qwen/Qwen3-8B-Base,code,negative,linear,6,last_token,0.9111822947000583,0.7968161522034556,11.43661424966027,strong_positive,False,507
Qwen/Qwen3-8B-Base,code,negative,linear,12,colon,0.9507086002717919,0.8935158221704522,5.719277810133971,strong_positive,False,507
Qwen/Qwen3-8B-Base,code,negative,linear,12,newline,0.9507086002717919,0.8935158221704522,5.719277810133971,strong_positive,False,507
Qwen/Qwen3-8B-Base,code,negative,linear,12,last_token,0.9467287905261113,0.8935158221704522,5.321296835565903,strong_positive,False,507
Qwen/Qwen3-8B-Base,code,negative,linear,18,colon,0.9349446709376821,0.8757328674043874,5.921180353329469,strong_positive,False,507
Qwen/Qwen3-8B-Base,code,negative,linear,18,newline,0.9349446709376821,0.8757328674043874,5.921180353329469,strong_positive,False,507
Qwen/Qwen3-8B-Base,code,negative,linear,18,last_token,0.9486895748398367,0.8757328674043874,7.295670743544935,strong_positive,False,507
Qwen/Qwen3-8B-Base,code,negative,linear,24,colon,0.9624927198602213,0.8836342457775188,7.885847408270252,strong_positive,False,507
Qwen/Qwen3-8B-Base,code,negative,linear,24,newline,0.9624927198602213,0.8836342457775188,7.885847408270252,strong_positive,False,507
Qwen/Qwen3-8B-Base,code,negative,linear,24,last_token,0.9605125218404194,0.8836342457775188,7.687827606290054,strong_positive,False,507
Qwen/Qwen3-8B-Base,code,negative,linear,35,colon,0.9309066200737721,0.8540089303047951,7.689768976897704,strong_positive,False,507
Qwen/Qwen3-8B-Base,code,negative,linear,35,newline,0.9309066200737721,0.8540089303047951,7.689768976897704,strong_positive,False,507
Qwen/Qwen3-8B-Base,code,negative,linear,35,last_token,0.940729955348476,0.8540089303047951,8.672102504368095,strong_positive,False,507
Qwen/Qwen3-8B-Base,qa_neutral,strong_positive,linear,3,question_mark,0.5157258064516129,0.5217864125122189,-0.6060606060605989,near_zero,False,161
Qwen/Qwen3-8B-Base,qa_neutral,strong_positive,linear,3,last_word_before_question_mark,0.5217864125122189,0.5217864125122189,0.0,near_zero,False,161
Qwen/Qwen3-8B-Base,qa_neutral,strong_positive,linear,3,newline,0.5157258064516129,0.5217864125122189,-0.6060606060605989,near_zero,False,161
Qwen/Qwen3-8B-Base,qa_neutral,strong_positive,linear,3,last_token,0.509475806451613,0.5217864125122189,-1.2310606060605966,near_zero,False,161
Qwen/Qwen3-8B-Base,qa_neutral,strong_positive,linear,4,question_mark,0.509475806451613,0.5217864125122189,-1.2310606060605966,near_zero,False,161
Qwen/Qwen3-8B-Base,qa_neutral,strong_positive,linear,4,last_word_before_question_mark,0.5217864125122189,0.5217864125122189,0.0,near_zero,False,161
Qwen/Qwen3-8B-Base,qa_neutral,strong_positive,linear,4,newline,0.509475806451613,0.5217864125122189,-1.2310606060605966,near_zero,False,161
Qwen/Qwen3-8B-Base,qa_neutral,strong_positive,linear,4,last_token,0.5157258064516129,0.5217864125122189,-0.6060606060605989,near_zero,False,161
Qwen/Qwen3-8B-Base,qa_neutral,strong_positive,linear,5,question_mark,0.5157258064516129,0.5217864125122189,-0.6060606060605989,near_zero,False,161
Qwen/Qwen3-8B-Base,qa_neutral,strong_positive,linear,5,last_word_before_question_mark,0.5217864125122189,0.5217864125122189,0.0,near_zero,False,161
Qwen/Qwen3-8B-Base,qa_neutral,strong_positive,linear,5,newline,0.5157258064516129,0.5217864125122189,-0.6060606060605989,near_zero,False,161
Qwen/Qwen3-8B-Base,qa_neutral,strong_positive,linear,5,last_token,0.509475806451613,0.5217864125122189,-1.2310606060605966,near_zero,False,161
Qwen/Qwen3-8B-Base,qa_neutral,strong_positive,linear,6,question_mark,0.5217864125122189,0.5217864125122189,0.0,near_zero,False,161
Qwen/Qwen3-8B-Base,qa_neutral,strong_positive,linear,6,last_word_before_question_mark,0.5217864125122189,0.5217864125122189,0.0,near_zero,False,161
Qwen/Qwen3-8B-Base,qa_neutral,strong_positive,linear,6,newline,0.5217864125122189,0.5217864125122189,0.0,near_zero,False,161
Qwen/Qwen3-8B-Base,qa_neutral,strong_positive,linear,6,last_token,0.5032258064516129,0.5217864125122189,-1.8560606060606055,near_zero,False,161
Qwen/Qwen3-8B-Base,qa_neutral,strong_positive,linear,7,question_mark,0.5217864125122189,0.5217864125122189,0.0,near_zero,False,161
Qwen/Qwen3-8B-Base,qa_neutral,strong_positive,linear,7,last_word_before_question_mark,0.5217864125122189,0.5217864125122189,0.0,near_zero,False,161
Qwen/Qwen3-8B-Base,qa_neutral,strong_positive,linear,7,newline,0.5217864125122189,0.5217864125122189,0.0,near_zero,False,161
Qwen/Qwen3-8B-Base,qa_neutral,strong_positive,linear,7,last_token,0.509475806451613,0.5217864125122189,-1.2310606060605966,near_zero,False,161
Qwen/Qwen3-8B-Base,qa_neutral,strong_positive,linear,8,question_mark,0.5217864125122189,0.5217864125122189,0.0,near_zero,False,161
Qwen/Qwen3-8B-Base,qa_neutral,strong_positive,linear,8,last_word_before_question_mark,0.5217864125122189,0.5217864125122189,0.0,near_zero,False,161
Qwen/Qwen3-8B-Base,qa_neutral,strong_positive,linear,8,newline,0.5217864125122189,0.5217864125122189,0.0,near_zero,False,161
Qwen/Qwen3-8B-Base,qa_neutral,strong_positive,linear,8,last_token,0.509475806451613,0.5217864125122189,-1.2310606060605966,near_zero,False,161
Qwen/Qwen3-8B-Base,qa_neutral,strong_positive,linear,9,question_mark,0.5217864125122189,0.5217864125122189,0.0,near_zero,False,161
Qwen/Qwen3-8B-Base,qa_neutral,strong_positive,linear,9,last_word_before_question_mark,0.5217864125122189,0.5217864125122189,0.0,near_zero,False,161
Qwen/Qwen3-8B-Base,qa_neutral,strong_positive,linear,9,newline,0.5217864125122189,0.5217864125122189,0.0,near_zero,False,161
Qwen/Qwen3-8B-Base,qa_neutral,strong_positive,linear,9,last_token,0.5157258064516129,0.5217864125122189,-0.6060606060605989,near_zero,False,161
Qwen/Qwen3-8B-Base,qa_neutral,strong_positive,linear,10,question_mark,0.5217864125122189,0.5217864125122189,0.0,near_zero,False,161
Qwen/Qwen3-8B-Base,qa_neutral,strong_positive,linear,10,last_word_before_question_mark,0.5217864125122189,0.5217864125122189,0.0,near_zero,False,161
Qwen/Qwen3-8B-Base,qa_neutral,strong_positive,linear,10,newline,0.5217864125122189,0.5217864125122189,0.0,near_zero,False,161
Qwen/Qwen3-8B-Base,qa_neutral,strong_positive,linear,10,last_token,0.509475806451613,0.5217864125122189,-1.2310606060605966,near_zero,False,161
Qwen/Qwen3-8B-Base,qa_neutral,strong_positive,linear,11,question_mark,0.5217864125122189,0.5217864125122189,0.0,near_zero,False,161
Qwen/Qwen3-8B-Base,qa_neutral,strong_positive,linear,11,last_word_before_question_mark,0.5217864125122189,0.5217864125122189,0.0,near_zero,False,161
Qwen/Qwen3-8B-Base,qa_neutral,strong_positive,linear,11,newline,0.5217864125122189,0.5217864125122189,0.0,near_zero,False,161
Qwen/Qwen3-8B-Base,qa_neutral,strong_positive,linear,11,last_token,0.5157258064516129,0.5217864125122189,-0.6060606060605989,near_zero,False,161
Qwen/Qwen3-8B-Base,qa_neutral,strong_positive,linear,12,question_mark,0.5217864125122189,0.5217864125122189,0.0,near_zero,False,161
Qwen/Qwen3-8B-Base,qa_neutral,strong_positive,linear,12,last_word_before_question_mark,0.5217864125122189,0.5217864125122189,0.0,near_zero,False,161
Qwen/Qwen3-8B-Base,qa_neutral,strong_positive,linear,12,newline,0.5217864125122189,0.5217864125122189,0.0,near_zero,False,161
Qwen/Qwen3-8B-Base,qa_neutral,strong_positive,linear,12,last_token,0.5217864125122189,0.5217864125122189,0.0,near_zero,False,161
Qwen/Qwen3-8B-Base,qa_neutral,strong_positive,linear,13,question_mark,0.5217864125122189,0.5217864125122189,0.0,near_zero,False,161
Qwen/Qwen3-8B-Base,qa_neutral,strong_positive,linear,13,last_word_before_question_mark,0.5217864125122189,0.5217864125122189,0.0,near_zero,False,161
Qwen/Qwen3-8B-Base,qa_neutral,strong_positive,linear,13,newline,0.5217864125122189,0.5217864125122189,0.0,near_zero,False,161
Qwen/Qwen3-8B-Base,qa_neutral,strong_positive,linear,13,last_token,0.5217864125122189,0.5217864125122189,0.0,near_zero,False,161
Qwen/Qwen3-8B-Base,qa_neutral,strong_positive,linear,14,question_mark,0.5217864125122189,0.5217864125122189,0.0,near_zero,False,161
Qwen/Qwen3-8B-Base,qa_neutral,strong_positive,linear,14,last_word_before_question_mark,0.5217864125122189,0.5217864125122189,0.0,near_zero,False,161
Qwen/Qwen3-8B-Base,qa_neutral,strong_positive,linear,14,newline,0.5217864125122189,0.5217864125122189,0.0,near_zero,False,161
Qwen/Qwen3-8B-Base,qa_neutral,strong_positive,linear,14,last_token,0.5217864125122189,0.5217864125122189,0.0,near_zero,False,161
Qwen/Qwen3-8B-Base,qa_neutral,strong_positive,linear,15,question_mark,0.5217864125122189,0.5217864125122189,0.0,near_zero,False,161
Qwen/Qwen3-8B-Base,qa_neutral,strong_positive,linear,15,last_word_before_question_mark,0.5217864125122189,0.5217864125122189,0.0,near_zero,False,161
Qwen/Qwen3-8B-Base,qa_neutral,strong_positive,linear,15,newline,0.5217864125122189,0.5217864125122189,0.0,near_zero,False,161
Qwen/Qwen3-8B-Base,qa_neutral,strong_positive,linear,15,last_token,0.5217864125122189,0.5217864125122189,0.0,near_zero,False,161
Qwen/Qwen3-8B-Base,qa_neutral,strong_positive,linear,16,question_mark,0.5217864125122189,0.5217864125122189,0.0,near_zero,False,161
Qwen/Qwen3-8B-Base,qa_neutral,strong_positive,linear,16,last_word_before_question_mark,0.5217864125122189,0.5217864125122189,0.0,near_zero,False,161
Qwen/Qwen3-8B-Base,qa_neutral,strong_positive,linear,16,newline,0.5217864125122189,0.5217864125122189,0.0,near_zero,False,161
Qwen/Qwen3-8B-Base,qa_neutral,strong_positive,linear,16,last_token,0.5217864125122189,0.5217864125122189,0.0,near_zero,False,161
Qwen/Qwen3-8B-Base,qa_neutral,strong_positive,linear,17,question_mark,0.5217864125122189,0.5217864125122189,0.0,near_zero,False,161
Qwen/Qwen3-8B-Base,qa_neutral,strong_positive,linear,17,last_word_before_question_mark,0.5217864125122189,0.5217864125122189,0.0,near_zero,False,161
Qwen/Qwen3-8B-Base,qa_neutral,strong_positive,linear,17,newline,0.5217864125122189,0.5217864125122189,0.0,near_zero,False,161
Qwen/Qwen3-8B-Base,qa_neutral,strong_positive,linear,17,last_token,0.5217864125122189,0.5217864125122189,0.0,near_zero,False,161
Qwen/Qwen3-8B-Base,qa_neutral,strong_positive,linear,18,question_mark,0.5217864125122189,0.5217864125122189,0.0,near_zero,False,161
Qwen/Qwen3-8B-Base,qa_neutral,strong_positive,linear,18,last_word_before_question_mark,0.5217864125122189,0.5217864125122189,0.0,near_zero,False,161
Qwen/Qwen3-8B-Base,qa_neutral,strong_positive,linear,18,newline,0.5217864125122189,0.5217864125122189,0.0,near_zero,False,161
Qwen/Qwen3-8B-Base,qa_neutral,strong_positive,linear,18,last_token,0.5217864125122189,0.5217864125122189,0.0,near_zero,False,161
Qwen/Qwen3-8B-Base,qa_neutral,strong_positive,linear,19,question_mark,0.5217864125122189,0.5217864125122189,0.0,near_zero,False,161
Qwen/Qwen3-8B-Base,qa_neutral,strong_positive,linear,19,last_word_before_question_mark,0.5217864125122189,0.5217864125122189,0.0,near_zero,False,161
Qwen/Qwen3-8B-Base,qa_neutral,strong_positive,linear,19,newline,0.5217864125122189,0.5217864125122189,0.0,near_zero,False,161
Qwen/Qwen3-8B-Base,qa_neutral,strong_positive,linear,19,last_token,0.5217864125122189,0.5217864125122189,0.0,near_zero,False,161
Qwen/Qwen3-8B-Base,qa_neutral,strong_positive,linear,20,question_mark,0.5217864125122189,0.5217864125122189,0.0,near_zero,False,161
Qwen/Qwen3-8B-Base,qa_neutral,strong_positive,linear,20,last_word_before_question_mark,0.5217864125122189,0.5217864125122189,0.0,near_zero,False,161
Qwen/Qwen3-8B-Base,qa_neutral,strong_positive,linear,20,newline,0.5217864125122189,0.5217864125122189,0.0,near_zero,False,161
Qwen/Qwen3-8B-Base,qa_neutral,strong_positive,linear,20,last_token,0.5217864125122189,0.5217864125122189,0.0,near_zero,False,161
Qwen/Qwen3-8B-Base,qa_neutral,strong_positive,linear,21,question_mark,0.5217864125122189,0.5217864125122189,0.0,near_zero,False,161
Qwen/Qwen3-8B-Base,qa_neutral,strong_positive,linear,21,last_word_before_question_mark,0.5217864125122189,0.5217864125122189,0.0,near_zero,False,161
Qwen/Qwen3-8B-Base,qa_neutral,strong_positive,linear,21,newline,0.5217864125122189,0.5217864125122189,0.0,near_zero,False,161
Qwen/Qwen3-8B-Base,qa_neutral,strong_positive,linear,21,last_token,0.5217864125122189,0.5217864125122189,0.0,near_zero,False,161
Qwen/Qwen3-8B-Base,qa_neutral,strong_positive,linear,22,question_mark,0.5217864125122189,0.5217864125122189,0.0,near_zero,False,161
Qwen/Qwen3-8B-Base,qa_neutral,strong_positive,linear,22,last_word_before_question_mark,0.5217864125122189,0.5217864125122189,0.0,near_zero,False,161
Qwen/Qwen3-8B-Base,qa_neutral,strong_positive,linear,22,newline,0.5217864125122189,0.5217864125122189,0.0,near_zero,False,161
Qwen/Qwen3-8B-Base,qa_neutral,strong_positive,linear,22,last_token,0.5217864125122189,0.5217864125122189,0.0,near_zero,False,161
Qwen/Qwen3-8B-Base,qa_neutral,strong_positive,linear,23,question_mark,0.5217864125122189,0.5217864125122189,0.0,near_zero,False,161
Qwen/Qwen3-8B-Base,qa_neutral,strong_positive,linear,23,last_word_before_question_mark,0.5217864125122189,0.5217864125122189,0.0,near_zero,False,161
Qwen/Qwen3-8B-Base,qa_neutral,strong_positive,linear,23,newline,0.5217864125122189,0.5217864125122189,0.0,near_zero,False,161
Qwen/Qwen3-8B-Base,qa_neutral,strong_positive,linear,23,last_token,0.5217864125122189,0.5217864125122189,0.0,near_zero,False,161
Qwen/Qwen3-8B-Base,qa_neutral,strong_positive,linear,24,question_mark,0.5217864125122189,0.5217864125122189,0.0,near_zero,False,161
Qwen/Qwen3-8B-Base,qa_neutral,strong_positive,linear,24,last_word_before_question_mark,0.5217864125122189,0.5217864125122189,0.0,near_zero,False,161
Qwen/Qwen3-8B-Base,qa_neutral,strong_positive,linear,24,newline,0.5217864125122189,0.5217864125122189,0.0,near_zero,False,161
Qwen/Qwen3-8B-Base,qa_neutral,strong_positive,linear,24,last_token,0.5217864125122189,0.5217864125122189,0.0,near_zero,False,161
Qwen/Qwen3-8B-Base,qa_neutral,strong_positive,linear,25,question_mark,0.5217864125122189,0.5217864125122189,0.0,near_zero,False,161
Qwen/Qwen3-8B-Base,qa_neutral,strong_positive,linear,25,last_word_before_question_mark,0.5217864125122189,0.5217864125122189,0.0,near_zero,False,161
Qwen/Qwen3-8B-Base,qa_neutral,strong_positive,linear,25,newline,0.5217864125122189,0.5217864125122189,0.0,near_zero,False,161
Qwen/Qwen3-8B-Base,qa_neutral,strong_positive,linear,25,last_token,0.5217864125122189,0.5217864125122189,0.0,near_zero,False,161
Qwen/Qwen3-8B-Base,qa_neutral,strong_positive,linear,26,question_mark,0.5217864125122189,0.5217864125122189,0.0,near_zero,False,161
Qwen/Qwen3-8B-Base,qa_neutral,strong_positive,linear,26,last_word_before_question_mark,0.5217864125122189,0.5217864125122189,0.0,near_zero,False,161
Qwen/Qwen3-8B-Base,qa_neutral,strong_positive,linear,26,newline,0.5217864125122189,0.5217864125122189,0.0,near_zero,False,161
Qwen/Qwen3-8B-Base,qa_neutral,strong_positive,linear,26,last_token,0.5217864125122189,0.5217864125122189,0.0,near_zero,False,161
Qwen/Qwen3-8B-Base,qa_neutral,strong_positive,linear,27,question_mark,0.5217864125122189,0.5217864125122189,0.0,near_zero,False,161
Qwen/Qwen3-8B-Base,qa_neutral,strong_positive,linear,27,last_word_before_question_mark,0.5217864125122189,0.5217864125122189,0.0,near_zero,False,161
Qwen/Qwen3-8B-Base,qa_neutral,strong_positive,linear,27,newline,0.5217864125122189,0.5217864125122189,0.0,near_zero,False,161
Qwen/Qwen3-8B-Base,qa_neutral,strong_positive,linear,27,last_token,0.5217864125122189,0.5217864125122189,0.0,near_zero,False,161
Qwen/Qwen3-8B-Base,qa_neutral,strong_positive,linear,28,question_mark,0.5217864125122189,0.5217864125122189,0.0,near_zero,False,161
Qwen/Qwen3-8B-Base,qa_neutral,strong_positive,linear,28,last_word_before_question_mark,0.5217864125122189,0.5217864125122189,0.0,near_zero,False,161
Qwen/Qwen3-8B-Base,qa_neutral,strong_positive,linear,28,newline,0.5217864125122189,0.5217864125122189,0.0,near_zero,False,161
Qwen/Qwen3-8B-Base,qa_neutral,strong_positive,linear,28,last_token,0.5217864125122189,0.5217864125122189,0.0,near_zero,False,161
Qwen/Qwen3-8B-Base,qa_neutral,strong_positive,linear,29,question_mark,0.5217864125122189,0.5217864125122189,0.0,near_zero,False,161
Qwen/Qwen3-8B-Base,qa_neutral,strong_positive,linear,29,last_word_before_question_mark,0.5217864125122189,0.5217864125122189,0.0,near_zero,False,161
Qwen/Qwen3-8B-Base,qa_neutral,strong_positive,linear,29,newline,0.5217864125122189,0.5217864125122189,0.0,near_zero,False,161
Qwen/Qwen3-8B-Base,qa_neutral,strong_positive,linear,29,last_token,0.5217864125122189,0.5217864125122189,0.0,near_zero,False,161
Qwen/Qwen3-8B-Base,qa_neutral,strong_positive,linear,30,question_mark,0.5217864125122189,0.5217864125122189,0.0,near_zero,False,161
Qwen/Qwen3-8B-Base,qa_neutral,strong_positive,linear,30,last_word_before_question_mark,0.5217864125122189,0.5217864125122189,0.0,near_zero,False,161
Qwen/Qwen3-8B-Base,qa_neutral,strong_positive,linear,30,newline,0.5217864125122189,0.5217864125122189,0.0,near_zero,False,161
Qwen/Qwen3-8B-Base,qa_neutral,strong_positive,linear,30,last_token,0.5217864125122189,0.5217864125122189,0.0,near_zero,False,161
Qwen/Qwen3-8B-Base,qa_neutral,strong_positive,linear,3,question_mark,0.5157258064516129,0.5217864125122189,-0.6060606060605989,near_zero,False,161
Qwen/Qwen3-8B-Base,qa_neutral,strong_positive,linear,3,last_word_before_question_mark,0.5217864125122189,0.5217864125122189,0.0,near_zero,False,161
Qwen/Qwen3-8B-Base,qa_neutral,strong_positive,linear,3,newline,0.5157258064516129,0.5217864125122189,-0.6060606060605989,near_zero,False,161
Qwen/Qwen3-8B-Base,qa_neutral,strong_positive,linear,3,last_token,0.509475806451613,0.5217864125122189,-1.2310606060605966,near_zero,False,161
Qwen/Qwen3-8B-Base,qa_neutral,strong_positive,linear,4,question_mark,0.509475806451613,0.5217864125122189,-1.2310606060605966,near_zero,False,161
Qwen/Qwen3-8B-Base,qa_neutral,strong_positive,linear,4,last_word_before_question_mark,0.5217864125122189,0.5217864125122189,0.0,near_zero,False,161
Qwen/Qwen3-8B-Base,qa_neutral,strong_positive,linear,4,newline,0.509475806451613,0.5217864125122189,-1.2310606060605966,near_zero,False,161
Qwen/Qwen3-8B-Base,qa_neutral,strong_positive,linear,4,last_token,0.5157258064516129,0.5217864125122189,-0.6060606060605989,near_zero,False,161
Qwen/Qwen3-8B-Base,qa_neutral,strong_positive,linear,5,question_mark,0.5157258064516129,0.5217864125122189,-0.6060606060605989,near_zero,False,161
Qwen/Qwen3-8B-Base,qa_neutral,strong_positive,linear,5,last_word_before_question_mark,0.5217864125122189,0.5217864125122189,0.0,near_zero,False,161
Qwen/Qwen3-8B-Base,qa_neutral,strong_positive,linear,5,newline,0.5157258064516129,0.5217864125122189,-0.6060606060605989,near_zero,False,161
Qwen/Qwen3-8B-Base,qa_neutral,strong_positive,linear,5,last_token,0.509475806451613,0.5217864125122189,-1.2310606060605966,near_zero,False,161
Qwen/Qwen3-8B-Base,qa_neutral,strong_positive,linear,6,question_mark,0.5217864125122189,0.5217864125122189,0.0,near_zero,False,161
Qwen/Qwen3-8B-Base,qa_neutral,strong_positive,linear,6,last_word_before_question_mark,0.5217864125122189,0.5217864125122189,0.0,near_zero,False,161
Qwen/Qwen3-8B-Base,qa_neutral,strong_positive,linear,6,newline,0.5217864125122189,0.5217864125122189,0.0,near_zero,False,161
Qwen/Qwen3-8B-Base,qa_neutral,strong_positive,linear,6,last_token,0.5032258064516129,0.5217864125122189,-1.8560606060606055,near_zero,False,161
Qwen/Qwen3-8B-Base,qa_neutral,strong_positive,linear,7,question_mark,0.5217864125122189,0.5217864125122189,0.0,near_zero,False,161
Qwen/Qwen3-8B-Base,qa_neutral,strong_positive,linear,7,last_word_before_question_mark,0.5217864125122189,0.5217864125122189,0.0,near_zero,False,161
Qwen/Qwen3-8B-Base,qa_neutral,strong_positive,linear,7,newline,0.5217864125122189,0.5217864125122189,0.0,near_zero,False,161
Qwen/Qwen3-8B-Base,qa_neutral,strong_positive,linear,7,last_token,0.509475806451613,0.5217864125122189,-1.2310606060605966,near_zero,False,161
Qwen/Qwen3-8B-Base,qa_neutral,strong_positive,linear,8,question_mark,0.5217864125122189,0.5217864125122189,0.0,near_zero,False,161
Qwen/Qwen3-8B-Base,qa_neutral,strong_positive,linear,8,last_word_before_question_mark,0.5217864125122189,0.5217864125122189,0.0,near_zero,False,161
Qwen/Qwen3-8B-Base,qa_neutral,strong_positive,linear,8,newline,0.5217864125122189,0.5217864125122189,0.0,near_zero,False,161
Qwen/Qwen3-8B-Base,qa_neutral,strong_positive,linear,8,last_token,0.509475806451613,0.5217864125122189,-1.2310606060605966,near_zero,False,161
Qwen/Qwen3-8B-Base,qa_neutral,strong_positive,linear,9,question_mark,0.5217864125122189,0.5217864125122189,0.0,near_zero,False,161
Qwen/Qwen3-8B-Base,qa_neutral,strong_positive,linear,9,last_word_before_question_mark,0.5217864125122189,0.5217864125122189,0.0,near_zero,False,161
Qwen/Qwen3-8B-Base,qa_neutral,strong_positive,linear,9,newline,0.5217864125122189,0.5217864125122189,0.0,near_zero,False,161
Qwen/Qwen3-8B-Base,qa_neutral,strong_positive,linear,9,last_token,0.5157258064516129,0.5217864125122189,-0.6060606060605989,near_zero,False,161
Qwen/Qwen3-8B-Base,qa_neutral,strong_positive,linear,10,question_mark,0.5217864125122189,0.5217864125122189,0.0,near_zero,False,161
Qwen/Qwen3-8B-Base,qa_neutral,strong_positive,linear,10,last_word_before_question_mark,0.5217864125122189,0.5217864125122189,0.0,near_zero,False,161
Qwen/Qwen3-8B-Base,qa_neutral,strong_positive,linear,10,newline,0.5217864125122189,0.5217864125122189,0.0,near_zero,False,161
Qwen/Qwen3-8B-Base,qa_neutral,strong_positive,linear,10,last_token,0.509475806451613,0.5217864125122189,-1.2310606060605966,near_zero,False,161
Qwen/Qwen3-8B-Base,qa_neutral,strong_positive,linear,11,question_mark,0.5217864125122189,0.5217864125122189,0.0,near_zero,False,161
Qwen/Qwen3-8B-Base,qa_neutral,strong_positive,linear,11,last_word_before_question_mark,0.5217864125122189,0.5217864125122189,0.0,near_zero,False,161
Qwen/Qwen3-8B-Base,qa_neutral,strong_positive,linear,11,newline,0.5217864125122189,0.5217864125122189,0.0,near_zero,False,161
Qwen/Qwen3-8B-Base,qa_neutral,strong_positive,linear,11,last_token,0.5157258064516129,0.5217864125122189,-0.6060606060605989,near_zero,False,161
Qwen/Qwen3-8B-Base,qa_neutral,strong_positive,linear,12,question_mark,0.5217864125122189,0.5217864125122189,0.0,near_zero,False,161
Qwen/Qwen3-8B-Base,qa_neutral,strong_positive,linear,12,last_word_before_question_mark,0.5217864125122189,0.5217864125122189,0.0,near_zero,False,161
Qwen/Qwen3-8B-Base,qa_neutral,strong_positive,linear,12,newline,0.5217864125122189,0.5217864125122189,0.0,near_zero,False,161
Qwen/Qwen3-8B-Base,qa_neutral,strong_positive,linear,12,last_token,0.5217864125122189,0.5217864125122189,0.0,near_zero,False,161
Qwen/Qwen3-8B-Base,qa_neutral,strong_positive,linear,13,question_mark,0.5217864125122189,0.5217864125122189,0.0,near_zero,False,161
Qwen/Qwen3-8B-Base,qa_neutral,strong_positive,linear,13,last_word_before_question_mark,0.5217864125122189,0.5217864125122189,0.0,near_zero,False,161
Qwen/Qwen3-8B-Base,qa_neutral,strong_positive,linear,13,newline,0.5217864125122189,0.5217864125122189,0.0,near_zero,False,161
Qwen/Qwen3-8B-Base,qa_neutral,strong_positive,linear,13,last_token,0.5217864125122189,0.5217864125122189,0.0,near_zero,False,161
Qwen/Qwen3-8B-Base,qa_neutral,strong_positive,linear,14,question_mark,0.5217864125122189,0.5217864125122189,0.0,near_zero,False,161
Qwen/Qwen3-8B-Base,qa_neutral,strong_positive,linear,14,last_word_before_question_mark,0.5217864125122189,0.5217864125122189,0.0,near_zero,False,161
Qwen/Qwen3-8B-Base,qa_neutral,strong_positive,linear,14,newline,0.5217864125122189,0.5217864125122189,0.0,near_zero,False,161
Qwen/Qwen3-8B-Base,qa_neutral,strong_positive,linear,14,last_token,0.5217864125122189,0.5217864125122189,0.0,near_zero,False,161
Qwen/Qwen3-8B-Base,qa_neutral,strong_positive,linear,15,question_mark,0.5217864125122189,0.5217864125122189,0.0,near_zero,False,161
Qwen/Qwen3-8B-Base,qa_neutral,strong_positive,linear,15,last_word_before_question_mark,0.5217864125122189,0.5217864125122189,0.0,near_zero,False,161
Qwen/Qwen3-8B-Base,qa_neutral,strong_positive,linear,15,newline,0.5217864125122189,0.5217864125122189,0.0,near_zero,False,161
Qwen/Qwen3-8B-Base,qa_neutral,strong_positive,linear,15,last_token,0.5217864125122189,0.5217864125122189,0.0,near_zero,False,161
Qwen/Qwen3-8B-Base,qa_neutral,strong_positive,linear,16,question_mark,0.5217864125122189,0.5217864125122189,0.0,near_zero,False,161
Qwen/Qwen3-8B-Base,qa_neutral,strong_positive,linear,16,last_word_before_question_mark,0.5217864125122189,0.5217864125122189,0.0,near_zero,False,161
Qwen/Qwen3-8B-Base,qa_neutral,strong_positive,linear,16,newline,0.5217864125122189,0.5217864125122189,0.0,near_zero,False,161
Qwen/Qwen3-8B-Base,qa_neutral,strong_positive,linear,16,last_token,0.5217864125122189,0.5217864125122189,0.0,near_zero,False,161
Qwen/Qwen3-8B-Base,qa_neutral,strong_positive,linear,17,question_mark,0.5217864125122189,0.5217864125122189,0.0,near_zero,False,161
Qwen/Qwen3-8B-Base,qa_neutral,strong_positive,linear,17,last_word_before_question_mark,0.5217864125122189,0.5217864125122189,0.0,near_zero,False,161
Qwen/Qwen3-8B-Base,qa_neutral,strong_positive,linear,17,newline,0.5217864125122189,0.5217864125122189,0.0,near_zero,False,161
Qwen/Qwen3-8B-Base,qa_neutral,strong_positive,linear,17,last_token,0.5217864125122189,0.5217864125122189,0.0,near_zero,False,161
Qwen/Qwen3-8B-Base,qa_neutral,strong_positive,linear,18,question_mark,0.5217864125122189,0.5217864125122189,0.0,near_zero,False,161
Qwen/Qwen3-8B-Base,qa_neutral,strong_positive,linear,18,last_word_before_question_mark,0.5217864125122189,0.5217864125122189,0.0,near_zero,False,161
Qwen/Qwen3-8B-Base,qa_neutral,strong_positive,linear,18,newline,0.5217864125122189,0.5217864125122189,0.0,near_zero,False,161
Qwen/Qwen3-8B-Base,qa_neutral,strong_positive,linear,18,last_token,0.5217864125122189,0.5217864125122189,0.0,near_zero,False,161
Qwen/Qwen3-8B-Base,qa_neutral,strong_positive,linear,19,question_mark,0.5217864125122189,0.5217864125122189,0.0,near_zero,False,161
Qwen/Qwen3-8B-Base,qa_neutral,strong_positive,linear,19,last_word_before_question_mark,0.5217864125122189,0.5217864125122189,0.0,near_zero,False,161
Qwen/Qwen3-8B-Base,qa_neutral,strong_positive,linear,19,newline,0.5217864125122189,0.5217864125122189,0.0,near_zero,False,161
Qwen/Qwen3-8B-Base,qa_neutral,strong_positive,linear,19,last_token,0.5217864125122189,0.5217864125122189,0.0,near_zero,False,161
Qwen/Qwen3-8B-Base,qa_neutral,strong_positive,linear,20,question_mark,0.5217864125122189,0.5217864125122189,0.0,near_zero,False,161
Qwen/Qwen3-8B-Base,qa_neutral,strong_positive,linear,20,last_word_before_question_mark,0.5217864125122189,0.5217864125122189,0.0,near_zero,False,161
Qwen/Qwen3-8B-Base,qa_neutral,strong_positive,linear,20,newline,0.5217864125122189,0.5217864125122189,0.0,near_zero,False,161
Qwen/Qwen3-8B-Base,qa_neutral,strong_positive,linear,20,last_token,0.5217864125122189,0.5217864125122189,0.0,near_zero,False,161
Qwen/Qwen3-8B-Base,qa_neutral,strong_positive,linear,21,question_mark,0.5217864125122189,0.5217864125122189,0.0,near_zero,False,161
Qwen/Qwen3-8B-Base,qa_neutral,strong_positive,linear,21,last_word_before_question_mark,0.5217864125122189,0.5217864125122189,0.0,near_zero,False,161
Qwen/Qwen3-8B-Base,qa_neutral,strong_positive,linear,21,newline,0.5217864125122189,0.5217864125122189,0.0,near_zero,False,161
Qwen/Qwen3-8B-Base,qa_neutral,strong_positive,linear,21,last_token,0.5217864125122189,0.5217864125122189,0.0,near_zero,False,161
Qwen/Qwen3-8B-Base,qa_neutral,strong_positive,linear,22,question_mark,0.5217864125122189,0.5217864125122189,0.0,near_zero,False,161
Qwen/Qwen3-8B-Base,qa_neutral,strong_positive,linear,22,last_word_before_question_mark,0.5217864125122189,0.5217864125122189,0.0,near_zero,False,161
Qwen/Qwen3-8B-Base,qa_neutral,strong_positive,linear,22,newline,0.5217864125122189,0.5217864125122189,0.0,near_zero,False,161
Qwen/Qwen3-8B-Base,qa_neutral,strong_positive,linear,22,last_token,0.5217864125122189,0.5217864125122189,0.0,near_zero,False,161
Qwen/Qwen3-8B-Base,qa_neutral,strong_positive,linear,23,question_mark,0.5217864125122189,0.5217864125122189,0.0,near_zero,False,161
Qwen/Qwen3-8B-Base,qa_neutral,strong_positive,linear,23,last_word_before_question_mark,0.5217864125122189,0.5217864125122189,0.0,near_zero,False,161
Qwen/Qwen3-8B-Base,qa_neutral,strong_positive,linear,23,newline,0.5217864125122189,0.5217864125122189,0.0,near_zero,False,161
Qwen/Qwen3-8B-Base,qa_neutral,strong_positive,linear,23,last_token,0.5217864125122189,0.5217864125122189,0.0,near_zero,False,161
Qwen/Qwen3-8B-Base,qa_neutral,strong_positive,linear,24,question_mark,0.5217864125122189,0.5217864125122189,0.0,near_zero,False,161
Qwen/Qwen3-8B-Base,qa_neutral,strong_positive,linear,24,last_word_before_question_mark,0.5217864125122189,0.5217864125122189,0.0,near_zero,False,161
Qwen/Qwen3-8B-Base,qa_neutral,strong_positive,linear,24,newline,0.5217864125122189,0.5217864125122189,0.0,near_zero,False,161
Qwen/Qwen3-8B-Base,qa_neutral,strong_positive,linear,24,last_token,0.5217864125122189,0.5217864125122189,0.0,near_zero,False,161
Qwen/Qwen3-8B-Base,qa_neutral,strong_positive,linear,25,question_mark,0.5217864125122189,0.5217864125122189,0.0,near_zero,False,161
Qwen/Qwen3-8B-Base,qa_neutral,strong_positive,linear,25,last_word_before_question_mark,0.5217864125122189,0.5217864125122189,0.0,near_zero,False,161
Qwen/Qwen3-8B-Base,qa_neutral,strong_positive,linear,25,newline,0.5217864125122189,0.5217864125122189,0.0,near_zero,False,161
Qwen/Qwen3-8B-Base,qa_neutral,strong_positive,linear,25,last_token,0.5217864125122189,0.5217864125122189,0.0,near_zero,False,161
Qwen/Qwen3-8B-Base,qa_neutral,strong_positive,linear,26,question_mark,0.5217864125122189,0.5217864125122189,0.0,near_zero,False,161
Qwen/Qwen3-8B-Base,qa_neutral,strong_positive,linear,26,last_word_before_question_mark,0.5217864125122189,0.5217864125122189,0.0,near_zero,False,161
Qwen/Qwen3-8B-Base,qa_neutral,strong_positive,linear,26,newline,0.5217864125122189,0.5217864125122189,0.0,near_zero,False,161
Qwen/Qwen3-8B-Base,qa_neutral,strong_positive,linear,26,last_token,0.5217864125122189,0.5217864125122189,0.0,near_zero,False,161
Qwen/Qwen3-8B-Base,qa_neutral,strong_positive,linear,27,question_mark,0.5217864125122189,0.5217864125122189,0.0,near_zero,False,161
Qwen/Qwen3-8B-Base,qa_neutral,strong_positive,linear,27,last_word_before_question_mark,0.5217864125122189,0.5217864125122189,0.0,near_zero,False,161
Qwen/Qwen3-8B-Base,qa_neutral,strong_positive,linear,27,newline,0.5217864125122189,0.5217864125122189,0.0,near_zero,False,161
Qwen/Qwen3-8B-Base,qa_neutral,strong_positive,linear,27,last_token,0.5217864125122189,0.5217864125122189,0.0,near_zero,False,161
Qwen/Qwen3-8B-Base,qa_neutral,strong_positive,linear,28,question_mark,0.5217864125122189,0.5217864125122189,0.0,near_zero,False,161
Qwen/Qwen3-8B-Base,qa_neutral,strong_positive,linear,28,last_word_before_question_mark,0.5217864125122189,0.5217864125122189,0.0,near_zero,False,161
Qwen/Qwen3-8B-Base,qa_neutral,strong_positive,linear,28,newline,0.5217864125122189,0.5217864125122189,0.0,near_zero,False,161
Qwen/Qwen3-8B-Base,qa_neutral,strong_positive,linear,28,last_token,0.5217864125122189,0.5217864125122189,0.0,near_zero,False,161
Qwen/Qwen3-8B-Base,qa_neutral,strong_positive,linear,29,question_mark,0.5217864125122189,0.5217864125122189,0.0,near_zero,False,161
Qwen/Qwen3-8B-Base,qa_neutral,strong_positive,linear,29,last_word_before_question_mark,0.5217864125122189,0.5217864125122189,0.0,near_zero,False,161
Qwen/Qwen3-8B-Base,qa_neutral,strong_positive,linear,29,newline,0.5217864125122189,0.5217864125122189,0.0,near_zero,False,161
Qwen/Qwen3-8B-Base,qa_neutral,strong_positive,linear,29,last_token,0.5217864125122189,0.5217864125122189,0.0,near_zero,False,161
Qwen/Qwen3-8B-Base,qa_neutral,strong_positive,linear,30,question_mark,0.5217864125122189,0.5217864125122189,0.0,near_zero,False,161
Qwen/Qwen3-8B-Base,qa_neutral,strong_positive,linear,30,last_word_before_question_mark,0.5217864125122189,0.5217864125122189,0.0,near_zero,False,161
Qwen/Qwen3-8B-Base,qa_neutral,strong_positive,linear,30,newline,0.5217864125122189,0.5217864125122189,0.0,near_zero,False,161
Qwen/Qwen3-8B-Base,qa_neutral,strong_positive,linear,30,last_token,0.5217864125122189,0.5217864125122189,0.0,near_zero,False,161
Qwen/Qwen3-8B-Base,rhyme,strong_positive,linear,3,last_word_before_newline,0.9099999999999999,0.24500000000000002,66.49999999999999,strong_positive,True,200
Qwen/Qwen3-8B-Base,rhyme,strong_positive,linear,3,newline,0.795,0.24500000000000002,55.00000000000001,strong_positive,True,200
Qwen/Qwen3-8B-Base,rhyme,strong_positive,linear,4,last_word_before_newline,0.8550000000000001,0.24500000000000002,61.00000000000001,strong_positive,True,200
Qwen/Qwen3-8B-Base,rhyme,strong_positive,linear,4,newline,0.74,0.24500000000000002,49.5,strong_positive,True,200
Qwen/Qwen3-8B-Base,rhyme,strong_positive,linear,5,last_word_before_newline,0.8750000000000002,0.275,60.00000000000002,strong_positive,True,200
Qwen/Qwen3-8B-Base,rhyme,strong_positive,linear,5,newline,0.7299999999999999,0.275,45.499999999999986,strong_positive,True,200
Qwen/Qwen3-8B-Base,rhyme,strong_positive,linear,6,last_word_before_newline,0.85,0.285,56.49999999999999,strong_positive,True,200
Qwen/Qwen3-8B-Base,rhyme,strong_positive,linear,6,newline,0.7649999999999999,0.285,47.99999999999999,strong_positive,True,200
Qwen/Qwen3-8B-Base,rhyme,strong_positive,linear,7,last_word_before_newline,0.8100000000000002,0.32499999999999996,48.50000000000002,strong_positive,True,200
Qwen/Qwen3-8B-Base,rhyme,strong_positive,linear,7,newline,0.8,0.32499999999999996,47.50000000000001,strong_positive,True,200
Qwen/Qwen3-8B-Base,rhyme,strong_positive,linear,8,last_word_before_newline,0.82,0.30500000000000005,51.49999999999999,strong_positive,True,200
Qwen/Qwen3-8B-Base,rhyme,strong_positive,linear,8,newline,0.7849999999999999,0.30500000000000005,47.999999999999986,strong_positive,True,200
Qwen/Qwen3-8B-Base,rhyme,strong_positive,linear,9,last_word_before_newline,0.7849999999999999,0.29500000000000004,48.999999999999986,strong_positive,True,200
Qwen/Qwen3-8B-Base,rhyme,strong_positive,linear,9,newline,0.76,0.29500000000000004,46.5,strong_positive,True,200
Qwen/Qwen3-8B-Base,rhyme,strong_positive,linear,10,last_word_before_newline,0.75,0.29000000000000004,46.0,strong_positive,True,200
Qwen/Qwen3-8B-Base,rhyme,strong_positive,linear,10,newline,0.775,0.29000000000000004,48.5,strong_positive,True,200
Qwen/Qwen3-8B-Base,rhyme,strong_positive,linear,11,last_word_before_newline,0.7500000000000001,0.275,47.50000000000001,strong_positive,True,200
Qwen/Qwen3-8B-Base,rhyme,strong_positive,linear,11,newline,0.7550000000000001,0.275,48.00000000000001,strong_positive,True,200
Qwen/Qwen3-8B-Base,rhyme,strong_positive,linear,12,last_word_before_newline,0.73,0.27999999999999997,45.0,strong_positive,True,200
Qwen/Qwen3-8B-Base,rhyme,strong_positive,linear,12,newline,0.7799999999999999,0.27999999999999997,49.99999999999999,strong_positive,True,200
Qwen/Qwen3-8B-Base,rhyme,strong_positive,linear,13,last_word_before_newline,0.71,0.29500000000000004,41.49999999999999,strong_positive,True,200
Qwen/Qwen3-8B-Base,rhyme,strong_positive,linear,13,newline,0.725,0.29500000000000004,42.99999999999999,strong_positive,True,200
Qwen/Qwen3-8B-Base,rhyme,strong_positive,linear,14,last_word_before_newline,0.7150000000000001,0.30999999999999994,40.500000000000014,strong_positive,True,200
Qwen/Qwen3-8B-Base,rhyme,strong_positive,linear,14,newline,0.705,0.30999999999999994,39.5,strong_positive,True,200
Qwen/Qwen3-8B-Base,rhyme,strong_positive,linear,15,last_word_before_newline,0.76,0.33999999999999997,42.00000000000001,strong_positive,True,200
Qwen/Qwen3-8B-Base,rhyme,strong_positive,linear,15,newline,0.6449999999999999,0.33999999999999997,30.499999999999993,strong_positive,True,200
Qwen/Qwen3-8B-Base,rhyme,strong_positive,linear,16,last_word_before_newline,0.78,0.325,45.5,strong_positive,True,200
Qwen/Qwen3-8B-Base,rhyme,strong_positive,linear,16,newline,0.6649999999999999,0.325,33.99999999999999,strong_positive,True,200
Qwen/Qwen3-8B-Base,rhyme,strong_positive,linear,17,last_word_before_newline,0.8049999999999999,0.345,46.0,strong_positive,True,200
Qwen/Qwen3-8B-Base,rhyme,strong_positive,linear,17,newline,0.665,0.345,32.00000000000001,strong_positive,True,200
Qwen/Qwen3-8B-Base,rhyme,strong_positive,linear,18,last_word_before_newline,0.93,0.37,56.00000000000001,strong_positive,True,200
Qwen/Qwen3-8B-Base,rhyme,strong_positive,linear,18,newline,0.655,0.37,28.500000000000004,strong_positive,True,200
Qwen/Qwen3-8B-Base,rhyme,strong_positive,linear,19,last_word_before_newline,0.9199999999999999,0.355,56.49999999999999,strong_positive,True,200
Qwen/Qwen3-8B-Base,rhyme,strong_positive,linear,19,newline,0.875,0.355,52.0,strong_positive,True,200
Qwen/Qwen3-8B-Base,rhyme,strong_positive,linear,20,last_word_before_newline,0.9349999999999999,0.375,55.99999999999999,strong_positive,True,200
Qwen/Qwen3-8B-Base,rhyme,strong_positive,linear,20,newline,0.875,0.375,50.0,strong_positive,True,200
Qwen/Qwen3-8B-Base,rhyme,strong_positive,linear,21,last_word_before_newline,0.9600000000000002,0.36500000000000005,59.50000000000002,strong_positive,True,200
Qwen/Qwen3-8B-Base,rhyme,strong_positive,linear,21,newline,0.8550000000000001,0.36500000000000005,49.00000000000001,strong_positive,True,200
Qwen/Qwen3-8B-Base,rhyme,strong_positive,linear,22,last_word_before_newline,0.9800000000000001,0.3450000000000001,63.5,strong_positive,True,200
Qwen/Qwen3-8B-Base,rhyme,strong_positive,linear,22,newline,0.72,0.3450000000000001,37.499999999999986,strong_positive,True,200
Qwen/Qwen3-8B-Base,rhyme,strong_positive,linear,23,last_word_before_newline,0.97,0.38,59.0,strong_positive,True,200
Qwen/Qwen3-8B-Base,rhyme,strong_positive,linear,23,newline,0.7150000000000001,0.38,33.50000000000001,strong_positive,True,200
Qwen/Qwen3-8B-Base,rhyme,strong_positive,linear,24,last_word_before_newline,0.985,0.37,61.5,strong_positive,True,200
Qwen/Qwen3-8B-Base,rhyme,strong_positive,linear,24,newline,0.6849999999999999,0.37,31.499999999999993,strong_positive,True,200
Qwen/Qwen3-8B-Base,rhyme,strong_positive,linear,25,last_word_before_newline,0.975,0.37,60.5,strong_positive,True,200
Qwen/Qwen3-8B-Base,rhyme,strong_positive,linear,25,newline,0.6200000000000001,0.37,25.00000000000001,strong_positive,True,200
Qwen/Qwen3-8B-Base,rhyme,strong_positive,linear,26,last_word_before_newline,0.97,0.325,64.5,strong_positive,True,200
Qwen/Qwen3-8B-Base,rhyme,strong_positive,linear,26,newline,0.6300000000000001,0.325,30.50000000000001,strong_positive,True,200
Qwen/Qwen3-8B-Base,rhyme,strong_positive,linear,27,last_word_before_newline,0.975,0.36,61.5,strong_positive,True,200
Qwen/Qwen3-8B-Base,rhyme,strong_positive,linear,27,newline,0.655,0.36,29.500000000000004,strong_positive,True,200
Qwen/Qwen3-8B-Base,rhyme,strong_positive,linear,28,last_word_before_newline,0.975,0.325,64.99999999999999,strong_positive,True,200
Qwen/Qwen3-8B-Base,rhyme,strong_positive,linear,28,newline,0.645,0.325,32.0,strong_positive,True,200
Qwen/Qwen3-8B-Base,rhyme,strong_positive,linear,29,last_word_before_newline,0.9800000000000001,0.325,65.5,strong_positive,True,200
Qwen/Qwen3-8B-Base,rhyme,strong_positive,linear,29,newline,0.65,0.325,32.5,strong_positive,True,200
Qwen/Qwen3-8B-Base,rhyme,strong_positive,linear,30,last_word_before_newline,0.9649999999999999,0.34500000000000003,61.999999999999986,strong_positive,True,200
Qwen/Qwen3-8B-Base,rhyme,strong_positive,linear,30,newline,0.655,0.34500000000000003,31.0,strong_positive,True,200
Qwen/Qwen3-8B-Base,rhyme,strong_positive,linear,3,last_word_before_newline,0.9099999999999999,0.24500000000000002,66.49999999999999,strong_positive,True,200
Qwen/Qwen3-8B-Base,rhyme,strong_positive,linear,3,newline,0.795,0.24500000000000002,55.00000000000001,strong_positive,True,200
Qwen/Qwen3-8B-Base,rhyme,strong_positive,linear,4,last_word_before_newline,0.8550000000000001,0.24500000000000002,61.00000000000001,strong_positive,True,200
Qwen/Qwen3-8B-Base,rhyme,strong_positive,linear,4,newline,0.74,0.24500000000000002,49.5,strong_positive,True,200
Qwen/Qwen3-8B-Base,rhyme,strong_positive,linear,5,last_word_before_newline,0.8750000000000002,0.275,60.00000000000002,strong_positive,True,200
Qwen/Qwen3-8B-Base,rhyme,strong_positive,linear,5,newline,0.7299999999999999,0.275,45.499999999999986,strong_positive,True,200
Qwen/Qwen3-8B-Base,rhyme,strong_positive,linear,6,last_word_before_newline,0.85,0.285,56.49999999999999,strong_positive,True,200
Qwen/Qwen3-8B-Base,rhyme,strong_positive,linear,6,newline,0.7649999999999999,0.285,47.99999999999999,strong_positive,True,200
Qwen/Qwen3-8B-Base,rhyme,strong_positive,linear,7,last_word_before_newline,0.8100000000000002,0.32499999999999996,48.50000000000002,strong_positive,True,200
Qwen/Qwen3-8B-Base,rhyme,strong_positive,linear,7,newline,0.8,0.32499999999999996,47.50000000000001,strong_positive,True,200
Qwen/Qwen3-8B-Base,rhyme,strong_positive,linear,8,last_word_before_newline,0.82,0.30500000000000005,51.49999999999999,strong_positive,True,200
Qwen/Qwen3-8B-Base,rhyme,strong_positive,linear,8,newline,0.7849999999999999,0.30500000000000005,47.999999999999986,strong_positive,True,200
Qwen/Qwen3-8B-Base,rhyme,strong_positive,linear,9,last_word_before_newline,0.7849999999999999,0.29500000000000004,48.999999999999986,strong_positive,True,200
Qwen/Qwen3-8B-Base,rhyme,strong_positive,linear,9,newline,0.76,0.29500000000000004,46.5,strong_positive,True,200
Qwen/Qwen3-8B-Base,rhyme,strong_positive,linear,10,last_word_before_newline,0.75,0.29000000000000004,46.0,strong_positive,True,200
Qwen/Qwen3-8B-Base,rhyme,strong_positive,linear,10,newline,0.775,0.29000000000000004,48.5,strong_positive,True,200
Qwen/Qwen3-8B-Base,rhyme,strong_positive,linear,11,last_word_before_newline,0.7500000000000001,0.275,47.50000000000001,strong_positive,True,200
Qwen/Qwen3-8B-Base,rhyme,strong_positive,linear,11,newline,0.7550000000000001,0.275,48.00000000000001,strong_positive,True,200
Qwen/Qwen3-8B-Base,rhyme,strong_positive,linear,12,last_word_before_newline,0.73,0.27999999999999997,45.0,strong_positive,True,200
Qwen/Qwen3-8B-Base,rhyme,strong_positive,linear,12,newline,0.7799999999999999,0.27999999999999997,49.99999999999999,strong_positive,True,200
Qwen/Qwen3-8B-Base,rhyme,strong_positive,linear,13,last_word_before_newline,0.71,0.29500000000000004,41.49999999999999,strong_positive,True,200
Qwen/Qwen3-8B-Base,rhyme,strong_positive,linear,13,newline,0.725,0.29500000000000004,42.99999999999999,strong_positive,True,200
Qwen/Qwen3-8B-Base,rhyme,strong_positive,linear,14,last_word_before_newline,0.7150000000000001,0.30999999999999994,40.500000000000014,strong_positive,True,200
Qwen/Qwen3-8B-Base,rhyme,strong_positive,linear,14,newline,0.705,0.30999999999999994,39.5,strong_positive,True,200
Qwen/Qwen3-8B-Base,rhyme,strong_positive,linear,15,last_word_before_newline,0.76,0.33999999999999997,42.00000000000001,strong_positive,True,200
Qwen/Qwen3-8B-Base,rhyme,strong_positive,linear,15,newline,0.6449999999999999,0.33999999999999997,30.499999999999993,strong_positive,True,200
Qwen/Qwen3-8B-Base,rhyme,strong_positive,linear,16,last_word_before_newline,0.78,0.325,45.5,strong_positive,True,200
Qwen/Qwen3-8B-Base,rhyme,strong_positive,linear,16,newline,0.6649999999999999,0.325,33.99999999999999,strong_positive,True,200
Qwen/Qwen3-8B-Base,rhyme,strong_positive,linear,17,last_word_before_newline,0.8049999999999999,0.345,46.0,strong_positive,True,200
Qwen/Qwen3-8B-Base,rhyme,strong_positive,linear,17,newline,0.665,0.345,32.00000000000001,strong_positive,True,200
Qwen/Qwen3-8B-Base,rhyme,strong_positive,linear,18,last_word_before_newline,0.93,0.37,56.00000000000001,strong_positive,True,200
Qwen/Qwen3-8B-Base,rhyme,strong_positive,linear,18,newline,0.655,0.37,28.500000000000004,strong_positive,True,200
Qwen/Qwen3-8B-Base,rhyme,strong_positive,linear,19,last_word_before_newline,0.9199999999999999,0.355,56.49999999999999,strong_positive,True,200
Qwen/Qwen3-8B-Base,rhyme,strong_positive,linear,19,newline,0.875,0.355,52.0,strong_positive,True,200
Qwen/Qwen3-8B-Base,rhyme,strong_positive,linear,20,last_word_before_newline,0.9349999999999999,0.375,55.99999999999999,strong_positive,True,200
Qwen/Qwen3-8B-Base,rhyme,strong_positive,linear,20,newline,0.875,0.375,50.0,strong_positive,True,200
Qwen/Qwen3-8B-Base,rhyme,strong_positive,linear,21,last_word_before_newline,0.9600000000000002,0.36500000000000005,59.50000000000002,strong_positive,True,200
Qwen/Qwen3-8B-Base,rhyme,strong_positive,linear,21,newline,0.8550000000000001,0.36500000000000005,49.00000000000001,strong_positive,True,200
Qwen/Qwen3-8B-Base,rhyme,strong_positive,linear,22,last_word_before_newline,0.9800000000000001,0.3450000000000001,63.5,strong_positive,True,200
Qwen/Qwen3-8B-Base,rhyme,strong_positive,linear,22,newline,0.72,0.3450000000000001,37.499999999999986,strong_positive,True,200
Qwen/Qwen3-8B-Base,rhyme,strong_positive,linear,23,last_word_before_newline,0.97,0.38,59.0,strong_positive,True,200
Qwen/Qwen3-8B-Base,rhyme,strong_positive,linear,23,newline,0.7150000000000001,0.38,33.50000000000001,strong_positive,True,200
Qwen/Qwen3-8B-Base,rhyme,strong_positive,linear,24,last_word_before_newline,0.985,0.37,61.5,strong_positive,True,200
Qwen/Qwen3-8B-Base,rhyme,strong_positive,linear,24,newline,0.6849999999999999,0.37,31.499999999999993,strong_positive,True,200
Qwen/Qwen3-8B-Base,rhyme,strong_positive,linear,25,last_word_before_newline,0.975,0.37,60.5,strong_positive,True,200
Qwen/Qwen3-8B-Base,rhyme,strong_positive,linear,25,newline,0.6200000000000001,0.37,25.00000000000001,strong_positive,True,200
Qwen/Qwen3-8B-Base,rhyme,strong_positive,linear,26,last_word_before_newline,0.97,0.325,64.5,strong_positive,True,200
Qwen/Qwen3-8B-Base,rhyme,strong_positive,linear,26,newline,0.6300000000000001,0.325,30.50000000000001,strong_positive,True,200
Qwen/Qwen3-8B-Base,rhyme,strong_positive,linear,27,last_word_before_newline,0.975,0.36,61.5,strong_positive,True,200
Qwen/Qwen3-8B-Base,rhyme,strong_positive,linear,27,newline,0.655,0.36,29.500000000000004,strong_positive,True,200
Qwen/Qwen3-8B-Base,rhyme,strong_positive,linear,28,last_word_before_newline,0.975,0.325,64.99999999999999,strong_positive,True,200
Qwen/Qwen3-8B-Base,rhyme,strong_positive,linear,28,newline,0.645,0.325,32.0,strong_positive,True,200
Qwen/Qwen3-8B-Base,rhyme,strong_positive,linear,29,last_word_before_newline,0.9800000000000001,0.325,65.5,strong_positive,True,200
Qwen/Qwen3-8B-Base,rhyme,strong_positive,linear,29,newline,0.65,0.325,32.5,strong_positive,True,200
Qwen/Qwen3-8B-Base,rhyme,strong_positive,linear,30,last_word_before_newline,0.9649999999999999,0.34500000000000003,61.999999999999986,strong_positive,True,200
Qwen/Qwen3-8B-Base,rhyme,strong_positive,linear,30,newline,0.655,0.34500000000000003,31.0,strong_positive,True,200
google/gemma-2-27b,code,negative,linear,0,colon,0.6745098039215687,0.7002329644729178,-2.5723160551349156,negative,True,507
google/gemma-2-27b,code,negative,linear,0,newline,0.737604348670161,0.7002329644729178,3.7371384197243174,weak_positive,False,507
google/gemma-2-27b,code,negative,linear,0,last_token,0.7081731702582024,0.7002329644729178,0.7940205785284538,near_zero,False,507
google/gemma-2-27b,code,negative,linear,7,colon,0.9052417006406523,0.8402057852844107,6.503591535624165,strong_positive,False,507
google/gemma-2-27b,code,negative,linear,7,newline,0.8954183653659484,0.8480295088332361,4.73888565327123,weak_positive,False,507
google/gemma-2-27b,code,negative,linear,7,last_token,0.893496408464376,0.8480295088332361,4.546689963113981,weak_positive,False,507
google/gemma-2-27b,code,negative,linear,15,colon,0.9230052417006407,0.9052999417588816,1.7705299941759067,near_zero,False,507
google/gemma-2-27b,code,negative,linear,15,newline,0.9152203455639683,0.9052999417588816,0.9920403805086631,near_zero,False,507
google/gemma-2-27b,code,negative,linear,15,last_token,0.9526693845855174,0.9052999417588816,4.73694428266358,weak_positive,False,507
google/gemma-2-27b,code,negative,linear,23,colon,0.9546301688992429,0.9152397592700445,3.9390409629198375,weak_positive,False,507
google/gemma-2-27b,code,negative,linear,23,newline,0.9408270238788585,0.9152397592700445,2.5587264608813998,weak_positive,False,507
google/gemma-2-27b,code,negative,linear,23,last_token,0.9703940982333528,0.9152397592700445,5.515433896330824,strong_positive,False,507
google/gemma-2-27b,code,negative,linear,30,colon,0.9408270238788585,0.9073772083090661,3.344981556979243,weak_positive,False,507
google/gemma-2-27b,code,negative,linear,30,newline,0.9151232770335855,0.9073772083090661,0.7746068724519439,near_zero,False,507
google/gemma-2-27b,code,negative,linear,30,last_token,0.9605125218404194,0.9073772083090661,5.313531353135326,strong_positive,False,507
google/gemma-2-27b,code,negative,linear,45,colon,0.925004853426519,0.8345175694039992,9.048728402251971,strong_positive,False,507
google/gemma-2-27b,code,negative,linear,45,newline,0.91720054358377,0.8345175694039992,8.268297417977077,strong_positive,False,507
google/gemma-2-27b,code,negative,linear,45,last_token,0.9328479906814211,0.8345175694039992,9.833042127742186,strong_positive,False,507
google/gemma-2-27b,qa_neutral,strong_positive,linear,4,question_mark,0.5217864125122189,0.5217864125122189,0.0,near_zero,False,161
google/gemma-2-27b,qa_neutral,strong_positive,linear,4,last_word_before_question_mark,0.5217864125122189,0.5217864125122189,0.0,near_zero,False,161
google/gemma-2-27b,qa_neutral,strong_positive,linear,4,newline,0.5157258064516129,0.5217864125122189,-0.6060606060605989,near_zero,False,161
google/gemma-2-27b,qa_neutral,strong_positive,linear,4,last_token,0.509475806451613,0.5217864125122189,-1.2310606060605966,near_zero,False,161
google/gemma-2-27b,qa_neutral,strong_positive,linear,5,question_mark,0.5217864125122189,0.5217864125122189,0.0,near_zero,False,161
google/gemma-2-27b,qa_neutral,strong_positive,linear,5,last_word_before_question_mark,0.5217864125122189,0.5217864125122189,0.0,near_zero,False,161
google/gemma-2-27b,qa_neutral,strong_positive,linear,5,newline,0.5157258064516129,0.5217864125122189,-0.6060606060605989,near_zero,False,161
google/gemma-2-27b,qa_neutral,strong_positive,linear,5,last_token,0.509475806451613,0.5217864125122189,-1.2310606060605966,near_zero,False,161
google/gemma-2-27b,qa_neutral,strong_positive,linear,6,question_mark,0.5217864125122189,0.5217864125122189,0.0,near_zero,False,161
google/gemma-2-27b,qa_neutral,strong_positive,linear,6,last_word_before_question_mark,0.5217864125122189,0.5217864125122189,0.0,near_zero,False,161
google/gemma-2-27b,qa_neutral,strong_positive,linear,6,newline,0.5157258064516129,0.5217864125122189,-0.6060606060605989,near_zero,False,161
google/gemma-2-27b,qa_neutral,strong_positive,linear,6,last_token,0.509475806451613,0.5217864125122189,-1.2310606060605966,near_zero,False,161
google/gemma-2-27b,qa_neutral,strong_positive,linear,7,question_mark,0.5217864125122189,0.5217864125122189,0.0,near_zero,False,161
google/gemma-2-27b,qa_neutral,strong_positive,linear,7,last_word_before_question_mark,0.5217864125122189,0.5217864125122189,0.0,near_zero,False,161
google/gemma-2-27b,qa_neutral,strong_positive,linear,7,newline,0.5157258064516129,0.5217864125122189,-0.6060606060605989,near_zero,False,161
google/gemma-2-27b,qa_neutral,strong_positive,linear,7,last_token,0.509475806451613,0.5217864125122189,-1.2310606060605966,near_zero,False,161
google/gemma-2-27b,qa_neutral,strong_positive,linear,8,question_mark,0.5217864125122189,0.5217864125122189,0.0,near_zero,False,161
google/gemma-2-27b,qa_neutral,strong_positive,linear,8,last_word_before_question_mark,0.5217864125122189,0.5217864125122189,0.0,near_zero,False,161
google/gemma-2-27b,qa_neutral,strong_positive,linear,8,newline,0.5217864125122189,0.5217864125122189,0.0,near_zero,False,161
google/gemma-2-27b,qa_neutral,strong_positive,linear,8,last_token,0.509475806451613,0.5217864125122189,-1.2310606060605966,near_zero,False,161
google/gemma-2-27b,qa_neutral,strong_positive,linear,9,question_mark,0.5217864125122189,0.5217864125122189,0.0,near_zero,False,161
google/gemma-2-27b,qa_neutral,strong_positive,linear,9,last_word_before_question_mark,0.5217864125122189,0.5217864125122189,0.0,near_zero,False,161
google/gemma-2-27b,qa_neutral,strong_positive,linear,9,newline,0.5157258064516129,0.5217864125122189,-0.6060606060605989,near_zero,False,161
google/gemma-2-27b,qa_neutral,strong_positive,linear,9,last_token,0.5155364125122189,0.5217864125122189,-0.6249999999999978,near_zero,False,161
google/gemma-2-27b,qa_neutral,strong_positive,linear,10,question_mark,0.5217864125122189,0.5217864125122189,0.0,near_zero,False,161
google/gemma-2-27b,qa_neutral,strong_positive,linear,10,last_word_before_question_mark,0.5217864125122189,0.5217864125122189,0.0,near_zero,False,161
google/gemma-2-27b,qa_neutral,strong_positive,linear,10,newline,0.5217864125122189,0.5217864125122189,0.0,near_zero,False,161
google/gemma-2-27b,qa_neutral,strong_positive,linear,10,last_token,0.5217864125122189,0.5217864125122189,0.0,near_zero,False,161
google/gemma-2-27b,qa_neutral,strong_positive,linear,11,question_mark,0.5217864125122189,0.5217864125122189,0.0,near_zero,False,161
google/gemma-2-27b,qa_neutral,strong_positive,linear,11,last_word_before_question_mark,0.5217864125122189,0.5217864125122189,0.0,near_zero,False,161
google/gemma-2-27b,qa_neutral,strong_positive,linear,11,newline,0.5217864125122189,0.5217864125122189,0.0,near_zero,False,161
google/gemma-2-27b,qa_neutral,strong_positive,linear,11,last_token,0.5217864125122189,0.5217864125122189,0.0,near_zero,False,161
google/gemma-2-27b,qa_neutral,strong_positive,linear,12,question_mark,0.5217864125122189,0.5217864125122189,0.0,near_zero,False,161
google/gemma-2-27b,qa_neutral,strong_positive,linear,12,last_word_before_question_mark,0.5217864125122189,0.5217864125122189,0.0,near_zero,False,161
google/gemma-2-27b,qa_neutral,strong_positive,linear,12,newline,0.5217864125122189,0.5217864125122189,0.0,near_zero,False,161
google/gemma-2-27b,qa_neutral,strong_positive,linear,12,last_token,0.5217864125122189,0.5217864125122189,0.0,near_zero,False,161
google/gemma-2-27b,qa_neutral,strong_positive,linear,13,question_mark,0.5217864125122189,0.5217864125122189,0.0,near_zero,False,161
google/gemma-2-27b,qa_neutral,strong_positive,linear,13,last_word_before_question_mark,0.5217864125122189,0.5217864125122189,0.0,near_zero,False,161
google/gemma-2-27b,qa_neutral,strong_positive,linear,13,newline,0.5217864125122189,0.5217864125122189,0.0,near_zero,False,161
google/gemma-2-27b,qa_neutral,strong_positive,linear,13,last_token,0.5217864125122189,0.5217864125122189,0.0,near_zero,False,161
google/gemma-2-27b,qa_neutral,strong_positive,linear,14,question_mark,0.5217864125122189,0.5217864125122189,0.0,near_zero,False,161
google/gemma-2-27b,qa_neutral,strong_positive,linear,14,last_word_before_question_mark,0.5217864125122189,0.5217864125122189,0.0,near_zero,False,161
google/gemma-2-27b,qa_neutral,strong_positive,linear,14,newline,0.5217864125122189,0.5217864125122189,0.0,near_zero,False,161
google/gemma-2-27b,qa_neutral,strong_positive,linear,14,last_token,0.5217864125122189,0.5217864125122189,0.0,near_zero,False,161
google/gemma-2-27b,qa_neutral,strong_positive,linear,15,question_mark,0.5217864125122189,0.5217864125122189,0.0,near_zero,False,161
google/gemma-2-27b,qa_neutral,strong_positive,linear,15,last_word_before_question_mark,0.5217864125122189,0.5217864125122189,0.0,near_zero,False,161
google/gemma-2-27b,qa_neutral,strong_positive,linear,15,newline,0.5217864125122189,0.5217864125122189,0.0,near_zero,False,161
google/gemma-2-27b,qa_neutral,strong_positive,linear,15,last_token,0.5217864125122189,0.5217864125122189,0.0,near_zero,False,161
google/gemma-2-27b,qa_neutral,strong_positive,linear,16,question_mark,0.5217864125122189,0.5217864125122189,0.0,near_zero,False,161
google/gemma-2-27b,qa_neutral,strong_positive,linear,16,last_word_before_question_mark,0.5217864125122189,0.5217864125122189,0.0,near_zero,False,161
google/gemma-2-27b,qa_neutral,strong_positive,linear,16,newline,0.5217864125122189,0.5217864125122189,0.0,near_zero,False,161
google/gemma-2-27b,qa_neutral,strong_positive,linear,16,last_token,0.5217864125122189,0.5217864125122189,0.0,near_zero,False,161
google/gemma-2-27b,qa_neutral,strong_positive,linear,17,question_mark,0.5217864125122189,0.5217864125122189,0.0,near_zero,False,161
google/gemma-2-27b,qa_neutral,strong_positive,linear,17,last_word_before_question_mark,0.5217864125122189,0.5217864125122189,0.0,near_zero,False,161
google/gemma-2-27b,qa_neutral,strong_positive,linear,17,newline,0.5217864125122189,0.5217864125122189,0.0,near_zero,False,161
google/gemma-2-27b,qa_neutral,strong_positive,linear,17,last_token,0.5217864125122189,0.5217864125122189,0.0,near_zero,False,161
google/gemma-2-27b,qa_neutral,strong_positive,linear,18,question_mark,0.5217864125122189,0.5217864125122189,0.0,near_zero,False,161
google/gemma-2-27b,qa_neutral,strong_positive,linear,18,last_word_before_question_mark,0.5217864125122189,0.5217864125122189,0.0,near_zero,False,161
google/gemma-2-27b,qa_neutral,strong_positive,linear,18,newline,0.5217864125122189,0.5217864125122189,0.0,near_zero,False,161
google/gemma-2-27b,qa_neutral,strong_positive,linear,18,last_token,0.5217864125122189,0.5217864125122189,0.0,near_zero,False,161
google/gemma-2-27b,qa_neutral,strong_positive,linear,19,question_mark,0.5217864125122189,0.5217864125122189,0.0,near_zero,False,161
google/gemma-2-27b,qa_neutral,strong_positive,linear,19,last_word_before_question_mark,0.5217864125122189,0.5217864125122189,0.0,near_zero,False,161
google/gemma-2-27b,qa_neutral,strong_positive,linear,19,newline,0.5217864125122189,0.5217864125122189,0.0,near_zero,False,161
google/gemma-2-27b,qa_neutral,strong_positive,linear,19,last_token,0.5217864125122189,0.5217864125122189,0.0,near_zero,False,161
google/gemma-2-27b,qa_neutral,strong_positive,linear,20,question_mark,0.5217864125122189,0.5217864125122189,0.0,near_zero,False,161
google/gemma-2-27b,qa_neutral,strong_positive,linear,20,last_word_before_question_mark,0.5217864125122189,0.5217864125122189,0.0,near_zero,False,161
google/gemma-2-27b,qa_neutral,strong_positive,linear,20,newline,0.5217864125122189,0.5217864125122189,0.0,near_zero,False,161
google/gemma-2-27b,qa_neutral,strong_positive,linear,20,last_token,0.5217864125122189,0.5217864125122189,0.0,near_zero,False,161
google/gemma-2-27b,qa_neutral,strong_positive,linear,21,question_mark,0.5217864125122189,0.5217864125122189,0.0,near_zero,False,161
google/gemma-2-27b,qa_neutral,strong_positive,linear,21,last_word_before_question_mark,0.5217864125122189,0.5217864125122189,0.0,near_zero,False,161
google/gemma-2-27b,qa_neutral,strong_positive,linear,21,newline,0.5217864125122189,0.5217864125122189,0.0,near_zero,False,161
google/gemma-2-27b,qa_neutral,strong_positive,linear,21,last_token,0.5217864125122189,0.5217864125122189,0.0,near_zero,False,161
google/gemma-2-27b,qa_neutral,strong_positive,linear,22,question_mark,0.5217864125122189,0.5217864125122189,0.0,near_zero,False,161
google/gemma-2-27b,qa_neutral,strong_positive,linear,22,last_word_before_question_mark,0.5217864125122189,0.5217864125122189,0.0,near_zero,False,161
google/gemma-2-27b,qa_neutral,strong_positive,linear,22,newline,0.5217864125122189,0.5217864125122189,0.0,near_zero,False,161
google/gemma-2-27b,qa_neutral,strong_positive,linear,22,last_token,0.5217864125122189,0.5217864125122189,0.0,near_zero,False,161
google/gemma-2-27b,qa_neutral,strong_positive,linear,23,question_mark,0.5217864125122189,0.5217864125122189,0.0,near_zero,False,161
google/gemma-2-27b,qa_neutral,strong_positive,linear,23,last_word_before_question_mark,0.5217864125122189,0.5217864125122189,0.0,near_zero,False,161
google/gemma-2-27b,qa_neutral,strong_positive,linear,23,newline,0.5217864125122189,0.5217864125122189,0.0,near_zero,False,161
google/gemma-2-27b,qa_neutral,strong_positive,linear,23,last_token,0.5217864125122189,0.5217864125122189,0.0,near_zero,False,161
google/gemma-2-27b,qa_neutral,strong_positive,linear,24,question_mark,0.5217864125122189,0.5217864125122189,0.0,near_zero,False,161
google/gemma-2-27b,qa_neutral,strong_positive,linear,24,last_word_before_question_mark,0.5217864125122189,0.5217864125122189,0.0,near_zero,False,161
google/gemma-2-27b,qa_neutral,strong_positive,linear,24,newline,0.5217864125122189,0.5217864125122189,0.0,near_zero,False,161
google/gemma-2-27b,qa_neutral,strong_positive,linear,24,last_token,0.5217864125122189,0.5217864125122189,0.0,near_zero,False,161
google/gemma-2-27b,qa_neutral,strong_positive,linear,25,question_mark,0.5217864125122189,0.5217864125122189,0.0,near_zero,False,161
google/gemma-2-27b,qa_neutral,strong_positive,linear,25,last_word_before_question_mark,0.5217864125122189,0.5217864125122189,0.0,near_zero,False,161
google/gemma-2-27b,qa_neutral,strong_positive,linear,25,newline,0.5217864125122189,0.5217864125122189,0.0,near_zero,False,161
google/gemma-2-27b,qa_neutral,strong_positive,linear,25,last_token,0.5217864125122189,0.5217864125122189,0.0,near_zero,False,161
google/gemma-2-27b,qa_neutral,strong_positive,linear,26,question_mark,0.5217864125122189,0.5217864125122189,0.0,near_zero,False,161
google/gemma-2-27b,qa_neutral,strong_positive,linear,26,last_word_before_question_mark,0.5217864125122189,0.5217864125122189,0.0,near_zero,False,161
google/gemma-2-27b,qa_neutral,strong_positive,linear,26,newline,0.5217864125122189,0.5217864125122189,0.0,near_zero,False,161
google/gemma-2-27b,qa_neutral,strong_positive,linear,26,last_token,0.5217864125122189,0.5217864125122189,0.0,near_zero,False,161
google/gemma-2-27b,qa_neutral,strong_positive,linear,27,question_mark,0.5217864125122189,0.5217864125122189,0.0,near_zero,False,161
google/gemma-2-27b,qa_neutral,strong_positive,linear,27,last_word_before_question_mark,0.5217864125122189,0.5217864125122189,0.0,near_zero,False,161
google/gemma-2-27b,qa_neutral,strong_positive,linear,27,newline,0.5217864125122189,0.5217864125122189,0.0,near_zero,False,161
google/gemma-2-27b,qa_neutral,strong_positive,linear,27,last_token,0.5217864125122189,0.5217864125122189,0.0,near_zero,False,161
google/gemma-2-27b,qa_neutral,strong_positive,linear,28,question_mark,0.5217864125122189,0.5217864125122189,0.0,near_zero,False,161
google/gemma-2-27b,qa_neutral,strong_positive,linear,28,last_word_before_question_mark,0.5217864125122189,0.5217864125122189,0.0,near_zero,False,161
google/gemma-2-27b,qa_neutral,strong_positive,linear,28,newline,0.5217864125122189,0.5217864125122189,0.0,near_zero,False,161
google/gemma-2-27b,qa_neutral,strong_positive,linear,28,last_token,0.5217864125122189,0.5217864125122189,0.0,near_zero,False,161
google/gemma-2-27b,qa_neutral,strong_positive,linear,29,question_mark,0.5217864125122189,0.5217864125122189,0.0,near_zero,False,161
google/gemma-2-27b,qa_neutral,strong_positive,linear,29,last_word_before_question_mark,0.5217864125122189,0.5217864125122189,0.0,near_zero,False,161
google/gemma-2-27b,qa_neutral,strong_positive,linear,29,newline,0.5217864125122189,0.5217864125122189,0.0,near_zero,False,161
google/gemma-2-27b,qa_neutral,strong_positive,linear,29,last_token,0.5217864125122189,0.5217864125122189,0.0,near_zero,False,161
google/gemma-2-27b,qa_neutral,strong_positive,linear,30,question_mark,0.5217864125122189,0.5217864125122189,0.0,near_zero,False,161
google/gemma-2-27b,qa_neutral,strong_positive,linear,30,last_word_before_question_mark,0.5217864125122189,0.5217864125122189,0.0,near_zero,False,161
google/gemma-2-27b,qa_neutral,strong_positive,linear,30,newline,0.5217864125122189,0.5217864125122189,0.0,near_zero,False,161
google/gemma-2-27b,qa_neutral,strong_positive,linear,30,last_token,0.5217864125122189,0.5217864125122189,0.0,near_zero,False,161
google/gemma-2-27b,qa_neutral,strong_positive,linear,31,question_mark,0.5217864125122189,0.5217864125122189,0.0,near_zero,False,161
google/gemma-2-27b,qa_neutral,strong_positive,linear,31,last_word_before_question_mark,0.5217864125122189,0.5217864125122189,0.0,near_zero,False,161
google/gemma-2-27b,qa_neutral,strong_positive,linear,31,newline,0.5217864125122189,0.5217864125122189,0.0,near_zero,False,161
google/gemma-2-27b,qa_neutral,strong_positive,linear,31,last_token,0.5217864125122189,0.5217864125122189,0.0,near_zero,False,161
google/gemma-2-27b,qa_neutral,strong_positive,linear,32,question_mark,0.5217864125122189,0.5217864125122189,0.0,near_zero,False,161
google/gemma-2-27b,qa_neutral,strong_positive,linear,32,last_word_before_question_mark,0.5217864125122189,0.5217864125122189,0.0,near_zero,False,161
google/gemma-2-27b,qa_neutral,strong_positive,linear,32,newline,0.5217864125122189,0.5217864125122189,0.0,near_zero,False,161
google/gemma-2-27b,qa_neutral,strong_positive,linear,32,last_token,0.5217864125122189,0.5217864125122189,0.0,near_zero,False,161
google/gemma-2-27b,qa_neutral,strong_positive,linear,33,question_mark,0.5217864125122189,0.5217864125122189,0.0,near_zero,False,161
google/gemma-2-27b,qa_neutral,strong_positive,linear,33,last_word_before_question_mark,0.5217864125122189,0.5217864125122189,0.0,near_zero,False,161
google/gemma-2-27b,qa_neutral,strong_positive,linear,33,newline,0.5217864125122189,0.5217864125122189,0.0,near_zero,False,161
google/gemma-2-27b,qa_neutral,strong_positive,linear,33,last_token,0.5217864125122189,0.5217864125122189,0.0,near_zero,False,161
google/gemma-2-27b,qa_neutral,strong_positive,linear,34,question_mark,0.5217864125122189,0.5217864125122189,0.0,near_zero,False,161
google/gemma-2-27b,qa_neutral,strong_positive,linear,34,last_word_before_question_mark,0.5217864125122189,0.5217864125122189,0.0,near_zero,False,161
google/gemma-2-27b,qa_neutral,strong_positive,linear,34,newline,0.5217864125122189,0.5217864125122189,0.0,near_zero,False,161
google/gemma-2-27b,qa_neutral,strong_positive,linear,34,last_token,0.5217864125122189,0.5217864125122189,0.0,near_zero,False,161
google/gemma-2-27b,qa_neutral,strong_positive,linear,35,question_mark,0.5217864125122189,0.5217864125122189,0.0,near_zero,False,161
google/gemma-2-27b,qa_neutral,strong_positive,linear,35,last_word_before_question_mark,0.5217864125122189,0.5217864125122189,0.0,near_zero,False,161
google/gemma-2-27b,qa_neutral,strong_positive,linear,35,newline,0.5217864125122189,0.5217864125122189,0.0,near_zero,False,161
google/gemma-2-27b,qa_neutral,strong_positive,linear,35,last_token,0.5217864125122189,0.5217864125122189,0.0,near_zero,False,161
google/gemma-2-27b,qa_neutral,strong_positive,linear,36,question_mark,0.5217864125122189,0.5217864125122189,0.0,near_zero,False,161
google/gemma-2-27b,qa_neutral,strong_positive,linear,36,last_word_before_question_mark,0.5217864125122189,0.5217864125122189,0.0,near_zero,False,161
google/gemma-2-27b,qa_neutral,strong_positive,linear,36,newline,0.5217864125122189,0.5217864125122189,0.0,near_zero,False,161
google/gemma-2-27b,qa_neutral,strong_positive,linear,36,last_token,0.5217864125122189,0.5217864125122189,0.0,near_zero,False,161
google/gemma-2-27b,qa_neutral,strong_positive,linear,37,question_mark,0.5217864125122189,0.5217864125122189,0.0,near_zero,False,161
google/gemma-2-27b,qa_neutral,strong_positive,linear,37,last_word_before_question_mark,0.5217864125122189,0.5217864125122189,0.0,near_zero,False,161
google/gemma-2-27b,qa_neutral,strong_positive,linear,37,newline,0.5217864125122189,0.5217864125122189,0.0,near_zero,False,161
google/gemma-2-27b,qa_neutral,strong_positive,linear,37,last_token,0.5217864125122189,0.5217864125122189,0.0,near_zero,False,161
google/gemma-2-27b,qa_neutral,strong_positive,linear,38,question_mark,0.5217864125122189,0.5217864125122189,0.0,near_zero,False,161
google/gemma-2-27b,qa_neutral,strong_positive,linear,38,last_word_before_question_mark,0.5217864125122189,0.5217864125122189,0.0,near_zero,False,161
google/gemma-2-27b,qa_neutral,strong_positive,linear,38,newline,0.5217864125122189,0.5217864125122189,0.0,near_zero,False,161
google/gemma-2-27b,qa_neutral,strong_positive,linear,38,last_token,0.5217864125122189,0.5217864125122189,0.0,near_zero,False,161
google/gemma-2-27b,qa_neutral,strong_positive,linear,39,question_mark,0.5217864125122189,0.5217864125122189,0.0,near_zero,False,161
google/gemma-2-27b,qa_neutral,strong_positive,linear,39,last_word_before_question_mark,0.5217864125122189,0.5217864125122189,0.0,near_zero,False,161
google/gemma-2-27b,qa_neutral,strong_positive,linear,39,newline,0.5217864125122189,0.5217864125122189,0.0,near_zero,False,161
google/gemma-2-27b,qa_neutral,strong_positive,linear,39,last_token,0.5217864125122189,0.5217864125122189,0.0,near_zero,False,161
google/gemma-2-27b,qa_suggestive,near_zero,linear,4,question_mark,0.8896551724137931,0.8275862068965516,6.20689655172415,strong_positive,False,145
google/gemma-2-27b,qa_suggestive,near_zero,linear,4,last_word_before_question_mark,0.8068965517241379,0.8275862068965516,-2.0689655172413723,negative,False,145
google/gemma-2-27b,qa_suggestive,near_zero,linear,4,newline,0.8827586206896552,0.8551724137931034,2.758620689655178,weak_positive,False,145
google/gemma-2-27b,qa_suggestive,near_zero,linear,4,last_token,0.8689655172413794,0.8551724137931034,1.3793103448276,near_zero,True,145
google/gemma-2-27b,qa_suggestive,near_zero,linear,5,question_mark,0.8896551724137931,0.8482758620689654,4.137931034482767,weak_positive,False,145
google/gemma-2-27b,qa_suggestive,near_zero,linear,5,last_word_before_question_mark,0.8206896551724137,0.8068965517241379,1.3793103448275779,near_zero,True,145
google/gemma-2-27b,qa_suggestive,near_zero,linear,5,newline,0.8896551724137931,0.8689655172413794,2.0689655172413723,weak_positive,False,145
google/gemma-2-27b,qa_suggestive,near_zero,linear,5,last_token,0.8827586206896552,0.8689655172413794,1.3793103448275779,near_zero,True,145
google/gemma-2-27b,qa_suggestive,near_zero,linear,6,question_mark,0.8827586206896552,0.8482758620689654,3.4482758620689724,weak_positive,False,145
google/gemma-2-27b,qa_suggestive,near_zero,linear,6,last_word_before_question_mark,0.8275862068965516,0.8068965517241379,2.0689655172413723,weak_positive,False,145
google/gemma-2-27b,qa_suggestive,near_zero,linear,6,newline,0.8827586206896552,0.8551724137931036,2.7586206896551557,weak_positive,False,145
google/gemma-2-27b,qa_suggestive,near_zero,linear,6,last_token,0.8896551724137931,0.8551724137931036,3.44827586206895,weak_positive,False,145
google/gemma-2-27b,qa_suggestive,near_zero,linear,7,question_mark,0.8896551724137931,0.8551724137931034,3.4482758620689724,weak_positive,False,145
google/gemma-2-27b,qa_suggestive,near_zero,linear,7,last_word_before_question_mark,0.8551724137931034,0.8068965517241379,4.82758620689655,weak_positive,False,145
google/gemma-2-27b,qa_suggestive,near_zero,linear,7,newline,0.8896551724137932,0.8551724137931034,3.4482758620689835,weak_positive,False,145
google/gemma-2-27b,qa_suggestive,near_zero,linear,7,last_token,0.8689655172413794,0.8551724137931034,1.3793103448276,near_zero,True,145
google/gemma-2-27b,qa_suggestive,near_zero,linear,8,question_mark,0.8896551724137931,0.8689655172413794,2.0689655172413723,weak_positive,False,145
google/gemma-2-27b,qa_suggestive,near_zero,linear,8,last_word_before_question_mark,0.8482758620689654,0.8068965517241379,4.137931034482756,weak_positive,False,145
google/gemma-2-27b,qa_suggestive,near_zero,linear,8,newline,0.9034482758620689,0.8758620689655172,2.758620689655167,weak_positive,False,145
google/gemma-2-27b,qa_suggestive,near_zero,linear,8,last_token,0.8758620689655172,0.8758620689655172,0.0,near_zero,True,145
google/gemma-2-27b,qa_suggestive,near_zero,linear,9,question_mark,0.8965517241379309,0.8344827586206897,6.206896551724128,strong_positive,False,145
google/gemma-2-27b,qa_suggestive,near_zero,linear,9,last_word_before_question_mark,0.8965517241379309,0.8068965517241379,8.965517241379306,strong_positive,False,145
google/gemma-2-27b,qa_suggestive,near_zero,linear,9,newline,0.9103448275862067,0.8689655172413794,4.137931034482733,weak_positive,False,145
google/gemma-2-27b,qa_suggestive,near_zero,linear,9,last_token,0.8896551724137931,0.8689655172413794,2.0689655172413723,weak_positive,False,145
google/gemma-2-27b,qa_suggestive,near_zero,linear,10,question_mark,0.9172413793103449,0.8551724137931034,6.20689655172415,strong_positive,False,145
google/gemma-2-27b,qa_suggestive,near_zero,linear,10,last_word_before_question_mark,0.8965517241379309,0.8413793103448276,5.517241379310334,strong_positive,False,145
google/gemma-2-27b,qa_suggestive,near_zero,linear,10,newline,0.9241379310344827,0.8827586206896552,4.137931034482756,weak_positive,False,145
google/gemma-2-27b,qa_suggestive,near_zero,linear,10,last_token,0.9034482758620689,0.8827586206896552,2.0689655172413723,weak_positive,False,145
google/gemma-2-27b,qa_suggestive,near_zero,linear,11,question_mark,0.9517241379310345,0.9034482758620689,4.827586206896561,weak_positive,False,145
google/gemma-2-27b,qa_suggestive,near_zero,linear,11,last_word_before_question_mark,0.9310344827586207,0.8827586206896552,4.82758620689655,weak_positive,False,145
google/gemma-2-27b,qa_suggestive,near_zero,linear,11,newline,0.9517241379310345,0.9103448275862069,4.137931034482756,weak_positive,False,145
google/gemma-2-27b,qa_suggestive,near_zero,linear,11,last_token,0.8965517241379309,0.9103448275862069,-1.3793103448276,near_zero,True,145
google/gemma-2-27b,qa_suggestive,near_zero,linear,12,question_mark,0.9241379310344827,0.8965517241379312,2.7586206896551557,weak_positive,False,145
google/gemma-2-27b,qa_suggestive,near_zero,linear,12,last_word_before_question_mark,0.9586206896551724,0.8551724137931036,10.344827586206884,strong_positive,False,145
google/gemma-2-27b,qa_suggestive,near_zero,linear,12,newline,0.9241379310344829,0.9241379310344827,2.220446049250313e-14,near_zero,True,145
google/gemma-2-27b,qa_suggestive,near_zero,linear,12,last_token,0.9172413793103449,0.9241379310344827,-0.6896551724137834,near_zero,True,145
google/gemma-2-27b,qa_suggestive,near_zero,linear,13,question_mark,0.9172413793103449,0.8758620689655172,4.137931034482767,weak_positive,False,145
google/gemma-2-27b,qa_suggestive,near_zero,linear,13,last_word_before_question_mark,0.9241379310344827,0.8551724137931036,6.896551724137911,strong_positive,False,145
google/gemma-2-27b,qa_suggestive,near_zero,linear,13,newline,0.9310344827586207,0.9103448275862069,2.0689655172413723,weak_positive,False,145
google/gemma-2-27b,qa_suggestive,near_zero,linear,13,last_token,0.9310344827586207,0.9103448275862069,2.0689655172413723,weak_positive,False,145
google/gemma-2-27b,qa_suggestive,near_zero,linear,14,question_mark,0.9310344827586207,0.8689655172413794,6.206896551724128,strong_positive,False,145
google/gemma-2-27b,qa_suggestive,near_zero,linear,14,last_word_before_question_mark,0.9172413793103449,0.8275862068965518,8.965517241379306,strong_positive,False,145
google/gemma-2-27b,qa_suggestive,near_zero,linear,14,newline,0.9517241379310345,0.9103448275862069,4.137931034482756,weak_positive,False,145
google/gemma-2-27b,qa_suggestive,near_zero,linear,14,last_token,0.9241379310344829,0.9103448275862069,1.3793103448276,near_zero,True,145
google/gemma-2-27b,qa_suggestive,near_zero,linear,15,question_mark,0.9586206896551724,0.8758620689655172,8.275862068965523,strong_positive,False,145
google/gemma-2-27b,qa_suggestive,near_zero,linear,15,last_word_before_question_mark,0.9310344827586207,0.8137931034482758,11.724137931034484,strong_positive,False,145
google/gemma-2-27b,qa_suggestive,near_zero,linear,15,newline,0.9310344827586207,0.8827586206896552,4.82758620689655,weak_positive,False,145
google/gemma-2-27b,qa_suggestive,near_zero,linear,15,last_token,0.9655172413793103,0.8827586206896552,8.275862068965512,strong_positive,False,145
google/gemma-2-27b,qa_suggestive,near_zero,linear,16,question_mark,0.9724137931034482,0.8551724137931034,11.724137931034484,strong_positive,False,145
google/gemma-2-27b,qa_suggestive,near_zero,linear,16,last_word_before_question_mark,0.9310344827586207,0.8206896551724139,11.034482758620678,strong_positive,False,145
google/gemma-2-27b,qa_suggestive,near_zero,linear,16,newline,0.9517241379310345,0.8689655172413794,8.275862068965512,strong_positive,False,145
google/gemma-2-27b,qa_suggestive,near_zero,linear,16,last_token,0.9517241379310345,0.8689655172413794,8.275862068965512,strong_positive,False,145
google/gemma-2-27b,qa_suggestive,near_zero,linear,17,question_mark,0.9310344827586207,0.8344827586206897,9.6551724137931,strong_positive,False,145
google/gemma-2-27b,qa_suggestive,near_zero,linear,17,last_word_before_question_mark,0.9172413793103449,0.8206896551724139,9.6551724137931,strong_positive,False,145
google/gemma-2-27b,qa_suggestive,near_zero,linear,17,newline,0.9517241379310345,0.8551724137931034,9.655172413793112,strong_positive,False,145
google/gemma-2-27b,qa_suggestive,near_zero,linear,17,last_token,0.9448275862068964,0.8551724137931034,8.965517241379306,strong_positive,False,145
google/gemma-2-27b,qa_suggestive,near_zero,linear,18,question_mark,0.9241379310344827,0.8482758620689654,7.586206896551728,strong_positive,False,145
google/gemma-2-27b,qa_suggestive,near_zero,linear,18,last_word_before_question_mark,0.8965517241379309,0.8275862068965516,6.896551724137934,strong_positive,False,145
google/gemma-2-27b,qa_suggestive,near_zero,linear,18,newline,0.9586206896551724,0.8827586206896552,7.586206896551728,strong_positive,False,145
google/gemma-2-27b,qa_suggestive,near_zero,linear,18,last_token,0.9310344827586207,0.8827586206896552,4.82758620689655,weak_positive,False,145
google/gemma-2-27b,qa_suggestive,near_zero,linear,19,question_mark,0.9172413793103449,0.8758620689655172,4.137931034482767,weak_positive,False,145
google/gemma-2-27b,qa_suggestive,near_zero,linear,19,last_word_before_question_mark,0.8758620689655172,0.8482758620689654,2.758620689655178,weak_positive,False,145
google/gemma-2-27b,qa_suggestive,near_zero,linear,19,newline,0.9586206896551724,0.8758620689655172,8.275862068965523,strong_positive,False,145
google/gemma-2-27b,qa_suggestive,near_zero,linear,19,last_token,0.9379310344827585,0.8758620689655172,6.206896551724128,strong_positive,False,145
google/gemma-2-27b,qa_suggestive,near_zero,linear,20,question_mark,0.9103448275862069,0.8689655172413792,4.1379310344827775,weak_positive,False,145
google/gemma-2-27b,qa_suggestive,near_zero,linear,20,last_word_before_question_mark,0.8965517241379309,0.8344827586206897,6.206896551724128,strong_positive,False,145
google/gemma-2-27b,qa_suggestive,near_zero,linear,20,newline,0.903448275862069,0.8689655172413792,3.4482758620689835,weak_positive,False,145
google/gemma-2-27b,qa_suggestive,near_zero,linear,20,last_token,0.9241379310344827,0.8689655172413792,5.517241379310356,strong_positive,False,145
google/gemma-2-27b,qa_suggestive,near_zero,linear,21,question_mark,0.9103448275862067,0.8827586206896552,2.7586206896551557,weak_positive,False,145
google/gemma-2-27b,qa_suggestive,near_zero,linear,21,last_word_before_question_mark,0.9034482758620689,0.8482758620689654,5.517241379310345,strong_positive,False,145
google/gemma-2-27b,qa_suggestive,near_zero,linear,21,newline,0.8896551724137931,0.8827586206896552,0.6896551724137945,near_zero,True,145
google/gemma-2-27b,qa_suggestive,near_zero,linear,21,last_token,0.9241379310344827,0.8827586206896552,4.137931034482756,weak_positive,False,145
google/gemma-2-27b,qa_suggestive,near_zero,linear,22,question_mark,0.9172413793103449,0.8689655172413794,4.82758620689655,weak_positive,False,145
google/gemma-2-27b,qa_suggestive,near_zero,linear,22,last_word_before_question_mark,0.9172413793103449,0.8620689655172413,5.517241379310356,strong_positive,False,145
google/gemma-2-27b,qa_suggestive,near_zero,linear,22,newline,0.8896551724137932,0.8689655172413794,2.0689655172413834,weak_positive,False,145
google/gemma-2-27b,qa_suggestive,near_zero,linear,22,last_token,0.9103448275862069,0.8689655172413794,4.137931034482756,weak_positive,False,145
google/gemma-2-27b,qa_suggestive,near_zero,linear,23,question_mark,0.9379310344827585,0.8620689655172413,7.586206896551717,strong_positive,False,145
google/gemma-2-27b,qa_suggestive,near_zero,linear,23,last_word_before_question_mark,0.9586206896551724,0.8620689655172413,9.655172413793112,strong_positive,False,145
google/gemma-2-27b,qa_suggestive,near_zero,linear,23,newline,0.8689655172413794,0.8827586206896552,-1.3793103448275779,near_zero,True,145
google/gemma-2-27b,qa_suggestive,near_zero,linear,23,last_token,0.9034482758620689,0.8827586206896552,2.0689655172413723,weak_positive,False,145
google/gemma-2-27b,qa_suggestive,near_zero,linear,24,question_mark,0.9517241379310345,0.8689655172413792,8.275862068965534,strong_positive,False,145
google/gemma-2-27b,qa_suggestive,near_zero,linear,24,last_word_before_question_mark,0.9586206896551724,0.8689655172413792,8.965517241379327,strong_positive,False,145
google/gemma-2-27b,qa_suggestive,near_zero,linear,24,newline,0.8827586206896552,0.8689655172413794,1.3793103448275779,near_zero,True,145
google/gemma-2-27b,qa_suggestive,near_zero,linear,24,last_token,0.9379310344827585,0.8689655172413794,6.896551724137911,strong_positive,False,145
google/gemma-2-27b,qa_suggestive,near_zero,linear,25,question_mark,0.9448275862068967,0.8827586206896552,6.20689655172415,strong_positive,False,145
google/gemma-2-27b,qa_suggestive,near_zero,linear,25,last_word_before_question_mark,0.9517241379310345,0.8827586206896552,6.896551724137934,strong_positive,False,145
google/gemma-2-27b,qa_suggestive,near_zero,linear,25,newline,0.8689655172413794,0.9103448275862069,-4.137931034482756,negative,False,145
google/gemma-2-27b,qa_suggestive,near_zero,linear,25,last_token,0.9793103448275863,0.9103448275862069,6.896551724137934,strong_positive,False,145
google/gemma-2-27b,qa_suggestive,near_zero,linear,26,question_mark,0.9379310344827585,0.903448275862069,3.44827586206895,weak_positive,False,145
google/gemma-2-27b,qa_suggestive,near_zero,linear,26,last_word_before_question_mark,0.9379310344827585,0.903448275862069,3.44827586206895,weak_positive,False,145
google/gemma-2-27b,qa_suggestive,near_zero,linear,26,newline,0.8689655172413794,0.903448275862069,-3.4482758620689613,negative,False,145
google/gemma-2-27b,qa_suggestive,near_zero,linear,26,last_token,0.9793103448275862,0.903448275862069,7.586206896551717,strong_positive,False,145
google/gemma-2-27b,qa_suggestive,near_zero,linear,27,question_mark,0.9310344827586207,0.903448275862069,2.758620689655167,weak_positive,False,145
google/gemma-2-27b,qa_suggestive,near_zero,linear,27,last_word_before_question_mark,0.9379310344827587,0.903448275862069,3.4482758620689724,weak_positive,False,145
google/gemma-2-27b,qa_suggestive,near_zero,linear,27,newline,0.8551724137931034,0.903448275862069,-4.827586206896561,negative,False,145
google/gemma-2-27b,qa_suggestive,near_zero,linear,27,last_token,0.9793103448275862,0.903448275862069,7.586206896551717,strong_positive,False,145
google/gemma-2-27b,qa_suggestive,near_zero,linear,28,question_mark,0.9724137931034482,0.903448275862069,6.896551724137923,strong_positive,False,145
google/gemma-2-27b,qa_suggestive,near_zero,linear,28,last_word_before_question_mark,0.9724137931034482,0.903448275862069,6.896551724137923,strong_positive,False,145
google/gemma-2-27b,qa_suggestive,near_zero,linear,28,newline,0.8620689655172413,0.9103448275862069,-4.827586206896561,negative,False,145
google/gemma-2-27b,qa_suggestive,near_zero,linear,28,last_token,0.9862068965517242,0.9103448275862069,7.586206896551728,strong_positive,False,145
google/gemma-2-27b,qa_suggestive,near_zero,linear,29,question_mark,0.9862068965517242,0.903448275862069,8.275862068965523,strong_positive,False,145
google/gemma-2-27b,qa_suggestive,near_zero,linear,29,last_word_before_question_mark,0.9448275862068967,0.903448275862069,4.137931034482767,weak_positive,False,145
google/gemma-2-27b,qa_suggestive,near_zero,linear,29,newline,0.903448275862069,0.903448275862069,0.0,near_zero,True,145
google/gemma-2-27b,qa_suggestive,near_zero,linear,29,last_token,0.993103448275862,0.903448275862069,8.965517241379306,strong_positive,False,145
google/gemma-2-27b,qa_suggestive,near_zero,linear,30,question_mark,0.9793103448275862,0.903448275862069,7.586206896551717,strong_positive,False,145
google/gemma-2-27b,qa_suggestive,near_zero,linear,30,last_word_before_question_mark,0.9793103448275862,0.903448275862069,7.586206896551717,strong_positive,False,145
google/gemma-2-27b,qa_suggestive,near_zero,linear,30,newline,0.8827586206896552,0.9172413793103449,-3.4482758620689724,negative,False,145
google/gemma-2-27b,qa_suggestive,near_zero,linear,30,last_token,0.993103448275862,0.9172413793103449,7.586206896551717,strong_positive,False,145
google/gemma-2-27b,qa_suggestive,near_zero,linear,31,question_mark,0.993103448275862,0.9172413793103449,7.586206896551717,strong_positive,False,145
google/gemma-2-27b,qa_suggestive,near_zero,linear,31,last_word_before_question_mark,0.9793103448275862,0.9172413793103449,6.206896551724128,strong_positive,False,145
google/gemma-2-27b,qa_suggestive,near_zero,linear,31,newline,0.903448275862069,0.9241379310344827,-2.0689655172413723,negative,False,145
google/gemma-2-27b,qa_suggestive,near_zero,linear,31,last_token,0.9793103448275863,0.9241379310344827,5.517241379310356,strong_positive,False,145
google/gemma-2-27b,qa_suggestive,near_zero,linear,32,question_mark,0.9793103448275862,0.9172413793103449,6.206896551724128,strong_positive,False,145
google/gemma-2-27b,qa_suggestive,near_zero,linear,32,last_word_before_question_mark,0.9793103448275862,0.9172413793103449,6.206896551724128,strong_positive,False,145
google/gemma-2-27b,qa_suggestive,near_zero,linear,32,newline,0.903448275862069,0.9172413793103449,-1.379310344827589,near_zero,True,145
google/gemma-2-27b,qa_suggestive,near_zero,linear,32,last_token,0.9793103448275863,0.9172413793103449,6.206896551724139,strong_positive,False,145
google/gemma-2-27b,qa_suggestive,near_zero,linear,33,question_mark,0.993103448275862,0.9310344827586207,6.206896551724139,strong_positive,False,145
google/gemma-2-27b,qa_suggestive,near_zero,linear,33,last_word_before_question_mark,0.9724137931034484,0.9310344827586207,4.1379310344827775,weak_positive,False,145
google/gemma-2-27b,qa_suggestive,near_zero,linear,33,newline,0.8965517241379309,0.9310344827586207,-3.4482758620689724,negative,False,145
google/gemma-2-27b,qa_suggestive,near_zero,linear,33,last_token,0.9862068965517242,0.9310344827586207,5.517241379310356,strong_positive,False,145
google/gemma-2-27b,qa_suggestive,near_zero,linear,34,question_mark,0.993103448275862,0.9241379310344827,6.896551724137934,strong_positive,False,145
google/gemma-2-27b,qa_suggestive,near_zero,linear,34,last_word_before_question_mark,0.9655172413793103,0.9241379310344827,4.137931034482756,weak_positive,False,145
google/gemma-2-27b,qa_suggestive,near_zero,linear,34,newline,0.903448275862069,0.9241379310344827,-2.0689655172413723,negative,False,145
google/gemma-2-27b,qa_suggestive,near_zero,linear,34,last_token,0.9862068965517242,0.9241379310344827,6.20689655172415,strong_positive,False,145
google/gemma-2-27b,qa_suggestive,near_zero,linear,35,question_mark,0.993103448275862,0.9172413793103449,7.586206896551717,strong_positive,False,145
google/gemma-2-27b,qa_suggestive,near_zero,linear,35,last_word_before_question_mark,0.9517241379310345,0.9172413793103449,3.4482758620689613,weak_positive,False,145
google/gemma-2-27b,qa_suggestive,near_zero,linear,35,newline,0.9103448275862069,0.9172413793103449,-0.6896551724137945,near_zero,True,145
google/gemma-2-27b,qa_suggestive,near_zero,linear,35,last_token,0.993103448275862,0.9172413793103449,7.586206896551717,strong_positive,False,145
google/gemma-2-27b,qa_suggestive,near_zero,linear,36,question_mark,0.993103448275862,0.9241379310344829,6.896551724137911,strong_positive,False,145
google/gemma-2-27b,qa_suggestive,near_zero,linear,36,last_word_before_question_mark,0.9586206896551724,0.9241379310344829,3.44827586206895,weak_positive,False,145
google/gemma-2-27b,qa_suggestive,near_zero,linear,36,newline,0.9241379310344827,0.9310344827586208,-0.6896551724138056,near_zero,True,145
google/gemma-2-27b,qa_suggestive,near_zero,linear,36,last_token,1.0,0.9310344827586208,6.896551724137923,strong_positive,False,145
google/gemma-2-27b,qa_suggestive,near_zero,linear,37,question_mark,0.993103448275862,0.9172413793103449,7.586206896551717,strong_positive,False,145
google/gemma-2-27b,qa_suggestive,near_zero,linear,37,last_word_before_question_mark,0.9517241379310344,0.9172413793103449,3.44827586206895,weak_positive,False,145
google/gemma-2-27b,qa_suggestive,near_zero,linear,37,newline,0.9241379310344827,0.9241379310344827,0.0,near_zero,True,145
google/gemma-2-27b,qa_suggestive,near_zero,linear,37,last_token,1.0,0.9241379310344827,7.586206896551728,strong_positive,False,145
google/gemma-2-27b,qa_suggestive,near_zero,linear,38,question_mark,1.0,0.9172413793103449,8.275862068965512,strong_positive,False,145
google/gemma-2-27b,qa_suggestive,near_zero,linear,38,last_word_before_question_mark,0.9517241379310344,0.9172413793103449,3.44827586206895,weak_positive,False,145
google/gemma-2-27b,qa_suggestive,near_zero,linear,38,newline,0.9241379310344827,0.9379310344827587,-1.3793103448276,near_zero,True,145
google/gemma-2-27b,qa_suggestive,near_zero,linear,38,last_token,1.0,0.9379310344827587,6.206896551724128,strong_positive,False,145
google/gemma-2-27b,qa_suggestive,near_zero,linear,39,question_mark,1.0,0.9172413793103449,8.275862068965512,strong_positive,False,145
google/gemma-2-27b,qa_suggestive,near_zero,linear,39,last_word_before_question_mark,0.9517241379310345,0.9172413793103449,3.4482758620689613,weak_positive,False,145
google/gemma-2-27b,qa_suggestive,near_zero,linear,39,newline,0.9448275862068964,0.9379310344827587,0.6896551724137723,near_zero,True,145
google/gemma-2-27b,qa_suggestive,near_zero,linear,39,last_token,1.0,0.9379310344827587,6.206896551724128,strong_positive,False,145
google/gemma-2-27b,rhyme,strong_positive,linear,4,last_word_before_newline,0.8549999999999999,0.25000000000000006,60.49999999999998,strong_positive,True,200
google/gemma-2-27b,rhyme,strong_positive,linear,4,newline,0.735,0.25000000000000006,48.49999999999999,strong_positive,True,200
google/gemma-2-27b,rhyme,strong_positive,linear,5,last_word_before_newline,0.845,0.27999999999999997,56.49999999999999,strong_positive,True,200
google/gemma-2-27b,rhyme,strong_positive,linear,5,newline,0.825,0.27999999999999997,54.49999999999999,strong_positive,True,200
google/gemma-2-27b,rhyme,strong_positive,linear,6,last_word_before_newline,0.8149999999999998,0.265,54.999999999999986,strong_positive,True,200
google/gemma-2-27b,rhyme,strong_positive,linear,6,newline,0.8099999999999999,0.265,54.49999999999999,strong_positive,True,200
google/gemma-2-27b,rhyme,strong_positive,linear,7,last_word_before_newline,0.825,0.26000000000000006,56.49999999999999,strong_positive,True,200
google/gemma-2-27b,rhyme,strong_positive,linear,7,newline,0.7849999999999999,0.26000000000000006,52.49999999999999,strong_positive,True,200
google/gemma-2-27b,rhyme,strong_positive,linear,8,last_word_before_newline,0.8099999999999999,0.25,55.99999999999999,strong_positive,True,200
google/gemma-2-27b,rhyme,strong_positive,linear,8,newline,0.76,0.25,51.0,strong_positive,True,200
google/gemma-2-27b,rhyme,strong_positive,linear,9,last_word_before_newline,0.79,0.275,51.5,strong_positive,True,200
google/gemma-2-27b,rhyme,strong_positive,linear,9,newline,0.735,0.275,46.0,strong_positive,True,200
google/gemma-2-27b,rhyme,strong_positive,linear,10,last_word_before_newline,0.76,0.29,47.0,strong_positive,True,200
google/gemma-2-27b,rhyme,strong_positive,linear,10,newline,0.74,0.29,45.0,strong_positive,True,200
google/gemma-2-27b,rhyme,strong_positive,linear,11,last_word_before_newline,0.715,0.26,45.49999999999999,strong_positive,True,200
google/gemma-2-27b,rhyme,strong_positive,linear,11,newline,0.6900000000000001,0.26,43.00000000000001,strong_positive,True,200
google/gemma-2-27b,rhyme,strong_positive,linear,12,last_word_before_newline,0.7100000000000001,0.27,44.00000000000001,strong_positive,True,200
google/gemma-2-27b,rhyme,strong_positive,linear,12,newline,0.675,0.27,40.5,strong_positive,True,200
google/gemma-2-27b,rhyme,strong_positive,linear,13,last_word_before_newline,0.71,0.3,41.0,strong_positive,True,200
google/gemma-2-27b,rhyme,strong_positive,linear,13,newline,0.69,0.3,38.99999999999999,strong_positive,True,200
google/gemma-2-27b,rhyme,strong_positive,linear,14,last_word_before_newline,0.685,0.30500000000000005,38.0,strong_positive,True,200
google/gemma-2-27b,rhyme,strong_positive,linear,14,newline,0.69,0.30500000000000005,38.49999999999999,strong_positive,True,200
google/gemma-2-27b,rhyme,strong_positive,linear,15,last_word_before_newline,0.7100000000000001,0.255,45.50000000000001,strong_positive,True,200
google/gemma-2-27b,rhyme,strong_positive,linear,15,newline,0.6599999999999999,0.255,40.49999999999999,strong_positive,True,200
google/gemma-2-27b,rhyme,strong_positive,linear,16,last_word_before_newline,0.6749999999999999,0.26,41.49999999999999,strong_positive,True,200
google/gemma-2-27b,rhyme,strong_positive,linear,16,newline,0.665,0.26,40.5,strong_positive,True,200
google/gemma-2-27b,rhyme,strong_positive,linear,17,last_word_before_newline,0.73,0.29500000000000004,43.49999999999999,strong_positive,True,200
google/gemma-2-27b,rhyme,strong_positive,linear,17,newline,0.6699999999999999,0.29500000000000004,37.499999999999986,strong_positive,True,200
google/gemma-2-27b,rhyme,strong_positive,linear,18,last_word_before_newline,0.735,0.30500000000000005,42.99999999999999,strong_positive,True,200
google/gemma-2-27b,rhyme,strong_positive,linear,18,newline,0.675,0.30500000000000005,37.0,strong_positive,True,200
google/gemma-2-27b,rhyme,strong_positive,linear,19,last_word_before_newline,0.725,0.27999999999999997,44.5,strong_positive,True,200
google/gemma-2-27b,rhyme,strong_positive,linear,19,newline,0.6549999999999999,0.27999999999999997,37.49999999999999,strong_positive,True,200
google/gemma-2-27b,rhyme,strong_positive,linear,20,last_word_before_newline,0.75,0.26999999999999996,48.00000000000001,strong_positive,True,200
google/gemma-2-27b,rhyme,strong_positive,linear,20,newline,0.655,0.26999999999999996,38.50000000000001,strong_positive,True,200
google/gemma-2-27b,rhyme,strong_positive,linear,21,last_word_before_newline,0.985,0.275,71.0,strong_positive,True,200
google/gemma-2-27b,rhyme,strong_positive,linear,21,newline,0.6799999999999999,0.275,40.49999999999999,strong_positive,True,200
google/gemma-2-27b,rhyme,strong_positive,linear,22,last_word_before_newline,0.975,0.31500000000000006,65.99999999999999,strong_positive,True,200
google/gemma-2-27b,rhyme,strong_positive,linear,22,newline,0.9650000000000001,0.31500000000000006,65.0,strong_positive,True,200
google/gemma-2-27b,rhyme,strong_positive,linear,23,last_word_before_newline,0.985,0.32,66.5,strong_positive,True,200
google/gemma-2-27b,rhyme,strong_positive,linear,23,newline,0.925,0.32,60.5,strong_positive,True,200
google/gemma-2-27b,rhyme,strong_positive,linear,24,last_word_before_newline,0.9799999999999999,0.315,66.49999999999999,strong_positive,True,200
google/gemma-2-27b,rhyme,strong_positive,linear,24,newline,0.905,0.315,59.00000000000001,strong_positive,True,200
google/gemma-2-27b,rhyme,strong_positive,linear,25,last_word_before_newline,0.975,0.335,63.99999999999999,strong_positive,True,200
google/gemma-2-27b,rhyme,strong_positive,linear,25,newline,0.8850000000000001,0.335,55.00000000000001,strong_positive,True,200
google/gemma-2-27b,rhyme,strong_positive,linear,26,last_word_before_newline,0.975,0.35,62.5,strong_positive,True,200
google/gemma-2-27b,rhyme,strong_positive,linear,26,newline,0.8800000000000001,0.35,53.000000000000014,strong_positive,True,200
google/gemma-2-27b,rhyme,strong_positive,linear,27,last_word_before_newline,0.9799999999999999,0.33499999999999996,64.49999999999999,strong_positive,True,200
google/gemma-2-27b,rhyme,strong_positive,linear,27,newline,0.885,0.33499999999999996,55.00000000000001,strong_positive,True,200
google/gemma-2-27b,rhyme,strong_positive,linear,28,last_word_before_newline,1.0,0.34,65.99999999999999,strong_positive,True,200
google/gemma-2-27b,rhyme,strong_positive,linear,28,newline,0.8800000000000001,0.34,54.0,strong_positive,True,200
google/gemma-2-27b,rhyme,strong_positive,linear,29,last_word_before_newline,0.9949999999999999,0.34,65.49999999999999,strong_positive,True,200
google/gemma-2-27b,rhyme,strong_positive,linear,29,newline,0.9800000000000001,0.34,64.00000000000001,strong_positive,True,200
google/gemma-2-27b,rhyme,strong_positive,linear,30,last_word_before_newline,1.0,0.31500000000000006,68.5,strong_positive,True,200
google/gemma-2-27b,rhyme,strong_positive,linear,30,newline,0.9800000000000001,0.31500000000000006,66.5,strong_positive,True,200
google/gemma-2-27b,rhyme,strong_positive,linear,31,last_word_before_newline,0.9949999999999999,0.31999999999999995,67.5,strong_positive,True,200
google/gemma-2-27b,rhyme,strong_positive,linear,31,newline,0.9799999999999999,0.31999999999999995,65.99999999999999,strong_positive,True,200
google/gemma-2-27b,rhyme,strong_positive,linear,32,last_word_before_newline,0.9949999999999999,0.31,68.49999999999999,strong_positive,True,200
google/gemma-2-27b,rhyme,strong_positive,linear,32,newline,0.97,0.31,65.99999999999999,strong_positive,True,200
google/gemma-2-27b,rhyme,strong_positive,linear,33,last_word_before_newline,0.99,0.32,67.0,strong_positive,True,200
google/gemma-2-27b,rhyme,strong_positive,linear,33,newline,0.97,0.32,64.99999999999999,strong_positive,True,200
google/gemma-2-27b,rhyme,strong_positive,linear,34,last_word_before_newline,0.9949999999999999,0.3,69.49999999999999,strong_positive,True,200
google/gemma-2-27b,rhyme,strong_positive,linear,34,newline,0.96,0.3,65.99999999999999,strong_positive,True,200
google/gemma-2-27b,rhyme,strong_positive,linear,35,last_word_before_newline,0.9949999999999999,0.31500000000000006,67.99999999999999,strong_positive,True,200
google/gemma-2-27b,rhyme,strong_positive,linear,35,newline,0.9450000000000001,0.31500000000000006,63.0,strong_positive,True,200
google/gemma-2-27b,rhyme,strong_positive,linear,36,last_word_before_newline,0.9949999999999999,0.305,69.0,strong_positive,True,200
google/gemma-2-27b,rhyme,strong_positive,linear,36,newline,0.9200000000000002,0.305,61.50000000000002,strong_positive,True,200
google/gemma-2-27b,rhyme,strong_positive,linear,37,last_word_before_newline,0.99,0.32,67.0,strong_positive,True,200
google/gemma-2-27b,rhyme,strong_positive,linear,37,newline,0.885,0.32,56.49999999999999,strong_positive,True,200
google/gemma-2-27b,rhyme,strong_positive,linear,38,last_word_before_newline,0.99,0.30999999999999994,68.0,strong_positive,True,200
google/gemma-2-27b,rhyme,strong_positive,linear,38,newline,0.8799999999999999,0.30999999999999994,56.99999999999999,strong_positive,True,200
google/gemma-2-27b,rhyme,strong_positive,linear,39,last_word_before_newline,0.9949999999999999,0.325,67.0,strong_positive,True,200
google/gemma-2-27b,rhyme,strong_positive,linear,39,newline,0.8700000000000001,0.325,54.500000000000014,strong_positive,True,200
google/gemma-2-27b,trivia,negative,linear,4,colon,1.0,1.0,0.0,near_zero,False,100
google/gemma-2-27b,trivia,negative,linear,4,newline,1.0,1.0,0.0,near_zero,False,100
google/gemma-2-27b,trivia,negative,linear,4,last_token,1.0,1.0,0.0,near_zero,False,100
google/gemma-2-27b,trivia,negative,linear,5,colon,1.0,1.0,0.0,near_zero,False,100
google/gemma-2-27b,trivia,negative,linear,5,newline,1.0,1.0,0.0,near_zero,False,100
google/gemma-2-27b,trivia,negative,linear,5,last_token,1.0,1.0,0.0,near_zero,False,100
google/gemma-2-27b,trivia,negative,linear,6,colon,1.0,1.0,0.0,near_zero,False,100
google/gemma-2-27b,trivia,negative,linear,6,newline,1.0,1.0,0.0,near_zero,False,100
google/gemma-2-27b,trivia,negative,linear,6,last_token,1.0,1.0,0.0,near_zero,False,100
google/gemma-2-27b,trivia,negative,linear,7,colon,1.0,1.0,0.0,near_zero,False,100
google/gemma-2-27b,trivia,negative,linear,7,newline,1.0,1.0,0.0,near_zero,False,100
google/gemma-2-27b,trivia,negative,linear,7,last_token,1.0,1.0,0.0,near_zero,False,100
google/gemma-2-27b,trivia,negative,linear,8,colon,1.0,1.0,0.0,near_zero,False,100
google/gemma-2-27b,trivia,negative,linear,8,newline,1.0,1.0,0.0,near_zero,False,100
google/gemma-2-27b,trivia,negative,linear,8,last_token,1.0,1.0,0.0,near_zero,False,100
google/gemma-2-27b,trivia,negative,linear,9,colon,1.0,1.0,0.0,near_zero,False,100
google/gemma-2-27b,trivia,negative,linear,9,newline,1.0,1.0,0.0,near_zero,False,100
google/gemma-2-27b,trivia,negative,linear,9,last_token,1.0,1.0,0.0,near_zero,False,100
google/gemma-2-27b,trivia,negative,linear,10,colon,1.0,1.0,0.0,near_zero,False,100
google/gemma-2-27b,trivia,negative,linear,10,newline,1.0,1.0,0.0,near_zero,False,100
google/gemma-2-27b,trivia,negative,linear,10,last_token,1.0,1.0,0.0,near_zero,False,100
google/gemma-2-27b,trivia,negative,linear,11,colon,1.0,1.0,0.0,near_zero,False,100
google/gemma-2-27b,trivia,negative,linear,11,newline,1.0,1.0,0.0,near_zero,False,100
google/gemma-2-27b,trivia,negative,linear,11,last_token,1.0,1.0,0.0,near_zero,False,100
google/gemma-2-27b,trivia,negative,linear,12,colon,1.0,1.0,0.0,near_zero,False,100
google/gemma-2-27b,trivia,negative,linear,12,newline,1.0,1.0,0.0,near_zero,False,100
google/gemma-2-27b,trivia,negative,linear,12,last_token,1.0,1.0,0.0,near_zero,False,100
google/gemma-2-27b,trivia,negative,linear,13,colon,1.0,1.0,0.0,near_zero,False,100
google/gemma-2-27b,trivia,negative,linear,13,newline,1.0,1.0,0.0,near_zero,False,100
google/gemma-2-27b,trivia,negative,linear,13,last_token,1.0,1.0,0.0,near_zero,False,100
google/gemma-2-27b,trivia,negative,linear,14,colon,1.0,1.0,0.0,near_zero,False,100
google/gemma-2-27b,trivia,negative,linear,14,newline,1.0,1.0,0.0,near_zero,False,100
google/gemma-2-27b,trivia,negative,linear,14,last_token,1.0,1.0,0.0,near_zero,False,100
google/gemma-2-27b,trivia,negative,linear,15,colon,1.0,1.0,0.0,near_zero,False,100
google/gemma-2-27b,trivia,negative,linear,15,newline,1.0,1.0,0.0,near_zero,False,100
google/gemma-2-27b,trivia,negative,linear,15,last_token,1.0,1.0,0.0,near_zero,False,100
google/gemma-2-27b,trivia,negative,linear,16,colon,1.0,1.0,0.0,near_zero,False,100
google/gemma-2-27b,trivia,negative,linear,16,newline,1.0,1.0,0.0,near_zero,False,100
google/gemma-2-27b,trivia,negative,linear,16,last_token,1.0,1.0,0.0,near_zero,False,100
google/gemma-2-27b,trivia,negative,linear,17,colon,1.0,1.0,0.0,near_zero,False,100
google/gemma-2-27b,trivia,negative,linear,17,newline,1.0,1.0,0.0,near_zero,False,100
google/gemma-2-27b,trivia,negative,linear,17,last_token,1.0,1.0,0.0,near_zero,False,100
google/gemma-2-27b,trivia,negative,linear,18,colon,1.0,1.0,0.0,near_zero,False,100
google/gemma-2-27b,trivia,negative,linear,18,newline,1.0,1.0,0.0,near_zero,False,100
google/gemma-2-27b,trivia,negative,linear,18,last_token,1.0,1.0,0.0,near_zero,False,100
google/gemma-2-27b,trivia,negative,linear,19,colon,1.0,1.0,0.0,near_zero,False,100
google/gemma-2-27b,trivia,negative,linear,19,newline,1.0,1.0,0.0,near_zero,False,100
google/gemma-2-27b,trivia,negative,linear,19,last_token,1.0,1.0,0.0,near_zero,False,100
google/gemma-2-27b,trivia,negative,linear,20,colon,1.0,1.0,0.0,near_zero,False,100
google/gemma-2-27b,trivia,negative,linear,20,newline,1.0,1.0,0.0,near_zero,False,100
google/gemma-2-27b,trivia,negative,linear,20,last_token,1.0,1.0,0.0,near_zero,False,100
google/gemma-2-27b,trivia,negative,linear,21,colon,1.0,1.0,0.0,near_zero,False,100
google/gemma-2-27b,trivia,negative,linear,21,newline,1.0,1.0,0.0,near_zero,False,100
google/gemma-2-27b,trivia,negative,linear,21,last_token,1.0,1.0,0.0,near_zero,False,100
google/gemma-2-27b,trivia,negative,linear,22,colon,1.0,1.0,0.0,near_zero,False,100
google/gemma-2-27b,trivia,negative,linear,22,newline,1.0,1.0,0.0,near_zero,False,100
google/gemma-2-27b,trivia,negative,linear,22,last_token,1.0,1.0,0.0,near_zero,False,100
google/gemma-2-27b,trivia,negative,linear,23,colon,1.0,1.0,0.0,near_zero,False,100
google/gemma-2-27b,trivia,negative,linear,23,newline,1.0,1.0,0.0,near_zero,False,100
google/gemma-2-27b,trivia,negative,linear,23,last_token,1.0,1.0,0.0,near_zero,False,100
google/gemma-2-27b,trivia,negative,linear,24,colon,1.0,1.0,0.0,near_zero,False,100
google/gemma-2-27b,trivia,negative,linear,24,newline,1.0,1.0,0.0,near_zero,False,100
google/gemma-2-27b,trivia,negative,linear,24,last_token,1.0,1.0,0.0,near_zero,False,100
google/gemma-2-27b,trivia,negative,linear,25,colon,1.0,1.0,0.0,near_zero,False,100
google/gemma-2-27b,trivia,negative,linear,25,newline,1.0,1.0,0.0,near_zero,False,100
google/gemma-2-27b,trivia,negative,linear,25,last_token,1.0,1.0,0.0,near_zero,False,100
google/gemma-2-27b,trivia,negative,linear,26,colon,1.0,1.0,0.0,near_zero,False,100
google/gemma-2-27b,trivia,negative,linear,26,newline,1.0,1.0,0.0,near_zero,False,100
google/gemma-2-27b,trivia,negative,linear,26,last_token,1.0,1.0,0.0,near_zero,False,100
google/gemma-2-27b,trivia,negative,linear,27,colon,1.0,1.0,0.0,near_zero,False,100
google/gemma-2-27b,trivia,negative,linear,27,newline,1.0,1.0,0.0,near_zero,False,100
google/gemma-2-27b,trivia,negative,linear,27,last_token,1.0,1.0,0.0,near_zero,False,100
google/gemma-2-27b,trivia,negative,linear,28,colon,1.0,1.0,0.0,near_zero,False,100
google/gemma-2-27b,trivia,negative,linear,28,newline,1.0,1.0,0.0,near_zero,False,100
google/gemma-2-27b,trivia,negative,linear,28,last_token,1.0,1.0,0.0,near_zero,False,100
google/gemma-2-27b,trivia,negative,linear,29,colon,1.0,1.0,0.0,near_zero,False,100
google/gemma-2-27b,trivia,negative,linear,29,newline,1.0,1.0,0.0,near_zero,False,100
google/gemma-2-27b,trivia,negative,linear,29,last_token,1.0,1.0,0.0,near_zero,False,100
google/gemma-2-27b,trivia,negative,linear,30,colon,1.0,1.0,0.0,near_zero,False,100
google/gemma-2-27b,trivia,negative,linear,30,newline,1.0,1.0,0.0,near_zero,False,100
google/gemma-2-27b,trivia,negative,linear,30,last_token,1.0,1.0,0.0,near_zero,False,100
google/gemma-2-27b,trivia,negative,linear,31,colon,1.0,1.0,0.0,near_zero,False,100
google/gemma-2-27b,trivia,negative,linear,31,newline,1.0,1.0,0.0,near_zero,False,100
google/gemma-2-27b,trivia,negative,linear,31,last_token,1.0,1.0,0.0,near_zero,False,100
google/gemma-2-27b,trivia,negative,linear,32,colon,1.0,1.0,0.0,near_zero,False,100
google/gemma-2-27b,trivia,negative,linear,32,newline,1.0,1.0,0.0,near_zero,False,100
google/gemma-2-27b,trivia,negative,linear,32,last_token,1.0,1.0,0.0,near_zero,False,100
google/gemma-2-27b,trivia,negative,linear,33,colon,1.0,1.0,0.0,near_zero,False,100
google/gemma-2-27b,trivia,negative,linear,33,newline,1.0,1.0,0.0,near_zero,False,100
google/gemma-2-27b,trivia,negative,linear,33,last_token,1.0,1.0,0.0,near_zero,False,100
google/gemma-2-27b,trivia,negative,linear,34,colon,1.0,1.0,0.0,near_zero,False,100
google/gemma-2-27b,trivia,negative,linear,34,newline,1.0,1.0,0.0,near_zero,False,100
google/gemma-2-27b,trivia,negative,linear,34,last_token,1.0,1.0,0.0,near_zero,False,100
google/gemma-2-27b,trivia,negative,linear,35,colon,1.0,1.0,0.0,near_zero,False,100
google/gemma-2-27b,trivia,negative,linear,35,newline,1.0,1.0,0.0,near_zero,False,100
google/gemma-2-27b,trivia,negative,linear,35,last_token,1.0,1.0,0.0,near_zero,False,100
google/gemma-2-27b,trivia,negative,linear,36,colon,1.0,1.0,0.0,near_zero,False,100
google/gemma-2-27b,trivia,negative,linear,36,newline,1.0,1.0,0.0,near_zero,False,100
google/gemma-2-27b,trivia,negative,linear,36,last_token,1.0,1.0,0.0,near_zero,False,100
google/gemma-2-27b,trivia,negative,linear,37,colon,1.0,1.0,0.0,near_zero,False,100
google/gemma-2-27b,trivia,negative,linear,37,newline,1.0,1.0,0.0,near_zero,False,100
google/gemma-2-27b,trivia,negative,linear,37,last_token,1.0,1.0,0.0,near_zero,False,100
google/gemma-2-27b,trivia,negative,linear,38,colon,1.0,1.0,0.0,near_zero,False,100
google/gemma-2-27b,trivia,negative,linear,38,newline,1.0,1.0,0.0,near_zero,False,100
google/gemma-2-27b,trivia,negative,linear,38,last_token,1.0,1.0,0.0,near_zero,False,100
google/gemma-2-27b,trivia,negative,linear,39,colon,1.0,1.0,0.0,near_zero,False,100
google/gemma-2-27b,trivia,negative,linear,39,newline,1.0,1.0,0.0,near_zero,False,100
google/gemma-2-27b,trivia,negative,linear,39,last_token,1.0,1.0,0.0,near_zero,False,100
google/gemma-2-2b-it,qa_neutral,strong_positive,linear,2,question_mark,0.5217864125122189,0.5217864125122189,0.0,near_zero,False,161
google/gemma-2-2b-it,qa_neutral,strong_positive,linear,2,last_word_before_question_mark,0.5217864125122189,0.5217864125122189,0.0,near_zero,False,161
google/gemma-2-2b-it,qa_neutral,strong_positive,linear,2,newline,0.5217864125122189,0.5217864125122189,0.0,near_zero,False,161
google/gemma-2-2b-it,qa_neutral,strong_positive,linear,2,last_token,0.5217864125122189,0.5217864125122189,0.0,near_zero,False,161
google/gemma-2-2b-it,qa_neutral,strong_positive,linear,3,question_mark,0.5157258064516129,0.5217864125122189,-0.6060606060605989,near_zero,False,161
google/gemma-2-2b-it,qa_neutral,strong_positive,linear,3,last_word_before_question_mark,0.5217864125122189,0.5217864125122189,0.0,near_zero,False,161
google/gemma-2-2b-it,qa_neutral,strong_positive,linear,3,newline,0.5157258064516129,0.5217864125122189,-0.6060606060605989,near_zero,False,161
google/gemma-2-2b-it,qa_neutral,strong_positive,linear,3,last_token,0.509475806451613,0.5217864125122189,-1.2310606060605966,near_zero,False,161
google/gemma-2-2b-it,qa_neutral,strong_positive,linear,4,question_mark,0.5217864125122189,0.5217864125122189,0.0,near_zero,False,161
google/gemma-2-2b-it,qa_neutral,strong_positive,linear,4,last_word_before_question_mark,0.5217864125122189,0.5217864125122189,0.0,near_zero,False,161
google/gemma-2-2b-it,qa_neutral,strong_positive,linear,4,newline,0.509475806451613,0.5217864125122189,-1.2310606060605966,near_zero,False,161
google/gemma-2-2b-it,qa_neutral,strong_positive,linear,4,last_token,0.509475806451613,0.5217864125122189,-1.2310606060605966,near_zero,False,161
google/gemma-2-2b-it,qa_neutral,strong_positive,linear,5,question_mark,0.5217864125122189,0.5217864125122189,0.0,near_zero,False,161
google/gemma-2-2b-it,qa_neutral,strong_positive,linear,5,last_word_before_question_mark,0.5217864125122189,0.5217864125122189,0.0,near_zero,False,161
google/gemma-2-2b-it,qa_neutral,strong_positive,linear,5,newline,0.5217864125122189,0.5217864125122189,0.0,near_zero,False,161
google/gemma-2-2b-it,qa_neutral,strong_positive,linear,5,last_token,0.509475806451613,0.5217864125122189,-1.2310606060605966,near_zero,False,161
google/gemma-2-2b-it,qa_neutral,strong_positive,linear,6,question_mark,0.5217864125122189,0.5217864125122189,0.0,near_zero,False,161
google/gemma-2-2b-it,qa_neutral,strong_positive,linear,6,last_word_before_question_mark,0.5217864125122189,0.5217864125122189,0.0,near_zero,False,161
google/gemma-2-2b-it,qa_neutral,strong_positive,linear,6,newline,0.5217864125122189,0.5217864125122189,0.0,near_zero,False,161
google/gemma-2-2b-it,qa_neutral,strong_positive,linear,6,last_token,0.509475806451613,0.5217864125122189,-1.2310606060605966,near_zero,False,161
google/gemma-2-2b-it,qa_neutral,strong_positive,linear,7,question_mark,0.5217864125122189,0.5217864125122189,0.0,near_zero,False,161
google/gemma-2-2b-it,qa_neutral,strong_positive,linear,7,last_word_before_question_mark,0.5217864125122189,0.5217864125122189,0.0,near_zero,False,161
google/gemma-2-2b-it,qa_neutral,strong_positive,linear,7,newline,0.5217864125122189,0.5217864125122189,0.0,near_zero,False,161
google/gemma-2-2b-it,qa_neutral,strong_positive,linear,7,last_token,0.5217864125122189,0.5217864125122189,0.0,near_zero,False,161
google/gemma-2-2b-it,qa_neutral,strong_positive,linear,8,question_mark,0.5217864125122189,0.5217864125122189,0.0,near_zero,False,161
google/gemma-2-2b-it,qa_neutral,strong_positive,linear,8,last_word_before_question_mark,0.5217864125122189,0.5217864125122189,0.0,near_zero,False,161
google/gemma-2-2b-it,qa_neutral,strong_positive,linear,8,newline,0.5217864125122189,0.5217864125122189,0.0,near_zero,False,161
google/gemma-2-2b-it,qa_neutral,strong_positive,linear,8,last_token,0.5217864125122189,0.5217864125122189,0.0,near_zero,False,161
google/gemma-2-2b-it,qa_neutral,strong_positive,linear,9,question_mark,0.5217864125122189,0.5217864125122189,0.0,near_zero,False,161
google/gemma-2-2b-it,qa_neutral,strong_positive,linear,9,last_word_before_question_mark,0.5217864125122189,0.5217864125122189,0.0,near_zero,False,161
google/gemma-2-2b-it,qa_neutral,strong_positive,linear,9,newline,0.5217864125122189,0.5217864125122189,0.0,near_zero,False,161
google/gemma-2-2b-it,qa_neutral,strong_positive,linear,9,last_token,0.5217864125122189,0.5217864125122189,0.0,near_zero,False,161
google/gemma-2-2b-it,qa_neutral,strong_positive,linear,10,question_mark,0.5217864125122189,0.5217864125122189,0.0,near_zero,False,161
google/gemma-2-2b-it,qa_neutral,strong_positive,linear,10,last_word_before_question_mark,0.5217864125122189,0.5217864125122189,0.0,near_zero,False,161
google/gemma-2-2b-it,qa_neutral,strong_positive,linear,10,newline,0.5217864125122189,0.5217864125122189,0.0,near_zero,False,161
google/gemma-2-2b-it,qa_neutral,strong_positive,linear,10,last_token,0.5217864125122189,0.5217864125122189,0.0,near_zero,False,161
google/gemma-2-2b-it,qa_neutral,strong_positive,linear,11,question_mark,0.5217864125122189,0.5217864125122189,0.0,near_zero,False,161
google/gemma-2-2b-it,qa_neutral,strong_positive,linear,11,last_word_before_question_mark,0.5217864125122189,0.5217864125122189,0.0,near_zero,False,161
google/gemma-2-2b-it,qa_neutral,strong_positive,linear,11,newline,0.5217864125122189,0.5217864125122189,0.0,near_zero,False,161
google/gemma-2-2b-it,qa_neutral,strong_positive,linear,11,last_token,0.5217864125122189,0.5217864125122189,0.0,near_zero,False,161
google/gemma-2-2b-it,qa_neutral,strong_positive,linear,12,question_mark,0.5217864125122189,0.5217864125122189,0.0,near_zero,False,161
google/gemma-2-2b-it,qa_neutral,strong_positive,linear,12,last_word_before_question_mark,0.5217864125122189,0.5217864125122189,0.0,near_zero,False,161
google/gemma-2-2b-it,qa_neutral,strong_positive,linear,12,newline,0.5217864125122189,0.5217864125122189,0.0,near_zero,False,161
google/gemma-2-2b-it,qa_neutral,strong_positive,linear,12,last_token,0.5217864125122189,0.5217864125122189,0.0,near_zero,False,161
google/gemma-2-2b-it,qa_neutral,strong_positive,linear,13,question_mark,0.5217864125122189,0.5217864125122189,0.0,near_zero,False,161
google/gemma-2-2b-it,qa_neutral,strong_positive,linear,13,last_word_before_question_mark,0.5217864125122189,0.5217864125122189,0.0,near_zero,False,161
google/gemma-2-2b-it,qa_neutral,strong_positive,linear,13,newline,0.5217864125122189,0.5217864125122189,0.0,near_zero,False,161
google/gemma-2-2b-it,qa_neutral,strong_positive,linear,13,last_token,0.5217864125122189,0.5217864125122189,0.0,near_zero,False,161
google/gemma-2-2b-it,qa_neutral,strong_positive,linear,14,question_mark,0.5217864125122189,0.5217864125122189,0.0,near_zero,False,161
google/gemma-2-2b-it,qa_neutral,strong_positive,linear,14,last_word_before_question_mark,0.5217864125122189,0.5217864125122189,0.0,near_zero,False,161
google/gemma-2-2b-it,qa_neutral,strong_positive,linear,14,newline,0.5217864125122189,0.5217864125122189,0.0,near_zero,False,161
google/gemma-2-2b-it,qa_neutral,strong_positive,linear,14,last_token,0.5217864125122189,0.5217864125122189,0.0,near_zero,False,161
google/gemma-2-2b-it,qa_neutral,strong_positive,linear,15,question_mark,0.5217864125122189,0.5217864125122189,0.0,near_zero,False,161
google/gemma-2-2b-it,qa_neutral,strong_positive,linear,15,last_word_before_question_mark,0.5217864125122189,0.5217864125122189,0.0,near_zero,False,161
google/gemma-2-2b-it,qa_neutral,strong_positive,linear,15,newline,0.5217864125122189,0.5217864125122189,0.0,near_zero,False,161
google/gemma-2-2b-it,qa_neutral,strong_positive,linear,15,last_token,0.5217864125122189,0.5217864125122189,0.0,near_zero,False,161
google/gemma-2-2b-it,qa_neutral,strong_positive,linear,16,question_mark,0.5217864125122189,0.5217864125122189,0.0,near_zero,False,161
google/gemma-2-2b-it,qa_neutral,strong_positive,linear,16,last_word_before_question_mark,0.5217864125122189,0.5217864125122189,0.0,near_zero,False,161
google/gemma-2-2b-it,qa_neutral,strong_positive,linear,16,newline,0.5217864125122189,0.5217864125122189,0.0,near_zero,False,161
google/gemma-2-2b-it,qa_neutral,strong_positive,linear,16,last_token,0.5217864125122189,0.5217864125122189,0.0,near_zero,False,161
google/gemma-2-2b-it,qa_neutral,strong_positive,linear,17,question_mark,0.5217864125122189,0.5217864125122189,0.0,near_zero,False,161
google/gemma-2-2b-it,qa_neutral,strong_positive,linear,17,last_word_before_question_mark,0.5217864125122189,0.5217864125122189,0.0,near_zero,False,161
google/gemma-2-2b-it,qa_neutral,strong_positive,linear,17,newline,0.5217864125122189,0.5217864125122189,0.0,near_zero,False,161
google/gemma-2-2b-it,qa_neutral,strong_positive,linear,17,last_token,0.5217864125122189,0.5217864125122189,0.0,near_zero,False,161
google/gemma-2-2b-it,qa_neutral,strong_positive,linear,18,question_mark,0.5217864125122189,0.5217864125122189,0.0,near_zero,False,161
google/gemma-2-2b-it,qa_neutral,strong_positive,linear,18,last_word_before_question_mark,0.5217864125122189,0.5217864125122189,0.0,near_zero,False,161
google/gemma-2-2b-it,qa_neutral,strong_positive,linear,18,newline,0.5217864125122189,0.5217864125122189,0.0,near_zero,False,161
google/gemma-2-2b-it,qa_neutral,strong_positive,linear,18,last_token,0.5217864125122189,0.5217864125122189,0.0,near_zero,False,161
google/gemma-2-2b-it,qa_neutral,strong_positive,linear,19,question_mark,0.5217864125122189,0.5217864125122189,0.0,near_zero,False,161
google/gemma-2-2b-it,qa_neutral,strong_positive,linear,19,last_word_before_question_mark,0.5217864125122189,0.5217864125122189,0.0,near_zero,False,161
google/gemma-2-2b-it,qa_neutral,strong_positive,linear,19,newline,0.5217864125122189,0.5217864125122189,0.0,near_zero,False,161
google/gemma-2-2b-it,qa_neutral,strong_positive,linear,19,last_token,0.5217864125122189,0.5217864125122189,0.0,near_zero,False,161
google/gemma-2-2b-it,qa_neutral,strong_positive,linear,20,question_mark,0.5217864125122189,0.5217864125122189,0.0,near_zero,False,161
google/gemma-2-2b-it,qa_neutral,strong_positive,linear,20,last_word_before_question_mark,0.5217864125122189,0.5217864125122189,0.0,near_zero,False,161
google/gemma-2-2b-it,qa_neutral,strong_positive,linear,20,newline,0.5217864125122189,0.5217864125122189,0.0,near_zero,False,161
google/gemma-2-2b-it,qa_neutral,strong_positive,linear,20,last_token,0.5217864125122189,0.5217864125122189,0.0,near_zero,False,161
google/gemma-2-2b-it,qa_neutral,strong_positive,linear,21,question_mark,0.5217864125122189,0.5217864125122189,0.0,near_zero,False,161
google/gemma-2-2b-it,qa_neutral,strong_positive,linear,21,last_word_before_question_mark,0.5217864125122189,0.5217864125122189,0.0,near_zero,False,161
google/gemma-2-2b-it,qa_neutral,strong_positive,linear,21,newline,0.5217864125122189,0.5217864125122189,0.0,near_zero,False,161
google/gemma-2-2b-it,qa_neutral,strong_positive,linear,21,last_token,0.5217864125122189,0.5217864125122189,0.0,near_zero,False,161
google/gemma-2-2b-it,qa_neutral,strong_positive,linear,22,question_mark,0.5217864125122189,0.5217864125122189,0.0,near_zero,False,161
google/gemma-2-2b-it,qa_neutral,strong_positive,linear,22,last_word_before_question_mark,0.5217864125122189,0.5217864125122189,0.0,near_zero,False,161
google/gemma-2-2b-it,qa_neutral,strong_positive,linear,22,newline,0.5217864125122189,0.5217864125122189,0.0,near_zero,False,161
google/gemma-2-2b-it,qa_neutral,strong_positive,linear,22,last_token,0.5217864125122189,0.5217864125122189,0.0,near_zero,False,161
google/gemma-2-2b-it,rhyme,strong_positive,linear,2,last_word_before_newline,0.8300000000000001,0.23499999999999996,59.50000000000001,strong_positive,True,200
google/gemma-2-2b-it,rhyme,strong_positive,linear,2,newline,0.825,0.23499999999999996,59.0,strong_positive,True,200
google/gemma-2-2b-it,rhyme,strong_positive,linear,3,last_word_before_newline,0.8200000000000001,0.23000000000000004,59.00000000000001,strong_positive,True,200
google/gemma-2-2b-it,rhyme,strong_positive,linear,3,newline,0.8,0.23000000000000004,57.00000000000001,strong_positive,True,200
google/gemma-2-2b-it,rhyme,strong_positive,linear,4,last_word_before_newline,0.975,0.265,71.0,strong_positive,True,200
google/gemma-2-2b-it,rhyme,strong_positive,linear,4,newline,0.76,0.265,49.5,strong_positive,True,200
google/gemma-2-2b-it,rhyme,strong_positive,linear,5,last_word_before_newline,0.9650000000000001,0.27999999999999997,68.5,strong_positive,True,200
google/gemma-2-2b-it,rhyme,strong_positive,linear,5,newline,0.9949999999999999,0.27999999999999997,71.49999999999999,strong_positive,True,200
google/gemma-2-2b-it,rhyme,strong_positive,linear,6,last_word_before_newline,0.945,0.25999999999999995,68.5,strong_positive,True,200
google/gemma-2-2b-it,rhyme,strong_positive,linear,6,newline,0.9949999999999999,0.25999999999999995,73.49999999999999,strong_positive,True,200
google/gemma-2-2b-it,rhyme,strong_positive,linear,7,last_word_before_newline,0.9200000000000002,0.275,64.50000000000001,strong_positive,True,200
google/gemma-2-2b-it,rhyme,strong_positive,linear,7,newline,0.97,0.275,69.5,strong_positive,True,200
google/gemma-2-2b-it,rhyme,strong_positive,linear,8,last_word_before_newline,0.89,0.26999999999999996,62.000000000000014,strong_positive,True,200
google/gemma-2-2b-it,rhyme,strong_positive,linear,8,newline,0.9800000000000001,0.26999999999999996,71.00000000000001,strong_positive,True,200
google/gemma-2-2b-it,rhyme,strong_positive,linear,9,last_word_before_newline,0.8800000000000001,0.26999999999999996,61.00000000000001,strong_positive,True,200
google/gemma-2-2b-it,rhyme,strong_positive,linear,9,newline,0.97,0.26999999999999996,70.0,strong_positive,True,200
google/gemma-2-2b-it,rhyme,strong_positive,linear,10,last_word_before_newline,0.865,0.27999999999999997,58.5,strong_positive,True,200
google/gemma-2-2b-it,rhyme,strong_positive,linear,10,newline,0.97,0.27999999999999997,69.0,strong_positive,True,200
google/gemma-2-2b-it,rhyme,strong_positive,linear,11,last_word_before_newline,0.885,0.30500000000000005,57.99999999999999,strong_positive,True,200
google/gemma-2-2b-it,rhyme,strong_positive,linear,11,newline,0.9450000000000001,0.30500000000000005,64.0,strong_positive,True,200
google/gemma-2-2b-it,rhyme,strong_positive,linear,12,last_word_before_newline,0.9000000000000001,0.27999999999999997,62.000000000000014,strong_positive,True,200
google/gemma-2-2b-it,rhyme,strong_positive,linear,12,newline,0.9550000000000001,0.27999999999999997,67.5,strong_positive,True,200
google/gemma-2-2b-it,rhyme,strong_positive,linear,13,last_word_before_newline,0.8800000000000001,0.265,61.50000000000001,strong_positive,True,200
google/gemma-2-2b-it,rhyme,strong_positive,linear,13,newline,0.9400000000000001,0.265,67.5,strong_positive,True,200
google/gemma-2-2b-it,rhyme,strong_positive,linear,14,last_word_before_newline,0.9549999999999998,0.27999999999999997,67.49999999999999,strong_positive,True,200
google/gemma-2-2b-it,rhyme,strong_positive,linear,14,newline,0.93,0.27999999999999997,65.00000000000001,strong_positive,True,200
google/gemma-2-2b-it,rhyme,strong_positive,linear,15,last_word_before_newline,0.975,0.315,65.99999999999999,strong_positive,True,200
google/gemma-2-2b-it,rhyme,strong_positive,linear,15,newline,0.8800000000000001,0.315,56.500000000000014,strong_positive,True,200
google/gemma-2-2b-it,rhyme,strong_positive,linear,16,last_word_before_newline,0.9800000000000001,0.305,67.5,strong_positive,True,200
google/gemma-2-2b-it,rhyme,strong_positive,linear,16,newline,0.86,0.305,55.49999999999999,strong_positive,True,200
google/gemma-2-2b-it,rhyme,strong_positive,linear,17,last_word_before_newline,0.975,0.305,67.0,strong_positive,True,200
google/gemma-2-2b-it,rhyme,strong_positive,linear,17,newline,0.86,0.305,55.49999999999999,strong_positive,True,200
google/gemma-2-2b-it,rhyme,strong_positive,linear,18,last_word_before_newline,0.985,0.29500000000000004,69.0,strong_positive,True,200
google/gemma-2-2b-it,rhyme,strong_positive,linear,18,newline,0.8699999999999999,0.29500000000000004,57.499999999999986,strong_positive,True,200
google/gemma-2-2b-it,rhyme,strong_positive,linear,19,last_word_before_newline,0.985,0.31,67.5,strong_positive,True,200
google/gemma-2-2b-it,rhyme,strong_positive,linear,19,newline,0.85,0.31,54.0,strong_positive,True,200
google/gemma-2-2b-it,rhyme,strong_positive,linear,20,last_word_before_newline,0.985,0.31999999999999995,66.5,strong_positive,True,200
google/gemma-2-2b-it,rhyme,strong_positive,linear,20,newline,0.85,0.31999999999999995,53.0,strong_positive,True,200
google/gemma-2-2b-it,rhyme,strong_positive,linear,21,last_word_before_newline,0.985,0.29500000000000004,69.0,strong_positive,True,200
google/gemma-2-2b-it,rhyme,strong_positive,linear,21,newline,0.8400000000000001,0.29500000000000004,54.50000000000001,strong_positive,True,200
google/gemma-2-2b-it,rhyme,strong_positive,linear,22,last_word_before_newline,0.99,0.31,68.0,strong_positive,True,200
google/gemma-2-2b-it,rhyme,strong_positive,linear,22,newline,0.795,0.31,48.50000000000001,strong_positive,True,200
google/gemma-2-2b,code,negative,linear,0,colon,0.7732479130265967,0.741603572121918,3.1644340904678714,weak_positive,False,507
google/gemma-2-2b,code,negative,linear,0,newline,0.8027567462628615,0.741603572121918,6.115317414094356,strong_positive,False,507
google/gemma-2-2b,code,negative,linear,0,last_token,0.7770724131236653,0.741603572121918,3.5468841001747298,weak_positive,False,507
google/gemma-2-2b,code,negative,linear,4,colon,0.8797126771500678,0.8186177441273539,6.109493302271396,strong_positive,False,507
google/gemma-2-2b,code,negative,linear,4,newline,0.8994175888177054,0.8186177441273539,8.07998446903515,strong_positive,False,507
google/gemma-2-2b,code,negative,linear,4,last_token,0.8876140555231993,0.8186177441273539,6.899631139584539,strong_positive,False,507
google/gemma-2-2b,code,negative,linear,8,colon,0.8737720830906619,0.8954571927781012,-2.168510968743931,negative,True,507
google/gemma-2-2b,code,negative,linear,8,newline,0.9388468258590565,0.8954571927781012,4.338963308095534,weak_positive,False,507
google/gemma-2-2b,code,negative,linear,8,last_token,0.942787808192584,0.8954571927781012,4.73306154144828,weak_positive,False,507
google/gemma-2-2b,code,negative,linear,13,colon,0.8993981751116289,0.8993787614055524,0.0019413706076498727,near_zero,False,507
google/gemma-2-2b,code,negative,linear,13,newline,0.9408076101727818,0.8993787614055524,4.142884876722941,weak_positive,False,507
google/gemma-2-2b,code,negative,linear,13,last_token,0.9309648611920016,0.8993787614055524,3.1586099786449218,weak_positive,False,507
google/gemma-2-2b,code,negative,linear,17,colon,0.9072218986604543,0.8855950300912443,2.1626868569210034,weak_positive,False,507
google/gemma-2-2b,code,negative,linear,17,newline,0.9309454474859251,0.8855950300912443,4.535041739468082,weak_positive,False,507
google/gemma-2-2b,code,negative,linear,17,last_token,0.9230828965249465,0.8855950300912443,3.7487866433702166,weak_positive,False,507
google/gemma-2-2b,code,negative,linear,25,colon,0.8993593476994759,0.8264026402640263,7.2956707435449575,strong_positive,False,507
google/gemma-2-2b,code,negative,linear,25,newline,0.9229858279945642,0.8264026402640263,9.658318773053786,strong_positive,False,507
google/gemma-2-2b,code,negative,linear,25,last_token,0.9210250436808387,0.8264026402640263,9.462240341681238,strong_positive,False,507
google/gemma-2-2b,qa_neutral,strong_positive,linear,2,question_mark,0.5157258064516129,0.5217864125122189,-0.6060606060605989,near_zero,False,161
google/gemma-2-2b,qa_neutral,strong_positive,linear,2,last_word_before_question_mark,0.5217864125122189,0.5217864125122189,0.0,near_zero,False,161
google/gemma-2-2b,qa_neutral,strong_positive,linear,2,newline,0.5217864125122189,0.5217864125122189,0.0,near_zero,False,161
google/gemma-2-2b,qa_neutral,strong_positive,linear,2,last_token,0.5157258064516129,0.5217864125122189,-0.6060606060605989,near_zero,False,161
google/gemma-2-2b,qa_neutral,strong_positive,linear,3,question_mark,0.5157258064516129,0.5217864125122189,-0.6060606060605989,near_zero,False,161
google/gemma-2-2b,qa_neutral,strong_positive,linear,3,last_word_before_question_mark,0.5217864125122189,0.5217864125122189,0.0,near_zero,False,161
google/gemma-2-2b,qa_neutral,strong_positive,linear,3,newline,0.509475806451613,0.5217864125122189,-1.2310606060605966,near_zero,False,161
google/gemma-2-2b,qa_neutral,strong_positive,linear,3,last_token,0.509475806451613,0.5217864125122189,-1.2310606060605966,near_zero,False,161
google/gemma-2-2b,qa_neutral,strong_positive,linear,4,question_mark,0.5217864125122189,0.5217864125122189,0.0,near_zero,False,161
google/gemma-2-2b,qa_neutral,strong_positive,linear,4,last_word_before_question_mark,0.5217864125122189,0.5217864125122189,0.0,near_zero,False,161
google/gemma-2-2b,qa_neutral,strong_positive,linear,4,newline,0.509475806451613,0.5217864125122189,-1.2310606060605966,near_zero,False,161
google/gemma-2-2b,qa_neutral,strong_positive,linear,4,last_token,0.5032258064516129,0.5217864125122189,-1.8560606060606055,near_zero,False,161
google/gemma-2-2b,qa_neutral,strong_positive,linear,5,question_mark,0.5217864125122189,0.5217864125122189,0.0,near_zero,False,161
google/gemma-2-2b,qa_neutral,strong_positive,linear,5,last_word_before_question_mark,0.5217864125122189,0.5217864125122189,0.0,near_zero,False,161
google/gemma-2-2b,qa_neutral,strong_positive,linear,5,newline,0.5157258064516129,0.5217864125122189,-0.6060606060605989,near_zero,False,161
google/gemma-2-2b,qa_neutral,strong_positive,linear,5,last_token,0.509475806451613,0.5217864125122189,-1.2310606060605966,near_zero,False,161
google/gemma-2-2b,qa_neutral,strong_positive,linear,6,question_mark,0.5217864125122189,0.5217864125122189,0.0,near_zero,False,161
google/gemma-2-2b,qa_neutral,strong_positive,linear,6,last_word_before_question_mark,0.5217864125122189,0.5217864125122189,0.0,near_zero,False,161
google/gemma-2-2b,qa_neutral,strong_positive,linear,6,newline,0.5157258064516129,0.5217864125122189,-0.6060606060605989,near_zero,False,161
google/gemma-2-2b,qa_neutral,strong_positive,linear,6,last_token,0.509475806451613,0.5217864125122189,-1.2310606060605966,near_zero,False,161
google/gemma-2-2b,qa_neutral,strong_positive,linear,7,question_mark,0.5217864125122189,0.5217864125122189,0.0,near_zero,False,161
google/gemma-2-2b,qa_neutral,strong_positive,linear,7,last_word_before_question_mark,0.5217864125122189,0.5217864125122189,0.0,near_zero,False,161
google/gemma-2-2b,qa_neutral,strong_positive,linear,7,newline,0.5217864125122189,0.5217864125122189,0.0,near_zero,False,161
google/gemma-2-2b,qa_neutral,strong_positive,linear,7,last_token,0.5157258064516129,0.5217864125122189,-0.6060606060605989,near_zero,False,161
google/gemma-2-2b,qa_neutral,strong_positive,linear,8,question_mark,0.5217864125122189,0.5217864125122189,0.0,near_zero,False,161
google/gemma-2-2b,qa_neutral,strong_positive,linear,8,last_word_before_question_mark,0.5217864125122189,0.5217864125122189,0.0,near_zero,False,161
google/gemma-2-2b,qa_neutral,strong_positive,linear,8,newline,0.5217864125122189,0.5217864125122189,0.0,near_zero,False,161
google/gemma-2-2b,qa_neutral,strong_positive,linear,8,last_token,0.5217864125122189,0.5217864125122189,0.0,near_zero,False,161
google/gemma-2-2b,qa_neutral,strong_positive,linear,9,question_mark,0.5217864125122189,0.5217864125122189,0.0,near_zero,False,161
google/gemma-2-2b,qa_neutral,strong_positive,linear,9,last_word_before_question_mark,0.5217864125122189,0.5217864125122189,0.0,near_zero,False,161
google/gemma-2-2b,qa_neutral,strong_positive,linear,9,newline,0.5217864125122189,0.5217864125122189,0.0,near_zero,False,161
google/gemma-2-2b,qa_neutral,strong_positive,linear,9,last_token,0.509475806451613,0.5217864125122189,-1.2310606060605966,near_zero,False,161
google/gemma-2-2b,qa_neutral,strong_positive,linear,10,question_mark,0.5217864125122189,0.5217864125122189,0.0,near_zero,False,161
google/gemma-2-2b,qa_neutral,strong_positive,linear,10,last_word_before_question_mark,0.5217864125122189,0.5217864125122189,0.0,near_zero,False,161
google/gemma-2-2b,qa_neutral,strong_positive,linear,10,newline,0.5217864125122189,0.5217864125122189,0.0,near_zero,False,161
google/gemma-2-2b,qa_neutral,strong_positive,linear,10,last_token,0.5217864125122189,0.5217864125122189,0.0,near_zero,False,161
google/gemma-2-2b,qa_neutral,strong_positive,linear,11,question_mark,0.5217864125122189,0.5217864125122189,0.0,near_zero,False,161
google/gemma-2-2b,qa_neutral,strong_positive,linear,11,last_word_before_question_mark,0.5217864125122189,0.5217864125122189,0.0,near_zero,False,161
google/gemma-2-2b,qa_neutral,strong_positive,linear,11,newline,0.5217864125122189,0.5217864125122189,0.0,near_zero,False,161
google/gemma-2-2b,qa_neutral,strong_positive,linear,11,last_token,0.5217864125122189,0.5217864125122189,0.0,near_zero,False,161
google/gemma-2-2b,qa_neutral,strong_positive,linear,12,question_mark,0.5217864125122189,0.5217864125122189,0.0,near_zero,False,161
google/gemma-2-2b,qa_neutral,strong_positive,linear,12,last_word_before_question_mark,0.5217864125122189,0.5217864125122189,0.0,near_zero,False,161
google/gemma-2-2b,qa_neutral,strong_positive,linear,12,newline,0.5217864125122189,0.5217864125122189,0.0,near_zero,False,161
google/gemma-2-2b,qa_neutral,strong_positive,linear,12,last_token,0.5217864125122189,0.5217864125122189,0.0,near_zero,False,161
google/gemma-2-2b,qa_neutral,strong_positive,linear,13,question_mark,0.5217864125122189,0.5217864125122189,0.0,near_zero,False,161
google/gemma-2-2b,qa_neutral,strong_positive,linear,13,last_word_before_question_mark,0.5217864125122189,0.5217864125122189,0.0,near_zero,False,161
google/gemma-2-2b,qa_neutral,strong_positive,linear,13,newline,0.5217864125122189,0.5217864125122189,0.0,near_zero,False,161
google/gemma-2-2b,qa_neutral,strong_positive,linear,13,last_token,0.5217864125122189,0.5217864125122189,0.0,near_zero,False,161
google/gemma-2-2b,qa_neutral,strong_positive,linear,14,question_mark,0.5217864125122189,0.5217864125122189,0.0,near_zero,False,161
google/gemma-2-2b,qa_neutral,strong_positive,linear,14,last_word_before_question_mark,0.5217864125122189,0.5217864125122189,0.0,near_zero,False,161
google/gemma-2-2b,qa_neutral,strong_positive,linear,14,newline,0.5217864125122189,0.5217864125122189,0.0,near_zero,False,161
google/gemma-2-2b,qa_neutral,strong_positive,linear,14,last_token,0.5217864125122189,0.5217864125122189,0.0,near_zero,False,161
google/gemma-2-2b,qa_neutral,strong_positive,linear,15,question_mark,0.5217864125122189,0.5217864125122189,0.0,near_zero,False,161
google/gemma-2-2b,qa_neutral,strong_positive,linear,15,last_word_before_question_mark,0.5217864125122189,0.5217864125122189,0.0,near_zero,False,161
google/gemma-2-2b,qa_neutral,strong_positive,linear,15,newline,0.5217864125122189,0.5217864125122189,0.0,near_zero,False,161
google/gemma-2-2b,qa_neutral,strong_positive,linear,15,last_token,0.5217864125122189,0.5217864125122189,0.0,near_zero,False,161
google/gemma-2-2b,qa_neutral,strong_positive,linear,16,question_mark,0.5217864125122189,0.5217864125122189,0.0,near_zero,False,161
google/gemma-2-2b,qa_neutral,strong_positive,linear,16,last_word_before_question_mark,0.5217864125122189,0.5217864125122189,0.0,near_zero,False,161
google/gemma-2-2b,qa_neutral,strong_positive,linear,16,newline,0.5217864125122189,0.5217864125122189,0.0,near_zero,False,161
google/gemma-2-2b,qa_neutral,strong_positive,linear,16,last_token,0.5217864125122189,0.5217864125122189,0.0,near_zero,False,161
google/gemma-2-2b,qa_neutral,strong_positive,linear,17,question_mark,0.5217864125122189,0.5217864125122189,0.0,near_zero,False,161
google/gemma-2-2b,qa_neutral,strong_positive,linear,17,last_word_before_question_mark,0.5217864125122189,0.5217864125122189,0.0,near_zero,False,161
google/gemma-2-2b,qa_neutral,strong_positive,linear,17,newline,0.5217864125122189,0.5217864125122189,0.0,near_zero,False,161
google/gemma-2-2b,qa_neutral,strong_positive,linear,17,last_token,0.5217864125122189,0.5217864125122189,0.0,near_zero,False,161
google/gemma-2-2b,qa_neutral,strong_positive,linear,18,question_mark,0.5217864125122189,0.5217864125122189,0.0,near_zero,False,161
google/gemma-2-2b,qa_neutral,strong_positive,linear,18,last_word_before_question_mark,0.5217864125122189,0.5217864125122189,0.0,near_zero,False,161
google/gemma-2-2b,qa_neutral,strong_positive,linear,18,newline,0.5217864125122189,0.5217864125122189,0.0,near_zero,False,161
google/gemma-2-2b,qa_neutral,strong_positive,linear,18,last_token,0.5217864125122189,0.5217864125122189,0.0,near_zero,False,161
google/gemma-2-2b,qa_neutral,strong_positive,linear,19,question_mark,0.5217864125122189,0.5217864125122189,0.0,near_zero,False,161
google/gemma-2-2b,qa_neutral,strong_positive,linear,19,last_word_before_question_mark,0.5217864125122189,0.5217864125122189,0.0,near_zero,False,161
google/gemma-2-2b,qa_neutral,strong_positive,linear,19,newline,0.5217864125122189,0.5217864125122189,0.0,near_zero,False,161
google/gemma-2-2b,qa_neutral,strong_positive,linear,19,last_token,0.5217864125122189,0.5217864125122189,0.0,near_zero,False,161
google/gemma-2-2b,qa_neutral,strong_positive,linear,20,question_mark,0.5217864125122189,0.5217864125122189,0.0,near_zero,False,161
google/gemma-2-2b,qa_neutral,strong_positive,linear,20,last_word_before_question_mark,0.5217864125122189,0.5217864125122189,0.0,near_zero,False,161
google/gemma-2-2b,qa_neutral,strong_positive,linear,20,newline,0.5217864125122189,0.5217864125122189,0.0,near_zero,False,161
google/gemma-2-2b,qa_neutral,strong_positive,linear,20,last_token,0.5217864125122189,0.5217864125122189,0.0,near_zero,False,161
google/gemma-2-2b,qa_neutral,strong_positive,linear,21,question_mark,0.5217864125122189,0.5217864125122189,0.0,near_zero,False,161
google/gemma-2-2b,qa_neutral,strong_positive,linear,21,last_word_before_question_mark,0.5217864125122189,0.5217864125122189,0.0,near_zero,False,161
google/gemma-2-2b,qa_neutral,strong_positive,linear,21,newline,0.5217864125122189,0.5217864125122189,0.0,near_zero,False,161
google/gemma-2-2b,qa_neutral,strong_positive,linear,21,last_token,0.5217864125122189,0.5217864125122189,0.0,near_zero,False,161
google/gemma-2-2b,qa_neutral,strong_positive,linear,22,question_mark,0.5217864125122189,0.5217864125122189,0.0,near_zero,False,161
google/gemma-2-2b,qa_neutral,strong_positive,linear,22,last_word_before_question_mark,0.5217864125122189,0.5217864125122189,0.0,near_zero,False,161
google/gemma-2-2b,qa_neutral,strong_positive,linear,22,newline,0.5217864125122189,0.5217864125122189,0.0,near_zero,False,161
google/gemma-2-2b,qa_neutral,strong_positive,linear,22,last_token,0.5217864125122189,0.5217864125122189,0.0,near_zero,False,161
google/gemma-2-2b,qa_neutral,strong_positive,linear,2,question_mark,0.5157258064516129,0.5217864125122189,-0.6060606060605989,near_zero,False,161
google/gemma-2-2b,qa_neutral,strong_positive,linear,2,last_word_before_question_mark,0.5217864125122189,0.5217864125122189,0.0,near_zero,False,161
google/gemma-2-2b,qa_neutral,strong_positive,linear,2,newline,0.5217864125122189,0.5217864125122189,0.0,near_zero,False,161
google/gemma-2-2b,qa_neutral,strong_positive,linear,2,last_token,0.5157258064516129,0.5217864125122189,-0.6060606060605989,near_zero,False,161
google/gemma-2-2b,qa_neutral,strong_positive,linear,3,question_mark,0.5157258064516129,0.5217864125122189,-0.6060606060605989,near_zero,False,161
google/gemma-2-2b,qa_neutral,strong_positive,linear,3,last_word_before_question_mark,0.5217864125122189,0.5217864125122189,0.0,near_zero,False,161
google/gemma-2-2b,qa_neutral,strong_positive,linear,3,newline,0.509475806451613,0.5217864125122189,-1.2310606060605966,near_zero,False,161
google/gemma-2-2b,qa_neutral,strong_positive,linear,3,last_token,0.509475806451613,0.5217864125122189,-1.2310606060605966,near_zero,False,161
google/gemma-2-2b,qa_neutral,strong_positive,linear,4,question_mark,0.5217864125122189,0.5217864125122189,0.0,near_zero,False,161
google/gemma-2-2b,qa_neutral,strong_positive,linear,4,last_word_before_question_mark,0.5217864125122189,0.5217864125122189,0.0,near_zero,False,161
google/gemma-2-2b,qa_neutral,strong_positive,linear,4,newline,0.509475806451613,0.5217864125122189,-1.2310606060605966,near_zero,False,161
google/gemma-2-2b,qa_neutral,strong_positive,linear,4,last_token,0.5032258064516129,0.5217864125122189,-1.8560606060606055,near_zero,False,161
google/gemma-2-2b,qa_neutral,strong_positive,linear,5,question_mark,0.5217864125122189,0.5217864125122189,0.0,near_zero,False,161
google/gemma-2-2b,qa_neutral,strong_positive,linear,5,last_word_before_question_mark,0.5217864125122189,0.5217864125122189,0.0,near_zero,False,161
google/gemma-2-2b,qa_neutral,strong_positive,linear,5,newline,0.5157258064516129,0.5217864125122189,-0.6060606060605989,near_zero,False,161
google/gemma-2-2b,qa_neutral,strong_positive,linear,5,last_token,0.509475806451613,0.5217864125122189,-1.2310606060605966,near_zero,False,161
google/gemma-2-2b,qa_neutral,strong_positive,linear,6,question_mark,0.5217864125122189,0.5217864125122189,0.0,near_zero,False,161
google/gemma-2-2b,qa_neutral,strong_positive,linear,6,last_word_before_question_mark,0.5217864125122189,0.5217864125122189,0.0,near_zero,False,161
google/gemma-2-2b,qa_neutral,strong_positive,linear,6,newline,0.5157258064516129,0.5217864125122189,-0.6060606060605989,near_zero,False,161
google/gemma-2-2b,qa_neutral,strong_positive,linear,6,last_token,0.509475806451613,0.5217864125122189,-1.2310606060605966,near_zero,False,161
google/gemma-2-2b,qa_neutral,strong_positive,linear,7,question_mark,0.5217864125122189,0.5217864125122189,0.0,near_zero,False,161
google/gemma-2-2b,qa_neutral,strong_positive,linear,7,last_word_before_question_mark,0.5217864125122189,0.5217864125122189,0.0,near_zero,False,161
google/gemma-2-2b,qa_neutral,strong_positive,linear,7,newline,0.5217864125122189,0.5217864125122189,0.0,near_zero,False,161
google/gemma-2-2b,qa_neutral,strong_positive,linear,7,last_token,0.5157258064516129,0.5217864125122189,-0.6060606060605989,near_zero,False,161
google/gemma-2-2b,qa_neutral,strong_positive,linear,8,question_mark,0.5217864125122189,0.5217864125122189,0.0,near_zero,False,161
google/gemma-2-2b,qa_neutral,strong_positive,linear,8,last_word_before_question_mark,0.5217864125122189,0.5217864125122189,0.0,near_zero,False,161
google/gemma-2-2b,qa_neutral,strong_positive,linear,8,newline,0.5217864125122189,0.5217864125122189,0.0,near_zero,False,161
google/gemma-2-2b,qa_neutral,strong_positive,linear,8,last_token,0.5217864125122189,0.5217864125122189,0.0,near_zero,False,161
google/gemma-2-2b,qa_neutral,strong_positive,linear,9,question_mark,0.5217864125122189,0.5217864125122189,0.0,near_zero,False,161
google/gemma-2-2b,qa_neutral,strong_positive,linear,9,last_word_before_question_mark,0.5217864125122189,0.5217864125122189,0.0,near_zero,False,161
google/gemma-2-2b,qa_neutral,strong_positive,linear,9,newline,0.5217864125122189,0.5217864125122189,0.0,near_zero,False,161
google/gemma-2-2b,qa_neutral,strong_positive,linear,9,last_token,0.509475806451613,0.5217864125122189,-1.2310606060605966,near_zero,False,161
google/gemma-2-2b,qa_neutral,strong_positive,linear,10,question_mark,0.5217864125122189,0.5217864125122189,0.0,near_zero,False,161
google/gemma-2-2b,qa_neutral,strong_positive,linear,10,last_word_before_question_mark,0.5217864125122189,0.5217864125122189,0.0,near_zero,False,161
google/gemma-2-2b,qa_neutral,strong_positive,linear,10,newline,0.5217864125122189,0.5217864125122189,0.0,near_zero,False,161
google/gemma-2-2b,qa_neutral,strong_positive,linear,10,last_token,0.5217864125122189,0.5217864125122189,0.0,near_zero,False,161
google/gemma-2-2b,qa_neutral,strong_positive,linear,11,question_mark,0.5217864125122189,0.5217864125122189,0.0,near_zero,False,161
google/gemma-2-2b,qa_neutral,strong_positive,linear,11,last_word_before_question_mark,0.5217864125122189,0.5217864125122189,0.0,near_zero,False,161
google/gemma-2-2b,qa_neutral,strong_positive,linear,11,newline,0.5217864125122189,0.5217864125122189,0.0,near_zero,False,161
google/gemma-2-2b,qa_neutral,strong_positive,linear,11,last_token,0.5217864125122189,0.5217864125122189,0.0,near_zero,False,161
google/gemma-2-2b,qa_neutral,strong_positive,linear,12,question_mark,0.5217864125122189,0.5217864125122189,0.0,near_zero,False,161
google/gemma-2-2b,qa_neutral,strong_positive,linear,12,last_word_before_question_mark,0.5217864125122189,0.5217864125122189,0.0,near_zero,False,161
google/gemma-2-2b,qa_neutral,strong_positive,linear,12,newline,0.5217864125122189,0.5217864125122189,0.0,near_zero,False,161
google/gemma-2-2b,qa_neutral,strong_positive,linear,12,last_token,0.5217864125122189,0.5217864125122189,0.0,near_zero,False,161
google/gemma-2-2b,qa_neutral,strong_positive,linear,13,question_mark,0.5217864125122189,0.5217864125122189,0.0,near_zero,False,161
google/gemma-2-2b,qa_neutral,strong_positive,linear,13,last_word_before_question_mark,0.5217864125122189,0.5217864125122189,0.0,near_zero,False,161
google/gemma-2-2b,qa_neutral,strong_positive,linear,13,newline,0.5217864125122189,0.5217864125122189,0.0,near_zero,False,161
google/gemma-2-2b,qa_neutral,strong_positive,linear,13,last_token,0.5217864125122189,0.5217864125122189,0.0,near_zero,False,161
google/gemma-2-2b,qa_neutral,strong_positive,linear,14,question_mark,0.5217864125122189,0.5217864125122189,0.0,near_zero,False,161
google/gemma-2-2b,qa_neutral,strong_positive,linear,14,last_word_before_question_mark,0.5217864125122189,0.5217864125122189,0.0,near_zero,False,161
google/gemma-2-2b,qa_neutral,strong_positive,linear,14,newline,0.5217864125122189,0.5217864125122189,0.0,near_zero,False,161
google/gemma-2-2b,qa_neutral,strong_positive,linear,14,last_token,0.5217864125122189,0.5217864125122189,0.0,near_zero,False,161
google/gemma-2-2b,qa_neutral,strong_positive,linear,15,question_mark,0.5217864125122189,0.5217864125122189,0.0,near_zero,False,161
google/gemma-2-2b,qa_neutral,strong_positive,linear,15,last_word_before_question_mark,0.5217864125122189,0.5217864125122189,0.0,near_zero,False,161
google/gemma-2-2b,qa_neutral,strong_positive,linear,15,newline,0.5217864125122189,0.5217864125122189,0.0,near_zero,False,161
google/gemma-2-2b,qa_neutral,strong_positive,linear,15,last_token,0.5217864125122189,0.5217864125122189,0.0,near_zero,False,161
google/gemma-2-2b,qa_neutral,strong_positive,linear,16,question_mark,0.5217864125122189,0.5217864125122189,0.0,near_zero,False,161
google/gemma-2-2b,qa_neutral,strong_positive,linear,16,last_word_before_question_mark,0.5217864125122189,0.5217864125122189,0.0,near_zero,False,161
google/gemma-2-2b,qa_neutral,strong_positive,linear,16,newline,0.5217864125122189,0.5217864125122189,0.0,near_zero,False,161
google/gemma-2-2b,qa_neutral,strong_positive,linear,16,last_token,0.5217864125122189,0.5217864125122189,0.0,near_zero,False,161
google/gemma-2-2b,qa_neutral,strong_positive,linear,17,question_mark,0.5217864125122189,0.5217864125122189,0.0,near_zero,False,161
google/gemma-2-2b,qa_neutral,strong_positive,linear,17,last_word_before_question_mark,0.5217864125122189,0.5217864125122189,0.0,near_zero,False,161
google/gemma-2-2b,qa_neutral,strong_positive,linear,17,newline,0.5217864125122189,0.5217864125122189,0.0,near_zero,False,161
google/gemma-2-2b,qa_neutral,strong_positive,linear,17,last_token,0.5217864125122189,0.5217864125122189,0.0,near_zero,False,161
google/gemma-2-2b,qa_neutral,strong_positive,linear,18,question_mark,0.5217864125122189,0.5217864125122189,0.0,near_zero,False,161
google/gemma-2-2b,qa_neutral,strong_positive,linear,18,last_word_before_question_mark,0.5217864125122189,0.5217864125122189,0.0,near_zero,False,161
google/gemma-2-2b,qa_neutral,strong_positive,linear,18,newline,0.5217864125122189,0.5217864125122189,0.0,near_zero,False,161
google/gemma-2-2b,qa_neutral,strong_positive,linear,18,last_token,0.5217864125122189,0.5217864125122189,0.0,near_zero,False,161
google/gemma-2-2b,qa_neutral,strong_positive,linear,19,question_mark,0.5217864125122189,0.5217864125122189,0.0,near_zero,False,161
google/gemma-2-2b,qa_neutral,strong_positive,linear,19,last_word_before_question_mark,0.5217864125122189,0.5217864125122189,0.0,near_zero,False,161
google/gemma-2-2b,qa_neutral,strong_positive,linear,19,newline,0.5217864125122189,0.5217864125122189,0.0,near_zero,False,161
google/gemma-2-2b,qa_neutral,strong_positive,linear,19,last_token,0.5217864125122189,0.5217864125122189,0.0,near_zero,False,161
google/gemma-2-2b,qa_neutral,strong_positive,linear,20,question_mark,0.5217864125122189,0.5217864125122189,0.0,near_zero,False,161
google/gemma-2-2b,qa_neutral,strong_positive,linear,20,last_word_before_question_mark,0.5217864125122189,0.5217864125122189,0.0,near_zero,False,161
google/gemma-2-2b,qa_neutral,strong_positive,linear,20,newline,0.5217864125122189,0.5217864125122189,0.0,near_zero,False,161
google/gemma-2-2b,qa_neutral,strong_positive,linear,20,last_token,0.5217864125122189,0.5217864125122189,0.0,near_zero,False,161
google/gemma-2-2b,qa_neutral,strong_positive,linear,21,question_mark,0.5217864125122189,0.5217864125122189,0.0,near_zero,False,161
google/gemma-2-2b,qa_neutral,strong_positive,linear,21,last_word_before_question_mark,0.5217864125122189,0.5217864125122189,0.0,near_zero,False,161
google/gemma-2-2b,qa_neutral,strong_positive,linear,21,newline,0.5217864125122189,0.5217864125122189,0.0,near_zero,False,161
google/gemma-2-2b,qa_neutral,strong_positive,linear,21,last_token,0.5217864125122189,0.5217864125122189,0.0,near_zero,False,161
google/gemma-2-2b,qa_neutral,strong_positive,linear,22,question_mark,0.5217864125122189,0.5217864125122189,0.0,near_zero,False,161
google/gemma-2-2b,qa_neutral,strong_positive,linear,22,last_word_before_question_mark,0.5217864125122189,0.5217864125122189,0.0,near_zero,False,161
google/gemma-2-2b,qa_neutral,strong_positive,linear,22,newline,0.5217864125122189,0.5217864125122189,0.0,near_zero,False,161
google/gemma-2-2b,qa_neutral,strong_positive,linear,22,last_token,0.5217864125122189,0.5217864125122189,0.0,near_zero,False,161
google/gemma-2-2b,qa_suggestive,near_zero,linear,2,question_mark,0.8344827586206897,0.8275862068965516,0.6896551724138056,near_zero,True,145
google/gemma-2-2b,qa_suggestive,near_zero,linear,2,last_word_before_question_mark,0.7310344827586206,0.7724137931034483,-4.137931034482767,negative,False,145
google/gemma-2-2b,qa_suggestive,near_zero,linear,2,newline,0.8620689655172413,0.8275862068965516,3.4482758620689724,weak_positive,False,145
google/gemma-2-2b,qa_suggestive,near_zero,linear,2,last_token,0.8551724137931036,0.8275862068965516,2.7586206896552,weak_positive,False,145
google/gemma-2-2b,qa_suggestive,near_zero,linear,3,question_mark,0.9172413793103449,0.7862068965517242,13.103448275862073,strong_positive,False,145
google/gemma-2-2b,qa_suggestive,near_zero,linear,3,last_word_before_question_mark,0.7862068965517242,0.7724137931034483,1.379310344827589,near_zero,True,145
google/gemma-2-2b,qa_suggestive,near_zero,linear,3,newline,0.8896551724137931,0.7862068965517242,10.344827586206895,strong_positive,False,145
google/gemma-2-2b,qa_suggestive,near_zero,linear,3,last_token,0.8620689655172413,0.7862068965517242,7.586206896551717,strong_positive,False,145
google/gemma-2-2b,qa_suggestive,near_zero,linear,4,question_mark,0.8827586206896552,0.8551724137931036,2.7586206896551557,weak_positive,False,145
google/gemma-2-2b,qa_suggestive,near_zero,linear,4,last_word_before_question_mark,0.8344827586206897,0.7862068965517242,4.82758620689655,weak_positive,False,145
google/gemma-2-2b,qa_suggestive,near_zero,linear,4,newline,0.9172413793103449,0.8551724137931036,6.206896551724128,strong_positive,False,145
google/gemma-2-2b,qa_suggestive,near_zero,linear,4,last_token,0.903448275862069,0.8551724137931036,4.827586206896539,weak_positive,False,145
google/gemma-2-2b,qa_suggestive,near_zero,linear,5,question_mark,0.8827586206896552,0.8482758620689654,3.4482758620689724,weak_positive,False,145
google/gemma-2-2b,qa_suggestive,near_zero,linear,5,last_word_before_question_mark,0.8482758620689654,0.7724137931034483,7.586206896551717,strong_positive,False,145
google/gemma-2-2b,qa_suggestive,near_zero,linear,5,newline,0.8965517241379309,0.8482758620689654,4.82758620689655,weak_positive,False,145
google/gemma-2-2b,qa_suggestive,near_zero,linear,5,last_token,0.8965517241379309,0.8482758620689654,4.82758620689655,weak_positive,False,145
google/gemma-2-2b,qa_suggestive,near_zero,linear,6,question_mark,0.8896551724137931,0.8344827586206897,5.517241379310345,strong_positive,False,145
google/gemma-2-2b,qa_suggestive,near_zero,linear,6,last_word_before_question_mark,0.8689655172413794,0.7586206896551724,11.034482758620701,strong_positive,False,145
google/gemma-2-2b,qa_suggestive,near_zero,linear,6,newline,0.9172413793103449,0.8482758620689654,6.896551724137945,strong_positive,False,145
google/gemma-2-2b,qa_suggestive,near_zero,linear,6,last_token,0.8827586206896552,0.8482758620689654,3.4482758620689724,weak_positive,False,145
google/gemma-2-2b,qa_suggestive,near_zero,linear,7,question_mark,0.8827586206896552,0.8551724137931034,2.758620689655178,weak_positive,False,145
google/gemma-2-2b,qa_suggestive,near_zero,linear,7,last_word_before_question_mark,0.9241379310344827,0.8137931034482759,11.034482758620678,strong_positive,False,145
google/gemma-2-2b,qa_suggestive,near_zero,linear,7,newline,0.9172413793103449,0.8965517241379309,2.0689655172413945,weak_positive,False,145
google/gemma-2-2b,qa_suggestive,near_zero,linear,7,last_token,0.8620689655172414,0.8965517241379309,-3.44827586206895,negative,False,145
google/gemma-2-2b,qa_suggestive,near_zero,linear,8,question_mark,0.903448275862069,0.8620689655172413,4.137931034482767,weak_positive,False,145
google/gemma-2-2b,qa_suggestive,near_zero,linear,8,last_word_before_question_mark,0.9103448275862069,0.8620689655172413,4.827586206896561,weak_positive,False,145
google/gemma-2-2b,qa_suggestive,near_zero,linear,8,newline,0.9310344827586207,0.8758620689655172,5.517241379310345,strong_positive,False,145
google/gemma-2-2b,qa_suggestive,near_zero,linear,8,last_token,0.903448275862069,0.8758620689655172,2.758620689655178,weak_positive,False,145
google/gemma-2-2b,qa_suggestive,near_zero,linear,9,question_mark,0.903448275862069,0.8413793103448274,6.206896551724162,strong_positive,False,145
google/gemma-2-2b,qa_suggestive,near_zero,linear,9,last_word_before_question_mark,0.8965517241379309,0.8413793103448274,5.517241379310356,strong_positive,False,145
google/gemma-2-2b,qa_suggestive,near_zero,linear,9,newline,0.9310344827586207,0.8689655172413794,6.206896551724128,strong_positive,False,145
google/gemma-2-2b,qa_suggestive,near_zero,linear,9,last_token,0.8965517241379309,0.8689655172413794,2.7586206896551557,weak_positive,False,145
google/gemma-2-2b,qa_suggestive,near_zero,linear,10,question_mark,0.9034482758620689,0.8137931034482758,8.965517241379306,strong_positive,False,145
google/gemma-2-2b,qa_suggestive,near_zero,linear,10,last_word_before_question_mark,0.903448275862069,0.7862068965517242,11.724137931034484,strong_positive,False,145
google/gemma-2-2b,qa_suggestive,near_zero,linear,10,newline,0.9172413793103449,0.8344827586206897,8.275862068965523,strong_positive,False,145
google/gemma-2-2b,qa_suggestive,near_zero,linear,10,last_token,0.9241379310344827,0.8344827586206897,8.965517241379306,strong_positive,False,145
google/gemma-2-2b,qa_suggestive,near_zero,linear,11,question_mark,0.9379310344827585,0.8275862068965516,11.03448275862069,strong_positive,False,145
google/gemma-2-2b,qa_suggestive,near_zero,linear,11,last_word_before_question_mark,0.8965517241379309,0.8275862068965516,6.896551724137934,strong_positive,False,145
google/gemma-2-2b,qa_suggestive,near_zero,linear,11,newline,0.9241379310344827,0.8620689655172413,6.206896551724139,strong_positive,False,145
google/gemma-2-2b,qa_suggestive,near_zero,linear,11,last_token,0.9172413793103449,0.8620689655172413,5.517241379310356,strong_positive,False,145
google/gemma-2-2b,qa_suggestive,near_zero,linear,12,question_mark,0.9241379310344827,0.8275862068965518,9.655172413793089,strong_positive,False,145
google/gemma-2-2b,qa_suggestive,near_zero,linear,12,last_word_before_question_mark,0.8758620689655171,0.786206896551724,8.965517241379306,strong_positive,False,145
google/gemma-2-2b,qa_suggestive,near_zero,linear,12,newline,0.9241379310344827,0.8689655172413794,5.517241379310334,strong_positive,False,145
google/gemma-2-2b,qa_suggestive,near_zero,linear,12,last_token,0.8896551724137931,0.8689655172413794,2.0689655172413723,weak_positive,False,145
google/gemma-2-2b,qa_suggestive,near_zero,linear,13,question_mark,0.9517241379310344,0.8137931034482758,13.793103448275856,strong_positive,False,145
google/gemma-2-2b,qa_suggestive,near_zero,linear,13,last_word_before_question_mark,0.8965517241379309,0.7999999999999999,9.6551724137931,strong_positive,False,145
google/gemma-2-2b,qa_suggestive,near_zero,linear,13,newline,0.9310344827586207,0.8758620689655172,5.517241379310345,strong_positive,False,145
google/gemma-2-2b,qa_suggestive,near_zero,linear,13,last_token,0.9310344827586207,0.8758620689655172,5.517241379310345,strong_positive,False,145
google/gemma-2-2b,qa_suggestive,near_zero,linear,14,question_mark,0.9448275862068967,0.8344827586206897,11.034482758620701,strong_positive,False,145
google/gemma-2-2b,qa_suggestive,near_zero,linear,14,last_word_before_question_mark,0.9103448275862069,0.8137931034482758,9.655172413793112,strong_positive,False,145
google/gemma-2-2b,qa_suggestive,near_zero,linear,14,newline,0.8896551724137931,0.8344827586206897,5.517241379310345,strong_positive,False,145
google/gemma-2-2b,qa_suggestive,near_zero,linear,14,last_token,0.9310344827586207,0.8344827586206897,9.6551724137931,strong_positive,False,145
google/gemma-2-2b,qa_suggestive,near_zero,linear,15,question_mark,0.9310344827586207,0.8344827586206897,9.6551724137931,strong_positive,False,145
google/gemma-2-2b,qa_suggestive,near_zero,linear,15,last_word_before_question_mark,0.903448275862069,0.8206896551724137,8.275862068965534,strong_positive,False,145
google/gemma-2-2b,qa_suggestive,near_zero,linear,15,newline,0.903448275862069,0.8620689655172413,4.137931034482767,weak_positive,False,145
google/gemma-2-2b,qa_suggestive,near_zero,linear,15,last_token,0.9310344827586207,0.8620689655172413,6.896551724137934,strong_positive,False,145
google/gemma-2-2b,qa_suggestive,near_zero,linear,16,question_mark,0.9310344827586207,0.8482758620689654,8.275862068965523,strong_positive,False,145
google/gemma-2-2b,qa_suggestive,near_zero,linear,16,last_word_before_question_mark,0.9241379310344827,0.8413793103448276,8.275862068965512,strong_positive,False,145
google/gemma-2-2b,qa_suggestive,near_zero,linear,16,newline,0.9310344827586207,0.8482758620689654,8.275862068965523,strong_positive,False,145
google/gemma-2-2b,qa_suggestive,near_zero,linear,16,last_token,0.9517241379310345,0.8482758620689654,10.344827586206906,strong_positive,False,145
google/gemma-2-2b,qa_suggestive,near_zero,linear,17,question_mark,0.9241379310344827,0.8551724137931036,6.896551724137911,strong_positive,False,145
google/gemma-2-2b,qa_suggestive,near_zero,linear,17,last_word_before_question_mark,0.9172413793103449,0.8551724137931036,6.206896551724128,strong_positive,False,145
google/gemma-2-2b,qa_suggestive,near_zero,linear,17,newline,0.9379310344827585,0.8551724137931036,8.27586206896549,strong_positive,False,145
google/gemma-2-2b,qa_suggestive,near_zero,linear,17,last_token,0.9586206896551726,0.8551724137931036,10.344827586206895,strong_positive,False,145
google/gemma-2-2b,qa_suggestive,near_zero,linear,18,question_mark,0.9448275862068964,0.8620689655172413,8.275862068965512,strong_positive,False,145
google/gemma-2-2b,qa_suggestive,near_zero,linear,18,last_word_before_question_mark,0.9241379310344827,0.8620689655172413,6.206896551724139,strong_positive,False,145
google/gemma-2-2b,qa_suggestive,near_zero,linear,18,newline,0.9586206896551724,0.8620689655172413,9.655172413793112,strong_positive,False,145
google/gemma-2-2b,qa_suggestive,near_zero,linear,18,last_token,0.9724137931034484,0.8620689655172413,11.034482758620712,strong_positive,False,145
google/gemma-2-2b,qa_suggestive,near_zero,linear,19,question_mark,0.9448275862068964,0.8551724137931034,8.965517241379306,strong_positive,False,145
google/gemma-2-2b,qa_suggestive,near_zero,linear,19,last_word_before_question_mark,0.9310344827586207,0.8551724137931034,7.586206896551728,strong_positive,False,145
google/gemma-2-2b,qa_suggestive,near_zero,linear,19,newline,0.9724137931034482,0.8551724137931034,11.724137931034484,strong_positive,False,145
google/gemma-2-2b,qa_suggestive,near_zero,linear,19,last_token,0.9724137931034484,0.8551724137931034,11.724137931034505,strong_positive,False,145
google/gemma-2-2b,qa_suggestive,near_zero,linear,20,question_mark,0.9448275862068967,0.8827586206896549,6.2068965517241725,strong_positive,False,145
google/gemma-2-2b,qa_suggestive,near_zero,linear,20,last_word_before_question_mark,0.9103448275862069,0.8827586206896549,2.7586206896552,weak_positive,False,145
google/gemma-2-2b,qa_suggestive,near_zero,linear,20,newline,0.9586206896551724,0.8965517241379309,6.20689655172415,strong_positive,False,145
google/gemma-2-2b,qa_suggestive,near_zero,linear,20,last_token,0.9517241379310345,0.8965517241379309,5.517241379310356,strong_positive,False,145
google/gemma-2-2b,qa_suggestive,near_zero,linear,21,question_mark,0.9655172413793103,0.8758620689655172,8.965517241379306,strong_positive,False,145
google/gemma-2-2b,qa_suggestive,near_zero,linear,21,last_word_before_question_mark,0.9172413793103449,0.8758620689655172,4.137931034482767,weak_positive,False,145
google/gemma-2-2b,qa_suggestive,near_zero,linear,21,newline,0.9586206896551724,0.8896551724137931,6.896551724137934,strong_positive,False,145
google/gemma-2-2b,qa_suggestive,near_zero,linear,21,last_token,0.9724137931034484,0.8896551724137931,8.275862068965534,strong_positive,False,145
google/gemma-2-2b,qa_suggestive,near_zero,linear,22,question_mark,0.9724137931034482,0.903448275862069,6.896551724137923,strong_positive,False,145
google/gemma-2-2b,qa_suggestive,near_zero,linear,22,last_word_before_question_mark,0.9241379310344827,0.8827586206896552,4.137931034482756,weak_positive,False,145
google/gemma-2-2b,qa_suggestive,near_zero,linear,22,newline,0.9586206896551724,0.9310344827586207,2.758620689655178,weak_positive,False,145
google/gemma-2-2b,qa_suggestive,near_zero,linear,22,last_token,0.9724137931034484,0.9310344827586207,4.1379310344827775,weak_positive,False,145
google/gemma-2-2b,rhyme,strong_positive,linear,2,last_word_before_newline,0.805,0.23500000000000001,57.00000000000001,strong_positive,True,200
google/gemma-2-2b,rhyme,strong_positive,linear,2,newline,0.745,0.23500000000000001,51.0,strong_positive,True,200
google/gemma-2-2b,rhyme,strong_positive,linear,3,last_word_before_newline,0.79,0.25,54.0,strong_positive,True,200
google/gemma-2-2b,rhyme,strong_positive,linear,3,newline,0.745,0.25,49.5,strong_positive,True,200
google/gemma-2-2b,rhyme,strong_positive,linear,4,last_word_before_newline,0.93,0.29000000000000004,64.0,strong_positive,True,200
google/gemma-2-2b,rhyme,strong_positive,linear,4,newline,0.7,0.29000000000000004,40.99999999999999,strong_positive,True,200
google/gemma-2-2b,rhyme,strong_positive,linear,5,last_word_before_newline,0.915,0.27,64.5,strong_positive,True,200
google/gemma-2-2b,rhyme,strong_positive,linear,5,newline,0.9949999999999999,0.27,72.49999999999999,strong_positive,True,200
google/gemma-2-2b,rhyme,strong_positive,linear,6,last_word_before_newline,0.865,0.27,59.5,strong_positive,True,200
google/gemma-2-2b,rhyme,strong_positive,linear,6,newline,0.9850000000000001,0.27,71.50000000000001,strong_positive,True,200
google/gemma-2-2b,rhyme,strong_positive,linear,7,last_word_before_newline,0.835,0.30500000000000005,52.99999999999999,strong_positive,True,200
google/gemma-2-2b,rhyme,strong_positive,linear,7,newline,0.97,0.30500000000000005,66.49999999999999,strong_positive,True,200
google/gemma-2-2b,rhyme,strong_positive,linear,8,last_word_before_newline,0.785,0.27999999999999997,50.500000000000014,strong_positive,True,200
google/gemma-2-2b,rhyme,strong_positive,linear,8,newline,0.95,0.27999999999999997,67.0,strong_positive,True,200
google/gemma-2-2b,rhyme,strong_positive,linear,9,last_word_before_newline,0.7849999999999999,0.29500000000000004,48.999999999999986,strong_positive,True,200
google/gemma-2-2b,rhyme,strong_positive,linear,9,newline,0.95,0.29500000000000004,65.49999999999999,strong_positive,True,200
google/gemma-2-2b,rhyme,strong_positive,linear,10,last_word_before_newline,0.775,0.275,50.0,strong_positive,True,200
google/gemma-2-2b,rhyme,strong_positive,linear,10,newline,0.945,0.275,67.0,strong_positive,True,200
google/gemma-2-2b,rhyme,strong_positive,linear,11,last_word_before_newline,0.78,0.3,48.00000000000001,strong_positive,True,200
google/gemma-2-2b,rhyme,strong_positive,linear,11,newline,0.9200000000000002,0.3,62.000000000000014,strong_positive,True,200
google/gemma-2-2b,rhyme,strong_positive,linear,12,last_word_before_newline,0.8299999999999998,0.275,55.499999999999986,strong_positive,True,200
google/gemma-2-2b,rhyme,strong_positive,linear,12,newline,0.9200000000000002,0.275,64.50000000000001,strong_positive,True,200
google/gemma-2-2b,rhyme,strong_positive,linear,13,last_word_before_newline,0.805,0.29500000000000004,51.0,strong_positive,True,200
google/gemma-2-2b,rhyme,strong_positive,linear,13,newline,0.93,0.29500000000000004,63.5,strong_positive,True,200
google/gemma-2-2b,rhyme,strong_positive,linear,14,last_word_before_newline,0.8950000000000001,0.28,61.50000000000001,strong_positive,True,200
google/gemma-2-2b,rhyme,strong_positive,linear,14,newline,0.905,0.28,62.5,strong_positive,True,200
google/gemma-2-2b,rhyme,strong_positive,linear,15,last_word_before_newline,0.9550000000000001,0.31,64.5,strong_positive,True,200
google/gemma-2-2b,rhyme,strong_positive,linear,15,newline,0.8799999999999999,0.31,56.999999999999986,strong_positive,True,200
google/gemma-2-2b,rhyme,strong_positive,linear,16,last_word_before_newline,0.975,0.30500000000000005,67.0,strong_positive,True,200
google/gemma-2-2b,rhyme,strong_positive,linear,16,newline,0.875,0.30500000000000005,56.99999999999999,strong_positive,True,200
google/gemma-2-2b,rhyme,strong_positive,linear,17,last_word_before_newline,0.975,0.3,67.5,strong_positive,True,200
google/gemma-2-2b,rhyme,strong_positive,linear,17,newline,0.82,0.3,52.0,strong_positive,True,200
google/gemma-2-2b,rhyme,strong_positive,linear,18,last_word_before_newline,0.9650000000000001,0.3350000000000001,63.0,strong_positive,True,200
google/gemma-2-2b,rhyme,strong_positive,linear,18,newline,0.8,0.3350000000000001,46.5,strong_positive,True,200
google/gemma-2-2b,rhyme,strong_positive,linear,19,last_word_before_newline,0.97,0.3350000000000001,63.49999999999999,strong_positive,True,200
google/gemma-2-2b,rhyme,strong_positive,linear,19,newline,0.7299999999999999,0.3350000000000001,39.49999999999998,strong_positive,True,200
google/gemma-2-2b,rhyme,strong_positive,linear,20,last_word_before_newline,0.9650000000000001,0.315,65.00000000000001,strong_positive,True,200
google/gemma-2-2b,rhyme,strong_positive,linear,20,newline,0.7350000000000001,0.315,42.00000000000001,strong_positive,True,200
google/gemma-2-2b,rhyme,strong_positive,linear,21,last_word_before_newline,0.96,0.33999999999999997,62.0,strong_positive,True,200
google/gemma-2-2b,rhyme,strong_positive,linear,21,newline,0.7,0.33999999999999997,36.0,strong_positive,True,200
google/gemma-2-2b,rhyme,strong_positive,linear,22,last_word_before_newline,0.9549999999999998,0.37,58.499999999999986,strong_positive,True,200
google/gemma-2-2b,rhyme,strong_positive,linear,22,newline,0.66,0.37,29.000000000000004,strong_positive,True,200
google/gemma-2-2b,rhyme,strong_positive,linear,2,last_word_before_newline,0.805,0.23500000000000001,57.00000000000001,strong_positive,True,200
google/gemma-2-2b,rhyme,strong_positive,linear,2,newline,0.745,0.23500000000000001,51.0,strong_positive,True,200
google/gemma-2-2b,rhyme,strong_positive,linear,3,last_word_before_newline,0.79,0.25,54.0,strong_positive,True,200
google/gemma-2-2b,rhyme,strong_positive,linear,3,newline,0.745,0.25,49.5,strong_positive,True,200
google/gemma-2-2b,rhyme,strong_positive,linear,4,last_word_before_newline,0.93,0.29000000000000004,64.0,strong_positive,True,200
google/gemma-2-2b,rhyme,strong_positive,linear,4,newline,0.7,0.29000000000000004,40.99999999999999,strong_positive,True,200
google/gemma-2-2b,rhyme,strong_positive,linear,5,last_word_before_newline,0.915,0.27,64.5,strong_positive,True,200
google/gemma-2-2b,rhyme,strong_positive,linear,5,newline,0.9949999999999999,0.27,72.49999999999999,strong_positive,True,200
google/gemma-2-2b,rhyme,strong_positive,linear,6,last_word_before_newline,0.865,0.27,59.5,strong_positive,True,200
google/gemma-2-2b,rhyme,strong_positive,linear,6,newline,0.9850000000000001,0.27,71.50000000000001,strong_positive,True,200
google/gemma-2-2b,rhyme,strong_positive,linear,7,last_word_before_newline,0.835,0.30500000000000005,52.99999999999999,strong_positive,True,200
google/gemma-2-2b,rhyme,strong_positive,linear,7,newline,0.97,0.30500000000000005,66.49999999999999,strong_positive,True,200
google/gemma-2-2b,rhyme,strong_positive,linear,8,last_word_before_newline,0.785,0.27999999999999997,50.500000000000014,strong_positive,True,200
google/gemma-2-2b,rhyme,strong_positive,linear,8,newline,0.95,0.27999999999999997,67.0,strong_positive,True,200
google/gemma-2-2b,rhyme,strong_positive,linear,9,last_word_before_newline,0.7849999999999999,0.29500000000000004,48.999999999999986,strong_positive,True,200
google/gemma-2-2b,rhyme,strong_positive,linear,9,newline,0.95,0.29500000000000004,65.49999999999999,strong_positive,True,200
google/gemma-2-2b,rhyme,strong_positive,linear,10,last_word_before_newline,0.775,0.275,50.0,strong_positive,True,200
google/gemma-2-2b,rhyme,strong_positive,linear,10,newline,0.945,0.275,67.0,strong_positive,True,200
google/gemma-2-2b,rhyme,strong_positive,linear,11,last_word_before_newline,0.78,0.3,48.00000000000001,strong_positive,True,200
google/gemma-2-2b,rhyme,strong_positive,linear,11,newline,0.9200000000000002,0.3,62.000000000000014,strong_positive,True,200
google/gemma-2-2b,rhyme,strong_positive,linear,12,last_word_before_newline,0.8299999999999998,0.275,55.499999999999986,strong_positive,True,200
google/gemma-2-2b,rhyme,strong_positive,linear,12,newline,0.9200000000000002,0.275,64.50000000000001,strong_positive,True,200
google/gemma-2-2b,rhyme,strong_positive,linear,13,last_word_before_newline,0.805,0.29500000000000004,51.0,strong_positive,True,200
google/gemma-2-2b,rhyme,strong_positive,linear,13,newline,0.93,0.29500000000000004,63.5,strong_positive,True,200
google/gemma-2-2b,rhyme,strong_positive,linear,14,last_word_before_newline,0.8950000000000001,0.28,61.50000000000001,strong_positive,True,200
google/gemma-2-2b,rhyme,strong_positive,linear,14,newline,0.905,0.28,62.5,strong_positive,True,200
google/gemma-2-2b,rhyme,strong_positive,linear,15,last_word_before_newline,0.9550000000000001,0.31,64.5,strong_positive,True,200
google/gemma-2-2b,rhyme,strong_positive,linear,15,newline,0.8799999999999999,0.31,56.999999999999986,strong_positive,True,200
google/gemma-2-2b,rhyme,strong_positive,linear,16,last_word_before_newline,0.975,0.30500000000000005,67.0,strong_positive,True,200
google/gemma-2-2b,rhyme,strong_positive,linear,16,newline,0.875,0.30500000000000005,56.99999999999999,strong_positive,True,200
google/gemma-2-2b,rhyme,strong_positive,linear,17,last_word_before_newline,0.975,0.3,67.5,strong_positive,True,200
google/gemma-2-2b,rhyme,strong_positive,linear,17,newline,0.82,0.3,52.0,strong_positive,True,200
google/gemma-2-2b,rhyme,strong_positive,linear,18,last_word_before_newline,0.9650000000000001,0.3350000000000001,63.0,strong_positive,True,200
google/gemma-2-2b,rhyme,strong_positive,linear,18,newline,0.8,0.3350000000000001,46.5,strong_positive,True,200
google/gemma-2-2b,rhyme,strong_positive,linear,19,last_word_before_newline,0.97,0.3350000000000001,63.49999999999999,strong_positive,True,200
google/gemma-2-2b,rhyme,strong_positive,linear,19,newline,0.7299999999999999,0.3350000000000001,39.49999999999998,strong_positive,True,200
google/gemma-2-2b,rhyme,strong_positive,linear,20,last_word_before_newline,0.9650000000000001,0.315,65.00000000000001,strong_positive,True,200
google/gemma-2-2b,rhyme,strong_positive,linear,20,newline,0.7350000000000001,0.315,42.00000000000001,strong_positive,True,200
google/gemma-2-2b,rhyme,strong_positive,linear,21,last_word_before_newline,0.96,0.33999999999999997,62.0,strong_positive,True,200
google/gemma-2-2b,rhyme,strong_positive,linear,21,newline,0.7,0.33999999999999997,36.0,strong_positive,True,200
google/gemma-2-2b,rhyme,strong_positive,linear,22,last_word_before_newline,0.9549999999999998,0.37,58.499999999999986,strong_positive,True,200
google/gemma-2-2b,rhyme,strong_positive,linear,22,newline,0.66,0.37,29.000000000000004,strong_positive,True,200
google/gemma-2-2b,trivia,negative,linear,2,colon,1.0,1.0,0.0,near_zero,False,100
google/gemma-2-2b,trivia,negative,linear,2,newline,1.0,1.0,0.0,near_zero,False,100
google/gemma-2-2b,trivia,negative,linear,2,last_token,1.0,1.0,0.0,near_zero,False,100
google/gemma-2-2b,trivia,negative,linear,3,colon,1.0,1.0,0.0,near_zero,False,100
google/gemma-2-2b,trivia,negative,linear,3,newline,1.0,1.0,0.0,near_zero,False,100
google/gemma-2-2b,trivia,negative,linear,3,last_token,1.0,1.0,0.0,near_zero,False,100
google/gemma-2-2b,trivia,negative,linear,4,colon,1.0,1.0,0.0,near_zero,False,100
google/gemma-2-2b,trivia,negative,linear,4,newline,1.0,1.0,0.0,near_zero,False,100
google/gemma-2-2b,trivia,negative,linear,4,last_token,1.0,1.0,0.0,near_zero,False,100
google/gemma-2-2b,trivia,negative,linear,5,colon,1.0,1.0,0.0,near_zero,False,100
google/gemma-2-2b,trivia,negative,linear,5,newline,1.0,1.0,0.0,near_zero,False,100
google/gemma-2-2b,trivia,negative,linear,5,last_token,1.0,1.0,0.0,near_zero,False,100
google/gemma-2-2b,trivia,negative,linear,6,colon,1.0,1.0,0.0,near_zero,False,100
google/gemma-2-2b,trivia,negative,linear,6,newline,1.0,1.0,0.0,near_zero,False,100
google/gemma-2-2b,trivia,negative,linear,6,last_token,1.0,1.0,0.0,near_zero,False,100
google/gemma-2-2b,trivia,negative,linear,7,colon,1.0,1.0,0.0,near_zero,False,100
google/gemma-2-2b,trivia,negative,linear,7,newline,1.0,1.0,0.0,near_zero,False,100
google/gemma-2-2b,trivia,negative,linear,7,last_token,1.0,1.0,0.0,near_zero,False,100
google/gemma-2-2b,trivia,negative,linear,8,colon,1.0,1.0,0.0,near_zero,False,100
google/gemma-2-2b,trivia,negative,linear,8,newline,1.0,1.0,0.0,near_zero,False,100
google/gemma-2-2b,trivia,negative,linear,8,last_token,1.0,1.0,0.0,near_zero,False,100
google/gemma-2-2b,trivia,negative,linear,9,colon,1.0,1.0,0.0,near_zero,False,100
google/gemma-2-2b,trivia,negative,linear,9,newline,1.0,1.0,0.0,near_zero,False,100
google/gemma-2-2b,trivia,negative,linear,9,last_token,1.0,1.0,0.0,near_zero,False,100
google/gemma-2-2b,trivia,negative,linear,10,colon,1.0,1.0,0.0,near_zero,False,100
google/gemma-2-2b,trivia,negative,linear,10,newline,1.0,1.0,0.0,near_zero,False,100
google/gemma-2-2b,trivia,negative,linear,10,last_token,1.0,1.0,0.0,near_zero,False,100
google/gemma-2-2b,trivia,negative,linear,11,colon,1.0,1.0,0.0,near_zero,False,100
google/gemma-2-2b,trivia,negative,linear,11,newline,1.0,1.0,0.0,near_zero,False,100
google/gemma-2-2b,trivia,negative,linear,11,last_token,1.0,1.0,0.0,near_zero,False,100
google/gemma-2-2b,trivia,negative,linear,12,colon,1.0,1.0,0.0,near_zero,False,100
google/gemma-2-2b,trivia,negative,linear,12,newline,1.0,1.0,0.0,near_zero,False,100
google/gemma-2-2b,trivia,negative,linear,12,last_token,1.0,1.0,0.0,near_zero,False,100
google/gemma-2-2b,trivia,negative,linear,13,colon,1.0,1.0,0.0,near_zero,False,100
google/gemma-2-2b,trivia,negative,linear,13,newline,1.0,1.0,0.0,near_zero,False,100
google/gemma-2-2b,trivia,negative,linear,13,last_token,1.0,1.0,0.0,near_zero,False,100
google/gemma-2-2b,trivia,negative,linear,14,colon,1.0,1.0,0.0,near_zero,False,100
google/gemma-2-2b,trivia,negative,linear,14,newline,1.0,1.0,0.0,near_zero,False,100
google/gemma-2-2b,trivia,negative,linear,14,last_token,1.0,1.0,0.0,near_zero,False,100
google/gemma-2-2b,trivia,negative,linear,15,colon,1.0,1.0,0.0,near_zero,False,100
google/gemma-2-2b,trivia,negative,linear,15,newline,1.0,1.0,0.0,near_zero,False,100
google/gemma-2-2b,trivia,negative,linear,15,last_token,1.0,1.0,0.0,near_zero,False,100
google/gemma-2-2b,trivia,negative,linear,16,colon,1.0,1.0,0.0,near_zero,False,100
google/gemma-2-2b,trivia,negative,linear,16,newline,1.0,1.0,0.0,near_zero,False,100
google/gemma-2-2b,trivia,negative,linear,16,last_token,1.0,1.0,0.0,near_zero,False,100
google/gemma-2-2b,trivia,negative,linear,17,colon,1.0,1.0,0.0,near_zero,False,100
google/gemma-2-2b,trivia,negative,linear,17,newline,1.0,1.0,0.0,near_zero,False,100
google/gemma-2-2b,trivia,negative,linear,17,last_token,1.0,1.0,0.0,near_zero,False,100
google/gemma-2-2b,trivia,negative,linear,18,colon,1.0,1.0,0.0,near_zero,False,100
google/gemma-2-2b,trivia,negative,linear,18,newline,1.0,1.0,0.0,near_zero,False,100
google/gemma-2-2b,trivia,negative,linear,18,last_token,1.0,1.0,0.0,near_zero,False,100
google/gemma-2-2b,trivia,negative,linear,19,colon,1.0,1.0,0.0,near_zero,False,100
google/gemma-2-2b,trivia,negative,linear,19,newline,1.0,1.0,0.0,near_zero,False,100
google/gemma-2-2b,trivia,negative,linear,19,last_token,1.0,1.0,0.0,near_zero,False,100
google/gemma-2-2b,trivia,negative,linear,20,colon,1.0,1.0,0.0,near_zero,False,100
google/gemma-2-2b,trivia,negative,linear,20,newline,1.0,1.0,0.0,near_zero,False,100
google/gemma-2-2b,trivia,negative,linear,20,last_token,1.0,1.0,0.0,near_zero,False,100
google/gemma-2-2b,trivia,negative,linear,21,colon,1.0,1.0,0.0,near_zero,False,100
google/gemma-2-2b,trivia,negative,linear,21,newline,1.0,1.0,0.0,near_zero,False,100
google/gemma-2-2b,trivia,negative,linear,21,last_token,1.0,1.0,0.0,near_zero,False,100
google/gemma-2-2b,trivia,negative,linear,22,colon,1.0,1.0,0.0,near_zero,False,100
google/gemma-2-2b,trivia,negative,linear,22,newline,1.0,1.0,0.0,near_zero,False,100
google/gemma-2-2b,trivia,negative,linear,22,last_token,1.0,1.0,0.0,near_zero,False,100
google/gemma-2-9b,code,negative,linear,0,colon,0.7791496796738496,0.7081149291399728,7.103475053387687,strong_positive,False,507
google/gemma-2-9b,code,negative,linear,0,newline,0.747427683944865,0.7159774801009512,3.1450203843913838,weak_positive,False,507
google/gemma-2-9b,code,negative,linear,0,last_token,0.7436420112599494,0.7159774801009512,2.766453115899825,weak_positive,False,507
google/gemma-2-9b,code,negative,linear,7,colon,0.8993205202873229,0.8501650165016501,4.915550378567279,weak_positive,False,507
google/gemma-2-9b,code,negative,linear,7,newline,0.8776742380120364,0.8501650165016501,2.750922151038626,weak_positive,False,507
google/gemma-2-9b,code,negative,linear,7,last_token,0.8757134536983109,0.8501650165016501,2.554843719666078,weak_positive,False,507
google/gemma-2-9b,code,negative,linear,14,colon,0.9171423024655407,0.8953601242477189,2.17821782178218,weak_positive,False,507
google/gemma-2-9b,code,negative,linear,14,newline,0.9526111434672879,0.8953601242477189,5.725101921956899,strong_positive,False,507
google/gemma-2-9b,code,negative,linear,14,last_token,0.9447291788002328,0.8953601242477189,4.936905455251384,weak_positive,False,507
google/gemma-2-9b,code,negative,linear,21,colon,0.9407881964667055,0.9072995534847603,3.3488642981945205,weak_positive,False,507
google/gemma-2-9b,code,negative,linear,21,newline,0.9643952630557173,0.9230634828188702,4.133178023684714,weak_positive,False,507
google/gemma-2-9b,code,negative,linear,21,last_token,0.9565521258008154,0.9230634828188702,3.3488642981945205,weak_positive,False,507
google/gemma-2-9b,code,negative,linear,28,colon,0.9526111434672877,0.9015142690739661,5.109687439332156,strong_positive,False,507
google/gemma-2-9b,code,negative,linear,28,newline,0.9585129101145409,0.9015142690739661,5.699864104057473,strong_positive,False,507
google/gemma-2-9b,code,negative,linear,28,last_token,0.9644340904678703,0.9015142690739661,6.291982139390417,strong_positive,False,507
google/gemma-2-9b,code,negative,linear,41,colon,0.9190642593671132,0.858046981168705,6.101727819840819,strong_positive,False,507
google/gemma-2-9b,code,negative,linear,41,newline,0.9663948747815958,0.865851291011454,10.054358377014182,strong_positive,False,507
google/gemma-2-9b,code,negative,linear,41,last_token,0.9506503591535624,0.865851291011454,8.479906814210846,strong_positive,False,507
google/gemma-2-9b,qa_neutral,strong_positive,linear,4,question_mark,0.5217864125122189,0.5217864125122189,0.0,near_zero,False,161
google/gemma-2-9b,qa_neutral,strong_positive,linear,4,last_word_before_question_mark,0.5217864125122189,0.5217864125122189,0.0,near_zero,False,161
google/gemma-2-9b,qa_neutral,strong_positive,linear,4,newline,0.5157258064516129,0.5217864125122189,-0.6060606060605989,near_zero,False,161
google/gemma-2-9b,qa_neutral,strong_positive,linear,4,last_token,0.5157258064516129,0.5217864125122189,-0.6060606060605989,near_zero,False,161
google/gemma-2-9b,qa_neutral,strong_positive,linear,5,question_mark,0.5217864125122189,0.5217864125122189,0.0,near_zero,False,161
google/gemma-2-9b,qa_neutral,strong_positive,linear,5,last_word_before_question_mark,0.5217864125122189,0.5217864125122189,0.0,near_zero,False,161
google/gemma-2-9b,qa_neutral,strong_positive,linear,5,newline,0.5157258064516129,0.5217864125122189,-0.6060606060605989,near_zero,False,161
google/gemma-2-9b,qa_neutral,strong_positive,linear,5,last_token,0.5157258064516129,0.5217864125122189,-0.6060606060605989,near_zero,False,161
google/gemma-2-9b,qa_neutral,strong_positive,linear,6,question_mark,0.5217864125122189,0.5217864125122189,0.0,near_zero,False,161
google/gemma-2-9b,qa_neutral,strong_positive,linear,6,last_word_before_question_mark,0.5217864125122189,0.5217864125122189,0.0,near_zero,False,161
google/gemma-2-9b,qa_neutral,strong_positive,linear,6,newline,0.5217864125122189,0.5217864125122189,0.0,near_zero,False,161
google/gemma-2-9b,qa_neutral,strong_positive,linear,6,last_token,0.5157258064516129,0.5217864125122189,-0.6060606060605989,near_zero,False,161
google/gemma-2-9b,qa_neutral,strong_positive,linear,7,question_mark,0.5217864125122189,0.5217864125122189,0.0,near_zero,False,161
google/gemma-2-9b,qa_neutral,strong_positive,linear,7,last_word_before_question_mark,0.5217864125122189,0.5217864125122189,0.0,near_zero,False,161
google/gemma-2-9b,qa_neutral,strong_positive,linear,7,newline,0.5217864125122189,0.5217864125122189,0.0,near_zero,False,161
google/gemma-2-9b,qa_neutral,strong_positive,linear,7,last_token,0.5217864125122189,0.5217864125122189,0.0,near_zero,False,161
google/gemma-2-9b,qa_neutral,strong_positive,linear,8,question_mark,0.5217864125122189,0.5217864125122189,0.0,near_zero,False,161
google/gemma-2-9b,qa_neutral,strong_positive,linear,8,last_word_before_question_mark,0.5217864125122189,0.5217864125122189,0.0,near_zero,False,161
google/gemma-2-9b,qa_neutral,strong_positive,linear,8,newline,0.5217864125122189,0.5217864125122189,0.0,near_zero,False,161
google/gemma-2-9b,qa_neutral,strong_positive,linear,8,last_token,0.5217864125122189,0.5217864125122189,0.0,near_zero,False,161
google/gemma-2-9b,qa_neutral,strong_positive,linear,9,question_mark,0.5217864125122189,0.5217864125122189,0.0,near_zero,False,161
google/gemma-2-9b,qa_neutral,strong_positive,linear,9,last_word_before_question_mark,0.5217864125122189,0.5217864125122189,0.0,near_zero,False,161
google/gemma-2-9b,qa_neutral,strong_positive,linear,9,newline,0.5217864125122189,0.5217864125122189,0.0,near_zero,False,161
google/gemma-2-9b,qa_neutral,strong_positive,linear,9,last_token,0.5157258064516129,0.5217864125122189,-0.6060606060605989,near_zero,False,161
google/gemma-2-9b,qa_neutral,strong_positive,linear,10,question_mark,0.5217864125122189,0.5217864125122189,0.0,near_zero,False,161
google/gemma-2-9b,qa_neutral,strong_positive,linear,10,last_word_before_question_mark,0.5217864125122189,0.5217864125122189,0.0,near_zero,False,161
google/gemma-2-9b,qa_neutral,strong_positive,linear,10,newline,0.5217864125122189,0.5217864125122189,0.0,near_zero,False,161
google/gemma-2-9b,qa_neutral,strong_positive,linear,10,last_token,0.5217864125122189,0.5217864125122189,0.0,near_zero,False,161
google/gemma-2-9b,qa_neutral,strong_positive,linear,11,question_mark,0.5217864125122189,0.5217864125122189,0.0,near_zero,False,161
google/gemma-2-9b,qa_neutral,strong_positive,linear,11,last_word_before_question_mark,0.5217864125122189,0.5217864125122189,0.0,near_zero,False,161
google/gemma-2-9b,qa_neutral,strong_positive,linear,11,newline,0.5217864125122189,0.5217864125122189,0.0,near_zero,False,161
google/gemma-2-9b,qa_neutral,strong_positive,linear,11,last_token,0.5217864125122189,0.5217864125122189,0.0,near_zero,False,161
google/gemma-2-9b,qa_neutral,strong_positive,linear,12,question_mark,0.5217864125122189,0.5217864125122189,0.0,near_zero,False,161
google/gemma-2-9b,qa_neutral,strong_positive,linear,12,last_word_before_question_mark,0.5217864125122189,0.5217864125122189,0.0,near_zero,False,161
google/gemma-2-9b,qa_neutral,strong_positive,linear,12,newline,0.5217864125122189,0.5217864125122189,0.0,near_zero,False,161
google/gemma-2-9b,qa_neutral,strong_positive,linear,12,last_token,0.5217864125122189,0.5217864125122189,0.0,near_zero,False,161
google/gemma-2-9b,qa_neutral,strong_positive,linear,13,question_mark,0.5217864125122189,0.5217864125122189,0.0,near_zero,False,161
google/gemma-2-9b,qa_neutral,strong_positive,linear,13,last_word_before_question_mark,0.5217864125122189,0.5217864125122189,0.0,near_zero,False,161
google/gemma-2-9b,qa_neutral,strong_positive,linear,13,newline,0.5217864125122189,0.5217864125122189,0.0,near_zero,False,161
google/gemma-2-9b,qa_neutral,strong_positive,linear,13,last_token,0.5217864125122189,0.5217864125122189,0.0,near_zero,False,161
google/gemma-2-9b,qa_neutral,strong_positive,linear,14,question_mark,0.5217864125122189,0.5217864125122189,0.0,near_zero,False,161
google/gemma-2-9b,qa_neutral,strong_positive,linear,14,last_word_before_question_mark,0.5217864125122189,0.5217864125122189,0.0,near_zero,False,161
google/gemma-2-9b,qa_neutral,strong_positive,linear,14,newline,0.5217864125122189,0.5217864125122189,0.0,near_zero,False,161
google/gemma-2-9b,qa_neutral,strong_positive,linear,14,last_token,0.5217864125122189,0.5217864125122189,0.0,near_zero,False,161
google/gemma-2-9b,qa_neutral,strong_positive,linear,15,question_mark,0.5217864125122189,0.5217864125122189,0.0,near_zero,False,161
google/gemma-2-9b,qa_neutral,strong_positive,linear,15,last_word_before_question_mark,0.5217864125122189,0.5217864125122189,0.0,near_zero,False,161
google/gemma-2-9b,qa_neutral,strong_positive,linear,15,newline,0.5217864125122189,0.5217864125122189,0.0,near_zero,False,161
google/gemma-2-9b,qa_neutral,strong_positive,linear,15,last_token,0.5217864125122189,0.5217864125122189,0.0,near_zero,False,161
google/gemma-2-9b,qa_neutral,strong_positive,linear,16,question_mark,0.5217864125122189,0.5217864125122189,0.0,near_zero,False,161
google/gemma-2-9b,qa_neutral,strong_positive,linear,16,last_word_before_question_mark,0.5217864125122189,0.5217864125122189,0.0,near_zero,False,161
google/gemma-2-9b,qa_neutral,strong_positive,linear,16,newline,0.5217864125122189,0.5217864125122189,0.0,near_zero,False,161
google/gemma-2-9b,qa_neutral,strong_positive,linear,16,last_token,0.5217864125122189,0.5217864125122189,0.0,near_zero,False,161
google/gemma-2-9b,qa_neutral,strong_positive,linear,17,question_mark,0.5217864125122189,0.5217864125122189,0.0,near_zero,False,161
google/gemma-2-9b,qa_neutral,strong_positive,linear,17,last_word_before_question_mark,0.5217864125122189,0.5217864125122189,0.0,near_zero,False,161
google/gemma-2-9b,qa_neutral,strong_positive,linear,17,newline,0.5217864125122189,0.5217864125122189,0.0,near_zero,False,161
google/gemma-2-9b,qa_neutral,strong_positive,linear,17,last_token,0.5217864125122189,0.5217864125122189,0.0,near_zero,False,161
google/gemma-2-9b,qa_neutral,strong_positive,linear,18,question_mark,0.5217864125122189,0.5217864125122189,0.0,near_zero,False,161
google/gemma-2-9b,qa_neutral,strong_positive,linear,18,last_word_before_question_mark,0.5217864125122189,0.5217864125122189,0.0,near_zero,False,161
google/gemma-2-9b,qa_neutral,strong_positive,linear,18,newline,0.5217864125122189,0.5217864125122189,0.0,near_zero,False,161
google/gemma-2-9b,qa_neutral,strong_positive,linear,18,last_token,0.5217864125122189,0.5217864125122189,0.0,near_zero,False,161
google/gemma-2-9b,qa_neutral,strong_positive,linear,19,question_mark,0.5217864125122189,0.5217864125122189,0.0,near_zero,False,161
google/gemma-2-9b,qa_neutral,strong_positive,linear,19,last_word_before_question_mark,0.5217864125122189,0.5217864125122189,0.0,near_zero,False,161
google/gemma-2-9b,qa_neutral,strong_positive,linear,19,newline,0.5217864125122189,0.5217864125122189,0.0,near_zero,False,161
google/gemma-2-9b,qa_neutral,strong_positive,linear,19,last_token,0.5217864125122189,0.5217864125122189,0.0,near_zero,False,161
google/gemma-2-9b,qa_neutral,strong_positive,linear,20,question_mark,0.5217864125122189,0.5217864125122189,0.0,near_zero,False,161
google/gemma-2-9b,qa_neutral,strong_positive,linear,20,last_word_before_question_mark,0.5217864125122189,0.5217864125122189,0.0,near_zero,False,161
google/gemma-2-9b,qa_neutral,strong_positive,linear,20,newline,0.5217864125122189,0.5217864125122189,0.0,near_zero,False,161
google/gemma-2-9b,qa_neutral,strong_positive,linear,20,last_token,0.5217864125122189,0.5217864125122189,0.0,near_zero,False,161
google/gemma-2-9b,qa_neutral,strong_positive,linear,21,question_mark,0.5217864125122189,0.5217864125122189,0.0,near_zero,False,161
google/gemma-2-9b,qa_neutral,strong_positive,linear,21,last_word_before_question_mark,0.5217864125122189,0.5217864125122189,0.0,near_zero,False,161
google/gemma-2-9b,qa_neutral,strong_positive,linear,21,newline,0.5217864125122189,0.5217864125122189,0.0,near_zero,False,161
google/gemma-2-9b,qa_neutral,strong_positive,linear,21,last_token,0.5217864125122189,0.5217864125122189,0.0,near_zero,False,161
google/gemma-2-9b,qa_neutral,strong_positive,linear,22,question_mark,0.5217864125122189,0.5217864125122189,0.0,near_zero,False,161
google/gemma-2-9b,qa_neutral,strong_positive,linear,22,last_word_before_question_mark,0.5217864125122189,0.5217864125122189,0.0,near_zero,False,161
google/gemma-2-9b,qa_neutral,strong_positive,linear,22,newline,0.5217864125122189,0.5217864125122189,0.0,near_zero,False,161
google/gemma-2-9b,qa_neutral,strong_positive,linear,22,last_token,0.5217864125122189,0.5217864125122189,0.0,near_zero,False,161
google/gemma-2-9b,qa_neutral,strong_positive,linear,23,question_mark,0.5217864125122189,0.5217864125122189,0.0,near_zero,False,161
google/gemma-2-9b,qa_neutral,strong_positive,linear,23,last_word_before_question_mark,0.5217864125122189,0.5217864125122189,0.0,near_zero,False,161
google/gemma-2-9b,qa_neutral,strong_positive,linear,23,newline,0.5217864125122189,0.5217864125122189,0.0,near_zero,False,161
google/gemma-2-9b,qa_neutral,strong_positive,linear,23,last_token,0.5217864125122189,0.5217864125122189,0.0,near_zero,False,161
google/gemma-2-9b,qa_neutral,strong_positive,linear,24,question_mark,0.5217864125122189,0.5217864125122189,0.0,near_zero,False,161
google/gemma-2-9b,qa_neutral,strong_positive,linear,24,last_word_before_question_mark,0.5217864125122189,0.5217864125122189,0.0,near_zero,False,161
google/gemma-2-9b,qa_neutral,strong_positive,linear,24,newline,0.5217864125122189,0.5217864125122189,0.0,near_zero,False,161
google/gemma-2-9b,qa_neutral,strong_positive,linear,24,last_token,0.5217864125122189,0.5217864125122189,0.0,near_zero,False,161
google/gemma-2-9b,qa_neutral,strong_positive,linear,25,question_mark,0.5217864125122189,0.5217864125122189,0.0,near_zero,False,161
google/gemma-2-9b,qa_neutral,strong_positive,linear,25,last_word_before_question_mark,0.5217864125122189,0.5217864125122189,0.0,near_zero,False,161
google/gemma-2-9b,qa_neutral,strong_positive,linear,25,newline,0.5217864125122189,0.5217864125122189,0.0,near_zero,False,161
google/gemma-2-9b,qa_neutral,strong_positive,linear,25,last_token,0.5217864125122189,0.5217864125122189,0.0,near_zero,False,161
google/gemma-2-9b,qa_neutral,strong_positive,linear,26,question_mark,0.5217864125122189,0.5217864125122189,0.0,near_zero,False,161
google/gemma-2-9b,qa_neutral,strong_positive,linear,26,last_word_before_question_mark,0.5217864125122189,0.5217864125122189,0.0,near_zero,False,161
google/gemma-2-9b,qa_neutral,strong_positive,linear,26,newline,0.5217864125122189,0.5217864125122189,0.0,near_zero,False,161
google/gemma-2-9b,qa_neutral,strong_positive,linear,26,last_token,0.5217864125122189,0.5217864125122189,0.0,near_zero,False,161
google/gemma-2-9b,qa_neutral,strong_positive,linear,27,question_mark,0.5217864125122189,0.5217864125122189,0.0,near_zero,False,161
google/gemma-2-9b,qa_neutral,strong_positive,linear,27,last_word_before_question_mark,0.5217864125122189,0.5217864125122189,0.0,near_zero,False,161
google/gemma-2-9b,qa_neutral,strong_positive,linear,27,newline,0.5217864125122189,0.5217864125122189,0.0,near_zero,False,161
google/gemma-2-9b,qa_neutral,strong_positive,linear,27,last_token,0.5217864125122189,0.5217864125122189,0.0,near_zero,False,161
google/gemma-2-9b,qa_neutral,strong_positive,linear,28,question_mark,0.5217864125122189,0.5217864125122189,0.0,near_zero,False,161
google/gemma-2-9b,qa_neutral,strong_positive,linear,28,last_word_before_question_mark,0.5217864125122189,0.5217864125122189,0.0,near_zero,False,161
google/gemma-2-9b,qa_neutral,strong_positive,linear,28,newline,0.5217864125122189,0.5217864125122189,0.0,near_zero,False,161
google/gemma-2-9b,qa_neutral,strong_positive,linear,28,last_token,0.5217864125122189,0.5217864125122189,0.0,near_zero,False,161
google/gemma-2-9b,qa_neutral,strong_positive,linear,29,question_mark,0.5217864125122189,0.5217864125122189,0.0,near_zero,False,161
google/gemma-2-9b,qa_neutral,strong_positive,linear,29,last_word_before_question_mark,0.5217864125122189,0.5217864125122189,0.0,near_zero,False,161
google/gemma-2-9b,qa_neutral,strong_positive,linear,29,newline,0.5217864125122189,0.5217864125122189,0.0,near_zero,False,161
google/gemma-2-9b,qa_neutral,strong_positive,linear,29,last_token,0.5217864125122189,0.5217864125122189,0.0,near_zero,False,161
google/gemma-2-9b,qa_neutral,strong_positive,linear,30,question_mark,0.5217864125122189,0.5217864125122189,0.0,near_zero,False,161
google/gemma-2-9b,qa_neutral,strong_positive,linear,30,last_word_before_question_mark,0.5217864125122189,0.5217864125122189,0.0,near_zero,False,161
google/gemma-2-9b,qa_neutral,strong_positive,linear,30,newline,0.5217864125122189,0.5217864125122189,0.0,near_zero,False,161
google/gemma-2-9b,qa_neutral,strong_positive,linear,30,last_token,0.5217864125122189,0.5217864125122189,0.0,near_zero,False,161
google/gemma-2-9b,qa_neutral,strong_positive,linear,31,question_mark,0.5217864125122189,0.5217864125122189,0.0,near_zero,False,161
google/gemma-2-9b,qa_neutral,strong_positive,linear,31,last_word_before_question_mark,0.5217864125122189,0.5217864125122189,0.0,near_zero,False,161
google/gemma-2-9b,qa_neutral,strong_positive,linear,31,newline,0.5217864125122189,0.5217864125122189,0.0,near_zero,False,161
google/gemma-2-9b,qa_neutral,strong_positive,linear,31,last_token,0.5217864125122189,0.5217864125122189,0.0,near_zero,False,161
google/gemma-2-9b,qa_neutral,strong_positive,linear,32,question_mark,0.5217864125122189,0.5217864125122189,0.0,near_zero,False,161
google/gemma-2-9b,qa_neutral,strong_positive,linear,32,last_word_before_question_mark,0.5217864125122189,0.5217864125122189,0.0,near_zero,False,161
google/gemma-2-9b,qa_neutral,strong_positive,linear,32,newline,0.5217864125122189,0.5217864125122189,0.0,near_zero,False,161
google/gemma-2-9b,qa_neutral,strong_positive,linear,32,last_token,0.5217864125122189,0.5217864125122189,0.0,near_zero,False,161
google/gemma-2-9b,qa_neutral,strong_positive,linear,33,question_mark,0.5217864125122189,0.5217864125122189,0.0,near_zero,False,161
google/gemma-2-9b,qa_neutral,strong_positive,linear,33,last_word_before_question_mark,0.5217864125122189,0.5217864125122189,0.0,near_zero,False,161
google/gemma-2-9b,qa_neutral,strong_positive,linear,33,newline,0.5217864125122189,0.5217864125122189,0.0,near_zero,False,161
google/gemma-2-9b,qa_neutral,strong_positive,linear,33,last_token,0.5217864125122189,0.5217864125122189,0.0,near_zero,False,161
google/gemma-2-9b,qa_neutral,strong_positive,linear,34,question_mark,0.5217864125122189,0.5217864125122189,0.0,near_zero,False,161
google/gemma-2-9b,qa_neutral,strong_positive,linear,34,last_word_before_question_mark,0.5217864125122189,0.5217864125122189,0.0,near_zero,False,161
google/gemma-2-9b,qa_neutral,strong_positive,linear,34,newline,0.5217864125122189,0.5217864125122189,0.0,near_zero,False,161
google/gemma-2-9b,qa_neutral,strong_positive,linear,34,last_token,0.5217864125122189,0.5217864125122189,0.0,near_zero,False,161
google/gemma-2-9b,qa_neutral,strong_positive,linear,35,question_mark,0.5217864125122189,0.5217864125122189,0.0,near_zero,False,161
google/gemma-2-9b,qa_neutral,strong_positive,linear,35,last_word_before_question_mark,0.5217864125122189,0.5217864125122189,0.0,near_zero,False,161
google/gemma-2-9b,qa_neutral,strong_positive,linear,35,newline,0.5217864125122189,0.5217864125122189,0.0,near_zero,False,161
google/gemma-2-9b,qa_neutral,strong_positive,linear,35,last_token,0.5217864125122189,0.5217864125122189,0.0,near_zero,False,161
google/gemma-2-9b,qa_neutral,strong_positive,linear,4,question_mark,0.5217864125122189,0.5217864125122189,0.0,near_zero,False,161
google/gemma-2-9b,qa_neutral,strong_positive,linear,4,last_word_before_question_mark,0.5217864125122189,0.5217864125122189,0.0,near_zero,False,161
google/gemma-2-9b,qa_neutral,strong_positive,linear,4,newline,0.5157258064516129,0.5217864125122189,-0.6060606060605989,near_zero,False,161
google/gemma-2-9b,qa_neutral,strong_positive,linear,4,last_token,0.5157258064516129,0.5217864125122189,-0.6060606060605989,near_zero,False,161
google/gemma-2-9b,qa_neutral,strong_positive,linear,5,question_mark,0.5217864125122189,0.5217864125122189,0.0,near_zero,False,161
google/gemma-2-9b,qa_neutral,strong_positive,linear,5,last_word_before_question_mark,0.5217864125122189,0.5217864125122189,0.0,near_zero,False,161
google/gemma-2-9b,qa_neutral,strong_positive,linear,5,newline,0.5157258064516129,0.5217864125122189,-0.6060606060605989,near_zero,False,161
google/gemma-2-9b,qa_neutral,strong_positive,linear,5,last_token,0.5157258064516129,0.5217864125122189,-0.6060606060605989,near_zero,False,161
google/gemma-2-9b,qa_neutral,strong_positive,linear,6,question_mark,0.5217864125122189,0.5217864125122189,0.0,near_zero,False,161
google/gemma-2-9b,qa_neutral,strong_positive,linear,6,last_word_before_question_mark,0.5217864125122189,0.5217864125122189,0.0,near_zero,False,161
google/gemma-2-9b,qa_neutral,strong_positive,linear,6,newline,0.5217864125122189,0.5217864125122189,0.0,near_zero,False,161
google/gemma-2-9b,qa_neutral,strong_positive,linear,6,last_token,0.5157258064516129,0.5217864125122189,-0.6060606060605989,near_zero,False,161
google/gemma-2-9b,qa_neutral,strong_positive,linear,7,question_mark,0.5217864125122189,0.5217864125122189,0.0,near_zero,False,161
google/gemma-2-9b,qa_neutral,strong_positive,linear,7,last_word_before_question_mark,0.5217864125122189,0.5217864125122189,0.0,near_zero,False,161
google/gemma-2-9b,qa_neutral,strong_positive,linear,7,newline,0.5217864125122189,0.5217864125122189,0.0,near_zero,False,161
google/gemma-2-9b,qa_neutral,strong_positive,linear,7,last_token,0.5217864125122189,0.5217864125122189,0.0,near_zero,False,161
google/gemma-2-9b,qa_neutral,strong_positive,linear,8,question_mark,0.5217864125122189,0.5217864125122189,0.0,near_zero,False,161
google/gemma-2-9b,qa_neutral,strong_positive,linear,8,last_word_before_question_mark,0.5217864125122189,0.5217864125122189,0.0,near_zero,False,161
google/gemma-2-9b,qa_neutral,strong_positive,linear,8,newline,0.5217864125122189,0.5217864125122189,0.0,near_zero,False,161
google/gemma-2-9b,qa_neutral,strong_positive,linear,8,last_token,0.5217864125122189,0.5217864125122189,0.0,near_zero,False,161
google/gemma-2-9b,qa_neutral,strong_positive,linear,9,question_mark,0.5217864125122189,0.5217864125122189,0.0,near_zero,False,161
google/gemma-2-9b,qa_neutral,strong_positive,linear,9,last_word_before_question_mark,0.5217864125122189,0.5217864125122189,0.0,near_zero,False,161
google/gemma-2-9b,qa_neutral,strong_positive,linear,9,newline,0.5217864125122189,0.5217864125122189,0.0,near_zero,False,161
google/gemma-2-9b,qa_neutral,strong_positive,linear,9,last_token,0.5157258064516129,0.5217864125122189,-0.6060606060605989,near_zero,False,161
google/gemma-2-9b,qa_neutral,strong_positive,linear,10,question_mark,0.5217864125122189,0.5217864125122189,0.0,near_zero,False,161
google/gemma-2-9b,qa_neutral,strong_positive,linear,10,last_word_before_question_mark,0.5217864125122189,0.5217864125122189,0.0,near_zero,False,161
google/gemma-2-9b,qa_neutral,strong_positive,linear,10,newline,0.5217864125122189,0.5217864125122189,0.0,near_zero,False,161
google/gemma-2-9b,qa_neutral,strong_positive,linear,10,last_token,0.5217864125122189,0.5217864125122189,0.0,near_zero,False,161
google/gemma-2-9b,qa_neutral,strong_positive,linear,11,question_mark,0.5217864125122189,0.5217864125122189,0.0,near_zero,False,161
google/gemma-2-9b,qa_neutral,strong_positive,linear,11,last_word_before_question_mark,0.5217864125122189,0.5217864125122189,0.0,near_zero,False,161
google/gemma-2-9b,qa_neutral,strong_positive,linear,11,newline,0.5217864125122189,0.5217864125122189,0.0,near_zero,False,161
google/gemma-2-9b,qa_neutral,strong_positive,linear,11,last_token,0.5217864125122189,0.5217864125122189,0.0,near_zero,False,161
google/gemma-2-9b,qa_neutral,strong_positive,linear,12,question_mark,0.5217864125122189,0.5217864125122189,0.0,near_zero,False,161
google/gemma-2-9b,qa_neutral,strong_positive,linear,12,last_word_before_question_mark,0.5217864125122189,0.5217864125122189,0.0,near_zero,False,161
google/gemma-2-9b,qa_neutral,strong_positive,linear,12,newline,0.5217864125122189,0.5217864125122189,0.0,near_zero,False,161
google/gemma-2-9b,qa_neutral,strong_positive,linear,12,last_token,0.5217864125122189,0.5217864125122189,0.0,near_zero,False,161
google/gemma-2-9b,qa_neutral,strong_positive,linear,13,question_mark,0.5217864125122189,0.5217864125122189,0.0,near_zero,False,161
google/gemma-2-9b,qa_neutral,strong_positive,linear,13,last_word_before_question_mark,0.5217864125122189,0.5217864125122189,0.0,near_zero,False,161
google/gemma-2-9b,qa_neutral,strong_positive,linear,13,newline,0.5217864125122189,0.5217864125122189,0.0,near_zero,False,161
google/gemma-2-9b,qa_neutral,strong_positive,linear,13,last_token,0.5217864125122189,0.5217864125122189,0.0,near_zero,False,161
google/gemma-2-9b,qa_neutral,strong_positive,linear,14,question_mark,0.5217864125122189,0.5217864125122189,0.0,near_zero,False,161
google/gemma-2-9b,qa_neutral,strong_positive,linear,14,last_word_before_question_mark,0.5217864125122189,0.5217864125122189,0.0,near_zero,False,161
google/gemma-2-9b,qa_neutral,strong_positive,linear,14,newline,0.5217864125122189,0.5217864125122189,0.0,near_zero,False,161
google/gemma-2-9b,qa_neutral,strong_positive,linear,14,last_token,0.5217864125122189,0.5217864125122189,0.0,near_zero,False,161
google/gemma-2-9b,qa_neutral,strong_positive,linear,15,question_mark,0.5217864125122189,0.5217864125122189,0.0,near_zero,False,161
google/gemma-2-9b,qa_neutral,strong_positive,linear,15,last_word_before_question_mark,0.5217864125122189,0.5217864125122189,0.0,near_zero,False,161
google/gemma-2-9b,qa_neutral,strong_positive,linear,15,newline,0.5217864125122189,0.5217864125122189,0.0,near_zero,False,161
google/gemma-2-9b,qa_neutral,strong_positive,linear,15,last_token,0.5217864125122189,0.5217864125122189,0.0,near_zero,False,161
google/gemma-2-9b,qa_neutral,strong_positive,linear,16,question_mark,0.5217864125122189,0.5217864125122189,0.0,near_zero,False,161
google/gemma-2-9b,qa_neutral,strong_positive,linear,16,last_word_before_question_mark,0.5217864125122189,0.5217864125122189,0.0,near_zero,False,161
google/gemma-2-9b,qa_neutral,strong_positive,linear,16,newline,0.5217864125122189,0.5217864125122189,0.0,near_zero,False,161
google/gemma-2-9b,qa_neutral,strong_positive,linear,16,last_token,0.5217864125122189,0.5217864125122189,0.0,near_zero,False,161
google/gemma-2-9b,qa_neutral,strong_positive,linear,17,question_mark,0.5217864125122189,0.5217864125122189,0.0,near_zero,False,161
google/gemma-2-9b,qa_neutral,strong_positive,linear,17,last_word_before_question_mark,0.5217864125122189,0.5217864125122189,0.0,near_zero,False,161
google/gemma-2-9b,qa_neutral,strong_positive,linear,17,newline,0.5217864125122189,0.5217864125122189,0.0,near_zero,False,161
google/gemma-2-9b,qa_neutral,strong_positive,linear,17,last_token,0.5217864125122189,0.5217864125122189,0.0,near_zero,False,161
google/gemma-2-9b,qa_neutral,strong_positive,linear,18,question_mark,0.5217864125122189,0.5217864125122189,0.0,near_zero,False,161
google/gemma-2-9b,qa_neutral,strong_positive,linear,18,last_word_before_question_mark,0.5217864125122189,0.5217864125122189,0.0,near_zero,False,161
google/gemma-2-9b,qa_neutral,strong_positive,linear,18,newline,0.5217864125122189,0.5217864125122189,0.0,near_zero,False,161
google/gemma-2-9b,qa_neutral,strong_positive,linear,18,last_token,0.5217864125122189,0.5217864125122189,0.0,near_zero,False,161
google/gemma-2-9b,qa_neutral,strong_positive,linear,19,question_mark,0.5217864125122189,0.5217864125122189,0.0,near_zero,False,161
google/gemma-2-9b,qa_neutral,strong_positive,linear,19,last_word_before_question_mark,0.5217864125122189,0.5217864125122189,0.0,near_zero,False,161
google/gemma-2-9b,qa_neutral,strong_positive,linear,19,newline,0.5217864125122189,0.5217864125122189,0.0,near_zero,False,161
google/gemma-2-9b,qa_neutral,strong_positive,linear,19,last_token,0.5217864125122189,0.5217864125122189,0.0,near_zero,False,161
google/gemma-2-9b,qa_neutral,strong_positive,linear,20,question_mark,0.5217864125122189,0.5217864125122189,0.0,near_zero,False,161
google/gemma-2-9b,qa_neutral,strong_positive,linear,20,last_word_before_question_mark,0.5217864125122189,0.5217864125122189,0.0,near_zero,False,161
google/gemma-2-9b,qa_neutral,strong_positive,linear,20,newline,0.5217864125122189,0.5217864125122189,0.0,near_zero,False,161
google/gemma-2-9b,qa_neutral,strong_positive,linear,20,last_token,0.5217864125122189,0.5217864125122189,0.0,near_zero,False,161
google/gemma-2-9b,qa_neutral,strong_positive,linear,21,question_mark,0.5217864125122189,0.5217864125122189,0.0,near_zero,False,161
google/gemma-2-9b,qa_neutral,strong_positive,linear,21,last_word_before_question_mark,0.5217864125122189,0.5217864125122189,0.0,near_zero,False,161
google/gemma-2-9b,qa_neutral,strong_positive,linear,21,newline,0.5217864125122189,0.5217864125122189,0.0,near_zero,False,161
google/gemma-2-9b,qa_neutral,strong_positive,linear,21,last_token,0.5217864125122189,0.5217864125122189,0.0,near_zero,False,161
google/gemma-2-9b,qa_neutral,strong_positive,linear,22,question_mark,0.5217864125122189,0.5217864125122189,0.0,near_zero,False,161
google/gemma-2-9b,qa_neutral,strong_positive,linear,22,last_word_before_question_mark,0.5217864125122189,0.5217864125122189,0.0,near_zero,False,161
google/gemma-2-9b,qa_neutral,strong_positive,linear,22,newline,0.5217864125122189,0.5217864125122189,0.0,near_zero,False,161
google/gemma-2-9b,qa_neutral,strong_positive,linear,22,last_token,0.5217864125122189,0.5217864125122189,0.0,near_zero,False,161
google/gemma-2-9b,qa_neutral,strong_positive,linear,23,question_mark,0.5217864125122189,0.5217864125122189,0.0,near_zero,False,161
google/gemma-2-9b,qa_neutral,strong_positive,linear,23,last_word_before_question_mark,0.5217864125122189,0.5217864125122189,0.0,near_zero,False,161
google/gemma-2-9b,qa_neutral,strong_positive,linear,23,newline,0.5217864125122189,0.5217864125122189,0.0,near_zero,False,161
google/gemma-2-9b,qa_neutral,strong_positive,linear,23,last_token,0.5217864125122189,0.5217864125122189,0.0,near_zero,False,161
google/gemma-2-9b,qa_neutral,strong_positive,linear,24,question_mark,0.5217864125122189,0.5217864125122189,0.0,near_zero,False,161
google/gemma-2-9b,qa_neutral,strong_positive,linear,24,last_word_before_question_mark,0.5217864125122189,0.5217864125122189,0.0,near_zero,False,161
google/gemma-2-9b,qa_neutral,strong_positive,linear,24,newline,0.5217864125122189,0.5217864125122189,0.0,near_zero,False,161
google/gemma-2-9b,qa_neutral,strong_positive,linear,24,last_token,0.5217864125122189,0.5217864125122189,0.0,near_zero,False,161
google/gemma-2-9b,qa_neutral,strong_positive,linear,25,question_mark,0.5217864125122189,0.5217864125122189,0.0,near_zero,False,161
google/gemma-2-9b,qa_neutral,strong_positive,linear,25,last_word_before_question_mark,0.5217864125122189,0.5217864125122189,0.0,near_zero,False,161
google/gemma-2-9b,qa_neutral,strong_positive,linear,25,newline,0.5217864125122189,0.5217864125122189,0.0,near_zero,False,161
google/gemma-2-9b,qa_neutral,strong_positive,linear,25,last_token,0.5217864125122189,0.5217864125122189,0.0,near_zero,False,161
google/gemma-2-9b,qa_neutral,strong_positive,linear,26,question_mark,0.5217864125122189,0.5217864125122189,0.0,near_zero,False,161
google/gemma-2-9b,qa_neutral,strong_positive,linear,26,last_word_before_question_mark,0.5217864125122189,0.5217864125122189,0.0,near_zero,False,161
google/gemma-2-9b,qa_neutral,strong_positive,linear,26,newline,0.5217864125122189,0.5217864125122189,0.0,near_zero,False,161
google/gemma-2-9b,qa_neutral,strong_positive,linear,26,last_token,0.5217864125122189,0.5217864125122189,0.0,near_zero,False,161
google/gemma-2-9b,qa_neutral,strong_positive,linear,27,question_mark,0.5217864125122189,0.5217864125122189,0.0,near_zero,False,161
google/gemma-2-9b,qa_neutral,strong_positive,linear,27,last_word_before_question_mark,0.5217864125122189,0.5217864125122189,0.0,near_zero,False,161
google/gemma-2-9b,qa_neutral,strong_positive,linear,27,newline,0.5217864125122189,0.5217864125122189,0.0,near_zero,False,161
google/gemma-2-9b,qa_neutral,strong_positive,linear,27,last_token,0.5217864125122189,0.5217864125122189,0.0,near_zero,False,161
google/gemma-2-9b,qa_neutral,strong_positive,linear,28,question_mark,0.5217864125122189,0.5217864125122189,0.0,near_zero,False,161
google/gemma-2-9b,qa_neutral,strong_positive,linear,28,last_word_before_question_mark,0.5217864125122189,0.5217864125122189,0.0,near_zero,False,161
google/gemma-2-9b,qa_neutral,strong_positive,linear,28,newline,0.5217864125122189,0.5217864125122189,0.0,near_zero,False,161
google/gemma-2-9b,qa_neutral,strong_positive,linear,28,last_token,0.5217864125122189,0.5217864125122189,0.0,near_zero,False,161
google/gemma-2-9b,qa_neutral,strong_positive,linear,29,question_mark,0.5217864125122189,0.5217864125122189,0.0,near_zero,False,161
google/gemma-2-9b,qa_neutral,strong_positive,linear,29,last_word_before_question_mark,0.5217864125122189,0.5217864125122189,0.0,near_zero,False,161
google/gemma-2-9b,qa_neutral,strong_positive,linear,29,newline,0.5217864125122189,0.5217864125122189,0.0,near_zero,False,161
google/gemma-2-9b,qa_neutral,strong_positive,linear,29,last_token,0.5217864125122189,0.5217864125122189,0.0,near_zero,False,161
google/gemma-2-9b,qa_neutral,strong_positive,linear,30,question_mark,0.5217864125122189,0.5217864125122189,0.0,near_zero,False,161
google/gemma-2-9b,qa_neutral,strong_positive,linear,30,last_word_before_question_mark,0.5217864125122189,0.5217864125122189,0.0,near_zero,False,161
google/gemma-2-9b,qa_neutral,strong_positive,linear,30,newline,0.5217864125122189,0.5217864125122189,0.0,near_zero,False,161
google/gemma-2-9b,qa_neutral,strong_positive,linear,30,last_token,0.5217864125122189,0.5217864125122189,0.0,near_zero,False,161
google/gemma-2-9b,qa_neutral,strong_positive,linear,31,question_mark,0.5217864125122189,0.5217864125122189,0.0,near_zero,False,161
google/gemma-2-9b,qa_neutral,strong_positive,linear,31,last_word_before_question_mark,0.5217864125122189,0.5217864125122189,0.0,near_zero,False,161
google/gemma-2-9b,qa_neutral,strong_positive,linear,31,newline,0.5217864125122189,0.5217864125122189,0.0,near_zero,False,161
google/gemma-2-9b,qa_neutral,strong_positive,linear,31,last_token,0.5217864125122189,0.5217864125122189,0.0,near_zero,False,161
google/gemma-2-9b,qa_neutral,strong_positive,linear,32,question_mark,0.5217864125122189,0.5217864125122189,0.0,near_zero,False,161
google/gemma-2-9b,qa_neutral,strong_positive,linear,32,last_word_before_question_mark,0.5217864125122189,0.5217864125122189,0.0,near_zero,False,161
google/gemma-2-9b,qa_neutral,strong_positive,linear,32,newline,0.5217864125122189,0.5217864125122189,0.0,near_zero,False,161
google/gemma-2-9b,qa_neutral,strong_positive,linear,32,last_token,0.5217864125122189,0.5217864125122189,0.0,near_zero,False,161
google/gemma-2-9b,qa_neutral,strong_positive,linear,33,question_mark,0.5217864125122189,0.5217864125122189,0.0,near_zero,False,161
google/gemma-2-9b,qa_neutral,strong_positive,linear,33,last_word_before_question_mark,0.5217864125122189,0.5217864125122189,0.0,near_zero,False,161
google/gemma-2-9b,qa_neutral,strong_positive,linear,33,newline,0.5217864125122189,0.5217864125122189,0.0,near_zero,False,161
google/gemma-2-9b,qa_neutral,strong_positive,linear,33,last_token,0.5217864125122189,0.5217864125122189,0.0,near_zero,False,161
google/gemma-2-9b,qa_neutral,strong_positive,linear,34,question_mark,0.5217864125122189,0.5217864125122189,0.0,near_zero,False,161
google/gemma-2-9b,qa_neutral,strong_positive,linear,34,last_word_before_question_mark,0.5217864125122189,0.5217864125122189,0.0,near_zero,False,161
google/gemma-2-9b,qa_neutral,strong_positive,linear,34,newline,0.5217864125122189,0.5217864125122189,0.0,near_zero,False,161
google/gemma-2-9b,qa_neutral,strong_positive,linear,34,last_token,0.5217864125122189,0.5217864125122189,0.0,near_zero,False,161
google/gemma-2-9b,qa_neutral,strong_positive,linear,35,question_mark,0.5217864125122189,0.5217864125122189,0.0,near_zero,False,161
google/gemma-2-9b,qa_neutral,strong_positive,linear,35,last_word_before_question_mark,0.5217864125122189,0.5217864125122189,0.0,near_zero,False,161
google/gemma-2-9b,qa_neutral,strong_positive,linear,35,newline,0.5217864125122189,0.5217864125122189,0.0,near_zero,False,161
google/gemma-2-9b,qa_neutral,strong_positive,linear,35,last_token,0.5217864125122189,0.5217864125122189,0.0,near_zero,False,161
google/gemma-2-9b,qa_suggestive,near_zero,linear,4,question_mark,0.8758620689655172,0.8482758620689654,2.758620689655178,weak_positive,False,145
google/gemma-2-9b,qa_suggestive,near_zero,linear,4,last_word_before_question_mark,0.7724137931034483,0.7862068965517242,-1.379310344827589,near_zero,True,145
google/gemma-2-9b,qa_suggestive,near_zero,linear,4,newline,0.8413793103448276,0.8482758620689654,-0.6896551724137834,near_zero,True,145
google/gemma-2-9b,qa_suggestive,near_zero,linear,4,last_token,0.9103448275862069,0.8482758620689654,6.20689655172415,strong_positive,False,145
google/gemma-2-9b,qa_suggestive,near_zero,linear,5,question_mark,0.8827586206896552,0.8482758620689654,3.4482758620689724,weak_positive,False,145
google/gemma-2-9b,qa_suggestive,near_zero,linear,5,last_word_before_question_mark,0.7655172413793103,0.793103448275862,-2.758620689655167,negative,False,145
google/gemma-2-9b,qa_suggestive,near_zero,linear,5,newline,0.8758620689655172,0.8482758620689654,2.758620689655178,weak_positive,False,145
google/gemma-2-9b,qa_suggestive,near_zero,linear,5,last_token,0.9103448275862067,0.8482758620689654,6.206896551724128,strong_positive,False,145
google/gemma-2-9b,qa_suggestive,near_zero,linear,6,question_mark,0.9172413793103449,0.8758620689655172,4.137931034482767,weak_positive,False,145
google/gemma-2-9b,qa_suggestive,near_zero,linear,6,last_word_before_question_mark,0.8413793103448276,0.8206896551724139,2.0689655172413723,weak_positive,False,145
google/gemma-2-9b,qa_suggestive,near_zero,linear,6,newline,0.9103448275862069,0.8758620689655172,3.4482758620689724,weak_positive,False,145
google/gemma-2-9b,qa_suggestive,near_zero,linear,6,last_token,0.9310344827586208,0.8758620689655172,5.517241379310356,strong_positive,False,145
google/gemma-2-9b,qa_suggestive,near_zero,linear,7,question_mark,0.8827586206896552,0.8689655172413794,1.3793103448275779,near_zero,True,145
google/gemma-2-9b,qa_suggestive,near_zero,linear,7,last_word_before_question_mark,0.8896551724137932,0.8,8.965517241379317,strong_positive,False,145
google/gemma-2-9b,qa_suggestive,near_zero,linear,7,newline,0.9103448275862069,0.8689655172413794,4.137931034482756,weak_positive,False,145
google/gemma-2-9b,qa_suggestive,near_zero,linear,7,last_token,0.9172413793103449,0.8689655172413794,4.82758620689655,weak_positive,False,145
google/gemma-2-9b,qa_suggestive,near_zero,linear,8,question_mark,0.9103448275862069,0.8965517241379309,1.3793103448276,near_zero,True,145
google/gemma-2-9b,qa_suggestive,near_zero,linear,8,last_word_before_question_mark,0.9172413793103449,0.8413793103448277,7.586206896551717,strong_positive,False,145
google/gemma-2-9b,qa_suggestive,near_zero,linear,8,newline,0.9241379310344827,0.8965517241379309,2.758620689655178,weak_positive,False,145
google/gemma-2-9b,qa_suggestive,near_zero,linear,8,last_token,0.9172413793103449,0.8965517241379309,2.0689655172413945,weak_positive,False,145
google/gemma-2-9b,qa_suggestive,near_zero,linear,9,question_mark,0.9172413793103449,0.8965517241379309,2.0689655172413945,weak_positive,False,145
google/gemma-2-9b,qa_suggestive,near_zero,linear,9,last_word_before_question_mark,0.9310344827586207,0.8413793103448276,8.965517241379306,strong_positive,False,145
google/gemma-2-9b,qa_suggestive,near_zero,linear,9,newline,0.9103448275862069,0.8965517241379309,1.3793103448276,near_zero,True,145
google/gemma-2-9b,qa_suggestive,near_zero,linear,9,last_token,0.8827586206896552,0.8965517241379309,-1.3793103448275779,near_zero,True,145
google/gemma-2-9b,qa_suggestive,near_zero,linear,10,question_mark,0.9448275862068964,0.903448275862069,4.137931034482745,weak_positive,False,145
google/gemma-2-9b,qa_suggestive,near_zero,linear,10,last_word_before_question_mark,0.9379310344827587,0.8551724137931036,8.275862068965512,strong_positive,False,145
google/gemma-2-9b,qa_suggestive,near_zero,linear,10,newline,0.9379310344827587,0.903448275862069,3.4482758620689724,weak_positive,False,145
google/gemma-2-9b,qa_suggestive,near_zero,linear,10,last_token,0.9310344827586207,0.903448275862069,2.758620689655167,weak_positive,False,145
google/gemma-2-9b,qa_suggestive,near_zero,linear,11,question_mark,0.9310344827586207,0.8689655172413794,6.206896551724128,strong_positive,False,145
google/gemma-2-9b,qa_suggestive,near_zero,linear,11,last_word_before_question_mark,0.9241379310344827,0.8551724137931036,6.896551724137911,strong_positive,False,145
google/gemma-2-9b,qa_suggestive,near_zero,linear,11,newline,0.9655172413793103,0.8827586206896552,8.275862068965512,strong_positive,False,145
google/gemma-2-9b,qa_suggestive,near_zero,linear,11,last_token,0.9448275862068967,0.8827586206896552,6.20689655172415,strong_positive,False,145
google/gemma-2-9b,qa_suggestive,near_zero,linear,12,question_mark,0.9310344827586207,0.8620689655172414,6.896551724137923,strong_positive,False,145
google/gemma-2-9b,qa_suggestive,near_zero,linear,12,last_word_before_question_mark,0.9103448275862067,0.8344827586206897,7.586206896551706,strong_positive,False,145
google/gemma-2-9b,qa_suggestive,near_zero,linear,12,newline,0.9586206896551724,0.8827586206896552,7.586206896551728,strong_positive,False,145
google/gemma-2-9b,qa_suggestive,near_zero,linear,12,last_token,0.9448275862068967,0.8827586206896552,6.20689655172415,strong_positive,False,145
google/gemma-2-9b,qa_suggestive,near_zero,linear,13,question_mark,0.9310344827586207,0.8689655172413794,6.206896551724128,strong_positive,False,145
google/gemma-2-9b,qa_suggestive,near_zero,linear,13,last_word_before_question_mark,0.8965517241379309,0.8413793103448276,5.517241379310334,strong_positive,False,145
google/gemma-2-9b,qa_suggestive,near_zero,linear,13,newline,0.9241379310344827,0.8827586206896552,4.137931034482756,weak_positive,False,145
google/gemma-2-9b,qa_suggestive,near_zero,linear,13,last_token,0.9379310344827587,0.8827586206896552,5.517241379310356,strong_positive,False,145
google/gemma-2-9b,qa_suggestive,near_zero,linear,14,question_mark,0.9103448275862067,0.8827586206896552,2.7586206896551557,weak_positive,False,145
google/gemma-2-9b,qa_suggestive,near_zero,linear,14,last_word_before_question_mark,0.8965517241379309,0.8689655172413794,2.7586206896551557,weak_positive,False,145
google/gemma-2-9b,qa_suggestive,near_zero,linear,14,newline,0.9448275862068967,0.8827586206896552,6.20689655172415,strong_positive,False,145
google/gemma-2-9b,qa_suggestive,near_zero,linear,14,last_token,0.9172413793103449,0.8827586206896552,3.4482758620689724,weak_positive,False,145
google/gemma-2-9b,qa_suggestive,near_zero,linear,15,question_mark,0.9310344827586208,0.8689655172413794,6.206896551724139,strong_positive,False,145
google/gemma-2-9b,qa_suggestive,near_zero,linear,15,last_word_before_question_mark,0.8965517241379309,0.8551724137931034,4.137931034482756,weak_positive,False,145
google/gemma-2-9b,qa_suggestive,near_zero,linear,15,newline,0.9310344827586207,0.8689655172413794,6.206896551724128,strong_positive,False,145
google/gemma-2-9b,qa_suggestive,near_zero,linear,15,last_token,0.903448275862069,0.8689655172413794,3.4482758620689613,weak_positive,False,145
google/gemma-2-9b,qa_suggestive,near_zero,linear,16,question_mark,0.9448275862068964,0.8758620689655172,6.896551724137923,strong_positive,False,145
google/gemma-2-9b,qa_suggestive,near_zero,linear,16,last_word_before_question_mark,0.8758620689655172,0.8758620689655172,0.0,near_zero,True,145
google/gemma-2-9b,qa_suggestive,near_zero,linear,16,newline,0.9448275862068967,0.8758620689655172,6.896551724137945,strong_positive,False,145
google/gemma-2-9b,qa_suggestive,near_zero,linear,16,last_token,0.8896551724137931,0.8758620689655172,1.379310344827589,near_zero,True,145
google/gemma-2-9b,qa_suggestive,near_zero,linear,17,question_mark,0.9448275862068967,0.8827586206896552,6.20689655172415,strong_positive,False,145
google/gemma-2-9b,qa_suggestive,near_zero,linear,17,last_word_before_question_mark,0.9172413793103449,0.8551724137931036,6.206896551724128,strong_positive,False,145
google/gemma-2-9b,qa_suggestive,near_zero,linear,17,newline,0.9241379310344827,0.8827586206896552,4.137931034482756,weak_positive,False,145
google/gemma-2-9b,qa_suggestive,near_zero,linear,17,last_token,0.9517241379310345,0.8827586206896552,6.896551724137934,strong_positive,False,145
google/gemma-2-9b,qa_suggestive,near_zero,linear,18,question_mark,0.9241379310344827,0.8689655172413794,5.517241379310334,strong_positive,False,145
google/gemma-2-9b,qa_suggestive,near_zero,linear,18,last_word_before_question_mark,0.9379310344827585,0.8551724137931036,8.27586206896549,strong_positive,False,145
google/gemma-2-9b,qa_suggestive,near_zero,linear,18,newline,0.9310344827586207,0.8689655172413794,6.206896551724128,strong_positive,False,145
google/gemma-2-9b,qa_suggestive,near_zero,linear,18,last_token,0.9241379310344827,0.8689655172413794,5.517241379310334,strong_positive,False,145
google/gemma-2-9b,qa_suggestive,near_zero,linear,19,question_mark,0.9172413793103449,0.8482758620689654,6.896551724137945,strong_positive,False,145
google/gemma-2-9b,qa_suggestive,near_zero,linear,19,last_word_before_question_mark,0.9310344827586207,0.8413793103448276,8.965517241379306,strong_positive,False,145
google/gemma-2-9b,qa_suggestive,near_zero,linear,19,newline,0.9172413793103449,0.8620689655172414,5.517241379310345,strong_positive,False,145
google/gemma-2-9b,qa_suggestive,near_zero,linear,19,last_token,0.9310344827586207,0.8620689655172414,6.896551724137923,strong_positive,False,145
google/gemma-2-9b,qa_suggestive,near_zero,linear,20,question_mark,0.9310344827586207,0.8551724137931036,7.586206896551706,strong_positive,False,145
google/gemma-2-9b,qa_suggestive,near_zero,linear,20,last_word_before_question_mark,0.9379310344827587,0.8482758620689654,8.965517241379327,strong_positive,False,145
google/gemma-2-9b,qa_suggestive,near_zero,linear,20,newline,0.9103448275862069,0.8827586206896552,2.758620689655178,weak_positive,False,145
google/gemma-2-9b,qa_suggestive,near_zero,linear,20,last_token,0.9310344827586207,0.8827586206896552,4.82758620689655,weak_positive,False,145
google/gemma-2-9b,qa_suggestive,near_zero,linear,21,question_mark,0.9172413793103449,0.8689655172413794,4.82758620689655,weak_positive,False,145
google/gemma-2-9b,qa_suggestive,near_zero,linear,21,last_word_before_question_mark,0.9379310344827587,0.8620689655172414,7.586206896551728,strong_positive,False,145
google/gemma-2-9b,qa_suggestive,near_zero,linear,21,newline,0.9172413793103449,0.8896551724137931,2.758620689655178,weak_positive,False,145
google/gemma-2-9b,qa_suggestive,near_zero,linear,21,last_token,0.9310344827586207,0.8896551724137931,4.137931034482756,weak_positive,False,145
google/gemma-2-9b,qa_suggestive,near_zero,linear,22,question_mark,0.9172413793103449,0.8758620689655172,4.137931034482767,weak_positive,False,145
google/gemma-2-9b,qa_suggestive,near_zero,linear,22,last_word_before_question_mark,0.9310344827586208,0.8482758620689654,8.275862068965534,strong_positive,False,145
google/gemma-2-9b,qa_suggestive,near_zero,linear,22,newline,0.8827586206896552,0.8758620689655172,0.6896551724137945,near_zero,True,145
google/gemma-2-9b,qa_suggestive,near_zero,linear,22,last_token,0.9310344827586207,0.8758620689655172,5.517241379310345,strong_positive,False,145
google/gemma-2-9b,qa_suggestive,near_zero,linear,23,question_mark,0.9172413793103449,0.8620689655172413,5.517241379310356,strong_positive,False,145
google/gemma-2-9b,qa_suggestive,near_zero,linear,23,last_word_before_question_mark,0.9310344827586207,0.8620689655172413,6.896551724137934,strong_positive,False,145
google/gemma-2-9b,qa_suggestive,near_zero,linear,23,newline,0.8896551724137931,0.8896551724137931,0.0,near_zero,True,145
google/gemma-2-9b,qa_suggestive,near_zero,linear,23,last_token,0.9241379310344827,0.8896551724137931,3.4482758620689613,weak_positive,False,145
google/gemma-2-9b,qa_suggestive,near_zero,linear,24,question_mark,0.9241379310344827,0.8551724137931034,6.896551724137934,strong_positive,False,145
google/gemma-2-9b,qa_suggestive,near_zero,linear,24,last_word_before_question_mark,0.9379310344827587,0.8275862068965518,11.03448275862069,strong_positive,False,145
google/gemma-2-9b,qa_suggestive,near_zero,linear,24,newline,0.8827586206896552,0.8758620689655172,0.6896551724137945,near_zero,True,145
google/gemma-2-9b,qa_suggestive,near_zero,linear,24,last_token,0.9241379310344827,0.8758620689655172,4.82758620689655,weak_positive,False,145
google/gemma-2-9b,qa_suggestive,near_zero,linear,25,question_mark,0.9379310344827585,0.8551724137931034,8.275862068965512,strong_positive,False,145
google/gemma-2-9b,qa_suggestive,near_zero,linear,25,last_word_before_question_mark,0.9310344827586207,0.8551724137931034,7.586206896551728,strong_positive,False,145
google/gemma-2-9b,qa_suggestive,near_zero,linear,25,newline,0.8758620689655172,0.8758620689655172,0.0,near_zero,True,145
google/gemma-2-9b,qa_suggestive,near_zero,linear,25,last_token,0.9103448275862069,0.8758620689655172,3.4482758620689724,weak_positive,False,145
google/gemma-2-9b,qa_suggestive,near_zero,linear,26,question_mark,0.9586206896551724,0.8758620689655172,8.275862068965523,strong_positive,False,145
google/gemma-2-9b,qa_suggestive,near_zero,linear,26,last_word_before_question_mark,0.9517241379310345,0.8758620689655172,7.586206896551728,strong_positive,False,145
google/gemma-2-9b,qa_suggestive,near_zero,linear,26,newline,0.9172413793103449,0.8758620689655172,4.137931034482767,weak_positive,False,145
google/gemma-2-9b,qa_suggestive,near_zero,linear,26,last_token,0.9379310344827587,0.8758620689655172,6.20689655172415,strong_positive,False,145
google/gemma-2-9b,qa_suggestive,near_zero,linear,27,question_mark,0.9448275862068964,0.8689655172413794,7.586206896551706,strong_positive,False,145
google/gemma-2-9b,qa_suggestive,near_zero,linear,27,last_word_before_question_mark,0.9379310344827587,0.8689655172413794,6.896551724137934,strong_positive,False,145
google/gemma-2-9b,qa_suggestive,near_zero,linear,27,newline,0.9241379310344829,0.8965517241379309,2.7586206896552,weak_positive,False,145
google/gemma-2-9b,qa_suggestive,near_zero,linear,27,last_token,0.9310344827586207,0.8965517241379309,3.4482758620689724,weak_positive,False,145
google/gemma-2-9b,qa_suggestive,near_zero,linear,28,question_mark,0.9310344827586207,0.8620689655172414,6.896551724137923,strong_positive,False,145
google/gemma-2-9b,qa_suggestive,near_zero,linear,28,last_word_before_question_mark,0.9379310344827585,0.8620689655172414,7.586206896551706,strong_positive,False,145
google/gemma-2-9b,qa_suggestive,near_zero,linear,28,newline,0.9034482758620689,0.8965517241379309,0.6896551724137945,near_zero,True,145
google/gemma-2-9b,qa_suggestive,near_zero,linear,28,last_token,0.9517241379310345,0.8965517241379309,5.517241379310356,strong_positive,False,145
google/gemma-2-9b,qa_suggestive,near_zero,linear,29,question_mark,0.9655172413793103,0.8896551724137931,7.586206896551717,strong_positive,False,145
google/gemma-2-9b,qa_suggestive,near_zero,linear,29,last_word_before_question_mark,0.9517241379310345,0.8896551724137931,6.206896551724139,strong_positive,False,145
google/gemma-2-9b,qa_suggestive,near_zero,linear,29,newline,0.903448275862069,0.8965517241379309,0.6896551724138056,near_zero,True,145
google/gemma-2-9b,qa_suggestive,near_zero,linear,29,last_token,0.9724137931034484,0.8965517241379309,7.586206896551751,strong_positive,False,145
google/gemma-2-9b,qa_suggestive,near_zero,linear,30,question_mark,0.9655172413793103,0.9172413793103449,4.827586206896539,weak_positive,False,145
google/gemma-2-9b,qa_suggestive,near_zero,linear,30,last_word_before_question_mark,0.9379310344827587,0.9172413793103449,2.0689655172413834,weak_positive,False,145
google/gemma-2-9b,qa_suggestive,near_zero,linear,30,newline,0.9241379310344829,0.9172413793103449,0.6896551724138056,near_zero,True,145
google/gemma-2-9b,qa_suggestive,near_zero,linear,30,last_token,0.9793103448275863,0.9172413793103449,6.206896551724139,strong_positive,False,145
google/gemma-2-9b,qa_suggestive,near_zero,linear,31,question_mark,0.9724137931034484,0.9034482758620689,6.8965517241379555,strong_positive,False,145
google/gemma-2-9b,qa_suggestive,near_zero,linear,31,last_word_before_question_mark,0.9586206896551724,0.9034482758620689,5.517241379310356,strong_positive,False,145
google/gemma-2-9b,qa_suggestive,near_zero,linear,31,newline,0.9103448275862067,0.9034482758620689,0.6896551724137834,near_zero,True,145
google/gemma-2-9b,qa_suggestive,near_zero,linear,31,last_token,0.9793103448275863,0.9034482758620689,7.586206896551739,strong_positive,False,145
google/gemma-2-9b,qa_suggestive,near_zero,linear,32,question_mark,0.9724137931034484,0.8758620689655172,9.655172413793123,strong_positive,False,145
google/gemma-2-9b,qa_suggestive,near_zero,linear,32,last_word_before_question_mark,0.9310344827586207,0.8758620689655172,5.517241379310345,strong_positive,False,145
google/gemma-2-9b,qa_suggestive,near_zero,linear,32,newline,0.9310344827586207,0.9034482758620689,2.758620689655178,weak_positive,False,145
google/gemma-2-9b,qa_suggestive,near_zero,linear,32,last_token,0.9724137931034484,0.9034482758620689,6.8965517241379555,strong_positive,False,145
google/gemma-2-9b,qa_suggestive,near_zero,linear,33,question_mark,0.9655172413793103,0.8965517241379309,6.896551724137934,strong_positive,False,145
google/gemma-2-9b,qa_suggestive,near_zero,linear,33,last_word_before_question_mark,0.9379310344827587,0.8965517241379309,4.1379310344827775,weak_positive,False,145
google/gemma-2-9b,qa_suggestive,near_zero,linear,33,newline,0.9241379310344827,0.8965517241379309,2.758620689655178,weak_positive,False,145
google/gemma-2-9b,qa_suggestive,near_zero,linear,33,last_token,0.9862068965517242,0.8965517241379309,8.965517241379327,strong_positive,False,145
google/gemma-2-9b,qa_suggestive,near_zero,linear,34,question_mark,0.9724137931034484,0.8896551724137931,8.275862068965534,strong_positive,False,145
google/gemma-2-9b,qa_suggestive,near_zero,linear,34,last_word_before_question_mark,0.9379310344827587,0.8896551724137931,4.827586206896561,weak_positive,False,145
google/gemma-2-9b,qa_suggestive,near_zero,linear,34,newline,0.9172413793103449,0.9241379310344827,-0.6896551724137834,near_zero,True,145
google/gemma-2-9b,qa_suggestive,near_zero,linear,34,last_token,0.9862068965517242,0.9241379310344827,6.20689655172415,strong_positive,False,145
google/gemma-2-9b,qa_suggestive,near_zero,linear,35,question_mark,0.9724137931034484,0.903448275862069,6.896551724137945,strong_positive,False,145
google/gemma-2-9b,qa_suggestive,near_zero,linear,35,last_word_before_question_mark,0.9448275862068967,0.903448275862069,4.137931034482767,weak_positive,False,145
google/gemma-2-9b,qa_suggestive,near_zero,linear,35,newline,0.9241379310344827,0.9172413793103449,0.6896551724137834,near_zero,True,145
google/gemma-2-9b,qa_suggestive,near_zero,linear,35,last_token,1.0,0.9172413793103449,8.275862068965512,strong_positive,False,145
google/gemma-2-9b,rhyme,strong_positive,linear,4,last_word_before_newline,0.835,0.27,56.49999999999999,strong_positive,True,200
google/gemma-2-9b,rhyme,strong_positive,linear,4,newline,0.6699999999999999,0.27,39.99999999999999,strong_positive,True,200
google/gemma-2-9b,rhyme,strong_positive,linear,5,last_word_before_newline,0.8299999999999998,0.26,56.999999999999986,strong_positive,True,200
google/gemma-2-9b,rhyme,strong_positive,linear,5,newline,0.675,0.26,41.5,strong_positive,True,200
google/gemma-2-9b,rhyme,strong_positive,linear,6,last_word_before_newline,0.8949999999999999,0.265,62.999999999999986,strong_positive,True,200
google/gemma-2-9b,rhyme,strong_positive,linear,6,newline,0.8799999999999999,0.265,61.499999999999986,strong_positive,True,200
google/gemma-2-9b,rhyme,strong_positive,linear,7,last_word_before_newline,0.85,0.285,56.49999999999999,strong_positive,True,200
google/gemma-2-9b,rhyme,strong_positive,linear,7,newline,0.765,0.285,48.00000000000001,strong_positive,True,200
google/gemma-2-9b,rhyme,strong_positive,linear,8,last_word_before_newline,0.89,0.3,59.00000000000001,strong_positive,True,200
google/gemma-2-9b,rhyme,strong_positive,linear,8,newline,0.71,0.3,41.0,strong_positive,True,200
google/gemma-2-9b,rhyme,strong_positive,linear,9,last_word_before_newline,0.9549999999999998,0.295,65.99999999999999,strong_positive,True,200
google/gemma-2-9b,rhyme,strong_positive,linear,9,newline,0.7050000000000001,0.295,41.00000000000001,strong_positive,True,200
google/gemma-2-9b,rhyme,strong_positive,linear,10,last_word_before_newline,0.9349999999999999,0.275,65.99999999999999,strong_positive,True,200
google/gemma-2-9b,rhyme,strong_positive,linear,10,newline,1.0,0.275,72.5,strong_positive,True,200
google/gemma-2-9b,rhyme,strong_positive,linear,11,last_word_before_newline,0.9400000000000001,0.28,66.0,strong_positive,True,200
google/gemma-2-9b,rhyme,strong_positive,linear,11,newline,0.9949999999999999,0.28,71.49999999999999,strong_positive,True,200
google/gemma-2-9b,rhyme,strong_positive,linear,12,last_word_before_newline,0.9,0.30999999999999994,59.00000000000001,strong_positive,True,200
google/gemma-2-9b,rhyme,strong_positive,linear,12,newline,0.9949999999999999,0.30999999999999994,68.5,strong_positive,True,200
google/gemma-2-9b,rhyme,strong_positive,linear,13,last_word_before_newline,0.8699999999999999,0.3,56.999999999999986,strong_positive,True,200
google/gemma-2-9b,rhyme,strong_positive,linear,13,newline,0.99,0.3,69.0,strong_positive,True,200
google/gemma-2-9b,rhyme,strong_positive,linear,14,last_word_before_newline,0.86,0.3,56.00000000000001,strong_positive,True,200
google/gemma-2-9b,rhyme,strong_positive,linear,14,newline,0.975,0.3,67.5,strong_positive,True,200
google/gemma-2-9b,rhyme,strong_positive,linear,15,last_word_before_newline,0.8150000000000001,0.29,52.500000000000014,strong_positive,True,200
google/gemma-2-9b,rhyme,strong_positive,linear,15,newline,0.975,0.29,68.5,strong_positive,True,200
google/gemma-2-9b,rhyme,strong_positive,linear,16,last_word_before_newline,0.825,0.315,51.0,strong_positive,True,200
google/gemma-2-9b,rhyme,strong_positive,linear,16,newline,0.97,0.315,65.5,strong_positive,True,200
google/gemma-2-9b,rhyme,strong_positive,linear,17,last_word_before_newline,0.8149999999999998,0.29500000000000004,51.99999999999998,strong_positive,True,200
google/gemma-2-9b,rhyme,strong_positive,linear,17,newline,0.97,0.29500000000000004,67.5,strong_positive,True,200
google/gemma-2-9b,rhyme,strong_positive,linear,18,last_word_before_newline,0.805,0.29000000000000004,51.5,strong_positive,True,200
google/gemma-2-9b,rhyme,strong_positive,linear,18,newline,0.9650000000000001,0.29000000000000004,67.5,strong_positive,True,200
google/gemma-2-9b,rhyme,strong_positive,linear,19,last_word_before_newline,0.795,0.28500000000000003,51.0,strong_positive,True,200
google/gemma-2-9b,rhyme,strong_positive,linear,19,newline,0.97,0.28500000000000003,68.5,strong_positive,True,200
google/gemma-2-9b,rhyme,strong_positive,linear,20,last_word_before_newline,0.79,0.265,52.5,strong_positive,True,200
google/gemma-2-9b,rhyme,strong_positive,linear,20,newline,0.96,0.265,69.5,strong_positive,True,200
google/gemma-2-9b,rhyme,strong_positive,linear,21,last_word_before_newline,0.825,0.2899999999999999,53.5,strong_positive,True,200
google/gemma-2-9b,rhyme,strong_positive,linear,21,newline,0.96,0.2899999999999999,67.0,strong_positive,True,200
google/gemma-2-9b,rhyme,strong_positive,linear,22,last_word_before_newline,0.825,0.32,50.499999999999986,strong_positive,True,200
google/gemma-2-9b,rhyme,strong_positive,linear,22,newline,0.9549999999999998,0.32,63.49999999999998,strong_positive,True,200
google/gemma-2-9b,rhyme,strong_positive,linear,23,last_word_before_newline,0.8300000000000001,0.375,45.50000000000001,strong_positive,True,200
google/gemma-2-9b,rhyme,strong_positive,linear,23,newline,0.945,0.375,56.99999999999999,strong_positive,True,200
google/gemma-2-9b,rhyme,strong_positive,linear,24,last_word_before_newline,0.875,0.32,55.49999999999999,strong_positive,True,200
google/gemma-2-9b,rhyme,strong_positive,linear,24,newline,0.9549999999999998,0.32,63.49999999999998,strong_positive,True,200
google/gemma-2-9b,rhyme,strong_positive,linear,25,last_word_before_newline,0.905,0.36,54.50000000000001,strong_positive,True,200
google/gemma-2-9b,rhyme,strong_positive,linear,25,newline,0.9550000000000001,0.36,59.50000000000001,strong_positive,True,200
google/gemma-2-9b,rhyme,strong_positive,linear,26,last_word_before_newline,0.97,0.35,62.0,strong_positive,True,200
google/gemma-2-9b,rhyme,strong_positive,linear,26,newline,0.975,0.35,62.5,strong_positive,True,200
google/gemma-2-9b,rhyme,strong_positive,linear,27,last_word_before_newline,0.985,0.355,63.0,strong_positive,True,200
google/gemma-2-9b,rhyme,strong_positive,linear,27,newline,0.99,0.355,63.5,strong_positive,True,200
google/gemma-2-9b,rhyme,strong_positive,linear,28,last_word_before_newline,0.985,0.35,63.5,strong_positive,True,200
google/gemma-2-9b,rhyme,strong_positive,linear,28,newline,0.99,0.35,64.0,strong_positive,True,200
google/gemma-2-9b,rhyme,strong_positive,linear,29,last_word_before_newline,0.9949999999999999,0.33499999999999996,65.99999999999999,strong_positive,True,200
google/gemma-2-9b,rhyme,strong_positive,linear,29,newline,0.99,0.33499999999999996,65.5,strong_positive,True,200
google/gemma-2-9b,rhyme,strong_positive,linear,30,last_word_before_newline,0.99,0.35,64.0,strong_positive,True,200
google/gemma-2-9b,rhyme,strong_positive,linear,30,newline,0.99,0.35,64.0,strong_positive,True,200
google/gemma-2-9b,rhyme,strong_positive,linear,31,last_word_before_newline,0.99,0.35,64.0,strong_positive,True,200
google/gemma-2-9b,rhyme,strong_positive,linear,31,newline,0.99,0.35,64.0,strong_positive,True,200
google/gemma-2-9b,rhyme,strong_positive,linear,32,last_word_before_newline,1.0,0.33499999999999996,66.5,strong_positive,True,200
google/gemma-2-9b,rhyme,strong_positive,linear,32,newline,0.985,0.33499999999999996,65.0,strong_positive,True,200
google/gemma-2-9b,rhyme,strong_positive,linear,33,last_word_before_newline,1.0,0.36499999999999994,63.5,strong_positive,True,200
google/gemma-2-9b,rhyme,strong_positive,linear,33,newline,0.99,0.36499999999999994,62.5,strong_positive,True,200
google/gemma-2-9b,rhyme,strong_positive,linear,34,last_word_before_newline,1.0,0.355,64.5,strong_positive,True,200
google/gemma-2-9b,rhyme,strong_positive,linear,34,newline,0.99,0.355,63.5,strong_positive,True,200
google/gemma-2-9b,rhyme,strong_positive,linear,35,last_word_before_newline,1.0,0.3350000000000001,66.49999999999999,strong_positive,True,200
google/gemma-2-9b,rhyme,strong_positive,linear,35,newline,0.99,0.3350000000000001,65.49999999999999,strong_positive,True,200
google/gemma-2-9b,rhyme,strong_positive,linear,4,last_word_before_newline,0.835,0.27,56.49999999999999,strong_positive,True,200
google/gemma-2-9b,rhyme,strong_positive,linear,4,newline,0.6699999999999999,0.27,39.99999999999999,strong_positive,True,200
google/gemma-2-9b,rhyme,strong_positive,linear,5,last_word_before_newline,0.8299999999999998,0.26,56.999999999999986,strong_positive,True,200
google/gemma-2-9b,rhyme,strong_positive,linear,5,newline,0.675,0.26,41.5,strong_positive,True,200
google/gemma-2-9b,rhyme,strong_positive,linear,6,last_word_before_newline,0.8949999999999999,0.265,62.999999999999986,strong_positive,True,200
google/gemma-2-9b,rhyme,strong_positive,linear,6,newline,0.8799999999999999,0.265,61.499999999999986,strong_positive,True,200
google/gemma-2-9b,rhyme,strong_positive,linear,7,last_word_before_newline,0.85,0.285,56.49999999999999,strong_positive,True,200
google/gemma-2-9b,rhyme,strong_positive,linear,7,newline,0.765,0.285,48.00000000000001,strong_positive,True,200
google/gemma-2-9b,rhyme,strong_positive,linear,8,last_word_before_newline,0.89,0.3,59.00000000000001,strong_positive,True,200
google/gemma-2-9b,rhyme,strong_positive,linear,8,newline,0.71,0.3,41.0,strong_positive,True,200
google/gemma-2-9b,rhyme,strong_positive,linear,9,last_word_before_newline,0.9549999999999998,0.295,65.99999999999999,strong_positive,True,200
google/gemma-2-9b,rhyme,strong_positive,linear,9,newline,0.7050000000000001,0.295,41.00000000000001,strong_positive,True,200
google/gemma-2-9b,rhyme,strong_positive,linear,10,last_word_before_newline,0.9349999999999999,0.275,65.99999999999999,strong_positive,True,200
google/gemma-2-9b,rhyme,strong_positive,linear,10,newline,1.0,0.275,72.5,strong_positive,True,200
google/gemma-2-9b,rhyme,strong_positive,linear,11,last_word_before_newline,0.9400000000000001,0.28,66.0,strong_positive,True,200
google/gemma-2-9b,rhyme,strong_positive,linear,11,newline,0.9949999999999999,0.28,71.49999999999999,strong_positive,True,200
google/gemma-2-9b,rhyme,strong_positive,linear,12,last_word_before_newline,0.9,0.30999999999999994,59.00000000000001,strong_positive,True,200
google/gemma-2-9b,rhyme,strong_positive,linear,12,newline,0.9949999999999999,0.30999999999999994,68.5,strong_positive,True,200
google/gemma-2-9b,rhyme,strong_positive,linear,13,last_word_before_newline,0.8699999999999999,0.3,56.999999999999986,strong_positive,True,200
google/gemma-2-9b,rhyme,strong_positive,linear,13,newline,0.99,0.3,69.0,strong_positive,True,200
google/gemma-2-9b,rhyme,strong_positive,linear,14,last_word_before_newline,0.86,0.3,56.00000000000001,strong_positive,True,200
google/gemma-2-9b,rhyme,strong_positive,linear,14,newline,0.975,0.3,67.5,strong_positive,True,200
google/gemma-2-9b,rhyme,strong_positive,linear,15,last_word_before_newline,0.8150000000000001,0.29,52.500000000000014,strong_positive,True,200
google/gemma-2-9b,rhyme,strong_positive,linear,15,newline,0.975,0.29,68.5,strong_positive,True,200
google/gemma-2-9b,rhyme,strong_positive,linear,16,last_word_before_newline,0.825,0.315,51.0,strong_positive,True,200
google/gemma-2-9b,rhyme,strong_positive,linear,16,newline,0.97,0.315,65.5,strong_positive,True,200
google/gemma-2-9b,rhyme,strong_positive,linear,17,last_word_before_newline,0.8149999999999998,0.29500000000000004,51.99999999999998,strong_positive,True,200
google/gemma-2-9b,rhyme,strong_positive,linear,17,newline,0.97,0.29500000000000004,67.5,strong_positive,True,200
google/gemma-2-9b,rhyme,strong_positive,linear,18,last_word_before_newline,0.805,0.29000000000000004,51.5,strong_positive,True,200
google/gemma-2-9b,rhyme,strong_positive,linear,18,newline,0.9650000000000001,0.29000000000000004,67.5,strong_positive,True,200
google/gemma-2-9b,rhyme,strong_positive,linear,19,last_word_before_newline,0.795,0.28500000000000003,51.0,strong_positive,True,200
google/gemma-2-9b,rhyme,strong_positive,linear,19,newline,0.97,0.28500000000000003,68.5,strong_positive,True,200
google/gemma-2-9b,rhyme,strong_positive,linear,20,last_word_before_newline,0.79,0.265,52.5,strong_positive,True,200
google/gemma-2-9b,rhyme,strong_positive,linear,20,newline,0.96,0.265,69.5,strong_positive,True,200
google/gemma-2-9b,rhyme,strong_positive,linear,21,last_word_before_newline,0.825,0.2899999999999999,53.5,strong_positive,True,200
google/gemma-2-9b,rhyme,strong_positive,linear,21,newline,0.96,0.2899999999999999,67.0,strong_positive,True,200
google/gemma-2-9b,rhyme,strong_positive,linear,22,last_word_before_newline,0.825,0.32,50.499999999999986,strong_positive,True,200
google/gemma-2-9b,rhyme,strong_positive,linear,22,newline,0.9549999999999998,0.32,63.49999999999998,strong_positive,True,200
google/gemma-2-9b,rhyme,strong_positive,linear,23,last_word_before_newline,0.8300000000000001,0.375,45.50000000000001,strong_positive,True,200
google/gemma-2-9b,rhyme,strong_positive,linear,23,newline,0.945,0.375,56.99999999999999,strong_positive,True,200
google/gemma-2-9b,rhyme,strong_positive,linear,24,last_word_before_newline,0.875,0.32,55.49999999999999,strong_positive,True,200
google/gemma-2-9b,rhyme,strong_positive,linear,24,newline,0.9549999999999998,0.32,63.49999999999998,strong_positive,True,200
google/gemma-2-9b,rhyme,strong_positive,linear,25,last_word_before_newline,0.905,0.36,54.50000000000001,strong_positive,True,200
google/gemma-2-9b,rhyme,strong_positive,linear,25,newline,0.9550000000000001,0.36,59.50000000000001,strong_positive,True,200
google/gemma-2-9b,rhyme,strong_positive,linear,26,last_word_before_newline,0.97,0.35,62.0,strong_positive,True,200
google/gemma-2-9b,rhyme,strong_positive,linear,26,newline,0.975,0.35,62.5,strong_positive,True,200
google/gemma-2-9b,rhyme,strong_positive,linear,27,last_word_before_newline,0.985,0.355,63.0,strong_positive,True,200
google/gemma-2-9b,rhyme,strong_positive,linear,27,newline,0.99,0.355,63.5,strong_positive,True,200
google/gemma-2-9b,rhyme,strong_positive,linear,28,last_word_before_newline,0.985,0.35,63.5,strong_positive,True,200
google/gemma-2-9b,rhyme,strong_positive,linear,28,newline,0.99,0.35,64.0,strong_positive,True,200
google/gemma-2-9b,rhyme,strong_positive,linear,29,last_word_before_newline,0.9949999999999999,0.33499999999999996,65.99999999999999,strong_positive,True,200
google/gemma-2-9b,rhyme,strong_positive,linear,29,newline,0.99,0.33499999999999996,65.5,strong_positive,True,200
google/gemma-2-9b,rhyme,strong_positive,linear,30,last_word_before_newline,0.99,0.35,64.0,strong_positive,True,200
google/gemma-2-9b,rhyme,strong_positive,linear,30,newline,0.99,0.35,64.0,strong_positive,True,200
google/gemma-2-9b,rhyme,strong_positive,linear,31,last_word_before_newline,0.99,0.35,64.0,strong_positive,True,200
google/gemma-2-9b,rhyme,strong_positive,linear,31,newline,0.99,0.35,64.0,strong_positive,True,200
google/gemma-2-9b,rhyme,strong_positive,linear,32,last_word_before_newline,1.0,0.33499999999999996,66.5,strong_positive,True,200
google/gemma-2-9b,rhyme,strong_positive,linear,32,newline,0.985,0.33499999999999996,65.0,strong_positive,True,200
google/gemma-2-9b,rhyme,strong_positive,linear,33,last_word_before_newline,1.0,0.36499999999999994,63.5,strong_positive,True,200
google/gemma-2-9b,rhyme,strong_positive,linear,33,newline,0.99,0.36499999999999994,62.5,strong_positive,True,200
google/gemma-2-9b,rhyme,strong_positive,linear,34,last_word_before_newline,1.0,0.355,64.5,strong_positive,True,200
google/gemma-2-9b,rhyme,strong_positive,linear,34,newline,0.99,0.355,63.5,strong_positive,True,200
google/gemma-2-9b,rhyme,strong_positive,linear,35,last_word_before_newline,1.0,0.3350000000000001,66.49999999999999,strong_positive,True,200
google/gemma-2-9b,rhyme,strong_positive,linear,35,newline,0.99,0.3350000000000001,65.49999999999999,strong_positive,True,200
google/gemma-2-9b,trivia,negative,linear,4,colon,1.0,1.0,0.0,near_zero,False,100
google/gemma-2-9b,trivia,negative,linear,4,newline,1.0,1.0,0.0,near_zero,False,100
google/gemma-2-9b,trivia,negative,linear,4,last_token,1.0,1.0,0.0,near_zero,False,100
google/gemma-2-9b,trivia,negative,linear,5,colon,1.0,1.0,0.0,near_zero,False,100
google/gemma-2-9b,trivia,negative,linear,5,newline,1.0,1.0,0.0,near_zero,False,100
google/gemma-2-9b,trivia,negative,linear,5,last_token,1.0,1.0,0.0,near_zero,False,100
google/gemma-2-9b,trivia,negative,linear,6,colon,1.0,1.0,0.0,near_zero,False,100
google/gemma-2-9b,trivia,negative,linear,6,newline,1.0,1.0,0.0,near_zero,False,100
google/gemma-2-9b,trivia,negative,linear,6,last_token,1.0,1.0,0.0,near_zero,False,100
google/gemma-2-9b,trivia,negative,linear,7,colon,1.0,1.0,0.0,near_zero,False,100
google/gemma-2-9b,trivia,negative,linear,7,newline,1.0,1.0,0.0,near_zero,False,100
google/gemma-2-9b,trivia,negative,linear,7,last_token,1.0,1.0,0.0,near_zero,False,100
google/gemma-2-9b,trivia,negative,linear,8,colon,1.0,1.0,0.0,near_zero,False,100
google/gemma-2-9b,trivia,negative,linear,8,newline,1.0,1.0,0.0,near_zero,False,100
google/gemma-2-9b,trivia,negative,linear,8,last_token,1.0,1.0,0.0,near_zero,False,100
google/gemma-2-9b,trivia,negative,linear,9,colon,1.0,1.0,0.0,near_zero,False,100
google/gemma-2-9b,trivia,negative,linear,9,newline,1.0,1.0,0.0,near_zero,False,100
google/gemma-2-9b,trivia,negative,linear,9,last_token,1.0,1.0,0.0,near_zero,False,100
google/gemma-2-9b,trivia,negative,linear,10,colon,1.0,1.0,0.0,near_zero,False,100
google/gemma-2-9b,trivia,negative,linear,10,newline,1.0,1.0,0.0,near_zero,False,100
google/gemma-2-9b,trivia,negative,linear,10,last_token,1.0,1.0,0.0,near_zero,False,100
google/gemma-2-9b,trivia,negative,linear,11,colon,1.0,1.0,0.0,near_zero,False,100
google/gemma-2-9b,trivia,negative,linear,11,newline,1.0,1.0,0.0,near_zero,False,100
google/gemma-2-9b,trivia,negative,linear,11,last_token,1.0,1.0,0.0,near_zero,False,100
google/gemma-2-9b,trivia,negative,linear,12,colon,1.0,1.0,0.0,near_zero,False,100
google/gemma-2-9b,trivia,negative,linear,12,newline,1.0,1.0,0.0,near_zero,False,100
google/gemma-2-9b,trivia,negative,linear,12,last_token,1.0,1.0,0.0,near_zero,False,100
google/gemma-2-9b,trivia,negative,linear,13,colon,1.0,1.0,0.0,near_zero,False,100
google/gemma-2-9b,trivia,negative,linear,13,newline,1.0,1.0,0.0,near_zero,False,100
google/gemma-2-9b,trivia,negative,linear,13,last_token,1.0,1.0,0.0,near_zero,False,100
google/gemma-2-9b,trivia,negative,linear,14,colon,1.0,1.0,0.0,near_zero,False,100
google/gemma-2-9b,trivia,negative,linear,14,newline,1.0,1.0,0.0,near_zero,False,100
google/gemma-2-9b,trivia,negative,linear,14,last_token,1.0,1.0,0.0,near_zero,False,100
google/gemma-2-9b,trivia,negative,linear,15,colon,1.0,1.0,0.0,near_zero,False,100
google/gemma-2-9b,trivia,negative,linear,15,newline,1.0,1.0,0.0,near_zero,False,100
google/gemma-2-9b,trivia,negative,linear,15,last_token,1.0,1.0,0.0,near_zero,False,100
google/gemma-2-9b,trivia,negative,linear,16,colon,1.0,1.0,0.0,near_zero,False,100
google/gemma-2-9b,trivia,negative,linear,16,newline,1.0,1.0,0.0,near_zero,False,100
google/gemma-2-9b,trivia,negative,linear,16,last_token,1.0,1.0,0.0,near_zero,False,100
google/gemma-2-9b,trivia,negative,linear,17,colon,1.0,1.0,0.0,near_zero,False,100
google/gemma-2-9b,trivia,negative,linear,17,newline,1.0,1.0,0.0,near_zero,False,100
google/gemma-2-9b,trivia,negative,linear,17,last_token,1.0,1.0,0.0,near_zero,False,100
google/gemma-2-9b,trivia,negative,linear,18,colon,1.0,1.0,0.0,near_zero,False,100
google/gemma-2-9b,trivia,negative,linear,18,newline,1.0,1.0,0.0,near_zero,False,100
google/gemma-2-9b,trivia,negative,linear,18,last_token,1.0,1.0,0.0,near_zero,False,100
google/gemma-2-9b,trivia,negative,linear,19,colon,1.0,1.0,0.0,near_zero,False,100
google/gemma-2-9b,trivia,negative,linear,19,newline,1.0,1.0,0.0,near_zero,False,100
google/gemma-2-9b,trivia,negative,linear,19,last_token,1.0,1.0,0.0,near_zero,False,100
google/gemma-2-9b,trivia,negative,linear,20,colon,1.0,1.0,0.0,near_zero,False,100
google/gemma-2-9b,trivia,negative,linear,20,newline,1.0,1.0,0.0,near_zero,False,100
google/gemma-2-9b,trivia,negative,linear,20,last_token,1.0,1.0,0.0,near_zero,False,100
google/gemma-2-9b,trivia,negative,linear,21,colon,1.0,1.0,0.0,near_zero,False,100
google/gemma-2-9b,trivia,negative,linear,21,newline,1.0,1.0,0.0,near_zero,False,100
google/gemma-2-9b,trivia,negative,linear,21,last_token,1.0,1.0,0.0,near_zero,False,100
google/gemma-2-9b,trivia,negative,linear,22,colon,1.0,1.0,0.0,near_zero,False,100
google/gemma-2-9b,trivia,negative,linear,22,newline,1.0,1.0,0.0,near_zero,False,100
google/gemma-2-9b,trivia,negative,linear,22,last_token,1.0,1.0,0.0,near_zero,False,100
google/gemma-2-9b,trivia,negative,linear,23,colon,1.0,1.0,0.0,near_zero,False,100
google/gemma-2-9b,trivia,negative,linear,23,newline,1.0,1.0,0.0,near_zero,False,100
google/gemma-2-9b,trivia,negative,linear,23,last_token,1.0,1.0,0.0,near_zero,False,100
google/gemma-2-9b,trivia,negative,linear,24,colon,1.0,1.0,0.0,near_zero,False,100
google/gemma-2-9b,trivia,negative,linear,24,newline,1.0,1.0,0.0,near_zero,False,100
google/gemma-2-9b,trivia,negative,linear,24,last_token,1.0,1.0,0.0,near_zero,False,100
google/gemma-2-9b,trivia,negative,linear,25,colon,1.0,1.0,0.0,near_zero,False,100
google/gemma-2-9b,trivia,negative,linear,25,newline,1.0,1.0,0.0,near_zero,False,100
google/gemma-2-9b,trivia,negative,linear,25,last_token,1.0,1.0,0.0,near_zero,False,100
google/gemma-2-9b,trivia,negative,linear,26,colon,1.0,1.0,0.0,near_zero,False,100
google/gemma-2-9b,trivia,negative,linear,26,newline,1.0,1.0,0.0,near_zero,False,100
google/gemma-2-9b,trivia,negative,linear,26,last_token,1.0,1.0,0.0,near_zero,False,100
google/gemma-2-9b,trivia,negative,linear,27,colon,1.0,1.0,0.0,near_zero,False,100
google/gemma-2-9b,trivia,negative,linear,27,newline,1.0,1.0,0.0,near_zero,False,100
google/gemma-2-9b,trivia,negative,linear,27,last_token,1.0,1.0,0.0,near_zero,False,100
google/gemma-2-9b,trivia,negative,linear,28,colon,1.0,1.0,0.0,near_zero,False,100
google/gemma-2-9b,trivia,negative,linear,28,newline,1.0,1.0,0.0,near_zero,False,100
google/gemma-2-9b,trivia,negative,linear,28,last_token,1.0,1.0,0.0,near_zero,False,100
google/gemma-2-9b,trivia,negative,linear,29,colon,1.0,1.0,0.0,near_zero,False,100
google/gemma-2-9b,trivia,negative,linear,29,newline,1.0,1.0,0.0,near_zero,False,100
google/gemma-2-9b,trivia,negative,linear,29,last_token,1.0,1.0,0.0,near_zero,False,100
google/gemma-2-9b,trivia,negative,linear,30,colon,1.0,1.0,0.0,near_zero,False,100
google/gemma-2-9b,trivia,negative,linear,30,newline,1.0,1.0,0.0,near_zero,False,100
google/gemma-2-9b,trivia,negative,linear,30,last_token,1.0,1.0,0.0,near_zero,False,100
google/gemma-2-9b,trivia,negative,linear,31,colon,1.0,1.0,0.0,near_zero,False,100
google/gemma-2-9b,trivia,negative,linear,31,newline,1.0,1.0,0.0,near_zero,False,100
google/gemma-2-9b,trivia,negative,linear,31,last_token,1.0,1.0,0.0,near_zero,False,100
google/gemma-2-9b,trivia,negative,linear,32,colon,1.0,1.0,0.0,near_zero,False,100
google/gemma-2-9b,trivia,negative,linear,32,newline,1.0,1.0,0.0,near_zero,False,100
google/gemma-2-9b,trivia,negative,linear,32,last_token,1.0,1.0,0.0,near_zero,False,100
google/gemma-2-9b,trivia,negative,linear,33,colon,1.0,1.0,0.0,near_zero,False,100
google/gemma-2-9b,trivia,negative,linear,33,newline,1.0,1.0,0.0,near_zero,False,100
google/gemma-2-9b,trivia,negative,linear,33,last_token,1.0,1.0,0.0,near_zero,False,100
google/gemma-2-9b,trivia,negative,linear,34,colon,1.0,1.0,0.0,near_zero,False,100
google/gemma-2-9b,trivia,negative,linear,34,newline,1.0,1.0,0.0,near_zero,False,100
google/gemma-2-9b,trivia,negative,linear,34,last_token,1.0,1.0,0.0,near_zero,False,100
google/gemma-2-9b,trivia,negative,linear,35,colon,1.0,1.0,0.0,near_zero,False,100
google/gemma-2-9b,trivia,negative,linear,35,newline,1.0,1.0,0.0,near_zero,False,100
google/gemma-2-9b,trivia,negative,linear,35,last_token,1.0,1.0,0.0,near_zero,False,100
gpt2-medium,code,negative,linear,0,colon,0.7653271209473888,0.6509415647447098,11.438555620267898,strong_positive,False,507
gpt2-medium,code,negative,linear,0,newline,0.7929139972820811,0.6509415647447098,14.197243253737135,strong_positive,False,507
gpt2-medium,code,negative,linear,0,last_token,0.7277615996893806,0.6746262861580276,5.3135313531353034,strong_positive,False,507
gpt2-medium,code,negative,linear,4,colon,0.8224034168122694,0.7022325761987964,12.017084061347294,strong_positive,False,507
gpt2-medium,code,negative,linear,4,newline,0.8342457775189283,0.7099592312172394,12.42865463016889,strong_positive,False,507
gpt2-medium,code,negative,linear,4,last_token,0.7928945835760046,0.7258590564938846,6.703552708212001,strong_positive,False,507
gpt2-medium,code,negative,linear,8,colon,0.8441855950300912,0.7594059405940593,8.477965443603185,strong_positive,False,507
gpt2-medium,code,negative,linear,8,newline,0.8303047951854008,0.7594059405940593,7.089885459134148,strong_positive,False,507
gpt2-medium,code,negative,linear,8,last_token,0.8284216656959813,0.7613667249077848,6.705494078819651,strong_positive,False,507
gpt2-medium,code,negative,linear,12,colon,0.8382644146767617,0.7555814404969908,8.268297417977088,strong_positive,False,507
gpt2-medium,code,negative,linear,12,newline,0.8303242088914773,0.7555814404969908,7.474276839448645,strong_positive,False,507
gpt2-medium,code,negative,linear,12,last_token,0.8067171423024655,0.7555814404969908,5.113570180547466,strong_positive,False,507
gpt2-medium,code,negative,linear,16,colon,0.8520481459910696,0.7791690933799261,7.2879052611143464,strong_positive,False,507
gpt2-medium,code,negative,linear,16,newline,0.8342457775189283,0.7791690933799261,5.507668413900213,strong_positive,False,507
gpt2-medium,code,negative,linear,16,last_token,0.8343040186371578,0.7791690933799261,5.513492525723162,strong_positive,False,507
gpt2-medium,code,negative,linear,23,colon,0.8678509027373325,0.7929334109881576,7.491749174917484,strong_positive,False,507
gpt2-medium,code,negative,linear,23,newline,0.8323044069112793,0.7929334109881576,3.9370995923121654,weak_positive,False,507
gpt2-medium,code,negative,linear,23,last_token,0.8638905066977285,0.7949136090079596,6.897689768976889,strong_positive,False,507
gpt2-medium,rhyme,strong_positive,linear,2,last_word_before_newline,0.7449999999999999,0.23499999999999996,50.99999999999999,strong_positive,True,200
gpt2-medium,rhyme,strong_positive,linear,2,newline,0.5549999999999999,0.23499999999999996,31.999999999999996,strong_positive,True,200
gpt2-medium,rhyme,strong_positive,linear,3,last_word_before_newline,0.765,0.27,49.5,strong_positive,True,200
gpt2-medium,rhyme,strong_positive,linear,3,newline,0.6799999999999999,0.27,40.99999999999999,strong_positive,True,200
gpt2-medium,rhyme,strong_positive,linear,4,last_word_before_newline,0.76,0.25,51.0,strong_positive,True,200
gpt2-medium,rhyme,strong_positive,linear,4,newline,0.73,0.25,48.0,strong_positive,True,200
gpt2-medium,rhyme,strong_positive,linear,5,last_word_before_newline,0.7550000000000001,0.255,50.000000000000014,strong_positive,True,200
gpt2-medium,rhyme,strong_positive,linear,5,newline,0.74,0.255,48.5,strong_positive,True,200
gpt2-medium,rhyme,strong_positive,linear,6,last_word_before_newline,0.745,0.28,46.5,strong_positive,True,200
gpt2-medium,rhyme,strong_positive,linear,6,newline,0.74,0.28,46.0,strong_positive,True,200
gpt2-medium,rhyme,strong_positive,linear,7,last_word_before_newline,0.75,0.31,44.0,strong_positive,True,200
gpt2-medium,rhyme,strong_positive,linear,7,newline,0.755,0.31,44.5,strong_positive,True,200
gpt2-medium,rhyme,strong_positive,linear,8,last_word_before_newline,0.7550000000000001,0.27,48.50000000000001,strong_positive,True,200
gpt2-medium,rhyme,strong_positive,linear,8,newline,0.7249999999999999,0.27,45.499999999999986,strong_positive,True,200
gpt2-medium,rhyme,strong_positive,linear,9,last_word_before_newline,0.755,0.29000000000000004,46.5,strong_positive,True,200
gpt2-medium,rhyme,strong_positive,linear,9,newline,0.7300000000000001,0.29000000000000004,44.00000000000001,strong_positive,True,200
gpt2-medium,rhyme,strong_positive,linear,10,last_word_before_newline,0.735,0.31,42.5,strong_positive,True,200
gpt2-medium,rhyme,strong_positive,linear,10,newline,0.6950000000000001,0.31,38.50000000000001,strong_positive,True,200
gpt2-medium,rhyme,strong_positive,linear,11,last_word_before_newline,0.725,0.3,42.5,strong_positive,True,200
gpt2-medium,rhyme,strong_positive,linear,11,newline,0.6900000000000001,0.3,39.00000000000001,strong_positive,True,200
gpt2-medium,rhyme,strong_positive,linear,12,last_word_before_newline,0.7300000000000001,0.33499999999999996,39.500000000000014,strong_positive,True,200
gpt2-medium,rhyme,strong_positive,linear,12,newline,0.7050000000000001,0.33499999999999996,37.000000000000014,strong_positive,True,200
gpt2-medium,rhyme,strong_positive,linear,13,last_word_before_newline,0.7300000000000001,0.33999999999999997,39.000000000000014,strong_positive,True,200
gpt2-medium,rhyme,strong_positive,linear,13,newline,0.6799999999999999,0.33999999999999997,34.0,strong_positive,True,200
gpt2-medium,rhyme,strong_positive,linear,14,last_word_before_newline,0.7050000000000001,0.34500000000000003,36.00000000000001,strong_positive,True,200
gpt2-medium,rhyme,strong_positive,linear,14,newline,0.67,0.34500000000000003,32.5,strong_positive,True,200
gpt2-medium,rhyme,strong_positive,linear,15,last_word_before_newline,0.7100000000000002,0.31,40.00000000000002,strong_positive,True,200
gpt2-medium,rhyme,strong_positive,linear,15,newline,0.665,0.31,35.50000000000001,strong_positive,True,200
gpt2-medium,rhyme,strong_positive,linear,16,last_word_before_newline,0.7150000000000001,0.32,39.50000000000001,strong_positive,True,200
gpt2-medium,rhyme,strong_positive,linear,16,newline,0.66,0.32,34.0,strong_positive,True,200
gpt2-medium,rhyme,strong_positive,linear,17,last_word_before_newline,0.7150000000000001,0.315,40.00000000000001,strong_positive,True,200
gpt2-medium,rhyme,strong_positive,linear,17,newline,0.625,0.315,31.0,strong_positive,True,200
gpt2-medium,rhyme,strong_positive,linear,18,last_word_before_newline,0.7050000000000001,0.31,39.50000000000001,strong_positive,True,200
gpt2-medium,rhyme,strong_positive,linear,18,newline,0.61,0.31,30.0,strong_positive,True,200
gpt2-medium,rhyme,strong_positive,linear,19,last_word_before_newline,0.71,0.315,39.49999999999999,strong_positive,True,200
gpt2-medium,rhyme,strong_positive,linear,19,newline,0.5999999999999999,0.315,28.499999999999986,strong_positive,True,200
gpt2-medium,rhyme,strong_positive,linear,20,last_word_before_newline,0.6950000000000001,0.31,38.50000000000001,strong_positive,True,200
gpt2-medium,rhyme,strong_positive,linear,20,newline,0.5599999999999999,0.31,24.999999999999993,strong_positive,True,200
gpt2-xl,code,negative,linear,0,colon,0.800757134536983,0.686371578334304,11.438555620267909,strong_positive,False,507
gpt2-xl,code,negative,linear,0,newline,0.806658901184236,0.686371578334304,12.028732284993204,strong_positive,False,507
gpt2-xl,code,negative,linear,0,last_token,0.8106387109299165,0.7652688798291593,4.53698311007572,weak_positive,False,507
gpt2-xl,code,negative,linear,8,colon,0.8558532323820616,0.7693263443991457,8.652688798291585,strong_positive,False,507
gpt2-xl,code,negative,linear,8,newline,0.861929722384003,0.7693263443991457,9.260337798485729,strong_positive,False,507
gpt2-xl,code,negative,linear,8,last_token,0.8283828382838283,0.7693263443991457,5.905649388468259,strong_positive,False,507
gpt2-xl,code,negative,linear,16,colon,0.867831489031256,0.7870510580469812,8.078043098427479,strong_positive,False,507
gpt2-xl,code,negative,linear,16,newline,0.8737138419724324,0.7870510580469812,8.666278392545124,strong_positive,False,507
gpt2-xl,code,negative,linear,16,last_token,0.8343040186371578,0.7947971267715006,3.9506891865657146,weak_positive,False,507
gpt2-xl,code,negative,linear,24,colon,0.865851291011454,0.7869734032226752,7.88778877887788,strong_positive,False,507
gpt2-xl,code,negative,linear,24,newline,0.867792661619103,0.7869734032226752,8.081925839642778,strong_positive,False,507
gpt2-xl,code,negative,linear,24,last_token,0.8855756163851678,0.7869734032226752,9.860221316249262,strong_positive,False,507
gpt2-xl,code,negative,linear,32,colon,0.8836148320714423,0.7889924286546302,9.462240341681216,strong_positive,False,507
gpt2-xl,code,negative,linear,32,newline,0.8737526693845854,0.7889924286546302,8.476024072995525,strong_positive,False,507
gpt2-xl,code,negative,linear,32,last_token,0.9033197437390799,0.7889924286546302,11.43273150844497,strong_positive,False,507
gpt2-xl,code,negative,linear,47,colon,0.8717724713647834,0.7987575228111046,7.301494855367885,strong_positive,False,507
gpt2-xl,code,negative,linear,47,newline,0.8579110852261695,0.7987575228111046,5.9153562415064975,strong_positive,False,507
gpt2-xl,code,negative,linear,47,last_token,0.8856144437973208,0.7987575228111046,8.685692098621622,strong_positive,False,507
gpt2-xl,rhyme,strong_positive,linear,4,last_word_before_newline,0.725,0.25999999999999995,46.5,strong_positive,True,200
gpt2-xl,rhyme,strong_positive,linear,4,newline,0.5850000000000001,0.25999999999999995,32.500000000000014,strong_positive,True,200
gpt2-xl,rhyme,strong_positive,linear,5,last_word_before_newline,0.7300000000000001,0.25,48.00000000000001,strong_positive,True,200
gpt2-xl,rhyme,strong_positive,linear,5,newline,0.6,0.25,35.0,strong_positive,True,200
gpt2-xl,rhyme,strong_positive,linear,6,last_word_before_newline,0.72,0.25,47.0,strong_positive,True,200
gpt2-xl,rhyme,strong_positive,linear,6,newline,0.635,0.25,38.5,strong_positive,True,200
gpt2-xl,rhyme,strong_positive,linear,7,last_word_before_newline,0.74,0.24,50.0,strong_positive,True,200
gpt2-xl,rhyme,strong_positive,linear,7,newline,0.69,0.24,44.99999999999999,strong_positive,True,200
gpt2-xl,rhyme,strong_positive,linear,8,last_word_before_newline,0.7299999999999999,0.255,47.499999999999986,strong_positive,True,200
gpt2-xl,rhyme,strong_positive,linear,8,newline,0.6900000000000001,0.255,43.50000000000001,strong_positive,True,200
gpt2-xl,rhyme,strong_positive,linear,9,last_word_before_newline,0.735,0.26,47.5,strong_positive,True,200
gpt2-xl,rhyme,strong_positive,linear,9,newline,0.705,0.26,44.49999999999999,strong_positive,True,200
gpt2-xl,rhyme,strong_positive,linear,10,last_word_before_newline,0.74,0.255,48.5,strong_positive,True,200
gpt2-xl,rhyme,strong_positive,linear,10,newline,0.6900000000000001,0.255,43.50000000000001,strong_positive,True,200
gpt2-xl,rhyme,strong_positive,linear,11,last_word_before_newline,0.7449999999999999,0.255,48.999999999999986,strong_positive,True,200
gpt2-xl,rhyme,strong_positive,linear,11,newline,0.735,0.255,48.0,strong_positive,True,200
gpt2-xl,rhyme,strong_positive,linear,12,last_word_before_newline,0.7550000000000001,0.25999999999999995,49.500000000000014,strong_positive,True,200
gpt2-xl,rhyme,strong_positive,linear,12,newline,0.7350000000000001,0.25999999999999995,47.500000000000014,strong_positive,True,200
gpt2-xl,rhyme,strong_positive,linear,13,last_word_before_newline,0.76,0.255,50.5,strong_positive,True,200
gpt2-xl,rhyme,strong_positive,linear,13,newline,0.725,0.255,47.0,strong_positive,True,200
gpt2-xl,rhyme,strong_positive,linear,14,last_word_before_newline,0.7550000000000001,0.28,47.50000000000001,strong_positive,True,200
gpt2-xl,rhyme,strong_positive,linear,14,newline,0.7449999999999999,0.28,46.499999999999986,strong_positive,True,200
gpt2-xl,rhyme,strong_positive,linear,15,last_word_before_newline,0.755,0.28,47.5,strong_positive,True,200
gpt2-xl,rhyme,strong_positive,linear,15,newline,0.73,0.28,44.99999999999999,strong_positive,True,200
gpt2-xl,rhyme,strong_positive,linear,16,last_word_before_newline,0.7500000000000001,0.29500000000000004,45.50000000000001,strong_positive,True,200
gpt2-xl,rhyme,strong_positive,linear,16,newline,0.73,0.29500000000000004,43.49999999999999,strong_positive,True,200
gpt2-xl,rhyme,strong_positive,linear,17,last_word_before_newline,0.75,0.305,44.5,strong_positive,True,200
gpt2-xl,rhyme,strong_positive,linear,17,newline,0.7449999999999999,0.305,43.999999999999986,strong_positive,True,200
gpt2-xl,rhyme,strong_positive,linear,18,last_word_before_newline,0.7499999999999999,0.31,43.999999999999986,strong_positive,True,200
gpt2-xl,rhyme,strong_positive,linear,18,newline,0.7050000000000001,0.31,39.50000000000001,strong_positive,True,200
gpt2-xl,rhyme,strong_positive,linear,19,last_word_before_newline,0.74,0.30999999999999994,43.00000000000001,strong_positive,True,200
gpt2-xl,rhyme,strong_positive,linear,19,newline,0.6900000000000001,0.30999999999999994,38.000000000000014,strong_positive,True,200
gpt2-xl,rhyme,strong_positive,linear,20,last_word_before_newline,0.74,0.325,41.5,strong_positive,True,200
gpt2-xl,rhyme,strong_positive,linear,20,newline,0.695,0.325,36.99999999999999,strong_positive,True,200
gpt2-xl,rhyme,strong_positive,linear,21,last_word_before_newline,0.75,0.30999999999999994,44.00000000000001,strong_positive,True,200
gpt2-xl,rhyme,strong_positive,linear,21,newline,0.6849999999999999,0.30999999999999994,37.5,strong_positive,True,200
gpt2-xl,rhyme,strong_positive,linear,22,last_word_before_newline,0.7499999999999999,0.3,44.99999999999999,strong_positive,True,200
gpt2-xl,rhyme,strong_positive,linear,22,newline,0.6849999999999999,0.3,38.49999999999999,strong_positive,True,200
gpt2-xl,rhyme,strong_positive,linear,23,last_word_before_newline,0.7350000000000001,0.32,41.50000000000001,strong_positive,True,200
gpt2-xl,rhyme,strong_positive,linear,23,newline,0.665,0.32,34.5,strong_positive,True,200
gpt2-xl,rhyme,strong_positive,linear,24,last_word_before_newline,0.7150000000000001,0.32999999999999996,38.500000000000014,strong_positive,True,200
gpt2-xl,rhyme,strong_positive,linear,24,newline,0.665,0.32999999999999996,33.50000000000001,strong_positive,True,200
gpt2-xl,rhyme,strong_positive,linear,25,last_word_before_newline,0.745,0.36,38.5,strong_positive,True,200
gpt2-xl,rhyme,strong_positive,linear,25,newline,0.655,0.36,29.500000000000004,strong_positive,True,200
gpt2-xl,rhyme,strong_positive,linear,26,last_word_before_newline,0.72,0.32999999999999996,39.0,strong_positive,True,200
gpt2-xl,rhyme,strong_positive,linear,26,newline,0.68,0.32999999999999996,35.00000000000001,strong_positive,True,200
gpt2-xl,rhyme,strong_positive,linear,27,last_word_before_newline,0.735,0.35,38.5,strong_positive,True,200
gpt2-xl,rhyme,strong_positive,linear,27,newline,0.6599999999999999,0.35,30.999999999999993,strong_positive,True,200
gpt2-xl,rhyme,strong_positive,linear,28,last_word_before_newline,0.74,0.365,37.5,strong_positive,True,200
gpt2-xl,rhyme,strong_positive,linear,28,newline,0.655,0.365,29.000000000000004,strong_positive,True,200
gpt2-xl,rhyme,strong_positive,linear,29,last_word_before_newline,0.755,0.34500000000000003,41.0,strong_positive,True,200
gpt2-xl,rhyme,strong_positive,linear,29,newline,0.655,0.34500000000000003,31.0,strong_positive,True,200
gpt2-xl,rhyme,strong_positive,linear,30,last_word_before_newline,0.735,0.35,38.5,strong_positive,True,200
gpt2-xl,rhyme,strong_positive,linear,30,newline,0.64,0.35,29.000000000000004,strong_positive,True,200
gpt2-xl,rhyme,strong_positive,linear,31,last_word_before_newline,0.735,0.35,38.5,strong_positive,True,200
gpt2-xl,rhyme,strong_positive,linear,31,newline,0.635,0.35,28.500000000000004,strong_positive,True,200
gpt2-xl,rhyme,strong_positive,linear,32,last_word_before_newline,0.725,0.37,35.5,strong_positive,True,200
gpt2-xl,rhyme,strong_positive,linear,32,newline,0.63,0.37,26.0,strong_positive,True,200
gpt2-xl,rhyme,strong_positive,linear,33,last_word_before_newline,0.7150000000000001,0.35500000000000004,36.00000000000001,strong_positive,True,200
gpt2-xl,rhyme,strong_positive,linear,33,newline,0.61,0.35500000000000004,25.499999999999996,strong_positive,True,200
gpt2-xl,rhyme,strong_positive,linear,34,last_word_before_newline,0.72,0.325,39.49999999999999,strong_positive,True,200
gpt2-xl,rhyme,strong_positive,linear,34,newline,0.6050000000000001,0.325,28.000000000000007,strong_positive,True,200
gpt2-xl,rhyme,strong_positive,linear,35,last_word_before_newline,0.7050000000000001,0.335,37.00000000000001,strong_positive,True,200
gpt2-xl,rhyme,strong_positive,linear,35,newline,0.6050000000000001,0.335,27.000000000000007,strong_positive,True,200
gpt2-xl,rhyme,strong_positive,linear,36,last_word_before_newline,0.6799999999999999,0.325,35.49999999999999,strong_positive,True,200
gpt2-xl,rhyme,strong_positive,linear,36,newline,0.6050000000000001,0.325,28.000000000000007,strong_positive,True,200
gpt2-xl,rhyme,strong_positive,linear,37,last_word_before_newline,0.7000000000000001,0.32999999999999996,37.000000000000014,strong_positive,True,200
gpt2-xl,rhyme,strong_positive,linear,37,newline,0.5900000000000001,0.32999999999999996,26.00000000000001,strong_positive,True,200
gpt2-xl,rhyme,strong_positive,linear,38,last_word_before_newline,0.6900000000000001,0.30999999999999994,38.000000000000014,strong_positive,True,200
gpt2-xl,rhyme,strong_positive,linear,38,newline,0.5799999999999998,0.30999999999999994,26.99999999999999,strong_positive,True,200
gpt2-xl,rhyme,strong_positive,linear,39,last_word_before_newline,0.6950000000000001,0.325,37.00000000000001,strong_positive,True,200
gpt2-xl,rhyme,strong_positive,linear,39,newline,0.5599999999999999,0.325,23.499999999999993,strong_positive,True,200
gpt2-xl,rhyme,strong_positive,linear,40,last_word_before_newline,0.6950000000000001,0.31,38.50000000000001,strong_positive,True,200
gpt2-xl,rhyme,strong_positive,linear,40,newline,0.56,0.31,25.000000000000007,strong_positive,True,200
gpt2,code,negative,linear,0,colon,0.7907979033197436,0.6843913803145021,10.640652300524156,strong_positive,False,507
gpt2,code,negative,linear,0,newline,0.7652300524170064,0.6843913803145021,8.083867210250428,strong_positive,False,507
gpt2,code,negative,linear,0,last_token,0.7751892836342457,0.7218986604542806,5.329062317996502,strong_positive,False,507
gpt2,code,negative,linear,2,colon,0.8264414676761793,0.6943506115317415,13.209085614443783,strong_positive,False,507
gpt2,code,negative,linear,2,newline,0.808639099204038,0.6943506115317415,11.428848767229649,strong_positive,False,507
gpt2,code,negative,linear,2,last_token,0.7967967384973791,0.7277810133954571,6.901572510192199,strong_positive,False,507
gpt2,code,negative,linear,4,colon,0.8462046204620461,0.7378567268491555,10.834789361289065,strong_positive,False,507
gpt2,code,negative,linear,4,newline,0.8165210638710929,0.7378567268491555,7.866433702193742,strong_positive,False,507
gpt2,code,negative,linear,4,last_token,0.8244806833624538,0.7378567268491555,8.662395651329835,strong_positive,False,507
gpt2,code,negative,linear,6,colon,0.8382255872646087,0.7574645699864103,8.07610172781984,strong_positive,False,507
gpt2,code,negative,linear,6,newline,0.8124635993011065,0.7574645699864103,5.499902931469613,strong_positive,False,507
gpt2,code,negative,linear,6,last_token,0.8284993205202873,0.806620073772083,2.1879246748204295,weak_positive,False,507
gpt2,code,negative,linear,8,colon,0.8560279557367501,0.7849349640846437,7.109299165210636,strong_positive,False,507
gpt2,code,negative,linear,8,newline,0.8263055717336438,0.7849349640846437,4.1370607649000135,weak_positive,False,507
gpt2,code,negative,linear,8,last_token,0.8362842166569597,0.7849349640846437,5.134925257231604,strong_positive,False,507
gpt2,code,negative,linear,11,colon,0.8540283440108716,0.7929139972820811,6.111434672879046,strong_positive,False,507
gpt2,code,negative,linear,11,newline,0.8441273539118617,0.7929139972820811,5.121335662978055,strong_positive,False,507
gpt2,code,negative,linear,11,last_token,0.856066783148903,0.7987381091050281,5.732867404387498,strong_positive,False,507
gpt2,rhyme,strong_positive,linear,1,last_word_before_newline,0.7149999999999999,0.24500000000000002,46.999999999999986,strong_positive,True,200
gpt2,rhyme,strong_positive,linear,1,newline,0.6,0.24500000000000002,35.5,strong_positive,True,200
gpt2,rhyme,strong_positive,linear,2,last_word_before_newline,0.71,0.25,46.0,strong_positive,True,200
gpt2,rhyme,strong_positive,linear,2,newline,0.62,0.25,37.0,strong_positive,True,200
gpt2,rhyme,strong_positive,linear,3,last_word_before_newline,0.7249999999999999,0.25,47.499999999999986,strong_positive,True,200
gpt2,rhyme,strong_positive,linear,3,newline,0.635,0.25,38.5,strong_positive,True,200
gpt2,rhyme,strong_positive,linear,4,last_word_before_newline,0.7349999999999999,0.25000000000000006,48.49999999999998,strong_positive,True,200
gpt2,rhyme,strong_positive,linear,4,newline,0.685,0.25000000000000006,43.5,strong_positive,True,200
gpt2,rhyme,strong_positive,linear,5,last_word_before_newline,0.7249999999999999,0.3,42.499999999999986,strong_positive,True,200
gpt2,rhyme,strong_positive,linear,5,newline,0.695,0.3,39.49999999999999,strong_positive,True,200
gpt2,rhyme,strong_positive,linear,6,last_word_before_newline,0.73,0.30500000000000005,42.49999999999999,strong_positive,True,200
gpt2,rhyme,strong_positive,linear,6,newline,0.715,0.30500000000000005,40.99999999999999,strong_positive,True,200
gpt2,rhyme,strong_positive,linear,7,last_word_before_newline,0.725,0.28500000000000003,43.99999999999999,strong_positive,True,200
gpt2,rhyme,strong_positive,linear,7,newline,0.69,0.28500000000000003,40.49999999999999,strong_positive,True,200
gpt2,rhyme,strong_positive,linear,8,last_word_before_newline,0.725,0.28500000000000003,43.99999999999999,strong_positive,True,200
gpt2,rhyme,strong_positive,linear,8,newline,0.625,0.28500000000000003,34.0,strong_positive,True,200
gpt2,rhyme,strong_positive,linear,9,last_word_before_newline,0.71,0.325,38.49999999999999,strong_positive,True,200
gpt2,rhyme,strong_positive,linear,9,newline,0.61,0.325,28.499999999999996,strong_positive,True,200
gpt2,rhyme,strong_positive,linear,10,last_word_before_newline,0.72,0.305,41.5,strong_positive,True,200
gpt2,rhyme,strong_positive,linear,10,newline,0.635,0.305,33.0,strong_positive,True,200
