{
  "model": "Qwen/Qwen2.5-7B-Instruct",
  "max_context": 32768,
  "seed": 42,
  "n_options": 5,
  "cases_completed": 32,
  "correct": 19,
  "accuracy": 0.59375,
  "hedging_rate": 1.0,
  "mean_entropy": 0.26613380347408244,
  "mean_logprob": -0.11609756536385148,
  "accuracy_by_context_bin": {
    "0%-20%": {
      "count": 7,
      "correct": 5,
      "accuracy": 0.7142857142857143,
      "mean_entropy": 0.4705603668988809,
      "hedging_rate": 1.0
    },
    "20%-40%": {
      "count": 7,
      "correct": 4,
      "accuracy": 0.5714285714285714,
      "mean_entropy": 0.32852770435053763,
      "hedging_rate": 1.0
    },
    "40%-60%": {
      "count": 7,
      "correct": 3,
      "accuracy": 0.42857142857142855,
      "mean_entropy": 0.18787475807843865,
      "hedging_rate": 1.0
    },
    "60%-80%": {
      "count": 6,
      "correct": 4,
      "accuracy": 0.6666666666666666,
      "mean_entropy": 0.14506640075851027,
      "hedging_rate": 1.0
    },
    "80%-100%": {
      "count": 5,
      "correct": 3,
      "accuracy": 0.6,
      "mean_entropy": 0.14742870026491514,
      "hedging_rate": 1.0
    }
  }
}